2026-08-26T15:20:39.688+00:00	1.140	I (1118) esp_psram: SPI SRAM memory test OK
2026-08-26T15:20:39.696+00:00	1.156	I (1126) cpu_start: GPIO 44 and 43 are used as console UART I/O pins
2026-08-26T15:20:39.699+00:00	1.156	I (1127) cpu_start: Pro cpu start user code
2026-08-26T15:20:39.701+00:00	1.156	I (1127) cpu_start: cpu freq: 240000000 Hz
2026-08-26T15:20:39.702+00:00	1.156	I (1129) app_init: Application information:
2026-08-26T15:20:39.706+00:00	1.156	I (1133) app_init: Project name:     esp32s3_asd
2026-08-26T15:20:39.713+00:00	1.171	I (1137) app_init: App version:      on-device-verified-77-gadc1481-
2026-08-26T15:20:39.718+00:00	1.171	I (1143) app_init: Compile time:     Aug 26 2026 17:10:58
2026-08-26T15:20:39.722+00:00	1.171	I (1148) app_init: ELF file SHA256:  2557928d9...
2026-08-26T15:20:39.776+00:00	1.234	I (1153) app_init: ESP-IDF:          v5.5.5-34-g21f3b71cbbf
2026-08-26T15:20:39.777+00:00	1.234	I (1158) efuse_init: Min chip rev:     v0.0
2026-08-26T15:20:39.777+00:00	1.234	I (1162) efuse_init: Max chip rev:     v0.99 
2026-08-26T15:20:39.778+00:00	1.234	I (1166) efuse_init: Chip rev:         v0.2
2026-08-26T15:20:39.781+00:00	1.234	I (1170) heap_init: Initializing. RAM available for dynamic allocation:
2026-08-26T15:20:39.784+00:00	1.234	I (1176) heap_init: At 3FCD1770 len 00017FA0 (95 KiB): RAM
2026-08-26T15:20:39.785+00:00	1.234	I (1181) heap_init: At 3FCE9710 len 00005724 (21 KiB): RAM
2026-08-26T15:20:39.786+00:00	1.234	I (1187) heap_init: At 3FCF0000 len 00008000 (32 KiB): DRAM
2026-08-26T15:20:39.787+00:00	1.234	I (1192) heap_init: At 600FE000 len 00001FE8 (7 KiB): RTCRAM
2026-08-26T15:20:39.788+00:00	1.250	I (1197) esp_psram: Adding pool of 16384K of PSRAM memory to heap allocator
2026-08-26T15:20:39.790+00:00	1.250	W (1204) spi_flash: Octal flash chip is using but dio mode is selected, will automatically switch to Octal mode
2026-08-26T15:20:39.790+00:00	1.250	I (1214) spi_flash: detected chip: mxic (opi)
2026-08-26T15:20:39.791+00:00	1.250	I (1218) spi_flash: flash io: opi_str
2026-08-26T15:20:39.798+00:00	1.250	I (1221) sleep_gpio: Configure to isolate all GPIO pins in sleep state
2026-08-26T15:20:39.804+00:00	1.265	I (1228) sleep_gpio: Enable automatic switching of GPIO sleep configuration
2026-08-26T15:20:39.807+00:00	1.265	I (1235) main_task: Started on CPU0
2026-08-26T15:20:39.815+00:00	1.265	I (1235) esp_psram: Reserving pool of 32K of internal memory for DMA/internal allocations
2026-08-26T15:20:39.818+00:00	1.265	I (1245) main_task: Calling app_main()
2026-08-26T15:20:39.821+00:00	1.281	I (1245) asd: PSRAM: 16777216 B
2026-08-26T15:20:39.825+00:00	1.281	I (1255) asd: free heap: 16914407 B
2026-08-26T15:20:39.828+00:00	1.281	I (1255) asd: I2C idle: SDA=1 SCL=1
2026-08-26T15:20:39.833+00:00	1.281	I (1265) asd: I2C poslije probe: SDA=1 SCL=1
2026-08-26T15:20:39.838+00:00	1.296	E (1265) asd: INA226 nije pronadjen na adresama 0x40-0x4F
2026-08-26T15:20:39.845+00:00	1.296	W (1265) i2s_common: dma frame num is out of dma buffer size, limited to 1023
2026-08-26T15:20:40.512+00:00	1.968	W (1945) psdlive: DEVELOPMENT policy: NVS profile load/save je zabranjen
2026-08-26T15:20:40.533+00:00	1.984	FLAGS protocol=asd-quality-v1.6.0 mode=IDLE state=NO_MACHINE waiting=1 learning=0 learned=0 anomaly=0 hold=0 fault=0 green=flash_2s red=off guided25_available=1 workflow_pending=DEFAULT research_telemetry=1 profile_persistence_allowed=0 dropped=0
2026-08-26T15:20:40.535+00:00	1.984	I (1955) psdlive: === SAMOSTALNI PSD DETEKTOR ===
2026-08-26T15:20:40.543+00:00	2.000	I (1965) psdlive: model: 96 traka, matrica 96x96 iz flesa, naucen na 990 normalnih snimaka ventilatora
2026-08-26T15:20:40.547+00:00	2.000	I (1975) psdlive: 1) pusti ventilator koji radi NORMALNO
2026-08-26T15:20:40.557+00:00	2.015	I (1975) psdlive: 2) pritisni taster ILI posalji PRESS sa konzole -> ucenje 10 x 10 s = 100 s, lampica treperi
2026-08-26T15:20:40.564+00:00	2.015	I (1985) psdlive: 3) lampica stalno svijetli = naucio; tek tada izazovi kvar
2026-08-26T15:20:40.571+00:00	2.031	I (1995) psdlive: pritisni taster (GPIO10) ili posalji PRESS da pocne ucenje
2026-08-26T15:20:45.532+00:00	6.984	FLAGS protocol=asd-quality-v1.6.0 mode=IDLE state=NO_MACHINE waiting=1 learning=0 learned=0 anomaly=0 hold=0 fault=0 green=flash_2s red=off guided25_available=1 workflow_pending=DEFAULT research_telemetry=1 profile_persistence_allowed=0 dropped=0
2026-08-26T15:20:50.543+00:00	12.000	FLAGS protocol=asd-quality-v1.6.0 mode=IDLE state=NO_MACHINE waiting=1 learning=0 learned=0 anomaly=0 hold=0 fault=0 green=flash_2s red=off guided25_available=1 workflow_pending=DEFAULT research_telemetry=1 profile_persistence_allowed=0 dropped=0
2026-08-26T15:20:55.553+00:00	17.000	FLAGS protocol=asd-quality-v1.6.0 mode=IDLE state=NO_MACHINE waiting=1 learning=0 learned=0 anomaly=0 hold=0 fault=0 green=flash_2s red=off guided25_available=1 workflow_pending=DEFAULT research_telemetry=1 profile_persistence_allowed=0 dropped=0
2026-08-26T15:21:00.563+00:00	22.015	FLAGS protocol=asd-quality-v1.6.0 mode=IDLE state=NO_MACHINE waiting=1 learning=0 learned=0 anomaly=0 hold=0 fault=0 green=flash_2s red=off guided25_available=1 workflow_pending=DEFAULT research_telemetry=1 profile_persistence_allowed=0 dropped=0
2026-08-26T15:21:05.573+00:00	27.031	FLAGS protocol=asd-quality-v1.6.0 mode=IDLE state=NO_MACHINE waiting=1 learning=0 learned=0 anomaly=0 hold=0 fault=0 green=flash_2s red=off guided25_available=1 workflow_pending=DEFAULT research_telemetry=1 profile_persistence_allowed=0 dropped=0
2026-08-26T15:21:10.583+00:00	32.031	FLAGS protocol=asd-quality-v1.6.0 mode=IDLE state=NO_MACHINE waiting=1 learning=0 learned=0 anomaly=0 hold=0 fault=0 green=flash_2s red=off guided25_available=1 workflow_pending=DEFAULT research_telemetry=1 profile_persistence_allowed=0 dropped=0
2026-08-26T15:21:11.589+00:00	33.046	VWORKFLOW mode=GUIDED25 result=accepted
2026-08-26T15:21:11.592+00:00	33.046	VBUTTON protocol=asd-quality-v1.6.0 source=console event=SHORT result=accepted
2026-08-26T15:21:11.599+00:00	33.046	BUTTON protocol=asd-quality-v1.6.0 event=SHORT mode=IDLE command=START_LEARNING discards=0
2026-08-26T15:21:11.607+00:00	33.062	SESSION protocol=asd-quality-v1.6.0 action=STARTED source=BUTTON reason=OPERATOR_REQUEST discards_calibration=0
2026-08-26T15:21:11.614+00:00	33.062	STATE protocol=asd-quality-v1.6.0 from=NO_MACHINE to=NO_MACHINE reason=BOOT_FAIL_CLOSED
2026-08-26T15:21:11.637+00:00	33.093	COMMISSION protocol=asd-quality-v1.6.0 policy=asd-commissioning-policy-v1.0.0-development developmental=1 action=STARTED phase=SETTLE index=0 total=8 result=NONE score_valid=0 score=0 level_dbfs=-999 tonalness_proxy=0 feature_drift=0
2026-08-26T15:21:11.661+00:00	33.109	FLAGS protocol=asd-quality-v1.6.0 mode=LEARNING state=NO_MACHINE waiting=0 learning=1 learned=0 anomaly=0 hold=0 fault=0 green=blink_5hz red=off guided25_available=1 workflow_pending=DEFAULT research_telemetry=1 profile_persistence_allowed=0 dropped=0
2026-08-26T15:21:16.644+00:00	38.093	FLAGS protocol=asd-quality-v1.6.0 mode=LEARNING state=NO_MACHINE waiting=0 learning=1 learned=0 anomaly=0 hold=0 fault=0 green=blink_5hz red=off guided25_available=1 workflow_pending=DEFAULT research_telemetry=1 profile_persistence_allowed=0 dropped=0
2026-08-26T15:21:21.570+00:00	43.031	COMMISSION protocol=asd-quality-v1.6.0 policy=asd-commissioning-policy-v1.0.0-development developmental=1 action=WINDOW phase=SETTLE index=1 total=8 result=NONE score_valid=0 score=0 level_dbfs=-47.7594452 tonalness_proxy=3.59542322 feature_drift=0
2026-08-26T15:21:21.653+00:00	43.109	FLAGS protocol=asd-quality-v1.6.0 mode=LEARNING state=NO_MACHINE waiting=0 learning=1 learned=0 anomaly=0 hold=0 fault=0 green=blink_5hz red=off guided25_available=1 workflow_pending=DEFAULT research_telemetry=1 profile_persistence_allowed=0 dropped=0
2026-08-26T15:21:26.663+00:00	48.125	FLAGS protocol=asd-quality-v1.6.0 mode=LEARNING state=NO_MACHINE waiting=0 learning=1 learned=0 anomaly=0 hold=0 fault=0 green=blink_5hz red=off guided25_available=1 workflow_pending=DEFAULT research_telemetry=1 profile_persistence_allowed=0 dropped=0
2026-08-26T15:21:31.546+00:00	53.000	COMMISSION protocol=asd-quality-v1.6.0 policy=asd-commissioning-policy-v1.0.0-development developmental=1 action=WINDOW phase=SETTLE index=2 total=8 result=NONE score_valid=0 score=0 level_dbfs=-47.525322 tonalness_proxy=3.58506584 feature_drift=0.0667179599
2026-08-26T15:21:31.675+00:00	53.125	FLAGS protocol=asd-quality-v1.6.0 mode=LEARNING state=NO_MACHINE waiting=0 learning=1 learned=0 anomaly=0 hold=0 fault=0 green=blink_5hz red=off guided25_available=1 workflow_pending=DEFAULT research_telemetry=1 profile_persistence_allowed=0 dropped=0
2026-08-26T15:21:36.684+00:00	58.140	FLAGS protocol=asd-quality-v1.6.0 mode=LEARNING state=NO_MACHINE waiting=0 learning=1 learned=0 anomaly=0 hold=0 fault=0 green=blink_5hz red=off guided25_available=1 workflow_pending=DEFAULT research_telemetry=1 profile_persistence_allowed=0 dropped=0
2026-08-26T15:21:41.522+00:00	62.984	COMMISSION protocol=asd-quality-v1.6.0 policy=asd-commissioning-policy-v1.0.0-development developmental=1 action=WINDOW phase=SETTLE index=3 total=8 result=NONE score_valid=0 score=0 level_dbfs=-47.2976723 tonalness_proxy=3.45879555 feature_drift=0.15404965
2026-08-26T15:21:41.692+00:00	63.140	FLAGS protocol=asd-quality-v1.6.0 mode=LEARNING state=NO_MACHINE waiting=0 learning=1 learned=0 anomaly=0 hold=0 fault=0 green=blink_5hz red=off guided25_available=1 workflow_pending=DEFAULT research_telemetry=1 profile_persistence_allowed=0 dropped=0
2026-08-26T15:21:46.706+00:00	68.156	FLAGS protocol=asd-quality-v1.6.0 mode=LEARNING state=NO_MACHINE waiting=0 learning=1 learned=0 anomaly=0 hold=0 fault=0 green=blink_5hz red=off guided25_available=1 workflow_pending=DEFAULT research_telemetry=1 profile_persistence_allowed=0 dropped=0
2026-08-26T15:21:51.563+00:00	73.015	COMMISSION protocol=asd-quality-v1.6.0 policy=asd-commissioning-policy-v1.0.0-development developmental=1 action=WINDOW phase=CENTER_LEARNING index=4 total=8 result=NONE score_valid=0 score=0 level_dbfs=-47.4246597 tonalness_proxy=3.55860186 feature_drift=0.123324424
2026-08-26T15:21:51.580+00:00	73.031	COMMISSION protocol=asd-quality-v1.6.0 policy=asd-commissioning-policy-v1.0.0-development developmental=1 action=PHASE_ENTERED phase=CENTER_LEARNING index=0 total=10 result=NONE score_valid=0 score=0 level_dbfs=-999 tonalness_proxy=0 feature_drift=0
2026-08-26T15:21:51.716+00:00	73.171	FLAGS protocol=asd-quality-v1.6.0 mode=LEARNING state=NO_MACHINE waiting=0 learning=1 learned=0 anomaly=0 hold=0 fault=0 green=blink_5hz red=off guided25_available=1 workflow_pending=DEFAULT research_telemetry=1 profile_persistence_allowed=0 dropped=0
2026-08-26T15:21:51.796+00:00	73.250	QUALITY protocol=asd-quality-v1.6.0 phase=WAIT index=1 total=60 result=OK metrics_valid=1 samples=4096 expected=4096 rms_dbfs=-47.377 dc=-0.052 peak=445 clipped=0 zeros=7 stuck=6 dropped_delta=0 feature_valid=0 tonalness_valid=0 tonalness_proxy=0.000000 tonal_gate=not_computed
2026-08-26T15:21:52.049+00:00	73.500	WAIT 1/60 level_dbfs=-47.38 spread=0.000 nivo=-47.4 dBFS cujem
2026-08-26T15:21:52.053+00:00	73.500	QUALITY protocol=asd-quality-v1.6.0 phase=WAIT index=2 total=60 result=OK metrics_valid=1 samples=4096 expected=4096 rms_dbfs=-47.843 dc=-0.210 peak=427 clipped=0 zeros=18 stuck=4 dropped_delta=0 feature_valid=0 tonalness_valid=0 tonalness_proxy=0.000000 tonal_gate=not_computed
2026-08-26T15:21:52.304+00:00	73.765	WAIT 2/60 level_dbfs=-47.84 spread=0.000 nivo=-47.8 dBFS cujem
2026-08-26T15:21:52.313+00:00	73.765	QUALITY protocol=asd-quality-v1.6.0 phase=WAIT index=3 total=60 result=OK metrics_valid=1 samples=4096 expected=4096 rms_dbfs=-47.939 dc=-0.810 peak=442 clipped=0 zeros=8 stuck=8 dropped_delta=0 feature_valid=0 tonalness_valid=0 tonalness_proxy=0.000000 tonal_gate=not_computed
2026-08-26T15:21:52.561+00:00	74.015	WAIT 3/60 level_dbfs=-47.94 spread=0.000 nivo=-47.9 dBFS cujem
2026-08-26T15:21:52.566+00:00	74.015	QUALITY protocol=asd-quality-v1.6.0 phase=WAIT index=4 total=60 result=OK metrics_valid=1 samples=4096 expected=4096 rms_dbfs=-48.228 dc=1.367 peak=430 clipped=0 zeros=6 stuck=6 dropped_delta=0 feature_valid=0 tonalness_valid=0 tonalness_proxy=0.000000 tonal_gate=not_computed
2026-08-26T15:21:52.817+00:00	74.265	WAIT 4/60 level_dbfs=-48.23 spread=0.000 nivo=-48.2 dBFS cujem
2026-08-26T15:21:52.822+00:00	74.281	QUALITY protocol=asd-quality-v1.6.0 phase=WAIT index=5 total=60 result=OK metrics_valid=1 samples=4096 expected=4096 rms_dbfs=-48.224 dc=-2.870 peak=417 clipped=0 zeros=8 stuck=9 dropped_delta=0 feature_valid=0 tonalness_valid=0 tonalness_proxy=0.000000 tonal_gate=not_computed
2026-08-26T15:21:53.072+00:00	74.531	WAIT 5/60 level_dbfs=-48.22 spread=0.000 nivo=-48.2 dBFS cujem
2026-08-26T15:21:53.078+00:00	74.531	QUALITY protocol=asd-quality-v1.6.0 phase=WAIT index=6 total=60 result=OK metrics_valid=1 samples=4096 expected=4096 rms_dbfs=-47.848 dc=1.361 peak=403 clipped=0 zeros=14 stuck=7 dropped_delta=0 feature_valid=0 tonalness_valid=0 tonalness_proxy=0.000000 tonal_gate=not_computed
2026-08-26T15:21:53.327+00:00	74.781	WAIT 6/60 level_dbfs=-47.85 spread=0.000 nivo=-47.8 dBFS cujem
2026-08-26T15:21:53.331+00:00	74.781	QUALITY protocol=asd-quality-v1.6.0 phase=WAIT index=7 total=60 result=OK metrics_valid=1 samples=4096 expected=4096 rms_dbfs=-48.705 dc=-1.580 peak=392 clipped=0 zeros=12 stuck=4 dropped_delta=0 feature_valid=0 tonalness_valid=0 tonalness_proxy=0.000000 tonal_gate=not_computed
2026-08-26T15:21:53.584+00:00	75.031	WAIT 7/60 level_dbfs=-48.71 spread=0.000 nivo=-48.7 dBFS cujem
2026-08-26T15:21:53.588+00:00	75.046	QUALITY protocol=asd-quality-v1.6.0 phase=WAIT index=8 total=60 result=OK metrics_valid=1 samples=4096 expected=4096 rms_dbfs=-49.008 dc=-1.118 peak=394 clipped=0 zeros=13 stuck=10 dropped_delta=0 feature_valid=0 tonalness_valid=0 tonalness_proxy=0.000000 tonal_gate=not_computed
2026-08-26T15:21:53.839+00:00	75.296	WAIT 8/60 level_dbfs=-49.01 spread=0.000 nivo=-49.0 dBFS cujem
2026-08-26T15:21:53.847+00:00	75.296	QUALITY protocol=asd-quality-v1.6.0 phase=WAIT index=9 total=60 result=OK metrics_valid=1 samples=4096 expected=4096 rms_dbfs=-49.510 dc=1.559 peak=325 clipped=0 zeros=14 stuck=9 dropped_delta=0 feature_valid=0 tonalness_valid=0 tonalness_proxy=0.000000 tonal_gate=not_computed
2026-08-26T15:21:54.095+00:00	75.546	WAIT 9/60 level_dbfs=-49.51 spread=0.000 nivo=-49.5 dBFS cujem
2026-08-26T15:21:54.100+00:00	75.546	QUALITY protocol=asd-quality-v1.6.0 phase=WAIT index=10 total=60 result=OK metrics_valid=1 samples=4096 expected=4096 rms_dbfs=-49.421 dc=0.580 peak=352 clipped=0 zeros=9 stuck=7 dropped_delta=0 feature_valid=0 tonalness_valid=0 tonalness_proxy=0.000000 tonal_gate=not_computed
2026-08-26T15:21:54.101+00:00	75.562	WAIT 10/60 level_dbfs=-49.42 spread=0.000 nivo=-49.4 dBFS cujem
2026-08-26T15:21:54.353+00:00	75.812	QUALITY protocol=asd-quality-v1.6.0 phase=WAIT index=11 total=60 result=OK metrics_valid=1 samples=4096 expected=4096 rms_dbfs=-49.044 dc=-1.839 peak=395 clipped=0 zeros=7 stuck=14 dropped_delta=0 feature_valid=0 tonalness_valid=0 tonalness_proxy=0.000000 tonal_gate=not_computed
2026-08-26T15:21:54.357+00:00	75.812	WAIT 11/60 level_dbfs=-49.04 spread=0.000 nivo=-49.0 dBFS cujem
2026-08-26T15:21:54.611+00:00	76.062	QUALITY protocol=asd-quality-v1.6.0 phase=WAIT index=12 total=60 result=OK metrics_valid=1 samples=4096 expected=4096 rms_dbfs=-48.514 dc=0.761 peak=399 clipped=0 zeros=9 stuck=7 dropped_delta=0 feature_valid=0 tonalness_valid=0 tonalness_proxy=0.000000 tonal_gate=not_computed
2026-08-26T15:21:54.614+00:00	76.062	WAIT 12/60 level_dbfs=-48.51 spread=0.000 nivo=-48.5 dBFS cujem
2026-08-26T15:21:54.865+00:00	76.312	QUALITY protocol=asd-quality-v1.6.0 phase=WAIT index=13 total=60 result=OK metrics_valid=1 samples=4096 expected=4096 rms_dbfs=-48.012 dc=-3.027 peak=414 clipped=0 zeros=10 stuck=6 dropped_delta=0 feature_valid=0 tonalness_valid=0 tonalness_proxy=0.000000 tonal_gate=not_computed
2026-08-26T15:21:54.867+00:00	76.328	WAIT 13/60 level_dbfs=-48.01 spread=0.000 nivo=-48.0 dBFS cujem
2026-08-26T15:21:55.120+00:00	76.578	QUALITY protocol=asd-quality-v1.6.0 phase=WAIT index=14 total=60 result=OK metrics_valid=1 samples=4096 expected=4096 rms_dbfs=-48.954 dc=-1.637 peak=410 clipped=0 zeros=6 stuck=6 dropped_delta=0 feature_valid=0 tonalness_valid=0 tonalness_proxy=0.000000 tonal_gate=not_computed
2026-08-26T15:21:55.123+00:00	76.578	WAIT 14/60 level_dbfs=-48.95 spread=0.000 nivo=-49.0 dBFS cujem
2026-08-26T15:21:55.377+00:00	76.828	QUALITY protocol=asd-quality-v1.6.0 phase=WAIT index=15 total=60 result=OK metrics_valid=1 samples=4096 expected=4096 rms_dbfs=-48.503 dc=2.277 peak=399 clipped=0 zeros=13 stuck=9 dropped_delta=0 feature_valid=0 tonalness_valid=0 tonalness_proxy=0.000000 tonal_gate=not_computed
2026-08-26T15:21:55.379+00:00	76.828	WAIT 15/60 level_dbfs=-48.50 spread=0.000 nivo=-48.5 dBFS cujem
2026-08-26T15:21:55.632+00:00	77.093	QUALITY protocol=asd-quality-v1.6.0 phase=WAIT index=16 total=60 result=OK metrics_valid=1 samples=4096 expected=4096 rms_dbfs=-48.132 dc=-1.581 peak=411 clipped=0 zeros=17 stuck=7 dropped_delta=0 feature_valid=0 tonalness_valid=0 tonalness_proxy=0.000000 tonal_gate=not_computed
2026-08-26T15:21:55.635+00:00	77.093	WAIT 16/60 level_dbfs=-48.13 spread=0.000 nivo=-48.1 dBFS cujem
2026-08-26T15:21:55.889+00:00	77.343	QUALITY protocol=asd-quality-v1.6.0 phase=WAIT index=17 total=60 result=OK metrics_valid=1 samples=4096 expected=4096 rms_dbfs=-47.620 dc=0.941 peak=400 clipped=0 zeros=8 stuck=3 dropped_delta=0 feature_valid=0 tonalness_valid=0 tonalness_proxy=0.000000 tonal_gate=not_computed
2026-08-26T15:21:55.891+00:00	77.343	WAIT 17/60 level_dbfs=-47.62 spread=0.000 nivo=-47.6 dBFS cujem
2026-08-26T15:21:56.146+00:00	77.593	QUALITY protocol=asd-quality-v1.6.0 phase=WAIT index=18 total=60 result=OK metrics_valid=1 samples=4096 expected=4096 rms_dbfs=-48.197 dc=0.708 peak=385 clipped=0 zeros=6 stuck=5 dropped_delta=0 feature_valid=0 tonalness_valid=0 tonalness_proxy=0.000000 tonal_gate=not_computed
2026-08-26T15:21:56.148+00:00	77.609	WAIT 18/60 level_dbfs=-48.20 spread=0.000 nivo=-48.2 dBFS cujem
2026-08-26T15:21:56.399+00:00	77.859	QUALITY protocol=asd-quality-v1.6.0 phase=WAIT index=19 total=60 result=OK metrics_valid=1 samples=4096 expected=4096 rms_dbfs=-48.304 dc=-1.236 peak=402 clipped=0 zeros=14 stuck=10 dropped_delta=0 feature_valid=0 tonalness_valid=0 tonalness_proxy=0.000000 tonal_gate=not_computed
2026-08-26T15:21:56.402+00:00	77.859	WAIT 19/60 level_dbfs=-48.30 spread=0.000 nivo=-48.3 dBFS cujem
2026-08-26T15:21:56.654+00:00	78.109	QUALITY protocol=asd-quality-v1.6.0 phase=WAIT index=20 total=60 result=OK metrics_valid=1 samples=4096 expected=4096 rms_dbfs=-47.954 dc=-2.173 peak=410 clipped=0 zeros=6 stuck=7 dropped_delta=0 feature_valid=0 tonalness_valid=0 tonalness_proxy=0.000000 tonal_gate=not_computed
2026-08-26T15:21:56.658+00:00	78.109	WAIT 20/60 level_dbfs=-47.95 spread=0.000 nivo=-48.0 dBFS cujem
2026-08-26T15:21:56.723+00:00	78.171	FLAGS protocol=asd-quality-v1.6.0 mode=LEARNING state=NO_MACHINE waiting=0 learning=1 learned=0 anomaly=0 hold=0 fault=0 green=blink_5hz red=off guided25_available=1 workflow_pending=DEFAULT research_telemetry=1 profile_persistence_allowed=0 dropped=0
2026-08-26T15:21:56.912+00:00	78.359	QUALITY protocol=asd-quality-v1.6.0 phase=WAIT index=21 total=60 result=OK metrics_valid=1 samples=4096 expected=4096 rms_dbfs=-47.705 dc=1.796 peak=458 clipped=0 zeros=11 stuck=6 dropped_delta=0 feature_valid=0 tonalness_valid=0 tonalness_proxy=0.000000 tonal_gate=not_computed
2026-08-26T15:21:56.915+00:00	78.375	WAIT 21/60 level_dbfs=-47.71 spread=0.000 nivo=-47.7 dBFS cujem
2026-08-26T15:21:57.167+00:00	78.625	QUALITY protocol=asd-quality-v1.6.0 phase=WAIT index=22 total=60 result=OK metrics_valid=1 samples=4096 expected=4096 rms_dbfs=-47.160 dc=-1.526 peak=476 clipped=0 zeros=11 stuck=5 dropped_delta=0 feature_valid=0 tonalness_valid=0 tonalness_proxy=0.000000 tonal_gate=not_computed
2026-08-26T15:21:57.170+00:00	78.625	WAIT 22/60 level_dbfs=-47.16 spread=0.000 nivo=-47.2 dBFS cujem
2026-08-26T15:21:57.422+00:00	78.875	QUALITY protocol=asd-quality-v1.6.0 phase=WAIT index=23 total=60 result=OK metrics_valid=1 samples=4096 expected=4096 rms_dbfs=-47.102 dc=-0.549 peak=487 clipped=0 zeros=10 stuck=7 dropped_delta=0 feature_valid=0 tonalness_valid=0 tonalness_proxy=0.000000 tonal_gate=not_computed
2026-08-26T15:21:57.425+00:00	78.875	WAIT 23/60 level_dbfs=-47.10 spread=0.000 nivo=-47.1 dBFS cujem
2026-08-26T15:21:57.682+00:00	79.140	QUALITY protocol=asd-quality-v1.6.0 phase=WAIT index=24 total=60 result=OK metrics_valid=1 samples=4096 expected=4096 rms_dbfs=-47.595 dc=-0.173 peak=407 clipped=0 zeros=10 stuck=12 dropped_delta=0 feature_valid=0 tonalness_valid=0 tonalness_proxy=0.000000 tonal_gate=not_computed
2026-08-26T15:21:57.684+00:00	79.140	WAIT 24/60 level_dbfs=-47.59 spread=0.000 nivo=-47.6 dBFS cujem
2026-08-26T15:21:57.936+00:00	79.390	QUALITY protocol=asd-quality-v1.6.0 phase=WAIT index=25 total=60 result=OK metrics_valid=1 samples=4096 expected=4096 rms_dbfs=-47.445 dc=-1.063 peak=493 clipped=0 zeros=15 stuck=5 dropped_delta=0 feature_valid=0 tonalness_valid=0 tonalness_proxy=0.000000 tonal_gate=not_computed
2026-08-26T15:21:57.938+00:00	79.390	WAIT 25/60 level_dbfs=-47.45 spread=0.000 nivo=-47.4 dBFS cujem
2026-08-26T15:21:58.189+00:00	79.640	QUALITY protocol=asd-quality-v1.6.0 phase=WAIT index=26 total=60 result=OK metrics_valid=1 samples=4096 expected=4096 rms_dbfs=-47.090 dc=-1.906 peak=479 clipped=0 zeros=4 stuck=3 dropped_delta=0 feature_valid=0 tonalness_valid=0 tonalness_proxy=0.000000 tonal_gate=not_computed
2026-08-26T15:21:58.192+00:00	79.640	WAIT 26/60 level_dbfs=-47.09 spread=0.000 nivo=-47.1 dBFS cujem
2026-08-26T15:21:58.448+00:00	79.906	QUALITY protocol=asd-quality-v1.6.0 phase=WAIT index=27 total=60 result=OK metrics_valid=1 samples=4096 expected=4096 rms_dbfs=-47.105 dc=1.262 peak=527 clipped=0 zeros=10 stuck=6 dropped_delta=0 feature_valid=0 tonalness_valid=0 tonalness_proxy=0.000000 tonal_gate=not_computed
2026-08-26T15:21:58.450+00:00	79.906	WAIT 27/60 level_dbfs=-47.10 spread=0.000 nivo=-47.1 dBFS cujem
2026-08-26T15:21:58.703+00:00	80.156	QUALITY protocol=asd-quality-v1.6.0 phase=WAIT index=28 total=60 result=OK metrics_valid=1 samples=4096 expected=4096 rms_dbfs=-47.147 dc=-1.101 peak=471 clipped=0 zeros=15 stuck=4 dropped_delta=0 feature_valid=0 tonalness_valid=0 tonalness_proxy=0.000000 tonal_gate=not_computed
2026-08-26T15:21:58.704+00:00	80.156	WAIT 28/60 level_dbfs=-47.15 spread=0.000 nivo=-47.1 dBFS cujem
2026-08-26T15:21:58.957+00:00	80.406	QUALITY protocol=asd-quality-v1.6.0 phase=WAIT index=29 total=60 result=OK metrics_valid=1 samples=4096 expected=4096 rms_dbfs=-47.568 dc=0.768 peak=461 clipped=0 zeros=9 stuck=7 dropped_delta=0 feature_valid=0 tonalness_valid=0 tonalness_proxy=0.000000 tonal_gate=not_computed
2026-08-26T15:21:58.960+00:00	80.421	WAIT 29/60 level_dbfs=-47.57 spread=0.000 nivo=-47.6 dBFS cujem
2026-08-26T15:21:59.213+00:00	80.671	QUALITY protocol=asd-quality-v1.6.0 phase=WAIT index=30 total=60 result=OK metrics_valid=1 samples=4096 expected=4096 rms_dbfs=-47.931 dc=-0.241 peak=439 clipped=0 zeros=11 stuck=6 dropped_delta=0 feature_valid=0 tonalness_valid=0 tonalness_proxy=0.000000 tonal_gate=not_computed
2026-08-26T15:21:59.216+00:00	80.671	WAIT 30/60 level_dbfs=-47.93 spread=0.000 nivo=-47.9 dBFS cujem
2026-08-26T15:21:59.469+00:00	80.921	QUALITY protocol=asd-quality-v1.6.0 phase=WAIT index=31 total=60 result=OK metrics_valid=1 samples=4096 expected=4096 rms_dbfs=-47.803 dc=-1.805 peak=474 clipped=0 zeros=13 stuck=13 dropped_delta=0 feature_valid=0 tonalness_valid=0 tonalness_proxy=0.000000 tonal_gate=not_computed
2026-08-26T15:21:59.471+00:00	80.921	WAIT 31/60 level_dbfs=-47.80 spread=0.000 nivo=-47.8 dBFS cujem
2026-08-26T15:21:59.723+00:00	81.171	QUALITY protocol=asd-quality-v1.6.0 phase=WAIT index=32 total=60 result=OK metrics_valid=1 samples=4096 expected=4096 rms_dbfs=-47.838 dc=0.135 peak=491 clipped=0 zeros=11 stuck=8 dropped_delta=0 feature_valid=0 tonalness_valid=0 tonalness_proxy=0.000000 tonal_gate=not_computed
2026-08-26T15:21:59.727+00:00	81.187	WAIT 32/60 level_dbfs=-47.84 spread=0.000 nivo=-47.8 dBFS cujem
2026-08-26T15:21:59.982+00:00	81.437	QUALITY protocol=asd-quality-v1.6.0 phase=WAIT index=33 total=60 result=OK metrics_valid=1 samples=4096 expected=4096 rms_dbfs=-47.586 dc=-1.786 peak=472 clipped=0 zeros=12 stuck=4 dropped_delta=0 feature_valid=0 tonalness_valid=0 tonalness_proxy=0.000000 tonal_gate=not_computed
2026-08-26T15:21:59.984+00:00	81.437	WAIT 33/60 level_dbfs=-47.59 spread=0.000 nivo=-47.6 dBFS cujem
2026-08-26T15:22:00.237+00:00	81.687	QUALITY protocol=asd-quality-v1.6.0 phase=WAIT index=34 total=60 result=OK metrics_valid=1 samples=4096 expected=4096 rms_dbfs=-47.623 dc=2.096 peak=481 clipped=0 zeros=10 stuck=1 dropped_delta=0 feature_valid=0 tonalness_valid=0 tonalness_proxy=0.000000 tonal_gate=not_computed
2026-08-26T15:22:00.239+00:00	81.687	WAIT 34/60 level_dbfs=-47.62 spread=0.000 nivo=-47.6 dBFS cujem
2026-08-26T15:22:00.492+00:00	81.953	QUALITY protocol=asd-quality-v1.6.0 phase=WAIT index=35 total=60 result=OK metrics_valid=1 samples=4096 expected=4096 rms_dbfs=-48.213 dc=-3.223 peak=478 clipped=0 zeros=12 stuck=11 dropped_delta=0 feature_valid=0 tonalness_valid=0 tonalness_proxy=0.000000 tonal_gate=not_computed
2026-08-26T15:22:00.494+00:00	81.953	WAIT 35/60 level_dbfs=-48.21 spread=0.000 nivo=-48.2 dBFS cujem
2026-08-26T15:22:00.752+00:00	82.203	QUALITY protocol=asd-quality-v1.6.0 phase=WAIT index=36 total=60 result=OK metrics_valid=1 samples=4096 expected=4096 rms_dbfs=-48.686 dc=1.508 peak=422 clipped=0 zeros=14 stuck=4 dropped_delta=0 feature_valid=0 tonalness_valid=0 tonalness_proxy=0.000000 tonal_gate=not_computed
2026-08-26T15:22:00.754+00:00	82.203	WAIT 36/60 level_dbfs=-48.69 spread=0.000 nivo=-48.7 dBFS cujem
2026-08-26T15:22:01.009+00:00	82.468	QUALITY protocol=asd-quality-v1.6.0 phase=WAIT index=37 total=60 result=OK metrics_valid=1 samples=4096 expected=4096 rms_dbfs=-48.531 dc=-1.943 peak=464 clipped=0 zeros=15 stuck=9 dropped_delta=0 feature_valid=0 tonalness_valid=0 tonalness_proxy=0.000000 tonal_gate=not_computed
2026-08-26T15:22:01.010+00:00	82.468	WAIT 37/60 level_dbfs=-48.53 spread=0.000 nivo=-48.5 dBFS cujem
2026-08-26T15:22:01.260+00:00	82.718	QUALITY protocol=asd-quality-v1.6.0 phase=WAIT index=38 total=60 result=OK metrics_valid=1 samples=4096 expected=4096 rms_dbfs=-48.213 dc=0.639 peak=490 clipped=0 zeros=15 stuck=5 dropped_delta=0 feature_valid=0 tonalness_valid=0 tonalness_proxy=0.000000 tonal_gate=not_computed
2026-08-26T15:22:01.262+00:00	82.718	WAIT 38/60 level_dbfs=-48.21 spread=0.000 nivo=-48.2 dBFS cujem
2026-08-26T15:22:01.518+00:00	82.968	QUALITY protocol=asd-quality-v1.6.0 phase=WAIT index=39 total=60 result=OK metrics_valid=1 samples=4096 expected=4096 rms_dbfs=-48.741 dc=0.468 peak=457 clipped=0 zeros=17 stuck=8 dropped_delta=0 feature_valid=0 tonalness_valid=0 tonalness_proxy=0.000000 tonal_gate=not_computed
2026-08-26T15:22:01.519+00:00	82.968	WAIT 39/60 level_dbfs=-48.74 spread=0.000 nivo=-48.7 dBFS cujem
2026-08-26T15:22:01.736+00:00	83.187	FLAGS protocol=asd-quality-v1.6.0 mode=LEARNING state=NO_MACHINE waiting=0 learning=1 learned=0 anomaly=0 hold=0 fault=0 green=blink_5hz red=off guided25_available=1 workflow_pending=DEFAULT research_telemetry=1 profile_persistence_allowed=0 dropped=0
2026-08-26T15:22:01.770+00:00	83.218	QUALITY protocol=asd-quality-v1.6.0 phase=WAIT index=40 total=60 result=OK metrics_valid=1 samples=4096 expected=4096 rms_dbfs=-47.444 dc=-0.223 peak=503 clipped=0 zeros=9 stuck=8 dropped_delta=0 feature_valid=0 tonalness_valid=0 tonalness_proxy=0.000000 tonal_gate=not_computed
2026-08-26T15:22:01.773+00:00	83.234	WAIT 40/60 level_dbfs=-47.44 spread=0.000 nivo=-47.4 dBFS cujem
2026-08-26T15:22:02.027+00:00	83.484	QUALITY protocol=asd-quality-v1.6.0 phase=WAIT index=41 total=60 result=OK metrics_valid=1 samples=4096 expected=4096 rms_dbfs=-47.027 dc=-2.470 peak=541 clipped=0 zeros=14 stuck=2 dropped_delta=0 feature_valid=0 tonalness_valid=0 tonalness_proxy=0.000000 tonal_gate=not_computed
2026-08-26T15:22:02.029+00:00	83.484	WAIT 41/60 level_dbfs=-47.03 spread=0.000 nivo=-47.0 dBFS cujem
2026-08-26T15:22:02.282+00:00	83.734	QUALITY protocol=asd-quality-v1.6.0 phase=WAIT index=42 total=60 result=OK metrics_valid=1 samples=4096 expected=4096 rms_dbfs=-47.448 dc=-0.246 peak=494 clipped=0 zeros=14 stuck=9 dropped_delta=0 feature_valid=0 tonalness_valid=0 tonalness_proxy=0.000000 tonal_gate=not_computed
2026-08-26T15:22:02.284+00:00	83.734	WAIT 42/60 level_dbfs=-47.45 spread=0.000 nivo=-47.4 dBFS cujem
2026-08-26T15:22:02.538+00:00	84.000	QUALITY protocol=asd-quality-v1.6.0 phase=WAIT index=43 total=60 result=OK metrics_valid=1 samples=4096 expected=4096 rms_dbfs=-48.029 dc=0.145 peak=476 clipped=0 zeros=11 stuck=6 dropped_delta=0 feature_valid=0 tonalness_valid=0 tonalness_proxy=0.000000 tonal_gate=not_computed
2026-08-26T15:22:02.540+00:00	84.000	WAIT 43/60 level_dbfs=-48.03 spread=0.000 nivo=-48.0 dBFS cujem
2026-08-26T15:22:02.794+00:00	84.250	QUALITY protocol=asd-quality-v1.6.0 phase=WAIT index=44 total=60 result=OK metrics_valid=1 samples=4096 expected=4096 rms_dbfs=-48.352 dc=-0.489 peak=497 clipped=0 zeros=19 stuck=8 dropped_delta=0 feature_valid=0 tonalness_valid=0 tonalness_proxy=0.000000 tonal_gate=not_computed
2026-08-26T15:22:02.796+00:00	84.250	WAIT 44/60 level_dbfs=-48.35 spread=0.000 nivo=-48.4 dBFS cujem
2026-08-26T15:22:03.051+00:00	84.500	QUALITY protocol=asd-quality-v1.6.0 phase=WAIT index=45 total=60 result=OK metrics_valid=1 samples=4096 expected=4096 rms_dbfs=-48.058 dc=-0.330 peak=513 clipped=0 zeros=15 stuck=7 dropped_delta=0 feature_valid=0 tonalness_valid=0 tonalness_proxy=0.000000 tonal_gate=not_computed
2026-08-26T15:22:03.054+00:00	84.515	WAIT 45/60 level_dbfs=-48.06 spread=0.000 nivo=-48.1 dBFS cujem
2026-08-26T15:22:03.309+00:00	84.765	QUALITY protocol=asd-quality-v1.6.0 phase=WAIT index=46 total=60 result=OK metrics_valid=1 samples=4096 expected=4096 rms_dbfs=-47.416 dc=-1.566 peak=510 clipped=0 zeros=10 stuck=5 dropped_delta=0 feature_valid=0 tonalness_valid=0 tonalness_proxy=0.000000 tonal_gate=not_computed
2026-08-26T15:22:03.311+00:00	84.765	WAIT 46/60 level_dbfs=-47.42 spread=0.000 nivo=-47.4 dBFS cujem
2026-08-26T15:22:03.560+00:00	85.015	QUALITY protocol=asd-quality-v1.6.0 phase=WAIT index=47 total=60 result=OK metrics_valid=1 samples=4096 expected=4096 rms_dbfs=-47.217 dc=1.979 peak=483 clipped=0 zeros=7 stuck=7 dropped_delta=0 feature_valid=0 tonalness_valid=0 tonalness_proxy=0.000000 tonal_gate=not_computed
2026-08-26T15:22:03.563+00:00	85.015	WAIT 47/60 level_dbfs=-47.22 spread=0.000 nivo=-47.2 dBFS cujem
2026-08-26T15:22:03.817+00:00	85.265	QUALITY protocol=asd-quality-v1.6.0 phase=WAIT index=48 total=60 result=OK metrics_valid=1 samples=4096 expected=4096 rms_dbfs=-48.155 dc=-1.261 peak=465 clipped=0 zeros=19 stuck=7 dropped_delta=0 feature_valid=0 tonalness_valid=0 tonalness_proxy=0.000000 tonal_gate=not_computed
2026-08-26T15:22:03.819+00:00	85.281	WAIT 48/60 level_dbfs=-48.16 spread=0.000 nivo=-48.2 dBFS cujem
2026-08-26T15:22:04.072+00:00	85.531	QUALITY protocol=asd-quality-v1.6.0 phase=WAIT index=49 total=60 result=OK metrics_valid=1 samples=4096 expected=4096 rms_dbfs=-47.356 dc=-0.667 peak=487 clipped=0 zeros=16 stuck=5 dropped_delta=0 feature_valid=0 tonalness_valid=0 tonalness_proxy=0.000000 tonal_gate=not_computed
2026-08-26T15:22:04.074+00:00	85.531	WAIT 49/60 level_dbfs=-47.36 spread=0.000 nivo=-47.4 dBFS cujem
2026-08-26T15:22:04.330+00:00	85.781	QUALITY protocol=asd-quality-v1.6.0 phase=WAIT index=50 total=60 result=OK metrics_valid=1 samples=4096 expected=4096 rms_dbfs=-47.337 dc=-0.230 peak=474 clipped=0 zeros=6 stuck=6 dropped_delta=0 feature_valid=0 tonalness_valid=0 tonalness_proxy=0.000000 tonal_gate=not_computed
2026-08-26T15:22:04.331+00:00	85.781	WAIT 50/60 level_dbfs=-47.34 spread=0.000 nivo=-47.3 dBFS cujem
2026-08-26T15:22:04.584+00:00	86.046	QUALITY protocol=asd-quality-v1.6.0 phase=WAIT index=51 total=60 result=OK metrics_valid=1 samples=4096 expected=4096 rms_dbfs=-47.903 dc=-1.569 peak=412 clipped=0 zeros=14 stuck=12 dropped_delta=0 feature_valid=0 tonalness_valid=0 tonalness_proxy=0.000000 tonal_gate=not_computed
2026-08-26T15:22:04.586+00:00	86.046	WAIT 51/60 level_dbfs=-47.90 spread=0.000 nivo=-47.9 dBFS cujem
2026-08-26T15:22:04.840+00:00	86.296	QUALITY protocol=asd-quality-v1.6.0 phase=WAIT index=52 total=60 result=OK metrics_valid=1 samples=4096 expected=4096 rms_dbfs=-47.860 dc=-0.482 peak=402 clipped=0 zeros=7 stuck=12 dropped_delta=0 feature_valid=0 tonalness_valid=0 tonalness_proxy=0.000000 tonal_gate=not_computed
2026-08-26T15:22:04.842+00:00	86.296	WAIT 52/60 level_dbfs=-47.86 spread=0.000 nivo=-47.9 dBFS cujem
2026-08-26T15:22:05.095+00:00	86.546	QUALITY protocol=asd-quality-v1.6.0 phase=WAIT index=53 total=60 result=OK metrics_valid=1 samples=4096 expected=4096 rms_dbfs=-47.424 dc=0.715 peak=407 clipped=0 zeros=14 stuck=3 dropped_delta=0 feature_valid=0 tonalness_valid=0 tonalness_proxy=0.000000 tonal_gate=not_computed
2026-08-26T15:22:05.098+00:00	86.546	WAIT 53/60 level_dbfs=-47.42 spread=0.000 nivo=-47.4 dBFS cujem
2026-08-26T15:22:05.351+00:00	86.812	QUALITY protocol=asd-quality-v1.6.0 phase=WAIT index=54 total=60 result=OK metrics_valid=1 samples=4096 expected=4096 rms_dbfs=-47.568 dc=-1.587 peak=421 clipped=0 zeros=8 stuck=6 dropped_delta=0 feature_valid=0 tonalness_valid=0 tonalness_proxy=0.000000 tonal_gate=not_computed
2026-08-26T15:22:05.354+00:00	86.812	WAIT 54/60 level_dbfs=-47.57 spread=0.000 nivo=-47.6 dBFS cujem
2026-08-26T15:22:05.609+00:00	87.062	QUALITY protocol=asd-quality-v1.6.0 phase=WAIT index=55 total=60 result=OK metrics_valid=1 samples=4096 expected=4096 rms_dbfs=-47.512 dc=-0.447 peak=450 clipped=0 zeros=8 stuck=3 dropped_delta=0 feature_valid=0 tonalness_valid=0 tonalness_proxy=0.000000 tonal_gate=not_computed
2026-08-26T15:22:05.610+00:00	87.062	WAIT 55/60 level_dbfs=-47.51 spread=0.000 nivo=-47.5 dBFS cujem
2026-08-26T15:22:05.862+00:00	87.312	QUALITY protocol=asd-quality-v1.6.0 phase=WAIT index=56 total=60 result=OK metrics_valid=1 samples=4096 expected=4096 rms_dbfs=-47.758 dc=-0.896 peak=404 clipped=0 zeros=14 stuck=6 dropped_delta=0 feature_valid=0 tonalness_valid=0 tonalness_proxy=0.000000 tonal_gate=not_computed
2026-08-26T15:22:05.865+00:00	87.312	WAIT 56/60 level_dbfs=-47.76 spread=0.000 nivo=-47.8 dBFS cujem
2026-08-26T15:22:06.120+00:00	87.578	QUALITY protocol=asd-quality-v1.6.0 phase=WAIT index=57 total=60 result=OK metrics_valid=1 samples=4096 expected=4096 rms_dbfs=-47.747 dc=0.773 peak=430 clipped=0 zeros=18 stuck=3 dropped_delta=0 feature_valid=0 tonalness_valid=0 tonalness_proxy=0.000000 tonal_gate=not_computed
2026-08-26T15:22:06.123+00:00	87.578	WAIT 57/60 level_dbfs=-47.75 spread=0.000 nivo=-47.7 dBFS cujem
2026-08-26T15:22:06.375+00:00	87.828	QUALITY protocol=asd-quality-v1.6.0 phase=WAIT index=58 total=60 result=OK metrics_valid=1 samples=4096 expected=4096 rms_dbfs=-47.513 dc=0.867 peak=403 clipped=0 zeros=8 stuck=13 dropped_delta=0 feature_valid=0 tonalness_valid=0 tonalness_proxy=0.000000 tonal_gate=not_computed
2026-08-26T15:22:06.376+00:00	87.828	WAIT 58/60 level_dbfs=-47.51 spread=0.000 nivo=-47.5 dBFS cujem
2026-08-26T15:22:06.630+00:00	88.078	QUALITY protocol=asd-quality-v1.6.0 phase=WAIT index=59 total=60 result=OK metrics_valid=1 samples=4096 expected=4096 rms_dbfs=-48.019 dc=-0.741 peak=423 clipped=0 zeros=8 stuck=5 dropped_delta=0 feature_valid=0 tonalness_valid=0 tonalness_proxy=0.000000 tonal_gate=not_computed
2026-08-26T15:22:06.632+00:00	88.093	WAIT 59/60 level_dbfs=-48.02 spread=0.000 nivo=-48.0 dBFS cujem
2026-08-26T15:22:06.744+00:00	88.203	FLAGS protocol=asd-quality-v1.6.0 mode=LEARNING state=NO_MACHINE waiting=0 learning=1 learned=0 anomaly=0 hold=0 fault=0 green=blink_5hz red=off guided25_available=1 workflow_pending=DEFAULT research_telemetry=1 profile_persistence_allowed=0 dropped=0
2026-08-26T15:22:06.886+00:00	88.343	QUALITY protocol=asd-quality-v1.6.0 phase=WAIT index=60 total=60 result=OK metrics_valid=1 samples=4096 expected=4096 rms_dbfs=-47.817 dc=-1.326 peak=434 clipped=0 zeros=16 stuck=7 dropped_delta=0 feature_valid=0 tonalness_valid=0 tonalness_proxy=0.000000 tonal_gate=not_computed
2026-08-26T15:22:06.887+00:00	88.343	WAIT 60/60 level_dbfs=-47.82 spread=0.000 nivo=-47.8 dBFS cujem
2026-08-26T15:22:06.892+00:00	88.343	I (88315) psdlive: --- KALIBRACIJA: 10 klipova po 10 s ---
2026-08-26T15:22:11.752+00:00	93.203	FLAGS protocol=asd-quality-v1.6.0 mode=LEARNING state=NO_MACHINE waiting=0 learning=1 learned=0 anomaly=0 hold=0 fault=0 green=blink_5hz red=off guided25_available=1 workflow_pending=DEFAULT research_telemetry=1 profile_persistence_allowed=0 dropped=0
2026-08-26T15:22:16.764+00:00	98.218	FLAGS protocol=asd-quality-v1.6.0 mode=LEARNING state=NO_MACHINE waiting=0 learning=1 learned=0 anomaly=0 hold=0 fault=0 green=blink_5hz red=off guided25_available=1 workflow_pending=DEFAULT research_telemetry=1 profile_persistence_allowed=0 dropped=0
2026-08-26T15:22:16.881+00:00	98.343	QUALITY protocol=asd-quality-v1.6.0 phase=CAL index=1 total=10 result=OK metrics_valid=1 samples=159744 expected=159744 rms_dbfs=-48.224 dc=-0.472 peak=466 clipped=0 zeros=436 stuck=271 dropped_delta=0 feature_valid=1 tonalness_valid=1 tonalness_proxy=3.634392 tonal_gate=pending_normal_only
2026-08-26T15:22:16.882+00:00	98.343	CAL  1/10 score=0.00000 nivo=-48.2 dBFS racun=727 ms
2026-08-26T15:22:17.019+00:00	98.468	FEATURE96 protocol=asd-research-v1.0.0 session=1 phase=CAL window=1 window_start_ms=87126 window_end_ms=97095 score=0 level_dbfs=-48.2238159 quality=OK tonalness_proxy=3.63439178 dims=96 fnv1a=0a602b18 values=-9.94350529,-9.94350529,1.15556145,-9.94350529,-9.94350529,1.09650993,-9.94350529,1.21264839,-9.94350529,1.24110794,0.887701988,-9.94350529,1.08623219,1.48099041,1.36172485,-9.94350529,0.90858078,0.724906921,0.737632751,0.949347496,1.1018219,0.804865837,0.994275093,1.06465912,1.38030529,1.74639511,1.25072098,1.21012974,1.18474102,1.31477547,1.11004066,1.2523489,1.22525597,1.10060406,0.96432209,3.63439178,3.32993603,0.928316116,0.625473022,0.522429466,1.10479259,1.13227367,0.894278526,1.2229948,0.690958977,1.00189972,1.26406574,1.06902695,0.850403786,1.01998711,1.09192944,0.977930069,0.973528862,1.89745426,0.963321686,0.787166595,0.845291138,1.06651974,1.19132328,1.22162056,0.915679932,2.55465364,0.555295944,0.177181244,0.499596596,0.498256683,0.200793266,0.00465679169,0.522161484,0.36954689,0.573932648,0.25652504,1.0860424,0.392023087,0.0807638168,0.134640694,0.144593239,0.423179626,0.566847801,0.754915237,0.355717659,0.366266251,0.1773386,0.352105141,0.502106667,0.568881035,0.708797455,1.05649853,0.850973129,0.554411888,0.296582222,0.313254356,0.376499176,0.432071686,0.415710449,0.654139519
2026-08-26T15:22:17.123+00:00	98.578	SUBSEG96 protocol=asd-research-v1.0.0 session=1 phase=CAL window=1 group=1 segments=8 dims=96 fnv1a=0f70f940 values=-9.95623016,-9.95623016,1.37381649,-9.95623016,-9.95623016,1.24220085,-9.95623016,1.32110882,-9.95623016,1.38516617,1.01538849,-9.95623016,1.10455418,1.60808277,1.64013958,-9.95623016,1.17229462,0.649823189,0.779522896,1.05693531,1.14963341,0.904251099,1.17650127,1.20476913,1.57230949,1.89183617,1.40035534,0.883396149,0.989232063,1.10194016,0.81126976,1.11337566,1.21197224,0.921298027,0.837836266,3.64354467,3.31992817,1.0573101,0.705444336,0.478369713,1.21827221,1.03418827,0.844919205,1.16389656,0.634665489,0.804249763,1.31837559,0.972125053,0.793417931,1.00265789,1.08337212,0.922390938,1.03266907,1.91400909,1.04225063,0.763943672,0.853301048,1.03564262,1.25490093,1.19618607,0.885399818,2.53202772,0.52301693,0.137571335,0.472285271,0.39016819,0.1642313,-0.105257988,0.541446686,0.37624836,0.565282822,0.21524334,1.06471539,0.409468651,0.112509727,0.114953995,0.145094872,0.420859337,0.575374603,0.733306885,0.3045187,0.359089851,0.173570633,0.391810417,0.51349926,0.570753098,0.737902641,1.03014088,0.828549385,0.504844666,0.261388779,0.276191711,0.368880272,0.405609131,0.381817818,0.6585989
2026-08-26T15:22:17.233+00:00	98.687	SUBSEG96 protocol=asd-research-v1.0.0 session=1 phase=CAL window=1 group=2 segments=8 dims=96 fnv1a=f081658f values=-9.93238544,-9.93238544,0.867118835,-9.93238544,-9.93238544,1.1300354,-9.93238544,1.29870796,-9.93238544,1.3825016,1.08609009,-9.93238544,1.2625618,1.52971268,1.33584118,-9.93238544,0.96506691,0.802161217,0.760816574,0.81702137,1.05189705,0.889569283,1.08152771,0.982869148,1.37912846,1.83228779,1.19401169,0.76006794,1.05428696,0.952824593,0.838644028,1.25127888,1.1420927,1.1208992,0.863606453,3.63819027,3.36033154,0.875966072,0.525004387,0.444537163,1.19965935,1.14125156,0.813839912,1.30909443,0.625915527,0.883318901,1.34020042,1.0817976,0.889427185,1.04692936,1.16731167,1.01168537,0.930974007,1.86881065,0.943767548,0.928759575,0.819698334,0.972058296,1.2244854,1.3067894,0.90553093,2.5765419,0.591888428,0.247730255,0.611000061,0.593693733,0.285545349,0.0680875778,0.52707386,0.328144073,0.602485657,0.272821426,1.10107136,0.418693542,0.141177177,0.167696953,0.172855377,0.427272797,0.576146126,0.732938766,0.364901543,0.337910652,0.195163727,0.324356079,0.470917702,0.554418564,0.73717308,1.07272148,0.851492882,0.618494987,0.287941933,0.339865685,0.419098854,0.482362747,0.423699379,0.647546768
2026-08-26T15:22:17.334+00:00	98.796	SUBSEG96 protocol=asd-research-v1.0.0 session=1 phase=CAL window=1 group=3 segments=8 dims=96 fnv1a=cebf76ad values=-9.95391369,-9.95391369,1.1561594,-9.95391369,-9.95391369,0.983769417,-9.95391369,0.891401291,-9.95391369,0.880910873,0.470768929,-9.95391369,1.03500843,1.4311676,1.17446899,-9.95391369,0.700300217,0.827892303,0.725506783,1.14865303,1.31799412,0.852301598,0.861272812,1.03240871,1.28021908,1.74117851,1.24191952,1.60471153,1.52176571,1.77106762,1.55553246,1.49752045,1.3954277,1.36185741,1.22123623,3.61931753,3.27614641,0.929438591,0.60988903,0.676291466,1.00105953,1.15073872,0.919594765,1.24186516,0.663685799,1.08997917,1.07255554,1.04194355,0.766569138,1.0716486,1.14524364,0.91242218,0.946273804,1.91326809,0.856657028,0.739291191,0.917826653,1.057024,1.05951118,1.19561195,0.973268509,2.50388241,0.584533691,0.178845406,0.472829819,0.485671043,0.212183952,0.0138731003,0.481698036,0.255205154,0.604343414,0.198552132,1.10816097,0.354741096,0.0198307037,0.0904808044,0.0768976212,0.386496544,0.541794777,0.791594505,0.403268814,0.366203308,0.170063019,0.300484657,0.500997543,0.55292511,0.640083313,1.05820179,0.849634171,0.541092873,0.282213211,0.295917511,0.367240906,0.338837624,0.403211594,0.669932365
2026-08-26T15:22:17.439+00:00	98.890	SUBSEG96 protocol=asd-research-v1.0.0 session=1 phase=CAL window=1 group=4 segments=7 dims=96 fnv1a=de508722 values=-9.89689541,-9.89689541,1.157794,-9.89689541,-9.89689541,1.01062775,-9.89689541,1.19633102,-9.89689541,1.08285332,0.870903969,-9.89689541,1.17861843,1.54261017,1.29757595,-9.89689541,0.847307205,0.516160011,0.530567169,0.71394062,0.859315872,0.739051819,1.06116772,1.01741886,1.1064024,1.21470547,1.21042728,1.18842983,1.01692772,1.13811684,0.97086525,1.26114655,1.38125324,0.999828339,0.920952797,3.67664242,3.40580082,0.819234848,0.568676949,0.47826004,1.01897049,1.13421726,0.865962029,1.17176628,0.865181923,1.20212841,1.39037228,1.25060749,0.9741745,0.961954117,1.02805996,1.07278442,1.0275507,1.93368912,0.937520027,0.810499191,0.822621346,1.11357689,1.23119354,1.14083767,0.984586716,2.6278491,0.560421944,0.171245575,0.374946594,0.539647102,0.235472679,0.0901193619,0.568693161,0.489422798,0.576246262,0.359606743,1.11471272,0.397508621,0.141080856,0.180472374,0.189558983,0.475720406,0.629085541,0.779930115,0.399060249,0.452044487,0.197937012,0.413700104,0.584223747,0.604694366,0.739217758,1.11218739,0.913664818,0.587061882,0.373356819,0.360796928,0.384945869,0.518266678,0.460639954,0.653482437
2026-08-26T15:22:17.548+00:00	99.000	SUBSEG96 protocol=asd-research-v1.0.0 session=1 phase=CAL window=1 group=5 segments=7 dims=96 fnv1a=0f634057 values=-9.89411545,-9.89411545,1.1265955,-9.89411545,-9.89411545,1.11869144,-9.89411545,1.31741428,-9.89411545,1.33641434,0.828166962,-9.89411545,0.712722778,1.25182724,1.19596863,-9.89411545,0.652855873,0.803053856,0.88793087,0.858995438,0.98514843,0.568284988,0.60806179,1.10900974,1.46262836,1.79810905,1.2161932,1.11710072,1.078969,0.808603287,0.669639587,0.989770889,0.817252159,0.952124596,0.881642342,3.67600822,3.37051773,0.971111298,0.758527756,0.551629066,1.08632851,1.27111912,1.08044052,1.28199482,0.738121986,1.04077721,1.223526,1.06071091,0.907645226,1.07291317,1.07110786,1.05460072,1.00222778,1.93484783,1.08832073,0.724987984,0.869514465,1.2264967,1.24721813,1.31830502,0.896276474,2.61913872,0.588375092,0.219015121,0.593925476,0.546812057,0.163014412,0.0255327225,0.573890686,0.474841118,0.590288162,0.322412491,1.11935616,0.456368446,0.0507202148,0.203649521,0.220787048,0.491258621,0.593377113,0.814870834,0.381138802,0.399134636,0.230302811,0.409903526,0.520400047,0.645771027,0.766060829,1.09192753,0.896417618,0.596791267,0.365880013,0.378306389,0.417849541,0.494603157,0.495267868,0.717041016
2026-08-26T15:22:21.773+00:00	103.234	FLAGS protocol=asd-quality-v1.6.0 mode=LEARNING state=NO_MACHINE waiting=0 learning=1 learned=0 anomaly=0 hold=0 fault=0 green=blink_5hz red=off guided25_available=1 workflow_pending=DEFAULT research_telemetry=1 profile_persistence_allowed=0 dropped=0
2026-08-26T15:22:26.783+00:00	108.234	FLAGS protocol=asd-quality-v1.6.0 mode=LEARNING state=NO_MACHINE waiting=0 learning=1 learned=0 anomaly=0 hold=0 fault=0 green=blink_5hz red=off guided25_available=1 workflow_pending=DEFAULT research_telemetry=1 profile_persistence_allowed=0 dropped=0
2026-08-26T15:22:26.857+00:00	108.312	QUALITY protocol=asd-quality-v1.6.0 phase=CAL index=2 total=10 result=OK metrics_valid=1 samples=159744 expected=159744 rms_dbfs=-47.982 dc=-0.413 peak=537 clipped=0 zeros=433 stuck=270 dropped_delta=0 feature_valid=1 tonalness_valid=1 tonalness_proxy=3.512366 tonal_gate=pending_normal_only
2026-08-26T15:22:26.858+00:00	108.312	CAL  2/10 score=0.00000 nivo=-48.0 dBFS racun=716 ms
2026-08-26T15:22:26.988+00:00	108.437	FEATURE96 protocol=asd-research-v1.0.0 session=1 phase=CAL window=2 window_start_ms=97762 window_end_ms=107069 score=0 level_dbfs=-47.9820595 quality=OK tonalness_proxy=3.51236629 dims=96 fnv1a=b9191d19 values=-10.0603189,-10.0603189,1.3906002,-10.0603189,-10.0603189,1.49167252,-10.0603189,1.53100491,-10.0603189,1.53475285,1.2901125,-10.0603189,1.38007545,1.75099754,1.71364403,-10.0603189,1.39520073,0.989027977,1.33110046,1.63528252,1.24938583,0.790247917,1.08876991,1.45511436,1.47283268,1.56112862,1.14217186,1.11976433,1.2420311,1.27440453,1.06215286,1.56079292,1.61802292,1.33126068,1.36561298,3.51236629,3.14108706,0.949472427,0.812169075,0.603786469,1.19134235,1.08267403,0.935549736,1.30905056,0.755498886,1.03836536,1.3544426,1.04250336,0.903170586,0.892870903,0.980163574,0.939024925,0.845859528,1.81705666,0.864834785,0.618597031,0.690058708,0.926593781,1.04990578,1.07574368,0.803277016,2.42429352,0.421317101,0.118789673,0.366496086,0.335676193,0.0460119247,-0.0845851898,0.415910721,0.27641201,0.414500237,0.149718285,0.858708382,0.306628227,-0.0734395981,-0.0105056763,0.0249137878,0.268600464,0.465653419,0.681341171,0.269925117,0.256663322,0.0721979141,0.233325958,0.375552177,0.4409132,0.58780098,0.88175106,0.744380951,0.437467575,0.201498032,0.160757065,0.234622002,0.457707405,0.327013016,0.492098808
2026-08-26T15:22:27.094+00:00	108.546	SUBSEG96 protocol=asd-research-v1.0.0 session=1 phase=CAL window=2 group=1 segments=8 dims=96 fnv1a=8a344d17 values=-10.2140779,-10.2140779,1.5279541,-10.2140779,-10.2140779,1.59910965,-10.2140779,1.55674934,-10.2140779,1.68438625,1.59442902,-10.2140779,1.64573956,1.96754313,2.02780581,-10.2140779,1.80259895,1.26044083,1.63419056,2.05970955,1.64735699,1.02844715,1.37225723,1.84723949,1.72344112,1.44980431,1.30301285,1.3045063,1.57714462,1.66999531,1.34822464,1.97178078,2.0674715,1.77349186,1.78699493,3.36342478,3.12278557,1.0558424,1.0362215,0.597108841,1.34487724,1.2104187,1.03827763,1.56804371,0.615483284,0.940256119,0.967729568,0.873596191,0.815677643,0.84758091,0.817555428,0.85292244,0.784128189,1.56212616,0.784346581,0.535772324,0.527104378,0.820267677,0.800992966,0.984428406,0.697747231,2.28042793,0.239071846,0.0973157883,0.261285782,0.144687653,-0.111618996,-0.165572166,0.338999748,0.181535721,0.290462494,-0.0879564285,0.754700661,0.160224915,-0.184071541,-0.180168152,-0.11794281,0.138673782,0.33770752,0.509930611,0.150856972,0.135797501,-0.0843954086,0.147782326,0.290937424,0.25425148,0.46457386,0.764590263,0.611927986,0.28608799,0.0241594315,-0.0086889267,0.0815820694,0.340014458,0.197257042,0.371828079
2026-08-26T15:22:27.226+00:00	108.687	SUBSEG96 protocol=asd-research-v1.0.0 session=1 phase=CAL window=2 group=2 segments=8 dims=96 fnv1a=c3c0d148 values=-9.93139076,-9.93139076,1.3240118,-9.93139076,-9.93139076,1.49483109,-9.93139076,1.47881794,-9.93139076,1.40783787,1.1569519,-9.93139076,1.0620575,1.14850616,0.863798141,-9.93139076,0.464567184,0.707190514,0.805183411,0.954813957,0.726260185,0.574119568,1.06367779,1.07075119,1.36045074,1.69641018,1.14552116,1.04762459,0.963668823,1.12449074,1.13034534,1.38760471,1.00626087,0.82427597,0.77712822,3.64499283,3.351686,0.710863113,0.647222519,0.543531418,1.25585556,1.18326187,1.09471798,1.27376461,0.993391991,1.07686615,1.40988731,1.10838509,0.769296646,0.954372406,1.04244423,1.06406116,0.979001045,1.91617203,1.01951599,0.775858879,0.927974701,1.15290165,1.34544754,1.15125179,1.036623,2.57473373,0.586284637,0.258865356,0.467143059,0.50676918,0.195843697,0.0409154892,0.533793449,0.351434708,0.548509598,0.194834709,1.06104565,0.44492054,0.0779161453,0.170681,0.194758415,0.40928936,0.552390099,0.774236679,0.388216972,0.402669907,0.206120491,0.448081017,0.549909592,0.581776619,0.697681427,1.05104828,0.900826454,0.57470417,0.315443993,0.304238319,0.349781036,0.444412231,0.457086563,0.638184547
2026-08-26T15:22:27.321+00:00	108.781	SUBSEG96 protocol=asd-research-v1.0.0 session=1 phase=CAL window=2 group=3 segments=8 dims=96 fnv1a=b2f1c710 values=-9.93801308,-9.93801308,1.31718731,-9.93801308,-9.93801308,1.26615047,-9.93801308,1.71225452,-9.93801308,1.72069645,1.06905937,-9.93801308,1.22916412,1.7643261,1.64062786,-9.93801308,1.12001228,0.940898895,1.0894146,1.10272884,0.820086479,0.622215271,0.837330818,1.10373116,1.28521919,1.49906445,0.995335579,1.25067902,1.04995251,0.846256256,0.853108406,1.08981705,1.19117451,0.527871132,1.13962364,3.63063765,3.08967304,1.06032753,0.554814339,0.580258369,1.13431835,0.873503685,0.991181374,1.19481564,0.857200623,1.32258511,1.27019787,1.14150429,1.03540707,0.891037941,1.00054455,1.06979847,0.982806206,2.03518295,0.898138046,0.722857475,0.771760941,1.02209187,1.10724449,1.08674622,0.865962029,2.54451466,0.496323586,0.134320259,0.482367516,0.373719215,0.139015198,-0.0194988251,0.493941307,0.388698578,0.489271164,0.404310226,0.845124245,0.418616295,0.031794548,0.0635938644,0.124355316,0.25993824,0.57306385,0.866200447,0.401963234,0.400245667,0.259884834,0.278907776,0.457661629,0.588639259,0.681308746,0.914287567,0.827687263,0.563367844,0.324875832,0.297650337,0.372760773,0.6957798,0.443349838,0.611563683
2026-08-26T15:22:27.418+00:00	108.875	SUBSEG96 protocol=asd-research-v1.0.0 session=1 phase=CAL window=2 group=4 segments=7 dims=96 fnv1a=bfef6d9e values=-9.91799641,-9.91799641,1.22737789,-9.91799641,-9.91799641,1.06387138,-9.91799641,1.15816784,-9.91799641,1.20119095,1.09197426,-9.91799641,1.52985954,1.90564346,1.67748928,-9.91799641,1.05180836,0.821018219,1.33569336,1.31392384,0.907773972,0.461121559,0.807778358,1.1736412,1.32572651,1.39625454,1.0305481,1.00567913,1.04020119,0.921536446,0.692590714,0.786831856,0.869274139,0.714556694,0.780137062,3.6539402,3.18574572,0.931980133,0.766487122,0.473683357,1.14099789,1.18397045,0.891996384,1.16772747,0.900699615,1.11272812,1.67032623,1.29935455,0.934680939,0.950828552,1.18308067,1.09764099,0.880199432,2.01194572,1.02336311,0.701608658,0.735677719,0.949438095,1.07777214,1.24214745,0.881031036,2.55166292,0.617383957,0.185365677,0.476553917,0.556679726,0.170476913,-0.0580272675,0.54579258,0.417204857,0.51671505,0.316082954,0.99279213,0.45507431,0.0982503891,0.11075592,0.125344276,0.347979546,0.681845665,0.830515862,0.414557457,0.364156723,0.149090767,0.307523727,0.482848167,0.538759232,0.711676598,0.999263763,0.866546631,0.579724312,0.373313904,0.263725281,0.378898621,0.574392319,0.438643456,0.621724129
2026-08-26T15:22:27.524+00:00	108.984	SUBSEG96 protocol=asd-research-v1.0.0 session=1 phase=CAL window=2 group=5 segments=7 dims=96 fnv1a=778ce24d values=-9.97624683,-9.97624683,1.56907845,-9.97624683,-9.97624683,1.80760765,-9.97624683,1.73999119,-9.97624683,1.5424881,1.11225414,-9.97624683,1.05701828,1.62566566,1.5458622,-9.97624683,1.06358719,0.906508446,1.24819851,1.23468018,0.990195274,0.942798615,0.978013992,1.01695061,1.45987034,1.8927412,1.24420261,0.900819778,0.980953217,0.494325638,0.79733181,1.0440073,0.972023964,0.955069542,0.778412819,3.5919714,3.19054985,1.05587196,0.893836975,0.92712307,1.13658237,1.03012753,0.725805283,1.09723091,0.674395561,0.95943737,1.64090061,1.10501289,1.17171669,1.09115028,1.16973686,0.902083397,0.884207726,1.8565836,0.900192261,0.654173851,0.77394104,0.959944725,1.16776848,1.22311687,0.811571121,2.48834467,0.487599373,0.190748215,0.46141243,0.41110611,0.158913612,0.0697336197,0.4760952,0.359196663,0.54479599,0.205764771,0.932529449,0.376665115,-0.0894327164,0.0998411179,0.112705231,0.478680611,0.498599052,0.740180016,0.308906555,0.287148476,0.133261681,0.264907837,0.39171505,0.558408737,0.705584526,0.989953995,0.83332634,0.504853249,0.296742439,0.265685081,0.312935829,0.509522438,0.417924881,0.529734612
2026-08-26T15:22:31.795+00:00	113.250	FLAGS protocol=asd-quality-v1.6.0 mode=LEARNING state=NO_MACHINE waiting=0 learning=1 learned=0 anomaly=0 hold=0 fault=0 green=blink_5hz red=off guided25_available=1 workflow_pending=DEFAULT research_telemetry=1 profile_persistence_allowed=0 dropped=0
2026-08-26T15:22:36.803+00:00	118.250	FLAGS protocol=asd-quality-v1.6.0 mode=LEARNING state=NO_MACHINE waiting=0 learning=1 learned=0 anomaly=0 hold=0 fault=0 green=blink_5hz red=off guided25_available=1 workflow_pending=DEFAULT research_telemetry=1 profile_persistence_allowed=0 dropped=0
2026-08-26T15:22:36.841+00:00	118.296	QUALITY protocol=asd-quality-v1.6.0 phase=CAL index=3 total=10 result=OK metrics_valid=1 samples=159744 expected=159744 rms_dbfs=-48.152 dc=-0.432 peak=504 clipped=0 zeros=471 stuck=267 dropped_delta=0 feature_valid=1 tonalness_valid=1 tonalness_proxy=3.637057 tonal_gate=pending_normal_only
2026-08-26T15:22:36.843+00:00	118.296	CAL  3/10 score=0.00000 nivo=-48.2 dBFS racun=716 ms
2026-08-26T15:22:36.975+00:00	118.437	FEATURE96 protocol=asd-research-v1.0.0 session=1 phase=CAL window=3 window_start_ms=107738 window_end_ms=117054 score=0 level_dbfs=-48.1524506 quality=OK tonalness_proxy=3.6370573 dims=96 fnv1a=b4b8c232 values=-9.93919373,-9.93919373,1.06832981,-9.93919373,-9.93919373,1.12434483,-9.93919373,1.43528843,-9.93919373,1.52811718,1.09524059,-9.93919373,1.12908459,1.54380894,1.42067146,-9.93919373,1.01847553,0.738336563,0.885235786,1.02064419,0.815506935,0.664563179,0.681179047,0.859044075,1.20735264,1.63941765,1.24101734,1.09292507,0.891923904,0.92028141,1.01698303,1.24540424,1.08546925,1.07480431,0.894433022,3.6370573,3.31277514,0.977018356,0.843868256,0.83087635,1.11001778,1.07671261,0.869818687,1.25139332,0.832536697,1.09623241,1.72909164,1.12343502,0.892150879,0.982806206,1.08368015,1.02741241,0.877434731,1.92826176,0.941617012,0.834345818,0.823641777,1.02641678,1.1218605,1.1762991,0.879590034,2.54295683,0.53561306,0.215013504,0.512077332,0.497251511,0.232563972,-0.0156850815,0.548149109,0.450597763,0.517424583,0.257598877,1.00235844,0.437261581,0.0587453842,0.162405968,0.158426285,0.415968895,0.616372108,0.800430298,0.392789841,0.384660721,0.206221581,0.325312614,0.480217934,0.558678627,0.718066216,1.0113678,0.845797539,0.574661255,0.263697624,0.293801308,0.37140274,0.453448296,0.426472664,0.637147903
2026-08-26T15:22:37.082+00:00	118.531	SUBSEG96 protocol=asd-research-v1.0.0 session=1 phase=CAL window=3 group=1 segments=8 dims=96 fnv1a=b8a04f6c values=-9.92650318,-9.92650318,0.992749214,-9.92650318,-9.92650318,1.1412096,-9.92650318,1.28052616,-9.92650318,1.43616772,1.19998646,-9.92650318,1.21996117,1.5771265,1.43791008,-9.92650318,0.941543579,0.754932404,0.81314373,0.63988781,0.447112083,0.552634239,0.556181908,0.838763237,1.2834549,1.7357111,0.91674614,1.46004391,0.776616096,0.921610832,0.874341965,1.3845768,0.997972488,0.628694534,1.018507,3.64635086,3.39052248,1.01545525,1.02073574,0.805995941,1.24213123,1.10100079,0.817374229,1.1898365,0.712887764,1.15212631,2.11318445,1.14919853,0.896848679,1.1015234,1.17203236,1.12777996,0.920496941,1.90132046,1.02844143,0.853713989,0.879634857,0.989653587,1.05876255,1.1696806,0.898539543,2.5641923,0.488740921,0.185243607,0.514502525,0.396154404,0.226718903,-0.0618419647,0.605417252,0.489522934,0.552760124,0.224000931,1.04157829,0.381948471,0.0628805161,0.184147835,0.154108047,0.47041893,0.625847816,0.788916588,0.357252121,0.426478386,0.268156052,0.363211632,0.493060112,0.594766617,0.760182381,1.05676365,0.839184761,0.559382439,0.288000107,0.258892059,0.394454002,0.593428612,0.444133759,0.636096954
2026-08-26T15:22:37.186+00:00	118.640	SUBSEG96 protocol=asd-research-v1.0.0 session=1 phase=CAL window=3 group=2 segments=8 dims=96 fnv1a=a42bd035 values=-9.92250156,-9.92250156,1.05339527,-9.92250156,-9.92250156,1.06206989,-9.92250156,0.995485306,-9.92250156,1.14493275,0.994127274,-9.92250156,1.24235725,1.65725994,1.30641556,-9.92250156,0.705271721,0.516156197,0.77096653,0.835723877,0.774160385,0.70877552,0.816589355,0.980704308,1.23143101,1.58255386,1.12305832,0.710449219,0.792477608,0.939417839,1.0078907,1.21440125,1.1744442,1.38718987,0.749171257,3.65022469,3.27093029,0.957209587,1.10582542,1.30115795,1.01643276,1.03435707,0.858773232,1.12645626,0.782774925,1.17971325,1.80097008,1.19628525,0.955005646,1.01032066,0.94080925,1.01214027,0.852853775,1.96057224,0.971026421,0.88786602,0.856947899,0.996724129,1.1746645,1.22843742,0.883971214,2.578269,0.662894249,0.208643913,0.558475494,0.504860878,0.271071434,0.0402336121,0.564308167,0.449483871,0.490174294,0.263501167,1.08369255,0.515957832,0.0982046127,0.192529678,0.199445724,0.435313225,0.624977112,0.828994751,0.409584045,0.453836441,0.183771133,0.282516479,0.522433281,0.587772369,0.725391388,0.986599922,0.862323761,0.607419014,0.309056282,0.362425804,0.404994965,0.443435669,0.466028214,0.712090492
2026-08-26T15:22:37.296+00:00	118.750	SUBSEG96 protocol=asd-research-v1.0.0 session=1 phase=CAL window=3 group=3 segments=8 dims=96 fnv1a=9bef80f7 values=-9.93080807,-9.93080807,1.00544357,-9.93080807,-9.93080807,1.15845871,-9.93080807,1.52222347,-9.93080807,1.61601639,1.10358715,-9.93080807,1.18404293,1.56871605,1.34487534,-9.93080807,1.29946899,0.901642799,0.970682144,1.25056553,0.904325485,0.702849388,0.819532394,0.734066963,1.15071869,1.64299202,1.18955708,0.698690414,0.982708931,0.953440666,1.13549328,1.38007069,0.938318253,0.803794861,0.926066399,3.6462059,3.28333473,0.927213669,0.532595634,0.410012245,1.0617342,1.04885197,0.840833664,1.41273975,1.02854061,1.1190691,1.45926189,1.0380497,0.886670113,0.903330803,1.08280468,1.01602459,0.913061142,1.91745853,0.935754776,0.828741074,0.876787186,1.03660965,1.16641235,1.15190506,0.904579163,2.5509038,0.537532806,0.269126892,0.487096786,0.532511711,0.227255821,0.0022983551,0.555102348,0.500090599,0.579114914,0.285732269,0.963503838,0.492275238,0.0359725952,0.155960083,0.137233734,0.367441177,0.665688515,0.79026413,0.438856125,0.383608818,0.218935966,0.308526039,0.531114578,0.543005943,0.703859329,1.04431534,0.873897552,0.587584496,0.24206543,0.302236557,0.337880135,0.410383224,0.441167831,0.627082825
2026-08-26T15:22:37.402+00:00	118.859	SUBSEG96 protocol=asd-research-v1.0.0 session=1 phase=CAL window=3 group=4 segments=7 dims=96 fnv1a=c467e854 values=-9.94861317,-9.94861317,1.09507561,-9.94861317,-9.94861317,0.999515533,-9.94861317,1.56183434,-9.94861317,1.57036877,1.14457607,-9.94861317,1.08438969,1.55568218,1.60704041,-9.94861317,1.01575947,0.773313522,1.10477638,1.28482819,1.09029579,0.582123756,0.504484177,0.993567467,1.26625443,1.64430332,1.56774426,1.23344135,1.04513359,1.04340935,1.04487514,1.13691044,1.00685883,1.18293667,0.901779175,3.63493395,3.30101442,0.909438133,0.739055634,0.332499504,0.999967575,1.19612408,0.947178841,1.2730093,0.756809235,0.994129181,1.42368603,1.15845776,0.865878105,0.95716095,1.14862347,1.00112724,0.858582497,1.97616577,0.891313553,0.887547493,0.688684464,1.05182934,1.11044884,1.19041538,0.878134727,2.51333523,0.436642647,0.246449471,0.459539413,0.554806709,0.198040962,-0.022562027,0.617453575,0.380011559,0.522795677,0.299157143,1.00313091,0.385650635,0.0735139847,0.152574539,0.124757767,0.44060421,0.548894882,0.836541176,0.408319473,0.361737251,0.158776283,0.34877491,0.425341606,0.541258812,0.699685097,0.993818283,0.853580475,0.598587036,0.24192524,0.283908844,0.392950058,0.30354023,0.389888763,0.601928711
2026-08-26T15:22:37.506+00:00	118.968	SUBSEG96 protocol=asd-research-v1.0.0 session=1 phase=CAL window=3 group=5 segments=7 dims=96 fnv1a=1d68b93e values=-9.89761162,-9.89761162,1.24871922,-9.89761162,-9.89761162,1.29386616,-9.89761162,1.65723419,-9.89761162,1.7673893,1.06976223,-9.89761162,0.812719345,1.33715343,1.42474174,-9.89761162,0.967288017,0.722263336,0.693318367,0.731784821,0.672698021,0.814581871,0.663370132,0.733319283,1.14616394,1.64221573,1.23691654,0.853327751,0.871479034,0.739348412,1.05418396,1.02797508,1.30883408,1.05186558,0.89952755,3.67828703,3.3797164,1.12952232,0.487675667,0.455621719,1.24543953,1.05306244,0.953947067,1.26657867,0.868177414,1.06414509,1.29569626,1.12951088,0.919001579,0.979175568,1.1125946,1.03012657,0.905040741,1.95487595,0.927703857,0.758041382,0.848657608,1.12888432,1.15874672,1.20906544,0.899949074,2.57302237,0.585051537,0.229729652,0.604740143,0.558937073,0.307776451,0.0282306671,0.424081802,0.488977432,0.495984077,0.284098625,0.967512131,0.45807457,0.0927181244,0.194928169,0.244392395,0.429033279,0.675696373,0.82767868,0.415347099,0.344854355,0.262182236,0.393712997,0.481927872,0.593024254,0.76936245,1.03824711,0.868128777,0.587705612,0.303286552,0.324132919,0.394479752,0.529659271,0.454369545,0.66851902
2026-08-26T15:22:41.813+00:00	123.265	FLAGS protocol=asd-quality-v1.6.0 mode=LEARNING state=NO_MACHINE waiting=0 learning=1 learned=0 anomaly=0 hold=0 fault=0 green=blink_5hz red=off guided25_available=1 workflow_pending=DEFAULT research_telemetry=1 profile_persistence_allowed=0 dropped=0
2026-08-26T15:22:46.809+00:00	128.265	QUALITY protocol=asd-quality-v1.6.0 phase=CAL index=4 total=10 result=OK metrics_valid=1 samples=159744 expected=159744 rms_dbfs=-47.248 dc=-0.453 peak=512 clipped=0 zeros=357 stuck=245 dropped_delta=0 feature_valid=1 tonalness_valid=1 tonalness_proxy=3.628303 tonal_gate=pending_normal_only
2026-08-26T15:22:46.810+00:00	128.265	CAL  4/10 score=0.00000 nivo=-47.2 dBFS racun=716 ms
2026-08-26T15:22:46.945+00:00	128.406	FEATURE96 protocol=asd-research-v1.0.0 session=1 phase=CAL window=4 window_start_ms=117724 window_end_ms=127017 score=0 level_dbfs=-47.2475586 quality=OK tonalness_proxy=3.62830257 dims=96 fnv1a=3aed8556 values=-9.92608452,-9.92608452,1.19603539,-9.92608452,-9.92608452,1.13290691,-9.92608452,1.50472164,-9.92608452,1.41866493,0.786298752,-9.92608452,1.14504242,1.60144806,1.45336914,-9.92608452,0.921897888,0.703351974,0.857351303,0.8817873,0.783961296,0.837443352,0.742145538,0.934005737,1.20425415,1.47081757,1.15184593,1.05203152,0.974681854,1.07809639,1.23459148,1.13926029,1.1384449,0.953845024,0.958629608,3.62830257,3.42472649,1.07064056,0.626854897,0.641030312,1.22988319,0.996249199,0.816315651,1.20753098,0.633833885,0.893540382,1.32377434,1.08131409,0.954674721,0.995448112,1.10150337,1.0698595,0.953985214,1.81765461,0.942110062,0.822058678,0.82092762,1.07654762,1.17290211,1.20203209,0.987984657,2.56237936,0.596488953,0.248334885,0.487383842,0.51175499,0.177772522,0.0322933197,0.529406548,0.416442871,0.557898521,0.285251617,1.04944134,0.42324543,0.0767679214,0.177985191,0.184093475,0.41245842,0.619215012,0.768556595,0.418269157,0.3786726,0.236138344,0.398334503,0.572533607,0.561589241,0.731501579,1.04637814,0.864063263,0.562908173,0.31785965,0.309861183,0.410909653,0.686573029,0.425017357,0.622234344
2026-08-26T15:22:46.948+00:00	128.406	FLAGS protocol=asd-quality-v1.6.0 mode=LEARNING state=NO_MACHINE waiting=0 learning=1 learned=0 anomaly=0 hold=0 fault=0 green=blink_5hz red=off guided25_available=1 workflow_pending=DEFAULT research_telemetry=1 profile_persistence_allowed=0 dropped=0
2026-08-26T15:22:47.065+00:00	128.515	SUBSEG96 protocol=asd-research-v1.0.0 session=1 phase=CAL window=4 group=1 segments=8 dims=96 fnv1a=5a82fe9f values=-9.89445782,-9.89445782,0.861073494,-9.89445782,-9.89445782,1.23171043,-9.89445782,1.75138569,-9.89445782,1.59422302,0.873427391,-9.89445782,0.820199013,1.33726501,1.3292923,-9.89445782,0.627703667,0.482985497,0.746518135,0.933994293,0.830753326,0.892620087,0.855778694,0.876140594,1.23679733,1.53766251,1.12647152,1.15679646,0.738573074,1.04112244,1.1986742,1.34549046,1.29795551,0.689380646,0.75620842,3.66837025,3.40379,1.00521851,0.623936653,0.589108467,0.992593765,1.04737949,0.814500809,1.28426647,0.501008034,0.830760002,1.39709282,1.17329216,0.969938278,1.1220274,1.08652306,1.10243511,1.01767731,1.88711071,0.947588921,0.852366447,0.847144127,1.09490967,1.14385509,1.1530056,0.999214172,2.57325649,0.612011909,0.32665062,0.443533897,0.594899178,0.179670334,0.0476198196,0.579376221,0.464139938,0.651978493,0.303315163,1.07386589,0.451676369,0.0706834793,0.2358675,0.250320435,0.366721153,0.621761322,0.824860573,0.453213692,0.409830093,0.260526657,0.349868774,0.528331757,0.613256454,0.769013405,1.07168293,0.915444374,0.588489532,0.354115486,0.353466988,0.410493851,0.598470688,0.427210808,0.654742241
2026-08-26T15:22:47.171+00:00	128.625	SUBSEG96 protocol=asd-research-v1.0.0 session=1 phase=CAL window=4 group=2 segments=8 dims=96 fnv1a=2a2e4af5 values=-9.93089485,-9.93089485,1.20174599,-9.93089485,-9.93089485,0.930585861,-9.93089485,1.00872135,-9.93089485,1.07119656,0.708640099,-9.93089485,1.13294601,1.54526901,1.53228951,-9.93089485,1.06363583,0.989631653,1.16729355,0.909529686,0.532661438,0.472204208,0.644854546,1.07850266,1.21459198,1.4268446,0.922780991,1.15237331,1.0690279,1.17906952,1.37122631,0.978970528,1.23068905,0.919695854,1.07253075,3.61814547,3.48762989,1.0947485,0.649381638,0.821110725,1.5303936,1.14488983,0.798195839,1.3451004,0.700737953,0.989607811,1.33368874,1.13369274,0.937449455,0.927789688,1.17241859,1.10866261,0.942095757,1.77248478,0.860411644,0.823243141,0.82462883,1.09055805,1.21121693,1.24159622,1.00500679,2.54378319,0.490577698,0.238658905,0.41378212,0.504695892,0.226380348,0.0331201553,0.454794884,0.360648155,0.586904526,0.276533127,1.03684616,0.432875633,0.0736436844,0.180324554,0.128164291,0.392094612,0.605223656,0.761507988,0.443570137,0.342235565,0.236063957,0.459830284,0.582471848,0.54058075,0.747109413,1.0551157,0.834666252,0.56744957,0.297229767,0.296585083,0.3873806,0.725219727,0.43740654,0.661405563
2026-08-26T15:22:47.279+00:00	128.734	SUBSEG96 protocol=asd-research-v1.0.0 session=1 phase=CAL window=4 group=3 segments=8 dims=96 fnv1a=2a2d8893 values=-9.89051723,-9.89051723,1.12372589,-9.89051723,-9.89051723,1.10098743,-9.89051723,1.45746899,-9.89051723,1.45031166,0.90637207,-9.89051723,1.1244545,1.58802128,1.21504688,-9.89051723,0.859396935,0.61801815,0.608295441,0.736387253,0.462891579,0.896583557,0.723218918,0.903400421,1.16483498,1.43481255,1.11160183,0.924023628,1.01438427,0.576170921,0.889913559,1.1137476,0.953419685,1.13061428,1.06815815,3.65485334,3.47718382,1.02698231,0.67730999,0.517324448,1.21973801,1.03561115,0.819290161,1.26535797,0.749739647,1.00186348,1.10307693,1.04872417,1.05706501,0.975140572,1.19665337,1.08296299,1.03122711,1.83214092,0.979515076,0.721359253,0.826406479,1.1005373,1.28795433,1.18410683,0.975174904,2.59673834,0.649074554,0.271780968,0.631857872,0.546606064,0.217863083,0.060172081,0.546719551,0.486006737,0.588160515,0.331234932,1.04725647,0.45490551,0.0323343277,0.178458214,0.226399422,0.473730087,0.695213318,0.815826416,0.420379639,0.43545723,0.290614128,0.440418243,0.62706089,0.584531784,0.81360817,1.08166504,0.91079998,0.577628136,0.394714355,0.341563225,0.486412048,0.79437542,0.438483238,0.632456779
2026-08-26T15:22:47.383+00:00	128.843	SUBSEG96 protocol=asd-research-v1.0.0 session=1 phase=CAL window=4 group=4 segments=7 dims=96 fnv1a=c4db1227 values=-9.91473389,-9.91473389,1.21144867,-9.91473389,-9.91473389,1.22323322,-9.91473389,1.76431656,-9.91473389,1.69001865,0.767794609,-9.91473389,1.28482628,1.63453579,1.48930836,-9.91473389,1.07452774,0.660648346,0.818074226,0.824126244,0.965886116,1.08593941,0.824775696,1.02702236,1.37703514,1.55090332,1.18822956,0.889371872,0.807876587,0.47847271,0.979537964,0.923484802,1.05611992,0.861227989,0.840917587,3.63832712,3.41250038,1.18205547,0.55809021,0.692576408,1.02559185,0.816696167,0.89648819,1.0993042,0.670606613,0.764562607,1.40935135,0.932783127,0.924405098,0.982884407,1.05741215,1.0271101,0.836698532,1.81741238,1.0307312,0.88130188,0.847317696,1.06843948,1.11627769,1.26459122,1.09205914,2.59955549,0.591589928,0.186847687,0.570761681,0.526989937,0.210717201,0.098446846,0.537293434,0.357204437,0.446463585,0.274609566,1.05476093,0.437148094,0.106295586,0.198483467,0.181975365,0.467439651,0.62551403,0.740345001,0.429262161,0.359890938,0.213590622,0.371494293,0.629219055,0.592886925,0.712213516,1.05583763,0.86582756,0.609811783,0.319948196,0.345954895,0.433444023,0.737557411,0.445545197,0.637999535
2026-08-26T15:22:47.492+00:00	128.953	SUBSEG96 protocol=asd-research-v1.0.0 session=1 phase=CAL window=4 group=5 segments=7 dims=96 fnv1a=67ccdaf4 values=-9.93820095,-9.93820095,1.45469952,-9.93820095,-9.93820095,1.19687939,-9.93820095,1.16386986,-9.93820095,0.969015121,0.699306488,-9.93820095,1.29532051,1.83548737,1.6392622,-9.93820095,0.905853271,0.597962379,0.727666855,1.01329803,0.97958374,0.72329998,0.702271461,0.766090393,1.02975368,1.4605093,1.37657738,1.10665226,1.15522766,1.44947433,1.48960781,1.2528019,1.11384487,1.09197712,1.01163673,3.62397099,3.38802433,1.0926075,0.672306061,0.556992531,1.15606594,0.891979218,0.817083359,0.982237816,0.557501793,0.878001213,1.37926292,1.12714767,0.931897163,1.01118469,1.01900101,1.0795517,0.972126961,1.83811474,0.952269554,0.881371498,0.822827339,1.08877182,1.13624191,1.22255135,0.918358803,2.5634923,0.688179016,0.26515007,0.401409149,0.431534767,0.101708412,-0.0194826126,0.587462425,0.461409569,0.54179287,0.301307678,1.09728336,0.399725914,0.158122063,0.155872345,0.191005707,0.422079086,0.606225014,0.754224777,0.403862953,0.404504776,0.237106323,0.415953636,0.552787781,0.537859917,0.658022881,1.02787018,0.852714539,0.532692909,0.276907921,0.271611214,0.395890236,0.60526371,0.439868927,0.578811646
2026-08-26T15:22:51.832+00:00	133.281	FLAGS protocol=asd-quality-v1.6.0 mode=LEARNING state=NO_MACHINE waiting=0 learning=1 learned=0 anomaly=0 hold=0 fault=0 green=blink_5hz red=off guided25_available=1 workflow_pending=DEFAULT research_telemetry=1 profile_persistence_allowed=0 dropped=0
2026-08-26T15:22:56.842+00:00	138.296	QUALITY protocol=asd-quality-v1.6.0 phase=CAL index=5 total=10 result=OK metrics_valid=1 samples=159744 expected=159744 rms_dbfs=-47.247 dc=-0.464 peak=512 clipped=0 zeros=346 stuck=221 dropped_delta=0 feature_valid=1 tonalness_valid=1 tonalness_proxy=3.600338 tonal_gate=pending_normal_only
2026-08-26T15:22:56.864+00:00	138.312	FLAGS protocol=asd-quality-v1.6.0 mode=LEARNING state=NO_MACHINE waiting=0 learning=1 learned=0 anomaly=0 hold=0 fault=0 green=blink_5hz red=off guided25_available=1 workflow_pending=DEFAULT research_telemetry=1 profile_persistence_allowed=0 dropped=0
2026-08-26T15:22:56.866+00:00	138.328	CAL  5/10 score=0.00000 nivo=-47.2 dBFS racun=716 ms
2026-08-26T15:22:56.997+00:00	138.453	FEATURE96 protocol=asd-research-v1.0.0 session=1 phase=CAL window=5 window_start_ms=127707 window_end_ms=137056 score=0 level_dbfs=-47.2470131 quality=OK tonalness_proxy=3.60033798 dims=96 fnv1a=8c2a8122 values=-9.95461369,-9.95461369,1.18533325,-9.95461369,-9.95461369,1.28032112,-9.95461369,1.43991184,-9.95461369,1.34221268,0.954119682,-9.95461369,1.12387753,1.77937698,1.84101963,-9.95461369,1.40352154,0.730905533,0.803215027,1.04607105,0.780721664,0.652522087,1.04137135,1.24699402,1.29993343,1.67465115,1.1450758,0.980006218,1.02031612,1.00449848,1.0492754,1.24783516,1.23922634,0.988443375,0.996339798,3.60033798,3.41676044,1.02000809,0.633329391,0.476599693,1.10442829,0.986208916,0.832550049,1.17583656,0.743050575,0.884631157,1.38674641,1.07742786,0.914420128,0.980268478,1.00379658,1.01204491,0.985980034,1.79375267,0.942220688,0.749897003,0.834291458,1.03138447,1.16946602,1.18610191,0.867852211,2.51962519,0.466123581,0.226555824,0.47521019,0.451448441,0.171803474,0.0252447128,0.546435356,0.385079384,0.53985405,0.207972527,1.04461384,0.4103508,0.051949501,0.128364563,0.157798767,0.385594368,0.55520916,0.749828339,0.364113808,0.349269867,0.224035263,0.392366409,0.566403389,0.530552864,0.718505859,0.997659683,0.811595917,0.538125038,0.298175812,0.236481667,0.390455246,0.667474747,0.379482269,0.566532135
2026-08-26T15:22:57.102+00:00	138.562	SUBSEG96 protocol=asd-research-v1.0.0 session=1 phase=CAL window=5 group=1 segments=8 dims=96 fnv1a=7f8d2bbf values=-9.96099091,-9.96099091,1.29483795,-9.96099091,-9.96099091,1.18702412,-9.96099091,1.39833164,-9.96099091,1.2286253,0.956616402,-9.96099091,1.34813786,2.27496386,2.33969164,-9.96099091,1.84551048,0.902801514,0.693515778,0.851459503,0.64431572,0.735952377,1.13450146,0.845513344,1.37477875,1.92006779,1.17002869,1.0944252,0.861933708,0.872080803,0.892903328,1.00589371,0.922400475,0.584722519,0.956699371,3.60250807,3.39021349,1.04164791,0.807335854,0.392271996,1.07614899,1.01041889,0.783997536,1.12238407,0.852137566,0.979743004,1.41514015,1.11262703,1.01659679,1.1011982,1.08686829,1.00003624,0.840615273,1.74079037,0.897658348,0.765892029,0.908420563,1.01330566,1.21190548,1.21320915,0.822883606,2.50508499,0.46159935,0.157896996,0.520921707,0.33555603,0.11559391,0.00596523285,0.604649544,0.389136314,0.557553291,0.161151886,1.06621552,0.376940727,0.0126056671,0.129328728,0.158467293,0.399344444,0.532338142,0.762950897,0.42862606,0.338347435,0.19629097,0.375206947,0.54635334,0.530660629,0.720900536,0.991311073,0.779151917,0.510247231,0.244990349,0.2501688,0.349570274,0.664796829,0.392014503,0.572132111
2026-08-26T15:22:57.212+00:00	138.671	SUBSEG96 protocol=asd-research-v1.0.0 session=1 phase=CAL window=5 group=2 segments=8 dims=96 fnv1a=78580fd4 values=-9.93960094,-9.93960094,0.778045654,-9.93960094,-9.93960094,1.11999416,-9.93960094,1.50688171,-9.93960094,1.47716331,1.01550484,-9.93960094,1.15359592,1.63594818,1.69973755,-9.93960094,1.26727486,0.763411522,0.926501274,1.17836475,0.753158569,0.576792717,0.56879425,0.934900284,1.47230244,1.86017227,1.21502972,1.02622414,1.13664341,1.17722988,0.974912643,1.10597706,1.29713535,0.840964317,0.95395565,3.61837244,3.43022203,1.09494972,0.497625351,0.560451508,1.30221939,0.997223854,0.857689857,1.12655258,0.727489471,0.866640091,1.20283413,1.02575493,0.880727768,1.07283878,0.935045242,1.10561657,0.986897469,1.81944752,0.947857857,0.773552895,0.820322037,1.05949306,1.19814491,1.11466885,0.943273544,2.52707672,0.564341545,0.167327881,0.447336197,0.454606056,0.267983437,-0.0146970749,0.448216438,0.367656708,0.513324738,0.209964752,1.09091568,0.442603111,0.132805824,0.173257828,0.184257507,0.368605614,0.556385994,0.756467819,0.343048096,0.414845467,0.259081841,0.44002533,0.599164963,0.575847626,0.747057915,1.02051163,0.851724625,0.566041946,0.33886528,0.241451263,0.395373344,0.738513947,0.384719849,0.559693336
2026-08-26T15:22:57.319+00:00	138.781	SUBSEG96 protocol=asd-research-v1.0.0 session=1 phase=CAL window=5 group=3 segments=8 dims=96 fnv1a=90751427 values=-9.93397045,-9.93397045,1.3625927,-9.93397045,-9.93397045,1.44524574,-9.93397045,1.46767521,-9.93397045,1.24682713,0.70844841,-9.93397045,0.817426682,1.43209648,1.54737282,-9.93397045,1.29496574,0.766019821,0.928740501,1.07966423,0.511493683,0.622995377,1.2739563,1.63489056,1.25297737,1.50445366,1.14624023,0.918176651,1.02277374,1.10375214,0.973376274,1.10346699,1.16183472,1.2944231,1.11711884,3.62100363,3.44423246,0.973013878,0.606700897,0.410500526,0.964971542,1.02694225,0.910106659,1.22106647,0.704710007,0.916685104,1.39616108,1.04574776,0.813311577,0.939728737,1.0026474,0.896650314,1.05134201,1.87278748,0.891347885,0.721347809,0.883366585,1.01686096,1.16302013,1.28278351,0.851157188,2.5271697,0.478655815,0.234660149,0.531866074,0.550092697,0.0825634003,0.0725955963,0.593902588,0.431185722,0.599740982,0.24869442,1.07579803,0.431442261,0.0505285263,0.107717514,0.190618515,0.396272659,0.577183723,0.806645393,0.373028755,0.306836128,0.247661591,0.358324051,0.568730354,0.526809692,0.743104935,0.972482681,0.816911697,0.555495262,0.324440002,0.234676361,0.428202629,0.675091743,0.41105938,0.574524879
2026-08-26T15:22:57.429+00:00	138.890	SUBSEG96 protocol=asd-research-v1.0.0 session=1 phase=CAL window=5 group=4 segments=7 dims=96 fnv1a=a1752906 values=-9.91902065,-9.91902065,1.08187008,-9.91902065,-9.91902065,1.06123734,-9.91902065,0.796426773,-9.91902065,1.02525139,1.05001545,-9.91902065,1.20862484,1.32434559,1.30995846,-9.91902065,0.966874123,0.706512451,0.696947098,0.938832283,0.884957314,0.711147308,1.10892296,1.32277489,1.04429913,1.07761574,1.17973423,0.86260891,0.941950798,0.786608696,1.31308174,1.45983982,1.27025604,1.13284874,1.1908989,3.63537884,3.45772457,1.12721443,0.729681969,0.607150078,1.19040585,0.927692413,0.912417412,1.22888184,0.78745079,0.940553665,1.4673605,1.10418892,0.988596916,0.956839561,1.00149059,0.982950211,1.08630753,1.86184311,1.03439331,0.742827415,0.921030998,1.12978077,1.21669006,1.2192173,0.966475487,2.58354473,0.43525219,0.32434845,0.56860733,0.481782913,0.255269051,0.112480164,0.600968361,0.405299187,0.571206093,0.191760063,0.936471939,0.418064117,0.0964155197,0.198534966,0.231163979,0.42928791,0.572510719,0.781229019,0.394416809,0.374286652,0.254347801,0.417381287,0.603924751,0.566065788,0.728440285,1.05865669,0.877429962,0.541957855,0.323637009,0.27503109,0.437062263,0.64952755,0.388510704,0.58818531
2026-08-26T15:22:57.534+00:00	138.984	SUBSEG96 protocol=asd-research-v1.0.0 session=1 phase=CAL window=5 group=5 segments=7 dims=96 fnv1a=11e035f0 values=-9.92483044,-9.92483044,1.271595,-9.92483044,-9.92483044,1.50883007,-9.92483044,1.70407867,-9.92483044,1.60508728,1.07116604,-9.92483044,0.962997437,1.091712,1.04502583,-9.92483044,0.789423943,0.426504135,0.77987957,1.18756294,1.06281185,0.692252159,0.904547691,1.10358238,1.29314327,1.56535912,1.08476543,1.02805424,1.16899109,1.03551769,1.1136322,1.50424194,1.50109863,0.860419273,0.713998795,3.61712313,3.45742893,0.919188499,0.517027855,0.485929489,0.971507072,1.04448128,0.771595001,1.27272701,0.704428673,0.762252808,1.51157761,1.18556309,0.936847687,0.832551956,1.06643581,1.13309002,1.04303265,1.75070953,1.03457642,0.833744049,0.669379234,1.02904224,1.13850403,1.17093849,0.834438324,2.55268002,0.458194733,0.339413643,0.362726212,0.511706352,0.213571548,0.0420389175,0.559232712,0.423558235,0.543106079,0.314665794,1.11272335,0.475037575,0.0513429642,0.121889114,0.105311394,0.429927826,0.63271904,0.723935127,0.36286068,0.399971008,0.256035805,0.462781906,0.609230042,0.543898582,0.742781639,1.04166794,0.826379776,0.609235764,0.351348877,0.276065826,0.438087463,0.689640045,0.41133213,0.633152008
2026-08-26T15:23:01.854+00:00	143.312	FLAGS protocol=asd-quality-v1.6.0 mode=LEARNING state=NO_MACHINE waiting=0 learning=1 learned=0 anomaly=0 hold=0 fault=0 green=blink_5hz red=off guided25_available=1 workflow_pending=DEFAULT research_telemetry=1 profile_persistence_allowed=0 dropped=0
2026-08-26T15:23:06.817+00:00	148.265	QUALITY protocol=asd-quality-v1.6.0 phase=CAL index=6 total=10 result=OK metrics_valid=1 samples=159744 expected=159744 rms_dbfs=-47.337 dc=-0.439 peak=515 clipped=0 zeros=418 stuck=219 dropped_delta=0 feature_valid=1 tonalness_valid=1 tonalness_proxy=3.565092 tonal_gate=pending_normal_only
2026-08-26T15:23:06.820+00:00	148.281	CAL  6/10 score=0.00000 nivo=-47.3 dBFS racun=716 ms
2026-08-26T15:23:06.951+00:00	148.406	FEATURE96 protocol=asd-research-v1.0.0 session=1 phase=CAL window=6 window_start_ms=137747 window_end_ms=147030 score=0 level_dbfs=-47.3374023 quality=OK tonalness_proxy=3.56509161 dims=96 fnv1a=3ab18334 values=-9.96952724,-9.96952724,1.19918823,-9.96952724,-9.96952724,1.23878765,-9.96952724,1.51735306,-9.96952724,1.5181675,1.07031918,-9.96952724,1.07314396,1.66793156,1.6932354,-9.96952724,1.06254387,0.734201431,0.684807777,0.86903286,0.839129448,0.715604782,0.958856583,0.994990349,1.21009827,1.61444187,1.23864269,1.03623199,0.980748177,1.02402878,1.13645458,1.26661015,1.24568844,1.16629124,1.04714966,3.56509161,3.43866491,1.05794239,0.807382584,0.827974319,1.30547047,1.12541676,0.807675362,1.18123817,0.778616905,0.926218033,1.37269497,1.17624855,0.932842255,0.975340843,1.09503746,1.01591492,0.87561512,1.7542305,0.882164955,0.733491898,0.80574131,1.05528831,1.11801243,1.15925789,0.92937088,2.51394939,0.490710258,0.245972633,0.473085403,0.446474075,0.192584038,0.0201444626,0.500636101,0.417809486,0.509085655,0.193833351,1.04821968,0.400294304,0.0366706848,0.106323242,0.105950356,0.389380455,0.522976875,0.727708817,0.326430321,0.344749451,0.246736526,0.341093063,0.553847313,0.550126076,0.723798752,1.01635933,0.789004326,0.526486397,0.314381599,0.238385201,0.394795418,0.562039375,0.373350143,0.606135368
2026-08-26T15:23:06.957+00:00	148.406	FLAGS protocol=asd-quality-v1.6.0 mode=LEARNING state=NO_MACHINE waiting=0 learning=1 learned=0 anomaly=0 hold=0 fault=0 green=blink_5hz red=off guided25_available=1 workflow_pending=DEFAULT research_telemetry=1 profile_persistence_allowed=0 dropped=0
2026-08-26T15:23:07.081+00:00	148.531	SUBSEG96 protocol=asd-research-v1.0.0 session=1 phase=CAL window=6 group=1 segments=8 dims=96 fnv1a=1de108d8 values=-9.96860313,-9.96860313,1.14425373,-9.96860313,-9.96860313,1.25601196,-9.96860313,1.32035446,-9.96860313,1.39839172,0.861347198,-9.96860313,0.781460762,1.39712048,1.52454853,-9.96860313,1.09618759,0.625930786,0.709033966,0.819046974,0.87269783,0.954295158,1.00631809,0.80831337,1.30643845,1.58324623,1.21533203,1.35057354,1.24623013,1.18819714,1.12637138,1.44195557,1.61473465,1.49863052,1.34708214,3.5541172,3.48913622,0.905162811,0.663124084,0.661231995,0.988037109,0.993828773,0.799190521,1.24850655,0.771997452,0.834978104,1.48670101,1.10982513,0.890827179,1.07977295,1.08337498,1.03353405,0.824289322,1.78015614,0.938772202,0.806591034,0.713522911,0.969896317,1.13080692,1.19877529,1.02395344,2.49677753,0.50944519,0.207166672,0.458291054,0.436852455,0.137251854,-0.0180072784,0.52456665,0.410758018,0.572804451,0.12866497,0.987854004,0.418089867,0.101146698,0.104406357,0.139289856,0.381902695,0.526540756,0.743297577,0.319426537,0.3408041,0.340608597,0.317996025,0.583427429,0.5435009,0.740859985,1.01059341,0.77264595,0.484302521,0.340949059,0.239445686,0.398960114,0.546551704,0.379526138,0.64788723
2026-08-26T15:23:07.185+00:00	148.640	SUBSEG96 protocol=asd-research-v1.0.0 session=1 phase=CAL window=6 group=2 segments=8 dims=96 fnv1a=b0b75b53 values=-9.96588993,-9.96588993,1.40930653,-9.96588993,-9.96588993,1.25792408,-9.96588993,1.50199413,-9.96588993,1.50723553,0.803095818,-9.96588993,1.27596664,1.92872047,1.84906769,-9.96588993,1.12339783,0.471240044,0.683403015,0.746601105,0.698108673,0.700692177,1.00911999,1.14465427,1.27907753,1.5506258,1.32762337,0.979399681,1.00116444,1.05203629,0.975556374,1.21726513,1.10043907,0.944729805,0.844032288,3.56444836,3.50184155,0.989198685,0.836429596,0.807546616,1.22345829,1.05660915,0.744433403,1.16332817,0.86475563,1.01159477,1.30116558,1.18552971,0.997817039,1.08570862,1.0969696,0.943282127,0.876208305,1.73759079,0.75861454,0.759116173,0.717913628,1.15237522,1.20639229,1.1014595,0.886529922,2.50144386,0.548692703,0.278422356,0.483281136,0.55927372,0.217604637,0.101029396,0.571798325,0.39904213,0.501274109,0.238968849,1.13731861,0.440930367,-0.00937366486,0.129724503,0.0346126556,0.364517212,0.487023354,0.718132019,0.402983665,0.32907486,0.252661705,0.335907936,0.579697609,0.555080414,0.706962585,1.02203465,0.770200729,0.543616295,0.344524384,0.251543999,0.41938591,0.489505768,0.409163475,0.658354759
2026-08-26T15:23:07.294+00:00	148.750	SUBSEG96 protocol=asd-research-v1.0.0 session=1 phase=CAL window=6 group=3 segments=8 dims=96 fnv1a=20ab0e7a values=-9.96986008,-9.96986008,1.17545509,-9.96986008,-9.96986008,1.24154758,-9.96986008,1.59220219,-9.96986008,1.71468449,1.26575756,-9.96986008,0.811975479,1.81748104,1.92469406,-9.96986008,1.29175472,0.856854439,0.646090508,0.703263283,0.769991875,0.432956696,0.981119156,0.936232567,1.0844574,1.72954655,1.35354233,0.827149391,0.938276291,1.07391453,1.22604561,1.32023525,1.11294365,0.902961731,0.914165497,3.55644321,3.39787149,0.994172096,0.788883209,0.966661453,1.66076565,1.29916191,0.864078522,1.17068005,0.676416397,0.973575592,1.3784914,1.33363152,1.01213646,0.927511215,1.12633324,0.937082291,0.889861107,1.71023464,0.930612564,0.660560608,0.870806694,0.988928795,1.07343864,1.11805534,0.912239075,2.50747204,0.37601757,0.254862785,0.49741745,0.472233772,0.14583683,0.0600309372,0.482992172,0.350191116,0.398691177,0.236909866,1.04233837,0.424453735,0.0212459564,0.0749063492,0.052031517,0.386942863,0.535228729,0.689909935,0.388220787,0.324204445,0.217889786,0.370217323,0.554357529,0.567533493,0.752700806,0.997203827,0.779341698,0.531193733,0.27953434,0.23381424,0.366182327,0.62306881,0.334710121,0.565034866
2026-08-26T15:23:07.398+00:00	148.859	SUBSEG96 protocol=asd-research-v1.0.0 session=1 phase=CAL window=6 group=4 segments=7 dims=96 fnv1a=c9d8c809 values=-9.92469692,-9.92469692,1.13247776,-9.92469692,-9.92469692,1.24884129,-9.92469692,1.3354969,-9.92469692,1.32048607,1.22632694,-9.92469692,1.21988964,1.39692307,1.36843204,-9.92469692,0.730784416,0.820749283,0.835699081,0.903129578,0.708997726,0.413872719,0.858320236,1.19697952,1.30696106,1.64778614,1.16255665,0.754627228,0.718708992,0.940131187,1.06127071,1.04554939,1.0221014,1.24830914,1.00697803,3.62185526,3.41199017,1.14274597,0.929250717,0.974176407,1.17653465,0.984856606,0.833428383,1.2323513,0.853409767,0.975151062,1.3506031,1.12339973,0.964720726,0.845868111,1.22922325,1.09235096,0.820510864,1.82705402,1.01661873,0.802495956,0.866615295,1.09923553,1.15863514,1.16859531,0.98336792,2.56481266,0.545679092,0.216795921,0.503616333,0.432085037,0.249630928,-0.0119371414,0.459597588,0.516652107,0.589960098,0.232588768,1.0978756,0.395611763,0.0562543869,0.118691444,0.209296227,0.375189781,0.585349083,0.784906387,0.293971062,0.432029724,0.241973877,0.401199341,0.5502491,0.566617966,0.731476784,1.06068993,0.84693718,0.583483696,0.351197243,0.254937172,0.454998016,0.592391014,0.414362907,0.580924988
2026-08-26T15:23:07.509+00:00	148.968	SUBSEG96 protocol=asd-research-v1.0.0 session=1 phase=CAL window=6 group=5 segments=7 dims=96 fnv1a=1bcff9e1 values=-9.95148182,-9.95148182,1.07978153,-9.95148182,-9.95148182,1.24963093,-9.95148182,1.75494576,-9.95148182,1.57265472,1.09937859,-9.95148182,1.15064144,1.50160217,1.52877903,-9.95148182,0.807745934,0.867331505,0.589485168,1.14254379,1.09612274,0.851190567,0.961263657,0.827254295,1.06874752,1.59816074,1.10770798,1.01049995,0.783124924,0.765522957,1.29044056,1.22570992,1.01834774,0.950478554,0.956850052,3.59845877,3.43325853,1.27326679,0.87020874,0.711456299,1.15541458,1.24385738,0.855547905,1.14313126,0.773517609,0.868395805,1.37674522,1.12382984,0.816361427,0.908793449,0.971826553,1.13183308,1.00895977,1.78390884,0.785992622,0.682341576,0.908104897,1.1126833,1.06158543,1.26567364,0.8834095,2.56958342,0.526111603,0.326098442,0.486257553,0.343917847,0.278250694,0.00539493561,0.50528717,0.48112011,0.536266327,0.185235977,1.02301407,0.36993885,0.0713129044,0.167809486,0.157848358,0.496302605,0.548679352,0.771296501,0.247033119,0.367862701,0.219871521,0.34522438,0.556585312,0.581741333,0.746926308,1.06041241,0.846783638,0.557441711,0.316576004,0.276974678,0.400046349,0.615747452,0.392892838,0.625665665
2026-08-26T15:23:11.862+00:00	153.312	FLAGS protocol=asd-quality-v1.6.0 mode=LEARNING state=NO_MACHINE waiting=0 learning=1 learned=0 anomaly=0 hold=0 fault=0 green=blink_5hz red=off guided25_available=1 workflow_pending=DEFAULT research_telemetry=1 profile_persistence_allowed=0 dropped=0
2026-08-26T15:23:16.791+00:00	158.250	QUALITY protocol=asd-quality-v1.6.0 phase=CAL index=7 total=10 result=OK metrics_valid=1 samples=159744 expected=159744 rms_dbfs=-47.493 dc=-0.483 peak=503 clipped=0 zeros=426 stuck=244 dropped_delta=0 feature_valid=1 tonalness_valid=1 tonalness_proxy=3.553720 tonal_gate=pending_normal_only
2026-08-26T15:23:16.793+00:00	158.250	CAL  7/10 score=0.00000 nivo=-47.5 dBFS racun=716 ms
2026-08-26T15:23:16.930+00:00	158.390	FEATURE96 protocol=asd-research-v1.0.0 session=1 phase=CAL window=7 window_start_ms=147721 window_end_ms=157004 score=0 level_dbfs=-47.4929581 quality=OK tonalness_proxy=3.55372 dims=96 fnv1a=b9899488 values=-9.99914837,-9.99914837,1.30305576,-9.99914837,-9.99914837,1.53576756,-9.99914837,2.23641205,-9.99914837,2.04954481,1.18559933,-9.99914837,1.35884762,1.95180988,1.89949512,-9.99914837,1.23772812,0.761463165,0.76257515,0.850306511,0.86340332,0.749714851,0.946101189,1.02910519,1.25295353,1.87978935,1.24340534,0.880392075,0.823004723,0.953178406,0.979539871,1.19638157,1.30759525,1.26082516,1.08649158,3.55372,3.384727,0.952415466,0.569267273,0.698643684,1.1292305,0.991082191,0.84540844,1.13850403,0.69781208,0.778102875,1.23831177,1.10600662,0.853363037,0.932567596,1.00309372,0.950466156,0.980202675,1.77738762,0.917915344,0.800902367,0.720093727,1.0161562,1.08732891,1.1337738,0.869002342,2.48394585,0.483689308,0.194090843,0.459492683,0.451538086,0.146282196,-0.00974750519,0.501449585,0.375188828,0.469608307,0.186794281,1.0161171,0.356038094,-0.00983428955,0.109447479,0.111886024,0.369506836,0.513188362,0.710475922,0.317671776,0.304796219,0.19576931,0.343900681,0.499402046,0.510654449,0.669770241,0.953093529,0.769852638,0.488809586,0.268283844,0.227352142,0.345080376,0.542750359,0.359249115,0.567574501
2026-08-26T15:23:16.933+00:00	158.390	FLAGS protocol=asd-quality-v1.6.0 mode=LEARNING state=NO_MACHINE waiting=0 learning=1 learned=0 anomaly=0 hold=0 fault=0 green=blink_5hz red=off guided25_available=1 workflow_pending=DEFAULT research_telemetry=1 profile_persistence_allowed=0 dropped=0
2026-08-26T15:23:17.053+00:00	158.500	SUBSEG96 protocol=asd-research-v1.0.0 session=1 phase=CAL window=7 group=1 segments=8 dims=96 fnv1a=c6065f8d values=-10.0196095,-10.0196095,1.05242538,-10.0196095,-10.0196095,1.27061749,-10.0196095,1.61700249,-10.0196095,1.6802969,1.36499214,-10.0196095,1.70225906,2.33637905,2.32803488,-10.0196095,1.56959438,1.05939674,1.0342598,1.02354813,0.877017975,0.738928795,0.980207443,0.801642418,1.24029636,1.77514267,1.25168705,0.830435753,1.00107098,0.874103546,1.0922451,1.37436485,1.43984795,1.25220966,0.927939415,3.52716732,3.41238499,0.953989983,0.484340668,0.805454254,1.144804,0.966724396,0.875012398,1.11339664,0.798801422,0.783137321,1.22871494,1.04124737,0.789346695,0.917855263,0.956483841,0.961298943,1.02608585,1.78480053,0.896652222,0.747711182,0.774600983,1.07938766,1.04413319,1.1164341,0.813247681,2.47754335,0.435863495,0.18448925,0.437007904,0.424799919,0.176620483,0.0111865997,0.512272835,0.281888008,0.437806129,0.175613403,0.959506035,0.39404583,-0.0413675308,0.0525245667,0.0665369034,0.35000515,0.453607559,0.716794968,0.308634758,0.20478344,0.248161316,0.279576302,0.512528419,0.439023972,0.66642189,0.956203461,0.753679276,0.455900192,0.249838829,0.179274559,0.35945797,0.566782951,0.356201172,0.574589729
2026-08-26T15:23:17.167+00:00	158.625	SUBSEG96 protocol=asd-research-v1.0.0 session=1 phase=CAL window=7 group=2 segments=8 dims=96 fnv1a=77a446e5 values=-9.97448635,-9.97448635,0.993826866,-9.97448635,-9.97448635,1.38730526,-9.97448635,1.85595512,-9.97448635,1.64392567,1.1603632,-9.97448635,1.08778858,1.67586613,1.7328825,-9.97448635,1.06036282,0.546834946,0.845339775,0.819540024,0.964119911,0.574607849,0.998653412,1.13342762,1.36002159,2.02547169,1.24237919,0.98233223,0.785936356,0.880311012,0.909046173,1.16347218,1.49240685,1.63440037,1.1687994,3.56205177,3.4835825,1.07783318,0.589964867,0.480327606,0.901373863,0.925290108,0.662625313,1.19744778,0.716306686,0.679214478,1.30216217,1.14410782,0.886147499,0.954899788,1.04630089,0.947936058,1.10245991,1.77873993,0.865194321,0.885440826,0.741101265,0.996596336,1.13984108,1.21428871,0.944016457,2.52371264,0.54489994,0.288906097,0.55824852,0.549362183,0.0652503967,0.0434026718,0.504559517,0.452459335,0.532928467,0.121393204,1.02885532,0.359290123,-0.0628595352,0.183191299,0.183731079,0.406805992,0.540198326,0.756821632,0.342321396,0.369606972,0.22932148,0.354484558,0.596441269,0.553786278,0.698537827,0.993150711,0.775795937,0.487923622,0.305823326,0.233793259,0.39441967,0.538322449,0.364308357,0.625967979
2026-08-26T15:23:17.268+00:00	158.718	SUBSEG96 protocol=asd-research-v1.0.0 session=1 phase=CAL window=7 group=3 segments=8 dims=96 fnv1a=66d70f02 values=-9.98877525,-9.98877525,1.29650211,-9.98877525,-9.98877525,1.87410259,-9.98877525,2.54240084,-9.98877525,2.33754826,1.28955555,-9.98877525,1.37920284,1.98548889,1.6769743,-9.98877525,0.886329651,0.569690704,0.440152168,0.54850769,0.653962135,0.738897324,0.865364075,1.16086292,1.10043144,1.71416569,1.18207359,0.959531784,0.754811287,1.14573383,1.0016098,1.1955843,1.32603359,1.23058891,1.10784817,3.57453871,3.36184788,0.958052635,0.286454201,0.683626175,1.34850025,1.05621147,0.930065155,1.12076187,0.766080856,0.8338871,1.33691311,1.18520832,0.854948997,1.03493977,0.97826004,0.92890358,0.857948303,1.80366135,0.98897171,0.748627663,0.62816906,1.0531435,1.14741898,1.12996578,0.87010479,2.46157026,0.492314339,0.182060242,0.442182541,0.447001457,0.129181862,-0.025097847,0.457350731,0.40799427,0.492069244,0.223052979,1.04966927,0.344159126,0.0153484344,0.161552429,0.0832538605,0.331361771,0.585492134,0.671408653,0.319898605,0.259338379,0.161107063,0.415996552,0.479018211,0.53032589,0.659187317,0.987693787,0.791488647,0.51064682,0.3034935,0.258533478,0.334182739,0.588553429,0.364216805,0.563439369
2026-08-26T15:23:17.377+00:00	158.828	SUBSEG96 protocol=asd-research-v1.0.0 session=1 phase=CAL window=7 group=4 segments=7 dims=96 fnv1a=20bad628 values=-9.97887611,-9.97887611,1.51585388,-9.97887611,-9.97887611,1.49448109,-9.97887611,2.50779581,-9.97887611,2.27117538,1.13982105,-9.97887611,1.18879604,1.66981125,1.55079651,-9.97887611,1.08373833,0.682352066,0.527539253,0.940800667,0.922904015,0.87206459,0.964473724,0.979941368,1.08472633,1.76956367,1.31331158,0.890583992,0.887195587,0.997936249,1.09590816,1.23363686,1.00528908,0.899430275,1.24728298,3.58133125,3.36692762,0.896274567,0.73492527,0.71260643,0.86391449,1.12557697,0.878166199,1.05883026,0.643643379,0.830449104,1.20602131,1.1076622,0.94171524,0.889535904,0.937443733,0.999228477,0.894878387,1.75250816,0.956915855,0.857169151,0.748877525,0.970043182,1.1322031,1.18684101,0.891516685,2.50471449,0.491165161,0.155602455,0.437475204,0.433970451,0.169001579,-0.00385093689,0.508033752,0.353881836,0.482428551,0.163668633,1.01372719,0.396490097,0.147023201,0.0853919983,0.156802177,0.439477921,0.487500191,0.750919342,0.340903282,0.364840508,0.219305038,0.386051178,0.488085747,0.549845695,0.673455238,0.95708847,0.767225266,0.515650749,0.28090477,0.288415909,0.346061707,0.593943596,0.400508881,0.582695961
2026-08-26T15:23:17.483+00:00	158.937	SUBSEG96 protocol=asd-research-v1.0.0 session=1 phase=CAL window=7 group=5 segments=7 dims=96 fnv1a=9914426e values=-9.94580364,-9.94580364,1.5520401,-9.94580364,-9.94580364,1.44102478,-9.94580364,2.10328674,-9.94580364,1.97014141,0.747442245,-9.94580364,1.00760555,1.39957619,1.53620815,-9.94580364,1.27884102,0.758248329,0.71685791,0.860280991,0.936849594,0.876814842,0.995885849,1.07475281,1.46767998,2.1017642,1.31391239,0.765818596,0.633609772,0.864167213,0.761983871,0.92095089,1.06982231,0.704848289,1.0077467,3.61277246,3.35259962,0.917360306,0.746934891,0.823821068,1.25482368,0.931298256,0.920775414,1.26940346,0.558627129,0.836307526,1.14879608,1.12342072,0.880137444,0.918826103,1.16548061,1.00258827,1.05058002,1.84780407,0.959453583,0.845973969,0.779605865,1.04136658,1.03593063,1.08649445,0.90807724,2.53894615,0.538367271,0.22730732,0.493330002,0.472764969,0.267617226,0.00096988678,0.610062599,0.45384407,0.480951309,0.324454308,1.11494827,0.363524437,-0.0497531891,0.134555817,0.153021812,0.406607628,0.574068069,0.738897324,0.364002228,0.408354759,0.189957619,0.361053467,0.481730461,0.567507744,0.737854004,0.94407177,0.847769737,0.564076424,0.28090477,0.264229774,0.369605064,0.488080978,0.398611069,0.566581726
2026-08-26T15:23:21.886+00:00	163.343	FLAGS protocol=asd-quality-v1.6.0 mode=LEARNING state=NO_MACHINE waiting=0 learning=1 learned=0 anomaly=0 hold=0 fault=0 green=blink_5hz red=off guided25_available=1 workflow_pending=DEFAULT research_telemetry=1 profile_persistence_allowed=0 dropped=0
2026-08-26T15:23:26.764+00:00	168.218	QUALITY protocol=asd-quality-v1.6.0 phase=CAL index=8 total=10 result=OK metrics_valid=1 samples=159744 expected=159744 rms_dbfs=-47.824 dc=-0.383 peak=514 clipped=0 zeros=445 stuck=246 dropped_delta=0 feature_valid=1 tonalness_valid=1 tonalness_proxy=3.558302 tonal_gate=pending_normal_only
2026-08-26T15:23:26.767+00:00	168.218	CAL  8/10 score=0.00000 nivo=-47.8 dBFS racun=727 ms
2026-08-26T15:23:26.897+00:00	168.343	FEATURE96 protocol=asd-research-v1.0.0 session=1 phase=CAL window=8 window_start_ms=157696 window_end_ms=166978 score=0 level_dbfs=-47.8240585 quality=OK tonalness_proxy=3.55830193 dims=96 fnv1a=a0184188 values=-9.99982548,-9.99982548,1.0128336,-9.99982548,-9.99982548,1.02808094,-9.99982548,1.36518383,-9.99982548,1.31935692,0.891677856,-9.99982548,1.48540401,2.10698795,1.93771362,-9.99982548,1.12751198,0.811774254,0.881759644,1.09350014,1.11221313,0.808674812,0.814073563,1.06804562,1.28351212,1.53046608,1.19199085,1.054842,0.975348473,0.836894035,1.11101341,1.48347664,1.58427811,1.34940815,1.21185398,3.55830193,3.28137827,0.929029465,0.769298553,0.921611786,1.69563293,1.35083961,1.01711464,1.26585484,0.734101295,0.852478981,1.31839943,1.1257143,0.915332794,0.96244812,1.02214813,0.985898972,0.919281006,1.80046463,0.983370781,0.795553207,0.709487915,0.947314262,1.09350777,1.11962414,0.843269348,2.46018124,0.48438549,0.122395515,0.427085876,0.361321449,0.127488136,-0.00295734406,0.485780716,0.354820251,0.451947212,0.196615219,1.03918743,0.337180138,-0.00523281097,0.0894193649,0.120812416,0.35444355,0.504533768,0.703347206,0.307646751,0.299093246,0.149344444,0.306817055,0.447742462,0.471694946,0.666921616,0.942224503,0.763365746,0.47599411,0.223586082,0.2667799,0.344670296,0.453289032,0.342701912,0.528686523
2026-08-26T15:23:26.908+00:00	168.359	FLAGS protocol=asd-quality-v1.6.0 mode=LEARNING state=NO_MACHINE waiting=0 learning=1 learned=0 anomaly=0 hold=0 fault=0 green=blink_5hz red=off guided25_available=1 workflow_pending=DEFAULT research_telemetry=1 profile_persistence_allowed=0 dropped=0
2026-08-26T15:23:27.026+00:00	168.484	SUBSEG96 protocol=asd-research-v1.0.0 session=1 phase=CAL window=8 group=1 segments=8 dims=96 fnv1a=ba0d4825 values=-9.9539938,-9.9539938,1.00133705,-9.9539938,-9.9539938,0.874866486,-9.9539938,1.45337296,-9.9539938,1.29448795,0.686422348,-9.9539938,0.663768768,1.30171204,1.57857704,-9.9539938,1.06139183,0.821060181,0.709896088,1.14233398,1.27765465,0.898529053,0.806517601,0.756713867,1.23409081,1.81158352,1.25000286,0.901931763,0.880430222,0.798052788,1.07006168,1.38844395,1.07215214,0.921025276,0.947652817,3.59207249,3.40613222,1.00427246,0.910617828,1.06426811,1.98030663,1.45108223,1.02768993,1.40160179,0.882007599,1.02940845,1.04279613,1.18352699,0.803135872,1.0697298,1.10478115,0.904436111,0.962872505,1.73253536,1.13380718,0.744616508,0.803501129,1.01465893,1.19190979,1.25747108,0.966775894,2.50645447,0.583502769,0.159970284,0.479858398,0.434249878,0.200536728,-0.0866098404,0.61050415,0.345246315,0.474220276,0.265068054,1.03472805,0.342367172,0.11280632,0.156693459,0.20850563,0.372799873,0.523424149,0.693367958,0.331016541,0.34670639,0.255110741,0.407011032,0.50315094,0.558675766,0.718552589,1.00114918,0.778335571,0.499150276,0.310102463,0.242314339,0.443663597,0.67691803,0.362715721,0.509679794
2026-08-26T15:23:27.140+00:00	168.593	SUBSEG96 protocol=asd-research-v1.0.0 session=1 phase=CAL window=8 group=2 segments=8 dims=96 fnv1a=1c261899 values=-9.94294739,-9.94294739,0.731443405,-9.94294739,-9.94294739,0.744468689,-9.94294739,1.09222221,-9.94294739,1.0409584,0.864748955,-9.94294739,0.998340607,1.55967331,1.58656979,-9.94294739,1.14744473,0.926886559,1.02516842,1.05068207,0.992973328,0.551773071,0.564939499,0.784694672,1.3667469,1.5194025,1.08078957,0.453745842,0.667034149,0.77647686,1.3692522,1.75832272,1.71524048,1.41374588,1.3838644,3.6231966,3.34216785,1.01118088,0.626560211,0.90239048,1.52124596,1.50531769,1.06901073,1.33264637,0.752514839,0.81470108,1.42854214,1.21933365,0.925708771,1.07817554,1.10229111,1.08350754,0.994576454,1.91611671,0.91908741,0.825737,0.703134537,1.0515995,1.16196346,1.21548653,0.893270493,2.53704309,0.505731583,0.155962944,0.42600441,0.415588379,0.228513718,0.0465164185,0.549676895,0.354886055,0.423643112,0.203803062,1.05664158,0.423203468,0.0371427536,0.130643845,0.181615829,0.420151711,0.578698158,0.768930435,0.389678955,0.376559258,0.158679962,0.395510674,0.51830101,0.461484909,0.722611427,1.01190948,0.815647125,0.544793129,0.298555374,0.342030525,0.430233002,0.471334457,0.391392708,0.583395958
2026-08-26T15:23:27.239+00:00	168.687	SUBSEG96 protocol=asd-research-v1.0.0 session=1 phase=CAL window=8 group=3 segments=8 dims=96 fnv1a=8d58aa40 values=-9.96217918,-9.96217918,1.10513306,-9.96217918,-9.96217918,1.1671629,-9.96217918,1.40401173,-9.96217918,1.39699459,0.998141289,-9.96217918,1.28044224,1.6671629,1.43599224,-9.96217918,0.891392708,0.746891022,1.05246735,1.26559544,1.11040783,0.509536743,0.680560112,1.24237728,1.37463284,1.51486111,0.984193802,0.917496681,0.819316864,0.914777756,1.10320377,1.42905903,1.83868885,1.29953766,0.887921333,3.58595848,3.28034782,0.889540672,0.688511848,0.720624924,1.82193947,1.41915131,0.95579052,1.14370441,0.672190666,0.794754028,1.26275826,1.0745821,0.891652107,1.0722971,1.00058937,1.18026161,0.953948021,1.87178802,1.0860796,0.822871208,0.788340569,0.955563545,1.08858109,1.10604858,0.929293633,2.47780752,0.471335411,0.136906624,0.368641853,0.366731644,0.0206327438,0.0887527466,0.489750862,0.405330658,0.562480927,0.262154579,1.01557255,0.373161316,-0.01512146,0.0905170441,0.149881363,0.420890808,0.505337715,0.803249359,0.367486,0.30264473,0.194054604,0.324260712,0.483234406,0.51504612,0.696430206,0.965906143,0.825801849,0.516670227,0.243497849,0.340172768,0.381257057,0.44376564,0.408516884,0.599559784
2026-08-26T15:23:27.343+00:00	168.796	SUBSEG96 protocol=asd-research-v1.0.0 session=1 phase=CAL window=8 group=4 segments=7 dims=96 fnv1a=9ae7991a values=-10.0003119,-10.0003119,1.12763309,-10.0003119,-10.0003119,1.24078846,-10.0003119,1.2970047,-10.0003119,1.34666634,0.754637718,-10.0003119,1.24910641,1.74426556,1.62438202,-10.0003119,1.08923626,0.800506592,0.809990883,0.944683075,1.15599346,1.12361336,1.0992651,1.17959023,1.28340721,1.19395161,1.51970291,1.55736732,1.22177792,0.725839615,1.05798531,1.55614376,1.71404171,1.65210724,1.554739,3.56942463,3.2255435,0.997207642,1.05234241,0.738647461,1.12315845,1.23170948,0.996763229,1.03953171,0.760014534,0.91291523,1.55925846,1.08806896,0.987696648,0.785917282,1.06093502,0.915771484,0.839777946,1.8383522,0.894797325,0.849102974,0.649366379,0.934495926,1.06726265,1.09672451,0.713032722,2.45244551,0.499282837,0.188569069,0.510033607,0.348892212,0.128743172,0.0826892853,0.452775002,0.346575737,0.441242218,0.237569809,1.11858368,0.353370667,-0.0217313766,0.109300613,0.0892419815,0.349286079,0.495271683,0.67146492,0.317911148,0.288971901,0.116933823,0.23729229,0.461086273,0.477815628,0.665653229,0.912574768,0.751623154,0.468598366,0.212362289,0.223787308,0.249047279,0.335121155,0.329294205,0.548502922
2026-08-26T15:23:27.452+00:00	168.906	SUBSEG96 protocol=asd-research-v1.0.0 session=1 phase=CAL window=8 group=5 segments=7 dims=96 fnv1a=c0df1616 values=-10.0252934,-10.0252934,1.10211754,-10.0252934,-10.0252934,1.04667473,-10.0252934,1.55249786,-10.0252934,1.50074863,1.11563206,-10.0252934,2.029562,2.70148087,2.48225689,-10.0252934,1.39665031,0.862978935,0.82952404,1.10986996,1.09130859,0.789769173,0.85000515,1.23134995,1.25932121,1.51118279,1.01072216,0.733581543,1.15718269,1.01193714,0.966583252,1.24081898,1.27860165,1.29622459,1.01710606,3.5366869,3.24666882,0.841143608,0.435660362,1.13279819,1.71438599,1.1796217,1.13144875,1.40712166,0.693394661,0.779236794,1.25966167,1.1648674,1.04596329,0.832954407,0.944626808,0.879253387,0.947096825,1.73557091,0.942814827,0.845915794,0.699090958,0.882291794,1.06207848,0.997468948,0.780515671,2.4403491,0.471944809,0.0857725143,0.458294868,0.353785515,0.152497292,-0.0538711548,0.419898033,0.429848671,0.45922184,0.118837357,1.08285522,0.306470871,-0.0370464325,0.0754566193,0.0800561905,0.319726944,0.534173012,0.681456566,0.238575935,0.294008255,0.124534607,0.263467789,0.381907463,0.454642296,0.646111488,0.930402756,0.758624077,0.46509552,0.156822205,0.289207458,0.3071661,0.369609833,0.334283829,0.514139175
2026-08-26T15:23:31.892+00:00	173.343	FLAGS protocol=asd-quality-v1.6.0 mode=LEARNING state=NO_MACHINE waiting=0 learning=1 learned=0 anomaly=0 hold=0 fault=0 green=blink_5hz red=off guided25_available=1 workflow_pending=DEFAULT research_telemetry=1 profile_persistence_allowed=0 dropped=0
2026-08-26T15:23:36.738+00:00	178.187	QUALITY protocol=asd-quality-v1.6.0 phase=CAL index=9 total=10 result=OK metrics_valid=1 samples=159744 expected=159744 rms_dbfs=-48.224 dc=-0.503 peak=508 clipped=0 zeros=453 stuck=239 dropped_delta=0 feature_valid=1 tonalness_valid=1 tonalness_proxy=3.554004 tonal_gate=pending_normal_only
2026-08-26T15:23:36.741+00:00	178.203	CAL  9/10 score=0.00000 nivo=-48.2 dBFS racun=716 ms
2026-08-26T15:23:36.876+00:00	178.328	FEATURE96 protocol=asd-research-v1.0.0 session=1 phase=CAL window=9 window_start_ms=167668 window_end_ms=176953 score=0 level_dbfs=-48.2244949 quality=OK tonalness_proxy=3.55400419 dims=96 fnv1a=73ddbbc1 values=-10.0166473,-10.0166473,1.20043278,-10.0166473,-10.0166473,0.833705902,-10.0166473,1.2404623,-10.0166473,1.34952068,0.894771576,-10.0166473,1.52735329,2.09456015,2.07062769,-10.0166473,1.45927048,1.019804,1.0219717,1.13906097,0.852225304,0.520840645,0.70075798,0.987665176,1.26067352,1.4010973,0.994143486,0.876254082,0.859745026,0.922755241,1.00542545,1.43890095,1.77263165,1.33415508,1.30678177,3.55400419,3.24295712,1.31235123,1.26637554,0.750414848,1.85859585,1.47367573,1.20921516,1.26417637,0.911512375,1.08866405,1.55085564,1.11257267,0.929709435,0.881041527,0.966580391,0.949977875,0.865970612,1.8015852,0.84578228,0.717422485,0.751996994,0.942067146,1.0668602,1.05846786,0.840167046,2.4493804,0.437312126,0.148743629,0.429418564,0.405877113,0.0741920471,-0.113751411,0.437232018,0.333838463,0.44344902,0.159776688,1.01259995,0.303600311,-0.0252342224,0.0678119659,0.0956048965,0.310926437,0.504580498,0.693264008,0.269952774,0.288337708,0.140345573,0.297772408,0.400966644,0.491591454,0.651351929,0.930652618,0.765611649,0.479930878,0.207574844,0.24118042,0.319771767,0.337103844,0.331850052,0.511921883
2026-08-26T15:23:36.979+00:00	178.437	SUBSEG96 protocol=asd-research-v1.0.0 session=1 phase=CAL window=9 group=1 segments=8 dims=96 fnv1a=a384f001 values=-10.0234308,-10.0234308,1.53126144,-10.0234308,-10.0234308,0.912587166,-10.0234308,1.43734169,-10.0234308,1.62838364,1.06849575,-10.0234308,1.75024128,2.38370466,2.2056036,-10.0234308,1.37217617,0.56623745,1.26770401,1.49081707,1.05426788,0.630179405,0.790348053,1.0476141,1.28061008,1.30176163,0.970226288,0.856720924,0.941910744,0.930548668,1.11154079,1.40996361,1.87470341,1.5604763,1.84362793,3.55519104,3.22980595,0.906895638,0.761142731,0.563323975,1.38740158,1.12364197,1.3946867,1.12681293,0.746272087,1.09326458,1.40959072,1.13143063,0.722419739,0.904704094,0.840364456,0.909421921,0.956143379,1.78751945,0.840177536,0.616452217,0.733218193,0.812263489,0.910124779,1.09406662,0.822343826,2.45295143,0.439284325,0.217889786,0.389933586,0.376410484,0.0132083893,-0.155888557,0.437810898,0.349067688,0.416808128,0.188240051,1.02527237,0.260357857,-0.0612783432,0.0881958008,0.0742120743,0.263997078,0.480327606,0.711283684,0.254560471,0.324492455,0.165653229,0.286158562,0.352641106,0.493167877,0.670654297,0.896922112,0.747647285,0.521924019,0.175299644,0.227014542,0.345819473,0.335000038,0.333047867,0.49155426
2026-08-26T15:23:36.988+00:00	178.437	FLAGS protocol=asd-quality-v1.6.0 mode=LEARNING state=NO_MACHINE waiting=0 learning=1 learned=0 anomaly=0 hold=0 fault=0 green=blink_5hz red=off guided25_available=1 workflow_pending=DEFAULT research_telemetry=1 profile_persistence_allowed=0 dropped=0
2026-08-26T15:23:37.110+00:00	178.562	SUBSEG96 protocol=asd-research-v1.0.0 session=1 phase=CAL window=9 group=2 segments=8 dims=96 fnv1a=f8a4992e values=-9.97337246,-9.97337246,1.18330002,-9.97337246,-9.97337246,0.993379593,-9.97337246,1.39869213,-9.97337246,1.61810112,1.03282166,-9.97337246,1.42489433,1.87008953,1.83299923,-9.97337246,1.29081726,1.1130476,1.13160896,1.10410881,0.847278595,0.559178352,0.637069702,1.07334518,1.38314247,1.36902142,1.09157372,0.700433731,0.950037003,1.14135456,0.92706871,1.36802292,1.36179447,1.35897446,0.929477692,3.59398651,3.31800413,1.15172768,0.749423981,0.764117241,1.36367321,1.11426449,0.997244835,1.01962185,0.592188835,1.1300354,1.46661472,1.00751114,0.840535164,0.877604485,0.923475266,0.957870483,0.938214302,1.85029984,0.737455368,0.752563477,0.839385986,0.954977036,1.15249443,1.26438808,0.955742836,2.51977205,0.424154282,0.194311142,0.381094933,0.533018112,0.170005798,-0.035492897,0.509052277,0.339515686,0.538114548,0.128603935,1.02075577,0.378730774,0.0237150192,0.111956596,0.20181942,0.434239388,0.543130875,0.702467918,0.336590767,0.308171272,0.204673767,0.416770935,0.513080597,0.515506744,0.681696892,0.986968994,0.819081306,0.510416985,0.278624535,0.290000916,0.360803604,0.494765282,0.367946625,0.578073502
2026-08-26T15:23:37.218+00:00	178.671	SUBSEG96 protocol=asd-research-v1.0.0 session=1 phase=CAL window=9 group=3 segments=8 dims=96 fnv1a=c3750657 values=-9.98120689,-9.98120689,0.997484207,-9.98120689,-9.98120689,0.750271797,-9.98120689,1.18665886,-9.98120689,1.01210213,0.868878365,-9.98120689,1.59009457,2.09207535,2.1481452,-9.98120689,1.57622719,1.11177731,0.788316727,0.810170174,0.654839516,0.662807465,0.769726753,1.04617405,1.13438225,1.33320618,0.918844223,0.907496452,0.816624641,0.844569206,0.827080727,1.07473278,1.22202492,0.952902794,0.765612602,3.57725763,3.26623392,1.40278435,1.60203743,1.0008316,1.70731735,1.52153873,1.43862343,1.45552826,1.17551327,1.19247437,1.65513325,1.24654388,1.15293884,0.892710686,1.05835056,1.02927399,0.709108353,1.85943794,1.00852776,0.750289917,0.810077667,1.06206322,1.15338421,0.985593796,0.78729248,2.4380517,0.44386673,0.151224136,0.578645706,0.356138229,0.111766815,-0.128652573,0.428364754,0.352801323,0.442950249,0.200901985,1.0313015,0.335895538,-0.0065870285,0.0816144943,0.0980319977,0.325181961,0.481749535,0.778410912,0.319862366,0.27904129,0.196619034,0.247887611,0.416414261,0.48647213,0.631879807,0.952254295,0.825052261,0.505261421,0.258033752,0.240501404,0.335361481,0.360967636,0.385457039,0.54294014
2026-08-26T15:23:37.327+00:00	178.781	SUBSEG96 protocol=asd-research-v1.0.0 session=1 phase=CAL window=9 group=4 segments=7 dims=96 fnv1a=6c707d0d values=-9.97969151,-9.97969151,1.11935329,-9.97969151,-9.97969151,0.889061928,-9.97969151,0.97127533,-9.97969151,0.917180061,0.720046043,-9.97969151,1.57778835,2.18175316,2.33226681,-9.97969151,1.60257816,0.63684845,0.549859047,0.813406944,0.635681152,0.40500927,0.795802116,0.837381363,1.13812923,1.57956886,0.876289368,0.689815521,0.90124321,0.860276222,0.918146133,1.1923275,2.24045277,1.22426224,0.874119759,3.59511709,3.27168751,1.05680466,1.04350853,0.82790947,2.4030757,1.88807011,1.05357742,1.35452175,0.996558189,0.835036278,1.5748806,1.06838131,1.00219154,1.00005245,1.15189266,1.04835892,0.917485237,1.78097534,0.84592247,0.820895195,0.789539337,1.02525139,1.1135397,1.02614212,0.94517231,2.48673296,0.446234703,0.163693428,0.490290642,0.468387604,0.10377121,-0.108328819,0.47364521,0.410841942,0.458226204,0.253966331,1.04391193,0.294791222,0.0646734238,0.103640556,0.0996208191,0.290117264,0.603497505,0.75472641,0.288858414,0.320311546,0.134685516,0.307683945,0.417043686,0.550715446,0.68939209,0.991159439,0.782197952,0.484912872,0.216217995,0.312656403,0.325668335,0.321432114,0.330960274,0.544761658
2026-08-26T15:23:37.434+00:00	178.890	SUBSEG96 protocol=asd-research-v1.0.0 session=1 phase=CAL window=9 group=5 segments=7 dims=96 fnv1a=c8a8a4eb values=-10.0014744,-10.0014744,0.936120033,-10.0014744,-10.0014744,0.648156166,-10.0014744,1.09324455,-10.0014744,1.04476452,0.735141754,-10.0014744,1.16947365,1.69257355,1.57624054,-10.0014744,1.52384853,1.34796619,1.08952427,1.12594032,0.991544724,0.343193054,0.57967186,0.994440079,1.40988922,1.51601028,1.17053795,1.16994667,0.77153492,0.872584343,1.23357296,1.84990692,1.53995323,1.43837261,0.874112129,3.5732708,3.24945307,1.71677876,1.56486034,0.567479134,1.74551773,1.44171906,0.992427826,1.36789513,0.963184357,1.2068243,1.72080803,1.18485451,0.953287125,0.843873024,0.943379402,0.920146942,0.88549614,1.84541607,0.871952057,0.76813221,0.694765091,0.957730293,1.10375977,0.956396103,0.791014671,2.47082949,0.55010128,0.122260094,0.399449348,0.402256012,0.0886411667,-0.0235433578,0.458831787,0.340816498,0.479013443,0.142262459,1.06620789,0.365387917,-0.021897316,0.075129509,0.117790222,0.346700668,0.539940834,0.623534203,0.26796627,0.330680847,0.106316566,0.337911606,0.418872833,0.539038658,0.706342697,0.95187664,0.773241997,0.492750168,0.22817421,0.261987686,0.350399017,0.248492241,0.360776901,0.524654388
2026-08-26T15:23:41.914+00:00	183.375	FLAGS protocol=asd-quality-v1.6.0 mode=LEARNING state=NO_MACHINE waiting=0 learning=1 learned=0 anomaly=0 hold=0 fault=0 green=blink_5hz red=off guided25_available=1 workflow_pending=DEFAULT research_telemetry=1 profile_persistence_allowed=0 dropped=0
2026-08-26T15:23:46.713+00:00	188.171	QUALITY protocol=asd-quality-v1.6.0 phase=CAL index=10 total=10 result=OK metrics_valid=1 samples=159744 expected=159744 rms_dbfs=-48.010 dc=-0.480 peak=487 clipped=0 zeros=407 stuck=241 dropped_delta=0 feature_valid=1 tonalness_valid=1 tonalness_proxy=3.571668 tonal_gate=pending_normal_only
2026-08-26T15:23:46.715+00:00	188.171	CAL 10/10 score=0.00000 nivo=-48.0 dBFS racun=716 ms
2026-08-26T15:23:46.852+00:00	188.312	FEATURE96 protocol=asd-research-v1.0.0 session=1 phase=CAL window=10 window_start_ms=177645 window_end_ms=186927 score=0 level_dbfs=-48.0104141 quality=OK tonalness_proxy=3.57166767 dims=96 fnv1a=da0a52bd values=-9.98921871,-9.98921871,1.13052177,-9.98921871,-9.98921871,0.990154266,-9.98921871,1.42537975,-9.98921871,1.49181175,1.05551815,-9.98921871,1.26438999,1.85381031,1.92712593,-9.98921871,1.48829079,0.785055161,0.884030342,1.09000397,0.832637787,0.653921127,0.905563354,0.975345612,1.10032463,1.36427784,1.08220959,0.799738884,0.872237206,1.0245657,0.888519287,1.18997097,1.44741917,1.50228596,1.12684822,3.57166767,3.34461975,1.5680809,1.26811504,0.61419487,1.24292183,1.19077778,0.805132866,1.23313522,0.775468826,1.05243015,1.51994705,1.14640617,0.86780262,1.02165508,1.03024387,1.00133038,0.825171471,1.81627846,0.928369522,0.765292168,0.803334236,0.995079994,1.07770729,1.14056587,0.839138985,2.47360802,0.489123344,0.1560812,0.429844856,0.454999924,0.156526566,-0.00141716003,0.513068199,0.390420914,0.491347313,0.205316544,1.0279789,0.363555908,0.0275354385,0.115301132,0.117082596,0.368792534,0.533568382,0.693551064,0.348265648,0.308978081,0.186839104,0.34210968,0.464865685,0.483510971,0.674688339,0.962236404,0.774025917,0.474005699,0.261955261,0.251203537,0.395208359,0.505709648,0.336817741,0.540195465
2026-08-26T15:23:46.957+00:00	188.406	SUBSEG96 protocol=asd-research-v1.0.0 session=1 phase=CAL window=10 group=1 segments=8 dims=96 fnv1a=90de1948 values=-9.98481655,-9.98481655,0.937082291,-9.98481655,-9.98481655,1.08795261,-9.98481655,1.28542137,-9.98481655,1.29694462,0.90093708,-9.98481655,1.23189735,1.85488033,1.88540554,-9.98481655,1.63838673,0.97171402,1.17891979,1.44734287,1.13846779,0.607617378,0.893829346,0.980220795,1.00732994,1.37633896,1.20052147,0.878401756,0.782977104,1.08968925,0.892449379,1.39630795,1.71798038,1.53181171,0.98622036,3.58750296,3.34023714,1.10363865,0.796356201,0.585270882,1.42230892,0.995765686,0.675118446,1.26286507,0.7701931,1.02011395,1.41721439,1.10751724,0.740937233,1.01401806,1.05331326,0.927457809,0.86635685,1.83626652,0.898783684,0.843906403,0.792126656,1.02036381,1.07346725,1.207654,0.823117256,2.47789764,0.516794205,0.157007217,0.504864693,0.514122009,0.128552437,-0.04845047,0.45995903,0.408072472,0.58080101,0.168586731,1.05896854,0.376335144,0.00325393677,0.131525993,0.143568993,0.413439751,0.509494781,0.742227554,0.412565231,0.291132927,0.21340847,0.342172623,0.413910866,0.471173286,0.710347176,0.965669632,0.775212288,0.434436798,0.286587715,0.239668846,0.410232544,0.43228054,0.329660416,0.524114609
2026-08-26T15:23:46.962+00:00	188.421	FLAGS protocol=asd-quality-v1.6.0 mode=LEARNING state=NO_MACHINE waiting=0 learning=1 learned=0 anomaly=0 hold=0 fault=0 green=blink_5hz red=off guided25_available=1 workflow_pending=DEFAULT research_telemetry=1 profile_persistence_allowed=0 dropped=0
2026-08-26T15:23:47.087+00:00	188.546	SUBSEG96 protocol=asd-research-v1.0.0 session=1 phase=CAL window=10 group=2 segments=8 dims=96 fnv1a=e72110f0 values=-9.9575243,-9.9575243,1.30960178,-9.9575243,-9.9575243,0.93509388,-9.9575243,0.998152733,-9.9575243,1.0793047,0.791827202,-9.9575243,1.0252037,1.76830196,2.12645626,-9.9575243,1.70977688,0.696805,0.646111488,0.816720963,0.60261631,0.569107056,0.72627449,0.840474129,1.14168262,1.3947382,1.08296967,0.971341133,1.02167702,0.723218918,1.03551102,0.990808487,1.48817062,2.00767517,1.52537632,3.62007809,3.36047697,1.46194839,1.16075993,0.66168499,1.07083988,1.17375088,0.714813232,1.21850777,0.820929527,1.00065136,1.71964645,1.21551704,0.912787437,1.06692219,1.08048916,1.0722208,0.87279892,1.83092022,0.912870407,0.818043709,0.842928886,0.943946838,1.06281471,1.14325428,0.853577614,2.50920248,0.546531677,0.0845556259,0.49950695,0.456707954,0.133895874,0.00281620026,0.53470993,0.361870766,0.467765808,0.190453529,1.03789425,0.359429359,0.0233201981,0.195942879,0.153516769,0.315876961,0.547389984,0.702727318,0.408027649,0.364721298,0.282313347,0.366167068,0.527715683,0.52855587,0.70224762,0.991866112,0.811892509,0.505292892,0.261525154,0.316413879,0.413426399,0.512822151,0.353121758,0.551775932
2026-08-26T15:23:47.191+00:00	188.640	SUBSEG96 protocol=asd-research-v1.0.0 session=1 phase=CAL window=10 group=3 segments=8 dims=96 fnv1a=ede131d2 values=-9.97552586,-9.97552586,1.05327511,-9.97552586,-9.97552586,0.823624611,-9.97552586,1.33833027,-9.97552586,1.47715187,1.05135632,-9.97552586,0.922620773,1.59414101,1.99438,-9.97552586,1.65708065,1.06538868,0.946086884,0.956152916,0.566044807,0.508869171,0.539160728,0.996961594,1.17604256,1.44963074,1.1401062,0.709771156,0.634850502,0.985543251,0.821911812,1.08014011,1.25422096,0.868495941,0.939621925,3.55438805,3.40796328,1.82741737,1.73604012,0.769053459,1.44557762,1.38766575,0.820273399,1.28758049,0.715436935,1.19490719,1.67829418,1.09724236,0.931378365,0.978591919,1.04754543,1.0266819,0.80012989,1.84823132,1.05430603,0.724301338,0.820748329,0.985865593,1.045434,1.09391594,0.900160789,2.49377584,0.474565506,0.232346535,0.455513954,0.413620949,0.190485001,0.0291538239,0.601819992,0.457118034,0.505420685,0.208680153,0.984976768,0.376331329,0.0181064606,0.071062088,0.149120331,0.358728409,0.629004478,0.708018303,0.289081573,0.293469429,0.202395439,0.393547058,0.515174866,0.546470642,0.632218361,1.04467773,0.773370743,0.531654358,0.318032265,0.225373268,0.420802116,0.587581635,0.365876198,0.57673645
2026-08-26T15:23:47.296+00:00	188.750	SUBSEG96 protocol=asd-research-v1.0.0 session=1 phase=CAL window=10 group=4 segments=7 dims=96 fnv1a=b96ff3ee values=-9.98805141,-9.98805141,1.1827364,-9.98805141,-9.98805141,1.06595421,-9.98805141,1.83052063,-9.98805141,1.87530613,1.32118034,-9.98805141,1.70071316,2.26264286,1.97097588,-9.98805141,0.859660149,0.108389854,0.646032333,1.10489464,0.930347443,0.667206764,0.640984535,0.687597275,1.14966679,1.45393753,1.10050106,0.757208824,0.975387573,1.19369507,0.884764671,1.34424782,1.4535656,1.03246975,0.923591614,3.56813145,3.36034107,1.42547894,1.01877213,0.434389114,1.10022449,1.30840683,0.914378166,1.25856781,0.717009544,0.96007061,1.42675018,1.2198925,0.867851257,1.1290617,0.974531174,0.997336388,0.689878464,1.82594967,0.943125725,0.756583214,0.803531647,1.01960373,1.1870966,1.20575142,0.866699219,2.46588659,0.406831741,0.209827423,0.377072334,0.484429359,0.155299187,0.0718421936,0.532256126,0.409425735,0.461898804,0.289626122,1.08099747,0.39125061,0.141940117,0.133461952,0.139536858,0.390892029,0.534021378,0.691410065,0.379003525,0.30491066,0.181498528,0.37556076,0.474282265,0.461203575,0.686374664,0.933983803,0.775651932,0.499607086,0.228417397,0.276217461,0.396916389,0.571569443,0.353744507,0.533919334
2026-08-26T15:23:47.405+00:00	188.859	SUBSEG96 protocol=asd-research-v1.0.0 session=1 phase=CAL window=10 group=5 segments=7 dims=96 fnv1a=a00d03d2 values=-9.92653561,-9.92653561,1.2133894,-9.92653561,-9.92653561,1.10722351,-9.92653561,1.37479687,-9.92653561,1.46456528,1.16807556,-9.92653561,1.05825424,1.32519913,1.49968243,-9.92653561,0.836584091,0.547616005,0.809651375,0.796770096,0.719360352,0.951238632,1.38416767,1.29991722,1.12258053,1.16880989,0.903166771,0.701822281,0.977449417,1.12823963,0.884660721,1.06883621,1.1445694,0.90857029,0.972284317,3.6404357,3.35733366,1.80043697,0.935891151,0.651809692,1.02154541,1.05610466,0.981014252,1.23886585,0.950455666,1.15322685,1.23931313,1.19961166,0.982049942,1.01774025,1.09860325,1.08983612,0.97543335,1.84902763,0.912671089,0.776362419,0.871095657,1.1167984,1.1274147,1.15058994,0.85739994,2.5332756,0.598771095,0.194220543,0.383865356,0.514044762,0.286421776,0.0488491058,0.534755707,0.41799736,0.534679413,0.283071518,1.08927059,0.429550171,0.0564117432,0.148765564,0.0979509354,0.473971367,0.542488098,0.729657173,0.345843315,0.404398918,0.135627747,0.334389687,0.496994972,0.511330605,0.754261971,0.968142509,0.848772049,0.505876541,0.318792343,0.31059742,0.446285248,0.520464897,0.395878792,0.628034592
2026-08-26T15:23:47.409+00:00	188.859	QUALITY protocol=asd-quality-v1.6.0 phase=CAL_SUMMARY result=OBSERVED loo_mean=478.216858 loo_sd=273.621368 loo_cv=0.572170 loo_range=979.163269 loo_gate=pending_normal_only
2026-08-26T15:23:47.411+00:00	188.859	I (188835) psdlive: --- kalibracija gotova (centar zamrznut) ---
2026-08-26T15:23:47.417+00:00	188.875	I (188845) psdlive: LOO score: mean=478.22 sd=273.62 min=176.06 max=1155.22
2026-08-26T15:23:47.424+00:00	188.875	I (188845) psdlive: referentni nivo masine: -47.77 dBFS (gate prisustva -58.77 dBFS)
2026-08-26T15:23:47.431+00:00	188.890	LOOALL 333.576 521.809 389.173 574.089 381.609 176.061 261.214 377.934 1155.225 611.479
2026-08-26T15:23:51.927+00:00	193.375	FLAGS protocol=asd-quality-v1.6.0 mode=LEARNING state=NO_MACHINE waiting=0 learning=1 learned=0 anomaly=0 hold=0 fault=0 green=blink_5hz red=off guided25_available=1 workflow_pending=DEFAULT research_telemetry=1 profile_persistence_allowed=0 dropped=0
2026-08-26T15:23:56.751+00:00	198.203	COMMISSION protocol=asd-quality-v1.6.0 policy=asd-commissioning-policy-v1.0.0-development developmental=1 action=WINDOW phase=COMMISSION_DERIVE index=1 total=44 result=NONE score_valid=1 score=323.085541 level_dbfs=-48.6962166 tonalness_proxy=3.60274553 feature_drift=0
2026-08-26T15:23:56.932+00:00	198.390	FLAGS protocol=asd-quality-v1.6.0 mode=LEARNING state=NO_MACHINE waiting=0 learning=1 learned=0 anomaly=0 hold=0 fault=0 green=blink_5hz red=off guided25_available=1 workflow_pending=DEFAULT research_telemetry=1 profile_persistence_allowed=0 dropped=0
2026-08-26T15:24:01.943+00:00	203.390	FLAGS protocol=asd-quality-v1.6.0 mode=LEARNING state=NO_MACHINE waiting=0 learning=1 learned=0 anomaly=0 hold=0 fault=0 green=blink_5hz red=off guided25_available=1 workflow_pending=DEFAULT research_telemetry=1 profile_persistence_allowed=0 dropped=0
2026-08-26T15:24:06.727+00:00	208.187	COMMISSION protocol=asd-quality-v1.6.0 policy=asd-commissioning-policy-v1.0.0-development developmental=1 action=WINDOW phase=COMMISSION_DERIVE index=2 total=44 result=NONE score_valid=1 score=170.59108 level_dbfs=-48.3674088 tonalness_proxy=3.59575748 feature_drift=0
2026-08-26T15:24:06.956+00:00	208.406	FLAGS protocol=asd-quality-v1.6.0 mode=LEARNING state=NO_MACHINE waiting=0 learning=1 learned=0 anomaly=0 hold=0 fault=0 green=blink_5hz red=off guided25_available=1 workflow_pending=DEFAULT research_telemetry=1 profile_persistence_allowed=0 dropped=0
2026-08-26T15:24:11.963+00:00	213.421	FLAGS protocol=asd-quality-v1.6.0 mode=LEARNING state=NO_MACHINE waiting=0 learning=1 learned=0 anomaly=0 hold=0 fault=0 green=blink_5hz red=off guided25_available=1 workflow_pending=DEFAULT research_telemetry=1 profile_persistence_allowed=0 dropped=0
2026-08-26T15:24:16.699+00:00	218.156	COMMISSION protocol=asd-quality-v1.6.0 policy=asd-commissioning-policy-v1.0.0-development developmental=1 action=WINDOW phase=COMMISSION_DERIVE index=3 total=44 result=NONE score_valid=1 score=456.521912 level_dbfs=-48.2564888 tonalness_proxy=3.60481453 feature_drift=0
2026-08-26T15:24:16.973+00:00	218.421	FLAGS protocol=asd-quality-v1.6.0 mode=LEARNING state=NO_MACHINE waiting=0 learning=1 learned=0 anomaly=0 hold=0 fault=0 green=blink_5hz red=off guided25_available=1 workflow_pending=DEFAULT research_telemetry=1 profile_persistence_allowed=0 dropped=0
2026-08-26T15:24:21.985+00:00	223.437	FLAGS protocol=asd-quality-v1.6.0 mode=LEARNING state=NO_MACHINE waiting=0 learning=1 learned=0 anomaly=0 hold=0 fault=0 green=blink_5hz red=off guided25_available=1 workflow_pending=DEFAULT research_telemetry=1 profile_persistence_allowed=0 dropped=0
2026-08-26T15:24:26.673+00:00	228.125	COMMISSION protocol=asd-quality-v1.6.0 policy=asd-commissioning-policy-v1.0.0-development developmental=1 action=WINDOW phase=COMMISSION_DERIVE index=4 total=44 result=NONE score_valid=1 score=484.491333 level_dbfs=-48.8281097 tonalness_proxy=3.61318064 feature_drift=0
2026-08-26T15:24:26.992+00:00	228.453	FLAGS protocol=asd-quality-v1.6.0 mode=LEARNING state=NO_MACHINE waiting=0 learning=1 learned=0 anomaly=0 hold=0 fault=0 green=blink_5hz red=off guided25_available=1 workflow_pending=DEFAULT research_telemetry=1 profile_persistence_allowed=0 dropped=0
2026-08-26T15:24:32.003+00:00	233.453	FLAGS protocol=asd-quality-v1.6.0 mode=LEARNING state=NO_MACHINE waiting=0 learning=1 learned=0 anomaly=0 hold=0 fault=0 green=blink_5hz red=off guided25_available=1 workflow_pending=DEFAULT research_telemetry=1 profile_persistence_allowed=0 dropped=0
2026-08-26T15:24:36.646+00:00	238.093	COMMISSION protocol=asd-quality-v1.6.0 policy=asd-commissioning-policy-v1.0.0-development developmental=1 action=WINDOW phase=COMMISSION_DERIVE index=5 total=44 result=NONE score_valid=1 score=352.507355 level_dbfs=-48.7528839 tonalness_proxy=3.60867929 feature_drift=0
2026-08-26T15:24:37.016+00:00	238.468	FLAGS protocol=asd-quality-v1.6.0 mode=LEARNING state=NO_MACHINE waiting=0 learning=1 learned=0 anomaly=0 hold=0 fault=0 green=blink_5hz red=off guided25_available=1 workflow_pending=DEFAULT research_telemetry=1 profile_persistence_allowed=0 dropped=0
2026-08-26T15:24:42.023+00:00	243.484	FLAGS protocol=asd-quality-v1.6.0 mode=LEARNING state=NO_MACHINE waiting=0 learning=1 learned=0 anomaly=0 hold=0 fault=0 green=blink_5hz red=off guided25_available=1 workflow_pending=DEFAULT research_telemetry=1 profile_persistence_allowed=0 dropped=0
2026-08-26T15:24:46.625+00:00	248.078	COMMISSION protocol=asd-quality-v1.6.0 policy=asd-commissioning-policy-v1.0.0-development developmental=1 action=WINDOW phase=COMMISSION_DERIVE index=6 total=44 result=NONE score_valid=1 score=217.075455 level_dbfs=-49.0578308 tonalness_proxy=3.61425781 feature_drift=0
2026-08-26T15:24:47.036+00:00	248.484	FLAGS protocol=asd-quality-v1.6.0 mode=LEARNING state=NO_MACHINE waiting=0 learning=1 learned=0 anomaly=0 hold=0 fault=0 green=blink_5hz red=off guided25_available=1 workflow_pending=DEFAULT research_telemetry=1 profile_persistence_allowed=0 dropped=0
2026-08-26T15:24:52.045+00:00	253.500	FLAGS protocol=asd-quality-v1.6.0 mode=LEARNING state=NO_MACHINE waiting=0 learning=1 learned=0 anomaly=0 hold=0 fault=0 green=blink_5hz red=off guided25_available=1 workflow_pending=DEFAULT research_telemetry=1 profile_persistence_allowed=0 dropped=0
2026-08-26T15:24:56.595+00:00	258.046	COMMISSION protocol=asd-quality-v1.6.0 policy=asd-commissioning-policy-v1.0.0-development developmental=1 action=WINDOW phase=COMMISSION_DERIVE index=7 total=44 result=NONE score_valid=1 score=516.351501 level_dbfs=-49.2410316 tonalness_proxy=3.55277395 feature_drift=0
2026-08-26T15:24:57.053+00:00	258.515	FLAGS protocol=asd-quality-v1.6.0 mode=LEARNING state=NO_MACHINE waiting=0 learning=1 learned=0 anomaly=0 hold=0 fault=0 green=blink_5hz red=off guided25_available=1 workflow_pending=DEFAULT research_telemetry=1 profile_persistence_allowed=0 dropped=0
2026-08-26T15:25:02.065+00:00	263.515	FLAGS protocol=asd-quality-v1.6.0 mode=LEARNING state=NO_MACHINE waiting=0 learning=1 learned=0 anomaly=0 hold=0 fault=0 green=blink_5hz red=off guided25_available=1 workflow_pending=DEFAULT research_telemetry=1 profile_persistence_allowed=0 dropped=0
2026-08-26T15:25:06.635+00:00	268.093	COMMISSION protocol=asd-quality-v1.6.0 policy=asd-commissioning-policy-v1.0.0-development developmental=1 action=WINDOW phase=COMMISSION_DERIVE index=8 total=44 result=NONE score_valid=1 score=312.518738 level_dbfs=-49.7211113 tonalness_proxy=3.57249737 feature_drift=0
2026-08-26T15:25:07.073+00:00	268.531	FLAGS protocol=asd-quality-v1.6.0 mode=LEARNING state=NO_MACHINE waiting=0 learning=1 learned=0 anomaly=0 hold=0 fault=0 green=blink_5hz red=off guided25_available=1 workflow_pending=DEFAULT research_telemetry=1 profile_persistence_allowed=0 dropped=0
2026-08-26T15:25:12.082+00:00	273.531	FLAGS protocol=asd-quality-v1.6.0 mode=LEARNING state=NO_MACHINE waiting=0 learning=1 learned=0 anomaly=0 hold=0 fault=0 green=blink_5hz red=off guided25_available=1 workflow_pending=DEFAULT research_telemetry=1 profile_persistence_allowed=0 dropped=0
2026-08-26T15:25:16.610+00:00	278.062	COMMISSION protocol=asd-quality-v1.6.0 policy=asd-commissioning-policy-v1.0.0-development developmental=1 action=WINDOW phase=COMMISSION_DERIVE index=9 total=44 result=NONE score_valid=1 score=373.841522 level_dbfs=-49.2336464 tonalness_proxy=3.56244564 feature_drift=0
2026-08-26T15:25:17.097+00:00	278.546	FLAGS protocol=asd-quality-v1.6.0 mode=LEARNING state=NO_MACHINE waiting=0 learning=1 learned=0 anomaly=0 hold=0 fault=0 green=blink_5hz red=off guided25_available=1 workflow_pending=DEFAULT research_telemetry=1 profile_persistence_allowed=0 dropped=0
2026-08-26T15:25:22.103+00:00	283.562	FLAGS protocol=asd-quality-v1.6.0 mode=LEARNING state=NO_MACHINE waiting=0 learning=1 learned=0 anomaly=0 hold=0 fault=0 green=blink_5hz red=off guided25_available=1 workflow_pending=DEFAULT research_telemetry=1 profile_persistence_allowed=0 dropped=0
2026-08-26T15:25:26.583+00:00	288.031	COMMISSION protocol=asd-quality-v1.6.0 policy=asd-commissioning-policy-v1.0.0-development developmental=1 action=WINDOW phase=COMMISSION_DERIVE index=10 total=44 result=NONE score_valid=1 score=204.028488 level_dbfs=-49.1886864 tonalness_proxy=3.56974697 feature_drift=0
2026-08-26T15:25:27.113+00:00	288.562	FLAGS protocol=asd-quality-v1.6.0 mode=LEARNING state=NO_MACHINE waiting=0 learning=1 learned=0 anomaly=0 hold=0 fault=0 green=blink_5hz red=off guided25_available=1 workflow_pending=DEFAULT research_telemetry=1 profile_persistence_allowed=0 dropped=0
2026-08-26T15:25:32.124+00:00	293.578	FLAGS protocol=asd-quality-v1.6.0 mode=LEARNING state=NO_MACHINE waiting=0 learning=1 learned=0 anomaly=0 hold=0 fault=0 green=blink_5hz red=off guided25_available=1 workflow_pending=DEFAULT research_telemetry=1 profile_persistence_allowed=0 dropped=0
2026-08-26T15:25:36.561+00:00	298.015	COMMISSION protocol=asd-quality-v1.6.0 policy=asd-commissioning-policy-v1.0.0-development developmental=1 action=WINDOW phase=COMMISSION_DERIVE index=11 total=44 result=NONE score_valid=1 score=554.734436 level_dbfs=-49.5660553 tonalness_proxy=3.59522772 feature_drift=0
2026-08-26T15:25:37.133+00:00	298.593	FLAGS protocol=asd-quality-v1.6.0 mode=LEARNING state=NO_MACHINE waiting=0 learning=1 learned=0 anomaly=0 hold=0 fault=0 green=blink_5hz red=off guided25_available=1 workflow_pending=DEFAULT research_telemetry=1 profile_persistence_allowed=0 dropped=0
2026-08-26T15:25:42.142+00:00	303.593	FLAGS protocol=asd-quality-v1.6.0 mode=LEARNING state=NO_MACHINE waiting=0 learning=1 learned=0 anomaly=0 hold=0 fault=0 green=blink_5hz red=off guided25_available=1 workflow_pending=DEFAULT research_telemetry=1 profile_persistence_allowed=0 dropped=0
2026-08-26T15:25:46.532+00:00	307.984	COMMISSION protocol=asd-quality-v1.6.0 policy=asd-commissioning-policy-v1.0.0-development developmental=1 action=WINDOW phase=COMMISSION_DERIVE index=12 total=44 result=NONE score_valid=1 score=395.15918 level_dbfs=-49.932457 tonalness_proxy=3.58338547 feature_drift=0
2026-08-26T15:25:47.156+00:00	308.609	FLAGS protocol=asd-quality-v1.6.0 mode=LEARNING state=NO_MACHINE waiting=0 learning=1 learned=0 anomaly=0 hold=0 fault=0 green=blink_5hz red=off guided25_available=1 workflow_pending=DEFAULT research_telemetry=1 profile_persistence_allowed=0 dropped=0
2026-08-26T15:25:52.163+00:00	313.625	FLAGS protocol=asd-quality-v1.6.0 mode=LEARNING state=NO_MACHINE waiting=0 learning=1 learned=0 anomaly=0 hold=0 fault=0 green=blink_5hz red=off guided25_available=1 workflow_pending=DEFAULT research_telemetry=1 profile_persistence_allowed=0 dropped=0
2026-08-26T15:25:56.505+00:00	317.953	COMMISSION protocol=asd-quality-v1.6.0 policy=asd-commissioning-policy-v1.0.0-development developmental=1 action=WINDOW phase=COMMISSION_DERIVE index=13 total=44 result=NONE score_valid=1 score=326.555664 level_dbfs=-49.4873352 tonalness_proxy=3.62756014 feature_drift=0
2026-08-26T15:25:57.172+00:00	318.625	FLAGS protocol=asd-quality-v1.6.0 mode=LEARNING state=NO_MACHINE waiting=0 learning=1 learned=0 anomaly=0 hold=0 fault=0 green=blink_5hz red=off guided25_available=1 workflow_pending=DEFAULT research_telemetry=1 profile_persistence_allowed=0 dropped=0
2026-08-26T15:26:02.184+00:00	323.640	FLAGS protocol=asd-quality-v1.6.0 mode=LEARNING state=NO_MACHINE waiting=0 learning=1 learned=0 anomaly=0 hold=0 fault=0 green=blink_5hz red=off guided25_available=1 workflow_pending=DEFAULT research_telemetry=1 profile_persistence_allowed=0 dropped=0
2026-08-26T15:26:06.481+00:00	327.937	COMMISSION protocol=asd-quality-v1.6.0 policy=asd-commissioning-policy-v1.0.0-development developmental=1 action=WINDOW phase=COMMISSION_DERIVE index=14 total=44 result=NONE score_valid=1 score=274.686859 level_dbfs=-50.1661987 tonalness_proxy=3.61737013 feature_drift=0
2026-08-26T15:26:07.193+00:00	328.640	FLAGS protocol=asd-quality-v1.6.0 mode=LEARNING state=NO_MACHINE waiting=0 learning=1 learned=0 anomaly=0 hold=0 fault=0 green=blink_5hz red=off guided25_available=1 workflow_pending=DEFAULT research_telemetry=1 profile_persistence_allowed=0 dropped=0
2026-08-26T15:26:12.204+00:00	333.656	FLAGS protocol=asd-quality-v1.6.0 mode=LEARNING state=NO_MACHINE waiting=0 learning=1 learned=0 anomaly=0 hold=0 fault=0 green=blink_5hz red=off guided25_available=1 workflow_pending=DEFAULT research_telemetry=1 profile_persistence_allowed=0 dropped=0
2026-08-26T15:26:16.518+00:00	337.968	COMMISSION protocol=asd-quality-v1.6.0 policy=asd-commissioning-policy-v1.0.0-development developmental=1 action=WINDOW phase=COMMISSION_DERIVE index=15 total=44 result=NONE score_valid=1 score=282.997711 level_dbfs=-49.5943146 tonalness_proxy=3.5976429 feature_drift=0
2026-08-26T15:26:17.215+00:00	338.671	FLAGS protocol=asd-quality-v1.6.0 mode=LEARNING state=NO_MACHINE waiting=0 learning=1 learned=0 anomaly=0 hold=0 fault=0 green=blink_5hz red=off guided25_available=1 workflow_pending=DEFAULT research_telemetry=1 profile_persistence_allowed=0 dropped=0
2026-08-26T15:26:22.223+00:00	343.671	FLAGS protocol=asd-quality-v1.6.0 mode=LEARNING state=NO_MACHINE waiting=0 learning=1 learned=0 anomaly=0 hold=0 fault=0 green=blink_5hz red=off guided25_available=1 workflow_pending=DEFAULT research_telemetry=1 profile_persistence_allowed=0 dropped=0
2026-08-26T15:26:26.492+00:00	347.953	COMMISSION protocol=asd-quality-v1.6.0 policy=asd-commissioning-policy-v1.0.0-development developmental=1 action=WINDOW phase=COMMISSION_DERIVE index=16 total=44 result=NONE score_valid=1 score=225.513657 level_dbfs=-49.3177185 tonalness_proxy=3.59799528 feature_drift=0
2026-08-26T15:26:27.236+00:00	348.687	FLAGS protocol=asd-quality-v1.6.0 mode=LEARNING state=NO_MACHINE waiting=0 learning=1 learned=0 anomaly=0 hold=0 fault=0 green=blink_5hz red=off guided25_available=1 workflow_pending=DEFAULT research_telemetry=1 profile_persistence_allowed=0 dropped=0
2026-08-26T15:26:32.244+00:00	353.703	FLAGS protocol=asd-quality-v1.6.0 mode=LEARNING state=NO_MACHINE waiting=0 learning=1 learned=0 anomaly=0 hold=0 fault=0 green=blink_5hz red=off guided25_available=1 workflow_pending=DEFAULT research_telemetry=1 profile_persistence_allowed=0 dropped=0
2026-08-26T15:26:36.467+00:00	357.921	COMMISSION protocol=asd-quality-v1.6.0 policy=asd-commissioning-policy-v1.0.0-development developmental=1 action=WINDOW phase=COMMISSION_DERIVE index=17 total=44 result=NONE score_valid=1 score=1051.74402 level_dbfs=-49.9723625 tonalness_proxy=3.55429077 feature_drift=0
2026-08-26T15:26:37.252+00:00	358.703	FLAGS protocol=asd-quality-v1.6.0 mode=LEARNING state=NO_MACHINE waiting=0 learning=1 learned=0 anomaly=0 hold=0 fault=0 green=blink_5hz red=off guided25_available=1 workflow_pending=DEFAULT research_telemetry=1 profile_persistence_allowed=0 dropped=0
2026-08-26T15:26:42.264+00:00	363.718	FLAGS protocol=asd-quality-v1.6.0 mode=LEARNING state=NO_MACHINE waiting=0 learning=1 learned=0 anomaly=0 hold=0 fault=0 green=blink_5hz red=off guided25_available=1 workflow_pending=DEFAULT research_telemetry=1 profile_persistence_allowed=0 dropped=0
2026-08-26T15:26:46.441+00:00	367.890	COMMISSION protocol=asd-quality-v1.6.0 policy=asd-commissioning-policy-v1.0.0-development developmental=1 action=WINDOW phase=COMMISSION_DERIVE index=18 total=44 result=NONE score_valid=1 score=231.461029 level_dbfs=-50.6221046 tonalness_proxy=3.62064028 feature_drift=0
2026-08-26T15:26:47.273+00:00	368.734	FLAGS protocol=asd-quality-v1.6.0 mode=LEARNING state=NO_MACHINE waiting=0 learning=1 learned=0 anomaly=0 hold=0 fault=0 green=blink_5hz red=off guided25_available=1 workflow_pending=DEFAULT research_telemetry=1 profile_persistence_allowed=0 dropped=0
2026-08-26T15:26:52.283+00:00	373.734	FLAGS protocol=asd-quality-v1.6.0 mode=LEARNING state=NO_MACHINE waiting=0 learning=1 learned=0 anomaly=0 hold=0 fault=0 green=blink_5hz red=off guided25_available=1 workflow_pending=DEFAULT research_telemetry=1 profile_persistence_allowed=0 dropped=0
2026-08-26T15:26:56.415+00:00	377.875	COMMISSION protocol=asd-quality-v1.6.0 policy=asd-commissioning-policy-v1.0.0-development developmental=1 action=WINDOW phase=COMMISSION_DERIVE index=19 total=44 result=NONE score_valid=1 score=459.29425 level_dbfs=-50.6433411 tonalness_proxy=3.58164024 feature_drift=0
2026-08-26T15:26:57.296+00:00	378.750	FLAGS protocol=asd-quality-v1.6.0 mode=LEARNING state=NO_MACHINE waiting=0 learning=1 learned=0 anomaly=0 hold=0 fault=0 green=blink_5hz red=off guided25_available=1 workflow_pending=DEFAULT research_telemetry=1 profile_persistence_allowed=0 dropped=0
2026-08-26T15:27:02.303+00:00	383.750	FLAGS protocol=asd-quality-v1.6.0 mode=LEARNING state=NO_MACHINE waiting=0 learning=1 learned=0 anomaly=0 hold=0 fault=0 green=blink_5hz red=off guided25_available=1 workflow_pending=DEFAULT research_telemetry=1 profile_persistence_allowed=0 dropped=0
2026-08-26T15:27:06.388+00:00	387.843	COMMISSION protocol=asd-quality-v1.6.0 policy=asd-commissioning-policy-v1.0.0-development developmental=1 action=WINDOW phase=COMMISSION_DERIVE index=20 total=44 result=NONE score_valid=1 score=278.81369 level_dbfs=-50.5792198 tonalness_proxy=3.64369726 feature_drift=0
2026-08-26T15:27:07.313+00:00	388.765	FLAGS protocol=asd-quality-v1.6.0 mode=LEARNING state=NO_MACHINE waiting=0 learning=1 learned=0 anomaly=0 hold=0 fault=0 green=blink_5hz red=off guided25_available=1 workflow_pending=DEFAULT research_telemetry=1 profile_persistence_allowed=0 dropped=0
2026-08-26T15:27:12.324+00:00	393.781	FLAGS protocol=asd-quality-v1.6.0 mode=LEARNING state=NO_MACHINE waiting=0 learning=1 learned=0 anomaly=0 hold=0 fault=0 green=blink_5hz red=off guided25_available=1 workflow_pending=DEFAULT research_telemetry=1 profile_persistence_allowed=0 dropped=0
2026-08-26T15:27:16.429+00:00	397.890	COMMISSION protocol=asd-quality-v1.6.0 policy=asd-commissioning-policy-v1.0.0-development developmental=1 action=WINDOW phase=COMMISSION_DERIVE index=21 total=44 result=NONE score_valid=1 score=280.61087 level_dbfs=-50.4445953 tonalness_proxy=3.59783459 feature_drift=0
2026-08-26T15:27:17.335+00:00	398.796	FLAGS protocol=asd-quality-v1.6.0 mode=LEARNING state=NO_MACHINE waiting=0 learning=1 learned=0 anomaly=0 hold=0 fault=0 green=blink_5hz red=off guided25_available=1 workflow_pending=DEFAULT research_telemetry=1 profile_persistence_allowed=0 dropped=0
2026-08-26T15:27:22.346+00:00	403.796	FLAGS protocol=asd-quality-v1.6.0 mode=LEARNING state=NO_MACHINE waiting=0 learning=1 learned=0 anomaly=0 hold=0 fault=0 green=blink_5hz red=off guided25_available=1 workflow_pending=DEFAULT research_telemetry=1 profile_persistence_allowed=0 dropped=0
2026-08-26T15:27:26.404+00:00	407.859	COMMISSION protocol=asd-quality-v1.6.0 policy=asd-commissioning-policy-v1.0.0-development developmental=1 action=WINDOW phase=COMMISSION_DERIVE index=22 total=44 result=NONE score_valid=1 score=527.047058 level_dbfs=-50.2804718 tonalness_proxy=3.58386326 feature_drift=0
2026-08-26T15:27:27.355+00:00	408.812	FLAGS protocol=asd-quality-v1.6.0 mode=LEARNING state=NO_MACHINE waiting=0 learning=1 learned=0 anomaly=0 hold=0 fault=0 green=blink_5hz red=off guided25_available=1 workflow_pending=DEFAULT research_telemetry=1 profile_persistence_allowed=0 dropped=0
2026-08-26T15:27:32.363+00:00	413.812	FLAGS protocol=asd-quality-v1.6.0 mode=LEARNING state=NO_MACHINE waiting=0 learning=1 learned=0 anomaly=0 hold=0 fault=0 green=blink_5hz red=off guided25_available=1 workflow_pending=DEFAULT research_telemetry=1 profile_persistence_allowed=0 dropped=0
2026-08-26T15:27:36.376+00:00	417.828	COMMISSION protocol=asd-quality-v1.6.0 policy=asd-commissioning-policy-v1.0.0-development developmental=1 action=WINDOW phase=COMMISSION_DERIVE index=23 total=44 result=NONE score_valid=1 score=424.902679 level_dbfs=-50.2003479 tonalness_proxy=3.59304762 feature_drift=0
2026-08-26T15:27:37.375+00:00	418.828	FLAGS protocol=asd-quality-v1.6.0 mode=LEARNING state=NO_MACHINE waiting=0 learning=1 learned=0 anomaly=0 hold=0 fault=0 green=blink_5hz red=off guided25_available=1 workflow_pending=DEFAULT research_telemetry=1 profile_persistence_allowed=0 dropped=0
2026-08-26T15:27:42.383+00:00	423.843	FLAGS protocol=asd-quality-v1.6.0 mode=LEARNING state=NO_MACHINE waiting=0 learning=1 learned=0 anomaly=0 hold=0 fault=0 green=blink_5hz red=off guided25_available=1 workflow_pending=DEFAULT research_telemetry=1 profile_persistence_allowed=0 dropped=0
2026-08-26T15:27:46.353+00:00	427.812	COMMISSION protocol=asd-quality-v1.6.0 policy=asd-commissioning-policy-v1.0.0-development developmental=1 action=WINDOW phase=COMMISSION_DERIVE index=24 total=44 result=NONE score_valid=1 score=323.539368 level_dbfs=-49.9190941 tonalness_proxy=3.64788389 feature_drift=0
2026-08-26T15:27:47.393+00:00	428.843	FLAGS protocol=asd-quality-v1.6.0 mode=LEARNING state=NO_MACHINE waiting=0 learning=1 learned=0 anomaly=0 hold=0 fault=0 green=blink_5hz red=off guided25_available=1 workflow_pending=DEFAULT research_telemetry=1 profile_persistence_allowed=0 dropped=0
2026-08-26T15:27:52.405+00:00	433.859	FLAGS protocol=asd-quality-v1.6.0 mode=LEARNING state=NO_MACHINE waiting=0 learning=1 learned=0 anomaly=0 hold=0 fault=0 green=blink_5hz red=off guided25_available=1 workflow_pending=DEFAULT research_telemetry=1 profile_persistence_allowed=0 dropped=0
2026-08-26T15:27:56.325+00:00	437.781	COMMISSION protocol=asd-quality-v1.6.0 policy=asd-commissioning-policy-v1.0.0-development developmental=1 action=WINDOW phase=COMMISSION_DERIVE index=25 total=44 result=NONE score_valid=1 score=293.108521 level_dbfs=-49.8516998 tonalness_proxy=3.63679314 feature_drift=0
2026-08-26T15:27:57.416+00:00	438.875	FLAGS protocol=asd-quality-v1.6.0 mode=LEARNING state=NO_MACHINE waiting=0 learning=1 learned=0 anomaly=0 hold=0 fault=0 green=blink_5hz red=off guided25_available=1 workflow_pending=DEFAULT research_telemetry=1 profile_persistence_allowed=0 dropped=0
2026-08-26T15:28:02.423+00:00	443.875	FLAGS protocol=asd-quality-v1.6.0 mode=LEARNING state=NO_MACHINE waiting=0 learning=1 learned=0 anomaly=0 hold=0 fault=0 green=blink_5hz red=off guided25_available=1 workflow_pending=DEFAULT research_telemetry=1 profile_persistence_allowed=0 dropped=0
2026-08-26T15:28:06.301+00:00	447.750	COMMISSION protocol=asd-quality-v1.6.0 policy=asd-commissioning-policy-v1.0.0-development developmental=1 action=WINDOW phase=COMMISSION_DERIVE index=26 total=44 result=NONE score_valid=1 score=441.278076 level_dbfs=-49.7613182 tonalness_proxy=3.63625431 feature_drift=0
2026-08-26T15:28:07.436+00:00	448.890	FLAGS protocol=asd-quality-v1.6.0 mode=LEARNING state=NO_MACHINE waiting=0 learning=1 learned=0 anomaly=0 hold=0 fault=0 green=blink_5hz red=off guided25_available=1 workflow_pending=DEFAULT research_telemetry=1 profile_persistence_allowed=0 dropped=0
2026-08-26T15:28:12.443+00:00	453.890	FLAGS protocol=asd-quality-v1.6.0 mode=LEARNING state=NO_MACHINE waiting=0 learning=1 learned=0 anomaly=0 hold=0 fault=0 green=blink_5hz red=off guided25_available=1 workflow_pending=DEFAULT research_telemetry=1 profile_persistence_allowed=0 dropped=0
2026-08-26T15:28:16.274+00:00	457.734	COMMISSION protocol=asd-quality-v1.6.0 policy=asd-commissioning-policy-v1.0.0-development developmental=1 action=WINDOW phase=COMMISSION_DERIVE index=27 total=44 result=NONE score_valid=1 score=243.343552 level_dbfs=-49.7035751 tonalness_proxy=3.64954281 feature_drift=0
2026-08-26T15:28:17.453+00:00	458.906	FLAGS protocol=asd-quality-v1.6.0 mode=LEARNING state=NO_MACHINE waiting=0 learning=1 learned=0 anomaly=0 hold=0 fault=0 green=blink_5hz red=off guided25_available=1 workflow_pending=DEFAULT research_telemetry=1 profile_persistence_allowed=0 dropped=0
2026-08-26T15:28:22.468+00:00	463.921	FLAGS protocol=asd-quality-v1.6.0 mode=LEARNING state=NO_MACHINE waiting=0 learning=1 learned=0 anomaly=0 hold=0 fault=0 green=blink_5hz red=off guided25_available=1 workflow_pending=DEFAULT research_telemetry=1 profile_persistence_allowed=0 dropped=0
2026-08-26T15:28:26.310+00:00	467.765	COMMISSION protocol=asd-quality-v1.6.0 policy=asd-commissioning-policy-v1.0.0-development developmental=1 action=WINDOW phase=COMMISSION_DERIVE index=28 total=44 result=NONE score_valid=1 score=419.27597 level_dbfs=-49.6988449 tonalness_proxy=3.62247324 feature_drift=0
2026-08-26T15:28:27.473+00:00	468.921	FLAGS protocol=asd-quality-v1.6.0 mode=LEARNING state=NO_MACHINE waiting=0 learning=1 learned=0 anomaly=0 hold=0 fault=0 green=blink_5hz red=off guided25_available=1 workflow_pending=DEFAULT research_telemetry=1 profile_persistence_allowed=0 dropped=0
2026-08-26T15:28:32.483+00:00	473.937	FLAGS protocol=asd-quality-v1.6.0 mode=LEARNING state=NO_MACHINE waiting=0 learning=1 learned=0 anomaly=0 hold=0 fault=0 green=blink_5hz red=off guided25_available=1 workflow_pending=DEFAULT research_telemetry=1 profile_persistence_allowed=0 dropped=0
2026-08-26T15:28:36.286+00:00	477.734	COMMISSION protocol=asd-quality-v1.6.0 policy=asd-commissioning-policy-v1.0.0-development developmental=1 action=WINDOW phase=COMMISSION_DERIVE index=29 total=44 result=NONE score_valid=1 score=178.340149 level_dbfs=-49.6707993 tonalness_proxy=3.61893702 feature_drift=0
2026-08-26T15:28:37.493+00:00	478.953	FLAGS protocol=asd-quality-v1.6.0 mode=LEARNING state=NO_MACHINE waiting=0 learning=1 learned=0 anomaly=0 hold=0 fault=0 green=blink_5hz red=off guided25_available=1 workflow_pending=DEFAULT research_telemetry=1 profile_persistence_allowed=0 dropped=0
2026-08-26T15:28:42.503+00:00	483.953	FLAGS protocol=asd-quality-v1.6.0 mode=LEARNING state=NO_MACHINE waiting=0 learning=1 learned=0 anomaly=0 hold=0 fault=0 green=blink_5hz red=off guided25_available=1 workflow_pending=DEFAULT research_telemetry=1 profile_persistence_allowed=0 dropped=0
2026-08-26T15:28:46.262+00:00	487.718	COMMISSION protocol=asd-quality-v1.6.0 policy=asd-commissioning-policy-v1.0.0-development developmental=1 action=WINDOW phase=COMMISSION_DERIVE index=30 total=44 result=NONE score_valid=1 score=274.854553 level_dbfs=-49.6460304 tonalness_proxy=3.64931679 feature_drift=0
2026-08-26T15:28:47.513+00:00	488.968	FLAGS protocol=asd-quality-v1.6.0 mode=LEARNING state=NO_MACHINE waiting=0 learning=1 learned=0 anomaly=0 hold=0 fault=0 green=blink_5hz red=off guided25_available=1 workflow_pending=DEFAULT research_telemetry=1 profile_persistence_allowed=0 dropped=0
2026-08-26T15:28:52.523+00:00	493.984	FLAGS protocol=asd-quality-v1.6.0 mode=LEARNING state=NO_MACHINE waiting=0 learning=1 learned=0 anomaly=0 hold=0 fault=0 green=blink_5hz red=off guided25_available=1 workflow_pending=DEFAULT research_telemetry=1 profile_persistence_allowed=0 dropped=0
2026-08-26T15:28:56.234+00:00	497.687	COMMISSION protocol=asd-quality-v1.6.0 policy=asd-commissioning-policy-v1.0.0-development developmental=1 action=WINDOW phase=COMMISSION_DERIVE index=31 total=44 result=NONE score_valid=1 score=796.392212 level_dbfs=-49.5468292 tonalness_proxy=3.55753231 feature_drift=0
2026-08-26T15:28:57.533+00:00	498.984	FLAGS protocol=asd-quality-v1.6.0 mode=LEARNING state=NO_MACHINE waiting=0 learning=1 learned=0 anomaly=0 hold=0 fault=0 green=blink_5hz red=off guided25_available=1 workflow_pending=DEFAULT research_telemetry=1 profile_persistence_allowed=0 dropped=0
2026-08-26T15:29:02.543+00:00	504.000	FLAGS protocol=asd-quality-v1.6.0 mode=LEARNING state=NO_MACHINE waiting=0 learning=1 learned=0 anomaly=0 hold=0 fault=0 green=blink_5hz red=off guided25_available=1 workflow_pending=DEFAULT research_telemetry=1 profile_persistence_allowed=0 dropped=0
2026-08-26T15:29:06.208+00:00	507.656	COMMISSION protocol=asd-quality-v1.6.0 policy=asd-commissioning-policy-v1.0.0-development developmental=1 action=WINDOW phase=COMMISSION_DERIVE index=32 total=44 result=NONE score_valid=1 score=844.584106 level_dbfs=-49.4979553 tonalness_proxy=3.56361198 feature_drift=0
2026-08-26T15:29:07.553+00:00	509.015	FLAGS protocol=asd-quality-v1.6.0 mode=LEARNING state=NO_MACHINE waiting=0 learning=1 learned=0 anomaly=0 hold=0 fault=0 green=blink_5hz red=off guided25_available=1 workflow_pending=DEFAULT research_telemetry=1 profile_persistence_allowed=0 dropped=0
2026-08-26T15:29:12.563+00:00	514.015	FLAGS protocol=asd-quality-v1.6.0 mode=LEARNING state=NO_MACHINE waiting=0 learning=1 learned=0 anomaly=0 hold=0 fault=0 green=blink_5hz red=off guided25_available=1 workflow_pending=DEFAULT research_telemetry=1 profile_persistence_allowed=0 dropped=0
2026-08-26T15:29:16.182+00:00	517.640	COMMISSION protocol=asd-quality-v1.6.0 policy=asd-commissioning-policy-v1.0.0-development developmental=1 action=WINDOW phase=COMMISSION_DERIVE index=33 total=44 result=NONE score_valid=1 score=260.550018 level_dbfs=-49.3399887 tonalness_proxy=3.60430622 feature_drift=0
2026-08-26T15:29:17.572+00:00	519.031	FLAGS protocol=asd-quality-v1.6.0 mode=LEARNING state=NO_MACHINE waiting=0 learning=1 learned=0 anomaly=0 hold=0 fault=0 green=blink_5hz red=off guided25_available=1 workflow_pending=DEFAULT research_telemetry=1 profile_persistence_allowed=0 dropped=0
2026-08-26T15:29:22.583+00:00	524.031	FLAGS protocol=asd-quality-v1.6.0 mode=LEARNING state=NO_MACHINE waiting=0 learning=1 learned=0 anomaly=0 hold=0 fault=0 green=blink_5hz red=off guided25_available=1 workflow_pending=DEFAULT research_telemetry=1 profile_persistence_allowed=0 dropped=0
2026-08-26T15:29:26.220+00:00	527.671	COMMISSION protocol=asd-quality-v1.6.0 policy=asd-commissioning-policy-v1.0.0-development developmental=1 action=WINDOW phase=COMMISSION_DERIVE index=34 total=44 result=NONE score_valid=1 score=304.557587 level_dbfs=-49.7378082 tonalness_proxy=3.60709572 feature_drift=0
2026-08-26T15:29:27.593+00:00	529.046	FLAGS protocol=asd-quality-v1.6.0 mode=LEARNING state=NO_MACHINE waiting=0 learning=1 learned=0 anomaly=0 hold=0 fault=0 green=blink_5hz red=off guided25_available=1 workflow_pending=DEFAULT research_telemetry=1 profile_persistence_allowed=0 dropped=0
2026-08-26T15:29:32.604+00:00	534.062	FLAGS protocol=asd-quality-v1.6.0 mode=LEARNING state=NO_MACHINE waiting=0 learning=1 learned=0 anomaly=0 hold=0 fault=0 green=blink_5hz red=off guided25_available=1 workflow_pending=DEFAULT research_telemetry=1 profile_persistence_allowed=0 dropped=0
2026-08-26T15:29:36.195+00:00	537.656	COMMISSION protocol=asd-quality-v1.6.0 policy=asd-commissioning-policy-v1.0.0-development developmental=1 action=WINDOW phase=COMMISSION_DERIVE index=35 total=44 result=NONE score_valid=1 score=417.755035 level_dbfs=-49.8077049 tonalness_proxy=3.65088463 feature_drift=0
2026-08-26T15:29:37.613+00:00	539.062	FLAGS protocol=asd-quality-v1.6.0 mode=LEARNING state=NO_MACHINE waiting=0 learning=1 learned=0 anomaly=0 hold=0 fault=0 green=blink_5hz red=off guided25_available=1 workflow_pending=DEFAULT research_telemetry=1 profile_persistence_allowed=0 dropped=0
2026-08-26T15:29:42.623+00:00	544.078	FLAGS protocol=asd-quality-v1.6.0 mode=LEARNING state=NO_MACHINE waiting=0 learning=1 learned=0 anomaly=0 hold=0 fault=0 green=blink_5hz red=off guided25_available=1 workflow_pending=DEFAULT research_telemetry=1 profile_persistence_allowed=0 dropped=0
2026-08-26T15:29:46.170+00:00	547.625	COMMISSION protocol=asd-quality-v1.6.0 policy=asd-commissioning-policy-v1.0.0-development developmental=1 action=WINDOW phase=COMMISSION_DERIVE index=36 total=44 result=NONE score_valid=1 score=555.833191 level_dbfs=-49.4791603 tonalness_proxy=3.63865948 feature_drift=0
2026-08-26T15:29:47.633+00:00	549.093	FLAGS protocol=asd-quality-v1.6.0 mode=LEARNING state=NO_MACHINE waiting=0 learning=1 learned=0 anomaly=0 hold=0 fault=0 green=blink_5hz red=off guided25_available=1 workflow_pending=DEFAULT research_telemetry=1 profile_persistence_allowed=0 dropped=0
2026-08-26T15:29:52.644+00:00	554.093	FLAGS protocol=asd-quality-v1.6.0 mode=LEARNING state=NO_MACHINE waiting=0 learning=1 learned=0 anomaly=0 hold=0 fault=0 green=blink_5hz red=off guided25_available=1 workflow_pending=DEFAULT research_telemetry=1 profile_persistence_allowed=0 dropped=0
2026-08-26T15:29:56.143+00:00	557.593	COMMISSION protocol=asd-quality-v1.6.0 policy=asd-commissioning-policy-v1.0.0-development developmental=1 action=WINDOW phase=COMMISSION_DERIVE index=37 total=44 result=NONE score_valid=1 score=313.524689 level_dbfs=-49.5114937 tonalness_proxy=3.61466455 feature_drift=0
2026-08-26T15:29:57.653+00:00	559.109	FLAGS protocol=asd-quality-v1.6.0 mode=LEARNING state=NO_MACHINE waiting=0 learning=1 learned=0 anomaly=0 hold=0 fault=0 green=blink_5hz red=off guided25_available=1 workflow_pending=DEFAULT research_telemetry=1 profile_persistence_allowed=0 dropped=0
2026-08-26T15:30:02.663+00:00	564.125	FLAGS protocol=asd-quality-v1.6.0 mode=LEARNING state=NO_MACHINE waiting=0 learning=1 learned=0 anomaly=0 hold=0 fault=0 green=blink_5hz red=off guided25_available=1 workflow_pending=DEFAULT research_telemetry=1 profile_persistence_allowed=0 dropped=0
2026-08-26T15:30:06.118+00:00	567.578	COMMISSION protocol=asd-quality-v1.6.0 policy=asd-commissioning-policy-v1.0.0-development developmental=1 action=WINDOW phase=COMMISSION_DERIVE index=38 total=44 result=NONE score_valid=1 score=389.663757 level_dbfs=-49.6579399 tonalness_proxy=3.62454844 feature_drift=0
2026-08-26T15:30:07.673+00:00	569.125	FLAGS protocol=asd-quality-v1.6.0 mode=LEARNING state=NO_MACHINE waiting=0 learning=1 learned=0 anomaly=0 hold=0 fault=0 green=blink_5hz red=off guided25_available=1 workflow_pending=DEFAULT research_telemetry=1 profile_persistence_allowed=0 dropped=0
2026-08-26T15:30:12.683+00:00	574.140	FLAGS protocol=asd-quality-v1.6.0 mode=LEARNING state=NO_MACHINE waiting=0 learning=1 learned=0 anomaly=0 hold=0 fault=0 green=blink_5hz red=off guided25_available=1 workflow_pending=DEFAULT research_telemetry=1 profile_persistence_allowed=0 dropped=0
2026-08-26T15:30:16.091+00:00	577.546	COMMISSION protocol=asd-quality-v1.6.0 policy=asd-commissioning-policy-v1.0.0-development developmental=1 action=WINDOW phase=COMMISSION_DERIVE index=39 total=44 result=NONE score_valid=1 score=518.851685 level_dbfs=-49.6462059 tonalness_proxy=3.64265251 feature_drift=0
2026-08-26T15:30:17.693+00:00	579.140	FLAGS protocol=asd-quality-v1.6.0 mode=LEARNING state=NO_MACHINE waiting=0 learning=1 learned=0 anomaly=0 hold=0 fault=0 green=blink_5hz red=off guided25_available=1 workflow_pending=DEFAULT research_telemetry=1 profile_persistence_allowed=0 dropped=0
2026-08-26T15:30:22.704+00:00	584.156	FLAGS protocol=asd-quality-v1.6.0 mode=LEARNING state=NO_MACHINE waiting=0 learning=1 learned=0 anomaly=0 hold=0 fault=0 green=blink_5hz red=off guided25_available=1 workflow_pending=DEFAULT research_telemetry=1 profile_persistence_allowed=0 dropped=0
2026-08-26T15:30:26.066+00:00	587.515	COMMISSION protocol=asd-quality-v1.6.0 policy=asd-commissioning-policy-v1.0.0-development developmental=1 action=WINDOW phase=COMMISSION_DERIVE index=40 total=44 result=NONE score_valid=1 score=249.471863 level_dbfs=-49.5909042 tonalness_proxy=3.61666059 feature_drift=0
2026-08-26T15:30:27.713+00:00	589.171	FLAGS protocol=asd-quality-v1.6.0 mode=LEARNING state=NO_MACHINE waiting=0 learning=1 learned=0 anomaly=0 hold=0 fault=0 green=blink_5hz red=off guided25_available=1 workflow_pending=DEFAULT research_telemetry=1 profile_persistence_allowed=0 dropped=0
2026-08-26T15:30:32.723+00:00	594.171	FLAGS protocol=asd-quality-v1.6.0 mode=LEARNING state=NO_MACHINE waiting=0 learning=1 learned=0 anomaly=0 hold=0 fault=0 green=blink_5hz red=off guided25_available=1 workflow_pending=DEFAULT research_telemetry=1 profile_persistence_allowed=0 dropped=0
2026-08-26T15:30:36.105+00:00	597.562	COMMISSION protocol=asd-quality-v1.6.0 policy=asd-commissioning-policy-v1.0.0-development developmental=1 action=WINDOW phase=COMMISSION_DERIVE index=41 total=44 result=NONE score_valid=1 score=371.510193 level_dbfs=-49.5111084 tonalness_proxy=3.58922291 feature_drift=0
2026-08-26T15:30:37.733+00:00	599.187	FLAGS protocol=asd-quality-v1.6.0 mode=LEARNING state=NO_MACHINE waiting=0 learning=1 learned=0 anomaly=0 hold=0 fault=0 green=blink_5hz red=off guided25_available=1 workflow_pending=DEFAULT research_telemetry=1 profile_persistence_allowed=0 dropped=0
2026-08-26T15:30:42.744+00:00	604.203	FLAGS protocol=asd-quality-v1.6.0 mode=LEARNING state=NO_MACHINE waiting=0 learning=1 learned=0 anomaly=0 hold=0 fault=0 green=blink_5hz red=off guided25_available=1 workflow_pending=DEFAULT research_telemetry=1 profile_persistence_allowed=0 dropped=0
2026-08-26T15:30:46.078+00:00	607.531	COMMISSION protocol=asd-quality-v1.6.0 policy=asd-commissioning-policy-v1.0.0-development developmental=1 action=WINDOW phase=COMMISSION_DERIVE index=42 total=44 result=NONE score_valid=1 score=409.554962 level_dbfs=-49.0353813 tonalness_proxy=3.64027166 feature_drift=0
2026-08-26T15:30:47.753+00:00	609.203	FLAGS protocol=asd-quality-v1.6.0 mode=LEARNING state=NO_MACHINE waiting=0 learning=1 learned=0 anomaly=0 hold=0 fault=0 green=blink_5hz red=off guided25_available=1 workflow_pending=DEFAULT research_telemetry=1 profile_persistence_allowed=0 dropped=0
2026-08-26T15:30:52.763+00:00	614.218	FLAGS protocol=asd-quality-v1.6.0 mode=LEARNING state=NO_MACHINE waiting=0 learning=1 learned=0 anomaly=0 hold=0 fault=0 green=blink_5hz red=off guided25_available=1 workflow_pending=DEFAULT research_telemetry=1 profile_persistence_allowed=0 dropped=0
2026-08-26T15:30:56.052+00:00	617.500	COMMISSION protocol=asd-quality-v1.6.0 policy=asd-commissioning-policy-v1.0.0-development developmental=1 action=WINDOW phase=COMMISSION_DERIVE index=43 total=44 result=NONE score_valid=1 score=277.47937 level_dbfs=-49.290329 tonalness_proxy=3.61500883 feature_drift=0
2026-08-26T15:30:57.773+00:00	619.234	FLAGS protocol=asd-quality-v1.6.0 mode=LEARNING state=NO_MACHINE waiting=0 learning=1 learned=0 anomaly=0 hold=0 fault=0 green=blink_5hz red=off guided25_available=1 workflow_pending=DEFAULT research_telemetry=1 profile_persistence_allowed=0 dropped=0
2026-08-26T15:31:02.783+00:00	624.234	FLAGS protocol=asd-quality-v1.6.0 mode=LEARNING state=NO_MACHINE waiting=0 learning=1 learned=0 anomaly=0 hold=0 fault=0 green=blink_5hz red=off guided25_available=1 workflow_pending=DEFAULT research_telemetry=1 profile_persistence_allowed=0 dropped=0
2026-08-26T15:31:06.027+00:00	627.484	COMMISSION protocol=asd-quality-v1.6.0 policy=asd-commissioning-policy-v1.0.0-development developmental=1 action=WINDOW phase=COMMISSION_DERIVE index=44 total=44 result=NONE score_valid=1 score=678.710754 level_dbfs=-49.7754974 tonalness_proxy=3.59757853 feature_drift=0
2026-08-26T15:31:07.794+00:00	629.250	FLAGS protocol=asd-quality-v1.6.0 mode=LEARNING state=NO_MACHINE waiting=0 learning=1 learned=0 anomaly=0 hold=0 fault=0 green=blink_5hz red=off guided25_available=1 workflow_pending=DEFAULT research_telemetry=1 profile_persistence_allowed=0 dropped=0
2026-08-26T15:31:12.805+00:00	634.265	FLAGS protocol=asd-quality-v1.6.0 mode=LEARNING state=NO_MACHINE waiting=0 learning=1 learned=0 anomaly=0 hold=0 fault=0 green=blink_5hz red=off guided25_available=1 workflow_pending=DEFAULT research_telemetry=1 profile_persistence_allowed=0 dropped=0
2026-08-26T15:31:16.002+00:00	637.453	COMMISSION protocol=asd-quality-v1.6.0 policy=asd-commissioning-policy-v1.0.0-development developmental=1 action=WINDOW phase=COMMISSION_VERIFY index=1 total=22 result=NONE score_valid=1 score=402.006409 level_dbfs=-49.7130775 tonalness_proxy=3.62209606 feature_drift=0
2026-08-26T15:31:17.813+00:00	639.265	FLAGS protocol=asd-quality-v1.6.0 mode=LEARNING state=NO_MACHINE waiting=0 learning=1 learned=0 anomaly=0 hold=0 fault=0 green=blink_5hz red=off guided25_available=1 workflow_pending=DEFAULT research_telemetry=1 profile_persistence_allowed=0 dropped=0
2026-08-26T15:31:22.823+00:00	644.281	FLAGS protocol=asd-quality-v1.6.0 mode=LEARNING state=NO_MACHINE waiting=0 learning=1 learned=0 anomaly=0 hold=0 fault=0 green=blink_5hz red=off guided25_available=1 workflow_pending=DEFAULT research_telemetry=1 profile_persistence_allowed=0 dropped=0
2026-08-26T15:31:25.975+00:00	647.437	COMMISSION protocol=asd-quality-v1.6.0 policy=asd-commissioning-policy-v1.0.0-development developmental=1 action=WINDOW phase=COMMISSION_VERIFY index=2 total=22 result=NONE score_valid=1 score=664.504456 level_dbfs=-49.7014542 tonalness_proxy=3.5909996 feature_drift=0
2026-08-26T15:31:27.833+00:00	649.281	FLAGS protocol=asd-quality-v1.6.0 mode=LEARNING state=NO_MACHINE waiting=0 learning=1 learned=0 anomaly=0 hold=0 fault=0 green=blink_5hz red=off guided25_available=1 workflow_pending=DEFAULT research_telemetry=1 profile_persistence_allowed=0 dropped=0
2026-08-26T15:31:32.843+00:00	654.296	FLAGS protocol=asd-quality-v1.6.0 mode=LEARNING state=NO_MACHINE waiting=0 learning=1 learned=0 anomaly=0 hold=0 fault=0 green=blink_5hz red=off guided25_available=1 workflow_pending=DEFAULT research_telemetry=1 profile_persistence_allowed=0 dropped=0
2026-08-26T15:31:36.014+00:00	657.468	COMMISSION protocol=asd-quality-v1.6.0 policy=asd-commissioning-policy-v1.0.0-development developmental=1 action=WINDOW phase=COMMISSION_VERIFY index=3 total=22 result=NONE score_valid=1 score=478.839752 level_dbfs=-50.1181068 tonalness_proxy=3.60715199 feature_drift=0
2026-08-26T15:31:37.853+00:00	659.312	FLAGS protocol=asd-quality-v1.6.0 mode=LEARNING state=NO_MACHINE waiting=0 learning=1 learned=0 anomaly=0 hold=0 fault=0 green=blink_5hz red=off guided25_available=1 workflow_pending=DEFAULT research_telemetry=1 profile_persistence_allowed=0 dropped=0
2026-08-26T15:31:42.863+00:00	664.312	FLAGS protocol=asd-quality-v1.6.0 mode=LEARNING state=NO_MACHINE waiting=0 learning=1 learned=0 anomaly=0 hold=0 fault=0 green=blink_5hz red=off guided25_available=1 workflow_pending=DEFAULT research_telemetry=1 profile_persistence_allowed=0 dropped=0
2026-08-26T15:31:45.988+00:00	667.437	COMMISSION protocol=asd-quality-v1.6.0 policy=asd-commissioning-policy-v1.0.0-development developmental=1 action=WINDOW phase=COMMISSION_VERIFY index=4 total=22 result=NONE score_valid=1 score=389.287109 level_dbfs=-50.0894737 tonalness_proxy=3.61927986 feature_drift=0
2026-08-26T15:31:47.873+00:00	669.328	FLAGS protocol=asd-quality-v1.6.0 mode=LEARNING state=NO_MACHINE waiting=0 learning=1 learned=0 anomaly=0 hold=0 fault=0 green=blink_5hz red=off guided25_available=1 workflow_pending=DEFAULT research_telemetry=1 profile_persistence_allowed=0 dropped=0
2026-08-26T15:31:52.884+00:00	674.343	FLAGS protocol=asd-quality-v1.6.0 mode=LEARNING state=NO_MACHINE waiting=0 learning=1 learned=0 anomaly=0 hold=0 fault=0 green=blink_5hz red=off guided25_available=1 workflow_pending=DEFAULT research_telemetry=1 profile_persistence_allowed=0 dropped=0
2026-08-26T15:31:55.962+00:00	677.421	COMMISSION protocol=asd-quality-v1.6.0 policy=asd-commissioning-policy-v1.0.0-development developmental=1 action=WINDOW phase=COMMISSION_VERIFY index=5 total=22 result=NONE score_valid=1 score=677.091248 level_dbfs=-49.777771 tonalness_proxy=3.65514755 feature_drift=0
2026-08-26T15:31:57.893+00:00	679.343	FLAGS protocol=asd-quality-v1.6.0 mode=LEARNING state=NO_MACHINE waiting=0 learning=1 learned=0 anomaly=0 hold=0 fault=0 green=blink_5hz red=off guided25_available=1 workflow_pending=DEFAULT research_telemetry=1 profile_persistence_allowed=0 dropped=0
2026-08-26T15:32:02.903+00:00	684.359	FLAGS protocol=asd-quality-v1.6.0 mode=LEARNING state=NO_MACHINE waiting=0 learning=1 learned=0 anomaly=0 hold=0 fault=0 green=blink_5hz red=off guided25_available=1 workflow_pending=DEFAULT research_telemetry=1 profile_persistence_allowed=0 dropped=0
2026-08-26T15:32:05.936+00:00	687.390	COMMISSION protocol=asd-quality-v1.6.0 policy=asd-commissioning-policy-v1.0.0-development developmental=1 action=WINDOW phase=COMMISSION_VERIFY index=6 total=22 result=NONE score_valid=1 score=1181.18127 level_dbfs=-50.1385193 tonalness_proxy=3.60574389 feature_drift=0
2026-08-26T15:32:07.913+00:00	689.375	FLAGS protocol=asd-quality-v1.6.0 mode=LEARNING state=NO_MACHINE waiting=0 learning=1 learned=0 anomaly=0 hold=0 fault=0 green=blink_5hz red=off guided25_available=1 workflow_pending=DEFAULT research_telemetry=1 profile_persistence_allowed=0 dropped=0
2026-08-26T15:32:12.923+00:00	694.375	FLAGS protocol=asd-quality-v1.6.0 mode=LEARNING state=NO_MACHINE waiting=0 learning=1 learned=0 anomaly=0 hold=0 fault=0 green=blink_5hz red=off guided25_available=1 workflow_pending=DEFAULT research_telemetry=1 profile_persistence_allowed=0 dropped=0
2026-08-26T15:32:15.911+00:00	697.359	COMMISSION protocol=asd-quality-v1.6.0 policy=asd-commissioning-policy-v1.0.0-development developmental=1 action=WINDOW phase=COMMISSION_VERIFY index=7 total=22 result=NONE score_valid=1 score=723.334534 level_dbfs=-50.2227402 tonalness_proxy=3.59734344 feature_drift=0
2026-08-26T15:32:17.933+00:00	699.390	FLAGS protocol=asd-quality-v1.6.0 mode=LEARNING state=NO_MACHINE waiting=0 learning=1 learned=0 anomaly=0 hold=0 fault=0 green=blink_5hz red=off guided25_available=1 workflow_pending=DEFAULT research_telemetry=1 profile_persistence_allowed=0 dropped=0
2026-08-26T15:32:22.943+00:00	704.390	FLAGS protocol=asd-quality-v1.6.0 mode=LEARNING state=NO_MACHINE waiting=0 learning=1 learned=0 anomaly=0 hold=0 fault=0 green=blink_5hz red=off guided25_available=1 workflow_pending=DEFAULT research_telemetry=1 profile_persistence_allowed=0 dropped=0
2026-08-26T15:32:25.885+00:00	707.343	COMMISSION protocol=asd-quality-v1.6.0 policy=asd-commissioning-policy-v1.0.0-development developmental=1 action=WINDOW phase=COMMISSION_VERIFY index=8 total=22 result=NONE score_valid=1 score=4260.32715 level_dbfs=-50.2520561 tonalness_proxy=3.5120101 feature_drift=0
2026-08-26T15:32:27.953+00:00	709.406	FLAGS protocol=asd-quality-v1.6.0 mode=LEARNING state=NO_MACHINE waiting=0 learning=1 learned=0 anomaly=0 hold=0 fault=0 green=blink_5hz red=off guided25_available=1 workflow_pending=DEFAULT research_telemetry=1 profile_persistence_allowed=0 dropped=0
2026-08-26T15:32:32.962+00:00	714.421	FLAGS protocol=asd-quality-v1.6.0 mode=LEARNING state=NO_MACHINE waiting=0 learning=1 learned=0 anomaly=0 hold=0 fault=0 green=blink_5hz red=off guided25_available=1 workflow_pending=DEFAULT research_telemetry=1 profile_persistence_allowed=0 dropped=0
2026-08-26T15:32:35.859+00:00	717.312	COMMISSION protocol=asd-quality-v1.6.0 policy=asd-commissioning-policy-v1.0.0-development developmental=1 action=WINDOW phase=COMMISSION_VERIFY index=9 total=22 result=NONE score_valid=1 score=707.792175 level_dbfs=-50.5716782 tonalness_proxy=3.66571999 feature_drift=0
2026-08-26T15:32:37.973+00:00	719.421	FLAGS protocol=asd-quality-v1.6.0 mode=LEARNING state=NO_MACHINE waiting=0 learning=1 learned=0 anomaly=0 hold=0 fault=0 green=blink_5hz red=off guided25_available=1 workflow_pending=DEFAULT research_telemetry=1 profile_persistence_allowed=0 dropped=0
2026-08-26T15:32:42.984+00:00	724.437	FLAGS protocol=asd-quality-v1.6.0 mode=LEARNING state=NO_MACHINE waiting=0 learning=1 learned=0 anomaly=0 hold=0 fault=0 green=blink_5hz red=off guided25_available=1 workflow_pending=DEFAULT research_telemetry=1 profile_persistence_allowed=0 dropped=0
2026-08-26T15:32:45.897+00:00	727.359	COMMISSION protocol=asd-quality-v1.6.0 policy=asd-commissioning-policy-v1.0.0-development developmental=1 action=WINDOW phase=COMMISSION_VERIFY index=10 total=22 result=NONE score_valid=1 score=802.902405 level_dbfs=-50.0235558 tonalness_proxy=3.63681078 feature_drift=0
2026-08-26T15:32:47.993+00:00	729.453	FLAGS protocol=asd-quality-v1.6.0 mode=LEARNING state=NO_MACHINE waiting=0 learning=1 learned=0 anomaly=0 hold=0 fault=0 green=blink_5hz red=off guided25_available=1 workflow_pending=DEFAULT research_telemetry=1 profile_persistence_allowed=0 dropped=0
2026-08-26T15:32:53.004+00:00	734.453	FLAGS protocol=asd-quality-v1.6.0 mode=LEARNING state=NO_MACHINE waiting=0 learning=1 learned=0 anomaly=0 hold=0 fault=0 green=blink_5hz red=off guided25_available=1 workflow_pending=DEFAULT research_telemetry=1 profile_persistence_allowed=0 dropped=0
2026-08-26T15:32:55.872+00:00	737.328	COMMISSION protocol=asd-quality-v1.6.0 policy=asd-commissioning-policy-v1.0.0-development developmental=1 action=WINDOW phase=COMMISSION_VERIFY index=11 total=22 result=NONE score_valid=1 score=449.836548 level_dbfs=-49.5279388 tonalness_proxy=3.61599874 feature_drift=0
2026-08-26T15:32:58.013+00:00	739.468	FLAGS protocol=asd-quality-v1.6.0 mode=LEARNING state=NO_MACHINE waiting=0 learning=1 learned=0 anomaly=0 hold=0 fault=0 green=blink_5hz red=off guided25_available=1 workflow_pending=DEFAULT research_telemetry=1 profile_persistence_allowed=0 dropped=0
2026-08-26T15:33:03.023+00:00	744.484	FLAGS protocol=asd-quality-v1.6.0 mode=LEARNING state=NO_MACHINE waiting=0 learning=1 learned=0 anomaly=0 hold=0 fault=0 green=blink_5hz red=off guided25_available=1 workflow_pending=DEFAULT research_telemetry=1 profile_persistence_allowed=0 dropped=0
2026-08-26T15:33:05.846+00:00	747.296	COMMISSION protocol=asd-quality-v1.6.0 policy=asd-commissioning-policy-v1.0.0-development developmental=1 action=WINDOW phase=COMMISSION_VERIFY index=12 total=22 result=NONE score_valid=1 score=377.578308 level_dbfs=-49.3040009 tonalness_proxy=3.61237288 feature_drift=0
2026-08-26T15:33:08.033+00:00	749.484	FLAGS protocol=asd-quality-v1.6.0 mode=LEARNING state=NO_MACHINE waiting=0 learning=1 learned=0 anomaly=0 hold=0 fault=0 green=blink_5hz red=off guided25_available=1 workflow_pending=DEFAULT research_telemetry=1 profile_persistence_allowed=0 dropped=0
2026-08-26T15:33:13.044+00:00	754.500	FLAGS protocol=asd-quality-v1.6.0 mode=LEARNING state=NO_MACHINE waiting=0 learning=1 learned=0 anomaly=0 hold=0 fault=0 green=blink_5hz red=off guided25_available=1 workflow_pending=DEFAULT research_telemetry=1 profile_persistence_allowed=0 dropped=0
2026-08-26T15:33:15.820+00:00	757.281	COMMISSION protocol=asd-quality-v1.6.0 policy=asd-commissioning-policy-v1.0.0-development developmental=1 action=WINDOW phase=COMMISSION_VERIFY index=13 total=22 result=NONE score_valid=1 score=527.672852 level_dbfs=-49.3163643 tonalness_proxy=3.61350346 feature_drift=0
2026-08-26T15:33:18.054+00:00	759.515	FLAGS protocol=asd-quality-v1.6.0 mode=LEARNING state=NO_MACHINE waiting=0 learning=1 learned=0 anomaly=0 hold=0 fault=0 green=blink_5hz red=off guided25_available=1 workflow_pending=DEFAULT research_telemetry=1 profile_persistence_allowed=0 dropped=0
2026-08-26T15:33:23.064+00:00	764.515	FLAGS protocol=asd-quality-v1.6.0 mode=LEARNING state=NO_MACHINE waiting=0 learning=1 learned=0 anomaly=0 hold=0 fault=0 green=blink_5hz red=off guided25_available=1 workflow_pending=DEFAULT research_telemetry=1 profile_persistence_allowed=0 dropped=0
2026-08-26T15:33:25.794+00:00	767.250	COMMISSION protocol=asd-quality-v1.6.0 policy=asd-commissioning-policy-v1.0.0-development developmental=1 action=WINDOW phase=COMMISSION_VERIFY index=14 total=22 result=NONE score_valid=1 score=1022.00214 level_dbfs=-49.7814903 tonalness_proxy=3.61340761 feature_drift=0
2026-08-26T15:33:28.073+00:00	769.531	FLAGS protocol=asd-quality-v1.6.0 mode=LEARNING state=NO_MACHINE waiting=0 learning=1 learned=0 anomaly=0 hold=0 fault=0 green=blink_5hz red=off guided25_available=1 workflow_pending=DEFAULT research_telemetry=1 profile_persistence_allowed=0 dropped=0
2026-08-26T15:33:33.083+00:00	774.531	FLAGS protocol=asd-quality-v1.6.0 mode=LEARNING state=NO_MACHINE waiting=0 learning=1 learned=0 anomaly=0 hold=0 fault=0 green=blink_5hz red=off guided25_available=1 workflow_pending=DEFAULT research_telemetry=1 profile_persistence_allowed=0 dropped=0
2026-08-26T15:33:35.768+00:00	777.218	COMMISSION protocol=asd-quality-v1.6.0 policy=asd-commissioning-policy-v1.0.0-development developmental=1 action=WINDOW phase=COMMISSION_VERIFY index=15 total=22 result=NONE score_valid=1 score=1159.20459 level_dbfs=-50.062561 tonalness_proxy=3.60899448 feature_drift=0
2026-08-26T15:33:38.094+00:00	779.546	FLAGS protocol=asd-quality-v1.6.0 mode=LEARNING state=NO_MACHINE waiting=0 learning=1 learned=0 anomaly=0 hold=0 fault=0 green=blink_5hz red=off guided25_available=1 workflow_pending=DEFAULT research_telemetry=1 profile_persistence_allowed=0 dropped=0
2026-08-26T15:33:43.104+00:00	784.562	FLAGS protocol=asd-quality-v1.6.0 mode=LEARNING state=NO_MACHINE waiting=0 learning=1 learned=0 anomaly=0 hold=0 fault=0 green=blink_5hz red=off guided25_available=1 workflow_pending=DEFAULT research_telemetry=1 profile_persistence_allowed=0 dropped=0
2026-08-26T15:33:45.807+00:00	787.265	COMMISSION protocol=asd-quality-v1.6.0 policy=asd-commissioning-policy-v1.0.0-development developmental=1 action=WINDOW phase=COMMISSION_VERIFY index=16 total=22 result=NONE score_valid=1 score=933.960938 level_dbfs=-49.9891319 tonalness_proxy=3.61439371 feature_drift=0
2026-08-26T15:33:48.114+00:00	789.562	FLAGS protocol=asd-quality-v1.6.0 mode=LEARNING state=NO_MACHINE waiting=0 learning=1 learned=0 anomaly=0 hold=0 fault=0 green=blink_5hz red=off guided25_available=1 workflow_pending=DEFAULT research_telemetry=1 profile_persistence_allowed=0 dropped=0
2026-08-26T15:33:53.124+00:00	794.578	FLAGS protocol=asd-quality-v1.6.0 mode=LEARNING state=NO_MACHINE waiting=0 learning=1 learned=0 anomaly=0 hold=0 fault=0 green=blink_5hz red=off guided25_available=1 workflow_pending=DEFAULT research_telemetry=1 profile_persistence_allowed=0 dropped=0
2026-08-26T15:33:55.781+00:00	797.234	COMMISSION protocol=asd-quality-v1.6.0 policy=asd-commissioning-policy-v1.0.0-development developmental=1 action=WINDOW phase=COMMISSION_VERIFY index=17 total=22 result=NONE score_valid=1 score=1106.60254 level_dbfs=-50.1931076 tonalness_proxy=3.55169249 feature_drift=0
2026-08-26T15:33:58.133+00:00	799.593	FLAGS protocol=asd-quality-v1.6.0 mode=LEARNING state=NO_MACHINE waiting=0 learning=1 learned=0 anomaly=0 hold=0 fault=0 green=blink_5hz red=off guided25_available=1 workflow_pending=DEFAULT research_telemetry=1 profile_persistence_allowed=0 dropped=0
2026-08-26T15:34:03.143+00:00	804.593	FLAGS protocol=asd-quality-v1.6.0 mode=LEARNING state=NO_MACHINE waiting=0 learning=1 learned=0 anomaly=0 hold=0 fault=0 green=blink_5hz red=off guided25_available=1 workflow_pending=DEFAULT research_telemetry=1 profile_persistence_allowed=0 dropped=0
2026-08-26T15:34:05.756+00:00	807.203	COMMISSION protocol=asd-quality-v1.6.0 policy=asd-commissioning-policy-v1.0.0-development developmental=1 action=WINDOW phase=COMMISSION_VERIFY index=18 total=22 result=NONE score_valid=1 score=784.778015 level_dbfs=-50.1917191 tonalness_proxy=3.52561045 feature_drift=0
2026-08-26T15:34:08.153+00:00	809.609	FLAGS protocol=asd-quality-v1.6.0 mode=LEARNING state=NO_MACHINE waiting=0 learning=1 learned=0 anomaly=0 hold=0 fault=0 green=blink_5hz red=off guided25_available=1 workflow_pending=DEFAULT research_telemetry=1 profile_persistence_allowed=0 dropped=0
2026-08-26T15:34:13.164+00:00	814.625	FLAGS protocol=asd-quality-v1.6.0 mode=LEARNING state=NO_MACHINE waiting=0 learning=1 learned=0 anomaly=0 hold=0 fault=0 green=blink_5hz red=off guided25_available=1 workflow_pending=DEFAULT research_telemetry=1 profile_persistence_allowed=0 dropped=0
2026-08-26T15:34:15.730+00:00	817.187	COMMISSION protocol=asd-quality-v1.6.0 policy=asd-commissioning-policy-v1.0.0-development developmental=1 action=WINDOW phase=COMMISSION_VERIFY index=19 total=22 result=NONE score_valid=1 score=939.691833 level_dbfs=-50.0297508 tonalness_proxy=3.52451849 feature_drift=0
2026-08-26T15:34:18.174+00:00	819.625	FLAGS protocol=asd-quality-v1.6.0 mode=LEARNING state=NO_MACHINE waiting=0 learning=1 learned=0 anomaly=0 hold=0 fault=0 green=blink_5hz red=off guided25_available=1 workflow_pending=DEFAULT research_telemetry=1 profile_persistence_allowed=0 dropped=0
2026-08-26T15:34:23.184+00:00	824.640	FLAGS protocol=asd-quality-v1.6.0 mode=LEARNING state=NO_MACHINE waiting=0 learning=1 learned=0 anomaly=0 hold=0 fault=0 green=blink_5hz red=off guided25_available=1 workflow_pending=DEFAULT research_telemetry=1 profile_persistence_allowed=0 dropped=0
2026-08-26T15:34:25.703+00:00	827.156	COMMISSION protocol=asd-quality-v1.6.0 policy=asd-commissioning-policy-v1.0.0-development developmental=1 action=WINDOW phase=COMMISSION_VERIFY index=20 total=22 result=NONE score_valid=1 score=536.622314 level_dbfs=-49.41782 tonalness_proxy=3.61040211 feature_drift=0
2026-08-26T15:34:28.194+00:00	829.656	FLAGS protocol=asd-quality-v1.6.0 mode=LEARNING state=NO_MACHINE waiting=0 learning=1 learned=0 anomaly=0 hold=0 fault=0 green=blink_5hz red=off guided25_available=1 workflow_pending=DEFAULT research_telemetry=1 profile_persistence_allowed=0 dropped=0
2026-08-26T15:34:33.204+00:00	834.656	FLAGS protocol=asd-quality-v1.6.0 mode=LEARNING state=NO_MACHINE waiting=0 learning=1 learned=0 anomaly=0 hold=0 fault=0 green=blink_5hz red=off guided25_available=1 workflow_pending=DEFAULT research_telemetry=1 profile_persistence_allowed=0 dropped=0
2026-08-26T15:34:35.678+00:00	837.140	COMMISSION protocol=asd-quality-v1.6.0 policy=asd-commissioning-policy-v1.0.0-development developmental=1 action=WINDOW phase=COMMISSION_VERIFY index=21 total=22 result=NONE score_valid=1 score=640.723022 level_dbfs=-49.6416473 tonalness_proxy=3.59221077 feature_drift=0
2026-08-26T15:34:38.214+00:00	839.671	FLAGS protocol=asd-quality-v1.6.0 mode=LEARNING state=NO_MACHINE waiting=0 learning=1 learned=0 anomaly=0 hold=0 fault=0 green=blink_5hz red=off guided25_available=1 workflow_pending=DEFAULT research_telemetry=1 profile_persistence_allowed=0 dropped=0
2026-08-26T15:34:43.224+00:00	844.671	FLAGS protocol=asd-quality-v1.6.0 mode=LEARNING state=NO_MACHINE waiting=0 learning=1 learned=0 anomaly=0 hold=0 fault=0 green=blink_5hz red=off guided25_available=1 workflow_pending=DEFAULT research_telemetry=1 profile_persistence_allowed=0 dropped=0
2026-08-26T15:34:45.651+00:00	847.109	COMMISSION protocol=asd-quality-v1.6.0 policy=asd-commissioning-policy-v1.0.0-development developmental=1 action=WINDOW phase=MONITORING index=22 total=22 result=NONE score_valid=1 score=896.125 level_dbfs=-49.6977959 tonalness_proxy=3.61903381 feature_drift=0
2026-08-26T15:34:45.657+00:00	847.109	W (847075) psdlive: DEVELOPMENT profil ostaje samo u RAM-u; NVS save je zabranjen
2026-08-26T15:34:45.691+00:00	847.140	PROFILE protocol=asd-quality-v1.6.0 schema=asd-runtime-profile-v1.0.0-development policy=asd-commissioning-policy-v1.0.0-development developmental=1 valid=1 policy_version=1 policy_id=434d5631 center_windows=10 derive_windows=44 verify_windows=22 level_mean_dbfs=-47.7742233 tonalness_reference=3.5815239 threshold_enter=1051.74402 threshold_exit=525.872009
2026-08-26T15:34:45.699+00:00	847.156	ADAPTTHR n=44 mean=392.879852 sd=181.006073 k=0 theta=0 p=0.9900 thr=1051.74402 lo=0.000000 factory=0.000000
2026-08-26T15:34:45.704+00:00	847.156	I (847125) psdlive: racun po klipu: 718 ms (rezerva 13.9x), dropped=0
2026-08-26T15:34:45.715+00:00	847.171	PRESENCE protocol=asd-quality-v1.6.0 level_mean_dbfs=-47.7742233 margin_db=11 gate_dbfs=-58.7742233 min_consecutive=3
2026-08-26T15:34:45.738+00:00	847.187	TEMPORAL protocol=asd-quality-v1.6.0 policy=asd-temporal-policy-v2.0.0-development min_consecutive=3 ewma_alpha=0 enter_scale=1 exit_scale=0.699999988 fast_scale=0 threshold_mode=absolute_profile threshold_enter=1051.74402 threshold_exit=525.872009
2026-08-26T15:34:45.758+00:00	847.218	INTERFERENCE protocol=asd-quality-v1.6.0 policy=asd-interference-policy-v3.0.0-development source=CAL_NORMAL_ONLY normal_windows=10 normal_max=1.94909179 multiplier=1.25 threshold=2.43636465 use_tonalness_delta=0 long_hold_windows=6
2026-08-26T15:34:45.765+00:00	847.218	STATE protocol=asd-quality-v1.6.0 from=NO_MACHINE to=CALIBRATED_NORMAL reason=CALIBRATION_ACCEPTED
2026-08-26T15:34:45.780+00:00	847.234	EVENT protocol=asd-quality-v1.6.0 type=CALIBRATION_ACCEPTED state=CALIBRATED_NORMAL phase=CAL reason=QUALITY_OK event=NONE capability=AVAILABLE level=DEVIATION
2026-08-26T15:34:45.785+00:00	847.234	I (847205) psdlive: LAMPICA STALNO SVIJETLI = ucenje gotovo, nadzirem
2026-08-26T15:34:45.810+00:00	847.265	FLAGS protocol=asd-quality-v1.6.0 mode=READY state=CALIBRATED_NORMAL waiting=0 learning=0 learned=1 anomaly=0 hold=0 fault=0 green=on red=off guided25_available=1 workflow_pending=DEFAULT research_telemetry=1 profile_persistence_allowed=0 dropped=0
2026-08-26T15:34:45.819+00:00	847.281	I (847235) psdlive: --- DETEKCIJA RADI. Sada izazovi kvar. ---
2026-08-26T15:34:45.821+00:00	847.281	I (847245) psdlive: zelena LED (GPIO2) svijetli = normalno; crvena (GPIO11) = ALARM
2026-08-26T15:34:50.792+00:00	852.250	FLAGS protocol=asd-quality-v1.6.0 mode=READY state=CALIBRATED_NORMAL waiting=0 learning=0 learned=1 anomaly=0 hold=0 fault=0 green=on red=off guided25_available=1 workflow_pending=DEFAULT research_telemetry=1 profile_persistence_allowed=0 dropped=0
2026-08-26T15:34:55.693+00:00	857.140	QUALITY protocol=asd-quality-v1.6.0 phase=DET index=1 total=0 result=OK metrics_valid=1 samples=159744 expected=159744 rms_dbfs=-49.531 dc=-0.464 peak=436 clipped=0 zeros=592 stuck=313 dropped_delta=0 feature_valid=1 tonalness_valid=1 tonalness_proxy=3.593555 tonal_gate=pending_normal_only
2026-08-26T15:34:55.701+00:00	857.156	DET 1 score=1118.4552 lo=0 hi=1051.74402 led=1 anom=0 total_anom=0 hold=0 iznad praga (uzastopnih=1 nivo=-49.5 dBFS racun=716 ms)
2026-08-26T15:34:55.830+00:00	857.281	FEATURE96 protocol=asd-research-v1.0.0 session=1 phase=DET window=1 window_start_ms=846051 window_end_ms=855905 score=1118.4552 level_dbfs=-49.5313644 quality=OK tonalness_proxy=3.59355497 dims=96 fnv1a=8eafe9f4 values=-9.96595478,-9.96595478,1.37333488,-9.96595478,-9.96595478,1.04141331,-9.96595478,1.34700108,-9.96595478,1.402318,1.08589649,-9.96595478,1.27339268,1.72465706,1.57904243,-9.96595478,1.01662254,0.822476387,0.977811813,1.3252306,1.34245968,1.01375866,1.71521091,1.70094585,1.2175827,1.36618328,1.15712261,1.00155067,1.00210857,0.988111496,1.02756977,1.25302219,1.32385921,1.25822258,1.02513218,3.59355497,3.04577112,0.961788177,0.720586777,0.584703445,1.30460453,0.998389244,0.761024475,1.23283672,0.681954384,0.854187965,1.43092918,1.0329504,0.810429573,0.913464546,1.02394962,1.00000477,0.857131958,1.96261406,0.878864288,0.794380188,0.76457119,0.948960304,1.08334446,1.08508873,0.839792252,2.47570276,0.446504593,0.18787384,0.429782867,0.470849037,0.125920296,0.00334835052,0.42673111,0.362134933,0.526499748,0.199759483,0.893547058,0.37583065,0.0119152069,0.144669533,0.105874062,0.343549728,0.574706078,0.808501244,0.343170166,0.297473907,0.0992174149,0.228208542,0.417966843,0.471920967,0.656320572,0.794147491,0.786746025,0.468576431,0.252051353,0.34023571,0.37061882,0.878475189,0.354391098,0.526551247
2026-08-26T15:34:55.840+00:00	857.296	FLAGS protocol=asd-quality-v1.6.0 mode=READY state=CALIBRATED_NORMAL waiting=0 learning=0 learned=1 anomaly=0 hold=0 fault=0 green=on red=off guided25_available=1 workflow_pending=DEFAULT research_telemetry=1 profile_persistence_allowed=0 dropped=0
2026-08-26T15:34:55.957+00:00	857.406	SUBSEG96 protocol=asd-research-v1.0.0 session=1 phase=DET window=1 group=1 segments=8 dims=96 fnv1a=ebd41486 values=-9.93606853,-9.93606853,0.922735214,-9.93606853,-9.93606853,0.869689941,-9.93606853,0.990913391,-9.93606853,1.09664249,0.640205383,-9.93606853,1.13403416,1.58118153,1.47484303,-9.93606853,0.895952225,1.03292656,1.22522736,1.40475941,1.2365694,1.0596199,1.15019226,1.32631207,1.3361311,1.50527191,1.307621,1.11128139,0.931552887,1.04929066,0.88658905,1.0921793,1.39550591,1.49665642,1.14593792,3.60076618,2.97778463,1.04590797,0.82841301,0.532727242,1.24915028,1.02702427,0.702776909,1.42190552,0.672678947,0.988397598,1.38363075,1.09681225,0.876605034,0.951253891,1.01392555,1.0020237,0.920697212,2.00780392,1.01785374,0.709676743,0.764755249,0.908852577,1.12834072,1.12855339,0.950741768,2.51322556,0.49924469,0.253440857,0.493748665,0.471353531,0.127440453,-0.0180511475,0.392799377,0.311986923,0.521213531,0.212097168,0.897960663,0.417481422,0.038476944,0.154542923,0.120549202,0.338693619,0.58721447,0.866398811,0.425441742,0.343652725,0.146034241,0.227849007,0.449173927,0.514577866,0.705060005,0.855822563,0.819324493,0.471874237,0.289151192,0.3937397,0.44821167,1.00063705,0.393306732,0.595907211
2026-08-26T15:34:56.062+00:00	857.515	SUBSEG96 protocol=asd-research-v1.0.0 session=1 phase=DET window=1 group=2 segments=8 dims=96 fnv1a=5b0dd7be values=-9.91178608,-9.91178608,0.986084938,-9.91178608,-9.91178608,0.932836533,-9.91178608,1.3277483,-9.91178608,1.29511929,1.16785049,-9.91178608,1.38579464,1.63881016,1.47190952,-9.91178608,1.25654316,1.09942913,0.937949181,1.06888103,1.1579237,0.708745956,0.950933456,1.10582161,1.03624249,1.10851574,0.667316437,0.74451828,0.76577282,0.669240952,1.24745083,1.41068554,1.37069798,1.48567486,1.08169842,3.66071463,3.12818527,0.914396286,0.792574883,0.54233551,1.1555891,1.11676407,0.748765945,1.24107933,0.793784142,0.861983299,1.68786621,1.00507545,0.765027046,0.992175102,1.029953,1.07688046,0.7803545,1.98146343,0.873086929,0.996006012,0.869112968,0.982387543,1.10828114,1.16976547,0.959815025,2.49925995,0.560919762,0.252565384,0.481226921,0.553567886,0.167585373,0.0672664642,0.438547134,0.408682823,0.564789772,0.223922729,0.94765377,0.474555969,0.0420198441,0.193307877,0.149185181,0.41839695,0.573309898,0.87931633,0.374046326,0.337988853,0.150595665,0.276806831,0.45816803,0.563902855,0.7081604,0.810818672,0.851778984,0.5057621,0.309678078,0.382846832,0.464515686,0.944711685,0.397912979,0.547203064
2026-08-26T15:34:56.170+00:00	857.625	SUBSEG96 protocol=asd-research-v1.0.0 session=1 phase=DET window=1 group=3 segments=8 dims=96 fnv1a=a6e70889 values=-9.92500401,-9.92500401,1.20563412,-9.92500401,-9.92500401,0.987236023,-9.92500401,1.43078995,-9.92500401,1.28559589,0.987287521,-9.92500401,0.926640511,1.54000378,1.59533596,-9.92500401,1.13289642,0.642513275,0.816491127,1.15839386,1.23262501,0.873427391,1.29414368,1.31294632,0.99368,1.25552082,1.26774025,0.92976284,0.831806183,0.948963165,1.16790485,1.51240444,1.25771332,1.24470901,1.06324959,3.64841223,3.16311407,1.12504959,0.635352135,0.733348846,1.25912189,0.986769676,0.85696888,1.28302002,0.718409538,0.87022686,1.5254221,1.15908051,0.861531258,0.974947929,0.98935318,1.01091957,0.910367012,2.02034283,0.94985199,0.835015297,0.674145699,0.990642548,1.09507084,1.02747536,0.800018311,2.51684427,0.417218208,0.210305214,0.412552834,0.405963898,0.221342087,0.0243883133,0.536873817,0.402258873,0.604720116,0.268704414,0.910313606,0.336491585,0.0738105774,0.181032181,0.150400162,0.346528053,0.611330986,0.855951309,0.406270027,0.374846458,0.176268578,0.268461227,0.434235573,0.463542938,0.705979347,0.918131828,0.837087631,0.510924339,0.316555023,0.385930061,0.322989464,0.813297272,0.390537262,0.588495255
2026-08-26T15:34:56.276+00:00	857.734	SUBSEG96 protocol=asd-research-v1.0.0 session=1 phase=DET window=1 group=4 segments=7 dims=96 fnv1a=fcc7fed9 values=-9.9801712,-9.9801712,1.86101818,-9.9801712,-9.9801712,1.2989254,-9.9801712,1.26442623,-9.9801712,1.50314426,1.19954205,-9.9801712,1.46625137,2.12128019,1.91601467,-9.9801712,0.952775955,0.637064934,1.08861637,1.57989883,1.55106926,1.11752319,1.21491528,1.30316162,1.25808716,1.4441843,1.30723572,1.1394434,0.980575562,1.09841442,0.714309692,1.05048943,1.12658691,0.682473183,0.956171036,3.57836819,3.02522373,0.900071144,0.77094841,0.682797432,1.4914999,0.998963356,0.706501007,1.10053349,0.682872772,0.867108345,1.33484459,0.993678093,0.767327309,0.778796196,1.15948105,1.01190186,0.797522545,1.93487167,0.907845497,0.766717911,0.722037315,1.02083778,1.19459629,1.19423485,0.738219261,2.46190977,0.379677773,0.146900177,0.471184731,0.545638084,0.15089035,-0.0145015717,0.443437576,0.447717667,0.48443985,0.274523735,0.895859718,0.365666389,0.00504302979,0.113244057,0.0991621017,0.357276917,0.649848938,0.750774384,0.324814796,0.202011108,0.066608429,0.259645462,0.39056015,0.41600132,0.619746208,0.731365204,0.777839661,0.481951714,0.18185997,0.31178093,0.351717949,0.856146812,0.372018814,0.50715065
2026-08-26T15:34:56.384+00:00	857.843	SUBSEG96 protocol=asd-research-v1.0.0 session=1 phase=DET window=1 group=5 segments=7 dims=96 fnv1a=5a89433e values=-9.97333145,-9.97333145,1.2433033,-9.97333145,-9.97333145,1.08976173,-9.97333145,1.61329079,-9.97333145,1.69909382,1.29778862,-9.97333145,1.36938953,1.47980022,1.24960327,-9.97333145,0.799082756,0.444773674,0.727355003,1.32757854,1.49791718,1.23119545,2.33556318,2.28272867,1.41623306,1.49201107,1.04827118,1.0718565,1.34697247,1.13722229,1.03914928,1.09292507,1.49184322,1.02566147,0.948903084,3.58114767,3.01542139,0.867242813,0.645341873,0.484395981,1.39351368,0.953312874,0.869709015,1.14045715,0.634847641,0.752428055,1.14611912,0.985644341,0.871935844,0.947260857,1.01267624,1.00296593,0.954172134,1.9697237,0.673946381,0.708333015,0.869949341,0.94255352,0.964343071,0.972071648,0.812151909,2.49200296,0.461530685,0.172422409,0.386436462,0.470718384,0.0518035889,0.0607662201,0.415509224,0.335242271,0.556402206,0.105177879,0.922948837,0.380731583,0.00314426422,0.185265541,0.115812302,0.362031937,0.551836967,0.782172203,0.271729469,0.316352844,0.0481500626,0.213139534,0.462031364,0.496438026,0.641247749,0.727662086,0.746290207,0.479243279,0.257070541,0.326669693,0.354208946,0.854963303,0.320216179,0.488319397
2026-08-26T15:35:00.803+00:00	862.265	FLAGS protocol=asd-quality-v1.6.0 mode=READY state=CALIBRATED_NORMAL waiting=0 learning=0 learned=1 anomaly=0 hold=0 fault=0 green=on red=off guided25_available=1 workflow_pending=DEFAULT research_telemetry=1 profile_persistence_allowed=0 dropped=0
2026-08-26T15:35:05.665+00:00	867.125	QUALITY protocol=asd-quality-v1.6.0 phase=DET index=2 total=0 result=OK metrics_valid=1 samples=159744 expected=159744 rms_dbfs=-49.698 dc=-0.528 peak=410 clipped=0 zeros=610 stuck=374 dropped_delta=0 feature_valid=1 tonalness_valid=1 tonalness_proxy=3.597100 tonal_gate=pending_normal_only
2026-08-26T15:35:05.675+00:00	867.125	DET 2 score=1266.10547 lo=0 hi=1051.74402 led=1 anom=0 total_anom=0 hold=0 iznad praga (uzastopnih=2 nivo=-49.7 dBFS racun=716 ms)
2026-08-26T15:35:05.803+00:00	867.250	FEATURE96 protocol=asd-research-v1.0.0 session=1 phase=DET window=2 window_start_ms=856602 window_end_ms=865879 score=1266.10547 level_dbfs=-49.6975174 quality=OK tonalness_proxy=3.59710026 dims=96 fnv1a=2f4a5a1f values=-9.95433521,-9.95433521,1.31380367,-9.95433521,-9.95433521,1.24389648,-9.95433521,1.46942616,-9.95433521,1.41190434,0.988975525,-9.95433521,1.22353649,1.56125259,1.47904015,-9.95433521,1.07205486,0.794013977,0.903040886,1.12746906,1.15209961,0.745005608,1.0444746,1.13672066,1.31911373,1.72538853,1.16813087,0.921999931,1.11524391,1.09254932,1.04708862,1.2661972,1.25791645,1.21524906,1.11858749,3.59710026,3.01578283,1.06505489,0.666544914,0.590908051,1.09611416,1.07436848,0.802233696,1.37830162,0.740483284,0.914428711,1.39366245,1.16810417,0.893176079,0.892388344,1.01823711,0.988595963,0.962944984,1.95371056,0.940000534,0.723442078,0.825102806,1.05937481,1.07907104,1.14492512,0.856621742,2.48724031,0.444743156,0.215524673,0.42668438,0.441636086,0.111824989,0.019657135,0.541062355,0.409264565,0.499957085,0.21944809,0.8997612,0.387264252,0.0381240845,0.182837486,0.108024597,0.393984795,0.598712921,0.847848892,0.358106613,0.313588142,0.108517647,0.255238533,0.456622124,0.486219406,0.693102837,0.804808617,0.786974907,0.486974716,0.284316063,0.379346848,0.369232178,0.916316986,0.352552414,0.554024696
2026-08-26T15:35:05.909+00:00	867.359	SUBSEG96 protocol=asd-research-v1.0.0 session=1 phase=DET window=2 group=1 segments=8 dims=96 fnv1a=e6c883e6 values=-9.95756054,-9.95756054,1.51947975,-9.95756054,-9.95756054,1.26118851,-9.95756054,1.56501865,-9.95756054,1.55340004,1.05245876,-9.95756054,1.23703575,1.55539036,1.39714622,-9.95756054,1.14659882,0.853556633,0.763386726,1.06155968,1.11932945,0.749567032,0.954167366,1.08164787,1.23341942,1.64880753,1.11295414,0.795389175,1.2029705,1.21032524,1.20854664,1.59905529,1.41312408,1.06653023,1.3453331,3.59480619,3.01588774,1.0291357,0.522798538,0.735388756,1.12051105,1.18699837,0.660862923,1.35172367,0.789821625,0.849802971,1.49948788,1.14116573,1.00142765,0.779827118,1.13774109,0.972453117,0.906153679,1.92492104,0.827118874,0.728235245,0.875735283,1.06879807,1.0505085,1.02451897,0.773278236,2.49234581,0.442082405,0.204315186,0.377433777,0.381510735,0.0468387604,0.0184993744,0.456418037,0.447146416,0.522007942,0.15154171,0.951461792,0.351945877,-0.0111198425,0.233401299,0.0989770889,0.346871376,0.605402946,0.848387718,0.344434738,0.34425354,0.119830132,0.268685341,0.409814835,0.453552246,0.6743536,0.812091827,0.776917458,0.468135834,0.278708458,0.369098663,0.344042778,0.883130074,0.360592842,0.510809898
2026-08-26T15:35:05.921+00:00	867.375	FLAGS protocol=asd-quality-v1.6.0 mode=READY state=CALIBRATED_NORMAL waiting=0 learning=0 learned=1 anomaly=0 hold=0 fault=0 green=on red=off guided25_available=1 workflow_pending=DEFAULT research_telemetry=1 profile_persistence_allowed=0 dropped=0
2026-08-26T15:35:06.036+00:00	867.484	SUBSEG96 protocol=asd-research-v1.0.0 session=1 phase=DET window=2 group=2 segments=8 dims=96 fnv1a=f3d31cf8 values=-9.92725849,-9.92725849,1.12223148,-9.92725849,-9.92725849,1.28971386,-9.92725849,1.23463631,-9.92725849,0.969954491,0.974784851,-9.92725849,1.08042717,1.2188139,1.3373642,-9.92725849,0.947973251,0.742407799,1.14088249,1.18123436,0.973493576,0.711598396,0.904817581,1.06331825,1.45151043,1.68419456,1.20216084,1.03543091,1.10927773,1.29799461,1.09576416,1.08375549,1.49360371,1.31974316,1.07038307,3.62584639,3.04731178,0.975715637,0.537992477,0.537919998,0.988677979,0.879920959,0.892002106,1.40314579,0.649357796,1.05189419,1.33026028,1.20641422,0.852583885,0.958835602,1.10695934,0.985942841,1.06082344,1.99781322,1.04312229,0.748931885,0.926913261,1.11773109,1.1534605,1.26946068,0.956123352,2.52278566,0.446290016,0.23145771,0.390954971,0.429114342,0.13176918,0.0389070511,0.552024841,0.400648117,0.536338806,0.255950928,0.924423218,0.352377892,0.10765934,0.178877831,0.132534981,0.444273949,0.619174004,0.83409977,0.37903595,0.331744194,0.155157089,0.29257679,0.435880661,0.5094347,0.72912693,0.814167976,0.78547287,0.486186028,0.297556877,0.428249359,0.366370201,0.925909996,0.347852707,0.56084156
2026-08-26T15:35:06.143+00:00	867.593	SUBSEG96 protocol=asd-research-v1.0.0 session=1 phase=DET window=2 group=3 segments=8 dims=96 fnv1a=716229dc values=-9.9415369,-9.9415369,1.22332764,-9.9415369,-9.9415369,1.20847034,-9.9415369,1.3150444,-9.9415369,1.31747818,1.04832745,-9.9415369,1.24276447,1.67649174,1.57702351,-9.9415369,1.08372784,0.824045181,0.804283142,1.18959522,1.28864384,0.818135262,0.92430687,1.15057278,1.37434387,1.74737549,1.27740574,0.968819618,1.06106663,0.906562805,0.857592583,0.966773033,0.965041161,1.43498898,1.09290409,3.60383177,3.02252865,0.850967407,0.750668526,0.565205574,1.12738991,1.09709263,0.722815514,1.38069725,0.815846443,0.933686256,1.30228138,1.16915226,0.808379173,0.914757729,0.969834328,1.00349617,0.944391251,1.94247246,0.843320847,0.756655693,0.746325493,1.10709476,1.11620617,1.26619244,0.891801834,2.49691868,0.496951103,0.238121033,0.43911171,0.508466721,0.0464096069,0.038359642,0.528485298,0.439583778,0.506881714,0.248905182,0.872149467,0.450419426,0.0500278473,0.203796387,0.173686981,0.438879967,0.617152214,0.876458168,0.357958794,0.336281776,0.0883207321,0.275460243,0.516111374,0.483610153,0.675428391,0.838564873,0.819776535,0.499934196,0.313592911,0.389121056,0.408387184,0.933683395,0.33220005,0.594694138
2026-08-26T15:35:06.251+00:00	867.703	SUBSEG96 protocol=asd-research-v1.0.0 session=1 phase=DET window=2 group=4 segments=7 dims=96 fnv1a=e3b66da5 values=-9.95240593,-9.95240593,1.33067703,-9.95240593,-9.95240593,1.36836147,-9.95240593,1.64173031,-9.95240593,1.60952759,0.906065941,-9.95240593,1.25741196,1.73670578,1.69373035,-9.95240593,1.18133545,0.690286636,0.605811119,0.880119324,0.995648384,0.623300552,1.29652596,1.3177433,1.35072803,1.86363316,1.11661911,0.924746513,1.22004128,0.81780529,0.868988037,1.14399719,1.15811729,1.18834305,0.890686035,3.59756136,3.01971865,1.25613022,0.747131348,0.460847855,1.09760284,1.12824726,0.872811317,1.37516594,0.735851288,0.896112442,1.40937424,1.21347141,0.793640137,0.975861549,0.960305214,0.988354683,0.935488701,1.95991898,1.02618599,0.735014915,0.811763763,1.11852741,0.962212563,1.09346581,0.925413132,2.4859333,0.359020233,0.223161697,0.428019524,0.470321655,0.179404259,-0.0730934143,0.639282227,0.390989304,0.401527405,0.224293709,0.926095009,0.436883926,0.0208444595,0.147517204,0.101587296,0.3699646,0.54541111,0.869760513,0.356663704,0.288180351,0.0835847855,0.207573891,0.482575417,0.516913414,0.714108467,0.803396225,0.807067871,0.540677071,0.287723541,0.360290527,0.37245369,0.928837776,0.388363838,0.559042931
2026-08-26T15:35:06.357+00:00	867.812	SUBSEG96 protocol=asd-research-v1.0.0 session=1 phase=DET window=2 group=5 segments=7 dims=96 fnv1a=94e81745 values=-9.95121956,-9.95121956,1.29599953,-9.95121956,-9.95121956,1.08488274,-9.95121956,1.51797199,-9.95121956,1.40781403,0.975259781,-9.95121956,1.31735897,1.50215435,1.31306744,-9.95121956,0.99652195,0.869511604,1.03678703,1.2705965,1.31210232,0.829226494,1.08685875,1.07001209,1.16482258,1.7065506,1.14525032,0.896492004,0.971777916,1.07029819,1.12196064,1.24103737,1.02332687,0.889469147,1.07199955,3.60555792,3.0148015,1.17227364,0.769197464,0.630844116,1.17136765,1.05690956,0.877709389,1.42451763,0.727305412,0.846119881,1.43825722,1.15172291,0.999689102,0.856404305,0.88554287,1.03646946,0.997579575,1.98672199,0.975276947,0.683405876,0.775812149,0.871610641,1.12620068,1.03687859,0.739548683,2.47756195,0.503987312,0.22315979,0.533993721,0.455465317,0.192411423,0.100213051,0.566869736,0.401438713,0.555549622,0.256648064,0.855183601,0.38018322,0.0595846176,0.180995941,0.0620393753,0.404611588,0.641386986,0.852321625,0.396464348,0.301296234,0.133660316,0.265315056,0.477472305,0.513154984,0.716941833,0.794181824,0.78749752,0.483239174,0.285027504,0.388731003,0.396836281,0.954668045,0.378281593,0.586418152
2026-08-26T15:35:10.824+00:00	872.281	FLAGS protocol=asd-quality-v1.6.0 mode=READY state=CALIBRATED_NORMAL waiting=0 learning=0 learned=1 anomaly=0 hold=0 fault=0 green=on red=off guided25_available=1 workflow_pending=DEFAULT research_telemetry=1 profile_persistence_allowed=0 dropped=0
2026-08-26T15:35:15.640+00:00	877.093	QUALITY protocol=asd-quality-v1.6.0 phase=DET index=3 total=0 result=OK metrics_valid=1 samples=159744 expected=159744 rms_dbfs=-49.725 dc=-0.469 peak=396 clipped=0 zeros=550 stuck=404 dropped_delta=0 feature_valid=1 tonalness_valid=1 tonalness_proxy=3.542947 tonal_gate=pending_normal_only
2026-08-26T15:35:15.650+00:00	877.109	DET 3 score=995.055542 lo=0 hi=1051.74402 led=1 anom=0 total_anom=0 hold=0 normal (uzastopnih=0 nivo=-49.7 dBFS racun=716 ms)
2026-08-26T15:35:15.779+00:00	877.234	FEATURE96 protocol=asd-research-v1.0.0 session=1 phase=DET window=3 window_start_ms=866582 window_end_ms=875854 score=995.055542 level_dbfs=-49.7248802 quality=OK tonalness_proxy=3.54294729 dims=96 fnv1a=bafaba76 values=-10.0246954,-10.0246954,1.26957417,-10.0246954,-10.0246954,1.35944557,-10.0246954,1.73274708,-10.0246954,1.74758053,1.18228626,-10.0246954,1.39451981,1.93446636,1.99291706,-10.0246954,1.3055315,0.807411194,0.897541046,1.04951859,1.11448288,0.778000832,1.18635273,1.2390337,1.4368763,1.72421265,1.28154182,0.922456741,1.05688,1.07005119,1.18344402,1.50758648,1.41511631,1.34951591,1.22372246,3.54294729,3.03616762,1.09451866,0.86816597,0.658520699,1.24888706,1.16289043,0.953333855,1.32697582,0.700616837,0.880801201,1.47264385,1.1249876,0.822216034,0.86137104,1.03211689,0.984995842,0.920050621,1.88665485,0.879559517,0.678052902,0.702861786,0.95645237,1.02311134,1.0793438,0.774366379,2.41448927,0.365768433,0.0866222382,0.41241169,0.375193596,0.13150692,-0.0369987488,0.423863411,0.352360725,0.435368538,0.187147141,0.839889526,0.31665802,-0.0229921341,0.108495712,0.0761051178,0.316001892,0.501609802,0.75340271,0.282726288,0.226974487,0.0751924515,0.184311867,0.403824806,0.418828964,0.608848572,0.754345894,0.703252792,0.431800842,0.203226089,0.268019676,0.267691612,0.751523018,0.269924164,0.474498749
2026-08-26T15:35:15.885+00:00	877.343	SUBSEG96 protocol=asd-research-v1.0.0 session=1 phase=DET window=3 group=1 segments=8 dims=96 fnv1a=5ba2c0b7 values=-9.97618675,-9.97618675,1.71115971,-9.97618675,-9.97618675,1.50030231,-9.97618675,1.61928654,-9.97618675,1.63404846,1.05732727,-9.97618675,1.1833725,1.77404213,1.547019,-9.97618675,0.821805,0.881144524,1.01575565,1.28782272,0.827261925,0.747790337,1.09567165,1.22065639,1.57984543,1.6831131,1.05099869,0.761380196,0.746246338,0.849218369,1.13403893,1.33093071,1.31267452,1.23518085,1.13740253,3.59133291,3.07294226,1.24906063,0.961711884,0.74566555,1.14630318,0.958123207,0.886595726,1.34018612,0.586890221,0.789827347,1.53718567,1.07508659,0.757203102,0.915835381,0.987085342,1.05081558,0.897341728,1.92170811,0.878809929,0.667458534,0.783352852,0.877757072,1.12168121,1.17502308,0.705225945,2.45809031,0.324113846,0.20723629,0.551953316,0.439738274,0.20022583,0.0211181641,0.499518394,0.35359478,0.418130875,0.249941826,0.870167732,0.415390968,0.0207424164,0.188663483,0.111192703,0.381487846,0.557279587,0.838241577,0.320764542,0.307616234,0.140735626,0.196949959,0.474720955,0.469430923,0.633043289,0.829920769,0.735355377,0.478957176,0.281991959,0.351006508,0.331195831,0.845990181,0.320489883,0.558729172
2026-08-26T15:35:15.895+00:00	877.343	FLAGS protocol=asd-quality-v1.6.0 mode=READY state=CALIBRATED_NORMAL waiting=0 learning=0 learned=1 anomaly=0 hold=0 fault=0 green=on red=off guided25_available=1 workflow_pending=DEFAULT research_telemetry=1 profile_persistence_allowed=0 dropped=0
2026-08-26T15:35:16.012+00:00	877.468	SUBSEG96 protocol=asd-research-v1.0.0 session=1 phase=DET window=3 group=2 segments=8 dims=96 fnv1a=fbfc3ab2 values=-9.9519062,-9.9519062,1.16125774,-9.9519062,-9.9519062,1.18562031,-9.9519062,1.4900198,-9.9519062,1.44631958,0.761937141,-9.9519062,0.904586792,1.35951805,1.55360126,-9.9519062,1.09078598,0.767152786,0.743166924,0.762910843,1.16497231,0.925933838,1.40444279,1.33914375,1.38720322,1.80691051,1.03177929,0.728490829,1.0292387,0.996623039,1.21194839,1.15338516,1.48005104,1.5629549,1.12959099,3.61608219,3.10862112,1.17914104,0.995687485,0.728058815,1.28137875,1.14170933,0.800158501,1.23888206,0.511343956,0.890899658,1.46619225,1.18127537,0.890234947,0.855841637,1.00058365,0.944622993,0.856617928,1.96217155,0.90585804,0.759554863,0.822029114,1.08897018,1.05396366,1.15330315,0.903319359,2.49347734,0.366365433,0.0940685272,0.43595314,0.323170662,0.160499573,0.00259494781,0.519439697,0.461854935,0.546721458,0.299073219,0.948906898,0.366542816,0.0792446136,0.135510445,0.18136692,0.401667595,0.586440086,0.783658028,0.335151672,0.309470177,0.183943748,0.21291256,0.461136818,0.516224861,0.691291809,0.818151474,0.769483566,0.572890282,0.242259026,0.349852562,0.305337906,0.818246841,0.384041786,0.542256355
2026-08-26T15:35:16.119+00:00	877.578	SUBSEG96 protocol=asd-research-v1.0.0 session=1 phase=DET window=3 group=3 segments=8 dims=96 fnv1a=988b5937 values=-10.0416183,-10.0416183,1.19147587,-10.0416183,-10.0416183,1.440979,-10.0416183,1.67416859,-10.0416183,1.7244873,1.3241415,-10.0416183,1.65136814,2.08484888,1.76389599,-10.0416183,0.9742136,0.721529007,0.841467857,1.15864182,1.187994,0.700428963,1.22747421,1.38122272,1.55078983,1.86076927,1.70071793,1.17068291,1.23811245,0.797614098,1.15716934,1.58323288,1.35303402,1.36045074,1.37003422,3.53627062,3.05706501,0.968990326,0.832594872,0.654089928,1.11968708,1.1253233,1.05331039,1.41699028,0.715752602,0.872811317,1.51156425,1.13606548,0.825582504,0.817811966,1.05568027,1.00000763,0.949455261,1.9164114,0.856188774,0.677249908,0.672253609,0.9313097,1.08691978,1.11692238,0.835289001,2.42028236,0.429224968,0.01811409,0.381017685,0.400650024,0.0530939102,-0.00598621368,0.375608444,0.388438225,0.430537224,0.157878876,0.808818817,0.297384262,-0.0707330704,-0.0111923218,0.0130729675,0.25932312,0.481868744,0.735618591,0.249502182,0.222083092,0.0493221283,0.198256493,0.365755081,0.392663956,0.595233917,0.754635811,0.636993408,0.398491859,0.136338234,0.234656334,0.244497299,0.659328461,0.195831299,0.503811836
2026-08-26T15:35:16.225+00:00	877.671	SUBSEG96 protocol=asd-research-v1.0.0 session=1 phase=DET window=3 group=4 segments=7 dims=96 fnv1a=195b38fe values=-10.039876,-10.039876,0.850146294,-10.039876,-10.039876,1.5396328,-10.039876,2.14604568,-10.039876,2.10898256,1.22991467,-10.039876,1.6469593,2.04043245,1.84259224,-10.039876,1.20148849,0.733955383,0.808886528,1.07010841,1.26470089,0.679719925,1.20217514,1.26315403,1.32505798,1.32490063,0.998270988,0.981610298,1.16950607,1.20466042,1.21782875,1.68564796,1.53081226,1.26115799,1.25401783,3.5350728,3.04572296,1.09989548,0.839561462,0.643366814,1.21871567,1.18270588,1.12061691,1.27094364,0.851441383,0.942912102,1.52797127,1.18336296,0.714046478,0.879030228,1.11449337,0.951029778,0.964793205,1.7838068,0.973255157,0.76508522,0.628576279,1.04341984,0.953334808,1.07898331,0.733489037,2.39624929,0.366383553,0.00978469849,0.397328377,0.378225327,0.152305603,-0.0670633316,0.318125725,0.315136909,0.430317879,0.166405678,0.800974846,0.303614616,-0.046546936,0.143621445,0.0981054306,0.326045036,0.468751907,0.722020149,0.281715393,0.14225769,0.0112094879,0.224825859,0.37869072,0.403799057,0.618063927,0.738308907,0.717306137,0.393719673,0.212265968,0.239906311,0.245635033,0.694360733,0.257208824,0.451914787
2026-08-26T15:35:16.334+00:00	877.796	SUBSEG96 protocol=asd-research-v1.0.0 session=1 phase=DET window=3 group=5 segments=7 dims=96 fnv1a=8f288aad values=-10.0245028,-10.0245028,0.935488701,-10.0245028,-10.0245028,0.922492027,-10.0245028,1.29919529,-10.0245028,1.56192589,1.35624695,-10.0245028,1.08371162,2.0999856,2.50860643,-10.0245028,1.80189133,0.979896545,1.07977009,0.787072182,1.08984089,0.891031265,0.980244637,0.928097725,1.34061909,1.83476353,1.0774374,0.8331213,0.999584198,1.36056995,1.27877808,1.63673592,1.46344376,1.34954643,1.24006748,3.52321911,2.97525549,1.02758026,0.771494865,0.59762001,1.48746967,1.39263916,0.885396004,1.41128063,0.82168293,0.977565765,1.38374901,1.131073,0.972689629,0.926858902,1.07447624,1.0536747,1.00084877,1.92058182,0.866743088,0.588695526,0.67920208,0.900109291,0.952835083,0.910937309,0.750687599,2.38876343,0.415133476,0.170885086,0.363570213,0.409814835,0.180799484,-0.0550508499,0.478084564,0.315504074,0.434936523,0.140985489,0.856016159,0.280564308,-0.0100870132,0.167837143,0.0638685226,0.298563004,0.500125885,0.77303791,0.319753647,0.228142738,0.0689125061,0.17579937,0.427897453,0.397460938,0.595820427,0.711511612,0.749782562,0.387485504,0.23274231,0.247452736,0.30161953,0.817028046,0.276901245,0.37979126
2026-08-26T15:35:20.843+00:00	882.296	FLAGS protocol=asd-quality-v1.6.0 mode=READY state=CALIBRATED_NORMAL waiting=0 learning=0 learned=1 anomaly=0 hold=0 fault=0 green=on red=off guided25_available=1 workflow_pending=DEFAULT research_telemetry=1 profile_persistence_allowed=0 dropped=0
2026-08-26T15:35:25.614+00:00	887.062	QUALITY protocol=asd-quality-v1.6.0 phase=DET index=4 total=0 result=OK metrics_valid=1 samples=159744 expected=159744 rms_dbfs=-49.993 dc=-0.512 peak=379 clipped=0 zeros=557 stuck=376 dropped_delta=0 feature_valid=1 tonalness_valid=1 tonalness_proxy=3.584011 tonal_gate=pending_normal_only
2026-08-26T15:35:25.624+00:00	887.078	DET 4 score=1422.86511 lo=0 hi=1051.74402 led=1 anom=0 total_anom=0 hold=0 iznad praga (uzastopnih=1 nivo=-50.0 dBFS racun=716 ms)
2026-08-26T15:35:25.754+00:00	887.203	FEATURE96 protocol=asd-research-v1.0.0 session=1 phase=DET window=4 window_start_ms=876552 window_end_ms=885828 score=1422.86511 level_dbfs=-49.9927673 quality=OK tonalness_proxy=3.58401108 dims=96 fnv1a=ec731920 values=-9.96379375,-9.96379375,1.22169304,-9.96379375,-9.96379375,1.36956787,-9.96379375,1.53499508,-9.96379375,1.52209377,1.17408276,-9.96379375,1.32801819,1.69846725,1.63414574,-9.96379375,1.14647388,0.835118294,0.778032303,1.10842133,1.23738575,0.690903664,0.742864609,0.944471359,1.42381191,1.68592453,1.14179516,0.920707703,1.18119144,1.01737309,1.21455574,1.32468605,1.33009911,1.12112904,1.10727787,3.58401108,2.96980143,0.966854095,0.722232819,0.676074982,1.19236565,1.0939312,0.850746155,1.23890972,0.695443153,0.904429436,1.40779591,1.26995468,0.815440178,0.948996544,0.988846779,0.973213196,0.900422096,2.00653172,0.941998482,0.776219368,0.784222603,0.959694862,1.11271381,1.18901348,0.905301094,2.47849369,0.446925163,0.164923668,0.438090324,0.409058571,0.115105629,-0.0147895813,0.48039341,0.362377167,0.498811722,0.192344666,0.862247467,0.349100113,-0.0015707016,0.199866295,0.0888900757,0.357205391,0.532528877,0.830428123,0.347830772,0.299144745,0.118286133,0.243590355,0.462015152,0.489326477,0.671204567,0.802798271,0.774137497,0.502230644,0.262025833,0.38193512,0.351459503,0.945818901,0.387872696,0.569972992
2026-08-26T15:35:25.860+00:00	887.312	SUBSEG96 protocol=asd-research-v1.0.0 session=1 phase=DET window=4 group=1 segments=8 dims=96 fnv1a=a3d61a46 values=-9.9791975,-9.9791975,1.41820335,-9.9791975,-9.9791975,1.66273594,-9.9791975,1.22166061,-9.9791975,1.1450367,1.02779102,-9.9791975,1.16474819,1.73311615,1.93564606,-9.9791975,1.38950634,0.648425102,0.801323891,1.04267502,1.10212898,0.678025246,0.830465317,0.866375923,1.69918728,1.83505344,0.893610954,0.741492271,1.08033371,1.23159027,1.4851265,1.41759682,1.54521847,1.32678032,1.34062672,3.58537531,2.99235296,0.96014595,0.683139801,0.733421326,1.19139671,1.29922581,0.984442711,1.31753731,0.790817261,0.911989212,1.30727863,1.26591492,0.764913559,0.861895561,1.02313709,0.970459938,0.990081787,1.96261692,1.04139137,0.745690346,0.732780457,0.94391346,1.12171173,1.13153267,0.896666527,2.43134594,0.356850624,0.0725126266,0.503087997,0.348985672,0.113759041,-0.117573738,0.479379654,0.332432747,0.544215202,0.188930511,0.840343475,0.323383331,-0.0319328308,0.166699409,0.036450386,0.360989571,0.522994041,0.832471848,0.326213837,0.228549957,0.076210022,0.240537643,0.433832169,0.420295715,0.689573288,0.756401062,0.732377052,0.477762222,0.244511604,0.350707054,0.340453148,0.895668983,0.345050812,0.496026039
2026-08-26T15:35:25.871+00:00	887.328	FLAGS protocol=asd-quality-v1.6.0 mode=READY state=CALIBRATED_NORMAL waiting=0 learning=0 learned=1 anomaly=0 hold=0 fault=0 green=on red=off guided25_available=1 workflow_pending=DEFAULT research_telemetry=1 profile_persistence_allowed=0 dropped=0
2026-08-26T15:35:25.988+00:00	887.437	SUBSEG96 protocol=asd-research-v1.0.0 session=1 phase=DET window=4 group=2 segments=8 dims=96 fnv1a=72c4868d values=-9.96773434,-9.96773434,1.36158276,-9.96773434,-9.96773434,1.56066036,-9.96773434,1.83637905,-9.96773434,1.62061691,1.29568481,-9.96773434,1.45428562,1.63298035,1.51894379,-9.96773434,1.0170517,0.887387276,0.703346252,1.04467297,1.06528091,0.63093853,0.813703537,0.890010834,1.48710632,1.7995739,1.24967003,0.895846367,1.1451416,1.04964733,1.27559185,1.40777302,1.22721672,1.02315712,1.14249706,3.58455324,3.02181578,0.814861298,0.809179306,0.573049545,1.04007244,0.996138573,0.749973297,1.19519138,0.481516838,0.863264084,1.4371109,1.31170368,0.88305378,0.991601944,1.0246973,0.922159195,0.932013512,1.97310925,0.90617466,0.796070099,0.793513298,0.998801231,1.14968491,1.14655876,0.925061226,2.47563839,0.399102211,0.223151207,0.418952942,0.403816223,0.166127205,-0.0245656967,0.468194008,0.377490997,0.512708664,0.133775711,0.942873001,0.35768795,0.00261211395,0.262248039,0.0476388931,0.338179588,0.518126488,0.85220623,0.331190109,0.313278198,0.0973730087,0.261416435,0.445313454,0.524242401,0.651309013,0.816970825,0.698098183,0.4995327,0.252088547,0.36532402,0.417357445,0.886075974,0.360611916,0.588055611
2026-08-26T15:35:26.096+00:00	887.546	SUBSEG96 protocol=asd-research-v1.0.0 session=1 phase=DET window=4 group=3 segments=8 dims=96 fnv1a=96a1e2a5 values=-9.95500374,-9.95500374,1.04121304,-9.95500374,-9.95500374,0.9936409,-9.95500374,1.55178642,-9.95500374,1.64338684,1.06722927,-9.95500374,1.45871925,1.68335438,1.47771645,-9.95500374,1.15702915,1.01970196,0.94585228,1.21374226,1.35038185,0.876717567,0.798463821,1.11130905,1.11788464,1.62647343,1.34643555,0.853541374,1.14082432,0.742261887,1.10133648,1.32466984,1.28394604,1.06433296,0.803963661,3.57895136,2.94898796,0.950845718,0.646004677,0.814570427,1.24770355,1.04057026,0.900239944,1.30838966,0.696955681,0.778019905,1.2925396,1.22281933,0.920714378,1.01653957,0.9643507,1.05517769,0.828811646,2.0283432,0.913864136,0.792626381,0.851603508,0.893217087,1.11587906,1.23048878,1.01579475,2.51033449,0.512574196,0.14776516,0.456435204,0.402374268,0.0838851929,0.0144863129,0.488348007,0.351561546,0.474554062,0.245820045,0.817864418,0.323892593,-0.00629138947,0.224842072,0.10172081,0.321287155,0.556391716,0.831235886,0.397145271,0.281671524,0.11212635,0.223237991,0.463178635,0.508479118,0.682405472,0.805608749,0.81336689,0.483140945,0.296586037,0.420742989,0.343856812,1.0256691,0.445541382,0.628052711
2026-08-26T15:35:26.203+00:00	887.656	SUBSEG96 protocol=asd-research-v1.0.0 session=1 phase=DET window=4 group=4 segments=7 dims=96 fnv1a=b17d4058 values=-9.92895222,-9.92895222,0.887226105,-9.92895222,-9.92895222,1.01725101,-9.92895222,1.47593975,-9.92895222,1.64717865,1.07854366,-9.92895222,1.15702629,1.77209187,1.59425735,-9.92895222,1.04439545,0.830131531,0.752007484,1.0716877,1.2626152,0.686385155,0.44813633,0.846304893,1.30777168,1.51286697,0.920220375,0.863674164,1.34238338,0.899626732,0.910927773,1.29066086,1.28227425,1.14972305,1.20322227,3.62137604,3.00442791,0.888748169,0.704229355,0.682919502,1.23806286,1.00474834,0.729867935,1.24279118,0.875208855,0.8990345,1.58800507,1.27467823,0.714195251,1.00820827,1.03877926,0.936836243,0.991620064,2.06881428,0.99078846,0.856851578,0.842694283,0.916295052,1.00891972,1.26640415,0.867559433,2.54289198,0.54338932,0.242241859,0.393713951,0.490476608,0.154178619,0.0935745239,0.532707214,0.449788094,0.533734322,0.191557884,0.899760246,0.400235176,-0.0241136551,0.186608315,0.157466888,0.483474731,0.540434837,0.835226059,0.372613907,0.392248154,0.210834503,0.265535355,0.488420486,0.553783417,0.699696541,0.798511505,0.851714134,0.540169716,0.327125549,0.3885355,0.38549614,0.97701931,0.374893188,0.641172409
2026-08-26T15:35:26.307+00:00	887.765	SUBSEG96 protocol=asd-research-v1.0.0 session=1 phase=DET window=4 group=5 segments=7 dims=96 fnv1a=acda418b values=-9.9238348,-9.9238348,1.16956615,-9.9238348,-9.9238348,1.04378033,-9.9238348,1.33458233,-9.9238348,1.45016384,1.37265015,-9.9238348,1.3398695,1.72929764,1.41451073,-9.9238348,0.981063843,0.739553452,0.657265663,1.20513058,1.40912628,0.539197922,0.727846146,1.00199318,1.24318504,1.54858112,1.15176105,1.21276665,1.2506218,1.03460407,1.01174831,1.13716793,1.24025631,0.966278076,0.793905258,3.61217165,2.92053175,1.21078587,0.808449745,0.554496765,1.28826237,1.07143116,0.86811161,1.13689899,0.598098755,1.09851933,1.44725227,1.33027649,0.794312477,0.903489113,0.932308197,1.02399349,0.74950695,2.06669235,0.882663727,0.742184639,0.74569416,1.08907318,1.1976223,1.23340225,0.831910133,2.49387026,0.477248192,0.193148613,0.454939842,0.466851234,0.108829498,0.0181102753,0.495405197,0.360489845,0.475218773,0.256788254,0.854914665,0.406589508,0.108757019,0.202990532,0.168680191,0.334116936,0.585929871,0.85764122,0.370188713,0.343990326,0.161895752,0.288608551,0.545479774,0.49665451,0.692055702,0.896538734,0.837648392,0.577312469,0.246066093,0.445115089,0.31215477,0.998977661,0.46835041,0.544431686
2026-08-26T15:35:30.854+00:00	892.312	FLAGS protocol=asd-quality-v1.6.0 mode=READY state=CALIBRATED_NORMAL waiting=0 learning=0 learned=1 anomaly=0 hold=0 fault=0 green=on red=off guided25_available=1 workflow_pending=DEFAULT research_telemetry=1 profile_persistence_allowed=0 dropped=0
2026-08-26T15:35:35.588+00:00	897.046	QUALITY protocol=asd-quality-v1.6.0 phase=DET index=5 total=0 result=OK metrics_valid=1 samples=159744 expected=159744 rms_dbfs=-50.153 dc=-0.564 peak=368 clipped=0 zeros=611 stuck=392 dropped_delta=0 feature_valid=1 tonalness_valid=1 tonalness_proxy=3.576486 tonal_gate=pending_normal_only
2026-08-26T15:35:35.598+00:00	897.046	DET 5 score=1586.8103 lo=0 hi=1051.74402 led=1 anom=0 total_anom=0 hold=0 iznad praga (uzastopnih=2 nivo=-50.2 dBFS racun=716 ms)
2026-08-26T15:35:35.726+00:00	897.187	FEATURE96 protocol=asd-research-v1.0.0 session=1 phase=DET window=5 window_start_ms=886532 window_end_ms=895802 score=1586.8103 level_dbfs=-50.1528091 quality=OK tonalness_proxy=3.57648563 dims=96 fnv1a=5e480efb values=-9.96886063,-9.96886063,1.11329556,-9.96886063,-9.96886063,1.18941593,-9.96886063,1.40747833,-9.96886063,1.33558464,0.995977402,-9.96886063,1.2532835,1.67560768,1.54433441,-9.96886063,0.978061676,0.859977722,0.844528198,1.0141573,1.07947922,0.922978401,1.20857906,1.28621101,1.44637775,1.58432388,1.29175854,1.30097198,1.20429611,1.03039169,1.29532528,1.49489498,1.44880295,1.10164261,1.15750694,3.57648563,2.94203901,1.00999355,0.777391434,0.599308014,1.18550777,1.06313419,0.902246475,1.24661827,0.713342667,0.90339756,1.35583305,1.28158092,0.815777779,0.992369652,1.03589916,0.964606285,0.842792511,1.9772768,0.978544235,0.721461296,0.713608742,0.926286697,1.09423637,1.12680626,0.842848778,2.47477865,0.468400955,0.116746902,0.455521584,0.377593994,0.0818738937,0.00547981262,0.464424133,0.329772949,0.429510117,0.196500778,0.842680931,0.381223679,-0.00542926788,0.174568176,0.0579414368,0.348175049,0.546935081,0.813915253,0.302340508,0.303411484,0.102731705,0.244112968,0.454913139,0.488077164,0.661896706,0.790230751,0.779928207,0.500031471,0.262390137,0.369896889,0.356876373,0.95140934,0.359490395,0.607899666
2026-08-26T15:35:35.832+00:00	897.281	SUBSEG96 protocol=asd-research-v1.0.0 session=1 phase=DET window=5 group=1 segments=8 dims=96 fnv1a=e49049e8 values=-9.93045807,-9.93045807,1.01977825,-9.93045807,-9.93045807,0.901992798,-9.93045807,1.42562008,-9.93045807,1.47324657,0.989711761,-9.93045807,1.4007597,1.80125332,1.31460285,-9.93045807,0.986359596,0.92323494,0.78149128,0.727427483,0.846676826,0.50974369,0.895822525,0.802722931,1.28891182,1.44195366,1.08054829,1.13097382,1.29752064,1.03294277,1.19933605,1.38412094,1.28775311,1.12212849,1.39227581,3.63277102,3.07504702,1.0387392,0.654301643,0.396718025,1.20102215,1.20212269,1.02558613,1.12396812,0.81805706,0.846920967,1.39166927,1.33093357,0.874359131,0.981816292,0.99638176,1.06901741,0.825709343,2.00555706,1.10464287,0.766072273,0.73360157,1.00694752,1.23207188,1.18134212,0.97130394,2.5308795,0.482790947,0.175637245,0.511478424,0.50369072,0.143127441,-0.0192184448,0.511328697,0.361907005,0.48077774,0.225509644,0.903688431,0.381223679,0.0555410385,0.187479973,0.094285965,0.40734005,0.59817028,0.871947289,0.43407917,0.363426208,0.0740461349,0.324920654,0.503592491,0.541581154,0.6664114,0.850161552,0.836867332,0.525725365,0.296022415,0.36816597,0.387611389,0.930088043,0.377186775,0.610620499
2026-08-26T15:35:35.940+00:00	897.390	SUBSEG96 protocol=asd-research-v1.0.0 session=1 phase=DET window=5 group=2 segments=8 dims=96 fnv1a=b0e8dded values=-9.94816971,-9.94816971,1.21762562,-9.94816971,-9.94816971,1.11567211,-9.94816971,1.41588688,-9.94816971,1.32497978,1.17759895,-9.94816971,1.28905678,1.8615818,1.89269066,-9.94816971,1.20420837,0.855755806,0.693177223,0.92908287,1.00541496,0.583327293,0.911844254,0.960798264,1.28826809,1.32885361,0.84341526,1.16893482,1.02594757,0.933890343,1.2854557,1.58917236,1.58597565,1.26940155,1.13124371,3.58020496,2.90295267,0.94476223,0.595234871,0.724106789,1.14787197,1.02880383,0.793789864,1.25399685,0.768447876,0.896315575,1.43868351,1.41558647,0.839004517,1.04395103,1.07081509,0.913414001,1.00421429,1.97731209,0.978218079,0.734705925,0.745872498,0.935453415,1.08373642,1.26478195,0.89629364,2.49542427,0.462429047,0.109861374,0.461764336,0.408884048,0.0691480637,0.0451183319,0.454791069,0.376592636,0.409898758,0.248350143,0.832798004,0.46133709,-0.0100240707,0.204360008,0.0688266754,0.372560501,0.55416584,0.841485023,0.237250328,0.354099274,0.129463196,0.238815308,0.457220078,0.501361847,0.746253967,0.827234268,0.760739326,0.502902031,0.278972626,0.402047157,0.404156685,0.987569809,0.41033268,0.611427307
2026-08-26T15:35:35.950+00:00	897.406	FLAGS protocol=asd-quality-v1.6.0 mode=READY state=CALIBRATED_NORMAL waiting=0 learning=0 learned=1 anomaly=0 hold=0 fault=0 green=on red=off guided25_available=1 workflow_pending=DEFAULT research_telemetry=1 profile_persistence_allowed=0 dropped=0
2026-08-26T15:35:36.067+00:00	897.515	SUBSEG96 protocol=asd-research-v1.0.0 session=1 phase=DET window=5 group=3 segments=8 dims=96 fnv1a=d3925f47 values=-9.96163654,-9.96163654,1.02680779,-9.96163654,-9.96163654,1.28430557,-9.96163654,1.38635921,-9.96163654,1.29722595,0.998451233,-9.96163654,1.32833385,1.74774742,1.5563755,-9.96163654,0.951249123,0.883981705,0.862875938,1.28426647,1.29429531,0.712203979,0.966853142,1.21976662,1.20001221,1.62668705,1.30230427,1.38456821,1.15898514,1.10794449,1.35679626,1.4184351,1.29325676,0.874411583,0.98418808,3.56116104,2.86807537,0.977676392,1.02361012,0.55218029,1.20252323,0.894021034,0.913549423,1.40283775,0.638903618,0.897231102,1.24841595,1.27834702,0.775587082,1.1005497,1.21856785,0.98388195,0.832166672,1.9882412,0.976211548,0.741466522,0.792610168,0.915318489,1.10556602,1.03720188,0.852437973,2.45814705,0.486060143,0.158004761,0.550761223,0.375321388,0.107720375,0.0341386795,0.445960999,0.292276382,0.437523842,0.163561821,0.823878288,0.389893532,0.044172287,0.218287468,0.109303474,0.351065636,0.483101845,0.833008766,0.30706501,0.273407936,0.0914640427,0.239869118,0.464177132,0.527551651,0.65854454,0.811331749,0.838876724,0.462312698,0.263102531,0.377630234,0.356531143,0.984786034,0.368765831,0.618499756
2026-08-26T15:35:36.174+00:00	897.625	SUBSEG96 protocol=asd-research-v1.0.0 session=1 phase=DET window=5 group=4 segments=7 dims=96 fnv1a=ccce8045 values=-9.97982311,-9.97982311,1.21109772,-9.97982311,-9.97982311,1.34485626,-9.97982311,1.63456535,-9.97982311,1.48844624,0.972530365,-9.97982311,1.20710754,1.24442387,1.04880714,-9.97982311,0.900177956,0.810920715,0.838615417,0.642028809,0.801728249,1.18367863,1.38139057,1.50530243,1.60183525,1.74444866,1.64731789,1.59173107,1.2091589,1.09891796,1.49695778,1.67512321,1.37332726,0.86128521,1.154109,3.58125639,2.94212723,1.10997677,0.806100845,0.683550835,1.16439342,1.16262341,0.946349144,1.26728821,0.622245789,0.920567513,1.38730335,1.1750927,0.767531395,0.931052208,0.945020676,0.916445732,0.773054123,1.96269608,0.90594101,0.627358437,0.654332161,0.926799774,1.14062405,1.12073421,0.785197258,2.46579981,0.463047981,0.116470337,0.388453484,0.355184555,0.0782585144,0.0590496063,0.538687706,0.317373276,0.411302567,0.205124855,0.815701485,0.38219738,-0.0242338181,0.107028961,-0.0101070404,0.385392189,0.580294609,0.767011642,0.33300972,0.307910919,0.134734154,0.201460838,0.46678257,0.447861671,0.664980888,0.756937027,0.768867493,0.543909073,0.283475876,0.392962456,0.326792717,0.943593979,0.344626427,0.623188972
2026-08-26T15:35:36.282+00:00	897.734	SUBSEG96 protocol=asd-research-v1.0.0 session=1 phase=DET window=5 group=5 segments=7 dims=96 fnv1a=5fc4bf00 values=-9.95756721,-9.95756721,1.12192535,-9.95756721,-9.95756721,1.24365711,-9.95756721,1.04833508,-9.95756721,0.991952896,0.813353539,-9.95756721,0.978930473,1.50127697,1.50920486,-9.95756721,0.777622223,0.886360168,1.05186653,1.19078255,1.27073193,1.22764874,1.56193542,1.57781696,1.72227001,1.72522545,1.26686287,1.0538168,1.34896946,1.02354431,1.083498,1.39180183,1.6544838,1.2810421,1.09043884,3.59496593,2.96948814,1.03776455,0.716630936,0.638547897,1.27574635,1.0428791,0.868336678,1.1849308,0.758710861,1.01604366,1.36424255,1.22470951,0.883759499,0.932044983,0.921588898,0.991540909,0.794747353,2.02111816,0.970048904,0.790826797,0.687015533,0.907574654,0.907028198,1.05164051,0.725025177,2.49000359,0.516618729,0.0808496475,0.39862442,0.27355957,0.0735187531,-0.0360050201,0.431551933,0.366634369,0.474783897,0.205293655,0.902925491,0.345537186,-0.0377578735,0.212357521,0.0828475952,0.277651787,0.585846901,0.814959526,0.236250877,0.277359009,0.151938438,0.276309967,0.448769569,0.479798317,0.627417564,0.761131287,0.748400688,0.535261154,0.257610321,0.375718117,0.372775078,0.97435379,0.359601021,0.645806313
2026-08-26T15:35:40.873+00:00	902.328	FLAGS protocol=asd-quality-v1.6.0 mode=READY state=CALIBRATED_NORMAL waiting=0 learning=0 learned=1 anomaly=0 hold=0 fault=0 green=on red=off guided25_available=1 workflow_pending=DEFAULT research_telemetry=1 profile_persistence_allowed=0 dropped=0
2026-08-26T15:35:45.563+00:00	907.015	QUALITY protocol=asd-quality-v1.6.0 phase=DET index=6 total=0 result=OK metrics_valid=1 samples=159744 expected=159744 rms_dbfs=-49.854 dc=-0.394 peak=387 clipped=0 zeros=543 stuck=323 dropped_delta=0 feature_valid=1 tonalness_valid=1 tonalness_proxy=3.599761 tonal_gate=pending_normal_only
2026-08-26T15:35:45.573+00:00	907.031	DET 6 score=881.084473 lo=0 hi=1051.74402 led=1 anom=0 total_anom=0 hold=0 normal (uzastopnih=0 nivo=-49.9 dBFS racun=716 ms)
2026-08-26T15:35:45.704+00:00	907.156	FEATURE96 protocol=asd-research-v1.0.0 session=1 phase=DET window=6 window_start_ms=896502 window_end_ms=905776 score=881.084473 level_dbfs=-49.8544312 quality=OK tonalness_proxy=3.59976101 dims=96 fnv1a=c8edb869 values=-9.96007156,-9.96007156,1.42085171,-9.96007156,-9.96007156,1.15110683,-9.96007156,1.54753494,-9.96007156,1.6360817,1.1713953,-9.96007156,1.1930027,1.74986076,1.69481277,-9.96007156,0.996009827,0.705104828,0.786585808,1.03538227,1.19852734,0.836185455,0.87353611,1.03401756,1.25974846,1.53557396,1.12228394,0.969034195,1.05970192,0.851624489,1.02290058,1.21624184,1.59102535,1.42938042,1.13923359,3.59976101,3.08389759,0.995668411,0.607219696,0.648485184,1.19423771,1.01945114,0.867031097,1.27710533,0.705846786,0.964507103,1.44546509,1.12869167,0.816923141,0.972220421,1.02777004,1.01477432,0.971559525,1.95686626,0.956845284,0.713378906,0.705285072,0.989309311,1.1325016,1.17687988,0.869613647,2.49395847,0.484202385,0.144051552,0.475761414,0.414577484,0.0947694778,0.00588703156,0.515610695,0.430799484,0.49437809,0.210632324,0.933394432,0.348977089,0.0424966812,0.174467087,0.104331017,0.385326385,0.565658569,0.812894821,0.36269474,0.316652298,0.144332886,0.242927551,0.44564724,0.46598053,0.680677414,0.806949615,0.773126602,0.495111465,0.283794403,0.345602989,0.340384483,0.826045036,0.367623329,0.582525253
2026-08-26T15:35:45.809+00:00	907.265	SUBSEG96 protocol=asd-research-v1.0.0 session=1 phase=DET window=6 group=1 segments=8 dims=96 fnv1a=461f3c5b values=-10.0029316,-10.0029316,1.40001106,-10.0029316,-10.0029316,1.11654282,-10.0029316,1.54306602,-10.0029316,1.59491253,1.10085487,-10.0029316,1.39823246,2.17309523,2.12635422,-10.0029316,1.16788578,0.847167969,0.806697845,0.932170868,1.09665203,0.946333885,1.06169605,1.15195751,1.41603088,1.71342278,1.1579504,0.889484406,1.05975437,0.971084595,1.20248032,1.29004288,1.66736317,1.30116653,1.23149872,3.56396675,3.02413654,1.18565464,0.605082512,0.808829308,1.04823685,0.851018906,0.765116692,1.29817677,0.530475616,0.996715546,1.53359604,1.13374424,0.962106705,0.893157959,1.08315372,1.00657845,0.922504425,1.89569092,0.925951004,0.600505829,0.679143906,1.00405502,1.26278591,1.1999197,0.766644478,2.44140625,0.397373199,0.171994209,0.474066734,0.475126266,-0.0266113281,-0.0284023285,0.407592773,0.40634346,0.450437546,0.172118187,0.911308289,0.245667458,-0.0303096771,0.12191391,-0.00215053558,0.308591843,0.539155006,0.793219566,0.292289734,0.246749878,0.0787439346,0.183692932,0.418521881,0.419063568,0.628415108,0.778259277,0.736880302,0.49780941,0.262422562,0.347431183,0.31216526,0.824896812,0.328671455,0.527535439
2026-08-26T15:35:45.915+00:00	907.375	SUBSEG96 protocol=asd-research-v1.0.0 session=1 phase=DET window=6 group=2 segments=8 dims=96 fnv1a=4461d8ba values=-9.96559238,-9.96559238,1.76928616,-9.96559238,-9.96559238,1.41824055,-9.96559238,1.63050461,-9.96559238,1.76002789,1.38267612,-9.96559238,1.34564972,1.52285576,1.38049698,-9.96559238,1.09920788,0.71396637,0.871433258,1.15027714,1.29859734,0.979106903,0.674320221,0.748486519,1.16758442,1.45121193,0.888737679,1.01478958,1.27835083,0.874339104,1.06910038,1.29983616,1.58476925,1.13804531,1.02199459,3.57550049,3.04153156,0.885119438,0.692080498,0.515059471,1.0315094,1.14149189,0.799571991,1.40424538,0.79092598,0.902019501,1.51747513,1.07850552,0.646245956,0.962395668,0.943358421,1.0279417,0.964907646,1.97102833,1.05894852,0.637593269,0.658320427,1.0168581,1.11075497,1.18889046,0.891689301,2.52058268,0.534529686,0.167217255,0.478025436,0.331185341,0.047753334,-0.0109367371,0.528305054,0.420842171,0.485180855,0.235287666,0.904940605,0.346241951,0.0863037109,0.184761047,0.115167618,0.367206573,0.555279732,0.84987545,0.349097252,0.310901642,0.155822754,0.230160713,0.494006157,0.448822021,0.674185753,0.806452751,0.786252022,0.458204269,0.286164284,0.361557961,0.396842003,0.85746479,0.390770912,0.582501411
2026-08-26T15:35:45.926+00:00	907.375	FLAGS protocol=asd-quality-v1.6.0 mode=READY state=CALIBRATED_NORMAL waiting=0 learning=0 learned=1 anomaly=0 hold=0 fault=0 green=on red=off guided25_available=1 workflow_pending=DEFAULT research_telemetry=1 profile_persistence_allowed=0 dropped=0
2026-08-26T15:35:46.046+00:00	907.500	SUBSEG96 protocol=asd-research-v1.0.0 session=1 phase=DET window=6 group=3 segments=8 dims=96 fnv1a=5fc05412 values=-9.93151569,-9.93151569,1.27768135,-9.93151569,-9.93151569,0.988292694,-9.93151569,1.11799049,-9.93151569,1.59832478,1.17498207,-9.93151569,1.00119019,1.45129204,1.39556694,-9.93151569,0.846826553,0.42075634,0.584733009,1.07728672,1.26508141,0.651792526,0.772252083,0.952848434,1.24423122,1.77402496,1.42855835,0.997409821,0.984457016,0.803529739,0.850487709,1.05575562,1.7562294,1.67991829,1.19955826,3.62401056,3.06949377,0.901827812,0.710431099,0.42053318,1.4110918,1.1010828,1.00140095,1.2025547,0.786004066,1.01170254,1.52945423,1.17851448,0.846436501,1.00970936,1.0535717,1.05846405,1.03785706,2.00990295,0.97090435,0.761705399,0.729625702,0.876291275,1.0931139,1.1802206,0.932833672,2.50628233,0.381192207,0.126899719,0.515048981,0.363436699,0.237100601,0.0768318176,0.544721603,0.422614098,0.522969246,0.26240921,0.930776596,0.404595375,0.0906515121,0.204656601,0.14198494,0.505274773,0.602945328,0.85624218,0.41271019,0.356954575,0.195648193,0.239299774,0.493760109,0.526201248,0.725271225,0.796147346,0.804284096,0.472405434,0.308694839,0.35177803,0.349905968,0.871642113,0.393557549,0.597431183
2026-08-26T15:35:46.149+00:00	907.609	SUBSEG96 protocol=asd-research-v1.0.0 session=1 phase=DET window=6 group=4 segments=7 dims=96 fnv1a=8c7a24ec values=-9.90284729,-9.90284729,1.14225483,-9.90284729,-9.90284729,0.843191147,-9.90284729,1.70005989,-9.90284729,1.8053894,1.25019741,-9.90284729,0.962453842,1.44412899,1.37155342,-9.90284729,0.447994232,0.777962685,0.886034966,0.927324295,1.12181854,0.641510963,0.895280838,1.26106262,1.3347559,1.05926514,1.03580475,1.01925087,0.662445068,0.890800476,0.889066696,1.05924225,1.43382263,1.66459656,1.08781052,3.66321898,3.2092247,0.919224739,0.457455635,0.682788849,1.34097958,0.832439423,0.901284218,1.28351879,0.652763367,1.02662373,1.2864418,1.10682487,0.716094971,1.04355049,1.07515144,1.11363316,1.11464977,1.9539175,0.96543026,0.798705101,0.790597916,1.00193024,1.07411289,1.23896503,0.942186356,2.53233719,0.561719894,0.173856735,0.520590782,0.553675652,0.153554916,0.100654602,0.609790802,0.426232338,0.545106888,0.203626633,1.02068424,0.455136299,0.0755319595,0.213628769,0.170399666,0.438623428,0.610174179,0.840571404,0.424004555,0.399394989,0.207865715,0.345064163,0.452455521,0.516970634,0.71750164,0.871409416,0.804331779,0.557184219,0.360500336,0.364744186,0.326555252,0.792545319,0.404003143,0.665696144
2026-08-26T15:35:46.258+00:00	907.718	SUBSEG96 protocol=asd-research-v1.0.0 session=1 phase=DET window=6 group=5 segments=7 dims=96 fnv1a=1c1067a6 values=-9.90761089,-9.90761089,1.08949089,-9.90761089,-9.90761089,1.18383503,-9.90761089,1.65520573,-9.90761089,1.35692978,0.759888649,-9.90761089,0.991036415,1.43377018,1.45179081,-9.90761089,1.08173466,0.714245796,0.805532455,1.11476994,1.24729538,0.859307289,0.918304443,0.993689537,1.09776115,1.22139454,0.872526169,1.00639915,1.11259365,0.704065323,1.01500607,1.34066772,1.42742348,1.16839409,1.18145275,3.66351318,3.1675415,1.03951359,0.556210518,0.769440651,1.11562729,1.14319038,0.933763504,1.21174717,0.805793762,0.953178406,1.28390884,1.21759319,0.888414383,1.04417706,1.04841805,0.920721054,0.867117882,2.03353119,0.907011986,0.852487564,0.759215355,1.1073494,1.13009071,1.14255238,0.896036148,2.55579281,0.617314339,0.148309708,0.465361595,0.40379715,0.123710632,-0.0390396118,0.576668739,0.557883263,0.558505058,0.254755974,0.990291595,0.378424644,0.0681304932,0.235216141,0.184997559,0.372159958,0.606894493,0.792728424,0.425435066,0.359340668,0.168300629,0.309854507,0.434542656,0.504612923,0.745944023,0.872675896,0.818408966,0.576667786,0.283091545,0.380137444,0.386474609,0.845170021,0.404800415,0.63093853
2026-08-26T15:35:50.893+00:00	912.343	FLAGS protocol=asd-quality-v1.6.0 mode=READY state=CALIBRATED_NORMAL waiting=0 learning=0 learned=1 anomaly=0 hold=0 fault=0 green=on red=off guided25_available=1 workflow_pending=DEFAULT research_telemetry=1 profile_persistence_allowed=0 dropped=0
2026-08-26T15:35:55.537+00:00	916.984	QUALITY protocol=asd-quality-v1.6.0 phase=DET index=7 total=0 result=OK metrics_valid=1 samples=159744 expected=159744 rms_dbfs=-49.827 dc=-0.487 peak=367 clipped=0 zeros=538 stuck=332 dropped_delta=0 feature_valid=1 tonalness_valid=1 tonalness_proxy=3.626859 tonal_gate=pending_normal_only
2026-08-26T15:35:55.547+00:00	917.000	DET 7 score=651.842773 lo=0 hi=1051.74402 led=1 anom=0 total_anom=0 hold=0 normal (uzastopnih=0 nivo=-49.8 dBFS racun=716 ms)
2026-08-26T15:35:55.677+00:00	917.125	FEATURE96 protocol=asd-research-v1.0.0 session=1 phase=DET window=7 window_start_ms=906482 window_end_ms=915750 score=651.842773 level_dbfs=-49.8268051 quality=OK tonalness_proxy=3.62685871 dims=96 fnv1a=1d529cb7 values=-9.94079876,-9.94079876,1.39124966,-9.94079876,-9.94079876,1.30576324,-9.94079876,1.75071621,-9.94079876,1.92761803,1.34855366,-9.94079876,1.44499016,1.73864079,1.45278931,-9.94079876,0.831430435,0.609045982,0.660944939,0.864029884,0.949524879,0.708987236,0.79419136,0.946576118,1.34259796,1.65607071,1.09219265,0.844340324,1.0406189,0.986507416,1.06135845,1.21048069,1.3139925,1.09361172,1.03313828,3.62685871,3.14339018,0.928490639,0.645869255,0.591420174,1.30330276,1.12338257,0.770127296,1.37390327,0.751631737,0.934659004,1.4257555,1.10376549,0.902508736,0.932515144,1.03635979,0.977815628,0.882003784,1.99751472,0.956262589,0.712758064,0.782922745,0.970365524,1.14683723,1.20456028,0.808185577,2.50521088,0.465592384,0.185258865,0.448992729,0.441808701,0.161441803,0.0135936737,0.478223801,0.413290977,0.519720078,0.244526863,0.991309166,0.373064041,0.0371780396,0.128931999,0.115738869,0.411627769,0.605050087,0.794036865,0.36662674,0.340818405,0.146648407,0.263868332,0.470294952,0.502189636,0.705841064,0.849721909,0.777035713,0.527882576,0.280838966,0.375594139,0.348366737,0.782242775,0.379869461,0.640861511
2026-08-26T15:35:55.782+00:00	917.234	SUBSEG96 protocol=asd-research-v1.0.0 session=1 phase=DET window=7 group=1 segments=8 dims=96 fnv1a=7879e788 values=-9.88403606,-9.88403606,0.95052433,-9.88403606,-9.88403606,1.16001511,-9.88403606,1.19824314,-9.88403606,1.45537949,0.876487732,-9.88403606,1.2257328,1.44083881,1.2068243,-9.88403606,0.728375435,0.543314934,0.716051102,1.09920025,1.21830559,0.845703125,0.615509987,0.903788567,1.51768017,1.82005024,1.09970474,0.685438156,0.948709488,0.778548241,0.966859818,1.10009575,1.41712952,1.15019608,1.05195713,3.69128799,3.2361784,0.862910271,0.525182724,0.55967617,1.15359879,0.824972153,0.639660835,1.51023483,0.891944885,0.88606739,1.34446144,1.06075287,0.853432655,0.970221519,0.973503113,0.941815376,1.00439358,2.06265068,1.04587555,0.776997566,0.878681183,0.986452103,1.31806564,1.28287029,0.844614983,2.57542944,0.507277489,0.318741798,0.525655746,0.544447899,0.163890839,0.113823891,0.633040428,0.462447166,0.640524864,0.306406975,1.08398914,0.40030098,0.0622291565,0.168856621,0.10615921,0.476704597,0.656744957,0.847948074,0.400551796,0.436011314,0.185391426,0.356125832,0.532109261,0.493704796,0.82250309,0.93718338,0.840457916,0.565244675,0.326282501,0.429778099,0.374129295,0.775371552,0.431967735,0.723612785
2026-08-26T15:35:55.890+00:00	917.343	SUBSEG96 protocol=asd-research-v1.0.0 session=1 phase=DET window=7 group=2 segments=8 dims=96 fnv1a=ead84859 values=-9.89923477,-9.89923477,1.32195473,-9.89923477,-9.89923477,1.49538136,-9.89923477,1.53472233,-9.89923477,1.48452568,1.02622795,-9.89923477,1.03978062,1.15148258,1.01603603,-9.89923477,0.708848953,0.54655838,0.608429909,0.799526215,0.997415543,0.743884087,0.873385429,0.871208191,1.49752998,1.8982935,1.29764843,1.02793026,1.05283451,0.577088356,1.08621883,1.182621,1.12035847,1.35690594,1.06869125,3.67463875,3.22985458,0.975000381,0.577954292,0.582699776,1.25145245,1.10880566,0.82850647,1.19677258,0.744265556,0.898178101,1.50512981,1.17244434,0.945649147,0.959654808,1.14278984,1.10462379,0.983543396,1.98922539,0.887727737,0.756473541,0.68639946,1.01248837,1.05854511,1.09462452,0.814206123,2.56090403,0.525661469,0.265094757,0.458312988,0.495778084,0.168445587,-0.0222978592,0.572194099,0.508065224,0.534269333,0.24727726,1.07815361,0.421116829,0.112259865,0.176402092,0.189956665,0.505290031,0.685869217,0.79627037,0.392047882,0.368238449,0.216609001,0.309332848,0.511667252,0.576416016,0.713932991,0.898277283,0.811871529,0.569844246,0.305510521,0.398848534,0.356426239,0.789710999,0.414367676,0.714694977
2026-08-26T15:35:55.996+00:00	917.453	SUBSEG96 protocol=asd-research-v1.0.0 session=1 phase=DET window=7 group=3 segments=8 dims=96 fnv1a=fa5da055 values=-9.88927841,-9.88927841,1.52097702,-9.88927841,-9.88927841,1.17237759,-9.88927841,1.28324032,-9.88927841,1.29749966,1.19778442,-9.88927841,1.30054665,1.47411633,1.20378971,-9.88927841,0.646032333,0.368310928,0.499606133,0.551537514,0.556280136,0.71741581,0.60750103,0.933229446,1.37880516,1.74455547,1.16511345,0.620134354,0.90438652,0.924760818,1.09565544,1.32159519,1.27870178,0.938596725,1.1929512,3.6766696,3.18470287,0.895646095,0.708740234,0.584192276,1.4031477,1.32244015,0.912425041,1.34178162,0.813661575,1.0402441,1.53488922,1.13327217,0.937687874,0.970573425,1.22048759,0.952483177,0.929239273,2.02291393,0.904425621,0.762210846,0.897003174,1.05546951,1.26264477,1.281991,0.881099701,2.56048536,0.538293839,0.298923492,0.480672836,0.356453896,0.171528816,0.0435781479,0.4789505,0.443496704,0.584038734,0.258929253,1.00309849,0.449964523,0.123734474,0.160581589,0.13274765,0.417878151,0.67833519,0.799582481,0.447328568,0.378503799,0.227133751,0.319465637,0.561927795,0.596803665,0.730013847,0.886852264,0.828054428,0.555595398,0.309387207,0.411405563,0.393328667,0.83562088,0.431484222,0.694801331
2026-08-26T15:35:56.006+00:00	917.468	FLAGS protocol=asd-quality-v1.6.0 mode=READY state=CALIBRATED_NORMAL waiting=0 learning=0 learned=1 anomaly=0 hold=0 fault=0 green=on red=off guided25_available=1 workflow_pending=DEFAULT research_telemetry=1 profile_persistence_allowed=0 dropped=0
2026-08-26T15:35:56.125+00:00	917.578	SUBSEG96 protocol=asd-research-v1.0.0 session=1 phase=DET window=7 group=4 segments=7 dims=96 fnv1a=13bcb98a values=-9.98586178,-9.98586178,1.52702141,-9.98586178,-9.98586178,1.24323082,-9.98586178,1.70394897,-9.98586178,1.60112476,1.55173302,-9.98586178,1.89574718,2.2205348,1.85015488,-9.98586178,1.10899639,0.802781105,0.718099594,1.00013447,1.07800198,0.732822418,1.08135223,1.03046703,1.12503242,1.08514881,0.944850922,1.05114174,1.28077602,1.11424923,1.17618275,1.31326199,1.09181213,0.967650414,0.916470528,3.57222414,3.03962898,0.914168358,0.750146866,0.631906509,1.48897552,1.21911621,0.842550278,1.48002338,0.711813927,0.867142677,1.42424107,1.0928421,0.947041512,0.949707985,0.908864021,0.939505577,0.795586586,2.0337019,0.980021477,0.731581688,0.777209282,0.911502838,1.05712318,1.10772228,0.855783463,2.41200018,0.410508156,0.0593624115,0.416049957,0.426078796,0.225251198,0.0250692368,0.351906776,0.320529938,0.434685707,0.217256546,0.927379608,0.314073563,-0.0527906418,0.150060654,0.122279167,0.37726593,0.521243095,0.823405266,0.334424973,0.341688156,0.0909690857,0.160067558,0.36452198,0.445803642,0.678804398,0.745775223,0.746976852,0.525775909,0.26517868,0.353358269,0.372454643,0.827022552,0.360817909,0.54880619
2026-08-26T15:35:56.234+00:00	917.687	SUBSEG96 protocol=asd-research-v1.0.0 session=1 phase=DET window=7 group=5 segments=7 dims=96 fnv1a=06a8f0a5 values=-9.94564915,-9.94564915,1.49862003,-9.94564915,-9.94564915,1.44621849,-9.94564915,2.2474637,-9.94564915,2.51993084,1.66748333,-9.94564915,1.18437767,1.60179901,1.50396729,-9.94564915,0.864049911,0.734892845,0.803578377,0.761177063,0.648118019,0.562937737,0.639612198,1.06122208,1.16291714,1.43604755,0.96280098,0.718254089,0.979568481,1.28991127,1.04712009,1.18803501,1.58585167,1.01385307,1.00126362,3.61740685,3.10685682,1.06849861,0.719231606,0.687813759,1.21118927,1.08782101,0.656702042,1.37172127,0.670641899,1.05465126,1.39387131,1.15416527,0.921364784,0.91315937,0.963897705,1.03049278,0.75011158,1.97614479,1.04359055,0.622477531,0.747488022,0.982592583,1.07954693,1.32046795,0.730981827,2.50949621,0.440719604,0.00512886047,0.465711594,0.469828606,0.173981667,0.00113105774,0.40823555,0.421122551,0.488497734,0.295039177,0.949440956,0.377106667,0.0283975601,0.0851659775,0.125323296,0.370771408,0.569505692,0.803825378,0.357744217,0.268014908,0.103006363,0.262513161,0.468479156,0.487091064,0.675559998,0.87090683,0.757196426,0.525575638,0.302045822,0.388016701,0.347027779,0.780568123,0.361201286,0.608000755
2026-08-26T15:36:00.914+00:00	922.375	FLAGS protocol=asd-quality-v1.6.0 mode=READY state=CALIBRATED_NORMAL waiting=0 learning=0 learned=1 anomaly=0 hold=0 fault=0 green=on red=off guided25_available=1 workflow_pending=DEFAULT research_telemetry=1 profile_persistence_allowed=0 dropped=0
2026-08-26T15:36:05.575+00:00	927.031	QUALITY protocol=asd-quality-v1.6.0 phase=DET index=8 total=0 result=OK metrics_valid=1 samples=159744 expected=159744 rms_dbfs=-49.681 dc=-0.546 peak=357 clipped=0 zeros=575 stuck=335 dropped_delta=0 feature_valid=1 tonalness_valid=1 tonalness_proxy=3.598263 tonal_gate=pending_normal_only
2026-08-26T15:36:05.585+00:00	927.046	DET 8 score=902.160034 lo=0 hi=1051.74402 led=1 anom=0 total_anom=0 hold=0 normal (uzastopnih=0 nivo=-49.7 dBFS racun=716 ms)
2026-08-26T15:36:05.712+00:00	927.171	FEATURE96 protocol=asd-research-v1.0.0 session=1 phase=DET window=8 window_start_ms=916452 window_end_ms=925789 score=902.160034 level_dbfs=-49.6807518 quality=OK tonalness_proxy=3.59826326 dims=96 fnv1a=f2189eaa values=-9.96079254,-9.96079254,1.40865135,-9.96079254,-9.96079254,1.36632633,-9.96079254,1.87404442,-9.96079254,1.81402302,1.05619812,-9.96079254,1.33172989,2.26124573,2.3349371,-9.96079254,1.65657997,0.724452019,0.697553635,0.9411726,1.00620365,0.691691399,0.810189247,0.986962318,1.33596706,1.65698242,1.14885426,0.874609947,0.964559555,1.11970806,0.967272758,1.09196186,1.11958408,0.985370636,0.93138504,3.59826326,3.09225178,0.989128113,0.677629471,0.604301453,1.17644501,0.985281944,0.767446518,1.24185467,0.707859993,0.900935173,1.30086994,1.01988983,0.807719231,0.939890862,1.03316402,1.01114941,0.94408989,1.97091389,0.891926765,0.696653366,0.72376442,0.961089134,1.11117077,1.14350414,0.856036186,2.47032213,0.44907856,0.108279228,0.448385239,0.39303875,0.0975618362,-0.025645256,0.494637489,0.39378643,0.452905655,0.237979889,0.961457253,0.38820076,0.0366191864,0.141641617,0.128884315,0.38306427,0.551866531,0.785655975,0.34023571,0.315012932,0.118170738,0.282879829,0.434126854,0.486571312,0.654520988,0.814037323,0.760611534,0.502829552,0.276788712,0.372243881,0.342698097,0.797019005,0.361489296,0.617975235
2026-08-26T15:36:05.820+00:00	927.281	SUBSEG96 protocol=asd-research-v1.0.0 session=1 phase=DET window=8 group=1 segments=8 dims=96 fnv1a=5abc21b3 values=-9.90637302,-9.90637302,1.60550976,-9.90637302,-9.90637302,1.52990532,-9.90637302,1.58496857,-9.90637302,1.48657608,0.809510231,-9.90637302,1.10406685,1.65112782,1.43255615,-9.90637302,0.724351883,0.363074303,0.474129677,0.809957504,0.826846123,0.750751495,0.591665268,0.595772743,1.32713985,1.90277576,1.29542446,0.845082283,1.11503029,1.05438423,0.90639019,1.14705181,1.08548927,1.12013149,0.776391983,3.65684319,3.14038992,1.09867954,0.92470932,0.638306618,1.06045532,1.11300373,0.997529984,1.35470867,0.823348045,0.891709328,1.36667442,1.13490677,0.960738182,1.04892445,1.1161232,1.034585,1.01064968,1.99498177,0.956140518,0.755055428,0.820156097,1.03757954,1.18029785,1.3066721,0.946217537,2.54448509,0.43052578,0.121193886,0.378079414,0.429677963,0.176008224,-0.0124568939,0.565215111,0.502200127,0.513402939,0.237361908,1.01765919,0.47990799,0.0910663605,0.198393822,0.163291931,0.471014977,0.643996239,0.842704773,0.344866753,0.387241364,0.185181618,0.303781509,0.500890732,0.524929047,0.671094894,0.876856804,0.810506821,0.560175896,0.324442863,0.416182518,0.371315956,0.827158928,0.429235458,0.637817383
2026-08-26T15:36:05.926+00:00	927.375	SUBSEG96 protocol=asd-research-v1.0.0 session=1 phase=DET window=8 group=2 segments=8 dims=96 fnv1a=ac6bfdcd values=-9.90334511,-9.90334511,1.59058189,-9.90334511,-9.90334511,1.54353809,-9.90334511,2.37085104,-9.90334511,2.25173569,1.25784683,-9.90334511,1.11290932,1.34933662,1.2521019,-9.90334511,0.602919579,0.521141052,0.780726433,0.892788887,0.736964226,0.473852158,0.564883232,0.781635284,1.38122368,1.87778473,1.2797308,0.700611115,0.704648972,1.02618599,0.995331764,0.962686539,1.03645229,1.07187462,1.02642059,3.65433788,3.09027052,1.0885582,0.745551109,0.60073185,1.09858322,1.08552647,0.942643166,1.20206261,0.770048141,0.897877693,1.18569469,0.970835686,0.747437477,0.964215279,1.17446518,1.03941441,1.03699112,2.07578564,0.910411835,0.807912827,0.80007267,0.965443611,1.1465292,1.22006702,0.925355911,2.49142647,0.425222397,0.252430916,0.55257988,0.457168579,0.0485496521,-0.0207490921,0.469124794,0.430951118,0.486489296,0.326187134,0.979320526,0.405687332,0.0717916489,0.216341972,0.192681313,0.47761631,0.592144012,0.900609016,0.399320602,0.306028366,0.120539665,0.32435894,0.486506462,0.546107292,0.710123062,0.822340012,0.814970016,0.497476578,0.314872742,0.43215847,0.411078453,0.92520237,0.39954567,0.666968346
2026-08-26T15:36:05.937+00:00	927.390	FLAGS protocol=asd-quality-v1.6.0 mode=READY state=CALIBRATED_NORMAL waiting=0 learning=0 learned=1 anomaly=0 hold=0 fault=0 green=on red=off guided25_available=1 workflow_pending=DEFAULT research_telemetry=1 profile_persistence_allowed=0 dropped=0
2026-08-26T15:36:06.054+00:00	927.515	SUBSEG96 protocol=asd-research-v1.0.0 session=1 phase=DET window=8 group=3 segments=8 dims=96 fnv1a=bfba909e values=-9.98078537,-9.98078537,0.994623184,-9.98078537,-9.98078537,0.970812798,-9.98078537,1.48435593,-9.98078537,1.52209663,0.908771515,-9.98078537,1.61975861,2.75340176,2.87568474,-9.98078537,2.23202419,1.04934692,0.793826103,1.19890881,1.28802586,0.711292267,0.768959999,1.22692966,1.5072403,1.37293816,1.1917429,1.18437672,1.09121132,1.23932266,1.00786591,0.928080559,0.961157799,0.648416519,1.03832722,3.56487799,3.00291395,0.903460503,0.602196693,0.584340096,1.30620193,0.996489525,0.597065926,1.23601055,0.610160828,0.960451126,1.32506943,0.986532211,0.828389168,0.998488426,0.964097023,1.00276947,0.772081375,2.0178709,0.890855789,0.660007477,0.684608459,0.918168068,1.00632858,1.02606487,0.841261864,2.45494604,0.473099709,0.166730881,0.356822014,0.384244919,0.0684080124,-0.0176353455,0.4747715,0.293751717,0.404834747,0.259305,0.957118988,0.340188026,0.0421915054,0.142272949,0.146186829,0.373249054,0.512649536,0.773670197,0.327528954,0.301253319,0.105884552,0.264561653,0.427270889,0.479858398,0.682408333,0.740082741,0.724119186,0.483671188,0.256303787,0.367062569,0.367772102,0.88997364,0.339777946,0.625720978
2026-08-26T15:36:06.164+00:00	927.625	SUBSEG96 protocol=asd-research-v1.0.0 session=1 phase=DET window=8 group=4 segments=7 dims=96 fnv1a=ab0d2e93 values=-9.95695114,-9.95695114,1.2443409,-9.95695114,-9.95695114,1.33561802,-9.95695114,1.68059063,-9.95695114,1.6518383,0.952281952,-9.95695114,1.43855095,2.3353219,2.29866838,-9.95695114,1.42929173,0.853607178,0.757587433,0.795201302,0.976136208,0.939567566,1.12517262,1.15617275,1.23598957,1.39944649,0.903993607,0.595612526,0.949472427,1.33460999,1.0454731,1.24776554,1.13532352,1.22350788,0.964011192,3.6054244,3.14239216,0.953427315,0.408193588,0.693068504,1.3646574,0.987204552,0.675656319,1.16654015,0.673661232,0.915615082,1.45242882,1.02686977,0.790353775,0.801791191,1.06484413,1.1686039,1.05331135,1.92945766,0.873616219,0.702410698,0.722114563,1.01561165,1.12313557,1.07905006,0.829698563,2.48957348,0.442282677,0.046500206,0.49125576,0.414411545,0.0803575516,-0.0630884171,0.563126564,0.405797958,0.453635216,0.162643433,0.951910019,0.404840469,0.134511948,0.158658981,0.0769720078,0.350395203,0.578789711,0.723062515,0.279010773,0.342457771,0.156438828,0.337565422,0.433625221,0.510006905,0.645163536,0.853467941,0.739883423,0.537426949,0.295892715,0.372834206,0.344741821,0.719277382,0.364807129,0.633131981
2026-08-26T15:36:06.269+00:00	927.718	SUBSEG96 protocol=asd-research-v1.0.0 session=1 phase=DET window=8 group=5 segments=7 dims=96 fnv1a=93e0c63e values=-9.91350746,-9.91350746,1.52769089,-9.91350746,-9.91350746,1.43417072,-9.91350746,1.7305994,-9.91350746,1.82399654,1.31615734,-9.91350746,1.18267822,1.52970219,1.56197071,-9.91350746,0.826634407,0.470538139,0.736684799,0.948914528,1.05696583,0.559274673,0.904503822,0.964694023,1.26790524,1.61709213,1.0867033,0.852556229,0.962805748,0.90886116,1.00729847,1.25352097,1.4247694,0.785143852,0.921868324,3.65399313,3.22544527,1.02618694,0.6971035,0.645557404,1.05460548,0.804000854,0.597532272,1.36593819,0.790976524,0.969220161,1.26034451,1.11045837,0.816695213,0.979670525,0.946663857,0.902074814,0.961393356,1.94957638,0.968935013,0.687080383,0.722973824,1.01137066,1.23809052,1.19018173,0.868783951,2.51335669,0.601595879,0.0395793915,0.587343216,0.421269417,0.243353844,0.117968559,0.539556503,0.4721632,0.550839424,0.328523636,1.04347706,0.452314377,-0.0433712006,0.124002457,0.198446274,0.364780426,0.570211411,0.811506271,0.480687141,0.38011837,0.165261269,0.329089165,0.461489677,0.513562202,0.700480461,0.921298027,0.856162071,0.579726219,0.338188171,0.414524078,0.351857185,0.684277534,0.417383194,0.66860199
2026-08-26T15:36:10.924+00:00	932.375	FLAGS protocol=asd-quality-v1.6.0 mode=READY state=CALIBRATED_NORMAL waiting=0 learning=0 learned=1 anomaly=0 hold=0 fault=0 green=on red=off guided25_available=1 workflow_pending=DEFAULT research_telemetry=1 profile_persistence_allowed=0 dropped=0
2026-08-26T15:36:15.550+00:00	937.000	QUALITY protocol=asd-quality-v1.6.0 phase=DET index=9 total=0 result=OK metrics_valid=1 samples=159744 expected=159744 rms_dbfs=-49.608 dc=-0.485 peak=361 clipped=0 zeros=537 stuck=350 dropped_delta=0 feature_valid=1 tonalness_valid=1 tonalness_proxy=3.570181 tonal_gate=pending_normal_only
2026-08-26T15:36:15.559+00:00	937.015	DET 9 score=1260.78503 lo=0 hi=1051.74402 led=1 anom=0 total_anom=0 hold=0 iznad praga (uzastopnih=1 nivo=-49.6 dBFS racun=727 ms)
2026-08-26T15:36:15.690+00:00	937.140	FEATURE96 protocol=asd-research-v1.0.0 session=1 phase=DET window=9 window_start_ms=926492 window_end_ms=935763 score=1260.78503 level_dbfs=-49.6077385 quality=OK tonalness_proxy=3.57018137 dims=96 fnv1a=d038bfbc values=-9.97648144,-9.97648144,1.13216496,-9.97648144,-9.97648144,1.10284328,-9.97648144,1.51078415,-9.97648144,1.52656269,0.912747383,-9.97648144,1.00825977,1.47071838,1.43971062,-9.97648144,1.01828194,0.832234383,0.95293808,1.10208702,1.14341259,0.969244003,0.886720657,1.15840721,1.33781624,1.5310955,1.22568798,1.06838703,1.14536476,0.939238548,1.0809927,1.37239647,1.33351612,1.21657848,1.14444256,3.57018137,3.00115204,1.31098175,0.95390892,0.714371681,1.28679657,1.37227249,1.18208504,1.36139679,0.971591949,1.05891705,1.56325054,1.06857586,0.868802071,0.923932076,0.980572701,0.963273048,0.892334938,1.97470093,0.948069572,0.81311512,0.77857399,0.980255127,1.03579044,1.09056473,0.869684219,2.47326183,0.375273705,0.109406471,0.410197258,0.370213509,0.0778503418,0.00710201263,0.478129387,0.357914925,0.465029716,0.172895432,0.876251221,0.377495766,-0.0170059204,0.15825367,0.0640993118,0.375211716,0.576361656,0.774892807,0.328879356,0.297234535,0.115566254,0.212803841,0.400813103,0.467288017,0.638208389,0.803179741,0.755707741,0.490484238,0.251895905,0.353616714,0.350725174,0.818846703,0.344162941,0.601677895
2026-08-26T15:36:15.795+00:00	937.250	SUBSEG96 protocol=asd-research-v1.0.0 session=1 phase=DET window=9 group=1 segments=8 dims=96 fnv1a=1405f43a values=-9.94467735,-9.94467735,1.17350483,-9.94467735,-9.94467735,1.05584526,-9.94467735,1.69286346,-9.94467735,1.66514111,0.920553207,-9.94467735,1.15673161,1.51294994,1.17800808,-9.94467735,0.967111588,0.917988777,1.11429977,1.1952877,1.18245125,0.689813614,0.680021286,0.726956367,1.39501572,1.67659855,1.14435291,0.97022438,1.12562943,1.17085075,1.18257523,1.19614124,1.26601791,1.17628098,1.07065105,3.59515953,3.07675982,1.16765213,0.630882263,0.595989227,1.18283463,1.2251091,1.01134491,1.5790863,1.35124779,0.895495415,1.43191719,1.00693321,0.823916435,0.968291283,1.00238132,0.935077667,0.880922318,2.02688313,0.988406181,0.776851654,0.835272789,0.86460495,1.02773666,1.08213806,0.889964104,2.50300932,0.383009911,0.101602554,0.419823647,0.292869568,0.0557546616,0.0123338699,0.575831413,0.390786171,0.510174751,0.223742485,0.973508835,0.346606255,0.0189914703,0.211034775,0.078666687,0.408590317,0.681258202,0.782419205,0.325562477,0.328827858,0.185463905,0.243922234,0.444750786,0.448550224,0.638726234,0.88328743,0.730952263,0.543437958,0.252732277,0.361775398,0.393357277,0.786592484,0.386101723,0.576673508
2026-08-26T15:36:15.902+00:00	937.359	SUBSEG96 protocol=asd-research-v1.0.0 session=1 phase=DET window=9 group=2 segments=8 dims=96 fnv1a=cb2a700f values=-9.92370796,-9.92370796,1.00674438,-9.92370796,-9.92370796,0.863529205,-9.92370796,1.32483387,-9.92370796,1.19989967,0.61596489,-9.92370796,1.05227089,1.61483574,1.74556923,-9.92370796,1.11799145,0.961244583,1.05249596,1.07909775,0.917057037,0.757198334,0.801487923,1.24876022,1.17092323,1.43378162,1.23699093,1.17487526,1.08677578,0.979013443,1.26541424,1.31147957,1.10895538,1.1386919,0.756592751,3.61824989,2.96489477,1.55592537,0.85826683,0.653661728,1.25195694,0.987136841,0.776673317,1.01245594,0.730226517,1.18402672,1.59470177,0.968304634,0.852436066,1.04715919,1.04005337,1.07464695,0.852829933,2.09426117,0.976439476,0.880678177,0.720433235,1.04719067,1.11465168,1.19932747,0.9189291,2.49359989,0.341236115,0.171426773,0.50007534,0.428161621,0.0859155655,0.111638069,0.484022141,0.422084808,0.527282715,0.300292969,0.903244972,0.451423645,0.00186347961,0.237644196,0.0737991333,0.442303658,0.608192444,0.799494743,0.359270096,0.34476757,0.133513451,0.275621414,0.479042053,0.476676941,0.728071213,0.776242256,0.835575104,0.480527878,0.29736805,0.428857803,0.399668694,0.971351624,0.373703957,0.647641182
2026-08-26T15:36:16.011+00:00	937.468	SUBSEG96 protocol=asd-research-v1.0.0 session=1 phase=DET window=9 group=3 segments=8 dims=96 fnv1a=4508e54d values=-9.96592426,-9.96592426,1.23999882,-9.96592426,-9.96592426,1.24585915,-9.96592426,1.41627693,-9.96592426,1.40224934,0.692873001,-9.96592426,1.04103565,1.40658855,1.37308884,-9.96592426,0.957781792,0.616973877,0.885584831,1.14576912,1.35015774,1.20712185,1.06726551,1.34067822,1.37659168,1.37796497,1.23938847,0.931908607,0.924081802,0.854812622,1.06882381,1.54552555,1.46171188,1.11485291,1.13608837,3.58465052,3.03064871,1.2409029,1.02774334,0.790482521,1.29535294,1.34907627,0.878235817,1.23776436,0.850398064,0.939465523,1.50892639,0.993751526,0.795610428,0.958237648,1.01433945,1.06091118,1.0115633,1.929492,0.835048676,0.800959587,0.742355347,1.03147984,0.985089302,1.13027763,0.795125008,2.50549841,0.44930172,0.14380455,0.419995308,0.441122055,0.115086555,0.113951683,0.518024445,0.418920517,0.541672707,0.108959198,0.878332138,0.444106102,-0.00228786469,0.146483421,0.119115829,0.353106499,0.502358437,0.790709496,0.386082649,0.326066017,0.125658989,0.209355354,0.35068512,0.503765106,0.671123505,0.812754631,0.780421257,0.512142181,0.278842926,0.351690292,0.373235703,0.822094917,0.36258316,0.613751411
2026-08-26T15:36:16.021+00:00	937.468	FLAGS protocol=asd-quality-v1.6.0 mode=READY state=CALIBRATED_NORMAL waiting=0 learning=0 learned=1 anomaly=0 hold=0 fault=0 green=on red=off guided25_available=1 workflow_pending=DEFAULT research_telemetry=1 profile_persistence_allowed=0 dropped=0
2026-08-26T15:36:16.137+00:00	937.593	SUBSEG96 protocol=asd-research-v1.0.0 session=1 phase=DET window=9 group=4 segments=7 dims=96 fnv1a=6174c25b values=-9.97385502,-9.97385502,1.33067799,-9.97385502,-9.97385502,1.3204031,-9.97385502,1.65397549,-9.97385502,1.72197533,1.18382645,-9.97385502,0.875267029,1.2574749,1.05095387,-9.97385502,0.813649178,0.953383446,0.828961372,1.15136147,1.17602825,1.08060169,0.936927795,0.965463638,1.20155239,1.53137302,1.15602112,1.14038658,1.06804276,0.610280037,0.967874527,1.28382969,1.35833836,1.42864895,1.44066048,3.58094883,3.02484322,1.08894539,0.96127224,0.561080933,1.18729496,1.64616489,1.19252014,1.31489182,0.855912209,1.11858463,1.62855339,1.16676521,1.02442741,0.872019768,0.867321014,0.854418755,0.861175537,1.95715714,0.984865189,0.883924484,0.937259674,0.944921494,1.12277603,1.10621738,0.853699684,2.50588322,0.385304451,0.111316681,0.44504261,0.385135651,0.0899381638,-0.057343483,0.423062325,0.33699131,0.363382339,0.146953583,0.841956139,0.36403656,-0.00204753876,0.158224106,0.111082077,0.393602371,0.549118042,0.795105934,0.34090519,0.264019966,0.141672134,0.204958916,0.406927109,0.517611504,0.62062645,0.808979988,0.79577446,0.515934944,0.267793655,0.391396523,0.331472397,0.787534714,0.338424683,0.624205589
2026-08-26T15:36:16.250+00:00	937.703	SUBSEG96 protocol=asd-research-v1.0.0 session=1 phase=DET window=9 group=5 segments=7 dims=96 fnv1a=8a4398a5 values=-10.0086012,-10.0086012,0.801085472,-10.0086012,-10.0086012,0.91661644,-10.0086012,1.42026806,-10.0086012,1.53329754,0.997361183,-10.0086012,0.920051575,1.54477787,1.56519318,-10.0086012,1.19576168,0.691723824,0.881443024,0.975996971,1.01360321,0.952441216,0.907976151,1.28902817,1.50486279,1.6312952,1.37289906,1.15025806,1.42015553,0.958086014,0.886681557,1.47660446,1.43652534,1.23071671,1.13674259,3.53843975,2.96462679,1.40619946,1.17186737,0.915845871,1.49282837,1.46394825,1.58795738,1.50243187,0.782540321,1.16096687,1.68218803,1.21787834,0.890265465,0.805080414,1.02021027,0.911168098,0.892403603,1.91488457,1.00970268,0.787220001,0.68819809,1.0494175,0.988389015,0.979636192,0.946307182,2.42234468,0.37320137,0.0825414658,0.322537422,0.355617523,0.106715202,-0.131484032,0.434659004,0.269692421,0.417324066,0.13125515,0.836929321,0.334598541,-0.0342140198,0.0967512131,-0.00345230103,0.344557762,0.590733528,0.775657654,0.294465065,0.283963203,0.0514478683,0.195690155,0.38556385,0.455463409,0.589548111,0.793251991,0.695828438,0.464027405,0.229534149,0.298283577,0.317919731,0.767158508,0.325196266,0.613715172
2026-08-26T15:36:20.943+00:00	942.390	FLAGS protocol=asd-quality-v1.6.0 mode=READY state=CALIBRATED_NORMAL waiting=0 learning=0 learned=1 anomaly=0 hold=0 fault=0 green=on red=off guided25_available=1 workflow_pending=DEFAULT research_telemetry=1 profile_persistence_allowed=0 dropped=0
2026-08-26T15:36:25.525+00:00	946.984	QUALITY protocol=asd-quality-v1.6.0 phase=DET index=10 total=0 result=OK metrics_valid=1 samples=159744 expected=159744 rms_dbfs=-49.289 dc=-0.479 peak=406 clipped=0 zeros=497 stuck=300 dropped_delta=0 feature_valid=1 tonalness_valid=1 tonalness_proxy=3.528555 tonal_gate=pending_normal_only
2026-08-26T15:36:25.534+00:00	946.984	DET 10 score=1289.52808 lo=0 hi=1051.74402 led=1 anom=0 total_anom=0 hold=0 iznad praga (uzastopnih=2 nivo=-49.3 dBFS racun=716 ms)
2026-08-26T15:36:25.664+00:00	947.125	FEATURE96 protocol=asd-research-v1.0.0 session=1 phase=DET window=10 window_start_ms=936472 window_end_ms=945737 score=1289.52808 level_dbfs=-49.2888832 quality=OK tonalness_proxy=3.52855539 dims=96 fnv1a=8c4f7c08 values=-10.0232964,-10.0232964,1.21796227,-10.0232964,-10.0232964,1.46948051,-10.0232964,1.73335838,-10.0232964,1.67335796,1.07111263,-10.0232964,1.58906651,2.03812742,1.79400539,-10.0232964,0.908079147,0.934461594,1.00551128,1.02216816,1.13811779,0.76590538,0.915226936,1.3045578,1.60924435,1.62109566,1.15547752,0.999856949,0.97692585,0.991809845,1.23982334,1.41552639,1.2977047,1.43675804,1.22437,3.52855539,2.98854971,1.2244339,0.868617058,0.734846115,1.40695286,1.45774746,1.1051445,1.3659296,0.749645233,1.02092457,1.39990711,1.11476612,0.840470314,0.922201157,0.961033821,0.916820526,0.937811852,1.92314339,0.845786095,0.667370796,0.716103554,0.908455849,1.03641033,1.06235981,0.759941101,2.410326,0.339951515,0.116605759,0.396726608,0.301680565,0.100039482,-0.0548152924,0.41973114,0.289358139,0.448056221,0.144392967,0.885548592,0.283675194,-0.0383529663,0.112774849,0.0354270935,0.282655716,0.488223076,0.763959885,0.294201851,0.262226105,0.0369272232,0.173063278,0.360565186,0.402769089,0.594977379,0.757657051,0.703532219,0.437997818,0.210539818,0.287084579,0.318403244,0.721172333,0.313790321,0.572546005
2026-08-26T15:36:25.769+00:00	947.218	SUBSEG96 protocol=asd-research-v1.0.0 session=1 phase=DET window=10 group=1 segments=8 dims=96 fnv1a=0049377c values=-9.9678793,-9.9678793,1.45545292,-9.9678793,-9.9678793,1.1820755,-9.9678793,1.45140553,-9.9678793,1.29328632,0.56197834,-9.9678793,0.831487656,1.3838377,1.1472435,-9.9678793,0.762634277,0.837246895,0.988006592,1.09339523,0.983621597,0.675875664,0.614609718,0.963294983,1.36400127,1.54799652,1.27300358,1.01156902,0.977660179,0.720363617,0.989125252,1.47066975,1.10248375,1.68192577,1.39426804,3.60121632,3.12069464,1.51912403,1.01862717,0.919687271,1.59584522,1.54158211,1.23263454,1.48081779,0.904029846,1.1762104,1.53259087,1.20495319,0.847111702,0.904501915,0.967676163,0.981609344,1.04969215,1.97567272,0.99600029,0.713623047,0.73827076,1.05196381,1.09447193,1.12524223,0.746553421,2.47494173,0.411265373,0.261269569,0.404931068,0.378334045,0.106171608,0.100337982,0.478974342,0.288215637,0.44256115,0.134681702,0.904179573,0.343972206,0.026096344,0.198205948,0.0886659622,0.3323946,0.522934914,0.774365425,0.46065712,0.325317383,0.10021019,0.241588593,0.423299789,0.455247879,0.686424255,0.839006424,0.739093781,0.489979744,0.276830673,0.361292839,0.313158989,0.643519402,0.337340355,0.578611374
2026-08-26T15:36:25.876+00:00	947.328	SUBSEG96 protocol=asd-research-v1.0.0 session=1 phase=DET window=10 group=2 segments=8 dims=96 fnv1a=483271d1 values=-9.99900913,-9.99900913,1.10067558,-9.99900913,-9.99900913,0.601806641,-9.99900913,1.18071747,-9.99900913,1.15709782,1.09404945,-9.99900913,2.09912205,2.38399506,1.75148678,-9.99900913,0.8572855,0.494155884,0.810097694,0.860586166,0.959827423,0.810148239,0.960918427,1.37825012,1.90461636,1.79303074,1.13997459,0.905166626,0.790915489,1.10488796,1.5767374,1.50718117,1.31419659,1.20788574,0.932289124,3.5593009,3.01782703,1.35211372,1.03533363,0.853225708,1.48548317,1.55110836,1.14982224,1.32942867,0.846610069,1.13116646,1.42799187,1.16244888,0.969444275,1.01355267,1.04976368,0.927620888,0.938058853,1.89006138,0.821803093,0.736303329,0.682814598,0.904833794,1.06602859,1.10322952,0.732919693,2.41139221,0.297516823,0.0980539322,0.450983047,0.22550106,0.081662178,-0.0992202759,0.35221386,0.327401161,0.397562027,0.153653145,0.980547905,0.295656204,-0.0313768387,0.0926771164,0.0979404449,0.277523994,0.499120712,0.817352295,0.325979233,0.318082809,0.0301589966,0.186671257,0.389969826,0.412538528,0.601552963,0.730421066,0.715886116,0.483849525,0.263682365,0.310491562,0.373789787,0.769221306,0.340983391,0.597212791
2026-08-26T15:36:25.985+00:00	947.437	SUBSEG96 protocol=asd-research-v1.0.0 session=1 phase=DET window=10 group=3 segments=8 dims=96 fnv1a=85a49f9c values=-10.0422115,-10.0422115,1.38887024,-10.0422115,-10.0422115,1.95683861,-10.0422115,2.03649807,-10.0422115,1.79776287,1.1465435,-10.0422115,1.52727413,2.2091589,2.14191341,-10.0422115,1.09350777,0.943562508,0.877145767,1.08995819,1.19445419,0.739770889,1.19476032,1.55908775,1.66337872,1.54633236,1.15091515,0.990763664,1.06370258,1.13577652,1.1170063,1.25028324,1.16413498,1.34103966,1.421031,3.50331879,2.91583824,1.07722282,0.869709015,0.750875473,1.29918957,1.13955879,1.02287292,1.31821156,0.673693657,0.813804626,1.3695097,1.05050755,0.752609253,0.900397301,0.963269234,1.00904751,0.955347061,1.93531895,0.70399189,0.573034286,0.735189438,0.785445213,0.932811737,0.994185448,0.808088303,2.39052773,0.323270798,0.0297012329,0.418099403,0.334382057,0.0879516602,-0.0955619812,0.35102272,0.2722435,0.411568642,0.217712402,0.841389656,0.239309311,-0.0429162979,0.0985746384,0.0409555435,0.289228439,0.513546944,0.743395805,0.248809814,0.198854446,0.0379114151,0.161999702,0.34291172,0.410328865,0.561262131,0.735262871,0.727107048,0.452494621,0.138001442,0.280377388,0.311885834,0.772676468,0.341427803,0.557311058
2026-08-26T15:36:25.993+00:00	947.453	FLAGS protocol=asd-quality-v1.6.0 mode=READY state=CALIBRATED_NORMAL waiting=0 learning=0 learned=1 anomaly=0 hold=0 fault=0 green=on red=off guided25_available=1 workflow_pending=DEFAULT research_telemetry=1 profile_persistence_allowed=0 dropped=0
2026-08-26T15:36:26.110+00:00	947.562	SUBSEG96 protocol=asd-research-v1.0.0 session=1 phase=DET window=10 group=4 segments=7 dims=96 fnv1a=99aa45a1 values=-10.003974,-10.003974,1.11942482,-10.003974,-10.003974,1.33671951,-10.003974,1.84735298,-10.003974,1.96129799,1.21619606,-10.003974,1.02658558,1.81245136,1.86530781,-10.003974,1.02026463,1.36562347,1.42525482,0.845487595,0.749978065,0.62020874,0.704358101,1.23703671,1.44535351,1.55783176,1.16718483,1.18845463,1.01668167,1.09419823,0.910031319,1.5786829,1.34123421,1.65574455,1.06088352,3.54546928,2.9961729,1.05947304,0.740103722,0.507520676,1.26510906,1.23406696,0.96160984,1.28399563,0.673048019,1.09367657,1.42700672,1.19735718,0.912919044,1.03632736,0.967137337,0.830672264,0.914867401,1.97553825,0.861303329,0.698425293,0.574029922,0.919486046,1.12995625,1.18057919,0.838020325,2.44129515,0.44602108,0.133375168,0.421073914,0.266701698,0.194874763,-0.0716323853,0.54891777,0.360244751,0.539276123,0.131039619,0.906202316,0.334529877,-0.0337638855,0.104855537,0.00436019897,0.32244873,0.546505928,0.798634529,0.24485302,0.254785538,0.0591974258,0.202694893,0.355693817,0.414099693,0.617192268,0.794194221,0.726313591,0.4497118,0.245138168,0.256782532,0.308717728,0.759283066,0.32610321,0.628444672
2026-08-26T15:36:26.220+00:00	947.671	SUBSEG96 protocol=asd-research-v1.0.0 session=1 phase=DET window=10 group=5 segments=7 dims=96 fnv1a=43f6c2e9 values=-9.98319149,-9.98319149,0.781685829,-9.98319149,-9.98319149,1.10268116,-9.98319149,1.75465393,-9.98319149,1.80486298,1.19820023,-9.98319149,1.28995037,1.75069332,1.47263336,-9.98319149,0.780422211,0.610009193,0.614598274,1.2284708,1.53166294,1.01188278,0.891732216,1.20544338,1.50378609,1.71851444,1.15142727,0.984692574,1.10010242,0.820313454,1.34772205,1.32675457,1.57568264,1.1583004,1.1967144,3.55031347,2.99511337,0.95565033,0.61879158,0.597310066,1.42852688,1.73422241,1.22681141,1.50738811,0.713067055,0.921596527,1.33164501,1.05685234,0.808727264,0.837293625,0.960913658,0.907448769,0.930002213,1.956707,0.939661026,0.730704308,0.912157059,0.980625153,1.07433605,1.00691986,0.781908989,2.45482779,0.330990791,0.164499283,0.397463799,0.403260231,0.149394989,-0.0112371445,0.478366852,0.317111015,0.565750122,0.184534073,0.904379845,0.327565193,0.00847244263,0.185328484,0.0504789352,0.310585976,0.468595505,0.804782867,0.269320488,0.329442978,0.0759830475,0.189916611,0.408372879,0.439243317,0.625610352,0.809001923,0.724358559,0.421002388,0.246041298,0.338831902,0.398183823,0.757770538,0.336114883,0.623023033
2026-08-26T15:36:30.963+00:00	952.421	FLAGS protocol=asd-quality-v1.6.0 mode=READY state=CALIBRATED_NORMAL waiting=0 learning=0 learned=1 anomaly=0 hold=0 fault=0 green=on red=off guided25_available=1 workflow_pending=DEFAULT research_telemetry=1 profile_persistence_allowed=0 dropped=0
2026-08-26T15:36:35.500+00:00	956.953	QUALITY protocol=asd-quality-v1.6.0 phase=DET index=11 total=0 result=OK metrics_valid=1 samples=159744 expected=159744 rms_dbfs=-49.164 dc=-0.493 peak=380 clipped=0 zeros=504 stuck=309 dropped_delta=0 feature_valid=1 tonalness_valid=1 tonalness_proxy=3.544463 tonal_gate=pending_normal_only
2026-08-26T15:36:35.623+00:00	957.078	DET 11 score=878.062256 lo=0 hi=1051.74402 led=1 anom=0 total_anom=0 hold=0 normal (uzastopnih=0 nivo=-49.2 dBFS racun=716 ms)
2026-08-26T15:36:35.637+00:00	957.093	FEATURE96 protocol=asd-research-v1.0.0 session=1 phase=DET window=11 window_start_ms=946442 window_end_ms=955711 score=878.062256 level_dbfs=-49.1642456 quality=OK tonalness_proxy=3.54446316 dims=96 fnv1a=423e10dd values=-10.014226,-10.014226,1.1889782,-10.014226,-10.014226,1.48471737,-10.014226,2.01640129,-10.014226,1.86255741,1.18809128,-10.014226,1.47094917,1.9698534,1.64631367,-10.014226,0.956852913,0.719978333,0.838440895,1.1055088,1.10048676,0.878322601,1.29592514,1.35755348,1.35546398,1.52060699,1.05258274,1.06069565,0.997818947,1.03054905,1.32942486,1.62553024,1.39085579,1.23273087,1.13570976,3.54446316,3.10131264,0.987640381,0.585494041,0.623171806,1.40060425,1.57454014,1.07130241,1.26342869,0.671963692,0.816598892,1.27109909,0.987369537,0.824912071,0.914270401,0.936448097,0.974464417,0.924915314,1.86974621,0.867074013,0.716474533,0.717187881,0.941692352,1.06477261,1.03979111,0.79901886,2.43371344,0.45182991,0.118532181,0.37740612,0.380058289,0.0878229141,-0.0763759613,0.439832687,0.366025925,0.427441597,0.183058739,0.939834595,0.353117943,-0.0402870178,0.0737638474,0.0740814209,0.31448555,0.517325401,0.736470222,0.310686111,0.274805069,0.111217499,0.207770348,0.364077568,0.426153183,0.609514236,0.827981949,0.722803116,0.43566227,0.209632874,0.315816879,0.282976151,0.579634666,0.309620857,0.664814949
2026-08-26T15:36:35.742+00:00	957.203	SUBSEG96 protocol=asd-research-v1.0.0 session=1 phase=DET window=11 group=1 segments=8 dims=96 fnv1a=0dacff4b values=-9.98549938,-9.98549938,1.12476063,-9.98549938,-9.98549938,1.29499912,-9.98549938,1.97025681,-9.98549938,1.88285351,1.16285038,-9.98549938,1.47746563,1.86213398,1.38459969,-9.98549938,0.884160042,0.923697472,0.752405167,0.713748932,0.858921051,0.872149467,0.944625854,0.962514877,1.43964767,1.52430916,1.10271835,1.11512375,1.00224876,0.869228363,1.4905777,1.73721695,1.28139591,1.48973846,1.30327606,3.57506037,3.07795715,1.00465107,0.52338028,0.645803452,1.36530113,1.08899498,1.07341003,1.21894741,0.737664223,0.853330612,1.30684471,1.05540752,0.871391296,0.954619408,1.01597023,0.9459095,0.909292221,1.95089436,0.997982979,0.853703499,0.833189964,0.986668587,1.12546635,1.05103111,0.806897163,2.4736495,0.488650322,0.0899267197,0.436468124,0.413007736,0.111997604,-0.0371179581,0.498178482,0.401195526,0.452391624,0.221045494,0.910420418,0.386264801,-0.0193471909,0.125497818,0.137475967,0.320493698,0.537407875,0.759233475,0.366886139,0.26758194,0.112780571,0.180810928,0.390233994,0.430640221,0.660992622,0.775485039,0.68476963,0.474555969,0.237336159,0.325823784,0.340762138,0.715465546,0.318564415,0.63711071
2026-08-26T15:36:35.850+00:00	957.296	SUBSEG96 protocol=asd-research-v1.0.0 session=1 phase=DET window=11 group=2 segments=8 dims=96 fnv1a=16ce5bb8 values=-9.95272923,-9.95272923,1.21870995,-9.95272923,-9.95272923,1.28893661,-9.95272923,1.71436119,-9.95272923,1.55041695,1.22422886,-9.95272923,1.4411459,2.05266571,1.80285549,-9.95272923,0.904856682,0.44118309,0.742155075,1.32716084,1.25464153,0.443608284,0.432195663,0.907291412,1.41657066,1.53466988,1.07554245,1.27781773,0.808956146,1.1462326,0.968976974,1.50756645,1.39061642,1.13241386,0.948480606,3.60833454,3.16580057,1.07157612,0.688206673,0.61952877,1.21589088,1.21861839,0.929166794,1.34054184,0.612651825,0.816153526,1.22672272,1.00038338,0.899647713,1.02710724,1.03567219,1.00772858,0.921955109,1.85180283,0.849787712,0.806025505,0.707144737,1.06979847,1.13755226,1.13817787,0.910316467,2.48534393,0.521398544,0.165942192,0.447380066,0.534657478,0.165054321,-0.0825891495,0.559498787,0.377958298,0.549093246,0.267173767,0.946722031,0.397681236,0.0309486389,0.141666412,0.174215317,0.352825165,0.573922157,0.724937439,0.323970795,0.292642593,0.150493622,0.245195389,0.366051674,0.529769897,0.662642479,0.917043686,0.800151825,0.483465195,0.269191742,0.37479496,0.327077866,0.657073975,0.350698471,0.70755291
2026-08-26T15:36:35.954+00:00	957.406	SUBSEG96 protocol=asd-research-v1.0.0 session=1 phase=DET window=11 group=3 segments=8 dims=96 fnv1a=3aedaa16 values=-9.98606205,-9.98606205,1.22294235,-9.98606205,-9.98606205,1.64128113,-9.98606205,2.0095005,-9.98606205,1.799016,1.07522297,-9.98606205,1.31218147,1.68873501,1.4053421,-9.98606205,0.976885796,0.737133026,0.985951424,1.01114464,1.20651531,0.998953819,1.19518375,1.26876545,1.25385857,1.33466911,1.04223061,1.13946819,1.13977146,0.779099464,1.1226759,1.40617943,1.38385391,1.35219288,0.972299576,3.57469654,3.13809109,1.08455563,0.750788689,0.515465736,1.30321503,1.13678169,0.918569565,1.41675472,0.745360374,0.894341469,1.23517704,1.00695324,0.862322807,0.933442116,0.929395676,0.986552238,0.958070755,1.86126423,0.787259102,0.701958656,0.678897858,0.968697548,1.15915489,1.14460278,0.830589294,2.46559954,0.356294632,0.227901459,0.412021637,0.366573334,0.129274368,-0.066403389,0.501875877,0.42593956,0.431505203,0.196251869,0.973204613,0.404352188,-0.0400857925,0.0738220215,0.043012619,0.316525459,0.552657127,0.811242104,0.362906456,0.338427544,0.130394936,0.325985909,0.422541618,0.441283226,0.617315292,0.88461113,0.760458946,0.405568123,0.253927231,0.373003006,0.32962513,0.608744621,0.3326931,0.73550415
2026-08-26T15:36:36.063+00:00	957.515	SUBSEG96 protocol=asd-research-v1.0.0 session=1 phase=DET window=11 group=4 segments=7 dims=96 fnv1a=93a38a86 values=-10.0266409,-10.0266409,1.23308754,-10.0266409,-10.0266409,1.47963524,-10.0266409,1.58628464,-10.0266409,1.54190636,1.12540436,-10.0266409,1.68803215,2.25474405,1.87099075,-10.0266409,1.00593472,0.854931831,0.929162979,1.28389835,1.16384315,1.00152874,1.17875099,1.32813835,1.42450523,1.56162453,1.1260004,0.855690002,1.04953098,1.1855545,1.46544838,1.71862221,1.63405704,1.08107471,1.34271145,3.53249407,3.09039307,0.975700378,0.549982071,0.648694992,1.6520462,1.25011539,0.969544411,1.25422096,0.621562958,0.836691856,1.29675198,1.05821228,0.617328644,0.887094498,0.899859428,0.990151405,1.03699017,1.90897369,0.862524986,0.525690079,0.714653015,0.886191368,0.886128426,0.977761269,0.804778099,2.42698622,0.454813957,0.151219368,0.409873962,0.316571236,0.0934391022,-0.102937698,0.373445511,0.381160736,0.352552414,0.223176003,0.969072342,0.351413727,-0.0287923813,0.0428504944,0.0232810974,0.297047615,0.480412483,0.729018211,0.313375473,0.314164162,0.14554882,0.199803352,0.359838486,0.402259827,0.62021637,0.786399841,0.697309494,0.471032143,0.19732666,0.300816536,0.270792007,0.509074211,0.306274414,0.668722153
2026-08-26T15:36:36.074+00:00	957.531	FLAGS protocol=asd-quality-v1.6.0 mode=READY state=CALIBRATED_NORMAL waiting=0 learning=0 learned=1 anomaly=0 hold=0 fault=0 green=on red=off guided25_available=1 workflow_pending=DEFAULT research_telemetry=1 profile_persistence_allowed=0 dropped=0
2026-08-26T15:36:36.191+00:00	957.640	SUBSEG96 protocol=asd-research-v1.0.0 session=1 phase=DET window=11 group=5 segments=7 dims=96 fnv1a=de434cb7 values=-10.04041,-10.04041,1.2221365,-10.04041,-10.04041,1.64954662,-10.04041,2.39427042,-10.04041,2.21787786,1.37264633,-10.04041,1.43470764,1.87303829,1.65331841,-10.04041,1.06736469,0.525232315,0.805264473,1.04707527,0.999967575,0.941627502,1.77235889,1.78029251,1.29974556,1.66938972,0.989127159,0.850578308,0.997535706,1.12670326,1.44085979,1.73536396,1.23994923,0.964009285,1.02230644,3.51052856,3.11450815,0.84946537,0.422263145,0.740267754,1.41668129,2.1239295,1.3612957,1.11015797,0.700490952,0.75170517,1.35678577,0.876844406,0.897141457,0.833762169,0.863361359,1.02303505,0.864128113,1.84815598,0.890008926,0.708646774,0.715632439,0.852264404,1.0439415,0.933286667,0.708832741,2.39553833,0.506356239,0.0131969452,0.23704052,0.322845459,0.011929512,-0.0176763535,0.305562973,0.319392204,0.416524887,0.0730209351,0.979527473,0.302226067,-0.0625553131,0.0621652603,0.0603132248,0.365962029,0.521002769,0.732102394,0.259915352,0.238186836,0.10041523,0.147973061,0.359713554,0.402359962,0.564702988,0.846176147,0.747682571,0.424654007,0.167653084,0.281646729,0.218479156,0.434516907,0.323090553,0.652184486
2026-08-26T15:36:40.983+00:00	962.437	FLAGS protocol=asd-quality-v1.6.0 mode=READY state=CALIBRATED_NORMAL waiting=0 learning=0 learned=1 anomaly=0 hold=0 fault=0 green=on red=off guided25_available=1 workflow_pending=DEFAULT research_telemetry=1 profile_persistence_allowed=0 dropped=0
2026-08-26T15:36:45.473+00:00	966.921	QUALITY protocol=asd-quality-v1.6.0 phase=DET index=12 total=0 result=OK metrics_valid=1 samples=159744 expected=159744 rms_dbfs=-49.229 dc=-0.494 peak=380 clipped=0 zeros=562 stuck=288 dropped_delta=0 feature_valid=1 tonalness_valid=1 tonalness_proxy=3.599765 tonal_gate=pending_normal_only
2026-08-26T15:36:45.597+00:00	967.046	DET 12 score=420.822052 lo=0 hi=1051.74402 led=1 anom=0 total_anom=0 hold=0 normal (uzastopnih=0 nivo=-49.2 dBFS racun=716 ms)
2026-08-26T15:36:45.613+00:00	967.062	FEATURE96 protocol=asd-research-v1.0.0 session=1 phase=DET window=12 window_start_ms=956412 window_end_ms=965686 score=420.822052 level_dbfs=-49.2292328 quality=OK tonalness_proxy=3.5997653 dims=96 fnv1a=80ea8927 values=-9.95568848,-9.95568848,1.34573364,-9.95568848,-9.95568848,1.31268787,-9.95568848,1.90695381,-9.95568848,1.80353642,1.12542725,-9.95568848,1.08774185,1.55165005,1.42280293,-9.95568848,0.872973442,0.825704575,0.742391586,0.853901863,0.795523643,0.626178741,0.872723579,0.996627808,1.26165771,1.57046127,1.16864204,0.837854385,0.998344421,1.10049152,1.15775585,1.45678616,1.4517231,1.20966625,1.01618671,3.5997653,3.17618036,1.01045036,0.815195084,0.643273354,1.32683659,1.38336658,0.898715019,1.26454639,0.751771927,0.96516037,1.3448267,1.11148071,0.753163338,0.9526577,1.0373764,1.05208588,0.943559647,1.95092487,0.987714767,0.737117767,0.757837296,1.00089169,1.16541004,1.17160416,0.844752312,2.49944258,0.463920593,0.194127083,0.444956779,0.389102936,0.107680321,0.00145626068,0.529853821,0.352028847,0.530144691,0.187338829,0.984753609,0.378667831,0.031498909,0.145167351,0.132310867,0.39988327,0.539684296,0.784126282,0.335402489,0.30876255,0.158788681,0.278225899,0.41855526,0.524616241,0.631879807,0.906096458,0.778810501,0.495393753,0.26421833,0.374875069,0.347687721,0.62390995,0.384573936,0.698815346
2026-08-26T15:36:45.719+00:00	967.171	SUBSEG96 protocol=asd-research-v1.0.0 session=1 phase=DET window=12 group=1 segments=8 dims=96 fnv1a=2126862f values=-9.98452759,-9.98452759,1.30821228,-9.98452759,-9.98452759,1.33038998,-9.98452759,1.79026222,-9.98452759,1.68309593,0.9880476,-9.98452759,1.09431744,1.46608639,1.42805672,-9.98452759,1.08134842,0.993477821,0.766274452,0.852714539,1.01455307,0.503032684,1.01759911,1.23729229,1.28634262,1.53565311,1.12619877,0.751430511,0.976855278,0.776399612,1.16476822,1.62617207,1.67590332,1.32365227,0.938217163,3.58161211,3.22047901,1.13369751,0.935596466,0.686800957,1.5604248,1.75047112,1.08268833,1.34409809,0.79418087,0.915072441,1.24866962,1.01819706,0.784797668,0.89085865,1.07966805,1.08755302,0.966356277,1.87995338,0.978830338,0.741019249,0.788757324,1.11266041,1.15499496,1.09330273,0.908343315,2.48379183,0.421721458,0.163339615,0.350799561,0.378230095,0.112852097,-0.0744514465,0.504404068,0.283974648,0.60974884,0.152503967,0.993778229,0.366456985,0.0342025757,0.0930452347,0.106015205,0.376242638,0.459732056,0.690883636,0.261388779,0.326057434,0.114705086,0.269295692,0.373539925,0.490347862,0.59528923,0.905653954,0.722641945,0.477154732,0.263277054,0.372665405,0.28296566,0.38679409,0.345088959,0.706515312
2026-08-26T15:36:45.825+00:00	967.281	SUBSEG96 protocol=asd-research-v1.0.0 session=1 phase=DET window=12 group=2 segments=8 dims=96 fnv1a=8831a328 values=-9.93850994,-9.93850994,1.34314919,-9.93850994,-9.93850994,1.42036915,-9.93850994,2.12372732,-9.93850994,1.81877041,1.1335001,-9.93850994,1.21509933,1.43930531,1.41583347,-9.93850994,1.04847431,0.684426308,0.543848991,0.695922852,0.599457741,0.633743286,0.926745415,0.77243042,1.16421795,1.6182785,1.2905941,0.855975151,0.899336815,0.947814941,1.07668972,1.40821266,1.47434425,1.21870232,0.853603363,3.61650801,3.23024273,1.16758633,0.702813148,0.570678711,1.30023575,1.09708023,0.852776527,1.31432819,0.785306931,0.934388161,1.36824512,1.2338419,0.819763184,1.0773592,1.11417103,1.12496758,0.883925438,1.94382954,0.898872375,0.794859886,0.768831253,0.972460747,1.16522694,1.17440891,0.804715157,2.523242,0.477132797,0.258081436,0.566431999,0.369235039,0.0996303558,-0.0371074677,0.558750153,0.414190292,0.468157768,0.271286011,0.978233337,0.414065361,0.0730247498,0.148646355,0.102002144,0.442688942,0.594548225,0.838608742,0.339298248,0.292190552,0.189050674,0.313287735,0.430401802,0.511534691,0.655387878,0.966381073,0.801727295,0.499279976,0.244076729,0.383449554,0.334993362,0.516197205,0.39982605,0.729969978
2026-08-26T15:36:45.935+00:00	967.390	SUBSEG96 protocol=asd-research-v1.0.0 session=1 phase=DET window=12 group=3 segments=8 dims=96 fnv1a=d4dcd977 values=-9.94365692,-9.94365692,1.31270027,-9.94365692,-9.94365692,1.25433636,-9.94365692,2.12174749,-9.94365692,2.02830696,1.16499519,-9.94365692,1.05169487,1.69348621,1.57003403,-9.94365692,0.667590141,0.721676826,0.71709156,0.818502426,0.731755257,0.76954937,0.906827927,0.942012787,1.39607525,1.7798481,1.24357128,0.834951401,1.00557995,1.16321373,1.09669971,1.48526192,1.16103935,0.88906765,0.87538147,3.60154963,3.08475256,0.896121979,0.728345871,0.635166168,1.21929741,1.20138454,0.886504173,1.18944836,0.778321266,1.02771759,1.45990086,1.15409851,0.722792625,0.968071938,1.03786373,0.861036301,0.922347069,2.01422119,1.01628971,0.634459496,0.772706985,0.966161728,1.14732456,1.27852154,0.795933723,2.50422335,0.47824955,0.206365585,0.448422432,0.374558449,0.163964272,0.0346746445,0.521570206,0.320513725,0.493483543,0.230916977,0.88498497,0.392733574,0.0480337143,0.196299553,0.20597744,0.380162239,0.603384972,0.84086895,0.368711472,0.330914497,0.146533012,0.249511719,0.439357758,0.579092026,0.622948647,0.861504555,0.764001846,0.525260925,0.306472778,0.367904663,0.401597023,0.777042389,0.386660576,0.688924789
2026-08-26T15:36:46.038+00:00	967.500	SUBSEG96 protocol=asd-research-v1.0.0 session=1 phase=DET window=12 group=4 segments=7 dims=96 fnv1a=9dd0158b values=-9.91679096,-9.91679096,1.46402264,-9.91679096,-9.91679096,1.31963158,-9.91679096,1.62987709,-9.91679096,1.7391367,1.12331867,-9.91679096,0.861761093,1.58182907,1.43127823,-9.91679096,0.466021538,0.897315025,0.916078568,1.09405708,0.803663254,0.468662262,0.622889519,0.967525482,1.30671692,1.51253414,1.07533169,0.819544792,0.881164551,1.14382553,1.26204872,1.2143364,1.43004608,1.31715298,1.08157825,3.64191914,3.1341939,0.921769142,0.915021896,0.67229557,1.2094183,1.20203686,0.828617096,1.30286598,0.635381699,0.976961136,1.39074612,1.05847645,0.607185364,0.982066154,0.889077187,1.04114819,0.990047455,2.03489399,1.06612587,0.752271652,0.806099892,1.03038311,1.2716732,1.20762062,0.907021523,2.53706741,0.539704323,0.239614487,0.410869598,0.419096947,0.106613159,-0.0360403061,0.570074081,0.318288803,0.493148804,0.160889626,0.992465973,0.387293816,0.0209436417,0.104250908,0.190519333,0.488123894,0.571166992,0.842643738,0.399516106,0.321003914,0.195291519,0.237706184,0.449812889,0.560232162,0.654458046,0.886753082,0.823119164,0.51154232,0.275220871,0.397690773,0.414658546,0.819770813,0.426358223,0.697808266
2026-08-26T15:36:46.048+00:00	967.500	FLAGS protocol=asd-quality-v1.6.0 mode=READY state=CALIBRATED_NORMAL waiting=0 learning=0 learned=1 anomaly=0 hold=0 fault=0 green=on red=off guided25_available=1 workflow_pending=DEFAULT research_telemetry=1 profile_persistence_allowed=0 dropped=0
2026-08-26T15:36:46.167+00:00	967.625	SUBSEG96 protocol=asd-research-v1.0.0 session=1 phase=DET window=12 group=5 segments=7 dims=96 fnv1a=47e600d4 values=-9.93915653,-9.93915653,1.3559351,-9.93915653,-9.93915653,1.25753593,-9.93915653,1.50263405,-9.93915653,1.67239571,1.25313282,-9.93915653,1.16468143,1.59201241,1.23084831,-9.93915653,0.769562721,0.789070129,0.771803856,0.791046143,0.723381996,0.724896431,0.771663666,0.92271328,1.14085102,1.26318359,1.09246635,0.968826294,1.20888996,1.36791992,1.23405552,1.44283676,1.36355305,1.23336887,1.28453922,3.61272144,3.23460484,0.825801849,0.789926529,0.693416595,1.21169376,1.23428726,0.770101547,1.18198872,0.774407387,1.02052116,1.27793312,1.10653687,0.828310966,0.858571053,1.05762672,1.14652443,1.00446129,1.92899323,1.02716541,0.801730156,0.687270164,0.92862606,1.13812923,1.13643742,0.845424652,2.50232315,0.458314896,0.144812584,0.472795486,0.459983826,0.095826149,0.151276588,0.550262451,0.460932732,0.606553078,0.148020744,1.11027527,0.381249428,0.0228710175,0.224416733,0.0991697311,0.359423637,0.508443832,0.747536659,0.364839554,0.320912361,0.205564499,0.362128258,0.456217766,0.532956123,0.687497139,0.951496124,0.840845108,0.515957832,0.27993679,0.406526566,0.357273102,0.568274498,0.423093796,0.718097687
2026-08-26T15:36:50.994+00:00	972.453	FLAGS protocol=asd-quality-v1.6.0 mode=READY state=CALIBRATED_NORMAL waiting=0 learning=0 learned=1 anomaly=0 hold=0 fault=0 green=on red=off guided25_available=1 workflow_pending=DEFAULT research_telemetry=1 profile_persistence_allowed=0 dropped=0
2026-08-26T15:36:55.447+00:00	976.906	QUALITY protocol=asd-quality-v1.6.0 phase=DET index=13 total=0 result=OK metrics_valid=1 samples=159744 expected=159744 rms_dbfs=-49.621 dc=-0.502 peak=398 clipped=0 zeros=560 stuck=329 dropped_delta=0 feature_valid=1 tonalness_valid=1 tonalness_proxy=3.595578 tonal_gate=pending_normal_only
2026-08-26T15:36:55.572+00:00	977.031	DET 13 score=537.765015 lo=0 hi=1051.74402 led=1 anom=0 total_anom=0 hold=0 normal (uzastopnih=0 nivo=-49.6 dBFS racun=716 ms)
2026-08-26T15:36:55.589+00:00	977.046	FEATURE96 protocol=asd-research-v1.0.0 session=1 phase=DET window=13 window_start_ms=966392 window_end_ms=975660 score=537.765015 level_dbfs=-49.621273 quality=OK tonalness_proxy=3.59557819 dims=96 fnv1a=8ad040c6 values=-9.96449757,-9.96449757,1.36722279,-9.96449757,-9.96449757,1.23662281,-9.96449757,1.58129692,-9.96449757,1.49277306,0.87934494,-9.96449757,1.12829685,1.37274647,1.25658131,-9.96449757,0.884955406,0.789387703,0.848421097,0.910381317,0.765473366,0.681110382,0.786100388,0.933823586,1.17372894,1.53157711,1.09978962,1.04887486,1.06731987,1.03634071,1.26820183,1.59804058,1.65709019,1.43198204,1.16562653,3.59557819,3.20026827,0.988430977,0.847322464,0.789698601,1.35795689,1.42742348,0.960964203,1.32519627,0.755701065,0.866919518,1.46633434,1.11893654,0.849921227,1.02649117,1.00428104,0.986373901,0.928560257,1.9182663,0.904247284,0.781702042,0.733736992,1.02903366,1.16706753,1.15094757,0.88132,2.48819685,0.511636734,0.17313385,0.444449425,0.388841629,0.113952637,-0.0167036057,0.483384132,0.374513626,0.504076004,0.24799633,1.05804443,0.359604836,0.021566391,0.0943040848,0.0912628174,0.383324623,0.561969757,0.759334564,0.366209984,0.327204704,0.176382065,0.272220612,0.423191071,0.496603966,0.669734001,0.921751022,0.788629532,0.495697975,0.272926331,0.380711555,0.334944725,0.584153175,0.355561256,0.751472473
2026-08-26T15:36:55.692+00:00	977.140	SUBSEG96 protocol=asd-research-v1.0.0 session=1 phase=DET window=13 group=1 segments=8 dims=96 fnv1a=b9dcaa00 values=-9.93255138,-9.93255138,1.39944553,-9.93255138,-9.93255138,1.22213173,-9.93255138,1.65780354,-9.93255138,1.51778316,1.14221191,-9.93255138,1.01585388,1.0396843,0.912414551,-9.93255138,0.955413818,0.869623184,0.439790726,0.901410103,0.908500671,0.67673111,0.687382698,0.966824532,1.09139824,1.31996632,1.43172264,1.08563232,0.953718185,0.936222076,1.19963741,1.50747585,1.41258049,1.62986755,1.32021427,3.63770533,3.19556141,1.09353161,0.594052315,0.601789474,1.25721455,1.20444489,0.917357445,1.45738792,0.861265182,0.764034271,1.42971992,1.11905098,0.941988945,1.05572891,1.01263237,1.02621174,0.957906723,1.91914749,0.936162949,0.778738976,0.633857727,1.05128574,1.09889889,1.11274433,1.00116062,2.55211496,0.460991859,0.072930336,0.544659615,0.412759781,0.146603584,0.0278263092,0.569107056,0.322581291,0.556818962,0.345845222,1.07199478,0.360635757,0.0719566345,0.104166985,0.10562706,0.438887596,0.574765205,0.807155609,0.374361992,0.413005829,0.168580055,0.300179482,0.42884922,0.490718842,0.631056786,0.92556572,0.812194824,0.540470123,0.316020966,0.387612343,0.387751579,0.663636208,0.384348869,0.827534676
2026-08-26T15:36:55.799+00:00	977.250	SUBSEG96 protocol=asd-research-v1.0.0 session=1 phase=DET window=13 group=2 segments=8 dims=96 fnv1a=875c0899 values=-9.94690418,-9.94690418,0.875050545,-9.94690418,-9.94690418,1.0835371,-9.94690418,1.77220821,-9.94690418,1.59850883,0.717596054,-9.94690418,1.21345329,1.39383316,1.39616203,-9.94690418,0.954776764,0.987999916,1.23492718,1.19722652,0.653840065,0.551677704,0.728186607,1.04901505,1.18442154,1.28808594,0.945320129,0.892989159,1.09886932,1.0613842,1.32221603,1.52925777,1.65045929,1.31078053,1.12336063,3.62323856,3.2431879,0.923614502,0.791379929,0.824985504,1.34314823,1.31169796,0.523842812,1.33819771,0.806082726,0.799552917,1.38028908,1.09803867,0.780712128,1.04274082,1.09304333,1.03130531,0.87040329,1.90115356,1.0343771,0.768486023,0.786553383,1.01636314,1.27836418,1.23915291,0.878826141,2.50633955,0.484940529,0.147501945,0.466439247,0.356355667,0.119824409,-0.0857639313,0.404556274,0.457717896,0.522104263,0.290884972,1.07790852,0.363573074,0.0258255005,0.0809860229,0.0876483917,0.405767441,0.559793472,0.77069664,0.402417183,0.38617897,0.203859329,0.311624527,0.443173409,0.485066414,0.685882568,0.955438614,0.773542404,0.505972862,0.324857712,0.441942215,0.319312096,0.567268372,0.400126457,0.78158474
2026-08-26T15:36:55.908+00:00	977.359	SUBSEG96 protocol=asd-research-v1.0.0 session=1 phase=DET window=13 group=3 segments=8 dims=96 fnv1a=587127b4 values=-9.97762871,-9.97762871,1.43194866,-9.97762871,-9.97762871,1.1507616,-9.97762871,1.51800346,-9.97762871,1.47259521,0.86879158,-9.97762871,1.22634983,1.56555843,1.4547224,-9.97762871,0.982096672,0.657668114,0.701015472,0.691931725,0.769305229,0.836187363,0.862446785,0.875144958,1.11002445,1.54509163,0.712618828,1.02276039,1.15528107,1.21206093,1.46481705,1.80233955,1.71079445,1.31028748,1.2569294,3.57167292,3.21565294,0.976914406,0.954057693,0.473544121,1.67723083,1.84725189,0.780593872,1.30214787,0.809975624,1.00479221,1.68016148,1.05488205,0.742591858,1.12514973,0.97628212,1.0209446,0.880303383,1.88012505,0.943935394,0.791678429,0.758478165,1.0129652,1.00638485,1.13796997,0.915945053,2.46860552,0.564134598,0.194021225,0.420724869,0.347140312,0.0402946472,-0.0380039215,0.490141869,0.304358482,0.485527039,0.189067841,1.08389091,0.341755867,0.0110988617,0.102903366,0.0919828415,0.380490303,0.527083397,0.710092545,0.366362572,0.278469086,0.11315918,0.27372551,0.417428017,0.520247459,0.644205093,0.923147202,0.786903381,0.440876961,0.206098557,0.343147278,0.34138298,0.475372314,0.339495659,0.726643562
2026-08-26T15:36:56.018+00:00	977.468	SUBSEG96 protocol=asd-research-v1.0.0 session=1 phase=DET window=13 group=4 segments=7 dims=96 fnv1a=441c435f values=-9.95451164,-9.95451164,1.46626759,-9.95451164,-9.95451164,1.34331894,-9.95451164,1.58535957,-9.95451164,1.57148075,0.719639778,-9.95451164,1.18555641,1.52406788,1.20062923,-9.95451164,0.664944649,0.747240067,0.85205555,0.838562012,0.710180283,0.717487335,0.938024521,0.972500801,1.19596863,1.70799923,1.14540195,1.06374836,0.98190403,0.937439919,1.20787048,1.47050476,1.83119488,1.61195564,1.16968632,3.5993638,3.21777248,1.10344696,0.804064751,0.589896202,1.01708889,1.14081001,0.84931469,1.22741222,0.635982513,0.906371117,1.21127701,1.20843887,0.724476814,0.948703766,1.01446056,0.950505257,1.06103992,1.93442535,0.752275467,0.849495888,0.796489716,1.08876228,1.16104317,1.16821098,0.814333916,2.4731741,0.611205101,0.269591331,0.462670326,0.471549988,0.144136429,-0.0350475311,0.481101036,0.445800781,0.518107414,0.231505394,1.09347439,0.375572205,0.0646600723,0.130910873,0.0683937073,0.360406876,0.560678482,0.788887978,0.409934998,0.275617599,0.241181374,0.328034401,0.464957237,0.51205349,0.733082771,0.968784332,0.813782692,0.528636932,0.309192657,0.398633957,0.355874062,0.601606369,0.327720642,0.713779449
2026-08-26T15:36:56.023+00:00	977.484	FLAGS protocol=asd-quality-v1.6.0 mode=READY state=CALIBRATED_NORMAL waiting=0 learning=0 learned=1 anomaly=0 hold=0 fault=0 green=on red=off guided25_available=1 workflow_pending=DEFAULT research_telemetry=1 profile_persistence_allowed=0 dropped=0
2026-08-26T15:36:56.142+00:00	977.593	SUBSEG96 protocol=asd-research-v1.0.0 session=1 phase=DET window=13 group=5 segments=7 dims=96 fnv1a=23229c4f values=-9.94044971,-9.94044971,1.5173254,-9.94044971,-9.94044971,1.41114998,-9.94044971,1.26259518,-9.94044971,1.3006506,0.858192444,-9.94044971,0.986409187,1.14685822,1.13572693,-9.94044971,0.827441216,0.63351059,0.586263657,0.793809891,0.812806129,0.617209435,0.729904175,0.835664749,1.33748055,1.72223949,1.03277397,1.21467495,1.16537762,1.00443077,1.05273056,1.62890911,1.65923309,1.19994068,0.868293762,3.61450243,3.19225883,0.863743782,1.04174137,1.18732357,1.17658806,0.99576664,1.38877678,1.33189964,0.663723946,0.874448776,1.52456284,1.18564796,1.05812168,0.984087944,0.980129242,0.951093674,0.931557655,2.02735901,0.845017433,0.788794518,0.744253159,1.04806137,1.31349182,1.15335369,0.821756363,2.50527287,0.486639023,0.2364645,0.372803688,0.428195953,0.190943718,0.106874466,0.529116631,0.400020599,0.504754066,0.234751701,1.0229826,0.42987442,-0.000756263733,0.124097824,0.170550346,0.393624306,0.658500671,0.79148674,0.341888428,0.332165718,0.227218628,0.199970245,0.43192482,0.544246674,0.725893021,0.900333405,0.829181671,0.534763336,0.273230553,0.399220467,0.336600304,0.674004555,0.390824318,0.766181946
2026-08-26T15:37:01.015+00:00	982.468	FLAGS protocol=asd-quality-v1.6.0 mode=READY state=CALIBRATED_NORMAL waiting=0 learning=0 learned=1 anomaly=0 hold=0 fault=0 green=on red=off guided25_available=1 workflow_pending=DEFAULT research_telemetry=1 profile_persistence_allowed=0 dropped=0
2026-08-26T15:37:05.484+00:00	986.937	QUALITY protocol=asd-quality-v1.6.0 phase=DET index=14 total=0 result=OK metrics_valid=1 samples=159744 expected=159744 rms_dbfs=-49.376 dc=-0.487 peak=335 clipped=0 zeros=501 stuck=323 dropped_delta=0 feature_valid=1 tonalness_valid=1 tonalness_proxy=3.596391 tonal_gate=pending_normal_only
2026-08-26T15:37:05.610+00:00	987.062	DET 14 score=719.763428 lo=0 hi=1051.74402 led=1 anom=0 total_anom=0 hold=0 normal (uzastopnih=0 nivo=-49.4 dBFS racun=716 ms)
2026-08-26T15:37:05.631+00:00	987.078	FEATURE96 protocol=asd-research-v1.0.0 session=1 phase=DET window=14 window_start_ms=976362 window_end_ms=985698 score=719.763428 level_dbfs=-49.3758087 quality=OK tonalness_proxy=3.59639072 dims=96 fnv1a=2bcd62a5 values=-9.95104027,-9.95104027,1.05570602,-9.95104027,-9.95104027,1.10080338,-9.95104027,1.63886356,-9.95104027,1.62266541,1.10523987,-9.95104027,1.04827213,1.55526829,1.51799774,-9.95104027,0.902683258,0.642126083,0.719752312,0.911842346,0.8382864,0.8091259,1.03956699,1.15105247,1.39753723,1.41526794,1.10525608,0.948646545,1.08398724,0.900964737,0.990178108,1.45696259,1.62122536,1.5394783,1.26397514,3.59639072,3.12774372,0.952262878,0.692340851,0.736437798,1.45118523,1.3041935,0.853189468,1.21975231,0.605124474,0.989908218,1.40717983,1.03836155,0.820502281,0.973321915,1.02049065,1.07312489,0.915744781,1.96815777,0.960109711,0.778093338,0.716698647,0.951946259,1.13215065,1.17619801,0.918444633,2.51390076,0.468543053,0.155322075,0.455015182,0.446696281,0.156925201,0.0227079391,0.537593842,0.411481857,0.509822845,0.245974541,0.967350006,0.36830616,0.0114479065,0.150826454,0.103273392,0.373293877,0.556056976,0.810359001,0.363353729,0.327429771,0.134079933,0.252963066,0.416555405,0.508528709,0.668009758,0.867520332,0.781143188,0.495684624,0.264690399,0.380167961,0.351302147,0.738958359,0.358825684,0.672192574
2026-08-26T15:37:05.728+00:00	987.187	SUBSEG96 protocol=asd-research-v1.0.0 session=1 phase=DET window=14 group=1 segments=8 dims=96 fnv1a=d126ba78 values=-9.93607616,-9.93607616,1.12909603,-9.93607616,-9.93607616,1.26395702,-9.93607616,1.8091774,-9.93607616,1.81263161,1.24406338,-9.93607616,1.1172905,1.53927708,1.57594013,-9.93607616,1.09188175,0.815386772,0.826973915,0.871355057,0.614467621,0.716848373,0.989107132,1.00203514,1.20992756,1.33895016,1.18170261,1.00546551,1.05010223,0.938075066,1.1762991,1.00915051,1.23573494,1.3626194,1.10579777,3.62707758,3.2027936,0.974469185,0.610603333,0.794866562,1.24110985,1.42635345,0.907770157,1.03633308,0.647831917,0.981970787,1.32029724,1.06081486,0.826685905,0.9640522,1.10604668,1.1136446,0.877337456,1.94753838,0.907058716,0.598395348,0.70895195,0.987117767,1.11646843,1.21720123,0.924567223,2.51920652,0.483545303,0.0900430679,0.470272064,0.408930779,0.139350891,0.0729475021,0.478279114,0.378073692,0.506900787,0.265944481,1.05173779,0.459994316,0.0378370285,0.142588615,0.0949201584,0.394698143,0.508850098,0.813196182,0.393446922,0.371310234,0.159766197,0.30350399,0.465297699,0.511343956,0.70367527,0.912025452,0.832587242,0.507329941,0.233983994,0.422142982,0.370045662,0.674874306,0.40264225,0.746528625
2026-08-26T15:37:05.835+00:00	987.296	SUBSEG96 protocol=asd-research-v1.0.0 session=1 phase=DET window=14 group=2 segments=8 dims=96 fnv1a=f517b7b2 values=-9.96032047,-9.96032047,1.29150867,-9.96032047,-9.96032047,1.31440258,-9.96032047,1.58659267,-9.96032047,1.60080528,1.12618637,-9.96032047,1.22465611,1.7409935,1.60757828,-9.96032047,0.924267769,0.696219444,0.774181366,1.09243107,1.0029726,1.01553726,1.07804775,1.37959385,1.29369259,1.32642269,1.02035236,0.845194817,1.2150774,0.82263279,0.897125244,1.54361916,1.82734776,1.48524857,1.30336189,3.58483982,3.13060141,0.899727821,0.567797661,0.822784424,1.40178776,1.22082996,0.76885128,1.18091583,0.433651924,0.84829998,1.39382648,0.947734833,0.737529755,0.965454102,0.988288879,1.02522278,0.929263115,1.95210171,1.00031185,0.751829147,0.667273521,0.980401993,1.19387817,1.15601158,0.904567719,2.52018881,0.445937157,0.155292511,0.473647118,0.447603226,0.228855133,-0.0518169403,0.498497009,0.348568916,0.456498146,0.265651703,0.922976494,0.278767586,0.0150766373,0.0714635849,0.107966423,0.263195992,0.541231155,0.811408997,0.338541985,0.281877518,0.105963707,0.236166,0.399614334,0.48893261,0.687475204,0.88772583,0.781914711,0.455065727,0.262173653,0.361903191,0.32075119,0.765725136,0.32053566,0.697519302
2026-08-26T15:37:05.942+00:00	987.390	SUBSEG96 protocol=asd-research-v1.0.0 session=1 phase=DET window=14 group=3 segments=8 dims=96 fnv1a=0c3c2057 values=-9.95389652,-9.95389652,0.882350922,-9.95389652,-9.95389652,0.847699165,-9.95389652,1.49946785,-9.95389652,1.49403286,1.1152029,-9.95389652,1.08325481,1.67225266,1.61747551,-9.95389652,1.02434635,0.533195496,0.479813576,0.685474396,0.783197403,0.78448391,1.03391743,1.26256752,1.75151348,1.29000473,1.17469788,0.981732368,1.0259161,0.854774475,0.879993439,1.36684704,1.31060314,1.40140343,1.46522903,3.59132671,3.11604452,1.00144482,0.919492722,0.571757317,1.76381874,1.49278545,0.812524796,1.20448494,0.623856544,1.0848465,1.46518803,1.10203362,0.916897774,1.11597252,0.941469193,1.11980057,0.907881737,1.98750305,1.02099895,0.830540657,0.718904495,0.88412571,1.13189983,1.20792484,0.895532608,2.50265503,0.446447372,0.136031151,0.479371071,0.555534363,0.199375153,-0.0310029984,0.495825768,0.413131714,0.46468544,0.197189331,0.969851494,0.387345314,0.0248327255,0.106459618,0.172609329,0.423035622,0.616156578,0.740032196,0.385606766,0.319540977,0.137807846,0.23710537,0.437515259,0.525079727,0.658140182,0.849460602,0.76705265,0.509901047,0.226212502,0.400112152,0.362120628,0.774607658,0.370745659,0.64004612
2026-08-26T15:37:06.049+00:00	987.500	SUBSEG96 protocol=asd-research-v1.0.0 session=1 phase=DET window=14 group=4 segments=7 dims=96 fnv1a=560c2436 values=-9.92319584,-9.92319584,1.03216934,-9.92319584,-9.92319584,0.957679749,-9.92319584,1.67582989,-9.92319584,1.65218067,1.16227627,-9.92319584,0.833577156,0.823616028,0.979664803,-9.92319584,0.563753128,0.42245388,0.714939117,1.08320713,0.976770401,0.603563309,0.886055946,0.868934631,1.18179893,1.37515068,1.03218651,1.06653309,1.14771271,0.852873802,1.01696968,1.78550053,1.93300724,1.97462463,1.37419415,3.62559605,3.13366795,0.910544395,0.520406723,0.799209595,1.30309868,1.23531532,0.989058495,1.38180828,0.719920158,1.02779102,1.27080345,1.03845978,0.807184219,0.884581566,1.08040333,1.09302425,0.948706627,2.01988506,1.08915806,0.990903854,0.846868515,0.988986969,1.15298843,1.11550426,0.950745583,2.5271163,0.521203041,0.205266953,0.411160469,0.358499527,0.209532738,0.148056984,0.656254768,0.473180771,0.550650597,0.237575531,1.00286198,0.380543709,0.0347681046,0.186737061,0.069149971,0.436496735,0.568787575,0.873972893,0.373975754,0.312477112,0.16920948,0.268131256,0.393984795,0.55015564,0.626169205,0.88804245,0.786341667,0.498009682,0.28953743,0.355863571,0.330870628,0.726112366,0.372792244,0.690279961
2026-08-26T15:37:06.062+00:00	987.515	FLAGS protocol=asd-quality-v1.6.0 mode=READY state=CALIBRATED_NORMAL waiting=0 learning=0 learned=1 anomaly=0 hold=0 fault=0 green=on red=off guided25_available=1 workflow_pending=DEFAULT research_telemetry=1 profile_persistence_allowed=0 dropped=0
2026-08-26T15:37:06.178+00:00	987.625	SUBSEG96 protocol=asd-research-v1.0.0 session=1 phase=DET window=14 group=5 segments=7 dims=96 fnv1a=4fe8aa33 values=-9.90685749,-9.90685749,0.754556656,-9.90685749,-9.90685749,0.919345856,-9.90685749,1.63888264,-9.90685749,1.54133129,0.789597511,-9.90685749,0.842782021,1.55065823,1.56812096,-9.90685749,0.681242943,0.686284065,0.806174278,0.718292236,0.763088226,0.84746933,1.22226048,1.03534317,1.23598862,1.72273731,1.15340424,0.883903503,0.994945526,1.08412933,0.98913002,1.33120155,1.45210266,1.0177803,0.846877098,3.62576914,3.11159039,1.03452873,0.763965607,0.720124245,1.32521915,0.977585793,0.844373703,1.3300209,0.649687767,1.05398273,1.59515572,1.10292053,0.863916397,0.941202164,1.0488596,1.07541084,0.990046501,2.00846767,0.771191597,0.709049225,0.705388069,0.987002373,1.12277985,1.24050426,0.994573593,2.5744524,0.523516655,0.263375282,0.499913216,0.492106438,0.022726059,0.038766861,0.631323814,0.520213127,0.644616127,0.332616806,0.945329666,0.389389992,0.0107727051,0.314002037,0.124570847,0.41211319,0.610055923,0.888991356,0.394529343,0.420794487,0.171948433,0.290369987,0.4487257,0.541214943,0.72610569,0.863671303,0.804459572,0.581065178,0.385520935,0.425047874,0.442090988,0.814454079,0.397429466,0.63781929
2026-08-26T15:37:11.024+00:00	992.484	FLAGS protocol=asd-quality-v1.6.0 mode=READY state=CALIBRATED_NORMAL waiting=0 learning=0 learned=1 anomaly=0 hold=0 fault=0 green=on red=off guided25_available=1 workflow_pending=DEFAULT research_telemetry=1 profile_persistence_allowed=0 dropped=0
2026-08-26T15:37:15.460+00:00	996.921	QUALITY protocol=asd-quality-v1.6.0 phase=DET index=15 total=0 result=OK metrics_valid=1 samples=159744 expected=159744 rms_dbfs=-49.431 dc=-0.474 peak=347 clipped=0 zeros=491 stuck=280 dropped_delta=0 feature_valid=1 tonalness_valid=1 tonalness_proxy=3.603663 tonal_gate=pending_normal_only
2026-08-26T15:37:15.469+00:00	996.921	DET 15 score=1055.17712 lo=0 hi=1051.74402 led=1 anom=0 total_anom=0 hold=0 iznad praga (uzastopnih=1 nivo=-49.4 dBFS racun=716 ms)
2026-08-26T15:37:15.602+00:00	997.062	FEATURE96 protocol=asd-research-v1.0.0 session=1 phase=DET window=15 window_start_ms=986402 window_end_ms=995672 score=1055.17712 level_dbfs=-49.4305801 quality=OK tonalness_proxy=3.60366344 dims=96 fnv1a=71b52c43 values=-9.95509815,-9.95509815,1.36686802,-9.95509815,-9.95509815,1.20320988,-9.95509815,1.45015526,-9.95509815,1.42928123,1.08581543,-9.95509815,1.10162926,1.4179945,1.30595684,-9.95509815,0.833474159,0.760128975,0.766795158,0.938893318,0.973522186,0.925146103,1.08871937,1.16838837,1.31812668,1.57821369,1.22866344,0.959854126,1.13411808,1.03576469,1.43162251,1.89526939,1.78115749,1.44669151,1.3252697,3.60366344,3.14316225,0.983276367,0.704848289,0.649846077,1.24643326,1.02250767,0.683570862,1.17518139,0.673591614,0.919589996,1.38481045,1.01240063,0.710965157,0.89389801,0.968479156,0.961829185,0.858683586,1.9956255,0.91897583,0.716527939,0.762702942,0.981347084,1.06720924,1.15371132,0.824411392,2.48968887,0.443481445,0.202715874,0.45068264,0.456309319,0.138341904,-0.0240678787,0.469395638,0.336707115,0.482832909,0.190714836,0.979328156,0.400520325,0.0388288498,0.159263611,0.114035606,0.375231743,0.53076458,0.786055565,0.345041275,0.31191349,0.171949387,0.248641014,0.427595139,0.507369041,0.673346519,0.875329018,0.772707939,0.507530212,0.274115562,0.366065979,0.339017868,0.756889343,0.349459648,0.724926949
2026-08-26T15:37:15.706+00:00	997.156	SUBSEG96 protocol=asd-research-v1.0.0 session=1 phase=DET window=15 group=1 segments=8 dims=96 fnv1a=6f17751a values=-9.93125057,-9.93125057,1.78394222,-9.93125057,-9.93125057,1.35865211,-9.93125057,1.42903042,-9.93125057,1.3754425,0.986829758,-9.93125057,1.07573223,1.34080696,1.19761753,-9.93125057,0.782034874,0.218699455,0.792173386,1.21650696,1.23098278,1.21522522,1.42893314,1.45940685,1.41208172,1.57842827,1.21814442,1.01915455,1.30418587,0.960169792,1.17459774,1.26793194,1.06293201,1.25852203,1.1191597,3.60473776,3.11574936,0.859179497,0.566084862,0.74266243,1.18609333,0.860546112,0.791615486,0.962259293,0.690185547,1.03084087,1.37065792,1.02849102,0.609284401,0.929553986,0.941643715,0.985337257,0.833859444,2.0504446,0.963088036,0.689571381,0.809020996,1.0730896,1.18970776,1.25400543,0.700532913,2.4973278,0.37334919,0.274756432,0.389500618,0.504580498,0.126433372,0.0568752289,0.47235775,0.328540802,0.431694031,0.215202332,0.974420547,0.452557564,0.033331871,0.236052513,0.109971046,0.387133598,0.580724716,0.847332954,0.400829315,0.310248375,0.177409172,0.267169952,0.406183243,0.541912079,0.698027611,0.850094795,0.832583427,0.529396057,0.306587219,0.421430588,0.442346573,0.833947182,0.36628437,0.667793274
2026-08-26T15:37:15.811+00:00	997.265	SUBSEG96 protocol=asd-research-v1.0.0 session=1 phase=DET window=15 group=2 segments=8 dims=96 fnv1a=8ca873a9 values=-9.89813328,-9.89813328,1.21472263,-9.89813328,-9.89813328,1.1991806,-9.89813328,1.50521851,-9.89813328,1.56893349,1.22578526,-9.89813328,1.07067108,1.34750366,1.31992817,-9.89813328,0.70619297,0.615158081,0.659985542,0.831731796,0.764226913,0.894425392,0.991092682,0.932422638,1.36390114,1.64245033,1.14766216,0.851427078,1.15215492,0.921106339,0.9927845,1.07929707,1.31335831,1.22531796,1.26566029,3.6554141,3.21493816,0.919881821,0.519687653,0.689153671,1.11514473,0.951725006,0.775011063,1.25264263,0.714962006,0.836544991,1.3343029,1.03830433,0.858815193,0.987670898,1.13193989,1.02103233,0.991577148,2.06829548,0.986745834,0.807788849,0.756835938,1.05193806,1.08378887,1.1862669,0.91408062,2.54879618,0.51099205,0.265083313,0.46592617,0.556511879,0.0872058868,0.0596122742,0.578304291,0.445591927,0.551499367,0.213756561,1.11620903,0.482720375,0.126977921,0.224099159,0.202454567,0.431127548,0.500508308,0.768562317,0.388154984,0.388234138,0.231886864,0.307787895,0.499637604,0.530056,0.720727921,0.938251495,0.796323776,0.550063133,0.338334084,0.365156174,0.355778694,0.73591423,0.412453651,0.823509216
2026-08-26T15:37:15.918+00:00	997.375	SUBSEG96 protocol=asd-research-v1.0.0 session=1 phase=DET window=15 group=3 segments=8 dims=96 fnv1a=efa22ed3 values=-9.91945457,-9.91945457,1.32660389,-9.91945457,-9.91945457,1.42492199,-9.91945457,1.73423958,-9.91945457,1.7220192,1.09787846,-9.91945457,1.06624794,1.5883646,1.33845615,-9.91945457,0.842748642,0.848742485,0.797112465,0.944822311,0.961932182,0.677814484,1.00224686,1.34345436,1.45355797,1.53842545,1.18810558,0.920523643,1.19488716,0.955958366,1.19908142,1.25690269,0.903884888,0.846887589,0.71991539,3.6324544,3.17197371,1.12922859,0.636086464,0.596363068,1.1348877,0.804255486,0.681870461,1.45942307,0.780150414,0.953464508,1.51866245,1.07231903,0.67420578,0.949426651,0.950238228,0.960764885,0.875451088,2.04226398,0.944503784,0.767424583,0.826855659,0.909516335,1.01783752,1.04110432,0.925169945,2.50588799,0.524623871,0.24328804,0.492336273,0.513757706,0.236590385,-0.0661687851,0.456959724,0.422317505,0.5604105,0.243569374,0.998143196,0.429588318,0.111414909,0.16307354,0.14380455,0.468711853,0.620991707,0.863934517,0.339015007,0.353197098,0.227460861,0.271537781,0.460695267,0.53814888,0.721413612,0.881289482,0.790057182,0.520920753,0.307236671,0.398156166,0.302844048,0.773036957,0.381830215,0.803709984
2026-08-26T15:37:16.028+00:00	997.484	SUBSEG96 protocol=asd-research-v1.0.0 session=1 phase=DET window=15 group=4 segments=7 dims=96 fnv1a=645d5dec values=-9.91310883,-9.91310883,1.10721302,-9.91310883,-9.91310883,0.989161491,-9.91310883,1.27405453,-9.91310883,1.21449184,1.06653881,-9.91310883,1.2791481,1.52094269,1.28241539,-9.91310883,0.748263359,0.596147537,0.733613014,0.979646683,1.11435604,0.858654976,1.04048729,0.93680191,1.22471809,1.61082172,1.28081036,0.821138382,1.11901855,0.980280876,1.09930801,1.49743748,1.52776337,1.4060421,1.00332069,3.65527916,3.20374584,0.964725494,0.692111969,0.558582306,1.39639091,1.14207363,0.691011429,1.20724297,0.654121399,0.867035866,1.52213001,0.979184151,0.699204445,0.878697395,1.0379467,1.09891987,0.945735931,1.94319344,0.986166954,0.83626461,0.689556122,1.0104208,1.1553154,1.23580265,0.874259949,2.55771637,0.476624489,0.19959259,0.574893951,0.436081886,0.251896858,-0.0319318771,0.547034264,0.279362679,0.600396156,0.237255096,1.00712204,0.371385574,0.0208835602,0.201615334,0.128036499,0.325264931,0.608953476,0.836152077,0.407549858,0.34138298,0.21722126,0.305069923,0.489360809,0.54954052,0.703318596,0.959368706,0.801724434,0.559552193,0.315443993,0.415751457,0.374344826,0.825956345,0.398780823,0.774383545
2026-08-26T15:37:16.136+00:00	997.593	SUBSEG96 protocol=asd-research-v1.0.0 session=1 phase=DET window=15 group=5 segments=7 dims=96 fnv1a=dc084555 values=-9.98973846,-9.98973846,0.972975731,-9.98973846,-9.98973846,0.931563377,-9.98973846,1.21487808,-9.98973846,1.06760406,1.14207363,-9.98973846,1.12363052,1.36630726,1.46330261,-9.98973846,1.07718658,1.12103558,0.916240692,0.629293442,0.696121216,0.89495182,0.821217537,0.928922653,1.18738556,1.63868141,1.38666153,1.17717361,0.941843033,1.31809711,1.93181896,2.50555658,2.37327051,1.89403439,1.79414082,3.59739113,3.13451576,1.09668732,1.01419926,0.737452507,1.42919064,1.28876591,0.568902016,0.892400742,0.633918762,0.985471725,1.25909996,1.05418968,0.794507027,0.831111908,0.876506805,0.852916718,0.749405861,1.97782803,0.830387115,0.582449913,0.824483871,0.967907906,0.987380981,1.15099335,0.805559158,2.46554661,0.445562363,0.139902115,0.450888634,0.370512009,0.0974874496,-0.0323028564,0.409121513,0.302580833,0.374580383,0.167837143,0.907494545,0.375850677,0.0115213394,0.0840806961,0.105957031,0.366651535,0.448986053,0.725292206,0.312492371,0.288673401,0.127842903,0.217202187,0.406978607,0.502335548,0.645972252,0.874183655,0.764268875,0.50480938,0.22443676,0.351787567,0.330069542,0.732815742,0.312167168,0.664696693
2026-08-26T15:37:16.145+00:00	997.593	FLAGS protocol=asd-quality-v1.6.0 mode=READY state=CALIBRATED_NORMAL waiting=0 learning=0 learned=1 anomaly=0 hold=0 fault=0 green=on red=off guided25_available=1 workflow_pending=DEFAULT research_telemetry=1 profile_persistence_allowed=0 dropped=0
2026-08-26T15:37:21.033+00:00	1002.484	FLAGS protocol=asd-quality-v1.6.0 mode=READY state=CALIBRATED_NORMAL waiting=0 learning=0 learned=1 anomaly=0 hold=0 fault=0 green=on red=off guided25_available=1 workflow_pending=DEFAULT research_telemetry=1 profile_persistence_allowed=0 dropped=0
2026-08-26T15:37:25.433+00:00	1006.890	QUALITY protocol=asd-quality-v1.6.0 phase=DET index=16 total=0 result=OK metrics_valid=1 samples=159744 expected=159744 rms_dbfs=-46.616 dc=-0.482 peak=1512 clipped=0 zeros=471 stuck=296 dropped_delta=0 feature_valid=1 tonalness_valid=1 tonalness_proxy=3.390980 tonal_gate=pending_normal_only
2026-08-26T15:37:25.444+00:00	1006.906	DET 16 score=27323.3711 lo=0 hi=1051.74402 led=1 anom=0 total_anom=0 hold=1 iznad praga (uzastopnih=0 nivo=-46.6 dBFS racun=716 ms)
2026-08-26T15:37:25.576+00:00	1007.031	FEATURE96 protocol=asd-research-v1.0.0 session=1 phase=DET window=16 window_start_ms=996382 window_end_ms=1005647 score=27323.3711 level_dbfs=-46.6162186 quality=OK tonalness_proxy=3.39098024 dims=96 fnv1a=79eae49b values=-10.5488071,-10.5488071,2.80531836,-10.5488071,-10.5488071,2.31310558,-10.5488071,2.25071478,-10.5488071,2.68249512,2.484056,-10.5488071,2.21179104,1.96028328,2.22671604,-10.5488071,1.86980343,1.32581425,1.06795692,1.22360229,1.29362774,1.61525631,1.6412468,1.51751518,1.02010918,1.28581905,1.46176147,1.81944323,2.05933762,2.45807743,2.80961323,2.42130613,2.65744638,3.39098024,2.80177116,2.9910388,2.62332439,1.46986389,1.61732149,1.03883457,1.21091175,1.39562225,1.60785723,2.14916658,1.08686733,0.744678497,1.36372757,0.915873528,1.3048563,1.34974766,0.955217361,0.834964752,0.701395035,1.3875227,0.59174633,0.236099243,0.604005814,0.595231056,0.653477669,0.740743637,0.504436493,1.88836861,0.0398855209,-0.235822678,0.021147728,-0.0382633209,-0.0347557068,-0.364144325,-0.0501308441,-0.18534565,-0.0514831543,-0.310275078,0.436976433,-0.115306854,-0.415775299,-0.363808632,-0.358014107,-0.151872635,-0.0113105774,0.255335808,-0.161546707,-0.195962906,-0.336667061,-0.249768257,-0.0956640244,-0.0584020615,0.102986336,0.325708389,0.241802216,-0.0108413696,-0.275759697,-0.123077393,-0.185441017,0.152553558,-0.195358276,0.150979042
2026-08-26T15:37:25.586+00:00	1007.046	FLAGS protocol=asd-quality-v1.6.0 mode=OBSERVATION_HOLD state=OBSERVATION_HOLD waiting=0 learning=0 learned=1 anomaly=0 hold=1 fault=0 green=pulse_1s red=off guided25_available=1 workflow_pending=DEFAULT research_telemetry=1 profile_persistence_allowed=0 dropped=0
2026-08-26T15:37:25.704+00:00	1007.156	SUBSEG96 protocol=asd-research-v1.0.0 session=1 phase=DET window=16 group=1 segments=8 dims=96 fnv1a=a9bd1d4b values=-10.1825552,-10.1825552,2.74381447,-10.1825552,-10.1825552,2.60099602,-10.1825552,2.40454483,-10.1825552,1.828794,1.0876236,-10.1825552,1.30260277,2.17373943,2.20456219,-10.1825552,1.45777225,1.14578629,1.43222618,1.59278297,1.53755474,1.35055351,0.927762032,1.21033382,1.22298717,1.33913803,1.09352207,0.394503593,0.914972305,1.08913517,1.9310813,2.14351749,2.16863489,2.66695881,1.03384972,3.3727417,2.96063614,1.16665649,0.740071297,0.711558342,1.53864002,1.60045815,1.2762022,1.29224873,0.645105362,1.03573895,1.27174473,0.868466377,0.77189064,0.743268013,1.02907658,0.835393906,0.802484512,1.73142052,0.819351196,0.49348259,0.528471947,0.760229111,0.873023987,0.8367033,0.760232925,2.24794722,0.301733971,-0.19790554,0.225937843,0.174077988,-0.18740654,-0.188242912,0.218948364,0.147854805,0.338017464,-0.0114955902,0.759140968,0.135258675,-0.181774139,-0.0469818115,-0.0794897079,0.153988838,0.333065987,0.596371651,0.0711698532,0.0860071182,-0.0239801407,0.0937728882,0.205294609,0.272910118,0.41964817,0.683794022,0.588624954,0.300863266,0.054681778,0.198700905,0.133825302,0.53646183,0.127260208,0.507211685
2026-08-26T15:37:25.812+00:00	1007.265	SUBSEG96 protocol=asd-research-v1.0.0 session=1 phase=DET window=16 group=2 segments=8 dims=96 fnv1a=1b8afd44 values=-9.95802212,-9.95802212,1.32622433,-9.95802212,-9.95802212,1.2512722,-9.95802212,2.0872035,-9.95802212,2.21922112,1.45327663,-9.95802212,0.911783218,1.46443653,1.59558201,-9.95802212,1.16210461,0.552412033,0.597579956,0.849933624,1.08438969,1.06575012,1.23254967,1.31262016,1.29933929,1.45300007,0.983343124,0.871901512,0.979641914,0.75611496,1.03970623,1.22994614,1.09221554,1.00062466,0.893593788,3.59884882,3.17255497,1.09102631,0.739314079,0.711792946,0.986540794,1.03716278,0.920106888,1.15222359,0.633180618,0.838582039,1.52659512,1.21535778,1.0217514,0.999083519,1.12060833,0.994148254,1.00995636,1.92299366,0.903887749,0.620375633,0.739398956,0.967874527,1.14612579,1.22845173,0.900169373,2.50568867,0.338280678,0.323162079,0.460824966,0.407874107,0.0527410507,-0.00710010529,0.59098053,0.307679176,0.496141434,0.263366699,1.02787685,0.39897728,0.0512924194,0.0877809525,0.0870895386,0.328767776,0.557588577,0.744189262,0.399350166,0.286463737,0.160634041,0.238210678,0.458895683,0.458202362,0.655109406,0.939764977,0.767276764,0.503412247,0.291228294,0.379193306,0.313904762,0.663537025,0.353351593,0.808596611
2026-08-26T15:37:25.924+00:00	1007.375	SUBSEG96 protocol=asd-research-v1.0.0 session=1 phase=DET window=16 group=3 segments=8 dims=96 fnv1a=8ce1e058 values=-10.9033346,-10.9033346,2.9528389,-10.9033346,-10.9033346,2.48028994,-10.9033346,2.47372532,-10.9033346,2.97527599,2.78952217,-10.9033346,2.51643801,2.18099642,2.49238825,-10.9033346,2.15734625,1.58558893,1.18318176,1.32234335,1.42396927,1.88589334,1.91690779,1.77174282,1.00462246,1.26672125,1.67829227,2.10252428,2.35916853,2.77448845,3.12467432,2.71760607,2.96406412,3.70509672,3.12189865,2.63638687,2.49655819,1.74070835,1.92199564,1.30730534,1.19618225,1.60559845,1.89272738,2.45980215,1.360847,0.807634354,1.57596207,1.09446335,1.58729935,1.61860704,1.09406376,0.957839966,0.810823441,1.18938971,0.635478973,0.168561935,0.760516167,0.590439796,0.563986778,0.730151176,0.53977108,1.54491091,-0.0311603546,-0.214215279,-0.0286617279,-0.123679161,0.153248787,-0.357577324,-0.285822868,-0.381159782,-0.258023262,-0.549671173,0.226942062,-0.2212677,-0.508728981,-0.520950317,-0.417592049,-0.347558975,-0.269272804,-0.102673531,-0.311839104,-0.298396111,-0.418323517,-0.440824509,-0.28374958,-0.276533127,-0.158262253,-0.00113105774,-0.00615310669,-0.198349953,-0.544319153,-0.327223778,-0.361101151,-0.135361671,-0.426309586,-0.163247108
2026-08-26T15:37:26.028+00:00	1007.484	SUBSEG96 protocol=asd-research-v1.0.0 session=1 phase=DET window=16 group=4 segments=7 dims=96 fnv1a=7f563f6b values=-10.1620808,-10.1620808,3.26116085,-10.1620808,-10.1620808,2.40237045,-10.1620808,1.83653259,-10.1620808,2.24820805,1.97332048,-10.1620808,1.53497887,1.23249722,1.4517231,-10.1620808,1.35056114,0.874759674,1.09056282,1.38952351,1.48390388,1.34308243,1.52192116,1.39745617,1.46210766,1.6861105,1.71441841,1.80377007,1.72927761,1.36429119,1.34980297,1.20608044,1.18461037,1.44288921,1.13439941,3.36122131,2.87904024,1.01961803,0.873744965,0.712720871,1.77073288,1.06445312,0.90559864,0.911561012,0.721737862,0.834712982,1.04772186,0.643497467,0.594320297,1.13971901,1.06531715,0.906108856,0.860249519,1.67768478,0.804543495,0.491400719,0.708410263,0.871549606,1.03880119,0.955733299,0.605110168,2.26612139,0.395132065,-0.105890274,0.337569237,0.299619675,0.0128040314,-0.182821274,0.329401016,0.236711502,0.15404892,0.101743698,0.757663727,0.13574791,-0.122797012,0.000224113464,-0.121743202,0.22097683,0.336880684,0.76245594,0.182145119,0.098400116,-0.086933136,0.115226746,0.215759277,0.288203239,0.478561401,0.663300514,0.585137367,0.34811306,0.149676323,0.234604836,0.141612053,0.515078545,0.151422501,0.466862679
2026-08-26T15:37:26.135+00:00	1007.593	SUBSEG96 protocol=asd-research-v1.0.0 session=1 phase=DET window=16 group=5 segments=7 dims=96 fnv1a=f4b88e01 values=-9.98608303,-9.98608303,2.64313889,-9.98608303,-9.98608303,2.0387907,-9.98608303,1.49432373,-9.98608303,1.78137016,1.5395546,-9.98608303,1.49823284,1.71773434,1.54833221,-9.98608303,1.07510281,1.20424652,1.21992302,1.27368927,1.26917267,0.757392883,0.679217339,0.774324417,1.24158478,1.81973839,1.13718033,0.67728138,0.933592796,1.08275795,0.955202103,1.00988674,1.20040798,0.968746185,1.02573967,3.53176928,2.99919939,0.997764587,0.738228798,0.434630394,1.11405849,1.06502342,1.05109596,1.02551651,0.699019432,1.0925312,1.20790482,0.931424141,0.857182503,0.997067451,1.03422546,1.17509651,0.731425285,1.90349865,0.823936462,0.741755486,0.753047943,0.993934631,0.99502182,1.15923023,0.758215904,2.42253876,0.517343521,0.0742797852,0.414972305,0.422222137,-0.02480793,0.088549614,0.385010719,0.237819672,0.476154327,0.156513214,0.902765274,0.370341301,0.0676622391,0.117818832,0.0598926544,0.379873276,0.511711121,0.815104485,0.296962738,0.239642143,0.0220184326,0.22973156,0.409770966,0.474831581,0.653463364,0.884115219,0.798754692,0.478996277,0.194375038,0.400484085,0.32183075,0.719238281,0.334194183,0.655872345
2026-08-26T15:37:26.137+00:00	1007.593	STATE protocol=asd-quality-v1.6.0 from=CALIBRATED_NORMAL to=OBSERVATION_HOLD reason=OBSERVATION_UNCERTAIN
2026-08-26T15:37:26.147+00:00	1007.593	EVENT protocol=asd-quality-v1.6.0 type=OBSERVATION_HOLD state=OBSERVATION_HOLD phase=DET reason=OBSERVATION_UNCERTAIN event=NONE capability=AVAILABLE level=DEVIATION
2026-08-26T15:37:30.476+00:00	1011.937	FLAGS protocol=asd-quality-v1.6.0 mode=OBSERVATION_HOLD state=OBSERVATION_HOLD waiting=0 learning=0 learned=1 anomaly=0 hold=1 fault=0 green=pulse_1s red=off guided25_available=1 workflow_pending=DEFAULT research_telemetry=1 profile_persistence_allowed=0 dropped=0
2026-08-26T15:37:35.407+00:00	1016.859	QUALITY protocol=asd-quality-v1.6.0 phase=DET index=17 total=0 result=OK metrics_valid=1 samples=159744 expected=159744 rms_dbfs=-49.392 dc=-0.520 peak=356 clipped=0 zeros=550 stuck=298 dropped_delta=0 feature_valid=1 tonalness_valid=1 tonalness_proxy=3.522367 tonal_gate=pending_normal_only
2026-08-26T15:37:35.417+00:00	1016.875	DET 17 score=1364.03198 lo=0 hi=1051.74402 led=1 anom=0 total_anom=0 hold=0 iznad praga (uzastopnih=1 nivo=-49.4 dBFS racun=716 ms)
2026-08-26T15:37:35.546+00:00	1017.000	FEATURE96 protocol=asd-research-v1.0.0 session=1 phase=DET window=17 window_start_ms=1006382 window_end_ms=1015621 score=1364.03198 level_dbfs=-49.3924713 quality=OK tonalness_proxy=3.52236652 dims=96 fnv1a=4299dd76 values=-9.98496914,-9.98496914,2.34854126,-9.98496914,-9.98496914,1.96150017,-9.98496914,1.66955376,-9.98496914,1.88009262,1.66528416,-9.98496914,1.45646191,1.3905611,1.21224022,-9.98496914,1.03489399,0.923418045,1.20276356,1.26855946,1.16428089,0.997925758,1.00284958,0.856225014,1.12642765,1.67206287,1.26388264,1.1055088,1.04536819,1.02831364,0.914603233,1.07811356,1.22270966,1.26970482,1.13026237,3.52236652,2.96959352,0.930930138,0.730942726,0.671494484,1.13899422,1.07157326,1.02723694,1.0621109,0.701779366,0.939917564,1.27399349,0.833927155,0.644433975,1.02839661,0.976183891,0.960778236,0.900193214,1.87116051,0.8720541,0.811349869,0.694373131,0.967017174,1.04346085,1.07185268,0.796607018,2.4236927,0.453715324,0.0916099548,0.432003021,0.414256096,0.093044281,0.0364103317,0.416128159,0.365380287,0.522250175,0.178389549,0.958647728,0.367936134,-0.0467262268,0.141596794,0.0781517029,0.283148766,0.475896835,0.7651577,0.287871361,0.286017418,0.0639209747,0.161448479,0.406638145,0.466748238,0.614852905,0.810143471,0.726663589,0.457152367,0.218992233,0.362154961,0.319425583,0.83896637,0.36866188,0.634712219
2026-08-26T15:37:35.558+00:00	1017.015	FLAGS protocol=asd-quality-v1.6.0 mode=OBSERVATION_HOLD state=OBSERVATION_HOLD waiting=0 learning=0 learned=1 anomaly=0 hold=1 fault=0 green=pulse_1s red=off guided25_available=1 workflow_pending=DEFAULT research_telemetry=1 profile_persistence_allowed=0 dropped=0
2026-08-26T15:37:35.675+00:00	1017.125	SUBSEG96 protocol=asd-research-v1.0.0 session=1 phase=DET window=17 group=1 segments=8 dims=96 fnv1a=be3d1a9f values=-9.9684267,-9.9684267,2.27807236,-9.9684267,-9.9684267,1.87686157,-9.9684267,1.53124428,-9.9684267,1.96257687,1.77444172,-9.9684267,1.67976952,1.49220085,1.09036255,-9.9684267,0.721830368,0.651596069,1.09846401,1.01413727,0.696270943,0.80150032,1.19070148,0.968892097,1.24158669,1.79368496,1.24657536,1.11932755,1.00889683,1.06310177,0.874250412,1.24594116,0.884687424,0.911034584,1.17051601,3.54679441,2.9691906,1.05005264,0.821296692,0.686974525,1.16418171,1.1998291,1.07009983,1.10492039,0.607789993,1.1015234,1.43724918,0.836236,0.633899689,0.964141846,0.911364555,1.0907917,0.890603065,1.93882847,0.845869064,0.811772346,0.796923637,0.928045273,1.07322216,1.08694744,0.803600311,2.43216467,0.467535019,0.0995082855,0.416752815,0.429838181,0.0919532776,0.118764877,0.465364456,0.343979836,0.512708664,0.179401398,1.03353977,0.379037857,-0.0450763702,0.178436279,0.089969635,0.252375603,0.501567841,0.775863647,0.29642868,0.295191765,0.0214681625,0.243178368,0.430563927,0.47722435,0.635560989,0.855870247,0.753620148,0.476346016,0.179382324,0.37109375,0.300510406,0.822855949,0.386826515,0.717213631
2026-08-26T15:37:35.781+00:00	1017.234	SUBSEG96 protocol=asd-research-v1.0.0 session=1 phase=DET window=17 group=2 segments=8 dims=96 fnv1a=b76bf0ad values=-9.9773035,-9.9773035,2.39196301,-9.9773035,-9.9773035,1.91427135,-9.9773035,1.57657051,-9.9773035,1.83630466,1.81738091,-9.9773035,1.51904964,1.42449284,1.32533073,-9.9773035,1.15348721,0.783478737,1.09679604,1.51827335,1.45992851,0.833559036,0.778500557,0.741550446,1.11073112,1.57936764,1.14357471,1.05836296,0.894877434,0.588537216,0.994112015,1.07291317,1.22029591,1.73155022,1.38416862,3.52555656,2.94292116,1.01532269,0.638082504,0.586215019,1.09979343,1.17932701,1.1628933,0.867625237,0.57404995,0.967453003,1.1082592,0.872689247,0.650725365,1.15249348,0.9550457,0.89276123,1.01461601,1.81819248,0.953848839,0.780693054,0.581783295,0.950732231,1.01499939,1.10351181,0.806560516,2.46219158,0.453985214,0.0844631195,0.368028641,0.479487419,0.129879951,-0.0460548401,0.376571655,0.354474068,0.572159767,0.17638588,0.941808701,0.301478386,0.0499839783,0.126107216,0.0469045639,0.370244026,0.50185585,0.721431732,0.276165962,0.320846558,0.0662078857,0.125261307,0.387548447,0.497258186,0.574625015,0.813229561,0.742793083,0.486209869,0.212082863,0.42947197,0.361537933,0.833399773,0.354491234,0.700164795
2026-08-26T15:37:35.889+00:00	1017.343	SUBSEG96 protocol=asd-research-v1.0.0 session=1 phase=DET window=17 group=3 segments=8 dims=96 fnv1a=f7aceb75 values=-10.013689,-10.013689,2.46071959,-10.013689,-10.013689,2.15838575,-10.013689,1.91747189,-10.013689,2.04982948,1.68334484,-10.013689,1.16927528,1.215518,1.17323017,-10.013689,1.05796337,1.03337574,1.24158764,1.25809002,1.32436085,1.3183279,1.13824368,0.850635529,1.16545486,1.81688118,1.47283554,1.30379391,1.10734272,1.16734505,1.02455521,1.1631422,1.49773693,0.885300636,0.801092148,3.48605347,2.90949869,0.798041344,0.677518845,0.680088997,1.09883881,0.986357689,1.09433556,1.23218155,0.753931046,0.806575775,1.32109451,0.727041245,0.528162956,1.05985165,0.988181114,0.893842697,0.887172699,1.79038048,0.88917923,0.859340668,0.696687698,0.993180275,1.08860874,0.99997139,0.797970772,2.39580202,0.433279991,0.100564003,0.443353653,0.39585495,0.0497674942,-0.0101966858,0.407059669,0.394101143,0.465401649,0.170635223,0.940112114,0.378241539,-0.111286163,0.137265205,0.0771169662,0.240356445,0.418923378,0.753780365,0.304218292,0.235617638,0.096247673,0.0952606201,0.403298378,0.443469048,0.600800514,0.728434563,0.680952072,0.390931129,0.191917419,0.325955391,0.292919159,0.805033684,0.359320641,0.575059891
2026-08-26T15:37:35.994+00:00	1017.453	SUBSEG96 protocol=asd-research-v1.0.0 session=1 phase=DET window=17 group=4 segments=7 dims=96 fnv1a=2eafde85 values=-9.94483185,-9.94483185,2.19283962,-9.94483185,-9.94483185,1.45759964,-9.94483185,1.27608585,-9.94483185,1.61595535,1.40676212,-9.94483185,1.52244091,1.52257538,1.10447407,-9.94483185,0.949041367,1.10464954,1.34332085,1.21894073,1.00999355,0.959339142,1.01960754,0.946816444,1.0674324,1.53657436,0.999007225,1.14589596,1.16071033,0.979199409,0.85370636,0.884615898,1.07704067,1.23968983,1.11693287,3.56042051,2.98165989,0.954262733,0.73085022,0.628324509,1.22744465,1.03078938,0.787463188,1.04064274,0.895378113,0.890586853,1.19043064,0.939416885,0.753241539,1.02075768,1.06324387,0.981352806,0.824612617,1.95323944,0.8572855,0.793384552,0.778718948,1.06783676,1.01223278,1.11158657,0.772740364,2.47434235,0.524745941,0.184124947,0.503945351,0.494459152,0.0983572006,0.122807503,0.43423748,0.398482323,0.525675774,0.202207565,0.950786591,0.454107285,-0.0839948654,0.168052673,0.0906763077,0.330239296,0.546655655,0.854559898,0.303812981,0.313347816,0.0893831253,0.178426743,0.460231781,0.538524628,0.652087212,0.861721039,0.722023964,0.487188339,0.287894249,0.380960464,0.376502991,1.02918053,0.457637787,0.585799217
2026-08-26T15:37:36.103+00:00	1017.562	SUBSEG96 protocol=asd-research-v1.0.0 session=1 phase=DET window=17 group=5 segments=7 dims=96 fnv1a=5d765671 values=-9.94607639,-9.94607639,2.40212202,-9.94607639,-9.94607639,2.11734104,-9.94607639,1.7849741,-9.94607639,1.81218719,1.51355553,-9.94607639,1.27374649,1.31744862,1.3694973,-9.94607639,1.21439362,0.991703987,1.27838516,1.21889782,0.838374138,0.794255257,0.69298172,0.804524422,1.05723095,1.55244255,1.32369804,0.697579384,1.09527302,1.19199467,0.806213379,0.917020798,1.19346142,0.84009552,1.0444603,3.56788301,3.11326599,0.848545074,0.840279579,0.822652817,1.18046761,0.941662788,0.929367065,1.01635551,0.697394371,0.944530487,1.28913593,0.863100052,0.728663445,0.957683563,1.03300858,0.991711617,0.912258148,1.92451572,0.858326912,0.868359566,0.654594421,0.957515717,1.08041191,1.13107681,0.866453171,2.42175293,0.461420059,0.0491104126,0.499474525,0.308317184,0.165683746,0.0579824448,0.46572113,0.403364182,0.60355854,0.236675262,0.986934662,0.395512581,0.00594520569,0.167108536,0.157125473,0.280564308,0.48115921,0.793552399,0.326721191,0.337816238,0.111402512,0.230158806,0.422541618,0.442230225,0.685442924,0.864866257,0.803614616,0.518406868,0.300662041,0.364369392,0.335878372,0.733935356,0.352332115,0.634487152
2026-08-26T15:37:40.485+00:00	1021.937	FLAGS protocol=asd-quality-v1.6.0 mode=OBSERVATION_HOLD state=OBSERVATION_HOLD waiting=0 learning=0 learned=1 anomaly=0 hold=1 fault=0 green=pulse_1s red=off guided25_available=1 workflow_pending=DEFAULT research_telemetry=1 profile_persistence_allowed=0 dropped=0
2026-08-26T15:37:45.381+00:00	1026.843	QUALITY protocol=asd-quality-v1.6.0 phase=DET index=18 total=0 result=OK metrics_valid=1 samples=159744 expected=159744 rms_dbfs=-49.909 dc=-0.452 peak=494 clipped=0 zeros=626 stuck=375 dropped_delta=0 feature_valid=1 tonalness_valid=1 tonalness_proxy=3.259777 tonal_gate=pending_normal_only
2026-08-26T15:37:45.391+00:00	1026.843	DET 18 score=3925.83838 lo=0 hi=1051.74402 led=1 anom=0 total_anom=0 hold=0 iznad praga (uzastopnih=2 nivo=-49.9 dBFS racun=716 ms)
2026-08-26T15:37:45.521+00:00	1026.968	FEATURE96 protocol=asd-research-v1.0.0 session=1 phase=DET window=18 window_start_ms=1016322 window_end_ms=1025595 score=3925.83838 level_dbfs=-49.9089851 quality=OK tonalness_proxy=3.25977707 dims=96 fnv1a=895f255b values=-10.1567259,-10.1567259,2.44157791,-10.1567259,-10.1567259,1.9802084,-10.1567259,1.77791214,-10.1567259,2.08055973,1.69147778,-10.1567259,1.50435543,1.71902084,1.72135735,-10.1567259,1.52108479,1.37070179,1.54017162,1.38851738,1.08973026,1.37085819,1.60701561,1.45086193,1.33927059,1.48996162,1.87146568,1.76904488,1.55051899,1.97226477,1.80891705,1.65383339,1.60645294,1.49928093,1.26578712,3.25977707,2.65732241,0.943429947,0.920227051,0.649734497,1.23215771,1.19253254,0.836968422,0.963874817,0.492078781,0.788234711,1.16639996,0.747969627,0.477005959,0.79705143,0.759522438,0.833257675,0.734594345,1.63082981,0.761927605,0.565545082,0.6254673,0.80550766,0.929941177,1.01255035,0.737495422,2.27823734,0.271714211,0.0142679214,0.241566658,0.226772308,-0.103339195,-0.195540428,0.232157707,0.169603348,0.277947426,-0.00910568237,0.687602997,0.262415886,-0.14878273,0.134131432,0.0172119141,0.253372192,0.471263885,0.566567421,0.148292542,0.0895195007,-0.0534267426,0.120488167,0.313673019,0.40131855,0.521836281,0.591751099,0.551012039,0.287324905,0.0783576965,0.225273132,0.247350693,0.728774071,0.217538834,0.53314209
2026-08-26T15:37:45.533+00:00	1026.984	FLAGS protocol=asd-quality-v1.6.0 mode=OBSERVATION_HOLD state=OBSERVATION_HOLD waiting=0 learning=0 learned=1 anomaly=0 hold=1 fault=0 green=pulse_1s red=off guided25_available=1 workflow_pending=DEFAULT research_telemetry=1 profile_persistence_allowed=0 dropped=0
2026-08-26T15:37:45.650+00:00	1027.109	SUBSEG96 protocol=asd-research-v1.0.0 session=1 phase=DET window=18 group=1 segments=8 dims=96 fnv1a=ea0ad5fa values=-9.95972824,-9.95972824,2.11800003,-9.95972824,-9.95972824,1.65215206,-9.95972824,1.50837898,-9.95972824,1.65725899,1.40052223,-9.95972824,1.33299351,1.49601078,1.44455242,-9.95972824,0.935080528,1.29210281,1.65726757,1.63018513,1.18360138,1.02030659,0.764538765,0.773644447,0.988578796,1.37290287,1.01439953,1.21228313,0.977520943,1.10397434,0.833846092,0.966369629,1.31336975,1.11497688,0.832216263,3.53742981,2.95233727,0.852847099,0.823084831,0.647426605,1.13132,0.987330437,0.960130692,1.05026245,0.749815941,1.13744259,1.2315588,0.775457382,0.665206909,1.08823395,0.784252167,1.08536148,0.818724632,1.93476486,0.92094326,0.781589508,0.793114662,0.982213974,1.05965805,1.10696316,0.801239967,2.46699524,0.482531548,0.0878448486,0.561736107,0.361418724,0.134498596,0.0302085876,0.396100998,0.402937889,0.516182899,0.102854729,0.857087135,0.388907433,-0.00313091278,0.231683731,0.156111717,0.395715714,0.578457832,0.733979225,0.299419403,0.275436401,0.129377365,0.191680908,0.411653519,0.50275135,0.674131393,0.813275337,0.751777649,0.46869278,0.264907837,0.391212463,0.350644112,1.00767136,0.399811745,0.607477188
2026-08-26T15:37:45.758+00:00	1027.218	SUBSEG96 protocol=asd-research-v1.0.0 session=1 phase=DET window=18 group=2 segments=8 dims=96 fnv1a=30aeb549 values=-9.98473549,-9.98473549,2.50057459,-9.98473549,-9.98473549,1.73665428,-9.98473549,1.35105038,-9.98473549,1.53077602,1.35224056,-9.98473549,1.50463009,1.62183094,1.35585594,-9.98473549,0.896766663,1.63823795,1.86614323,1.61032391,1.15062714,0.726801872,0.890013695,1.02012444,0.952036858,1.39835453,0.986823082,1.1759367,1.18714428,1.20669365,1.00170135,1.27291393,1.33907604,0.877275467,0.986919403,3.52452993,2.97693539,0.889405251,0.811670303,0.80828476,1.3151722,0.985918999,1.02779961,0.980158806,0.546513557,0.79191494,1.25223064,0.830234528,0.685489655,0.900537491,0.97215271,1.0219593,0.821135521,1.87040329,0.930780411,0.797029495,0.690233231,0.921338081,1.11253071,1.13817215,0.891903877,2.4520402,0.401297569,0.101672173,0.3635149,0.414440155,0.0482168198,-0.0841026306,0.347566605,0.362686157,0.438837051,0.196395874,1.00308132,0.440483093,-0.0252313614,0.152311325,0.0989160538,0.315821648,0.433773041,0.741368294,0.304040909,0.261719704,0.0368452072,0.205311775,0.394794464,0.43888855,0.637339592,0.780316353,0.729454041,0.455456734,0.216448784,0.355834007,0.297776222,0.899730682,0.392621994,0.636034966
2026-08-26T15:37:45.867+00:00	1027.328	SUBSEG96 protocol=asd-research-v1.0.0 session=1 phase=DET window=18 group=3 segments=8 dims=96 fnv1a=41129cf8 values=-10.2266302,-10.2266302,2.26138639,-10.2266302,-10.2266302,1.88514662,-10.2266302,1.76197433,-10.2266302,2.37727356,1.94091654,-10.2266302,1.25510025,1.89445925,1.96555185,-10.2266302,1.68252087,1.17972565,1.27349854,1.05402565,0.943868637,1.8542738,2.13459063,1.9348526,1.78666735,1.80248356,2.43014812,2.30506372,2.02270842,2.52746058,2.36449146,2.14280272,1.99935722,1.74345589,1.25889397,3.26873922,2.6393199,0.961584091,0.820363045,0.607880592,1.03735638,1.27673435,0.767065048,1.05965519,0.453710556,0.680569649,1.27246571,0.768808365,0.471315384,0.754806519,0.523946762,0.755822182,0.727124214,1.63040638,0.679558754,0.472133636,0.540251732,0.676924706,0.679450989,0.748606682,0.590143204,2.13118601,0.262055397,-0.0755815506,0.108333588,0.233605385,-0.154633522,-0.196588516,0.145384789,0.0356988907,0.250459671,-0.0220127106,0.690112114,0.0548095703,-0.224864006,-0.0694723129,-0.135245323,0.0689487457,0.241400719,0.523954391,0.0316333771,-0.0146369934,-0.0922012329,-0.0593833923,0.1580019,0.216117859,0.400856018,0.47981739,0.530202866,0.185469627,-0.0174779892,0.117891312,0.101387978,0.682748795,0.0953292847,0.482356071
2026-08-26T15:37:45.973+00:00	1027.421	SUBSEG96 protocol=asd-research-v1.0.0 session=1 phase=DET window=18 group=4 segments=7 dims=96 fnv1a=3380819d values=-10.1583357,-10.1583357,2.93856525,-10.1583357,-10.1583357,2.50252295,-10.1583357,2.28270912,-10.1583357,2.3885293,1.93159151,-10.1583357,1.95034266,2.0308547,2.02085924,-10.1583357,1.87552691,1.68424129,1.73274326,1.64027023,1.48374939,1.10931015,1.24195194,1.1957798,1.02865124,1.26227856,1.09431839,1.00090408,1.27560139,1.36494255,1.21866035,1.13501835,1.29168701,1.47502232,1.26217556,3.32053471,2.64125013,1.01005173,1.12688255,0.80879879,1.19973373,1.50260925,0.735243797,0.973456383,0.56555748,0.728776932,1.1953125,0.719550133,0.452196121,0.798355103,0.857403755,0.68354702,0.65417099,1.66596127,0.798267365,0.445202827,0.681511879,0.671715736,0.9453125,0.897250175,0.574059486,2.25999022,0.224012375,-0.0137424469,0.236825943,0.174797058,-0.104674339,-0.15367794,0.303360939,0.122323036,0.191256523,-0.00862216949,0.567643166,0.258951187,-0.0869493484,0.251437187,0.112826347,0.365343094,0.55666256,0.528524399,0.147958755,0.0747241974,0.0099773407,0.161786079,0.391469955,0.449565887,0.517811775,0.614870071,0.571864128,0.281187057,0.0634231567,0.210771561,0.263644218,0.828605652,0.235489845,0.585763931
2026-08-26T15:37:46.079+00:00	1027.531	SUBSEG96 protocol=asd-research-v1.0.0 session=1 phase=DET window=18 group=5 segments=7 dims=96 fnv1a=52fcbce3 values=-10.0577421,-10.0577421,1.75597286,-10.0577421,-10.0577421,1.43814468,-10.0577421,1.26965427,-10.0577421,1.55907917,1.55085373,-10.0577421,1.38905621,1.31011105,1.37333965,-10.0577421,1.5446291,1.13964462,1.3860178,1.15643597,0.481340408,0.938690186,1.04866982,1.08286858,1.16872406,1.5432291,1.27217197,1.26133442,1.23668861,1.18477154,1.08175945,1.46617126,1.62951565,1.81326771,1.7520895,2.41039181,1.88875008,1.24384499,1.21426773,0.717903137,1.6601429,1.20458412,1.0610714,1.08170795,0.507329941,0.93150425,1.2004509,0.985866547,0.475066185,0.803505898,0.994308472,0.977230072,0.996423721,1.03500557,0.880007744,0.698111534,0.811639786,1.10797119,1.20056629,1.41219234,1.10248852,2.4707427,0.370699883,0.316078186,0.300486565,0.325521469,-0.0553674698,-0.210697174,0.366316795,0.309905052,0.366230965,0.0659713745,0.602085114,0.528706551,-0.00569057465,0.426961899,0.231658936,0.484586716,0.820939064,0.696629524,0.351151466,0.247238159,0.0395936966,0.436180115,0.574906349,0.72426033,0.761805534,0.661994934,0.543796539,0.443954468,0.259924889,0.44039917,0.561799049,0.469054222,0.363227844,0.734174728
2026-08-26T15:37:50.505+00:00	1031.953	FLAGS protocol=asd-quality-v1.6.0 mode=OBSERVATION_HOLD state=OBSERVATION_HOLD waiting=0 learning=0 learned=1 anomaly=0 hold=1 fault=0 green=pulse_1s red=off guided25_available=1 workflow_pending=DEFAULT research_telemetry=1 profile_persistence_allowed=0 dropped=0
2026-08-26T15:37:55.359+00:00	1036.812	QUALITY protocol=asd-quality-v1.6.0 phase=DET index=19 total=0 result=LOW_LEVEL_OBSERVATION metrics_valid=1 samples=159744 expected=159744 rms_dbfs=-66.709 dc=-0.526 peak=115 clipped=0 zeros=4177 stuck=11594 dropped_delta=0 feature_valid=0 tonalness_valid=0 tonalness_proxy=0.000000 tonal_gate=not_computed
2026-08-26T15:37:55.404+00:00	1036.859	STATE protocol=asd-quality-v1.6.0 from=OBSERVATION_HOLD to=NO_MACHINE reason=LOW_LEVEL_OBSERVATION
2026-08-26T15:37:55.406+00:00	1036.859	FLAGS protocol=asd-quality-v1.6.0 mode=IDLE state=NO_MACHINE waiting=1 learning=0 learned=0 anomaly=0 hold=0 fault=0 green=flash_2s red=off guided25_available=1 workflow_pending=DEFAULT research_telemetry=1 profile_persistence_allowed=0 dropped=0
2026-08-26T15:37:55.409+00:00	1036.859	EVENT protocol=asd-quality-v1.6.0 type=FLOW_STOPPED state=NO_MACHINE phase=DET reason=LOW_LEVEL_OBSERVATION event=NONE capability=AVAILABLE level=MACHINE_PRESENCE
