2026-08-22T14:29:25.910+00:00	1.172	I (1118) esp_psram: SPI SRAM memory test OK
2026-08-22T14:29:25.918+00:00	1.172	I (1126) cpu_start: GPIO 44 and 43 are used as console UART I/O pins
2026-08-22T14:29:25.921+00:00	1.172	I (1127) cpu_start: Pro cpu start user code
2026-08-22T14:29:25.923+00:00	1.188	I (1127) cpu_start: cpu freq: 240000000 Hz
2026-08-22T14:29:25.925+00:00	1.188	I (1129) app_init: Application information:
2026-08-22T14:29:25.928+00:00	1.188	I (1133) app_init: Project name:     esp32s3_asd
2026-08-22T14:29:25.934+00:00	1.188	I (1137) app_init: App version:      on-device-verified-70-g4f725e8
2026-08-22T14:29:25.940+00:00	1.203	I (1143) app_init: Compile time:     Aug 22 2026 15:47:18
2026-08-22T14:29:25.944+00:00	1.203	I (1148) app_init: ELF file SHA256:  5f915a9ed...
2026-08-22T14:29:25.981+00:00	1.235	I (1152) app_init: ESP-IDF:          v5.5.5-34-g21f3b71cbbf
2026-08-22T14:29:25.982+00:00	1.235	I (1158) efuse_init: Min chip rev:     v0.0
2026-08-22T14:29:25.983+00:00	1.235	I (1162) efuse_init: Max chip rev:     v0.99 
2026-08-22T14:29:25.985+00:00	1.250	I (1166) efuse_init: Chip rev:         v0.2
2026-08-22T14:29:25.989+00:00	1.250	I (1170) heap_init: Initializing. RAM available for dynamic allocation:
2026-08-22T14:29:25.991+00:00	1.250	I (1176) heap_init: At 3FCD1770 len 00017FA0 (95 KiB): RAM
2026-08-22T14:29:25.992+00:00	1.250	I (1181) heap_init: At 3FCE9710 len 00005724 (21 KiB): RAM
2026-08-22T14:29:25.994+00:00	1.250	I (1186) heap_init: At 3FCF0000 len 00008000 (32 KiB): DRAM
2026-08-22T14:29:25.995+00:00	1.250	I (1192) heap_init: At 600FE000 len 00001FE8 (7 KiB): RTCRAM
2026-08-22T14:29:25.997+00:00	1.250	I (1197) esp_psram: Adding pool of 16384K of PSRAM memory to heap allocator
2026-08-22T14:29:26.008+00:00	1.266	W (1204) spi_flash: Octal flash chip is using but dio mode is selected, will automatically switch to Octal mode
2026-08-22T14:29:26.010+00:00	1.266	I (1214) spi_flash: detected chip: mxic (opi)
2026-08-22T14:29:26.012+00:00	1.266	I (1218) spi_flash: flash io: opi_str
2026-08-22T14:29:26.020+00:00	1.281	I (1221) sleep_gpio: Configure to isolate all GPIO pins in sleep state
2026-08-22T14:29:26.026+00:00	1.281	I (1227) sleep_gpio: Enable automatic switching of GPIO sleep configuration
2026-08-22T14:29:26.029+00:00	1.281	I (1234) main_task: Started on CPU0
2026-08-22T14:29:26.040+00:00	1.297	I (1234) esp_psram: Reserving pool of 32K of internal memory for DMA/internal allocations
2026-08-22T14:29:26.043+00:00	1.297	I (1244) main_task: Calling app_main()
2026-08-22T14:29:26.045+00:00	1.297	I (1244) asd: PSRAM: 16777216 B
2026-08-22T14:29:26.046+00:00	1.297	I (1254) asd: free heap: 16914407 B
2026-08-22T14:29:26.050+00:00	1.313	I (1254) asd: I2C idle: SDA=1 SCL=1
2026-08-22T14:29:26.054+00:00	1.313	I (1264) asd: I2C poslije probe: SDA=1 SCL=1
2026-08-22T14:29:26.059+00:00	1.313	E (1264) asd: INA226 nije pronadjen na adresama 0x40-0x4F
2026-08-22T14:29:26.066+00:00	1.328	W (1264) i2s_common: dma frame num is out of dma buffer size, limited to 1023
2026-08-22T14:29:26.733+00:00	1.985	W (1944) psdlive: DEVELOPMENT policy: NVS profile load/save je zabranjen
2026-08-22T14:29:26.754+00:00	2.016	FLAGS protocol=asd-quality-v1.5.0 mode=IDLE state=NO_MACHINE waiting=1 learning=0 learned=0 anomaly=0 hold=0 fault=0 green=flash_2s red=off guided25_available=1 workflow_pending=DEFAULT research_telemetry=1 profile_persistence_allowed=0 dropped=0
2026-08-22T14:29:26.757+00:00	2.016	I (1954) psdlive: === SAMOSTALNI PSD DETEKTOR ===
2026-08-22T14:29:26.764+00:00	2.016	I (1964) psdlive: model: 96 traka, matrica 96x96 iz flesa, naucen na 990 normalnih snimaka ventilatora
2026-08-22T14:29:26.768+00:00	2.031	I (1974) psdlive: 1) pusti ventilator koji radi NORMALNO
2026-08-22T14:29:26.779+00:00	2.031	I (1974) psdlive: 2) pritisni taster ILI posalji PRESS sa konzole -> ucenje 10 x 10 s = 100 s, lampica treperi
2026-08-22T14:29:26.786+00:00	2.047	I (1984) psdlive: 3) lampica stalno svijetli = naucio; tek tada izazovi kvar
2026-08-22T14:29:26.792+00:00	2.047	I (1994) psdlive: pritisni taster (GPIO10) ili posalji PRESS da pocne ucenje
2026-08-22T14:29:31.754+00:00	7.016	FLAGS protocol=asd-quality-v1.5.0 mode=IDLE state=NO_MACHINE waiting=1 learning=0 learned=0 anomaly=0 hold=0 fault=0 green=flash_2s red=off guided25_available=1 workflow_pending=DEFAULT research_telemetry=1 profile_persistence_allowed=0 dropped=0
2026-08-22T14:29:36.765+00:00	12.016	FLAGS protocol=asd-quality-v1.5.0 mode=IDLE state=NO_MACHINE waiting=1 learning=0 learned=0 anomaly=0 hold=0 fault=0 green=flash_2s red=off guided25_available=1 workflow_pending=DEFAULT research_telemetry=1 profile_persistence_allowed=0 dropped=0
2026-08-22T14:29:41.775+00:00	17.031	FLAGS protocol=asd-quality-v1.5.0 mode=IDLE state=NO_MACHINE waiting=1 learning=0 learned=0 anomaly=0 hold=0 fault=0 green=flash_2s red=off guided25_available=1 workflow_pending=DEFAULT research_telemetry=1 profile_persistence_allowed=0 dropped=0
2026-08-22T14:29:46.784+00:00	22.047	FLAGS protocol=asd-quality-v1.5.0 mode=IDLE state=NO_MACHINE waiting=1 learning=0 learned=0 anomaly=0 hold=0 fault=0 green=flash_2s red=off guided25_available=1 workflow_pending=DEFAULT research_telemetry=1 profile_persistence_allowed=0 dropped=0
2026-08-22T14:29:51.795+00:00	27.047	FLAGS protocol=asd-quality-v1.5.0 mode=IDLE state=NO_MACHINE waiting=1 learning=0 learned=0 anomaly=0 hold=0 fault=0 green=flash_2s red=off guided25_available=1 workflow_pending=DEFAULT research_telemetry=1 profile_persistence_allowed=0 dropped=0
2026-08-22T14:29:56.803+00:00	32.063	FLAGS protocol=asd-quality-v1.5.0 mode=IDLE state=NO_MACHINE waiting=1 learning=0 learned=0 anomaly=0 hold=0 fault=0 green=flash_2s red=off guided25_available=1 workflow_pending=DEFAULT research_telemetry=1 profile_persistence_allowed=0 dropped=0
2026-08-22T14:30:01.813+00:00	37.078	FLAGS protocol=asd-quality-v1.5.0 mode=IDLE state=NO_MACHINE waiting=1 learning=0 learned=0 anomaly=0 hold=0 fault=0 green=flash_2s red=off guided25_available=1 workflow_pending=DEFAULT research_telemetry=1 profile_persistence_allowed=0 dropped=0
2026-08-22T14:30:06.824+00:00	42.078	FLAGS protocol=asd-quality-v1.5.0 mode=IDLE state=NO_MACHINE waiting=1 learning=0 learned=0 anomaly=0 hold=0 fault=0 green=flash_2s red=off guided25_available=1 workflow_pending=DEFAULT research_telemetry=1 profile_persistence_allowed=0 dropped=0
2026-08-22T14:30:11.834+00:00	47.094	FLAGS protocol=asd-quality-v1.5.0 mode=IDLE state=NO_MACHINE waiting=1 learning=0 learned=0 anomaly=0 hold=0 fault=0 green=flash_2s red=off guided25_available=1 workflow_pending=DEFAULT research_telemetry=1 profile_persistence_allowed=0 dropped=0
2026-08-22T14:30:16.844+00:00	52.110	FLAGS protocol=asd-quality-v1.5.0 mode=IDLE state=NO_MACHINE waiting=1 learning=0 learned=0 anomaly=0 hold=0 fault=0 green=flash_2s red=off guided25_available=1 workflow_pending=DEFAULT research_telemetry=1 profile_persistence_allowed=0 dropped=0
2026-08-22T14:30:21.856+00:00	57.110	FLAGS protocol=asd-quality-v1.5.0 mode=IDLE state=NO_MACHINE waiting=1 learning=0 learned=0 anomaly=0 hold=0 fault=0 green=flash_2s red=off guided25_available=1 workflow_pending=DEFAULT research_telemetry=1 profile_persistence_allowed=0 dropped=0
2026-08-22T14:30:25.901+00:00	61.156	VWORKFLOW mode=GUIDED25 result=accepted
2026-08-22T14:30:25.903+00:00	61.156	VBUTTON protocol=asd-quality-v1.5.0 source=console event=SHORT result=accepted
2026-08-22T14:30:25.911+00:00	61.172	BUTTON protocol=asd-quality-v1.5.0 event=SHORT mode=IDLE command=START_LEARNING discards=0
2026-08-22T14:30:25.921+00:00	61.172	SESSION protocol=asd-quality-v1.5.0 action=STARTED source=BUTTON reason=OPERATOR_REQUEST discards_calibration=0
2026-08-22T14:30:25.927+00:00	61.188	STATE protocol=asd-quality-v1.5.0 from=NO_MACHINE to=NO_MACHINE reason=BOOT_FAIL_CLOSED
2026-08-22T14:30:25.948+00:00	61.203	COMMISSION protocol=asd-quality-v1.5.0 policy=asd-commissioning-policy-v1.0.0-development developmental=1 action=STARTED phase=SETTLE index=0 total=8 result=NONE score_valid=0 score=0 level_dbfs=-999 tonalness_proxy=0 feature_drift=0
2026-08-22T14:30:25.974+00:00	61.235	FLAGS protocol=asd-quality-v1.5.0 mode=LEARNING state=NO_MACHINE waiting=0 learning=1 learned=0 anomaly=0 hold=0 fault=0 green=blink_5hz red=off guided25_available=1 workflow_pending=DEFAULT research_telemetry=1 profile_persistence_allowed=0 dropped=0
2026-08-22T14:30:30.954+00:00	66.219	FLAGS protocol=asd-quality-v1.5.0 mode=LEARNING state=NO_MACHINE waiting=0 learning=1 learned=0 anomaly=0 hold=0 fault=0 green=blink_5hz red=off guided25_available=1 workflow_pending=DEFAULT research_telemetry=1 profile_persistence_allowed=0 dropped=0
2026-08-22T14:30:35.925+00:00	71.188	COMMISSION protocol=asd-quality-v1.5.0 policy=asd-commissioning-policy-v1.0.0-development developmental=1 action=WINDOW phase=SETTLE index=1 total=8 result=NONE score_valid=0 score=0 level_dbfs=-46.5030365 tonalness_proxy=3.76500702 feature_drift=0
2026-08-22T14:30:35.965+00:00	71.219	FLAGS protocol=asd-quality-v1.5.0 mode=LEARNING state=NO_MACHINE waiting=0 learning=1 learned=0 anomaly=0 hold=0 fault=0 green=blink_5hz red=off guided25_available=1 workflow_pending=DEFAULT research_telemetry=1 profile_persistence_allowed=0 dropped=0
2026-08-22T14:30:40.974+00:00	76.235	FLAGS protocol=asd-quality-v1.5.0 mode=LEARNING state=NO_MACHINE waiting=0 learning=1 learned=0 anomaly=0 hold=0 fault=0 green=blink_5hz red=off guided25_available=1 workflow_pending=DEFAULT research_telemetry=1 profile_persistence_allowed=0 dropped=0
2026-08-22T14:30:45.900+00:00	81.156	COMMISSION protocol=asd-quality-v1.5.0 policy=asd-commissioning-policy-v1.0.0-development developmental=1 action=WINDOW phase=SETTLE index=2 total=8 result=NONE score_valid=0 score=0 level_dbfs=-46.7026978 tonalness_proxy=3.77382088 feature_drift=0.0566976406
2026-08-22T14:30:45.985+00:00	81.250	FLAGS protocol=asd-quality-v1.5.0 mode=LEARNING state=NO_MACHINE waiting=0 learning=1 learned=0 anomaly=0 hold=0 fault=0 green=blink_5hz red=off guided25_available=1 workflow_pending=DEFAULT research_telemetry=1 profile_persistence_allowed=0 dropped=0
2026-08-22T14:30:50.994+00:00	86.250	FLAGS protocol=asd-quality-v1.5.0 mode=LEARNING state=NO_MACHINE waiting=0 learning=1 learned=0 anomaly=0 hold=0 fault=0 green=blink_5hz red=off guided25_available=1 workflow_pending=DEFAULT research_telemetry=1 profile_persistence_allowed=0 dropped=0
2026-08-22T14:30:55.873+00:00	91.125	COMMISSION protocol=asd-quality-v1.5.0 policy=asd-commissioning-policy-v1.0.0-development developmental=1 action=WINDOW phase=SETTLE index=3 total=8 result=NONE score_valid=0 score=0 level_dbfs=-46.4336777 tonalness_proxy=3.75153732 feature_drift=0.0643131658
2026-08-22T14:30:56.007+00:00	91.266	FLAGS protocol=asd-quality-v1.5.0 mode=LEARNING state=NO_MACHINE waiting=0 learning=1 learned=0 anomaly=0 hold=0 fault=0 green=blink_5hz red=off guided25_available=1 workflow_pending=DEFAULT research_telemetry=1 profile_persistence_allowed=0 dropped=0
2026-08-22T14:31:01.015+00:00	96.266	FLAGS protocol=asd-quality-v1.5.0 mode=LEARNING state=NO_MACHINE waiting=0 learning=1 learned=0 anomaly=0 hold=0 fault=0 green=blink_5hz red=off guided25_available=1 workflow_pending=DEFAULT research_telemetry=1 profile_persistence_allowed=0 dropped=0
2026-08-22T14:31:05.850+00:00	101.110	COMMISSION protocol=asd-quality-v1.5.0 policy=asd-commissioning-policy-v1.0.0-development developmental=1 action=WINDOW phase=CENTER_LEARNING index=4 total=8 result=NONE score_valid=0 score=0 level_dbfs=-46.497673 tonalness_proxy=3.76797915 feature_drift=0.0651516318
2026-08-22T14:31:05.873+00:00	101.125	COMMISSION protocol=asd-quality-v1.5.0 policy=asd-commissioning-policy-v1.0.0-development developmental=1 action=PHASE_ENTERED phase=CENTER_LEARNING index=0 total=10 result=NONE score_valid=0 score=0 level_dbfs=-999 tonalness_proxy=0 feature_drift=0
2026-08-22T14:31:06.024+00:00	101.281	FLAGS protocol=asd-quality-v1.5.0 mode=LEARNING state=NO_MACHINE waiting=0 learning=1 learned=0 anomaly=0 hold=0 fault=0 green=blink_5hz red=off guided25_available=1 workflow_pending=DEFAULT research_telemetry=1 profile_persistence_allowed=0 dropped=0
2026-08-22T14:31:06.087+00:00	101.344	QUALITY protocol=asd-quality-v1.5.0 phase=WAIT index=1 total=60 result=OK metrics_valid=1 samples=4096 expected=4096 rms_dbfs=-46.849 dc=-0.755 peak=515 clipped=0 zeros=4 stuck=9 dropped_delta=0 feature_valid=0 tonalness_valid=0 tonalness_proxy=0.000000 tonal_gate=not_computed
2026-08-22T14:31:06.338+00:00	101.594	WAIT 1/60 level_dbfs=-46.85 spread=0.000 nivo=-46.8 dBFS cujem
2026-08-22T14:31:06.342+00:00	101.594	QUALITY protocol=asd-quality-v1.5.0 phase=WAIT index=2 total=60 result=OK metrics_valid=1 samples=4096 expected=4096 rms_dbfs=-46.920 dc=0.899 peak=507 clipped=0 zeros=13 stuck=9 dropped_delta=0 feature_valid=0 tonalness_valid=0 tonalness_proxy=0.000000 tonal_gate=not_computed
2026-08-22T14:31:06.595+00:00	101.860	WAIT 2/60 level_dbfs=-46.92 spread=0.000 nivo=-46.9 dBFS cujem
2026-08-22T14:31:06.598+00:00	101.860	QUALITY protocol=asd-quality-v1.5.0 phase=WAIT index=3 total=60 result=OK metrics_valid=1 samples=4096 expected=4096 rms_dbfs=-46.831 dc=-2.541 peak=490 clipped=0 zeros=9 stuck=7 dropped_delta=0 feature_valid=0 tonalness_valid=0 tonalness_proxy=0.000000 tonal_gate=not_computed
2026-08-22T14:31:06.851+00:00	102.110	WAIT 3/60 level_dbfs=-46.83 spread=0.000 nivo=-46.8 dBFS cujem
2026-08-22T14:31:06.858+00:00	102.110	QUALITY protocol=asd-quality-v1.5.0 phase=WAIT index=4 total=60 result=OK metrics_valid=1 samples=4096 expected=4096 rms_dbfs=-46.764 dc=1.688 peak=484 clipped=0 zeros=8 stuck=9 dropped_delta=0 feature_valid=0 tonalness_valid=0 tonalness_proxy=0.000000 tonal_gate=not_computed
2026-08-22T14:31:07.107+00:00	102.360	WAIT 4/60 level_dbfs=-46.76 spread=0.000 nivo=-46.8 dBFS cujem
2026-08-22T14:31:07.110+00:00	102.375	QUALITY protocol=asd-quality-v1.5.0 phase=WAIT index=5 total=60 result=OK metrics_valid=1 samples=4096 expected=4096 rms_dbfs=-46.723 dc=-1.528 peak=541 clipped=0 zeros=12 stuck=7 dropped_delta=0 feature_valid=0 tonalness_valid=0 tonalness_proxy=0.000000 tonal_gate=not_computed
2026-08-22T14:31:07.362+00:00	102.625	WAIT 5/60 level_dbfs=-46.72 spread=0.000 nivo=-46.7 dBFS cujem
2026-08-22T14:31:07.366+00:00	102.625	QUALITY protocol=asd-quality-v1.5.0 phase=WAIT index=6 total=60 result=OK metrics_valid=1 samples=4096 expected=4096 rms_dbfs=-46.493 dc=-3.271 peak=563 clipped=0 zeros=13 stuck=8 dropped_delta=0 feature_valid=0 tonalness_valid=0 tonalness_proxy=0.000000 tonal_gate=not_computed
2026-08-22T14:31:07.617+00:00	102.875	WAIT 6/60 level_dbfs=-46.49 spread=0.000 nivo=-46.5 dBFS cujem
2026-08-22T14:31:07.623+00:00	102.875	QUALITY protocol=asd-quality-v1.5.0 phase=WAIT index=7 total=60 result=OK metrics_valid=1 samples=4096 expected=4096 rms_dbfs=-46.711 dc=4.843 peak=536 clipped=0 zeros=13 stuck=5 dropped_delta=0 feature_valid=0 tonalness_valid=0 tonalness_proxy=0.000000 tonal_gate=not_computed
2026-08-22T14:31:07.874+00:00	103.125	WAIT 7/60 level_dbfs=-46.71 spread=0.000 nivo=-46.7 dBFS cujem
2026-08-22T14:31:07.877+00:00	103.141	QUALITY protocol=asd-quality-v1.5.0 phase=WAIT index=8 total=60 result=OK metrics_valid=1 samples=4096 expected=4096 rms_dbfs=-46.478 dc=-0.507 peak=548 clipped=0 zeros=15 stuck=7 dropped_delta=0 feature_valid=0 tonalness_valid=0 tonalness_proxy=0.000000 tonal_gate=not_computed
2026-08-22T14:31:08.128+00:00	103.391	WAIT 8/60 level_dbfs=-46.48 spread=0.000 nivo=-46.5 dBFS cujem
2026-08-22T14:31:08.132+00:00	103.391	QUALITY protocol=asd-quality-v1.5.0 phase=WAIT index=9 total=60 result=OK metrics_valid=1 samples=4096 expected=4096 rms_dbfs=-46.491 dc=-3.999 peak=551 clipped=0 zeros=11 stuck=3 dropped_delta=0 feature_valid=0 tonalness_valid=0 tonalness_proxy=0.000000 tonal_gate=not_computed
2026-08-22T14:31:08.385+00:00	103.641	WAIT 9/60 level_dbfs=-46.49 spread=0.000 nivo=-46.5 dBFS cujem
2026-08-22T14:31:08.390+00:00	103.641	QUALITY protocol=asd-quality-v1.5.0 phase=WAIT index=10 total=60 result=OK metrics_valid=1 samples=4096 expected=4096 rms_dbfs=-46.622 dc=3.126 peak=527 clipped=0 zeros=6 stuck=8 dropped_delta=0 feature_valid=0 tonalness_valid=0 tonalness_proxy=0.000000 tonal_gate=not_computed
2026-08-22T14:31:08.390+00:00	103.641	WAIT 10/60 level_dbfs=-46.62 spread=0.000 nivo=-46.6 dBFS cujem
2026-08-22T14:31:08.644+00:00	103.906	QUALITY protocol=asd-quality-v1.5.0 phase=WAIT index=11 total=60 result=OK metrics_valid=1 samples=4096 expected=4096 rms_dbfs=-46.740 dc=-1.718 peak=535 clipped=0 zeros=6 stuck=7 dropped_delta=0 feature_valid=0 tonalness_valid=0 tonalness_proxy=0.000000 tonal_gate=not_computed
2026-08-22T14:31:08.647+00:00	103.906	WAIT 11/60 level_dbfs=-46.74 spread=0.000 nivo=-46.7 dBFS cujem
2026-08-22T14:31:08.899+00:00	104.156	QUALITY protocol=asd-quality-v1.5.0 phase=WAIT index=12 total=60 result=OK metrics_valid=1 samples=4096 expected=4096 rms_dbfs=-46.745 dc=-0.997 peak=511 clipped=0 zeros=10 stuck=5 dropped_delta=0 feature_valid=0 tonalness_valid=0 tonalness_proxy=0.000000 tonal_gate=not_computed
2026-08-22T14:31:08.903+00:00	104.156	WAIT 12/60 level_dbfs=-46.75 spread=0.000 nivo=-46.7 dBFS cujem
2026-08-22T14:31:09.158+00:00	104.422	QUALITY protocol=asd-quality-v1.5.0 phase=WAIT index=13 total=60 result=OK metrics_valid=1 samples=4096 expected=4096 rms_dbfs=-46.722 dc=0.125 peak=510 clipped=0 zeros=6 stuck=3 dropped_delta=0 feature_valid=0 tonalness_valid=0 tonalness_proxy=0.000000 tonal_gate=not_computed
2026-08-22T14:31:09.159+00:00	104.422	WAIT 13/60 level_dbfs=-46.72 spread=0.000 nivo=-46.7 dBFS cujem
2026-08-22T14:31:09.411+00:00	104.672	QUALITY protocol=asd-quality-v1.5.0 phase=WAIT index=14 total=60 result=OK metrics_valid=1 samples=4096 expected=4096 rms_dbfs=-46.845 dc=-2.363 peak=545 clipped=0 zeros=10 stuck=6 dropped_delta=0 feature_valid=0 tonalness_valid=0 tonalness_proxy=0.000000 tonal_gate=not_computed
2026-08-22T14:31:09.414+00:00	104.672	WAIT 14/60 level_dbfs=-46.85 spread=0.000 nivo=-46.8 dBFS cujem
2026-08-22T14:31:09.666+00:00	104.922	QUALITY protocol=asd-quality-v1.5.0 phase=WAIT index=15 total=60 result=OK metrics_valid=1 samples=4096 expected=4096 rms_dbfs=-46.946 dc=-0.534 peak=539 clipped=0 zeros=7 stuck=7 dropped_delta=0 feature_valid=0 tonalness_valid=0 tonalness_proxy=0.000000 tonal_gate=not_computed
2026-08-22T14:31:09.669+00:00	104.922	WAIT 15/60 level_dbfs=-46.95 spread=0.000 nivo=-46.9 dBFS cujem
2026-08-22T14:31:09.924+00:00	105.188	QUALITY protocol=asd-quality-v1.5.0 phase=WAIT index=16 total=60 result=OK metrics_valid=1 samples=4096 expected=4096 rms_dbfs=-46.824 dc=1.503 peak=533 clipped=0 zeros=11 stuck=6 dropped_delta=0 feature_valid=0 tonalness_valid=0 tonalness_proxy=0.000000 tonal_gate=not_computed
2026-08-22T14:31:09.926+00:00	105.188	WAIT 16/60 level_dbfs=-46.82 spread=0.000 nivo=-46.8 dBFS cujem
2026-08-22T14:31:10.177+00:00	105.438	QUALITY protocol=asd-quality-v1.5.0 phase=WAIT index=17 total=60 result=OK metrics_valid=1 samples=4096 expected=4096 rms_dbfs=-46.457 dc=-2.383 peak=505 clipped=0 zeros=9 stuck=6 dropped_delta=0 feature_valid=0 tonalness_valid=0 tonalness_proxy=0.000000 tonal_gate=not_computed
2026-08-22T14:31:10.181+00:00	105.438	WAIT 17/60 level_dbfs=-46.46 spread=0.000 nivo=-46.5 dBFS cujem
2026-08-22T14:31:10.434+00:00	105.688	QUALITY protocol=asd-quality-v1.5.0 phase=WAIT index=18 total=60 result=OK metrics_valid=1 samples=4096 expected=4096 rms_dbfs=-46.479 dc=-0.019 peak=530 clipped=0 zeros=8 stuck=10 dropped_delta=0 feature_valid=0 tonalness_valid=0 tonalness_proxy=0.000000 tonal_gate=not_computed
2026-08-22T14:31:10.437+00:00	105.688	WAIT 18/60 level_dbfs=-46.48 spread=0.000 nivo=-46.5 dBFS cujem
2026-08-22T14:31:10.691+00:00	105.953	QUALITY protocol=asd-quality-v1.5.0 phase=WAIT index=19 total=60 result=OK metrics_valid=1 samples=4096 expected=4096 rms_dbfs=-46.607 dc=0.010 peak=491 clipped=0 zeros=10 stuck=6 dropped_delta=0 feature_valid=0 tonalness_valid=0 tonalness_proxy=0.000000 tonal_gate=not_computed
2026-08-22T14:31:10.693+00:00	105.953	WAIT 19/60 level_dbfs=-46.61 spread=0.000 nivo=-46.6 dBFS cujem
2026-08-22T14:31:10.946+00:00	106.203	QUALITY protocol=asd-quality-v1.5.0 phase=WAIT index=20 total=60 result=OK metrics_valid=1 samples=4096 expected=4096 rms_dbfs=-46.767 dc=0.936 peak=485 clipped=0 zeros=12 stuck=8 dropped_delta=0 feature_valid=0 tonalness_valid=0 tonalness_proxy=0.000000 tonal_gate=not_computed
2026-08-22T14:31:10.948+00:00	106.203	WAIT 20/60 level_dbfs=-46.77 spread=0.000 nivo=-46.8 dBFS cujem
2026-08-22T14:31:11.034+00:00	106.297	FLAGS protocol=asd-quality-v1.5.0 mode=LEARNING state=NO_MACHINE waiting=0 learning=1 learned=0 anomaly=0 hold=0 fault=0 green=blink_5hz red=off guided25_available=1 workflow_pending=DEFAULT research_telemetry=1 profile_persistence_allowed=0 dropped=0
2026-08-22T14:31:11.200+00:00	106.453	QUALITY protocol=asd-quality-v1.5.0 phase=WAIT index=21 total=60 result=OK metrics_valid=1 samples=4096 expected=4096 rms_dbfs=-46.289 dc=-1.647 peak=500 clipped=0 zeros=7 stuck=7 dropped_delta=0 feature_valid=0 tonalness_valid=0 tonalness_proxy=0.000000 tonal_gate=not_computed
2026-08-22T14:31:11.204+00:00	106.469	WAIT 21/60 level_dbfs=-46.29 spread=0.000 nivo=-46.3 dBFS cujem
2026-08-22T14:31:11.458+00:00	106.719	QUALITY protocol=asd-quality-v1.5.0 phase=WAIT index=22 total=60 result=OK metrics_valid=1 samples=4096 expected=4096 rms_dbfs=-46.538 dc=1.846 peak=525 clipped=0 zeros=12 stuck=8 dropped_delta=0 feature_valid=0 tonalness_valid=0 tonalness_proxy=0.000000 tonal_gate=not_computed
2026-08-22T14:31:11.460+00:00	106.719	WAIT 22/60 level_dbfs=-46.54 spread=0.000 nivo=-46.5 dBFS cujem
2026-08-22T14:31:11.712+00:00	106.969	QUALITY protocol=asd-quality-v1.5.0 phase=WAIT index=23 total=60 result=OK metrics_valid=1 samples=4096 expected=4096 rms_dbfs=-46.711 dc=-1.549 peak=489 clipped=0 zeros=9 stuck=12 dropped_delta=0 feature_valid=0 tonalness_valid=0 tonalness_proxy=0.000000 tonal_gate=not_computed
2026-08-22T14:31:11.715+00:00	106.969	WAIT 23/60 level_dbfs=-46.71 spread=0.000 nivo=-46.7 dBFS cujem
2026-08-22T14:31:11.968+00:00	107.219	QUALITY protocol=asd-quality-v1.5.0 phase=WAIT index=24 total=60 result=OK metrics_valid=1 samples=4096 expected=4096 rms_dbfs=-46.737 dc=2.168 peak=471 clipped=0 zeros=7 stuck=12 dropped_delta=0 feature_valid=0 tonalness_valid=0 tonalness_proxy=0.000000 tonal_gate=not_computed
2026-08-22T14:31:11.971+00:00	107.235	WAIT 24/60 level_dbfs=-46.74 spread=0.000 nivo=-46.7 dBFS cujem
2026-08-22T14:31:12.226+00:00	107.485	QUALITY protocol=asd-quality-v1.5.0 phase=WAIT index=25 total=60 result=OK metrics_valid=1 samples=4096 expected=4096 rms_dbfs=-46.397 dc=-6.370 peak=538 clipped=0 zeros=7 stuck=6 dropped_delta=0 feature_valid=0 tonalness_valid=0 tonalness_proxy=0.000000 tonal_gate=not_computed
2026-08-22T14:31:12.227+00:00	107.485	WAIT 25/60 level_dbfs=-46.40 spread=0.000 nivo=-46.4 dBFS cujem
2026-08-22T14:31:12.479+00:00	107.735	QUALITY protocol=asd-quality-v1.5.0 phase=WAIT index=26 total=60 result=OK metrics_valid=1 samples=4096 expected=4096 rms_dbfs=-46.740 dc=2.227 peak=498 clipped=0 zeros=14 stuck=6 dropped_delta=0 feature_valid=0 tonalness_valid=0 tonalness_proxy=0.000000 tonal_gate=not_computed
2026-08-22T14:31:12.483+00:00	107.735	WAIT 26/60 level_dbfs=-46.74 spread=0.000 nivo=-46.7 dBFS cujem
2026-08-22T14:31:12.737+00:00	108.000	QUALITY protocol=asd-quality-v1.5.0 phase=WAIT index=27 total=60 result=OK metrics_valid=1 samples=4096 expected=4096 rms_dbfs=-46.863 dc=-0.543 peak=486 clipped=0 zeros=10 stuck=7 dropped_delta=0 feature_valid=0 tonalness_valid=0 tonalness_proxy=0.000000 tonal_gate=not_computed
2026-08-22T14:31:12.738+00:00	108.000	WAIT 27/60 level_dbfs=-46.86 spread=0.000 nivo=-46.9 dBFS cujem
2026-08-22T14:31:12.991+00:00	108.250	QUALITY protocol=asd-quality-v1.5.0 phase=WAIT index=28 total=60 result=OK metrics_valid=1 samples=4096 expected=4096 rms_dbfs=-46.778 dc=-1.809 peak=465 clipped=0 zeros=8 stuck=4 dropped_delta=0 feature_valid=0 tonalness_valid=0 tonalness_proxy=0.000000 tonal_gate=not_computed
2026-08-22T14:31:12.994+00:00	108.250	WAIT 28/60 level_dbfs=-46.78 spread=0.000 nivo=-46.8 dBFS cujem
2026-08-22T14:31:13.246+00:00	108.500	QUALITY protocol=asd-quality-v1.5.0 phase=WAIT index=29 total=60 result=OK metrics_valid=1 samples=4096 expected=4096 rms_dbfs=-46.946 dc=-0.891 peak=456 clipped=0 zeros=13 stuck=1 dropped_delta=0 feature_valid=0 tonalness_valid=0 tonalness_proxy=0.000000 tonal_gate=not_computed
2026-08-22T14:31:13.250+00:00	108.516	WAIT 29/60 level_dbfs=-46.95 spread=0.000 nivo=-46.9 dBFS cujem
2026-08-22T14:31:13.503+00:00	108.766	QUALITY protocol=asd-quality-v1.5.0 phase=WAIT index=30 total=60 result=OK metrics_valid=1 samples=4096 expected=4096 rms_dbfs=-46.837 dc=1.405 peak=500 clipped=0 zeros=9 stuck=2 dropped_delta=0 feature_valid=0 tonalness_valid=0 tonalness_proxy=0.000000 tonal_gate=not_computed
2026-08-22T14:31:13.506+00:00	108.766	WAIT 30/60 level_dbfs=-46.84 spread=0.000 nivo=-46.8 dBFS cujem
2026-08-22T14:31:13.759+00:00	109.016	QUALITY protocol=asd-quality-v1.5.0 phase=WAIT index=31 total=60 result=OK metrics_valid=1 samples=4096 expected=4096 rms_dbfs=-46.606 dc=-0.656 peak=481 clipped=0 zeros=15 stuck=9 dropped_delta=0 feature_valid=0 tonalness_valid=0 tonalness_proxy=0.000000 tonal_gate=not_computed
2026-08-22T14:31:13.761+00:00	109.016	WAIT 31/60 level_dbfs=-46.61 spread=0.000 nivo=-46.6 dBFS cujem
2026-08-22T14:31:14.014+00:00	109.266	QUALITY protocol=asd-quality-v1.5.0 phase=WAIT index=32 total=60 result=OK metrics_valid=1 samples=4096 expected=4096 rms_dbfs=-46.512 dc=1.722 peak=476 clipped=0 zeros=9 stuck=10 dropped_delta=0 feature_valid=0 tonalness_valid=0 tonalness_proxy=0.000000 tonal_gate=not_computed
2026-08-22T14:31:14.034+00:00	109.297	WAIT 32/60 level_dbfs=-46.51 spread=0.000 nivo=-46.5 dBFS cujem
2026-08-22T14:31:14.269+00:00	109.531	QUALITY protocol=asd-quality-v1.5.0 phase=WAIT index=33 total=60 result=OK metrics_valid=1 samples=4096 expected=4096 rms_dbfs=-46.872 dc=-2.151 peak=460 clipped=0 zeros=12 stuck=6 dropped_delta=0 feature_valid=0 tonalness_valid=0 tonalness_proxy=0.000000 tonal_gate=not_computed
2026-08-22T14:31:14.273+00:00	109.531	WAIT 33/60 level_dbfs=-46.87 spread=0.000 nivo=-46.9 dBFS cujem
2026-08-22T14:31:14.529+00:00	109.781	QUALITY protocol=asd-quality-v1.5.0 phase=WAIT index=34 total=60 result=OK metrics_valid=1 samples=4096 expected=4096 rms_dbfs=-46.969 dc=-0.085 peak=497 clipped=0 zeros=12 stuck=6 dropped_delta=0 feature_valid=0 tonalness_valid=0 tonalness_proxy=0.000000 tonal_gate=not_computed
2026-08-22T14:31:14.531+00:00	109.781	WAIT 34/60 level_dbfs=-46.97 spread=0.000 nivo=-47.0 dBFS cujem
2026-08-22T14:31:14.783+00:00	110.047	QUALITY protocol=asd-quality-v1.5.0 phase=WAIT index=35 total=60 result=OK metrics_valid=1 samples=4096 expected=4096 rms_dbfs=-46.959 dc=-1.006 peak=489 clipped=0 zeros=18 stuck=11 dropped_delta=0 feature_valid=0 tonalness_valid=0 tonalness_proxy=0.000000 tonal_gate=not_computed
2026-08-22T14:31:14.785+00:00	110.047	WAIT 35/60 level_dbfs=-46.96 spread=0.000 nivo=-47.0 dBFS cujem
2026-08-22T14:31:15.040+00:00	110.297	QUALITY protocol=asd-quality-v1.5.0 phase=WAIT index=36 total=60 result=OK metrics_valid=1 samples=4096 expected=4096 rms_dbfs=-47.042 dc=-1.012 peak=514 clipped=0 zeros=16 stuck=9 dropped_delta=0 feature_valid=0 tonalness_valid=0 tonalness_proxy=0.000000 tonal_gate=not_computed
2026-08-22T14:31:15.042+00:00	110.297	WAIT 36/60 level_dbfs=-47.04 spread=0.000 nivo=-47.0 dBFS cujem
2026-08-22T14:31:15.296+00:00	110.547	QUALITY protocol=asd-quality-v1.5.0 phase=WAIT index=37 total=60 result=OK metrics_valid=1 samples=4096 expected=4096 rms_dbfs=-47.132 dc=0.417 peak=488 clipped=0 zeros=12 stuck=8 dropped_delta=0 feature_valid=0 tonalness_valid=0 tonalness_proxy=0.000000 tonal_gate=not_computed
2026-08-22T14:31:15.298+00:00	110.563	WAIT 37/60 level_dbfs=-47.13 spread=0.000 nivo=-47.1 dBFS cujem
2026-08-22T14:31:15.548+00:00	110.813	QUALITY protocol=asd-quality-v1.5.0 phase=WAIT index=38 total=60 result=OK metrics_valid=1 samples=4096 expected=4096 rms_dbfs=-46.987 dc=-1.865 peak=472 clipped=0 zeros=8 stuck=8 dropped_delta=0 feature_valid=0 tonalness_valid=0 tonalness_proxy=0.000000 tonal_gate=not_computed
2026-08-22T14:31:15.551+00:00	110.813	WAIT 38/60 level_dbfs=-46.99 spread=0.000 nivo=-47.0 dBFS cujem
2026-08-22T14:31:15.804+00:00	111.063	QUALITY protocol=asd-quality-v1.5.0 phase=WAIT index=39 total=60 result=OK metrics_valid=1 samples=4096 expected=4096 rms_dbfs=-47.162 dc=1.505 peak=474 clipped=0 zeros=12 stuck=11 dropped_delta=0 feature_valid=0 tonalness_valid=0 tonalness_proxy=0.000000 tonal_gate=not_computed
2026-08-22T14:31:15.808+00:00	111.063	WAIT 39/60 level_dbfs=-47.16 spread=0.000 nivo=-47.2 dBFS cujem
2026-08-22T14:31:16.047+00:00	111.313	FLAGS protocol=asd-quality-v1.5.0 mode=LEARNING state=NO_MACHINE waiting=0 learning=1 learned=0 anomaly=0 hold=0 fault=0 green=blink_5hz red=off guided25_available=1 workflow_pending=DEFAULT research_telemetry=1 profile_persistence_allowed=0 dropped=0
2026-08-22T14:31:16.069+00:00	111.328	QUALITY protocol=asd-quality-v1.5.0 phase=WAIT index=40 total=60 result=OK metrics_valid=1 samples=4096 expected=4096 rms_dbfs=-47.310 dc=-2.106 peak=452 clipped=0 zeros=12 stuck=10 dropped_delta=0 feature_valid=0 tonalness_valid=0 tonalness_proxy=0.000000 tonal_gate=not_computed
2026-08-22T14:31:16.072+00:00	111.328	WAIT 40/60 level_dbfs=-47.31 spread=0.000 nivo=-47.3 dBFS cujem
2026-08-22T14:31:16.317+00:00	111.578	QUALITY protocol=asd-quality-v1.5.0 phase=WAIT index=41 total=60 result=OK metrics_valid=1 samples=4096 expected=4096 rms_dbfs=-47.405 dc=-0.012 peak=459 clipped=0 zeros=15 stuck=5 dropped_delta=0 feature_valid=0 tonalness_valid=0 tonalness_proxy=0.000000 tonal_gate=not_computed
2026-08-22T14:31:16.319+00:00	111.578	WAIT 41/60 level_dbfs=-47.40 spread=0.000 nivo=-47.4 dBFS cujem
2026-08-22T14:31:16.571+00:00	111.828	QUALITY protocol=asd-quality-v1.5.0 phase=WAIT index=42 total=60 result=OK metrics_valid=1 samples=4096 expected=4096 rms_dbfs=-47.483 dc=-0.804 peak=434 clipped=0 zeros=14 stuck=4 dropped_delta=0 feature_valid=0 tonalness_valid=0 tonalness_proxy=0.000000 tonal_gate=not_computed
2026-08-22T14:31:16.575+00:00	111.828	WAIT 42/60 level_dbfs=-47.48 spread=0.000 nivo=-47.5 dBFS cujem
2026-08-22T14:31:16.828+00:00	112.094	QUALITY protocol=asd-quality-v1.5.0 phase=WAIT index=43 total=60 result=OK metrics_valid=1 samples=4096 expected=4096 rms_dbfs=-47.495 dc=-0.547 peak=453 clipped=0 zeros=17 stuck=8 dropped_delta=0 feature_valid=0 tonalness_valid=0 tonalness_proxy=0.000000 tonal_gate=not_computed
2026-08-22T14:31:16.831+00:00	112.094	WAIT 43/60 level_dbfs=-47.50 spread=0.000 nivo=-47.5 dBFS cujem
2026-08-22T14:31:17.083+00:00	112.344	QUALITY protocol=asd-quality-v1.5.0 phase=WAIT index=44 total=60 result=OK metrics_valid=1 samples=4096 expected=4096 rms_dbfs=-47.386 dc=-1.920 peak=480 clipped=0 zeros=8 stuck=8 dropped_delta=0 feature_valid=0 tonalness_valid=0 tonalness_proxy=0.000000 tonal_gate=not_computed
2026-08-22T14:31:17.086+00:00	112.344	WAIT 44/60 level_dbfs=-47.39 spread=0.000 nivo=-47.4 dBFS cujem
2026-08-22T14:31:17.340+00:00	112.594	QUALITY protocol=asd-quality-v1.5.0 phase=WAIT index=45 total=60 result=OK metrics_valid=1 samples=4096 expected=4096 rms_dbfs=-47.227 dc=2.698 peak=457 clipped=0 zeros=6 stuck=9 dropped_delta=0 feature_valid=0 tonalness_valid=0 tonalness_proxy=0.000000 tonal_gate=not_computed
2026-08-22T14:31:17.342+00:00	112.594	WAIT 45/60 level_dbfs=-47.23 spread=0.000 nivo=-47.2 dBFS cujem
2026-08-22T14:31:17.595+00:00	112.860	QUALITY protocol=asd-quality-v1.5.0 phase=WAIT index=46 total=60 result=OK metrics_valid=1 samples=4096 expected=4096 rms_dbfs=-47.308 dc=-3.810 peak=503 clipped=0 zeros=13 stuck=8 dropped_delta=0 feature_valid=0 tonalness_valid=0 tonalness_proxy=0.000000 tonal_gate=not_computed
2026-08-22T14:31:17.597+00:00	112.860	WAIT 46/60 level_dbfs=-47.31 spread=0.000 nivo=-47.3 dBFS cujem
2026-08-22T14:31:17.851+00:00	113.110	QUALITY protocol=asd-quality-v1.5.0 phase=WAIT index=47 total=60 result=OK metrics_valid=1 samples=4096 expected=4096 rms_dbfs=-47.683 dc=1.178 peak=476 clipped=0 zeros=15 stuck=6 dropped_delta=0 feature_valid=0 tonalness_valid=0 tonalness_proxy=0.000000 tonal_gate=not_computed
2026-08-22T14:31:17.853+00:00	113.110	WAIT 47/60 level_dbfs=-47.68 spread=0.000 nivo=-47.7 dBFS cujem
2026-08-22T14:31:18.106+00:00	113.360	QUALITY protocol=asd-quality-v1.5.0 phase=WAIT index=48 total=60 result=OK metrics_valid=1 samples=4096 expected=4096 rms_dbfs=-47.416 dc=-0.042 peak=473 clipped=0 zeros=12 stuck=6 dropped_delta=0 feature_valid=0 tonalness_valid=0 tonalness_proxy=0.000000 tonal_gate=not_computed
2026-08-22T14:31:18.110+00:00	113.375	WAIT 48/60 level_dbfs=-47.42 spread=0.000 nivo=-47.4 dBFS cujem
2026-08-22T14:31:18.364+00:00	113.625	QUALITY protocol=asd-quality-v1.5.0 phase=WAIT index=49 total=60 result=OK metrics_valid=1 samples=4096 expected=4096 rms_dbfs=-46.960 dc=1.085 peak=469 clipped=0 zeros=17 stuck=8 dropped_delta=0 feature_valid=0 tonalness_valid=0 tonalness_proxy=0.000000 tonal_gate=not_computed
2026-08-22T14:31:18.366+00:00	113.625	WAIT 49/60 level_dbfs=-46.96 spread=0.000 nivo=-47.0 dBFS cujem
2026-08-22T14:31:18.617+00:00	113.875	QUALITY protocol=asd-quality-v1.5.0 phase=WAIT index=50 total=60 result=OK metrics_valid=1 samples=4096 expected=4096 rms_dbfs=-46.718 dc=-2.288 peak=483 clipped=0 zeros=10 stuck=7 dropped_delta=0 feature_valid=0 tonalness_valid=0 tonalness_proxy=0.000000 tonal_gate=not_computed
2026-08-22T14:31:18.621+00:00	113.875	WAIT 50/60 level_dbfs=-46.72 spread=0.000 nivo=-46.7 dBFS cujem
2026-08-22T14:31:18.874+00:00	114.125	QUALITY protocol=asd-quality-v1.5.0 phase=WAIT index=51 total=60 result=OK metrics_valid=1 samples=4096 expected=4096 rms_dbfs=-46.725 dc=1.841 peak=523 clipped=0 zeros=4 stuck=8 dropped_delta=0 feature_valid=0 tonalness_valid=0 tonalness_proxy=0.000000 tonal_gate=not_computed
2026-08-22T14:31:18.876+00:00	114.141	WAIT 51/60 level_dbfs=-46.72 spread=0.000 nivo=-46.7 dBFS cujem
2026-08-22T14:31:19.130+00:00	114.391	QUALITY protocol=asd-quality-v1.5.0 phase=WAIT index=52 total=60 result=OK metrics_valid=1 samples=4096 expected=4096 rms_dbfs=-46.523 dc=-3.924 peak=507 clipped=0 zeros=18 stuck=8 dropped_delta=0 feature_valid=0 tonalness_valid=0 tonalness_proxy=0.000000 tonal_gate=not_computed
2026-08-22T14:31:19.132+00:00	114.391	WAIT 52/60 level_dbfs=-46.52 spread=0.000 nivo=-46.5 dBFS cujem
2026-08-22T14:31:19.385+00:00	114.641	QUALITY protocol=asd-quality-v1.5.0 phase=WAIT index=53 total=60 result=OK metrics_valid=1 samples=4096 expected=4096 rms_dbfs=-46.916 dc=2.775 peak=533 clipped=0 zeros=8 stuck=6 dropped_delta=0 feature_valid=0 tonalness_valid=0 tonalness_proxy=0.000000 tonal_gate=not_computed
2026-08-22T14:31:19.388+00:00	114.641	WAIT 53/60 level_dbfs=-46.92 spread=0.000 nivo=-46.9 dBFS cujem
2026-08-22T14:31:19.641+00:00	114.906	QUALITY protocol=asd-quality-v1.5.0 phase=WAIT index=54 total=60 result=OK metrics_valid=1 samples=4096 expected=4096 rms_dbfs=-47.073 dc=-0.682 peak=487 clipped=0 zeros=11 stuck=3 dropped_delta=0 feature_valid=0 tonalness_valid=0 tonalness_proxy=0.000000 tonal_gate=not_computed
2026-08-22T14:31:19.644+00:00	114.906	WAIT 54/60 level_dbfs=-47.07 spread=0.000 nivo=-47.1 dBFS cujem
2026-08-22T14:31:19.897+00:00	115.156	QUALITY protocol=asd-quality-v1.5.0 phase=WAIT index=55 total=60 result=OK metrics_valid=1 samples=4096 expected=4096 rms_dbfs=-46.896 dc=-0.242 peak=538 clipped=0 zeros=16 stuck=6 dropped_delta=0 feature_valid=0 tonalness_valid=0 tonalness_proxy=0.000000 tonal_gate=not_computed
2026-08-22T14:31:19.900+00:00	115.156	WAIT 55/60 level_dbfs=-46.90 spread=0.000 nivo=-46.9 dBFS cujem
2026-08-22T14:31:20.152+00:00	115.406	QUALITY protocol=asd-quality-v1.5.0 phase=WAIT index=56 total=60 result=OK metrics_valid=1 samples=4096 expected=4096 rms_dbfs=-46.914 dc=-1.319 peak=538 clipped=0 zeros=9 stuck=9 dropped_delta=0 feature_valid=0 tonalness_valid=0 tonalness_proxy=0.000000 tonal_gate=not_computed
2026-08-22T14:31:20.155+00:00	115.406	WAIT 56/60 level_dbfs=-46.91 spread=0.000 nivo=-46.9 dBFS cujem
2026-08-22T14:31:20.408+00:00	115.672	QUALITY protocol=asd-quality-v1.5.0 phase=WAIT index=57 total=60 result=OK metrics_valid=1 samples=4096 expected=4096 rms_dbfs=-46.589 dc=-0.831 peak=504 clipped=0 zeros=8 stuck=4 dropped_delta=0 feature_valid=0 tonalness_valid=0 tonalness_proxy=0.000000 tonal_gate=not_computed
2026-08-22T14:31:20.410+00:00	115.672	WAIT 57/60 level_dbfs=-46.59 spread=0.000 nivo=-46.6 dBFS cujem
2026-08-22T14:31:20.665+00:00	115.922	QUALITY protocol=asd-quality-v1.5.0 phase=WAIT index=58 total=60 result=OK metrics_valid=1 samples=4096 expected=4096 rms_dbfs=-46.443 dc=-1.203 peak=524 clipped=0 zeros=12 stuck=7 dropped_delta=0 feature_valid=0 tonalness_valid=0 tonalness_proxy=0.000000 tonal_gate=not_computed
2026-08-22T14:31:20.667+00:00	115.922	WAIT 58/60 level_dbfs=-46.44 spread=0.000 nivo=-46.4 dBFS cujem
2026-08-22T14:31:20.920+00:00	116.172	QUALITY protocol=asd-quality-v1.5.0 phase=WAIT index=59 total=60 result=OK metrics_valid=1 samples=4096 expected=4096 rms_dbfs=-46.456 dc=1.096 peak=550 clipped=0 zeros=4 stuck=5 dropped_delta=0 feature_valid=0 tonalness_valid=0 tonalness_proxy=0.000000 tonal_gate=not_computed
2026-08-22T14:31:20.923+00:00	116.188	WAIT 59/60 level_dbfs=-46.46 spread=0.000 nivo=-46.5 dBFS cujem
2026-08-22T14:31:21.055+00:00	116.313	FLAGS protocol=asd-quality-v1.5.0 mode=LEARNING state=NO_MACHINE waiting=0 learning=1 learned=0 anomaly=0 hold=0 fault=0 green=blink_5hz red=off guided25_available=1 workflow_pending=DEFAULT research_telemetry=1 profile_persistence_allowed=0 dropped=0
2026-08-22T14:31:21.176+00:00	116.438	QUALITY protocol=asd-quality-v1.5.0 phase=WAIT index=60 total=60 result=OK metrics_valid=1 samples=4096 expected=4096 rms_dbfs=-46.288 dc=-1.759 peak=509 clipped=0 zeros=10 stuck=6 dropped_delta=0 feature_valid=0 tonalness_valid=0 tonalness_proxy=0.000000 tonal_gate=not_computed
2026-08-22T14:31:21.178+00:00	116.438	WAIT 60/60 level_dbfs=-46.29 spread=0.000 nivo=-46.3 dBFS cujem
2026-08-22T14:31:21.184+00:00	116.438	I (116384) psdlive: --- KALIBRACIJA: 10 klipova po 10 s ---
2026-08-22T14:31:26.065+00:00	121.328	FLAGS protocol=asd-quality-v1.5.0 mode=LEARNING state=NO_MACHINE waiting=0 learning=1 learned=0 anomaly=0 hold=0 fault=0 green=blink_5hz red=off guided25_available=1 workflow_pending=DEFAULT research_telemetry=1 profile_persistence_allowed=0 dropped=0
2026-08-22T14:31:31.076+00:00	126.328	FLAGS protocol=asd-quality-v1.5.0 mode=LEARNING state=NO_MACHINE waiting=0 learning=1 learned=0 anomaly=0 hold=0 fault=0 green=blink_5hz red=off guided25_available=1 workflow_pending=DEFAULT research_telemetry=1 profile_persistence_allowed=0 dropped=0
2026-08-22T14:31:31.171+00:00	126.422	QUALITY protocol=asd-quality-v1.5.0 phase=CAL index=1 total=10 result=OK metrics_valid=1 samples=159744 expected=159744 rms_dbfs=-46.597 dc=-0.427 peak=566 clipped=0 zeros=403 stuck=261 dropped_delta=0 feature_valid=1 tonalness_valid=1 tonalness_proxy=3.771066 tonal_gate=pending_normal_only
2026-08-22T14:31:31.174+00:00	126.438	CAL  1/10 score=0.00000 nivo=-46.6 dBFS racun=716 ms
2026-08-22T14:31:31.303+00:00	126.563	FEATURE96 protocol=asd-research-v1.0.0 session=1 phase=CAL window=1 window_start_ms=115194 window_end_ms=125163 score=0 level_dbfs=-46.597374 quality=OK tonalness_proxy=3.77106571 dims=96 fnv1a=729d155b values=-10.4038019,-10.4038019,1.12605286,-10.4038019,-10.4038019,0.881093025,-10.4038019,1.26315308,-10.4038019,1.30548859,0.796279907,-10.4038019,0.985097885,1.51285362,1.45281696,-10.4038019,1.00534058,0.949214935,1.01055813,1.02498055,0.992463112,0.937215805,0.756112099,1.135355,1.9243288,2.37555981,1.53308105,1.29817581,1.29937363,1.0180521,0.930909157,1.09382439,1.21799088,0.991376877,0.885249138,3.20250511,3.77106571,0.794589996,0.772573471,0.7665205,0.866752625,1.52985573,0.76395607,0.752910614,0.794125557,0.79180336,1.01895142,1.40032673,0.781218529,1.018363,1.03223324,0.852425575,0.922245026,2.50293112,0.940253258,1.06655025,1.12309551,1.30875015,1.25648117,1.45493126,1.57996941,2.78182745,1.74873829,0.334602356,1.07324314,0.600021362,0.704510689,0.774121284,0.822943687,0.994665146,0.981711388,1.11970234,1.13135338,1.29794407,0.801954269,0.908320427,0.729014397,0.381075859,0.253550529,0.621020317,0.235571861,0.197580338,0.334619522,0.178460121,0.116099358,-0.0757226944,-0.142475128,0.0492649078,0.0209121704,-0.086022377,-0.038228035,-0.240991592,-0.123472214,0.168458939,-0.055814743,-0.135340691
2026-08-22T14:31:31.410+00:00	126.672	SUBSEG96 protocol=asd-research-v1.0.0 session=1 phase=CAL window=1 group=1 segments=8 dims=96 fnv1a=a8d53951 values=-10.3812542,-10.3812542,1.18354607,-10.3812542,-10.3812542,0.804765701,-10.3812542,1.14830017,-10.3812542,1.08504009,0.864499092,-10.3812542,1.08213997,1.33701324,1.18025303,-10.3812542,1.05112553,1.08985806,1.08300495,1.01790142,1.02919292,0.936367989,0.801282883,0.976359367,1.88500881,2.35671663,1.64269114,1.40738678,1.34794712,1.14372921,0.957395554,1.02023411,1.09025288,1.03078556,0.887230873,3.36219025,3.77784681,0.71185112,0.961669922,0.831026077,0.837911606,1.52959251,0.731251717,0.729413033,0.795412064,0.755262375,1.0823307,1.49873924,0.687312126,1.01938534,1.05310059,0.784708023,1.02215958,2.54059362,0.855505943,1.0216217,1.08585453,1.28043556,1.30811691,1.39421368,1.60806847,2.78673077,0.981759071,0.374941826,0.999729156,0.64881897,0.71000576,0.795033455,0.803168297,0.99711895,1.03881645,1.13128757,1.24733543,1.34362602,0.799275398,1.0334549,0.458125114,0.377811432,0.296194077,0.658777237,0.319162369,0.203363419,0.347173691,0.223116875,0.1403265,-0.0134868622,-0.0999879837,0.0480594635,0.0709152222,-0.0920095444,0.0255813599,-0.219062805,-0.0926179886,0.140902519,-0.0573682785,-0.0818214417
2026-08-22T14:31:31.517+00:00	126.781	SUBSEG96 protocol=asd-research-v1.0.0 session=1 phase=CAL window=1 group=2 segments=8 dims=96 fnv1a=27cb8d01 values=-10.4112301,-10.4112301,1.27587891,-10.4112301,-10.4112301,0.641714096,-10.4112301,0.928049088,-10.4112301,1.18728065,0.76335144,-10.4112301,1.08316135,1.88456297,1.83883667,-10.4112301,1.28039932,1.1173687,0.991256714,1.0243597,0.810275078,0.942704201,0.635626793,1.29426575,1.87821627,2.37457371,1.53143215,1.31168747,1.33328152,1.01907539,1.00137711,1.26977444,1.26812077,0.863722801,0.773053169,3.20842791,3.77853537,0.79516983,0.668216705,0.691242218,0.88860321,1.48923683,0.87815094,0.722521782,0.839841843,0.909519196,0.974748611,1.42333984,0.735993385,1.0549221,0.949324608,0.881202698,0.821303368,2.46837187,1.02838135,1.01057148,1.13546371,1.31053448,1.19653416,1.40377712,1.4814024,2.80067587,1.61026192,0.381063461,1.03301144,0.53322506,0.752729416,0.775524139,0.874891281,0.946172714,0.948759079,1.09850407,1.13915348,1.31774235,0.777131081,0.982046127,0.693602562,0.391956329,0.257846832,0.575424194,0.204316139,0.188860893,0.34450531,0.202780724,0.120033264,-0.078660965,-0.16018486,0.0691843033,0.0268497467,-0.0778884888,-0.069272995,-0.245295525,-0.135332108,0.141030312,-0.0622253418,-0.137069702
2026-08-22T14:31:31.622+00:00	126.875	SUBSEG96 protocol=asd-research-v1.0.0 session=1 phase=CAL window=1 group=3 segments=8 dims=96 fnv1a=cc380778 values=-10.3765106,-10.3765106,0.847707748,-10.3765106,-10.3765106,0.867451668,-10.3765106,1.26248837,-10.3765106,1.23543644,0.660676003,-10.3765106,1.07665157,1.51529026,1.26637936,-10.3765106,0.40887928,0.314862251,0.800427437,1.10766506,1.07800102,0.936309814,0.880331993,1.05783653,2.15921068,2.614398,1.62650347,1.40516376,1.32419491,1.03819084,0.803046227,1.18552017,1.26430035,0.884395599,0.98746109,3.1758256,3.78670549,0.567605019,0.612564087,0.762056351,0.930387497,1.52381229,0.590965271,0.643677711,0.90963459,0.81524086,1.00245285,1.30796814,0.91274929,1.07302856,1.06141663,0.839776039,1.00838566,2.54269361,0.975757599,1.13167572,1.32025719,1.38467693,1.32360172,1.50623226,1.68442202,2.80743742,1.80201769,0.300041199,1.11075974,0.673822403,0.716483116,0.855765343,0.83415699,1.01060772,0.945449829,1.12895966,1.05351734,1.32476425,0.812688828,0.879904747,0.785042763,0.415653229,0.245853424,0.658957481,0.252288818,0.234272957,0.357509613,0.204054832,0.108279228,-0.0549182892,-0.14531517,0.0901432037,-0.0171785355,-0.0393867493,-0.011548996,-0.248461723,-0.15754509,0.210489273,-0.0115022659,-0.123602867
2026-08-22T14:31:31.731+00:00	126.985	SUBSEG96 protocol=asd-research-v1.0.0 session=1 phase=CAL window=1 group=4 segments=7 dims=96 fnv1a=1337e8db values=-10.3925257,-10.3925257,0.82796669,-10.3925257,-10.3925257,0.914819717,-10.3925257,1.52480316,-10.3925257,1.56929302,0.822813034,-10.3925257,0.816095352,1.27007198,1.45870209,-10.3925257,1.0638113,0.959430695,1.20679188,1.0632658,0.728604317,0.82285881,0.808493614,1.03976154,1.75196409,2.13972902,1.46752834,1.06770134,1.25979805,0.90070343,0.857141495,1.02254581,1.27753162,1.09271717,0.88739109,3.12917185,3.78991222,0.924712181,0.743883133,0.806035042,0.877574921,1.53809547,0.848175049,0.848649979,0.808073044,0.708239555,1.13387871,1.41795921,0.747391701,1.03090763,1.07349396,0.951892853,0.912220001,2.51705837,0.863089561,1.16514778,0.991288185,1.31508541,1.23028469,1.4725914,1.57062531,2.78237867,2.0260191,0.257170677,1.16538429,0.606704712,0.700428009,0.737858772,0.880535126,1.06237984,0.970451355,1.19104576,1.10568428,1.25721169,0.891499519,0.810060501,0.845627785,0.36861515,0.277677536,0.633031845,0.245306969,0.188819885,0.351115227,0.151674271,0.132838249,-0.0595932007,-0.128670692,0.00911140442,0.00493335724,-0.0701322556,-0.0123996735,-0.214165688,-0.111727715,0.218762398,-0.048541069,-0.124628067
2026-08-22T14:31:31.837+00:00	127.094	SUBSEG96 protocol=asd-research-v1.0.0 session=1 phase=CAL window=1 group=5 segments=7 dims=96 fnv1a=78f24070 values=-10.3985672,-10.3985672,1.30521297,-10.3985672,-10.3985672,1.13069153,-10.3985672,1.35003281,-10.3985672,1.38548946,0.901928902,-10.3985672,0.78925705,1.03964233,0.983412743,-10.3985672,0.820902824,0.94107151,0.941122055,0.953287125,1.21410942,1.07229614,0.672917366,1.26125622,1.88069582,2.2857604,1.38661194,1.25173283,1.27415085,0.999283791,1.04546165,0.889296532,1.22480297,1.11209106,0.933238029,3.13743114,3.78213787,0.951036453,0.850688934,0.798200607,0.849311829,1.6263957,0.772011757,0.86106205,0.607074738,0.783801079,0.938100815,1.3875351,0.848158836,0.956154823,1.08289719,0.853462219,0.872235298,2.50329781,0.999077797,1.05342484,1.0460062,1.30418205,1.27197456,1.54974651,1.59626675,2.78837395,1.88090992,0.39585495,1.11111259,0.585783005,0.692976952,0.74883461,0.766536713,1.01921844,1.05762005,1.10825062,1.14183331,1.29335594,0.787023544,0.827991486,0.841456413,0.407743454,0.24691391,0.637131691,0.204395294,0.230877876,0.330612183,0.157747269,0.138942719,-0.123805046,-0.118618011,0.0805854797,0.0715703964,-0.0948009491,-0.0719938278,-0.216711998,-0.0616960526,0.191767693,-0.0409145355,-0.156088829
2026-08-22T14:31:36.085+00:00	131.344	FLAGS protocol=asd-quality-v1.5.0 mode=LEARNING state=NO_MACHINE waiting=0 learning=1 learned=0 anomaly=0 hold=0 fault=0 green=blink_5hz red=off guided25_available=1 workflow_pending=DEFAULT research_telemetry=1 profile_persistence_allowed=0 dropped=0
2026-08-22T14:31:41.095+00:00	136.360	FLAGS protocol=asd-quality-v1.5.0 mode=LEARNING state=NO_MACHINE waiting=0 learning=1 learned=0 anomaly=0 hold=0 fault=0 green=blink_5hz red=off guided25_available=1 workflow_pending=DEFAULT research_telemetry=1 profile_persistence_allowed=0 dropped=0
2026-08-22T14:31:41.209+00:00	136.469	QUALITY protocol=asd-quality-v1.5.0 phase=CAL index=2 total=10 result=OK metrics_valid=1 samples=159744 expected=159744 rms_dbfs=-46.324 dc=-0.424 peak=608 clipped=0 zeros=376 stuck=227 dropped_delta=0 feature_valid=1 tonalness_valid=1 tonalness_proxy=3.760987 tonal_gate=pending_normal_only
2026-08-22T14:31:41.211+00:00	136.469	CAL  2/10 score=0.00000 nivo=-46.3 dBFS racun=716 ms
2026-08-22T14:31:41.344+00:00	136.610	FEATURE96 protocol=asd-research-v1.0.0 session=1 phase=CAL window=2 window_start_ms=125835 window_end_ms=135201 score=0 level_dbfs=-46.3235321 quality=OK tonalness_proxy=3.76098728 dims=96 fnv1a=b97cf187 values=-10.4283609,-10.4283609,1.21278381,-10.4283609,-10.4283609,0.947882652,-10.4283609,1.31170464,-10.4283609,1.33960056,0.98371315,-10.4283609,0.921538353,1.45759487,1.54681873,-10.4283609,1.23849392,1.09794235,1.07413292,0.864845276,0.943018913,1.00305939,1.04704857,1.18566895,1.81066704,2.24917364,1.51888943,1.30289078,1.13253021,1.0426712,1.00445747,1.05058002,1.21012402,1.02954292,1.01635933,3.03652811,3.76098728,0.798832893,0.707113266,0.782931328,0.743430138,1.50582695,0.705238342,0.741340637,0.759778976,0.827201843,0.949723244,1.45279503,0.805491447,1.09137535,1.03157711,0.80228138,1.00356579,2.49974823,0.949645996,1.04654408,1.10814667,1.27519894,1.23598289,1.4379158,1.5603466,2.73865652,2.29531288,0.293570518,1.14024448,0.585330009,0.67368412,0.763108253,0.792512894,0.947920799,1.03153324,1.12135696,1.06609631,1.39986134,0.833071709,0.664287567,0.851736069,0.309256554,0.213110924,0.540109634,0.203803062,0.183133125,0.331130028,0.10787487,0.0838632584,-0.0988473892,-0.164617538,0.0111341476,-0.0782613754,-0.0647497177,-0.0862293243,-0.249713898,-0.170160294,0.216137886,-0.0757408142,-0.14576149
2026-08-22T14:31:41.449+00:00	136.703	SUBSEG96 protocol=asd-research-v1.0.0 session=1 phase=CAL window=2 group=1 segments=8 dims=96 fnv1a=e76d1664 values=-10.4083529,-10.4083529,1.39636135,-10.4083529,-10.4083529,0.782588005,-10.4083529,0.94824791,-10.4083529,1.01250553,0.882253647,-10.4083529,1.00262833,1.48540878,1.32663918,-10.4083529,0.722969055,0.672758102,0.943757057,0.998110771,1.11146641,1.07656765,0.965616226,0.997414589,1.71776772,2.21188879,1.62103319,1.43528748,1.22194576,1.17336559,1.01145267,1.06790543,1.18023586,1.1603117,1.08271408,3.11434269,3.78600693,0.835883141,0.774385452,0.759037018,0.703087807,1.48751736,0.858912468,0.86670208,0.718445778,0.901566505,0.764588356,1.58346176,0.693056107,1.19553185,1.02176189,0.761940002,1.0276022,2.48736668,0.834609032,1.19345188,1.08478546,1.3335495,1.34687901,1.50986767,1.58078671,2.78215694,2.08598089,0.403517723,1.14145088,0.628424644,0.665658951,0.763941765,0.821698189,0.987787247,1.07944584,1.16601944,1.09351063,1.33355522,0.828204155,0.792519569,0.778658867,0.352036476,0.23596096,0.607872963,0.226439476,0.17326355,0.342447281,0.121587753,0.121639252,-0.0798540115,-0.154419899,0.0146913528,-0.0248823166,-0.101894379,-0.0609617233,-0.244029045,-0.103343964,0.248077393,-0.0231637955,-0.171530724
2026-08-22T14:31:41.559+00:00	136.813	SUBSEG96 protocol=asd-research-v1.0.0 session=1 phase=CAL window=2 group=2 segments=8 dims=96 fnv1a=a4c83301 values=-10.4705248,-10.4705248,1.20985126,-10.4705248,-10.4705248,1.16008759,-10.4705248,1.70729971,-10.4705248,1.77075243,1.30624771,-10.4705248,1.05652428,1.7844367,2.02284718,-10.4705248,1.74839354,1.50225544,1.40559673,1.05629444,0.98908329,1.17089462,1.10081387,1.13932705,1.87886906,2.27593136,1.41377258,1.13074303,1.06579876,0.871589661,0.905405045,1.0646677,1.20293331,1.12119675,1.12571907,3.060606,3.71637678,0.81495285,0.608496666,0.737090111,0.658127785,1.41305447,0.612241745,0.757396698,0.782487869,0.698077202,0.853857994,1.43551254,0.991611481,1.02546883,0.982379913,0.731285095,0.938743591,2.42974472,0.984498024,0.849391937,1.04693317,1.19605923,1.20721531,1.34754944,1.49879456,2.76090574,1.97121239,0.206262589,1.15149021,0.470973015,0.61530304,0.671636581,0.746385574,0.937371254,0.964618683,1.04989338,0.965222359,1.27326679,0.777409554,0.706156731,0.762399673,0.225035667,0.127315521,0.483137131,0.126498222,0.163009644,0.331438065,0.0674905777,0.0342464447,-0.174138069,-0.208651543,-0.0176849365,-0.0817050934,-0.156306267,-0.132958412,-0.281563759,-0.206552505,0.185287476,-0.117413521,-0.197806358
2026-08-22T14:31:41.672+00:00	136.922	SUBSEG96 protocol=asd-research-v1.0.0 session=1 phase=CAL window=2 group=3 segments=8 dims=96 fnv1a=0e30d740 values=-10.3819942,-10.3819942,1.06099701,-10.3819942,-10.3819942,0.638810158,-10.3819942,0.747402191,-10.3819942,0.984388351,0.942472458,-10.3819942,0.943243027,1.3613205,1.29483604,-10.3819942,0.873368263,0.922593117,1.02883434,0.68540287,0.947386742,0.902479172,1.15895462,1.34483433,1.78856516,2.21480274,1.45600128,1.43911076,1.01954365,1.19038677,0.954509735,1.07295799,1.31424904,0.937491417,0.935364723,3.09113073,3.80724525,0.748722076,0.667019844,0.846373558,0.855619431,1.60944939,0.546113014,0.834012032,0.755998611,0.787697792,0.939962387,1.35251141,0.723441124,1.13769341,0.987440109,0.915763855,1.07567883,2.55217981,0.942885399,1.07711124,1.20434093,1.36211681,1.19660568,1.48678589,1.60871124,2.83481503,2.23411036,0.363944054,1.14185429,0.678723335,0.722182274,0.784039497,0.771315575,0.940077782,1.11584377,1.19489384,1.14398861,1.46690941,0.904326439,0.650186539,0.961042404,0.358778954,0.292398453,0.544213295,0.327815056,0.24081707,0.357268333,0.16203022,0.123615265,-0.0855178833,-0.0909309387,0.0653533936,-0.0463237762,-0.01649189,-0.0525150299,-0.243267059,-0.171463013,0.243319511,-0.022649765,-0.111654282
2026-08-22T14:31:41.773+00:00	137.031	SUBSEG96 protocol=asd-research-v1.0.0 session=1 phase=CAL window=2 group=4 segments=7 dims=96 fnv1a=180802ff values=-10.3972807,-10.3972807,1.02584457,-10.3972807,-10.3972807,1.17093945,-10.3972807,1.31528282,-10.3972807,1.1228714,0.784147263,-10.3972807,0.80053997,1.17071915,1.01054478,-10.3972807,0.833324432,1.01132584,0.938188553,0.806493759,0.71918869,0.726318359,1.01029682,1.33306408,1.87159634,2.39852047,1.60977411,1.2960577,1.33284187,1.11270523,1.0863781,1.04069519,1.17899036,1.01843357,0.935142517,2.93329239,3.79533148,0.88000679,0.921098709,0.787649155,0.736386299,1.56690502,0.810227394,0.589348793,0.844755173,0.903124809,1.12088108,1.27285957,0.879982948,0.97299099,1.00920773,0.815236092,0.956205368,2.58029652,1.10906506,1.0592041,1.04154015,1.20573425,1.24344349,1.42289352,1.52410221,2.63358784,2.64359808,0.206579208,1.1235199,0.592983246,0.78526783,0.855932236,0.887289047,0.957540512,1.09765434,1.10916805,1.06466484,1.5070219,0.877425194,0.549063683,0.942500114,0.341937065,0.215621948,0.54874897,0.20884037,0.248850822,0.363473892,0.0972604752,0.108320236,0.00485897064,-0.144510269,0.0841703415,-0.0904817581,0.032959938,-0.0498971939,-0.193435669,-0.171104431,0.226149559,-0.0568742752,-0.0728206635
2026-08-22T14:31:41.880+00:00	137.141	SUBSEG96 protocol=asd-research-v1.0.0 session=1 phase=CAL window=2 group=5 segments=7 dims=96 fnv1a=8e2db1b7 values=-10.3751783,-10.3751783,1.33881378,-10.3751783,-10.3751783,0.756760597,-10.3751783,1.14714527,-10.3751783,1.08956146,0.634474754,-10.3751783,0.760282516,0.970479012,0.795372009,-10.3751783,0.617840767,0.725207329,0.622154236,0.61241436,0.913290024,1.04540825,1.06118107,1.14206409,1.87521267,2.21911192,1.58187962,1.24759865,1.05454731,0.84985733,1.16389179,1.10394382,1.26291656,0.902299881,1.02976322,3.04062033,3.80800152,0.804088593,0.599453926,0.89018631,0.85857296,1.55449581,0.740540504,0.662382126,0.794741631,0.941558838,1.1238451,1.62434292,0.702206612,1.18900394,1.23857212,0.885482788,1.11475468,2.55998516,0.943076134,1.11572361,1.24773884,1.36285305,1.269557,1.52006435,1.68801451,2.73830748,2.42384624,0.356608391,1.24070644,0.653222084,0.683056831,0.851421356,0.842499733,1.01920414,0.987318039,1.18688869,1.16496944,1.517766,0.886322975,0.655562401,0.910344124,0.376091003,0.297861099,0.619338989,0.219056129,0.192141533,0.364011765,0.195530891,0.138835907,-0.0507831573,-0.119681358,0.0110311508,-0.0545520782,0.0270462036,-0.0250120163,-0.175243378,-0.0980510712,0.284155846,-0.058962822,-0.0629262924
2026-08-22T14:31:46.104+00:00	141.360	FLAGS protocol=asd-quality-v1.5.0 mode=LEARNING state=NO_MACHINE waiting=0 learning=1 learned=0 anomaly=0 hold=0 fault=0 green=blink_5hz red=off guided25_available=1 workflow_pending=DEFAULT research_telemetry=1 profile_persistence_allowed=0 dropped=0
2026-08-22T14:31:51.114+00:00	146.375	FLAGS protocol=asd-quality-v1.5.0 mode=LEARNING state=NO_MACHINE waiting=0 learning=1 learned=0 anomaly=0 hold=0 fault=0 green=blink_5hz red=off guided25_available=1 workflow_pending=DEFAULT research_telemetry=1 profile_persistence_allowed=0 dropped=0
2026-08-22T14:31:51.185+00:00	146.438	QUALITY protocol=asd-quality-v1.5.0 phase=CAL index=3 total=10 result=OK metrics_valid=1 samples=159744 expected=159744 rms_dbfs=-46.378 dc=-0.541 peak=558 clipped=0 zeros=350 stuck=221 dropped_delta=0 feature_valid=1 tonalness_valid=1 tonalness_proxy=3.792788 tonal_gate=pending_normal_only
2026-08-22T14:31:51.186+00:00	146.438	CAL  3/10 score=0.00000 nivo=-46.4 dBFS racun=716 ms
2026-08-22T14:31:51.336+00:00	146.594	FEATURE96 protocol=asd-research-v1.0.0 session=1 phase=CAL window=3 window_start_ms=135874 window_end_ms=145176 score=0 level_dbfs=-46.3775063 quality=OK tonalness_proxy=3.79278755 dims=96 fnv1a=e9d45d42 values=-10.3914814,-10.3914814,1.33164597,-10.3914814,-10.3914814,0.95613575,-10.3914814,1.18910599,-10.3914814,1.20524406,0.751946449,-10.3914814,0.749326706,1.16392326,1.17021847,-10.3914814,0.946855545,0.935712814,1.06334114,0.949293137,1.00857258,0.969779968,0.946293831,1.21397972,1.70791101,2.12567949,1.44847679,1.17193413,1.20214844,0.99028492,1.00666332,1.07411289,1.15428352,1.00498104,0.969937325,3.02878666,3.79278755,0.810056686,0.750253677,0.834716797,0.885416985,1.56336117,0.754220963,0.898797989,0.696754456,0.847374916,0.999373436,1.33888435,0.819140434,1.10444641,1.04877472,0.870000839,0.932244301,2.54370213,0.949990273,1.04513073,1.12467575,1.37960243,1.19138527,1.42797565,1.54491615,2.73869181,2.41627741,0.348513603,1.13920784,0.652626038,0.700309753,0.764478683,0.817890167,1.00471497,0.991470337,1.14336109,1.11371517,1.38845444,0.857282639,0.651082039,0.92874527,0.343982697,0.277103424,0.588770866,0.278849602,0.239560127,0.341801643,0.148753166,0.127408981,-0.0465583801,-0.135462761,0.0716571808,-0.0199012756,0.00553894043,-0.0581483841,-0.207777023,-0.117789268,0.238101006,-0.0698060989,-0.121433258
2026-08-22T14:31:51.436+00:00	146.688	SUBSEG96 protocol=asd-research-v1.0.0 session=1 phase=CAL window=3 group=1 segments=8 dims=96 fnv1a=0456ee61 values=-10.3737555,-10.3737555,1.10682201,-10.3737555,-10.3737555,0.953634262,-10.3737555,0.924510956,-10.3737555,0.639931679,0.577868462,-10.3737555,0.495325089,1.09577179,1.14023399,-10.3737555,1.08316135,0.873439789,1.13336945,0.8736763,1.01296997,1.1176405,1.05234718,0.818668365,1.71122122,2.20247746,1.43636513,1.10105705,1.09009743,1.10362434,1.27371693,1.03272629,1.22004223,1.02911091,0.887490273,2.93082809,3.82881355,0.83368206,0.850943565,0.745745659,0.858354568,1.66441011,0.761118889,0.841281891,0.709848404,0.783488274,1.06923771,1.38965511,0.672616005,1.08509541,1.15176964,0.79503727,0.775289536,2.5935235,1.02289963,1.10260391,1.13152313,1.43568325,1.29354191,1.45768929,1.56132221,2.62237024,2.69708967,0.468100548,1.20800591,0.716564178,0.75025177,0.795611382,0.849456787,1.02597427,1.00437927,1.16338444,1.13260365,1.40505314,0.860226631,0.570465088,0.961997986,0.354541779,0.32723999,0.590192795,0.344983101,0.240678787,0.33734417,0.177873611,0.127305031,0.0220661163,-0.0927848816,0.136120796,0.0251455307,0.0255403519,-0.0455255508,-0.137372017,-0.114084244,0.217045784,-0.0692329407,-0.0419044495
2026-08-22T14:31:51.536+00:00	146.797	SUBSEG96 protocol=asd-research-v1.0.0 session=1 phase=CAL window=3 group=2 segments=8 dims=96 fnv1a=9b4e6fa0 values=-10.3964157,-10.3964157,1.22307301,-10.3964157,-10.3964157,0.766732216,-10.3964157,1.21199512,-10.3964157,1.17749882,0.703906059,-10.3964157,0.624647141,1.20693016,1.05309296,-10.3964157,0.607262611,0.929663658,0.97809124,0.895125389,1.02086544,0.996284485,0.900797844,1.34677219,1.6876545,2.18692493,1.4812088,1.27773952,1.1827631,0.857003212,0.960752487,1.11356926,1.17526722,1.08097172,1.06734657,3.02084112,3.79498196,0.862023354,0.787508965,1.00627041,0.806192398,1.5491333,0.825973511,0.830986977,0.778964996,0.763480186,0.980181694,1.32576847,0.938349724,1.10646057,1.07520294,0.831329346,1.02417088,2.535851,1.05290127,1.07141876,1.13380337,1.46653271,1.25347137,1.5330534,1.55974197,2.75765371,2.45703888,0.238641739,1.19421673,0.667998314,0.689268112,0.751426697,0.831531525,1.00737667,1.03792095,1.10289478,1.11063766,1.43932247,0.865990639,0.62471199,0.965153694,0.328235626,0.299272537,0.571356773,0.274812698,0.268493652,0.379545212,0.137093544,0.116639137,-0.057721138,-0.133888245,0.0799798965,-0.0789985657,0.0414886475,-0.0754365921,-0.227766037,-0.108289719,0.266261101,-0.108053207,-0.172152519
2026-08-22T14:31:51.645+00:00	146.906	SUBSEG96 protocol=asd-research-v1.0.0 session=1 phase=CAL window=3 group=3 segments=8 dims=96 fnv1a=1ea4c67c values=-10.3808851,-10.3808851,1.48287773,-10.3808851,-10.3808851,0.768583298,-10.3808851,1.38176918,-10.3808851,1.55113125,0.969795227,-10.3808851,0.861455917,1.01574612,1.00742531,-10.3808851,0.845821381,0.853182793,0.953753471,0.991895676,0.98945713,1.00456619,0.7794981,1.24323082,1.67501831,2.10371685,1.71274185,1.30347443,1.23880672,1.10015869,0.843683243,0.987815857,1.11492157,0.859560013,0.775141716,3.0404582,3.77349329,0.721949577,0.742209435,0.771624565,0.85854435,1.6143589,0.680006027,0.913022041,0.74932766,0.96380043,0.956285477,1.34613609,0.740823746,1.08424854,1.01605701,0.904420853,0.935850143,2.54449558,0.975785255,1.06188393,1.16533279,1.27256107,1.11668396,1.3593483,1.53041363,2.77782154,2.283041,0.384199142,1.14506245,0.62868309,0.72146225,0.79221344,0.820404053,1.01746559,0.946166992,1.15612316,1.14339066,1.35143089,0.860951424,0.706961632,0.926211357,0.337420464,0.288741112,0.609730721,0.30662632,0.160723686,0.338634491,0.15825367,0.180261612,-0.0494403839,-0.11460495,0.071893692,0.0238990784,0.0147619247,-0.0354175568,-0.171544075,-0.0916986465,0.279612541,-0.0526123047,-0.123907089
2026-08-22T14:31:51.749+00:00	147.000	SUBSEG96 protocol=asd-research-v1.0.0 session=1 phase=CAL window=3 group=4 segments=7 dims=96 fnv1a=962c83e1 values=-10.3775482,-10.3775482,0.806474686,-10.3775482,-10.3775482,0.893925667,-10.3775482,1.15732765,-10.3775482,1.1602335,0.750734329,-10.3775482,0.946623802,1.4345789,1.45125961,-10.3775482,1.0102911,1.09401321,1.17045403,1.10861874,1.01253128,0.813148499,0.657318115,1.39483261,1.8114996,2.14385796,1.25780678,1.08567524,1.24537849,1.12250614,1.05631924,1.24164486,1.18228722,0.847332954,0.926947594,3.11517239,3.81313753,0.761900902,0.633690834,0.766224861,1.01250553,1.35444832,0.856800079,0.806962013,0.574534416,0.84343338,0.990185738,1.44370365,0.793264389,1.1680603,0.976576805,0.994890213,0.962481499,2.54934549,0.720481873,1.05144691,1.07439041,1.38069153,1.14772034,1.45802784,1.54473114,2.78891802,2.13621283,0.380055428,1.10824585,0.634284019,0.6620121,0.720773697,0.82785511,0.980454445,1.00942612,1.21161842,1.12193489,1.40059662,0.850475311,0.693154335,0.918478966,0.346896172,0.213346481,0.618424416,0.276968956,0.306479454,0.364427567,0.142801285,0.132175446,-0.0322875977,-0.165710449,0.0614328384,0.0251750946,-0.0279979706,-0.0187540054,-0.252492905,-0.103338242,0.244817734,-0.00952148438,-0.125267029
2026-08-22T14:31:51.862+00:00	147.125	SUBSEG96 protocol=asd-research-v1.0.0 session=1 phase=CAL window=3 group=5 segments=7 dims=96 fnv1a=3fea0bac values=-10.3769474,-10.3769474,1.64843559,-10.3769474,-10.3769474,1.27752876,-10.3769474,1.19281769,-10.3769474,1.06442547,0.696579933,-10.3769474,0.755357742,0.967757225,1.14166546,-10.3769474,1.10550022,0.959460258,1.11277103,0.89756012,1.059165,0.873188972,1.19875717,1.1070528,1.70314646,1.99638653,1.10777378,1.04259396,1.29301071,0.611598015,0.726531982,1.00599003,1.11689854,1.17186832,1.1562624,3.08105278,3.80428314,0.900115013,0.742688179,0.860892296,0.936778069,1.60826778,0.662918091,1.10153008,0.670953751,0.907524109,1.04566669,1.20281696,0.941187859,1.1327095,1.04324913,0.862041473,0.977343559,2.54249525,0.924238205,0.966187477,1.15882778,1.36055756,1.15630531,1.34085464,1.57915878,2.78426743,2.29745674,0.284148216,1.05620861,0.656597137,0.720519066,0.805800438,0.8070364,1.0400238,1.00504112,1.13321495,1.10769749,1.38934326,0.899775505,0.704667091,0.912923813,0.406233788,0.291166306,0.607633591,0.224088669,0.26824379,0.336037636,0.17814827,0.126612663,-0.0737895966,-0.127688408,0.0479774475,-0.0537137985,0.0149765015,-0.0646839142,-0.216262817,-0.123260498,0.225435257,-0.0559186935,-0.10105896
2026-08-22T14:31:56.124+00:00	151.375	FLAGS protocol=asd-quality-v1.5.0 mode=LEARNING state=NO_MACHINE waiting=0 learning=1 learned=0 anomaly=0 hold=0 fault=0 green=blink_5hz red=off guided25_available=1 workflow_pending=DEFAULT research_telemetry=1 profile_persistence_allowed=0 dropped=0
2026-08-22T14:32:01.134+00:00	156.391	FLAGS protocol=asd-quality-v1.5.0 mode=LEARNING state=NO_MACHINE waiting=0 learning=1 learned=0 anomaly=0 hold=0 fault=0 green=blink_5hz red=off guided25_available=1 workflow_pending=DEFAULT research_telemetry=1 profile_persistence_allowed=0 dropped=0
2026-08-22T14:32:01.169+00:00	156.422	QUALITY protocol=asd-quality-v1.5.0 phase=CAL index=4 total=10 result=OK metrics_valid=1 samples=159744 expected=159744 rms_dbfs=-46.264 dc=-0.292 peak=594 clipped=0 zeros=387 stuck=234 dropped_delta=0 feature_valid=1 tonalness_valid=1 tonalness_proxy=3.751545 tonal_gate=pending_normal_only
2026-08-22T14:32:01.171+00:00	156.422	CAL  4/10 score=0.00000 nivo=-46.3 dBFS racun=727 ms
2026-08-22T14:32:01.299+00:00	156.563	FEATURE96 protocol=asd-research-v1.0.0 session=1 phase=CAL window=4 window_start_ms=145847 window_end_ms=155161 score=0 level_dbfs=-46.2636871 quality=OK tonalness_proxy=3.75154543 dims=96 fnv1a=f7f6abe9 values=-10.443162,-10.443162,1.34241199,-10.443162,-10.443162,0.902574539,-10.443162,1.20914459,-10.443162,1.28386211,1.04192162,-10.443162,1.28149986,2.1132369,2.13225031,-10.443162,1.43731976,1.00892735,1.05273914,0.943127632,0.891374588,0.926977158,1.04749107,1.15952778,1.85980606,2.28297949,1.4216814,1.15880299,1.23702717,1.05271721,1.0302515,1.04734802,1.14560699,0.944107056,0.938601494,2.89551592,3.75154543,0.748170853,0.642309189,0.79630661,0.859895706,1.48584557,0.715187073,0.771248817,0.685873032,0.815088272,0.888118744,1.34440136,0.721459389,1.00612736,1.01930141,0.851593971,0.888027191,2.51455069,1.07209301,1.00584793,1.11078739,1.22719479,1.12415314,1.3798151,1.50850296,2.54413176,2.5700326,0.273694038,1.1021452,0.659306526,0.580113411,0.755208969,0.715664864,1.01383686,0.960801125,1.11172485,1.01813602,1.39236927,0.803937912,0.609786034,0.874588013,0.321050644,0.22026062,0.485642433,0.200793266,0.183176994,0.311873436,0.108057022,0.0179271698,-0.0683908463,-0.17603302,-0.00603103638,-0.102402687,-0.0202951431,-0.114198685,-0.253368378,-0.18458271,0.174955368,-0.117232323,-0.143673897
2026-08-22T14:32:01.405+00:00	156.656	SUBSEG96 protocol=asd-research-v1.0.0 session=1 phase=CAL window=4 group=1 segments=8 dims=96 fnv1a=8be579ad values=-10.3786087,-10.3786087,0.964253426,-10.3786087,-10.3786087,0.819221497,-10.3786087,1.21410465,-10.3786087,1.13944626,0.894444466,-10.3786087,0.853801727,1.1009388,1.10248947,-10.3786087,0.92016983,1.0163641,0.990265846,0.992637634,0.935183525,0.90694046,1.09562111,1.2100935,1.87203312,2.30667114,1.42850971,0.913344383,1.26756477,1.06226444,0.948839188,0.911619186,1.00474262,1.14390755,0.920659065,3.07686424,3.81167555,0.771901131,0.811181068,0.991289139,0.949162483,1.59861851,0.829417229,0.935860634,0.779193878,0.860343933,0.99459362,1.26866531,0.546570778,1.05252647,1.07566261,0.855830193,0.840342522,2.54958153,0.835960388,1.0313139,1.16294956,1.35110283,1.18742561,1.52036095,1.56606674,2.72861147,2.27090549,0.310339928,1.18807316,0.629538536,0.647947311,0.784404755,0.776641846,1.09944725,1.05451965,1.1756916,1.102911,1.38818645,0.847786903,0.75865078,1.00415897,0.372717857,0.267483711,0.604252815,0.270557404,0.25165844,0.374465942,0.144984245,0.108467102,-0.0584392548,-0.115406036,0.0435571671,-0.00864505768,0.0335235596,-0.0118589401,-0.205899239,-0.12150383,0.222363472,-0.0121946335,-0.089682579
2026-08-22T14:32:01.510+00:00	156.766	SUBSEG96 protocol=asd-research-v1.0.0 session=1 phase=CAL window=4 group=2 segments=8 dims=96 fnv1a=377c798f values=-10.37111,-10.37111,1.08533096,-10.37111,-10.37111,0.93757534,-10.37111,1.10902023,-10.37111,1.01594734,1.06934834,-10.37111,0.826859474,0.973880768,0.900353432,-10.37111,0.774580002,0.961899757,1.06547642,0.735527992,1.11051559,1.22125816,1.35299969,1.3101263,1.75066805,2.11978912,1.55942726,1.46563816,1.0194273,1.04052734,1.17819214,1.26319504,1.27342319,0.687337875,0.693725586,3.00776958,3.8203001,0.793106079,0.70809269,0.827832222,0.808830261,1.50658703,0.5968256,0.818891525,0.727325439,0.85784626,0.794351578,1.35193729,0.703980446,1.08499241,1.05972004,0.890983582,1.02764034,2.57317305,0.918735504,1.19097519,1.07392979,1.23012924,1.06306458,1.4032774,1.61506844,2.71144199,2.49678373,0.274590492,1.19611931,0.592502594,0.639012337,0.836305618,0.821639061,1.07220268,1.06450939,1.20919609,1.0703783,1.51516056,0.92238903,0.689727783,0.936982155,0.375535965,0.261301041,0.537285805,0.221039772,0.245284081,0.376076698,0.169438362,0.0813522339,-0.0460748672,-0.136738777,0.0322570801,-0.00124835968,0.0340013504,-0.0696811676,-0.180706978,-0.111604691,0.306952477,-0.0414266586,-0.0907850266
2026-08-22T14:32:01.618+00:00	156.875	SUBSEG96 protocol=asd-research-v1.0.0 session=1 phase=CAL window=4 group=3 segments=8 dims=96 fnv1a=19d40eea values=-10.4176378,-10.4176378,1.36941338,-10.4176378,-10.4176378,1.08274078,-10.4176378,1.29997635,-10.4176378,1.42702293,1.26613522,-10.4176378,1.23420238,1.02889729,1.14594746,-10.4176378,1.25108719,1.19892311,1.20223522,1.01427937,0.670787811,1.01718426,0.987234116,1.2144413,1.91421604,2.40766573,1.37054729,1.25396824,1.49348164,1.07023335,0.942968369,1.07400703,1.25208378,0.77725029,1.08756447,2.91337776,3.77840519,0.756462097,0.608576775,0.80414772,0.916367531,1.42446995,0.679971695,0.775875092,0.721106529,0.846298218,0.820034981,1.36375237,0.709614754,1.07134151,1.10900688,0.914825439,0.984829903,2.53926086,0.978340149,0.891529083,1.10612965,1.18495655,1.13636684,1.36372566,1.49462795,2.57575321,2.54146624,0.360877037,1.08568954,0.613917351,0.571502686,0.790413857,0.700613976,1.01820469,0.968925476,1.08220291,1.04549313,1.41212654,0.808932304,0.600893974,0.849705696,0.351418495,0.278193474,0.554848671,0.26714325,0.239704132,0.348029137,0.0815944672,0.019449234,-0.0560922623,-0.117316246,0.00783729553,-0.10150528,-0.00140857697,-0.0524530411,-0.240060806,-0.187120438,0.202599525,-0.11227417,-0.116165161
2026-08-22T14:32:01.726+00:00	156.985	SUBSEG96 protocol=asd-research-v1.0.0 session=1 phase=CAL window=4 group=4 segments=7 dims=96 fnv1a=54a5187a values=-10.3738298,-10.3738298,1.25721645,-10.3738298,-10.3738298,0.10477829,-10.3738298,0.991591454,-10.3738298,1.2179451,0.866526604,-10.3738298,0.666489601,0.836820602,0.713040352,-10.3738298,1.03771114,1.0232439,0.784981728,0.761902809,0.701418877,0.801897049,0.792142868,1.16096687,2.01276064,2.38802862,1.54415989,1.00245094,1.22463799,0.987513542,1.22730255,1.08523655,1.26209259,1.15224552,1.1962738,2.92436695,3.82836819,0.919231415,0.680891991,0.842755318,0.956245422,1.64849138,0.857315063,0.86143589,0.675093651,0.858090401,1.0309906,1.48387051,0.918766022,1.08280468,0.992087364,1.01700974,0.972559929,2.58388567,1.11854649,1.09319401,1.18252087,1.29725933,1.22925282,1.4459753,1.51008606,2.58353567,2.73481607,0.275596619,1.17247868,0.719197273,0.641004562,0.855649948,0.794908524,1.07152176,0.976961136,1.22805691,1.06030369,1.44722652,0.8624506,0.619088173,0.994415283,0.403048515,0.308124542,0.554004669,0.231113434,0.229907036,0.358880043,0.219946861,0.0399541855,0.0756196976,-0.114855766,0.0382480621,-0.0849666595,0.0666570663,-0.0768356323,-0.161682129,-0.0870475769,0.268621445,-0.0669908524,-0.0607271194
2026-08-22T14:32:01.832+00:00	157.094	SUBSEG96 protocol=asd-research-v1.0.0 session=1 phase=CAL window=4 group=5 segments=7 dims=96 fnv1a=06026635 values=-10.503828,-10.503828,1.70223475,-10.503828,-10.503828,1.09686947,-10.503828,1.40821171,-10.503828,1.51743793,1.10211372,-10.503828,1.77075863,2.76258087,2.78222179,-10.503828,1.965168,0.951604843,1.19564724,1.1596756,1.01726437,0.655905724,0.969205856,1.04055405,1.88856363,2.30212212,1.36549187,1.08496952,1.181427,1.20283413,0.981388092,1.00392818,1.05120277,0.97040844,0.817995071,2.64474249,3.69057894,0.666244507,0.545526505,0.637865067,0.827226639,1.40777302,0.74578476,0.597553253,0.682911873,0.82185936,0.936011314,1.40236568,0.821805,0.900809288,1.00744724,0.735267639,0.74562645,2.50000525,1.38424683,0.958339691,1.18264294,1.23255539,1.16170311,1.3252449,1.51500797,2.09271097,2.77915716,0.297002792,1.03542995,0.836566925,0.572933197,0.679199219,0.652988434,0.978263855,0.897663116,1.03079796,0.979603767,1.36251163,0.744018555,0.527002335,0.739495277,0.275871277,0.155812263,0.31833744,0.176751137,0.114462852,0.271319389,0.0982151031,0.00518226624,-0.085559845,-0.227610588,0.0162725449,-0.15577507,-0.0599346161,-0.20271492,-0.3048563,-0.242714882,0.023774147,-0.189214706,-0.187426567
2026-08-22T14:32:06.144+00:00	161.406	FLAGS protocol=asd-quality-v1.5.0 mode=LEARNING state=NO_MACHINE waiting=0 learning=1 learned=0 anomaly=0 hold=0 fault=0 green=blink_5hz red=off guided25_available=1 workflow_pending=DEFAULT research_telemetry=1 profile_persistence_allowed=0 dropped=0
2026-08-22T14:32:11.133+00:00	166.391	QUALITY protocol=asd-quality-v1.5.0 phase=CAL index=5 total=10 result=OK metrics_valid=1 samples=159744 expected=159744 rms_dbfs=-46.251 dc=-0.550 peak=573 clipped=0 zeros=398 stuck=227 dropped_delta=0 feature_valid=1 tonalness_valid=1 tonalness_proxy=3.708385 tonal_gate=pending_normal_only
2026-08-22T14:32:11.135+00:00	166.391	CAL  5/10 score=0.00000 nivo=-46.3 dBFS racun=716 ms
2026-08-22T14:32:11.268+00:00	166.531	FEATURE96 protocol=asd-research-v1.0.0 session=1 phase=CAL window=5 window_start_ms=155830 window_end_ms=165124 score=0 level_dbfs=-46.2508965 quality=OK tonalness_proxy=3.70838451 dims=96 fnv1a=e1328f1e values=-10.4864225,-10.4864225,2.09764099,-10.4864225,-10.4864225,1.21499062,-10.4864225,1.62908792,-10.4864225,1.71300602,1.15230846,-10.4864225,1.14611053,1.93742418,2.05808973,-10.4864225,1.54025602,1.23918247,1.26166058,1.15357208,1.21655464,1.09344006,1.11257744,1.15957165,1.79858208,2.15916061,1.31484318,1.07345486,1.20881367,0.987661362,0.96880722,1.12927818,1.15269089,0.931087494,0.865749359,2.72097206,3.70838451,0.680149078,0.656592369,0.634047508,0.822113037,1.44407845,0.738509178,0.69695282,0.610949516,0.679162979,0.799868584,1.32098103,0.758124352,1.06374454,0.979658127,0.804132462,0.920180321,2.48791599,1.17127895,0.985024452,1.04114151,1.27145481,1.18539143,1.35410118,1.4735384,2.29947519,2.73915052,0.236783028,1.10136127,0.77249527,0.635592461,0.732087135,0.747180939,0.902978897,0.907643318,1.0520153,0.970597267,1.38013172,0.757872581,0.523394585,0.787433624,0.253978729,0.161437988,0.41280365,0.171332359,0.123270035,0.221721649,0.0790529251,-0.0395011902,-0.0655899048,-0.212702751,-0.0401468277,-0.146413803,-0.0402936935,-0.116233826,-0.29613781,-0.214716911,0.0735645294,-0.161891937,-0.142494202
2026-08-22T14:32:11.276+00:00	166.531	FLAGS protocol=asd-quality-v1.5.0 mode=LEARNING state=NO_MACHINE waiting=0 learning=1 learned=0 anomaly=0 hold=0 fault=0 green=blink_5hz red=off guided25_available=1 workflow_pending=DEFAULT research_telemetry=1 profile_persistence_allowed=0 dropped=0
2026-08-22T14:32:11.394+00:00	166.656	SUBSEG96 protocol=asd-research-v1.0.0 session=1 phase=CAL window=5 group=1 segments=8 dims=96 fnv1a=a1ea1f92 values=-10.4706354,-10.4706354,2.11491632,-10.4706354,-10.4706354,1.06580353,-10.4706354,1.64261961,-10.4706354,2.0269146,1.57335901,-10.4706354,1.23639202,2.25513268,2.39173555,-10.4706354,1.52644062,0.612279892,0.683412552,0.855401039,0.958464622,1.10736656,1.18887806,1.04774094,1.7689867,2.17365503,1.45636368,1.02113152,1.2744236,1.0254097,0.699343681,1.2064333,1.01391792,1.10614109,0.958660126,2.71767235,3.71308756,0.711598396,0.516762733,0.558307648,0.725714684,1.46089268,0.824433327,0.58380127,0.574798584,0.550297737,0.77900219,1.26363564,0.840074539,1.04183388,0.932697296,0.746622086,0.826523781,2.50549603,1.24286461,1.16732788,1.09842968,1.24269772,1.23110962,1.32164574,1.47128391,2.29575348,2.75955248,0.222065926,1.11608028,0.801961899,0.691040993,0.71641922,0.782326698,0.959182739,0.963956833,1.04715538,0.968281746,1.41275311,0.809738159,0.523823738,0.812496185,0.278341293,0.142925262,0.430880547,0.180907249,0.100225449,0.2539711,0.078412056,-0.0302753448,-0.0392246246,-0.241017342,-0.0238428116,-0.10915184,-0.0353565216,-0.0842161179,-0.305703163,-0.206960678,0.125217438,-0.139826775,-0.132681847
2026-08-22T14:32:11.500+00:00	166.766	SUBSEG96 protocol=asd-research-v1.0.0 session=1 phase=CAL window=5 group=2 segments=8 dims=96 fnv1a=d3e8d040 values=-10.4509802,-10.4509802,2.02814198,-10.4509802,-10.4509802,1.26077938,-10.4509802,1.45725536,-10.4509802,1.44937038,0.731372833,-10.4509802,0.899431229,1.56203365,1.51631069,-10.4509802,0.936620712,1.29436684,1.7196722,1.45554066,1.01998234,0.967463493,0.952093124,1.13098812,1.87636232,2.15809917,1.2388773,0.864911079,1.25538349,1.02023411,1.0545435,0.941120148,1.25720692,0.705123901,0.910161972,2.74438906,3.73672962,0.772892952,0.58996582,0.695604324,1.02975273,1.45080757,0.818615913,0.602523804,0.63451767,0.702409744,0.872462273,1.24304867,0.729281425,1.19743252,0.999638557,0.835421562,0.898546219,2.5405407,1.26025486,1.08093452,1.06750774,1.43659401,1.20577049,1.36712265,1.46729851,2.30307055,2.77267599,0.203160286,1.11173916,0.840209007,0.654321671,0.741327286,0.846538544,0.908732414,0.977793694,1.1047945,1.03292942,1.42572403,0.749773026,0.568557739,0.782624245,0.327027321,0.226101875,0.404790878,0.228650093,0.242173195,0.245330811,0.122983932,0.0467691422,-0.0469732285,-0.121666908,-0.037984848,-0.0979099274,0.0137987137,-0.0662517548,-0.237827301,-0.156928062,0.0791864395,-0.121245384,-0.109574318
2026-08-22T14:32:11.608+00:00	166.860	SUBSEG96 protocol=asd-research-v1.0.0 session=1 phase=CAL window=5 group=3 segments=8 dims=96 fnv1a=8e1d90ac values=-10.4874487,-10.4874487,2.09057713,-10.4874487,-10.4874487,1.12399864,-10.4874487,1.43577003,-10.4874487,1.46961975,1.06548977,-10.4874487,1.42364502,2.03573084,2.0387764,-10.4874487,1.67224979,1.438241,1.17101097,1.09913158,1.1188364,0.86788559,1.31542397,1.48923969,1.74585772,2.18431377,1.27183819,1.13508987,1.28236198,1.0405302,0.995355606,1.16812897,1.14124489,0.923882484,0.815257072,2.71515751,3.7275362,0.652769089,0.703615189,0.56510067,0.621549606,1.47499466,0.795843124,0.711294174,0.523491859,0.795096397,0.854662895,1.47731113,0.667225838,1.0293541,1.01690483,0.806069374,0.931554794,2.47333622,1.18136692,0.895042419,1.03630733,1.2226038,1.17527962,1.35158825,1.52001667,2.19908428,2.77511978,0.3061409,1.06903839,0.788039207,0.574426651,0.847523689,0.75425148,0.847540855,0.899646759,1.0280304,0.971560478,1.37485886,0.74804306,0.52026844,0.785064697,0.251210213,0.186258316,0.390556335,0.157670975,0.125504494,0.217813492,0.0328006744,-0.0336685181,-0.0836544037,-0.209958076,0.00634098053,-0.145141602,-0.0551195145,-0.125011444,-0.305652618,-0.230626106,0.0435085297,-0.176151276,-0.120176315
2026-08-22T14:32:11.715+00:00	166.969	SUBSEG96 protocol=asd-research-v1.0.0 session=1 phase=CAL window=5 group=4 segments=7 dims=96 fnv1a=42b64e8d values=-10.5157843,-10.5157843,2.3800416,-10.5157843,-10.5157843,1.50175714,-10.5157843,1.99703836,-10.5157843,1.8859024,0.931907654,-10.5157843,1.0138979,1.95409727,2.22920036,-10.5157843,1.88181877,1.39701271,1.13353443,1.26886463,1.62149191,1.43290615,1.07565784,0.972759247,1.84428883,2.15610075,1.34262753,1.05926323,1.10318756,0.917237282,1.01037312,1.29435921,1.28585052,0.881608963,0.88509655,2.65804529,3.68693972,0.629553795,0.77086544,0.753696442,0.89586544,1.44307232,0.676010132,0.676796913,0.713614464,0.698968887,0.6742239,1.31060028,0.792117119,1.00207233,0.932210922,0.81069088,0.947898865,2.46684933,1.15351868,0.749819756,0.905991554,1.13844585,1.16904926,1.26194191,1.41476345,2.21171618,2.75108719,0.141738892,1.06164074,0.774811745,0.544103622,0.632130623,0.654997826,0.888440132,0.828997612,0.976049423,0.999237061,1.33865643,0.800580025,0.483423233,0.813335419,0.206669807,0.125926018,0.383687973,0.165323257,0.0546121597,0.197025299,0.0964202881,-0.121459961,-0.0904531479,-0.239850044,-0.110107422,-0.190061569,-0.05493927,-0.122533798,-0.344322205,-0.225554466,0.0336942673,-0.171837807,-0.158267021
2026-08-22T14:32:11.821+00:00	167.078	SUBSEG96 protocol=asd-research-v1.0.0 session=1 phase=CAL window=5 group=5 segments=7 dims=96 fnv1a=5fc012ed values=-10.4003115,-10.4003115,1.50000954,-10.4003115,-10.4003115,0.979372978,-10.4003115,1.26189327,-10.4003115,1.32658768,0.971739769,-10.4003115,0.94437027,1.18791294,0.974586487,-10.4003115,0.920823097,1.11898804,0.935852051,0.792235374,1.01646423,0.863600731,0.959619522,0.896278381,1.8559432,2.22848511,1.32497978,1.3191843,1.1861105,1.02192211,1.11849213,1.00199509,1.09519482,1.04738045,0.831757545,2.8742485,3.78331041,0.726179123,0.767128944,0.675596237,0.8412323,1.49194813,0.591773033,0.966725349,0.701646805,0.710896492,0.899879456,1.35939217,0.855277061,1.13262939,1.11854839,0.929387093,1.09327698,2.55854607,1.0613184,1.01776981,1.18232727,1.37674904,1.24951935,1.55953121,1.59486961,2.55893278,2.72368097,0.396553993,1.25563145,0.73664093,0.806258202,0.793762207,0.777711868,1.01599598,0.95688343,1.20524216,0.973444939,1.45141125,0.774655342,0.627990723,0.848664284,0.303352356,0.225833893,0.562139511,0.228123665,0.179495811,0.300528526,0.173463821,0.0338754654,0.0412168503,-0.153830528,0.0630235672,-0.0902023315,0.0367441177,-0.0840387344,-0.181638718,-0.148365974,0.191184998,-0.0943412781,-0.0891447067
2026-08-22T14:32:16.164+00:00	171.422	FLAGS protocol=asd-quality-v1.5.0 mode=LEARNING state=NO_MACHINE waiting=0 learning=1 learned=0 anomaly=0 hold=0 fault=0 green=blink_5hz red=off guided25_available=1 workflow_pending=DEFAULT research_telemetry=1 profile_persistence_allowed=0 dropped=0
2026-08-22T14:32:21.106+00:00	176.360	QUALITY protocol=asd-quality-v1.5.0 phase=CAL index=6 total=10 result=OK metrics_valid=1 samples=159744 expected=159744 rms_dbfs=-46.518 dc=-0.481 peak=561 clipped=0 zeros=449 stuck=262 dropped_delta=0 feature_valid=1 tonalness_valid=1 tonalness_proxy=3.762361 tonal_gate=pending_normal_only
2026-08-22T14:32:21.108+00:00	176.360	CAL  6/10 score=0.00000 nivo=-46.5 dBFS racun=716 ms
2026-08-22T14:32:21.237+00:00	176.500	FEATURE96 protocol=asd-research-v1.0.0 session=1 phase=CAL window=6 window_start_ms=165819 window_end_ms=175098 score=0 level_dbfs=-46.5177498 quality=OK tonalness_proxy=3.76236105 dims=96 fnv1a=fd237f07 values=-10.4375,-10.4375,1.81881523,-10.4375,-10.4375,1.29841518,-10.4375,1.25235844,-10.4375,1.31917667,0.969778061,-10.4375,1.05872822,1.73140574,1.68357944,-10.4375,1.04188251,0.955955505,1.04961872,0.976858139,0.904338837,0.931789398,1.05786514,1.25718212,1.80397558,2.24670553,1.45492554,1.28563118,1.13767147,0.986943245,0.81689167,1.18988514,1.21692276,0.90795517,0.896649361,2.85459232,3.76236105,0.644997597,0.76571846,0.767513275,0.830607414,1.49115086,0.634513855,0.79750824,0.618639946,0.755982399,0.969707489,1.40769291,0.717396736,1.06307793,1.01403427,0.848054886,0.903126717,2.53934956,1.03821373,1.08256531,1.12720013,1.25277805,1.1953764,1.39206123,1.50880337,2.52706146,2.69456863,0.317702293,1.17137146,0.721961975,0.673171997,0.736935616,0.802829742,0.991193771,0.946027756,1.11096954,1.04579926,1.38872528,0.800915718,0.55596447,0.861099243,0.321736336,0.218427658,0.483257294,0.212183952,0.16529274,0.290410042,0.103377342,0.0305080414,-0.0128593445,-0.150742531,-0.00734710693,-0.10105896,0.00671005249,-0.123565674,-0.258629799,-0.18209362,0.176222801,-0.119057655,-0.134029388
2026-08-22T14:32:21.247+00:00	176.500	FLAGS protocol=asd-quality-v1.5.0 mode=LEARNING state=NO_MACHINE waiting=0 learning=1 learned=0 anomaly=0 hold=0 fault=0 green=blink_5hz red=off guided25_available=1 workflow_pending=DEFAULT research_telemetry=1 profile_persistence_allowed=0 dropped=0
2026-08-22T14:32:21.367+00:00	176.625	SUBSEG96 protocol=asd-research-v1.0.0 session=1 phase=CAL window=6 group=1 segments=8 dims=96 fnv1a=0120c16e values=-10.3991575,-10.3991575,1.5276413,-10.3991575,-10.3991575,1.11256218,-10.3991575,1.21468067,-10.3991575,1.32069111,0.865573883,-10.3991575,1.04032421,1.41852856,1.21189404,-10.3991575,1.05113602,0.850344658,1.03870678,0.951812744,0.787899971,1.01289463,0.904907227,1.13997746,1.67924738,2.15184021,1.43554783,1.29522038,0.861729622,0.7840662,0.803369522,1.15000629,1.19532776,0.924258232,1.0669508,2.84083223,3.81284952,0.798773766,0.768601418,0.844324112,0.692390442,1.52787781,0.768046379,0.828407288,0.592627525,0.781808853,1.00515079,1.36356449,0.843471527,1.17330933,1.05116844,0.738661766,0.983098984,2.57302809,1.20242405,1.17959404,1.25421238,1.32503891,1.2013855,1.31903267,1.57670021,2.43723726,2.78902102,0.350277901,1.18739986,0.820451736,0.711578369,0.739696503,0.836280823,1.09083462,0.931363106,1.19329453,1.01181221,1.42461872,0.809205055,0.540692329,0.850029945,0.291300774,0.265439987,0.534473419,0.264547348,0.170191765,0.349321365,0.189715385,0.0470619202,0.03353405,-0.140170097,0.0622758865,-0.0354738235,0.0613355637,-0.114008904,-0.232282639,-0.137440681,0.185625076,-0.0809679031,-0.0883798599
2026-08-22T14:32:21.472+00:00	176.735	SUBSEG96 protocol=asd-research-v1.0.0 session=1 phase=CAL window=6 group=2 segments=8 dims=96 fnv1a=44220d3d values=-10.4213724,-10.4213724,1.556283,-10.4213724,-10.4213724,0.948750496,-10.4213724,1.2392149,-10.4213724,1.50177765,1.17517853,-10.4213724,1.04406834,1.39467716,1.50893784,-10.4213724,1.07241821,0.911412239,0.926123619,0.683060646,1.13062668,1.02915859,1.01858521,1.37998295,1.9051013,2.29877281,1.52934933,0.899401665,1.14715385,0.952552795,0.732916832,1.12456036,1.40551281,0.761341095,0.560851097,2.84338808,3.76751709,0.599655151,0.742142677,0.89467144,0.895892143,1.46801853,0.794118881,0.855685234,0.762065887,0.714434624,1.13690281,1.45273876,0.688355446,1.13684082,1.08460903,0.853941917,0.934041977,2.54720402,1.07681847,1.05599308,1.1300478,1.30487823,1.22611237,1.41080475,1.51424599,2.4895525,2.720191,0.327798843,1.11797142,0.737977028,0.706494331,0.817530632,0.778036118,1.02958775,0.978947639,1.12535954,1.09106445,1.3797493,0.775005341,0.532422066,0.858921051,0.328428268,0.223732948,0.508200645,0.180670738,0.175187111,0.304688454,0.125742912,0.0155506134,0.00990772247,-0.151961327,0.00964069366,-0.12441349,0.0155792236,-0.136520386,-0.193823814,-0.149540901,0.213758469,-0.08294487,-0.0964689255
2026-08-22T14:32:21.580+00:00	176.844	SUBSEG96 protocol=asd-research-v1.0.0 session=1 phase=CAL window=6 group=3 segments=8 dims=96 fnv1a=97aa2a83 values=-10.4266672,-10.4266672,1.69237232,-10.4266672,-10.4266672,1.19135475,-10.4266672,1.30608559,-10.4266672,1.20201683,0.898010254,-10.4266672,1.16990089,1.74400711,1.66518211,-10.4266672,0.994889259,0.954396248,0.87869072,0.809082031,0.86378479,0.927549362,1.25570202,1.17140579,1.81745958,2.31546545,1.55978966,1.38408661,1.24057388,1.16863251,0.876198769,1.19586849,1.06226158,1.12105083,0.937263489,2.91764879,3.77674723,0.497608185,0.699149132,0.585803986,0.837788582,1.51707554,0.58011055,0.748711586,0.55445385,0.863683701,0.954678535,1.46930122,0.651191711,1.03873348,1.00386429,0.901164055,0.937405586,2.56032324,0.964182854,1.02632236,1.13839912,1.23125744,1.0874939,1.4163208,1.45704746,2.63569021,2.65491819,0.339111328,1.19324684,0.666444778,0.727278709,0.725902557,0.714151382,0.938256264,0.899874687,1.06598663,1.10533428,1.40861702,0.849092484,0.580350876,0.883794785,0.380002022,0.208779335,0.490054131,0.21451664,0.166970253,0.318754196,0.0850811005,0.0966749191,0.00666332245,-0.106780052,-0.00743961334,-0.0942468643,0.00710582733,-0.114331245,-0.258932114,-0.197635651,0.217833519,-0.106101036,-0.101201057
2026-08-22T14:32:21.690+00:00	176.953	SUBSEG96 protocol=asd-research-v1.0.0 session=1 phase=CAL window=6 group=4 segments=7 dims=96 fnv1a=004b543c values=-10.4389582,-10.4389582,1.27156162,-10.4389582,-10.4389582,1.04366493,-10.4389582,1.18345928,-10.4389582,1.1651659,0.98952961,-10.4389582,0.948256493,1.85518742,1.90234852,-10.4389582,1.0421257,1.17752743,1.17854595,1.25644779,0.732816696,0.917614937,1.16230679,1.26404285,1.78962135,2.26695442,1.42401791,1.16117668,1.3016758,1.00615883,0.950182915,1.28474426,1.16425991,0.889689445,1.03698158,2.87346792,3.76424694,0.599257469,0.874160767,0.867923737,0.940363884,1.4801445,0.463436127,0.673019409,0.593585014,0.69671154,0.933115005,1.33743477,0.728569031,1.03736591,0.941823959,0.900715828,0.905526161,2.54811001,1.02553272,1.12779808,1.02962875,1.22071838,1.32263279,1.40451908,1.52899075,2.56015825,2.67230034,0.32383728,1.21620178,0.688057899,0.687724113,0.716876984,0.919792175,1.02838707,0.974874496,1.07790756,0.987446785,1.40880775,0.831192017,0.575508118,0.879858971,0.284819603,0.246035576,0.454051018,0.22598362,0.18858242,0.246769905,0.0855283737,0.0367507935,-0.0498924255,-0.131782532,-0.0174369812,-0.0717420578,0.0577802658,-0.0873451233,-0.289566994,-0.22433567,0.148594856,-0.155409813,-0.169487
2026-08-22T14:32:21.795+00:00	177.047	SUBSEG96 protocol=asd-research-v1.0.0 session=1 phase=CAL window=6 group=5 segments=7 dims=96 fnv1a=27231424 values=-10.4518023,-10.4518023,2.30612993,-10.4518023,-10.4518023,1.73513556,-10.4518023,1.34634972,-10.4518023,1.36442089,0.881513596,-10.4518023,1.10252953,2.0027914,1.87607908,-10.4518023,1.09726429,0.86197567,1.20482159,1.04659843,0.924611092,0.771484375,0.85838604,1.3343544,1.84388733,2.22757864,1.3256073,1.5155344,1.06405449,0.978212357,0.739689827,1.23560143,1.2293644,0.78226757,0.764089584,2.8424325,3.73883104,0.727172852,0.788071632,0.602100372,0.799718857,1.51202011,0.498301506,0.895996094,0.605349541,0.747569084,0.785315514,1.44405651,0.708831787,0.938251495,1.02290821,0.877755165,0.777075768,2.5175848,0.917916298,1.06465054,1.10106182,1.22009087,1.16841412,1.45080471,1.51551247,2.53534889,2.6756053,0.296848297,1.19225979,0.734781265,0.559990883,0.724823952,0.803939819,0.895774841,0.994128227,1.13440418,1.06620026,1.37253952,0.788095474,0.601119995,0.884533882,0.363751411,0.199105263,0.475266457,0.226303101,0.178826332,0.273911476,0.071844101,-0.000762939453,-0.020026207,-0.175235748,-0.0391740799,-0.131990433,-0.066157341,-0.112200737,-0.277238846,-0.156509399,0.157763481,-0.125419617,-0.175798416
2026-08-22T14:32:26.175+00:00	181.438	FLAGS protocol=asd-quality-v1.5.0 mode=LEARNING state=NO_MACHINE waiting=0 learning=1 learned=0 anomaly=0 hold=0 fault=0 green=blink_5hz red=off guided25_available=1 workflow_pending=DEFAULT research_telemetry=1 profile_persistence_allowed=0 dropped=0
2026-08-22T14:32:31.080+00:00	186.344	QUALITY protocol=asd-quality-v1.5.0 phase=CAL index=7 total=10 result=OK metrics_valid=1 samples=159744 expected=159744 rms_dbfs=-46.714 dc=-0.450 peak=565 clipped=0 zeros=384 stuck=290 dropped_delta=0 feature_valid=1 tonalness_valid=1 tonalness_proxy=3.740592 tonal_gate=pending_normal_only
2026-08-22T14:32:31.082+00:00	186.344	CAL  7/10 score=0.00000 nivo=-46.7 dBFS racun=716 ms
2026-08-22T14:32:31.213+00:00	186.469	FEATURE96 protocol=asd-research-v1.0.0 session=1 phase=CAL window=7 window_start_ms=175791 window_end_ms=185073 score=0 level_dbfs=-46.7138443 quality=OK tonalness_proxy=3.74059153 dims=96 fnv1a=7d31a390 values=-10.4566164,-10.4566164,2.37340498,-10.4566164,-10.4566164,1.83820343,-10.4566164,1.48277187,-10.4566164,1.36646366,1.00924969,-10.4566164,1.03986168,1.37344551,1.35127163,-10.4566164,1.10669041,0.970158577,0.844055176,0.793627739,0.90646553,0.876947403,0.913685799,1.03184795,1.96785259,2.45176125,1.62224054,1.28997612,1.28898335,1.18162155,1.14802551,1.24208927,1.31477737,1.24583721,1.02163506,3.00026989,3.74059153,0.786602974,0.674453735,0.683740616,0.806977272,1.44409657,0.735853195,0.752569199,0.687202454,0.707803726,0.98147583,1.32026005,0.806288719,1.04127598,0.952706337,0.849406242,0.88375473,2.4759264,0.906402588,1.02898979,1.01988411,1.29908371,1.14165783,1.38482952,1.48472118,2.71558952,2.2744689,0.301411629,1.08581352,0.514627457,0.624015808,0.705748558,0.757681847,0.932179451,0.917297363,1.06819439,1.03885746,1.32222939,0.798340797,0.588160515,0.868905067,0.256244659,0.192853928,0.536672592,0.176393509,0.145291328,0.293679237,0.116569519,0.0705423355,-0.129282951,-0.171248436,-0.0135288239,-0.0829944611,-0.092830658,-0.134560585,-0.271174431,-0.217972755,0.119279861,-0.11895752,-0.185364723
2026-08-22T14:32:31.224+00:00	186.485	FLAGS protocol=asd-quality-v1.5.0 mode=LEARNING state=NO_MACHINE waiting=0 learning=1 learned=0 anomaly=0 hold=0 fault=0 green=blink_5hz red=off guided25_available=1 workflow_pending=DEFAULT research_telemetry=1 profile_persistence_allowed=0 dropped=0
2026-08-22T14:32:31.340+00:00	186.594	SUBSEG96 protocol=asd-research-v1.0.0 session=1 phase=CAL window=7 group=1 segments=8 dims=96 fnv1a=e3fd7fe6 values=-10.4740257,-10.4740257,2.83798313,-10.4740257,-10.4740257,1.78885889,-10.4740257,1.28809834,-10.4740257,1.74161768,1.33246231,-10.4740257,0.951828957,1.55422926,1.56635809,-10.4740257,1.36155224,1.08999062,0.814155579,0.946763992,0.923298836,0.855128288,0.95465374,1.0798521,1.86031342,2.38658381,1.57596874,1.17451,1.14490032,1.06700897,1.16853809,1.18523121,1.43463993,1.00117493,1.08747864,2.93914557,3.7218895,0.840987206,0.615252495,0.589044571,0.629683495,1.34971619,0.811231613,0.724947929,0.531320572,0.787528038,1.00134087,1.35769939,0.842351913,1.03878593,0.866056442,0.909420013,0.817492485,2.454566,0.804476738,1.00189686,1.00640678,1.32689762,1.20885372,1.37045097,1.50870323,2.65078354,2.38866615,0.270925522,1.07282066,0.498410225,0.65721035,0.682685852,0.695327759,0.93857193,0.920463562,1.12212181,1.03683472,1.34434986,0.724500656,0.514741898,0.914744377,0.255634308,0.214101791,0.518244743,0.145540237,0.164287567,0.257142067,0.131381989,0.0244598389,-0.0846786499,-0.244002342,-0.0175848007,-0.1472435,-0.0976285934,-0.147164345,-0.31558609,-0.243925095,0.10011673,-0.164635658,-0.21856308
2026-08-22T14:32:31.447+00:00	186.703	SUBSEG96 protocol=asd-research-v1.0.0 session=1 phase=CAL window=7 group=2 segments=8 dims=96 fnv1a=5aea7aeb values=-10.3917065,-10.3917065,2.06323481,-10.3917065,-10.3917065,1.23858356,-10.3917065,1.10664654,-10.3917065,1.12601471,0.753353119,-10.3917065,0.970957756,0.920822144,0.740962029,-10.3917065,0.649307251,0.688047409,0.572066307,0.745948792,0.896689415,0.946539879,0.963821411,1.08481789,2.07714891,2.56917715,1.65575504,1.48631573,1.35047245,1.36053467,0.821997643,1.05928993,1.07882595,0.867871284,0.873541832,3.04610872,3.79760218,0.761449814,0.776220322,0.804512978,0.971804619,1.51758671,0.708773613,0.829544067,0.790606499,0.627804756,1.01465607,1.49551773,0.853301048,1.08377361,1.00705719,0.930306435,0.928639412,2.51117611,0.959451675,1.1719656,0.976984024,1.3158989,1.24388027,1.46650314,1.56514931,2.78270626,2.32288837,0.321580887,1.10500336,0.546330452,0.648812294,0.81231308,0.828203201,1.01543522,0.981519699,1.15515137,1.07215405,1.34736347,0.882474899,0.601727486,0.93372345,0.283348083,0.260018349,0.632716179,0.253118515,0.190247536,0.393966675,0.180681229,0.180819511,-0.1058321,-0.0564050674,0.0395708084,0.00623416901,-0.0128669739,-0.0653734207,-0.175452232,-0.13451767,0.207922935,-0.0486831665,-0.0784816742
2026-08-22T14:32:31.556+00:00	186.813	SUBSEG96 protocol=asd-research-v1.0.0 session=1 phase=CAL window=7 group=3 segments=8 dims=96 fnv1a=c81294e5 values=-10.4016457,-10.4016457,1.65660238,-10.4016457,-10.4016457,1.0419817,-10.4016457,1.41813469,-10.4016457,1.39256382,0.816486359,-10.4016457,0.964180946,0.923694611,0.929942131,-10.4016457,0.79747963,0.78259182,0.793994904,0.633569717,0.84744072,0.888352394,0.930995941,1.02122974,2.11546183,2.55555153,1.56722546,1.26561069,1.22424221,1.25219631,0.840093613,1.28880215,1.20401096,1.11810684,1.21827126,3.03922367,3.79982424,0.745978355,0.879348755,0.734302521,0.949201584,1.49329758,0.7996521,0.788995743,0.827456474,0.762971878,0.941061974,1.28004742,0.807228088,1.08523369,0.975217819,0.773819923,0.967409134,2.53032255,1.08288574,1.10891342,1.1391201,1.35564423,1.2031002,1.35773087,1.47971725,2.74046707,2.42141247,0.387316704,1.16223526,0.579814911,0.642110825,0.69228363,0.856018066,0.963788033,0.960990906,1.14250374,1.07041836,1.42584705,0.879050255,0.644712448,0.874923706,0.298001289,0.248576164,0.533222198,0.221197128,0.210951805,0.350642204,0.171208382,0.0516262054,-0.0245952606,-0.109102249,-0.00419521332,-0.0191078186,-0.019071579,-0.0715417862,-0.249105453,-0.188721657,0.174089432,-0.0452384949,-0.156053543
2026-08-22T14:32:31.665+00:00	186.922	SUBSEG96 protocol=asd-research-v1.0.0 session=1 phase=CAL window=7 group=4 segments=7 dims=96 fnv1a=057bbfc8 values=-10.4003172,-10.4003172,1.69233227,-10.4003172,-10.4003172,1.02109623,-10.4003172,0.87621212,-10.4003172,1.04866982,1.08862019,-10.4003172,1.17673397,1.49507809,1.34937668,-10.4003172,1.18848705,1.03849506,0.90670681,0.794288635,0.964653969,0.813952446,0.950392723,1.07904816,1.98886204,2.45751333,1.747859,1.41324902,1.42512512,1.09787178,0.984562874,1.0399332,1.27643681,0.656745911,0.660946846,3.13262892,3.80439091,0.735850334,0.607262611,0.699644089,0.856464386,1.44383907,0.785321236,0.865195274,0.788921356,0.675521851,0.971150398,1.29118919,0.766119957,1.15306759,0.955926895,0.866184235,0.936923027,2.54066086,0.868850708,1.04516792,1.13792706,1.36318588,1.1500206,1.42098999,1.52654171,2.82461357,2.01874971,0.356938362,1.14844227,0.643908501,0.634138107,0.802372932,0.792598724,0.97428894,0.981115341,1.06690311,1.05757999,1.31491375,0.907849312,0.73306179,0.876790047,0.3251791,0.209748268,0.632616997,0.234273911,0.157135963,0.304987907,0.148179054,0.171983719,-0.15513134,-0.105221748,0.0614099503,0.02003479,-0.0916261673,-0.091504097,-0.197299004,-0.161927223,0.16791153,-0.0397920609,-0.145098686
2026-08-22T14:32:31.770+00:00	187.031	SUBSEG96 protocol=asd-research-v1.0.0 session=1 phase=CAL window=7 group=5 segments=7 dims=96 fnv1a=016af50a values=-10.5030451,-10.5030451,2.36961174,-10.5030451,-10.5030451,2.37434578,-10.5030451,1.93736029,-10.5030451,1.05952168,0.794118881,-10.5030451,1.18867779,1.57199812,1.60125685,-10.5030451,1.20372391,1.14515591,1.07176208,0.853678703,0.989173889,0.960347176,0.87279892,0.9966259,1.87446594,2.38125467,1.66776466,1.173563,1.37978172,1.18439674,1.51963568,1.51079988,1.50000525,1.72606707,1.11443138,2.95752192,3.6921196,0.902401924,0.520082474,0.690311432,0.673092842,1.51161242,0.661660194,0.662142754,0.569103241,0.748366356,1.06398487,1.23711872,0.849509239,0.953820229,1.0503006,0.851351738,0.879602432,2.45794392,0.884565353,0.896802902,0.930483818,1.24034691,0.963876724,1.41362476,1.44873905,2.69437122,2.17300415,0.281587601,1.05220985,0.408109665,0.639604568,0.645667076,0.722201347,0.876223564,0.852321625,0.929509163,1.06500149,1.27227306,0.700037003,0.556769371,0.842997551,0.233043671,0.13427639,0.47522068,0.141163826,0.10754776,0.266533852,0.0570116043,0.0311908722,-0.192373276,-0.237311363,-0.0325593948,-0.16861248,-0.14159584,-0.18771553,-0.306054115,-0.247909546,0.0543661118,-0.186136246,-0.220369339
2026-08-22T14:32:36.184+00:00	191.438	FLAGS protocol=asd-quality-v1.5.0 mode=LEARNING state=NO_MACHINE waiting=0 learning=1 learned=0 anomaly=0 hold=0 fault=0 green=blink_5hz red=off guided25_available=1 workflow_pending=DEFAULT research_telemetry=1 profile_persistence_allowed=0 dropped=0
2026-08-22T14:32:41.054+00:00	196.313	QUALITY protocol=asd-quality-v1.5.0 phase=CAL index=8 total=10 result=OK metrics_valid=1 samples=159744 expected=159744 rms_dbfs=-46.664 dc=-0.433 peak=537 clipped=0 zeros=433 stuck=260 dropped_delta=0 feature_valid=1 tonalness_valid=1 tonalness_proxy=3.678818 tonal_gate=pending_normal_only
2026-08-22T14:32:41.056+00:00	196.313	CAL  8/10 score=0.00000 nivo=-46.7 dBFS racun=727 ms
2026-08-22T14:32:41.188+00:00	196.453	FEATURE96 protocol=asd-research-v1.0.0 session=1 phase=CAL window=8 window_start_ms=185767 window_end_ms=195047 score=0 level_dbfs=-46.6643372 quality=OK tonalness_proxy=3.67881823 dims=96 fnv1a=6f78376f values=-10.5034504,-10.5034504,2.78611898,-10.5034504,-10.5034504,1.96263885,-10.5034504,1.8399992,-10.5034504,1.92910957,1.4211731,-10.5034504,1.23434448,1.6075325,1.53821421,-10.5034504,1.20842361,1.12589264,1.09586334,1.03324699,0.946959496,1.03589535,0.835187912,0.96693325,1.96143723,2.38747883,1.36140156,1.29159737,1.44236565,1.00844383,0.869990349,1.14825058,1.16295528,1.08472633,0.876093864,2.93841314,3.67881823,1.01236629,0.772297859,0.765183449,0.876449585,1.43110657,0.635970116,0.666974068,0.688293457,0.756473541,0.885562897,1.30517006,0.801075935,0.978023529,0.947234154,0.749377251,0.922542572,2.45148897,0.883972168,0.947602272,1.05682945,1.22441769,1.13132572,1.36178875,1.47190189,2.65596247,2.23315096,0.24420166,1.08680344,0.482992172,0.620281219,0.640517235,0.723809242,0.912824631,0.894594193,1.03129673,0.979764938,1.26552391,0.759771347,0.575425148,0.788127899,0.218186378,0.157445908,0.493261337,0.130472183,0.106194496,0.248194695,0.058093071,0.0188846588,-0.146029472,-0.245089531,-0.0765323639,-0.130505562,-0.118517876,-0.169222832,-0.333216667,-0.259507179,0.0657911301,-0.167642593,-0.220522881
2026-08-22T14:32:41.295+00:00	196.547	SUBSEG96 protocol=asd-research-v1.0.0 session=1 phase=CAL window=8 group=1 segments=8 dims=96 fnv1a=4a2a1ba7 values=-10.4337788,-10.4337788,2.59517241,-10.4337788,-10.4337788,1.58461618,-10.4337788,1.5977869,-10.4337788,1.35004234,0.697431564,-10.4337788,0.783406258,1.40133667,1.50104523,-10.4337788,1.01440525,0.969327927,1.12319183,1.07458496,1.07716656,1.10888577,0.755475998,0.84075737,2.02839994,2.40288734,1.4252882,1.44893837,1.40684891,1.06817627,0.883831024,1.10351944,1.29755974,1.039258,0.960661888,3.10976076,3.73756123,0.457864761,0.451495171,0.693963051,0.925877571,1.44590187,0.770573616,0.766708374,0.713432312,0.891716003,0.817001343,1.3503809,0.907294273,0.979233742,1.08119774,0.800444603,0.958760262,2.49909449,0.911726952,0.961626053,1.11006832,1.29032898,1.08447742,1.35145473,1.56901979,2.81849384,1.77570963,0.243508339,1.07580566,0.515068054,0.696492195,0.684345245,0.773077965,0.99015522,0.915241241,1.05910778,1.00783539,1.31443024,0.808259964,0.855033875,0.739344597,0.280748367,0.262793541,0.567149162,0.223508835,0.198307037,0.346858025,0.158625603,0.110668182,-0.140024185,-0.190582275,0.00874423981,0.0321187973,-0.175530434,-0.0624761581,-0.273830414,-0.212125778,0.138159752,-0.0831098557,-0.168560982
2026-08-22T14:32:41.304+00:00	196.563	FLAGS protocol=asd-quality-v1.5.0 mode=LEARNING state=NO_MACHINE waiting=0 learning=1 learned=0 anomaly=0 hold=0 fault=0 green=blink_5hz red=off guided25_available=1 workflow_pending=DEFAULT research_telemetry=1 profile_persistence_allowed=0 dropped=0
2026-08-22T14:32:41.434+00:00	196.688	SUBSEG96 protocol=asd-research-v1.0.0 session=1 phase=CAL window=8 group=2 segments=8 dims=96 fnv1a=48a4c0ce values=-10.4903803,-10.4903803,2.80562544,-10.4903803,-10.4903803,2.02726984,-10.4903803,1.7032032,-10.4903803,1.82501316,1.41269016,-10.4903803,1.19170284,1.74104977,1.60385704,-10.4903803,1.19050217,1.22948742,1.17442513,1.02381516,0.717358589,0.8369627,0.792235374,1.23278141,1.91930342,2.32726431,1.27015018,1.21927547,1.49210644,1.05445194,0.907030106,1.2588377,1.15570164,0.908658028,0.899481773,2.88774014,3.68581295,0.782676697,0.607279778,0.789246559,0.868294716,1.41107082,0.626006126,0.576488495,0.69342041,0.598874092,0.910072327,1.27593231,0.955491066,1.07448006,0.897823334,0.759544373,1.02976799,2.4799943,0.857513428,0.934304237,1.06654549,1.17476654,1.13522243,1.4753561,1.43683243,2.61776447,2.37696695,0.286072731,1.10520172,0.494803429,0.705583572,0.608661652,0.740098953,0.910388947,0.839895248,1.1402626,1.01058769,1.27893257,0.779429436,0.487174034,0.822642326,0.198329926,0.1774683,0.464399338,0.129879951,0.0970630646,0.212206841,0.0717077255,0.00886535645,-0.0849676132,-0.183561325,-0.0792646408,-0.15756321,-0.0670423508,-0.15062809,-0.332902908,-0.248662949,0.111138344,-0.168823242,-0.189994812
2026-08-22T14:32:41.530+00:00	196.781	SUBSEG96 protocol=asd-research-v1.0.0 session=1 phase=CAL window=8 group=3 segments=8 dims=96 fnv1a=f84a3aae values=-10.4636126,-10.4636126,2.95622444,-10.4636126,-10.4636126,1.75351667,-10.4636126,1.56706095,-10.4636126,1.58454132,1.1679697,-10.4636126,1.31920433,1.58290482,1.4251833,-10.4636126,1.09767342,1.16538525,1.08910275,0.905119896,0.96629715,0.721367836,0.874373436,0.851524353,2.05960989,2.55443335,1.50459671,1.21097374,1.24959087,0.840864182,0.814461708,1.16496086,1.26340389,0.664290428,0.759232521,2.92365313,3.72202349,0.525922775,0.653595924,0.813047409,0.749833107,1.47916794,0.796453476,0.604885101,0.757969856,0.885708809,0.891027451,1.39751148,0.76583004,1.03966808,0.993415833,0.821509361,0.794239044,2.49792385,1.0102129,0.978743553,1.00535202,1.29202366,1.20775032,1.49786568,1.50396824,2.65219402,2.42990828,0.321872711,1.20668793,0.502004623,0.632436752,0.661856651,0.736494064,0.962349892,0.941763878,1.0436058,1.0417738,1.34099674,0.83172226,0.490013123,0.889481544,0.28763485,0.164455414,0.579967499,0.166337967,0.127821922,0.28411293,0.0518531799,0.0410032272,-0.100954056,-0.23104763,-0.0777359009,-0.172657013,-0.0167264938,-0.113789558,-0.299024582,-0.174071312,0.0955562592,-0.101758003,-0.210379601
2026-08-22T14:32:41.637+00:00	196.891	SUBSEG96 protocol=asd-research-v1.0.0 session=1 phase=CAL window=8 group=4 segments=7 dims=96 fnv1a=4dca63f2 values=-10.5738344,-10.5738344,2.88870287,-10.5738344,-10.5738344,2.35555458,-10.5738344,2.24636984,-10.5738344,2.38123846,1.8501091,-10.5738344,1.51456118,1.68300152,1.5664072,-10.5738344,1.4450841,1.31228638,1.11737347,0.816212654,0.827466965,1.31620121,0.822016716,0.925145149,1.95115948,2.36035013,1.30132198,1.3498354,1.70743036,1.17313766,0.916975021,1.22181416,1.06538963,1.4059639,0.920149803,2.82683086,3.60010624,1.51733398,1.18080997,0.886953354,0.995201111,1.4808073,0.48617363,0.71244812,0.533008575,0.715702057,0.974513054,1.16788197,0.620046616,0.922679901,0.784197807,0.66234684,0.799105644,2.35688877,0.738518715,0.901251793,1.0654211,1.27254868,1.05946732,1.23371792,1.3701992,2.56658649,2.21509123,0.165884972,1.00357914,0.401555061,0.504602432,0.63117981,0.672224998,0.832569122,0.883437157,0.94923687,0.917129517,1.24023819,0.722610474,0.446642876,0.721266747,0.163645744,0.0991506577,0.416783333,0.0346040726,0.0373344421,0.210989952,0.0127038956,-0.0379657745,-0.202989578,-0.324062347,-0.119033813,-0.227267265,-0.177412987,-0.281333923,-0.359753609,-0.302902222,0.00685501099,-0.261719704,-0.27628231
2026-08-22T14:32:41.743+00:00	197.000	SUBSEG96 protocol=asd-research-v1.0.0 session=1 phase=CAL window=8 group=5 segments=7 dims=96 fnv1a=507213dc values=-10.4544706,-10.4544706,2.6201601,-10.4544706,-10.4544706,1.27582836,-10.4544706,1.59507036,-10.4544706,1.6746335,1.0911026,-10.4544706,1.03854084,1.625278,1.66145134,-10.4544706,1.21444225,0.770180702,1.0483551,1.33338356,1.16559029,1.00282383,1.00862122,0.912305832,1.92990875,2.34939718,1.37796593,1.28530884,1.14851952,0.871385574,0.913743019,1.00560379,1.09128571,1.11261559,0.915108681,3.0208354,3.7507925,0.66552639,0.422772408,0.665115356,0.891419411,1.42416668,0.514821053,0.754918098,0.82660675,0.736578941,0.900585175,1.42031956,0.787774086,0.946432114,1.05543518,0.800490379,1.0820837,2.52248859,0.978960037,1.06496239,1.13458633,1.16232109,1.25794983,1.27740479,1.57595539,2.70787191,2.17222881,0.296064377,1.12587833,0.602645874,0.644913673,0.720933914,0.801756859,0.968889236,0.99338913,1.04375744,1.01945972,1.24152184,0.748135567,0.597342491,0.851177216,0.260253906,0.178945541,0.532460213,0.196325302,0.172109604,0.285755157,0.0939350128,0.0736923218,-0.107132912,-0.200563431,-0.0122871399,-0.0466356277,-0.0776720047,-0.15019989,-0.298203468,-0.269822121,0.0710353851,-0.127628326,-0.15447998
2026-08-22T14:32:46.195+00:00	201.453	FLAGS protocol=asd-quality-v1.5.0 mode=LEARNING state=NO_MACHINE waiting=0 learning=1 learned=0 anomaly=0 hold=0 fault=0 green=blink_5hz red=off guided25_available=1 workflow_pending=DEFAULT research_telemetry=1 profile_persistence_allowed=0 dropped=0
2026-08-22T14:32:51.092+00:00	206.344	QUALITY protocol=asd-quality-v1.5.0 phase=CAL index=9 total=10 result=OK metrics_valid=1 samples=159744 expected=159744 rms_dbfs=-46.071 dc=-0.478 peak=572 clipped=0 zeros=395 stuck=235 dropped_delta=0 feature_valid=1 tonalness_valid=1 tonalness_proxy=3.689994 tonal_gate=pending_normal_only
2026-08-22T14:32:51.095+00:00	206.360	CAL  9/10 score=0.00000 nivo=-46.1 dBFS racun=716 ms
2026-08-22T14:32:51.226+00:00	206.485	FEATURE96 protocol=asd-research-v1.0.0 session=1 phase=CAL window=9 window_start_ms=195741 window_end_ms=205085 score=0 level_dbfs=-46.0713158 quality=OK tonalness_proxy=3.68999434 dims=96 fnv1a=425be798 values=-10.5083885,-10.5083885,1.59866714,-10.5083885,-10.5083885,0.972992897,-10.5083885,1.36060238,-10.5083885,1.48912525,0.978209496,-10.5083885,1.60720634,2.18269539,2.04523468,-10.5083885,1.64638901,1.38790989,1.36333084,1.18490219,1.06092453,0.786095619,0.921963692,1.11917973,1.90326405,2.31954002,1.41976929,1.09074211,1.14726353,1.03226089,1.09246731,1.30806923,1.32228661,1.2996273,1.10365772,2.79142904,3.68999434,0.749814987,0.734958649,0.763859749,1.08538342,1.46604824,0.821726799,0.757278442,0.630514145,0.759387016,0.913507462,1.29676914,0.741851807,1.02380562,0.911942482,0.829325676,0.859971046,2.44729137,0.977999687,0.996551514,1.05664253,1.21612835,1.17674637,1.40085506,1.50918436,2.42741919,2.5928359,0.256055832,1.05888367,0.615052223,0.586375237,0.677159309,0.749462128,0.906080246,0.906147003,1.04962444,0.953897476,1.27321339,0.741505623,0.499650002,0.796750069,0.193823814,0.152444839,0.442733765,0.129723549,0.10721302,0.217103958,0.0546731949,-0.0340147018,-0.0843877792,-0.222780228,-0.0721302032,-0.165927887,-0.0682697296,-0.165914536,-0.318989754,-0.248383522,0.0724983215,-0.181290627,-0.18433857
2026-08-22T14:32:51.236+00:00	206.500	FLAGS protocol=asd-quality-v1.5.0 mode=LEARNING state=NO_MACHINE waiting=0 learning=1 learned=0 anomaly=0 hold=0 fault=0 green=blink_5hz red=off guided25_available=1 workflow_pending=DEFAULT research_telemetry=1 profile_persistence_allowed=0 dropped=0
2026-08-22T14:32:51.352+00:00	206.610	SUBSEG96 protocol=asd-research-v1.0.0 session=1 phase=CAL window=9 group=1 segments=8 dims=96 fnv1a=342728cf values=-10.5737791,-10.5737791,1.9162693,-10.5737791,-10.5737791,1.22384357,-10.5737791,1.24398518,-10.5737791,1.31352139,0.988854408,-10.5737791,1.9418602,2.56447363,2.38308573,-10.5737791,2.00914145,1.45405197,1.29430199,1.34671593,1.30565739,1.0840826,0.729719162,1.10121536,1.90873957,2.308568,1.44095087,1.10134888,1.28314495,1.05473995,1.20617962,1.47222948,1.28660774,1.39189816,1.27219772,2.82040262,3.61242056,0.829833031,0.771133423,0.749783516,1.51444149,1.50477982,1.01052856,0.786229134,0.504436493,0.788583755,0.873887062,1.25086498,0.703551292,1.14835358,0.817513466,0.889770508,0.897475243,2.3849411,0.721920013,0.835584641,1.03114796,1.07415867,1.15040779,1.34163475,1.46492481,2.52905178,2.31909084,0.119803429,1.01351166,0.476157188,0.627555847,0.655199051,0.754006386,0.891109467,0.759981155,0.974524498,0.9096241,1.22745991,0.64235878,0.407544136,0.752161026,0.125763893,0.0743274689,0.375995636,0.0799293518,0.0401973724,0.147650719,0.0343608856,-0.0784158707,-0.16105175,-0.241588593,-0.10359478,-0.273709297,-0.150280952,-0.205034256,-0.395305634,-0.282617569,-0.0149841309,-0.272213936,-0.274663925
2026-08-22T14:32:51.462+00:00	206.719	SUBSEG96 protocol=asd-research-v1.0.0 session=1 phase=CAL window=9 group=2 segments=8 dims=96 fnv1a=9cb37e5a values=-10.5396461,-10.5396461,1.63170195,-10.5396461,-10.5396461,0.595900536,-10.5396461,1.42478657,-10.5396461,1.58463478,1.10063648,-10.5396461,1.76952934,2.35643578,2.23411417,-10.5396461,1.6481657,1.66145134,1.75979996,1.48993397,1.05548191,0.578730583,1.10565376,1.16425514,1.94860697,2.3184123,1.45601749,1.26547623,1.01536751,1.2155304,1.24559784,1.32848072,1.47968864,1.62648582,1.27886772,2.69828129,3.67177868,0.765172958,0.641958237,0.719452858,0.848925591,1.42928219,0.60870266,0.761671066,0.556214333,0.681023598,0.89051342,1.29576874,0.642299652,0.914363861,0.938548088,0.787341118,0.724884033,2.39985561,1.10746956,1.06299591,1.03901386,1.22828102,1.09615707,1.39005947,1.48621225,2.24679089,2.66448212,0.236617088,1.02477646,0.676778793,0.434493065,0.689910889,0.745111465,0.856905937,0.928308487,1.04551029,0.919645309,1.17206383,0.715817451,0.509155273,0.703771591,0.190831184,0.169253349,0.3898983,0.0357151031,0.0717220306,0.146861076,-0.009806633,-0.059668541,-0.0817251205,-0.265837669,-0.134018898,-0.188919067,-0.127182007,-0.184529305,-0.354161263,-0.25928688,0.0879583359,-0.222064018,-0.184076309
2026-08-22T14:32:51.569+00:00	206.828	SUBSEG96 protocol=asd-research-v1.0.0 session=1 phase=CAL window=9 group=3 segments=8 dims=96 fnv1a=5231d31d values=-10.421567,-10.421567,1.26274395,-10.421567,-10.421567,0.922259331,-10.421567,1.32623672,-10.421567,1.44234276,0.650194168,-10.421567,1.19379997,1.57826614,1.56233501,-10.421567,1.39042377,0.934662819,0.806854248,0.646287918,0.80508709,0.580694199,0.832624435,1.13945007,2.00058222,2.49201298,1.5323,0.935580254,1.17148972,1.03950787,0.960401535,1.2351799,1.35081577,1.15647125,1.0100708,2.88331318,3.76897478,0.747942924,0.838846207,0.830857277,0.776093483,1.47129345,0.846595764,0.68264389,0.732416153,0.870207787,0.960230827,1.40140152,0.828708649,1.06644249,1.00781441,0.872665405,0.842844963,2.53020191,0.928279877,1.12627697,1.2053299,1.36963272,1.30499077,1.40603638,1.65313959,2.54867506,2.62110853,0.362830162,1.14445972,0.535252571,0.687701225,0.738110542,0.802906036,0.951493263,0.988248825,1.09875011,0.980880737,1.33459377,0.824737549,0.556554794,0.91221714,0.299455643,0.18901825,0.576562881,0.222248077,0.233514786,0.315141678,0.133110046,0.0755825043,-0.083363533,-0.158541679,0.0044593811,-0.0562009811,0.0824203491,-0.0975093842,-0.210676193,-0.182655334,0.205112457,-0.0641212463,-0.11111927
2026-08-22T14:32:51.676+00:00	206.938	SUBSEG96 protocol=asd-research-v1.0.0 session=1 phase=CAL window=9 group=4 segments=7 dims=96 fnv1a=5db6345d values=-10.3947287,-10.3947287,0.94427681,-10.3947287,-10.3947287,0.818305969,-10.3947287,1.33374786,-10.3947287,1.33324623,0.867488861,-10.3947287,0.686043739,1.0617857,1.30698109,-10.3947287,1.34229088,1.4717474,1.27538967,0.710162163,0.860012054,0.585979462,0.480182648,0.946962357,1.90516806,2.3649478,1.40337944,1.23011494,1.22883511,0.717090607,0.898914337,1.23175907,1.24340439,0.810037613,0.988214493,2.90252495,3.82734919,0.745923042,0.812748909,0.866716385,0.772360802,1.51740742,0.86752224,0.836690903,0.717101097,0.769062996,1.02944946,1.37028122,0.917622566,0.972106934,0.970656395,0.94379425,1.02261162,2.57304955,1.06406689,1.07939529,1.03690147,1.30837059,1.23783207,1.59026527,1.50451851,2.49811172,2.75024939,0.431842804,1.17916298,0.695989609,0.703589439,0.812648773,0.787872314,1.09681892,0.988180161,1.19144344,1.0977211,1.44450188,0.869720459,0.625165939,0.930790901,0.286231995,0.273160934,0.567018509,0.262759209,0.240297318,0.346264839,0.152751923,0.0503902435,0.0485010147,-0.12515831,0.0308694839,-0.0472450256,0.0437507629,-0.0644989014,-0.208739281,-0.134498596,0.150343895,-0.0697479248,-0.0511264801
2026-08-22T14:32:51.785+00:00	207.047	SUBSEG96 protocol=asd-research-v1.0.0 session=1 phase=CAL window=9 group=5 segments=7 dims=96 fnv1a=342f616d values=-10.4357014,-10.4357014,1.54089546,-10.4357014,-10.4357014,1.11545277,-10.4357014,1.57971668,-10.4357014,1.77501678,1.19787407,-10.4357014,1.18411064,1.27772999,1.39811325,-10.4357014,1.08320808,0.955618858,0.976096153,0.949917793,1.07700348,0.840805054,1.21485138,1.30351067,1.86576653,2.21282768,1.36447716,0.875271797,1.11606407,1.02530479,1.05258751,1.26475334,1.29750538,0.781230927,0.634474754,2.80209398,3.74547195,0.759140968,0.754005432,0.821663857,0.655659676,1.55330753,0.785545349,0.853466034,0.809369087,0.826554298,0.987802505,1.32636547,0.78715992,1.09148216,0.987146378,0.777535439,0.958522797,2.52676964,1.15248871,1.01729202,1.10389328,1.25404739,1.25582981,1.44380093,1.58135605,2.40128708,2.73299408,0.298629761,1.10538197,0.815433502,0.619188309,0.637721062,0.809327126,0.890048981,1.03074455,1.11335373,1.03777027,1.36299706,0.833743095,0.574123383,0.855923653,0.233738899,0.228477478,0.471364021,0.224111557,0.114830971,0.307879448,0.134366035,0.00817203522,0.0281305313,-0.152096748,0.0158443451,-0.0885772705,-0.0242509842,-0.106356621,-0.251331329,-0.214835167,0.0891551971,-0.103348732,-0.126256943
2026-08-22T14:32:56.205+00:00	211.469	FLAGS protocol=asd-quality-v1.5.0 mode=LEARNING state=NO_MACHINE waiting=0 learning=1 learned=0 anomaly=0 hold=0 fault=0 green=blink_5hz red=off guided25_available=1 workflow_pending=DEFAULT research_telemetry=1 profile_persistence_allowed=0 dropped=0
2026-08-22T14:33:01.068+00:00	216.328	QUALITY protocol=asd-quality-v1.5.0 phase=CAL index=10 total=10 result=OK metrics_valid=1 samples=159744 expected=159744 rms_dbfs=-46.219 dc=-0.393 peak=706 clipped=0 zeros=387 stuck=250 dropped_delta=0 feature_valid=1 tonalness_valid=1 tonalness_proxy=3.636528 tonal_gate=pending_normal_only
2026-08-22T14:33:01.069+00:00	216.328	CAL 10/10 score=0.00000 nivo=-46.2 dBFS racun=716 ms
2026-08-22T14:33:01.199+00:00	216.453	FEATURE96 protocol=asd-research-v1.0.0 session=1 phase=CAL window=10 window_start_ms=205780 window_end_ms=215059 score=0 level_dbfs=-46.2193642 quality=OK tonalness_proxy=3.63652802 dims=96 fnv1a=9f79176d values=-10.5633249,-10.5633249,1.15995502,-10.5633249,-10.5633249,1.00147343,-10.5633249,1.18264484,-10.5633249,1.09985542,0.902276039,-10.5633249,1.4044857,1.57521343,1.78393221,-10.5633249,1.63026571,1.10357666,1.12034702,1.28228951,1.05770397,0.934802055,0.90537262,1.05170631,1.68788767,2.11629295,1.3896904,1.24817467,1.35474014,1.592381,2.02749968,2.33121204,1.79172659,1.87719822,1.76293325,2.70089054,3.63652802,0.868009567,0.936133385,0.687836647,0.858997345,1.63104343,1.77413082,1.0615139,0.576756477,0.679237366,0.86860466,1.39412594,0.748877525,0.961497307,0.952544212,0.804686546,0.827559471,2.40087986,1.07542992,0.918728828,0.975229263,1.15743351,1.09078503,1.23739624,1.46901321,2.28708839,2.62552881,0.168128967,1.01371765,0.607881546,0.499214172,0.643473625,0.64944458,0.814085007,0.824554443,0.968772888,0.936002731,1.22439575,0.692857742,0.451879501,0.73915863,0.166230202,0.0912914276,0.394055367,0.0985784531,0.0741491318,0.160568237,0.0172729492,-0.107672691,-0.14350605,-0.285790443,-0.0937509537,-0.236309052,-0.0988130569,-0.205927849,-0.381537437,-0.311151505,0.0039358139,-0.2342453,-0.216497421
2026-08-22T14:33:01.305+00:00	216.563	SUBSEG96 protocol=asd-research-v1.0.0 session=1 phase=CAL window=10 group=1 segments=8 dims=96 fnv1a=e6bc1fb5 values=-10.4082727,-10.4082727,1.10258389,-10.4082727,-10.4082727,0.931143761,-10.4082727,1.23207378,-10.4082727,1.21415138,0.946679115,-10.4082727,0.960730553,1.10030746,1.2579937,-10.4082727,1.27267933,1.22343254,1.0234623,0.548853874,0.760149956,0.794034958,0.972643852,1.28339577,1.83291626,2.33407116,1.5891571,1.49114895,1.39601707,1.09822083,1.06053734,0.900976181,1.12995529,0.921264648,1.03424931,2.84430361,3.80257225,0.679050446,0.691707611,0.805107117,0.856144905,1.5045805,0.74673748,0.633337975,0.550262451,0.762838364,0.906362534,1.55153179,0.973953247,1.10462475,1.16018105,0.831492424,0.803166389,2.5658102,1.18287373,0.99567318,1.06285858,1.4152298,1.28877735,1.38770199,1.73065233,2.42909908,2.80328226,0.268344879,1.18824482,0.700309753,0.639456749,0.730594635,0.791510582,0.91659832,0.992414474,1.08934212,1.07737827,1.36774349,0.883562088,0.643238068,0.882758141,0.312397957,0.163815498,0.545892715,0.320612907,0.223455429,0.312096596,0.179783821,0.0507917404,-0.0171632767,-0.150707245,-0.00688171387,-0.0634679794,0.0757608414,-0.0413761139,-0.230824471,-0.125346184,0.165616035,-0.0701828003,-0.0318517685
2026-08-22T14:33:01.317+00:00	216.578	FLAGS protocol=asd-quality-v1.5.0 mode=LEARNING state=NO_MACHINE waiting=0 learning=1 learned=0 anomaly=0 hold=0 fault=0 green=blink_5hz red=off guided25_available=1 workflow_pending=DEFAULT research_telemetry=1 profile_persistence_allowed=0 dropped=0
2026-08-22T14:33:01.436+00:00	216.688	SUBSEG96 protocol=asd-research-v1.0.0 session=1 phase=CAL window=10 group=2 segments=8 dims=96 fnv1a=20bcebf2 values=-10.4107208,-10.4107208,1.09436321,-10.4107208,-10.4107208,0.823080063,-10.4107208,1.09628868,-10.4107208,1.23897457,0.906388283,-10.4107208,0.839907646,1.36669064,1.40169144,-10.4107208,0.99912262,1.11020565,1.06642818,0.825155258,0.918580055,1.07631016,0.916073799,1.15047359,1.93402386,2.37163877,1.54991627,1.00010777,1.19134521,0.940114975,1.10252857,1.2770853,1.31105328,1.03430176,0.923923492,2.85606384,3.7748847,0.810434341,0.789692879,0.672563553,0.700095177,1.49965668,0.801178932,0.869462967,0.755559921,0.869937897,1.08108807,1.62524939,0.660746574,0.913874626,0.996192932,0.963086128,0.8898592,2.53231287,1.02176857,1.1154108,1.17096138,1.18710804,1.25209618,1.41581249,1.54725742,2.53912449,2.73073769,0.358989716,1.18250465,0.6495924,0.624423981,0.792890549,0.823693275,0.958188057,0.936211586,1.1013155,1.09646702,1.3376894,0.871268272,0.544474602,0.916275978,0.384431839,0.273966789,0.556212425,0.239354134,0.202980995,0.285175323,0.194389343,-0.00977039337,0.0705223083,-0.131130219,0.0518474579,-0.10086441,0.0347290039,-0.0409173965,-0.196587563,-0.168130875,0.17031002,-0.149924278,-0.0830745697
2026-08-22T14:33:01.543+00:00	216.797	SUBSEG96 protocol=asd-research-v1.0.0 session=1 phase=CAL window=10 group=3 segments=8 dims=96 fnv1a=e32c2815 values=-10.710741,-10.710741,1.14788818,-10.710741,-10.710741,1.11002636,-10.710741,1.14796734,-10.710741,1.02295017,1.15826511,-10.710741,1.83360672,1.96046734,2.10025311,-10.710741,2.01405048,1.2911067,1.20270348,1.56279755,1.32945156,1.02296734,0.793591499,0.739622116,1.62795258,1.99149847,1.23486328,1.36365175,1.66010475,2.03045273,2.48486757,2.78287077,2.22783995,2.36702299,2.24796295,2.57964039,3.50104904,1.19130898,1.2831459,0.751680374,1.04021549,1.85887194,2.27497768,1.45755482,0.592255592,0.718708992,0.877087593,1.40118456,0.909209251,0.983534813,0.880062103,0.860061646,0.913380623,2.26350355,1.03930759,0.791124344,0.895143509,1.03633881,0.869866371,1.12846088,1.32277155,2.0050745,2.54490852,0.0212593079,0.843736649,0.573791504,0.33778286,0.552639961,0.48694706,0.681177139,0.711537361,0.814151764,0.741901398,1.10164261,0.466207504,0.31317234,0.575825691,0.0239534378,-0.0372486115,0.234902382,-0.0507469177,-0.067027092,0.0277290344,-0.119672775,-0.258919716,-0.298075676,-0.417175293,-0.185710907,-0.408494949,-0.201498032,-0.348704338,-0.550694466,-0.435150146,-0.135449409,-0.368475914,-0.366675377
2026-08-22T14:33:01.652+00:00	216.906	SUBSEG96 protocol=asd-research-v1.0.0 session=1 phase=CAL window=10 group=4 segments=7 dims=96 fnv1a=09df5852 values=-10.4884548,-10.4884548,1.12026882,-10.4884548,-10.4884548,1.18320179,-10.4884548,1.60186625,-10.4884548,1.37192726,0.710728645,-10.4884548,1.15821266,1.33377647,1.97223234,-10.4884548,1.62467575,0.867241859,1.33188534,1.53846121,1.11394882,1.02107525,1.02518463,1.26652622,1.62650061,2.02066278,1.43056965,1.29244137,0.821361542,1.32067776,1.8802886,2.2809844,1.56163311,1.20031071,1.03421974,2.64762354,3.71260691,0.685063362,0.686223984,0.725244522,0.868722916,1.57928991,0.817255974,0.597698212,0.596610069,0.4340868,0.854771614,1.32746696,0.525718689,1.01266384,0.983760834,0.789369583,0.849965096,2.47173691,1.35789585,1.11617565,1.11250973,1.17714405,1.14961433,1.24960995,1.52951765,2.02593756,2.7925148,0.252897263,0.983447075,0.818220139,0.613265991,0.746146202,0.696070671,0.918105125,0.921295166,1.06965733,0.979922295,1.32679176,0.786991119,0.523262978,0.808814049,0.224772453,0.181382179,0.457585335,0.107466698,0.162425995,0.265310287,0.0960083008,-0.0150718689,-0.100488663,-0.216742516,0.0533218384,-0.128335953,-0.0365371704,-0.14642334,-0.31489563,-0.292347908,0.032324791,-0.122114182,-0.132555008
2026-08-22T14:33:01.758+00:00	217.016	SUBSEG96 protocol=asd-research-v1.0.0 session=1 phase=CAL window=10 group=5 segments=7 dims=96 fnv1a=399bfc97 values=-10.3856688,-10.3856688,1.56994247,-10.3856688,-10.3856688,1.12147331,-10.3856688,0.61998558,-10.3856688,0.835179329,0.551306725,-10.3856688,0.708076477,1.20610428,1.33046341,-10.3856688,1.05192089,1.05813026,1.18378639,1.08385658,0.919698715,0.983834267,1.20391178,1.18026352,1.74959898,2.18658781,1.54567432,1.16576576,1.23901081,0.92428875,0.875549316,1.08906269,1.02036667,1.01060963,0.952487946,2.96060419,3.80227661,0.486447334,0.667225838,0.783652306,0.928668976,1.69957924,0.907780647,0.75731945,0.717342377,0.846078873,0.945388794,1.31781006,0.707865715,1.1217804,1.1244688,0.87679863,0.960738182,2.5830946,1.03417492,0.933087349,0.997252464,1.34563065,1.29875374,1.40222549,1.59673595,2.66423845,2.60289764,0.348310471,1.26217842,0.63323307,0.69808197,0.798254967,0.85941124,1.01049423,0.967305183,1.18619823,1.19277859,1.40078354,0.860629082,0.64350605,0.923899651,0.278429031,0.28153801,0.588435173,0.270151138,0.263799667,0.32516098,0.137933731,0.109239578,0.0292892456,-0.101122856,0.0121994019,-0.0671415329,0.0336294174,-0.0441522598,-0.204939842,-0.133980751,0.192643166,-0.0490541458,-0.0588722229
2026-08-22T14:33:01.765+00:00	217.016	QUALITY protocol=asd-quality-v1.5.0 phase=CAL_SUMMARY result=OBSERVED loo_mean=876.173035 loo_sd=1713.971802 loo_cv=1.956202 loo_range=5552.586914 loo_gate=pending_normal_only
2026-08-22T14:33:01.772+00:00	217.031	STATE protocol=asd-quality-v1.5.0 from=NO_MACHINE to=CALIBRATION_REJECTED reason=UNSTABLE_CALIBRATION
2026-08-22T14:33:01.798+00:00	217.063	FLAGS protocol=asd-quality-v1.5.0 mode=FAULT state=CALIBRATION_REJECTED waiting=0 learning=0 learned=0 anomaly=0 hold=0 fault=1 green=double_blink red=double_blink guided25_available=1 workflow_pending=DEFAULT research_telemetry=1 profile_persistence_allowed=0 dropped=0
2026-08-22T14:33:01.810+00:00	217.063	EVENT protocol=asd-quality-v1.5.0 type=FLOW_STOPPED state=CALIBRATION_REJECTED phase=CAL reason=UNSTABLE_CALIBRATION event=NONE capability=AVAILABLE level=DEVIATION
2026-08-22T14:33:01.817+00:00	217.078	E (217014) psdlive: K1 odbio kalibraciju: UNSTABLE_CALIBRATION -> CALIBRATION_REJECTED
2026-08-22T14:33:01.827+00:00	217.078	SESSION protocol=asd-quality-v1.5.0 action=ENDED source=FIRMWARE reason=CALIBRATION_REJECTED discards_calibration=0
2026-08-22T14:33:01.835+00:00	217.094	I (217034) psdlive: sesija zavrsena u stanju CALIBRATION_REJECTED; taster pokrece novo ucenje
2026-08-22T14:33:01.843+00:00	217.094	I (217044) psdlive: pritisni taster (GPIO10) ili posalji PRESS da pocne ucenje
2026-08-22T14:33:06.788+00:00	222.047	FLAGS protocol=asd-quality-v1.5.0 mode=FAULT state=CALIBRATION_REJECTED waiting=0 learning=0 learned=0 anomaly=0 hold=0 fault=1 green=double_blink red=double_blink guided25_available=1 workflow_pending=DEFAULT research_telemetry=1 profile_persistence_allowed=0 dropped=0
2026-08-22T14:33:11.796+00:00	227.047	FLAGS protocol=asd-quality-v1.5.0 mode=FAULT state=CALIBRATION_REJECTED waiting=0 learning=0 learned=0 anomaly=0 hold=0 fault=1 green=double_blink red=double_blink guided25_available=1 workflow_pending=DEFAULT research_telemetry=1 profile_persistence_allowed=0 dropped=0
2026-08-22T14:33:16.806+00:00	232.063	FLAGS protocol=asd-quality-v1.5.0 mode=FAULT state=CALIBRATION_REJECTED waiting=0 learning=0 learned=0 anomaly=0 hold=0 fault=1 green=double_blink red=double_blink guided25_available=1 workflow_pending=DEFAULT research_telemetry=1 profile_persistence_allowed=0 dropped=0
2026-08-22T14:33:21.817+00:00	237.078	FLAGS protocol=asd-quality-v1.5.0 mode=FAULT state=CALIBRATION_REJECTED waiting=0 learning=0 learned=0 anomaly=0 hold=0 fault=1 green=double_blink red=double_blink guided25_available=1 workflow_pending=DEFAULT research_telemetry=1 profile_persistence_allowed=0 dropped=0
2026-08-22T14:33:26.827+00:00	242.078	FLAGS protocol=asd-quality-v1.5.0 mode=FAULT state=CALIBRATION_REJECTED waiting=0 learning=0 learned=0 anomaly=0 hold=0 fault=1 green=double_blink red=double_blink guided25_available=1 workflow_pending=DEFAULT research_telemetry=1 profile_persistence_allowed=0 dropped=0
2026-08-22T14:33:31.836+00:00	247.094	FLAGS protocol=asd-quality-v1.5.0 mode=FAULT state=CALIBRATION_REJECTED waiting=0 learning=0 learned=0 anomaly=0 hold=0 fault=1 green=double_blink red=double_blink guided25_available=1 workflow_pending=DEFAULT research_telemetry=1 profile_persistence_allowed=0 dropped=0
2026-08-22T14:33:36.846+00:00	252.110	FLAGS protocol=asd-quality-v1.5.0 mode=FAULT state=CALIBRATION_REJECTED waiting=0 learning=0 learned=0 anomaly=0 hold=0 fault=1 green=double_blink red=double_blink guided25_available=1 workflow_pending=DEFAULT research_telemetry=1 profile_persistence_allowed=0 dropped=0
2026-08-22T14:33:41.856+00:00	257.110	FLAGS protocol=asd-quality-v1.5.0 mode=FAULT state=CALIBRATION_REJECTED waiting=0 learning=0 learned=0 anomaly=0 hold=0 fault=1 green=double_blink red=double_blink guided25_available=1 workflow_pending=DEFAULT research_telemetry=1 profile_persistence_allowed=0 dropped=0
2026-08-22T14:33:46.866+00:00	262.125	FLAGS protocol=asd-quality-v1.5.0 mode=FAULT state=CALIBRATION_REJECTED waiting=0 learning=0 learned=0 anomaly=0 hold=0 fault=1 green=double_blink red=double_blink guided25_available=1 workflow_pending=DEFAULT research_telemetry=1 profile_persistence_allowed=0 dropped=0
2026-08-22T14:33:51.877+00:00	267.141	FLAGS protocol=asd-quality-v1.5.0 mode=FAULT state=CALIBRATION_REJECTED waiting=0 learning=0 learned=0 anomaly=0 hold=0 fault=1 green=double_blink red=double_blink guided25_available=1 workflow_pending=DEFAULT research_telemetry=1 profile_persistence_allowed=0 dropped=0
2026-08-22T14:33:56.886+00:00	272.141	FLAGS protocol=asd-quality-v1.5.0 mode=FAULT state=CALIBRATION_REJECTED waiting=0 learning=0 learned=0 anomaly=0 hold=0 fault=1 green=double_blink red=double_blink guided25_available=1 workflow_pending=DEFAULT research_telemetry=1 profile_persistence_allowed=0 dropped=0
2026-08-22T14:34:01.897+00:00	277.156	FLAGS protocol=asd-quality-v1.5.0 mode=FAULT state=CALIBRATION_REJECTED waiting=0 learning=0 learned=0 anomaly=0 hold=0 fault=1 green=double_blink red=double_blink guided25_available=1 workflow_pending=DEFAULT research_telemetry=1 profile_persistence_allowed=0 dropped=0
2026-08-22T14:34:06.906+00:00	282.172	FLAGS protocol=asd-quality-v1.5.0 mode=FAULT state=CALIBRATION_REJECTED waiting=0 learning=0 learned=0 anomaly=0 hold=0 fault=1 green=double_blink red=double_blink guided25_available=1 workflow_pending=DEFAULT research_telemetry=1 profile_persistence_allowed=0 dropped=0
2026-08-22T14:34:11.917+00:00	287.172	FLAGS protocol=asd-quality-v1.5.0 mode=FAULT state=CALIBRATION_REJECTED waiting=0 learning=0 learned=0 anomaly=0 hold=0 fault=1 green=double_blink red=double_blink guided25_available=1 workflow_pending=DEFAULT research_telemetry=1 profile_persistence_allowed=0 dropped=0
2026-08-22T14:34:16.927+00:00	292.188	FLAGS protocol=asd-quality-v1.5.0 mode=FAULT state=CALIBRATION_REJECTED waiting=0 learning=0 learned=0 anomaly=0 hold=0 fault=1 green=double_blink red=double_blink guided25_available=1 workflow_pending=DEFAULT research_telemetry=1 profile_persistence_allowed=0 dropped=0
2026-08-22T14:34:21.936+00:00	297.188	FLAGS protocol=asd-quality-v1.5.0 mode=FAULT state=CALIBRATION_REJECTED waiting=0 learning=0 learned=0 anomaly=0 hold=0 fault=1 green=double_blink red=double_blink guided25_available=1 workflow_pending=DEFAULT research_telemetry=1 profile_persistence_allowed=0 dropped=0
2026-08-22T14:34:26.946+00:00	302.203	FLAGS protocol=asd-quality-v1.5.0 mode=FAULT state=CALIBRATION_REJECTED waiting=0 learning=0 learned=0 anomaly=0 hold=0 fault=1 green=double_blink red=double_blink guided25_available=1 workflow_pending=DEFAULT research_telemetry=1 profile_persistence_allowed=0 dropped=0
2026-08-22T14:34:31.958+00:00	307.219	FLAGS protocol=asd-quality-v1.5.0 mode=FAULT state=CALIBRATION_REJECTED waiting=0 learning=0 learned=0 anomaly=0 hold=0 fault=1 green=double_blink red=double_blink guided25_available=1 workflow_pending=DEFAULT research_telemetry=1 profile_persistence_allowed=0 dropped=0
2026-08-22T14:34:36.965+00:00	312.219	FLAGS protocol=asd-quality-v1.5.0 mode=FAULT state=CALIBRATION_REJECTED waiting=0 learning=0 learned=0 anomaly=0 hold=0 fault=1 green=double_blink red=double_blink guided25_available=1 workflow_pending=DEFAULT research_telemetry=1 profile_persistence_allowed=0 dropped=0
2026-08-22T14:34:41.976+00:00	317.235	FLAGS protocol=asd-quality-v1.5.0 mode=FAULT state=CALIBRATION_REJECTED waiting=0 learning=0 learned=0 anomaly=0 hold=0 fault=1 green=double_blink red=double_blink guided25_available=1 workflow_pending=DEFAULT research_telemetry=1 profile_persistence_allowed=0 dropped=0
2026-08-22T14:34:46.988+00:00	322.250	FLAGS protocol=asd-quality-v1.5.0 mode=FAULT state=CALIBRATION_REJECTED waiting=0 learning=0 learned=0 anomaly=0 hold=0 fault=1 green=double_blink red=double_blink guided25_available=1 workflow_pending=DEFAULT research_telemetry=1 profile_persistence_allowed=0 dropped=0
2026-08-22T14:34:51.995+00:00	327.250	FLAGS protocol=asd-quality-v1.5.0 mode=FAULT state=CALIBRATION_REJECTED waiting=0 learning=0 learned=0 anomaly=0 hold=0 fault=1 green=double_blink red=double_blink guided25_available=1 workflow_pending=DEFAULT research_telemetry=1 profile_persistence_allowed=0 dropped=0
2026-08-22T14:34:57.007+00:00	332.266	FLAGS protocol=asd-quality-v1.5.0 mode=FAULT state=CALIBRATION_REJECTED waiting=0 learning=0 learned=0 anomaly=0 hold=0 fault=1 green=double_blink red=double_blink guided25_available=1 workflow_pending=DEFAULT research_telemetry=1 profile_persistence_allowed=0 dropped=0
2026-08-22T14:35:02.016+00:00	337.281	FLAGS protocol=asd-quality-v1.5.0 mode=FAULT state=CALIBRATION_REJECTED waiting=0 learning=0 learned=0 anomaly=0 hold=0 fault=1 green=double_blink red=double_blink guided25_available=1 workflow_pending=DEFAULT research_telemetry=1 profile_persistence_allowed=0 dropped=0
2026-08-22T14:35:07.026+00:00	342.281	FLAGS protocol=asd-quality-v1.5.0 mode=FAULT state=CALIBRATION_REJECTED waiting=0 learning=0 learned=0 anomaly=0 hold=0 fault=1 green=double_blink red=double_blink guided25_available=1 workflow_pending=DEFAULT research_telemetry=1 profile_persistence_allowed=0 dropped=0
2026-08-22T14:35:12.037+00:00	347.297	FLAGS protocol=asd-quality-v1.5.0 mode=FAULT state=CALIBRATION_REJECTED waiting=0 learning=0 learned=0 anomaly=0 hold=0 fault=1 green=double_blink red=double_blink guided25_available=1 workflow_pending=DEFAULT research_telemetry=1 profile_persistence_allowed=0 dropped=0
2026-08-22T14:35:17.046+00:00	352.297	FLAGS protocol=asd-quality-v1.5.0 mode=FAULT state=CALIBRATION_REJECTED waiting=0 learning=0 learned=0 anomaly=0 hold=0 fault=1 green=double_blink red=double_blink guided25_available=1 workflow_pending=DEFAULT research_telemetry=1 profile_persistence_allowed=0 dropped=0
2026-08-22T14:35:22.058+00:00	357.313	FLAGS protocol=asd-quality-v1.5.0 mode=FAULT state=CALIBRATION_REJECTED waiting=0 learning=0 learned=0 anomaly=0 hold=0 fault=1 green=double_blink red=double_blink guided25_available=1 workflow_pending=DEFAULT research_telemetry=1 profile_persistence_allowed=0 dropped=0
2026-08-22T14:35:27.068+00:00	362.328	FLAGS protocol=asd-quality-v1.5.0 mode=FAULT state=CALIBRATION_REJECTED waiting=0 learning=0 learned=0 anomaly=0 hold=0 fault=1 green=double_blink red=double_blink guided25_available=1 workflow_pending=DEFAULT research_telemetry=1 profile_persistence_allowed=0 dropped=0
2026-08-22T14:35:32.076+00:00	367.328	FLAGS protocol=asd-quality-v1.5.0 mode=FAULT state=CALIBRATION_REJECTED waiting=0 learning=0 learned=0 anomaly=0 hold=0 fault=1 green=double_blink red=double_blink guided25_available=1 workflow_pending=DEFAULT research_telemetry=1 profile_persistence_allowed=0 dropped=0
2026-08-22T14:35:37.086+00:00	372.344	FLAGS protocol=asd-quality-v1.5.0 mode=FAULT state=CALIBRATION_REJECTED waiting=0 learning=0 learned=0 anomaly=0 hold=0 fault=1 green=double_blink red=double_blink guided25_available=1 workflow_pending=DEFAULT research_telemetry=1 profile_persistence_allowed=0 dropped=0
2026-08-22T14:35:42.099+00:00	377.360	FLAGS protocol=asd-quality-v1.5.0 mode=FAULT state=CALIBRATION_REJECTED waiting=0 learning=0 learned=0 anomaly=0 hold=0 fault=1 green=double_blink red=double_blink guided25_available=1 workflow_pending=DEFAULT research_telemetry=1 profile_persistence_allowed=0 dropped=0
2026-08-22T14:35:47.106+00:00	382.360	FLAGS protocol=asd-quality-v1.5.0 mode=FAULT state=CALIBRATION_REJECTED waiting=0 learning=0 learned=0 anomaly=0 hold=0 fault=1 green=double_blink red=double_blink guided25_available=1 workflow_pending=DEFAULT research_telemetry=1 profile_persistence_allowed=0 dropped=0
2026-08-22T14:35:52.116+00:00	387.375	FLAGS protocol=asd-quality-v1.5.0 mode=FAULT state=CALIBRATION_REJECTED waiting=0 learning=0 learned=0 anomaly=0 hold=0 fault=1 green=double_blink red=double_blink guided25_available=1 workflow_pending=DEFAULT research_telemetry=1 profile_persistence_allowed=0 dropped=0
