2026-08-23T18:08:12.107+00:00	1.125	I (1118) esp_psram: SPI SRAM memory test OK
2026-08-23T18:08:12.116+00:00	1.140	I (1126) cpu_start: GPIO 44 and 43 are used as console UART I/O pins
2026-08-23T18:08:12.118+00:00	1.140	I (1126) cpu_start: Pro cpu start user code
2026-08-23T18:08:12.118+00:00	1.140	I (1127) cpu_start: cpu freq: 240000000 Hz
2026-08-23T18:08:12.122+00:00	1.140	I (1128) app_init: Application information:
2026-08-23T18:08:12.126+00:00	1.156	I (1132) app_init: Project name:     esp32s3_asd
2026-08-23T18:08:12.133+00:00	1.156	I (1137) app_init: App version:      on-device-verified-70-g4f725e8
2026-08-23T18:08:12.138+00:00	1.156	I (1143) app_init: Compile time:     Aug 22 2026 15:47:18
2026-08-23T18:08:12.143+00:00	1.172	I (1148) app_init: ELF file SHA256:  5f915a9ed...
2026-08-23T18:08:12.148+00:00	1.172	I (1152) app_init: ESP-IDF:          v5.5.5-34-g21f3b71cbbf
2026-08-23T18:08:12.152+00:00	1.172	I (1157) efuse_init: Min chip rev:     v0.0
2026-08-23T18:08:12.156+00:00	1.172	I (1161) efuse_init: Max chip rev:     v0.99 
2026-08-23T18:08:12.159+00:00	1.187	I (1165) efuse_init: Chip rev:         v0.2
2026-08-23T18:08:12.166+00:00	1.187	I (1169) heap_init: Initializing. RAM available for dynamic allocation:
2026-08-23T18:08:12.171+00:00	1.187	I (1176) heap_init: At 3FCD1770 len 00017FA0 (95 KiB): RAM
2026-08-23T18:08:12.176+00:00	1.203	I (1181) heap_init: At 3FCE9710 len 00005724 (21 KiB): RAM
2026-08-23T18:08:12.182+00:00	1.203	I (1186) heap_init: At 3FCF0000 len 00008000 (32 KiB): DRAM
2026-08-23T18:08:12.187+00:00	1.203	I (1191) heap_init: At 600FE000 len 00001FE8 (7 KiB): RTCRAM
2026-08-23T18:08:12.195+00:00	1.218	I (1197) esp_psram: Adding pool of 16384K of PSRAM memory to heap allocator
2026-08-23T18:08:12.204+00:00	1.234	W (1204) spi_flash: Octal flash chip is using but dio mode is selected, will automatically switch to Octal mode
2026-08-23T18:08:12.207+00:00	1.234	I (1213) spi_flash: detected chip: mxic (opi)
2026-08-23T18:08:12.211+00:00	1.234	I (1217) spi_flash: flash io: opi_str
2026-08-23T18:08:12.217+00:00	1.234	I (1221) sleep_gpio: Configure to isolate all GPIO pins in sleep state
2026-08-23T18:08:12.224+00:00	1.250	I (1227) sleep_gpio: Enable automatic switching of GPIO sleep configuration
2026-08-23T18:08:12.228+00:00	1.250	I (1234) main_task: Started on CPU0
2026-08-23T18:08:12.235+00:00	1.265	I (1234) esp_psram: Reserving pool of 32K of internal memory for DMA/internal allocations
2026-08-23T18:08:12.238+00:00	1.265	I (1244) main_task: Calling app_main()
2026-08-23T18:08:12.241+00:00	1.265	I (1244) asd: PSRAM: 16777216 B
2026-08-23T18:08:12.245+00:00	1.265	I (1254) asd: free heap: 16914407 B
2026-08-23T18:08:12.247+00:00	1.265	I (1254) asd: I2C idle: SDA=1 SCL=1
2026-08-23T18:08:12.252+00:00	1.281	I (1264) asd: I2C poslije probe: SDA=1 SCL=1
2026-08-23T18:08:12.257+00:00	1.281	E (1264) asd: INA226 nije pronadjen na adresama 0x40-0x4F
2026-08-23T18:08:12.265+00:00	1.281	W (1264) i2s_common: dma frame num is out of dma buffer size, limited to 1023
2026-08-23T18:08:12.932+00:00	1.953	W (1944) psdlive: DEVELOPMENT policy: NVS profile load/save je zabranjen
2026-08-23T18:08:12.951+00:00	1.968	FLAGS protocol=asd-quality-v1.5.0 mode=IDLE state=NO_MACHINE waiting=1 learning=0 learned=0 anomaly=0 hold=0 fault=0 green=flash_2s red=off guided25_available=1 workflow_pending=DEFAULT research_telemetry=1 profile_persistence_allowed=0 dropped=0
2026-08-23T18:08:12.953+00:00	1.968	I (1954) psdlive: === SAMOSTALNI PSD DETEKTOR ===
2026-08-23T18:08:12.963+00:00	1.984	I (1964) psdlive: model: 96 traka, matrica 96x96 iz flesa, naucen na 990 normalnih snimaka ventilatora
2026-08-23T18:08:12.967+00:00	1.984	I (1974) psdlive: 1) pusti ventilator koji radi NORMALNO
2026-08-23T18:08:12.978+00:00	2.000	I (1974) psdlive: 2) pritisni taster ILI posalji PRESS sa konzole -> ucenje 10 x 10 s = 100 s, lampica treperi
2026-08-23T18:08:12.984+00:00	2.000	I (1984) psdlive: 3) lampica stalno svijetli = naucio; tek tada izazovi kvar
2026-08-23T18:08:12.991+00:00	2.015	I (1994) psdlive: pritisni taster (GPIO10) ili posalji PRESS da pocne ucenje
2026-08-23T18:08:17.952+00:00	6.968	FLAGS protocol=asd-quality-v1.5.0 mode=IDLE state=NO_MACHINE waiting=1 learning=0 learned=0 anomaly=0 hold=0 fault=0 green=flash_2s red=off guided25_available=1 workflow_pending=DEFAULT research_telemetry=1 profile_persistence_allowed=0 dropped=0
2026-08-23T18:08:22.963+00:00	11.984	FLAGS protocol=asd-quality-v1.5.0 mode=IDLE state=NO_MACHINE waiting=1 learning=0 learned=0 anomaly=0 hold=0 fault=0 green=flash_2s red=off guided25_available=1 workflow_pending=DEFAULT research_telemetry=1 profile_persistence_allowed=0 dropped=0
2026-08-23T18:08:27.972+00:00	17.000	FLAGS protocol=asd-quality-v1.5.0 mode=IDLE state=NO_MACHINE waiting=1 learning=0 learned=0 anomaly=0 hold=0 fault=0 green=flash_2s red=off guided25_available=1 workflow_pending=DEFAULT research_telemetry=1 profile_persistence_allowed=0 dropped=0
2026-08-23T18:08:32.982+00:00	22.000	FLAGS protocol=asd-quality-v1.5.0 mode=IDLE state=NO_MACHINE waiting=1 learning=0 learned=0 anomaly=0 hold=0 fault=0 green=flash_2s red=off guided25_available=1 workflow_pending=DEFAULT research_telemetry=1 profile_persistence_allowed=0 dropped=0
2026-08-23T18:08:37.993+00:00	27.015	FLAGS protocol=asd-quality-v1.5.0 mode=IDLE state=NO_MACHINE waiting=1 learning=0 learned=0 anomaly=0 hold=0 fault=0 green=flash_2s red=off guided25_available=1 workflow_pending=DEFAULT research_telemetry=1 profile_persistence_allowed=0 dropped=0
2026-08-23T18:08:41.009+00:00	30.031	VWORKFLOW mode=GUIDED25 result=accepted
2026-08-23T18:08:41.011+00:00	30.031	VBUTTON protocol=asd-quality-v1.5.0 source=console event=SHORT result=accepted
2026-08-23T18:08:41.018+00:00	30.047	BUTTON protocol=asd-quality-v1.5.0 event=SHORT mode=IDLE command=START_LEARNING discards=0
2026-08-23T18:08:41.028+00:00	30.047	SESSION protocol=asd-quality-v1.5.0 action=STARTED source=BUTTON reason=OPERATOR_REQUEST discards_calibration=0
2026-08-23T18:08:41.035+00:00	30.062	STATE protocol=asd-quality-v1.5.0 from=NO_MACHINE to=NO_MACHINE reason=BOOT_FAIL_CLOSED
2026-08-23T18:08:41.059+00:00	30.078	FLAGS protocol=asd-quality-v1.5.0 mode=LEARNING state=NO_MACHINE waiting=0 learning=1 learned=0 anomaly=0 hold=0 fault=0 green=blink_5hz red=off guided25_available=1 workflow_pending=DEFAULT research_telemetry=1 profile_persistence_allowed=0 dropped=0
2026-08-23T18:08:41.079+00:00	30.109	COMMISSION protocol=asd-quality-v1.5.0 policy=asd-commissioning-policy-v1.0.0-development developmental=1 action=STARTED phase=SETTLE index=0 total=8 result=NONE score_valid=0 score=0 level_dbfs=-999 tonalness_proxy=0 feature_drift=0
2026-08-23T18:08:46.043+00:00	35.062	FLAGS protocol=asd-quality-v1.5.0 mode=LEARNING state=NO_MACHINE waiting=0 learning=1 learned=0 anomaly=0 hold=0 fault=0 green=blink_5hz red=off guided25_available=1 workflow_pending=DEFAULT research_telemetry=1 profile_persistence_allowed=0 dropped=0
2026-08-23T18:08:50.985+00:00	40.015	COMMISSION protocol=asd-quality-v1.5.0 policy=asd-commissioning-policy-v1.0.0-development developmental=1 action=WINDOW phase=SETTLE index=1 total=8 result=NONE score_valid=0 score=0 level_dbfs=-46.1890945 tonalness_proxy=3.55213547 feature_drift=0
2026-08-23T18:08:51.053+00:00	40.078	FLAGS protocol=asd-quality-v1.5.0 mode=LEARNING state=NO_MACHINE waiting=0 learning=1 learned=0 anomaly=0 hold=0 fault=0 green=blink_5hz red=off guided25_available=1 workflow_pending=DEFAULT research_telemetry=1 profile_persistence_allowed=0 dropped=0
2026-08-23T18:08:56.063+00:00	45.078	FLAGS protocol=asd-quality-v1.5.0 mode=LEARNING state=NO_MACHINE waiting=0 learning=1 learned=0 anomaly=0 hold=0 fault=0 green=blink_5hz red=off guided25_available=1 workflow_pending=DEFAULT research_telemetry=1 profile_persistence_allowed=0 dropped=0
2026-08-23T18:09:00.960+00:00	49.984	COMMISSION protocol=asd-quality-v1.5.0 policy=asd-commissioning-policy-v1.0.0-development developmental=1 action=WINDOW phase=SETTLE index=2 total=8 result=NONE score_valid=0 score=0 level_dbfs=-46.6489792 tonalness_proxy=3.54881096 feature_drift=0.0507843457
2026-08-23T18:09:01.073+00:00	50.093	FLAGS protocol=asd-quality-v1.5.0 mode=LEARNING state=NO_MACHINE waiting=0 learning=1 learned=0 anomaly=0 hold=0 fault=0 green=blink_5hz red=off guided25_available=1 workflow_pending=DEFAULT research_telemetry=1 profile_persistence_allowed=0 dropped=0
2026-08-23T18:09:06.083+00:00	55.109	FLAGS protocol=asd-quality-v1.5.0 mode=LEARNING state=NO_MACHINE waiting=0 learning=1 learned=0 anomaly=0 hold=0 fault=0 green=blink_5hz red=off guided25_available=1 workflow_pending=DEFAULT research_telemetry=1 profile_persistence_allowed=0 dropped=0
2026-08-23T18:09:10.937+00:00	59.953	COMMISSION protocol=asd-quality-v1.5.0 policy=asd-commissioning-policy-v1.0.0-development developmental=1 action=WINDOW phase=SETTLE index=3 total=8 result=NONE score_valid=0 score=0 level_dbfs=-46.9213066 tonalness_proxy=3.55990982 feature_drift=0.0693689212
2026-08-23T18:09:11.093+00:00	60.109	FLAGS protocol=asd-quality-v1.5.0 mode=LEARNING state=NO_MACHINE waiting=0 learning=1 learned=0 anomaly=0 hold=0 fault=0 green=blink_5hz red=off guided25_available=1 workflow_pending=DEFAULT research_telemetry=1 profile_persistence_allowed=0 dropped=0
2026-08-23T18:09:16.103+00:00	65.125	FLAGS protocol=asd-quality-v1.5.0 mode=LEARNING state=NO_MACHINE waiting=0 learning=1 learned=0 anomaly=0 hold=0 fault=0 green=blink_5hz red=off guided25_available=1 workflow_pending=DEFAULT research_telemetry=1 profile_persistence_allowed=0 dropped=0
2026-08-23T18:09:20.974+00:00	70.000	COMMISSION protocol=asd-quality-v1.5.0 policy=asd-commissioning-policy-v1.0.0-development developmental=1 action=WINDOW phase=CENTER_LEARNING index=4 total=8 result=NONE score_valid=0 score=0 level_dbfs=-47.2364998 tonalness_proxy=3.57408047 feature_drift=0.0571020544
2026-08-23T18:09:20.996+00:00	70.015	COMMISSION protocol=asd-quality-v1.5.0 policy=asd-commissioning-policy-v1.0.0-development developmental=1 action=PHASE_ENTERED phase=CENTER_LEARNING index=0 total=10 result=NONE score_valid=0 score=0 level_dbfs=-999 tonalness_proxy=0 feature_drift=0
2026-08-23T18:09:21.112+00:00	70.140	FLAGS protocol=asd-quality-v1.5.0 mode=LEARNING state=NO_MACHINE waiting=0 learning=1 learned=0 anomaly=0 hold=0 fault=0 green=blink_5hz red=off guided25_available=1 workflow_pending=DEFAULT research_telemetry=1 profile_persistence_allowed=0 dropped=0
2026-08-23T18:09:21.210+00:00	70.234	QUALITY protocol=asd-quality-v1.5.0 phase=WAIT index=1 total=60 result=OK metrics_valid=1 samples=4096 expected=4096 rms_dbfs=-46.543 dc=-0.450 peak=501 clipped=0 zeros=10 stuck=12 dropped_delta=0 feature_valid=0 tonalness_valid=0 tonalness_proxy=0.000000 tonal_gate=not_computed
2026-08-23T18:09:21.464+00:00	70.484	WAIT 1/60 level_dbfs=-46.54 spread=0.000 nivo=-46.5 dBFS cujem
2026-08-23T18:09:21.468+00:00	70.484	QUALITY protocol=asd-quality-v1.5.0 phase=WAIT index=2 total=60 result=OK metrics_valid=1 samples=4096 expected=4096 rms_dbfs=-46.537 dc=-1.298 peak=526 clipped=0 zeros=12 stuck=17 dropped_delta=0 feature_valid=0 tonalness_valid=0 tonalness_proxy=0.000000 tonal_gate=not_computed
2026-08-23T18:09:21.720+00:00	70.750	WAIT 2/60 level_dbfs=-46.54 spread=0.000 nivo=-46.5 dBFS cujem
2026-08-23T18:09:21.723+00:00	70.750	QUALITY protocol=asd-quality-v1.5.0 phase=WAIT index=3 total=60 result=OK metrics_valid=1 samples=4096 expected=4096 rms_dbfs=-46.442 dc=1.487 peak=494 clipped=0 zeros=9 stuck=5 dropped_delta=0 feature_valid=0 tonalness_valid=0 tonalness_proxy=0.000000 tonal_gate=not_computed
2026-08-23T18:09:21.976+00:00	71.000	WAIT 3/60 level_dbfs=-46.44 spread=0.000 nivo=-46.4 dBFS cujem
2026-08-23T18:09:21.979+00:00	71.000	QUALITY protocol=asd-quality-v1.5.0 phase=WAIT index=4 total=60 result=OK metrics_valid=1 samples=4096 expected=4096 rms_dbfs=-46.663 dc=-0.953 peak=522 clipped=0 zeros=8 stuck=12 dropped_delta=0 feature_valid=0 tonalness_valid=0 tonalness_proxy=0.000000 tonal_gate=not_computed
2026-08-23T18:09:22.232+00:00	71.250	WAIT 4/60 level_dbfs=-46.66 spread=0.000 nivo=-46.7 dBFS cujem
2026-08-23T18:09:22.237+00:00	71.265	QUALITY protocol=asd-quality-v1.5.0 phase=WAIT index=5 total=60 result=OK metrics_valid=1 samples=4096 expected=4096 rms_dbfs=-47.138 dc=-0.180 peak=487 clipped=0 zeros=15 stuck=7 dropped_delta=0 feature_valid=0 tonalness_valid=0 tonalness_proxy=0.000000 tonal_gate=not_computed
2026-08-23T18:09:22.487+00:00	71.515	WAIT 5/60 level_dbfs=-47.14 spread=0.000 nivo=-47.1 dBFS cujem
2026-08-23T18:09:22.491+00:00	71.515	QUALITY protocol=asd-quality-v1.5.0 phase=WAIT index=6 total=60 result=OK metrics_valid=1 samples=4096 expected=4096 rms_dbfs=-47.320 dc=-0.571 peak=485 clipped=0 zeros=11 stuck=8 dropped_delta=0 feature_valid=0 tonalness_valid=0 tonalness_proxy=0.000000 tonal_gate=not_computed
2026-08-23T18:09:22.742+00:00	71.765	WAIT 6/60 level_dbfs=-47.32 spread=0.000 nivo=-47.3 dBFS cujem
2026-08-23T18:09:22.746+00:00	71.765	QUALITY protocol=asd-quality-v1.5.0 phase=WAIT index=7 total=60 result=OK metrics_valid=1 samples=4096 expected=4096 rms_dbfs=-47.307 dc=-0.068 peak=481 clipped=0 zeros=16 stuck=6 dropped_delta=0 feature_valid=0 tonalness_valid=0 tonalness_proxy=0.000000 tonal_gate=not_computed
2026-08-23T18:09:22.999+00:00	72.015	WAIT 7/60 level_dbfs=-47.31 spread=0.000 nivo=-47.3 dBFS cujem
2026-08-23T18:09:23.002+00:00	72.031	QUALITY protocol=asd-quality-v1.5.0 phase=WAIT index=8 total=60 result=OK metrics_valid=1 samples=4096 expected=4096 rms_dbfs=-47.245 dc=-0.479 peak=469 clipped=0 zeros=10 stuck=6 dropped_delta=0 feature_valid=0 tonalness_valid=0 tonalness_proxy=0.000000 tonal_gate=not_computed
2026-08-23T18:09:23.254+00:00	72.281	WAIT 8/60 level_dbfs=-47.25 spread=0.000 nivo=-47.2 dBFS cujem
2026-08-23T18:09:23.259+00:00	72.281	QUALITY protocol=asd-quality-v1.5.0 phase=WAIT index=9 total=60 result=OK metrics_valid=1 samples=4096 expected=4096 rms_dbfs=-47.203 dc=-2.224 peak=464 clipped=0 zeros=16 stuck=7 dropped_delta=0 feature_valid=0 tonalness_valid=0 tonalness_proxy=0.000000 tonal_gate=not_computed
2026-08-23T18:09:23.510+00:00	72.531	WAIT 9/60 level_dbfs=-47.20 spread=0.000 nivo=-47.2 dBFS cujem
2026-08-23T18:09:23.514+00:00	72.531	QUALITY protocol=asd-quality-v1.5.0 phase=WAIT index=10 total=60 result=OK metrics_valid=1 samples=4096 expected=4096 rms_dbfs=-47.217 dc=0.264 peak=478 clipped=0 zeros=9 stuck=14 dropped_delta=0 feature_valid=0 tonalness_valid=0 tonalness_proxy=0.000000 tonal_gate=not_computed
2026-08-23T18:09:23.516+00:00	72.531	WAIT 10/60 level_dbfs=-47.22 spread=0.000 nivo=-47.2 dBFS cujem
2026-08-23T18:09:23.768+00:00	72.797	QUALITY protocol=asd-quality-v1.5.0 phase=WAIT index=11 total=60 result=OK metrics_valid=1 samples=4096 expected=4096 rms_dbfs=-47.145 dc=-1.150 peak=483 clipped=0 zeros=13 stuck=9 dropped_delta=0 feature_valid=0 tonalness_valid=0 tonalness_proxy=0.000000 tonal_gate=not_computed
2026-08-23T18:09:23.771+00:00	72.797	WAIT 11/60 level_dbfs=-47.14 spread=0.000 nivo=-47.1 dBFS cujem
2026-08-23T18:09:24.024+00:00	73.047	QUALITY protocol=asd-quality-v1.5.0 phase=WAIT index=12 total=60 result=OK metrics_valid=1 samples=4096 expected=4096 rms_dbfs=-47.143 dc=0.355 peak=486 clipped=0 zeros=10 stuck=4 dropped_delta=0 feature_valid=0 tonalness_valid=0 tonalness_proxy=0.000000 tonal_gate=not_computed
2026-08-23T18:09:24.027+00:00	73.047	WAIT 12/60 level_dbfs=-47.14 spread=0.000 nivo=-47.1 dBFS cujem
2026-08-23T18:09:24.279+00:00	73.297	QUALITY protocol=asd-quality-v1.5.0 phase=WAIT index=13 total=60 result=OK metrics_valid=1 samples=4096 expected=4096 rms_dbfs=-46.625 dc=-1.062 peak=493 clipped=0 zeros=12 stuck=6 dropped_delta=0 feature_valid=0 tonalness_valid=0 tonalness_proxy=0.000000 tonal_gate=not_computed
2026-08-23T18:09:24.283+00:00	73.312	WAIT 13/60 level_dbfs=-46.63 spread=0.000 nivo=-46.6 dBFS cujem
2026-08-23T18:09:24.536+00:00	73.562	QUALITY protocol=asd-quality-v1.5.0 phase=WAIT index=14 total=60 result=OK metrics_valid=1 samples=4096 expected=4096 rms_dbfs=-46.598 dc=-0.390 peak=528 clipped=0 zeros=13 stuck=7 dropped_delta=0 feature_valid=0 tonalness_valid=0 tonalness_proxy=0.000000 tonal_gate=not_computed
2026-08-23T18:09:24.539+00:00	73.562	WAIT 14/60 level_dbfs=-46.60 spread=0.000 nivo=-46.6 dBFS cujem
2026-08-23T18:09:24.791+00:00	73.812	QUALITY protocol=asd-quality-v1.5.0 phase=WAIT index=15 total=60 result=OK metrics_valid=1 samples=4096 expected=4096 rms_dbfs=-47.077 dc=-0.265 peak=485 clipped=0 zeros=10 stuck=5 dropped_delta=0 feature_valid=0 tonalness_valid=0 tonalness_proxy=0.000000 tonal_gate=not_computed
2026-08-23T18:09:24.795+00:00	73.812	WAIT 15/60 level_dbfs=-47.08 spread=0.000 nivo=-47.1 dBFS cujem
2026-08-23T18:09:25.047+00:00	74.078	QUALITY protocol=asd-quality-v1.5.0 phase=WAIT index=16 total=60 result=OK metrics_valid=1 samples=4096 expected=4096 rms_dbfs=-47.004 dc=-0.100 peak=467 clipped=0 zeros=17 stuck=9 dropped_delta=0 feature_valid=0 tonalness_valid=0 tonalness_proxy=0.000000 tonal_gate=not_computed
2026-08-23T18:09:25.050+00:00	74.078	WAIT 16/60 level_dbfs=-47.00 spread=0.000 nivo=-47.0 dBFS cujem
2026-08-23T18:09:25.303+00:00	74.328	QUALITY protocol=asd-quality-v1.5.0 phase=WAIT index=17 total=60 result=OK metrics_valid=1 samples=4096 expected=4096 rms_dbfs=-47.137 dc=-0.241 peak=496 clipped=0 zeros=18 stuck=13 dropped_delta=0 feature_valid=0 tonalness_valid=0 tonalness_proxy=0.000000 tonal_gate=not_computed
2026-08-23T18:09:25.306+00:00	74.328	WAIT 17/60 level_dbfs=-47.14 spread=0.000 nivo=-47.1 dBFS cujem
2026-08-23T18:09:25.559+00:00	74.578	QUALITY protocol=asd-quality-v1.5.0 phase=WAIT index=18 total=60 result=OK metrics_valid=1 samples=4096 expected=4096 rms_dbfs=-47.241 dc=-0.274 peak=472 clipped=0 zeros=15 stuck=4 dropped_delta=0 feature_valid=0 tonalness_valid=0 tonalness_proxy=0.000000 tonal_gate=not_computed
2026-08-23T18:09:25.562+00:00	74.578	WAIT 18/60 level_dbfs=-47.24 spread=0.000 nivo=-47.2 dBFS cujem
2026-08-23T18:09:25.814+00:00	74.843	QUALITY protocol=asd-quality-v1.5.0 phase=WAIT index=19 total=60 result=OK metrics_valid=1 samples=4096 expected=4096 rms_dbfs=-47.300 dc=-1.826 peak=481 clipped=0 zeros=9 stuck=7 dropped_delta=0 feature_valid=0 tonalness_valid=0 tonalness_proxy=0.000000 tonal_gate=not_computed
2026-08-23T18:09:25.817+00:00	74.843	WAIT 19/60 level_dbfs=-47.30 spread=0.000 nivo=-47.3 dBFS cujem
2026-08-23T18:09:26.070+00:00	75.093	QUALITY protocol=asd-quality-v1.5.0 phase=WAIT index=20 total=60 result=OK metrics_valid=1 samples=4096 expected=4096 rms_dbfs=-46.991 dc=-0.868 peak=479 clipped=0 zeros=5 stuck=13 dropped_delta=0 feature_valid=0 tonalness_valid=0 tonalness_proxy=0.000000 tonal_gate=not_computed
2026-08-23T18:09:26.073+00:00	75.093	WAIT 20/60 level_dbfs=-46.99 spread=0.000 nivo=-47.0 dBFS cujem
2026-08-23T18:09:26.123+00:00	75.140	FLAGS protocol=asd-quality-v1.5.0 mode=LEARNING state=NO_MACHINE waiting=0 learning=1 learned=0 anomaly=0 hold=0 fault=0 green=blink_5hz red=off guided25_available=1 workflow_pending=DEFAULT research_telemetry=1 profile_persistence_allowed=0 dropped=0
2026-08-23T18:09:26.326+00:00	75.343	QUALITY protocol=asd-quality-v1.5.0 phase=WAIT index=21 total=60 result=OK metrics_valid=1 samples=4096 expected=4096 rms_dbfs=-46.845 dc=0.657 peak=513 clipped=0 zeros=15 stuck=13 dropped_delta=0 feature_valid=0 tonalness_valid=0 tonalness_proxy=0.000000 tonal_gate=not_computed
2026-08-23T18:09:26.329+00:00	75.359	WAIT 21/60 level_dbfs=-46.84 spread=0.000 nivo=-46.8 dBFS cujem
2026-08-23T18:09:26.581+00:00	75.609	QUALITY protocol=asd-quality-v1.5.0 phase=WAIT index=22 total=60 result=OK metrics_valid=1 samples=4096 expected=4096 rms_dbfs=-46.995 dc=-1.340 peak=508 clipped=0 zeros=14 stuck=7 dropped_delta=0 feature_valid=0 tonalness_valid=0 tonalness_proxy=0.000000 tonal_gate=not_computed
2026-08-23T18:09:26.584+00:00	75.609	WAIT 22/60 level_dbfs=-46.99 spread=0.000 nivo=-47.0 dBFS cujem
2026-08-23T18:09:26.837+00:00	75.859	QUALITY protocol=asd-quality-v1.5.0 phase=WAIT index=23 total=60 result=OK metrics_valid=1 samples=4096 expected=4096 rms_dbfs=-47.063 dc=-0.969 peak=493 clipped=0 zeros=8 stuck=7 dropped_delta=0 feature_valid=0 tonalness_valid=0 tonalness_proxy=0.000000 tonal_gate=not_computed
2026-08-23T18:09:26.840+00:00	75.859	WAIT 23/60 level_dbfs=-47.06 spread=0.000 nivo=-47.1 dBFS cujem
2026-08-23T18:09:27.093+00:00	76.109	QUALITY protocol=asd-quality-v1.5.0 phase=WAIT index=24 total=60 result=OK metrics_valid=1 samples=4096 expected=4096 rms_dbfs=-47.131 dc=1.705 peak=510 clipped=0 zeros=9 stuck=4 dropped_delta=0 feature_valid=0 tonalness_valid=0 tonalness_proxy=0.000000 tonal_gate=not_computed
2026-08-23T18:09:27.118+00:00	76.140	WAIT 24/60 level_dbfs=-47.13 spread=0.000 nivo=-47.1 dBFS cujem
2026-08-23T18:09:27.350+00:00	76.375	QUALITY protocol=asd-quality-v1.5.0 phase=WAIT index=25 total=60 result=OK metrics_valid=1 samples=4096 expected=4096 rms_dbfs=-46.797 dc=-1.505 peak=566 clipped=0 zeros=13 stuck=15 dropped_delta=0 feature_valid=0 tonalness_valid=0 tonalness_proxy=0.000000 tonal_gate=not_computed
2026-08-23T18:09:27.352+00:00	76.375	WAIT 25/60 level_dbfs=-46.80 spread=0.000 nivo=-46.8 dBFS cujem
2026-08-23T18:09:27.605+00:00	76.625	QUALITY protocol=asd-quality-v1.5.0 phase=WAIT index=26 total=60 result=OK metrics_valid=1 samples=4096 expected=4096 rms_dbfs=-46.985 dc=0.135 peak=490 clipped=0 zeros=11 stuck=9 dropped_delta=0 feature_valid=0 tonalness_valid=0 tonalness_proxy=0.000000 tonal_gate=not_computed
2026-08-23T18:09:27.608+00:00	76.625	WAIT 26/60 level_dbfs=-46.99 spread=0.000 nivo=-47.0 dBFS cujem
2026-08-23T18:09:27.860+00:00	76.890	QUALITY protocol=asd-quality-v1.5.0 phase=WAIT index=27 total=60 result=OK metrics_valid=1 samples=4096 expected=4096 rms_dbfs=-46.974 dc=0.478 peak=533 clipped=0 zeros=15 stuck=5 dropped_delta=0 feature_valid=0 tonalness_valid=0 tonalness_proxy=0.000000 tonal_gate=not_computed
2026-08-23T18:09:27.864+00:00	76.890	WAIT 27/60 level_dbfs=-46.97 spread=0.000 nivo=-47.0 dBFS cujem
2026-08-23T18:09:28.116+00:00	77.140	QUALITY protocol=asd-quality-v1.5.0 phase=WAIT index=28 total=60 result=OK metrics_valid=1 samples=4096 expected=4096 rms_dbfs=-47.034 dc=-2.479 peak=487 clipped=0 zeros=15 stuck=5 dropped_delta=0 feature_valid=0 tonalness_valid=0 tonalness_proxy=0.000000 tonal_gate=not_computed
2026-08-23T18:09:28.119+00:00	77.140	WAIT 28/60 level_dbfs=-47.03 spread=0.000 nivo=-47.0 dBFS cujem
2026-08-23T18:09:28.371+00:00	77.390	QUALITY protocol=asd-quality-v1.5.0 phase=WAIT index=29 total=60 result=OK metrics_valid=1 samples=4096 expected=4096 rms_dbfs=-47.073 dc=1.106 peak=524 clipped=0 zeros=6 stuck=5 dropped_delta=0 feature_valid=0 tonalness_valid=0 tonalness_proxy=0.000000 tonal_gate=not_computed
2026-08-23T18:09:28.374+00:00	77.390	WAIT 29/60 level_dbfs=-47.07 spread=0.000 nivo=-47.1 dBFS cujem
2026-08-23T18:09:28.627+00:00	77.656	QUALITY protocol=asd-quality-v1.5.0 phase=WAIT index=30 total=60 result=OK metrics_valid=1 samples=4096 expected=4096 rms_dbfs=-47.120 dc=-0.062 peak=502 clipped=0 zeros=12 stuck=10 dropped_delta=0 feature_valid=0 tonalness_valid=0 tonalness_proxy=0.000000 tonal_gate=not_computed
2026-08-23T18:09:28.631+00:00	77.656	WAIT 30/60 level_dbfs=-47.12 spread=0.000 nivo=-47.1 dBFS cujem
2026-08-23T18:09:28.884+00:00	77.906	QUALITY protocol=asd-quality-v1.5.0 phase=WAIT index=31 total=60 result=OK metrics_valid=1 samples=4096 expected=4096 rms_dbfs=-47.181 dc=-0.638 peak=477 clipped=0 zeros=20 stuck=8 dropped_delta=0 feature_valid=0 tonalness_valid=0 tonalness_proxy=0.000000 tonal_gate=not_computed
2026-08-23T18:09:28.886+00:00	77.906	WAIT 31/60 level_dbfs=-47.18 spread=0.000 nivo=-47.2 dBFS cujem
2026-08-23T18:09:29.138+00:00	78.156	QUALITY protocol=asd-quality-v1.5.0 phase=WAIT index=32 total=60 result=OK metrics_valid=1 samples=4096 expected=4096 rms_dbfs=-47.182 dc=-0.361 peak=504 clipped=0 zeros=17 stuck=7 dropped_delta=0 feature_valid=0 tonalness_valid=0 tonalness_proxy=0.000000 tonal_gate=not_computed
2026-08-23T18:09:29.142+00:00	78.172	WAIT 32/60 level_dbfs=-47.18 spread=0.000 nivo=-47.2 dBFS cujem
2026-08-23T18:09:29.394+00:00	78.422	QUALITY protocol=asd-quality-v1.5.0 phase=WAIT index=33 total=60 result=OK metrics_valid=1 samples=4096 expected=4096 rms_dbfs=-47.166 dc=-0.855 peak=487 clipped=0 zeros=10 stuck=11 dropped_delta=0 feature_valid=0 tonalness_valid=0 tonalness_proxy=0.000000 tonal_gate=not_computed
2026-08-23T18:09:29.399+00:00	78.422	WAIT 33/60 level_dbfs=-47.17 spread=0.000 nivo=-47.2 dBFS cujem
2026-08-23T18:09:29.650+00:00	78.672	QUALITY protocol=asd-quality-v1.5.0 phase=WAIT index=34 total=60 result=OK metrics_valid=1 samples=4096 expected=4096 rms_dbfs=-47.108 dc=-1.166 peak=494 clipped=0 zeros=15 stuck=6 dropped_delta=0 feature_valid=0 tonalness_valid=0 tonalness_proxy=0.000000 tonal_gate=not_computed
2026-08-23T18:09:29.653+00:00	78.672	WAIT 34/60 level_dbfs=-47.11 spread=0.000 nivo=-47.1 dBFS cujem
2026-08-23T18:09:29.906+00:00	78.922	QUALITY protocol=asd-quality-v1.5.0 phase=WAIT index=35 total=60 result=OK metrics_valid=1 samples=4096 expected=4096 rms_dbfs=-47.286 dc=1.267 peak=467 clipped=0 zeros=15 stuck=7 dropped_delta=0 feature_valid=0 tonalness_valid=0 tonalness_proxy=0.000000 tonal_gate=not_computed
2026-08-23T18:09:29.910+00:00	78.937	WAIT 35/60 level_dbfs=-47.29 spread=0.000 nivo=-47.3 dBFS cujem
2026-08-23T18:09:30.162+00:00	79.187	QUALITY protocol=asd-quality-v1.5.0 phase=WAIT index=36 total=60 result=OK metrics_valid=1 samples=4096 expected=4096 rms_dbfs=-47.496 dc=-0.270 peak=504 clipped=0 zeros=10 stuck=7 dropped_delta=0 feature_valid=0 tonalness_valid=0 tonalness_proxy=0.000000 tonal_gate=not_computed
2026-08-23T18:09:30.165+00:00	79.187	WAIT 36/60 level_dbfs=-47.50 spread=0.000 nivo=-47.5 dBFS cujem
2026-08-23T18:09:30.417+00:00	79.437	QUALITY protocol=asd-quality-v1.5.0 phase=WAIT index=37 total=60 result=OK metrics_valid=1 samples=4096 expected=4096 rms_dbfs=-47.625 dc=-1.315 peak=472 clipped=0 zeros=14 stuck=9 dropped_delta=0 feature_valid=0 tonalness_valid=0 tonalness_proxy=0.000000 tonal_gate=not_computed
2026-08-23T18:09:30.421+00:00	79.437	WAIT 37/60 level_dbfs=-47.63 spread=0.000 nivo=-47.6 dBFS cujem
2026-08-23T18:09:30.673+00:00	79.703	QUALITY protocol=asd-quality-v1.5.0 phase=WAIT index=38 total=60 result=OK metrics_valid=1 samples=4096 expected=4096 rms_dbfs=-47.630 dc=0.167 peak=473 clipped=0 zeros=15 stuck=6 dropped_delta=0 feature_valid=0 tonalness_valid=0 tonalness_proxy=0.000000 tonal_gate=not_computed
2026-08-23T18:09:30.677+00:00	79.703	WAIT 38/60 level_dbfs=-47.63 spread=0.000 nivo=-47.6 dBFS cujem
2026-08-23T18:09:30.929+00:00	79.953	QUALITY protocol=asd-quality-v1.5.0 phase=WAIT index=39 total=60 result=OK metrics_valid=1 samples=4096 expected=4096 rms_dbfs=-47.554 dc=-2.243 peak=469 clipped=0 zeros=9 stuck=15 dropped_delta=0 feature_valid=0 tonalness_valid=0 tonalness_proxy=0.000000 tonal_gate=not_computed
2026-08-23T18:09:30.932+00:00	79.953	WAIT 39/60 level_dbfs=-47.55 spread=0.000 nivo=-47.6 dBFS cujem
2026-08-23T18:09:31.134+00:00	80.156	FLAGS protocol=asd-quality-v1.5.0 mode=LEARNING state=NO_MACHINE waiting=0 learning=1 learned=0 anomaly=0 hold=0 fault=0 green=blink_5hz red=off guided25_available=1 workflow_pending=DEFAULT research_telemetry=1 profile_persistence_allowed=0 dropped=0
2026-08-23T18:09:31.186+00:00	80.203	QUALITY protocol=asd-quality-v1.5.0 phase=WAIT index=40 total=60 result=OK metrics_valid=1 samples=4096 expected=4096 rms_dbfs=-47.589 dc=0.584 peak=451 clipped=0 zeros=10 stuck=8 dropped_delta=0 feature_valid=0 tonalness_valid=0 tonalness_proxy=0.000000 tonal_gate=not_computed
2026-08-23T18:09:31.188+00:00	80.218	WAIT 40/60 level_dbfs=-47.59 spread=0.000 nivo=-47.6 dBFS cujem
2026-08-23T18:09:31.441+00:00	80.468	QUALITY protocol=asd-quality-v1.5.0 phase=WAIT index=41 total=60 result=OK metrics_valid=1 samples=4096 expected=4096 rms_dbfs=-47.514 dc=1.023 peak=478 clipped=0 zeros=14 stuck=7 dropped_delta=0 feature_valid=0 tonalness_valid=0 tonalness_proxy=0.000000 tonal_gate=not_computed
2026-08-23T18:09:31.444+00:00	80.468	WAIT 41/60 level_dbfs=-47.51 spread=0.000 nivo=-47.5 dBFS cujem
2026-08-23T18:09:31.696+00:00	80.718	QUALITY protocol=asd-quality-v1.5.0 phase=WAIT index=42 total=60 result=OK metrics_valid=1 samples=4096 expected=4096 rms_dbfs=-47.445 dc=-1.668 peak=508 clipped=0 zeros=17 stuck=7 dropped_delta=0 feature_valid=0 tonalness_valid=0 tonalness_proxy=0.000000 tonal_gate=not_computed
2026-08-23T18:09:31.699+00:00	80.718	WAIT 42/60 level_dbfs=-47.45 spread=0.000 nivo=-47.4 dBFS cujem
2026-08-23T18:09:31.952+00:00	80.968	QUALITY protocol=asd-quality-v1.5.0 phase=WAIT index=43 total=60 result=OK metrics_valid=1 samples=4096 expected=4096 rms_dbfs=-47.576 dc=-0.140 peak=494 clipped=0 zeros=13 stuck=9 dropped_delta=0 feature_valid=0 tonalness_valid=0 tonalness_proxy=0.000000 tonal_gate=not_computed
2026-08-23T18:09:31.955+00:00	80.984	WAIT 43/60 level_dbfs=-47.58 spread=0.000 nivo=-47.6 dBFS cujem
2026-08-23T18:09:32.208+00:00	81.234	QUALITY protocol=asd-quality-v1.5.0 phase=WAIT index=44 total=60 result=OK metrics_valid=1 samples=4096 expected=4096 rms_dbfs=-47.630 dc=-2.021 peak=475 clipped=0 zeros=9 stuck=7 dropped_delta=0 feature_valid=0 tonalness_valid=0 tonalness_proxy=0.000000 tonal_gate=not_computed
2026-08-23T18:09:32.211+00:00	81.234	WAIT 44/60 level_dbfs=-47.63 spread=0.000 nivo=-47.6 dBFS cujem
2026-08-23T18:09:32.464+00:00	81.484	QUALITY protocol=asd-quality-v1.5.0 phase=WAIT index=45 total=60 result=OK metrics_valid=1 samples=4096 expected=4096 rms_dbfs=-47.747 dc=2.869 peak=463 clipped=0 zeros=13 stuck=7 dropped_delta=0 feature_valid=0 tonalness_valid=0 tonalness_proxy=0.000000 tonal_gate=not_computed
2026-08-23T18:09:32.466+00:00	81.484	WAIT 45/60 level_dbfs=-47.75 spread=0.000 nivo=-47.7 dBFS cujem
2026-08-23T18:09:32.719+00:00	81.734	QUALITY protocol=asd-quality-v1.5.0 phase=WAIT index=46 total=60 result=OK metrics_valid=1 samples=4096 expected=4096 rms_dbfs=-47.626 dc=-1.780 peak=469 clipped=0 zeros=18 stuck=14 dropped_delta=0 feature_valid=0 tonalness_valid=0 tonalness_proxy=0.000000 tonal_gate=not_computed
2026-08-23T18:09:32.723+00:00	81.750	WAIT 46/60 level_dbfs=-47.63 spread=0.000 nivo=-47.6 dBFS cujem
2026-08-23T18:09:32.975+00:00	82.000	QUALITY protocol=asd-quality-v1.5.0 phase=WAIT index=47 total=60 result=OK metrics_valid=1 samples=4096 expected=4096 rms_dbfs=-47.529 dc=-0.621 peak=518 clipped=0 zeros=17 stuck=10 dropped_delta=0 feature_valid=0 tonalness_valid=0 tonalness_proxy=0.000000 tonal_gate=not_computed
2026-08-23T18:09:32.979+00:00	82.000	WAIT 47/60 level_dbfs=-47.53 spread=0.000 nivo=-47.5 dBFS cujem
2026-08-23T18:09:33.231+00:00	82.250	QUALITY protocol=asd-quality-v1.5.0 phase=WAIT index=48 total=60 result=OK metrics_valid=1 samples=4096 expected=4096 rms_dbfs=-47.474 dc=-0.702 peak=514 clipped=0 zeros=10 stuck=9 dropped_delta=0 feature_valid=0 tonalness_valid=0 tonalness_proxy=0.000000 tonal_gate=not_computed
2026-08-23T18:09:33.234+00:00	82.250	WAIT 48/60 level_dbfs=-47.47 spread=0.000 nivo=-47.5 dBFS cujem
2026-08-23T18:09:33.487+00:00	82.515	QUALITY protocol=asd-quality-v1.5.0 phase=WAIT index=49 total=60 result=OK metrics_valid=1 samples=4096 expected=4096 rms_dbfs=-47.283 dc=-0.266 peak=509 clipped=0 zeros=7 stuck=11 dropped_delta=0 feature_valid=0 tonalness_valid=0 tonalness_proxy=0.000000 tonal_gate=not_computed
2026-08-23T18:09:33.490+00:00	82.515	WAIT 49/60 level_dbfs=-47.28 spread=0.000 nivo=-47.3 dBFS cujem
2026-08-23T18:09:33.742+00:00	82.765	QUALITY protocol=asd-quality-v1.5.0 phase=WAIT index=50 total=60 result=OK metrics_valid=1 samples=4096 expected=4096 rms_dbfs=-47.056 dc=-1.485 peak=573 clipped=0 zeros=17 stuck=9 dropped_delta=0 feature_valid=0 tonalness_valid=0 tonalness_proxy=0.000000 tonal_gate=not_computed
2026-08-23T18:09:33.746+00:00	82.765	WAIT 50/60 level_dbfs=-47.06 spread=0.000 nivo=-47.1 dBFS cujem
2026-08-23T18:09:33.999+00:00	83.015	QUALITY protocol=asd-quality-v1.5.0 phase=WAIT index=51 total=60 result=OK metrics_valid=1 samples=4096 expected=4096 rms_dbfs=-47.214 dc=0.373 peak=527 clipped=0 zeros=16 stuck=16 dropped_delta=0 feature_valid=0 tonalness_valid=0 tonalness_proxy=0.000000 tonal_gate=not_computed
2026-08-23T18:09:34.002+00:00	83.031	WAIT 51/60 level_dbfs=-47.21 spread=0.000 nivo=-47.2 dBFS cujem
2026-08-23T18:09:34.253+00:00	83.281	QUALITY protocol=asd-quality-v1.5.0 phase=WAIT index=52 total=60 result=OK metrics_valid=1 samples=4096 expected=4096 rms_dbfs=-47.371 dc=0.553 peak=494 clipped=0 zeros=12 stuck=8 dropped_delta=0 feature_valid=0 tonalness_valid=0 tonalness_proxy=0.000000 tonal_gate=not_computed
2026-08-23T18:09:34.257+00:00	83.281	WAIT 52/60 level_dbfs=-47.37 spread=0.000 nivo=-47.4 dBFS cujem
2026-08-23T18:09:34.509+00:00	83.531	QUALITY protocol=asd-quality-v1.5.0 phase=WAIT index=53 total=60 result=OK metrics_valid=1 samples=4096 expected=4096 rms_dbfs=-47.388 dc=-1.069 peak=519 clipped=0 zeros=9 stuck=10 dropped_delta=0 feature_valid=0 tonalness_valid=0 tonalness_proxy=0.000000 tonal_gate=not_computed
2026-08-23T18:09:34.514+00:00	83.531	WAIT 53/60 level_dbfs=-47.39 spread=0.000 nivo=-47.4 dBFS cujem
2026-08-23T18:09:34.767+00:00	83.797	QUALITY protocol=asd-quality-v1.5.0 phase=WAIT index=54 total=60 result=OK metrics_valid=1 samples=4096 expected=4096 rms_dbfs=-47.476 dc=0.271 peak=506 clipped=0 zeros=16 stuck=11 dropped_delta=0 feature_valid=0 tonalness_valid=0 tonalness_proxy=0.000000 tonal_gate=not_computed
2026-08-23T18:09:34.769+00:00	83.797	WAIT 54/60 level_dbfs=-47.48 spread=0.000 nivo=-47.5 dBFS cujem
2026-08-23T18:09:35.021+00:00	84.047	QUALITY protocol=asd-quality-v1.5.0 phase=WAIT index=55 total=60 result=OK metrics_valid=1 samples=4096 expected=4096 rms_dbfs=-47.369 dc=-2.287 peak=539 clipped=0 zeros=12 stuck=2 dropped_delta=0 feature_valid=0 tonalness_valid=0 tonalness_proxy=0.000000 tonal_gate=not_computed
2026-08-23T18:09:35.024+00:00	84.047	WAIT 55/60 level_dbfs=-47.37 spread=0.000 nivo=-47.4 dBFS cujem
2026-08-23T18:09:35.277+00:00	84.297	QUALITY protocol=asd-quality-v1.5.0 phase=WAIT index=56 total=60 result=OK metrics_valid=1 samples=4096 expected=4096 rms_dbfs=-47.241 dc=-0.646 peak=527 clipped=0 zeros=7 stuck=4 dropped_delta=0 feature_valid=0 tonalness_valid=0 tonalness_proxy=0.000000 tonal_gate=not_computed
2026-08-23T18:09:35.319+00:00	84.343	WAIT 56/60 level_dbfs=-47.24 spread=0.000 nivo=-47.2 dBFS cujem
2026-08-23T18:09:35.534+00:00	84.562	QUALITY protocol=asd-quality-v1.5.0 phase=WAIT index=57 total=60 result=OK metrics_valid=1 samples=4096 expected=4096 rms_dbfs=-47.061 dc=0.458 peak=529 clipped=0 zeros=14 stuck=9 dropped_delta=0 feature_valid=0 tonalness_valid=0 tonalness_proxy=0.000000 tonal_gate=not_computed
2026-08-23T18:09:35.535+00:00	84.562	WAIT 57/60 level_dbfs=-47.06 spread=0.000 nivo=-47.1 dBFS cujem
2026-08-23T18:09:35.788+00:00	84.812	QUALITY protocol=asd-quality-v1.5.0 phase=WAIT index=58 total=60 result=OK metrics_valid=1 samples=4096 expected=4096 rms_dbfs=-47.006 dc=0.428 peak=504 clipped=0 zeros=14 stuck=7 dropped_delta=0 feature_valid=0 tonalness_valid=0 tonalness_proxy=0.000000 tonal_gate=not_computed
2026-08-23T18:09:35.791+00:00	84.812	WAIT 58/60 level_dbfs=-47.01 spread=0.000 nivo=-47.0 dBFS cujem
2026-08-23T18:09:36.044+00:00	85.062	QUALITY protocol=asd-quality-v1.5.0 phase=WAIT index=59 total=60 result=OK metrics_valid=1 samples=4096 expected=4096 rms_dbfs=-47.241 dc=-1.885 peak=521 clipped=0 zeros=7 stuck=7 dropped_delta=0 feature_valid=0 tonalness_valid=0 tonalness_proxy=0.000000 tonal_gate=not_computed
2026-08-23T18:09:36.048+00:00	85.078	WAIT 59/60 level_dbfs=-47.24 spread=0.000 nivo=-47.2 dBFS cujem
2026-08-23T18:09:36.143+00:00	85.172	FLAGS protocol=asd-quality-v1.5.0 mode=LEARNING state=NO_MACHINE waiting=0 learning=1 learned=0 anomaly=0 hold=0 fault=0 green=blink_5hz red=off guided25_available=1 workflow_pending=DEFAULT research_telemetry=1 profile_persistence_allowed=0 dropped=0
2026-08-23T18:09:36.300+00:00	85.328	QUALITY protocol=asd-quality-v1.5.0 phase=WAIT index=60 total=60 result=OK metrics_valid=1 samples=4096 expected=4096 rms_dbfs=-47.188 dc=-0.473 peak=507 clipped=0 zeros=9 stuck=2 dropped_delta=0 feature_valid=0 tonalness_valid=0 tonalness_proxy=0.000000 tonal_gate=not_computed
2026-08-23T18:09:36.303+00:00	85.328	WAIT 60/60 level_dbfs=-47.19 spread=0.000 nivo=-47.2 dBFS cujem
2026-08-23T18:09:36.308+00:00	85.328	I (85314) psdlive: --- KALIBRACIJA: 10 klipova po 10 s ---
2026-08-23T18:09:41.153+00:00	90.172	FLAGS protocol=asd-quality-v1.5.0 mode=LEARNING state=NO_MACHINE waiting=0 learning=1 learned=0 anomaly=0 hold=0 fault=0 green=blink_5hz red=off guided25_available=1 workflow_pending=DEFAULT research_telemetry=1 profile_persistence_allowed=0 dropped=0
2026-08-23T18:09:46.164+00:00	95.187	FLAGS protocol=asd-quality-v1.5.0 mode=LEARNING state=NO_MACHINE waiting=0 learning=1 learned=0 anomaly=0 hold=0 fault=0 green=blink_5hz red=off guided25_available=1 workflow_pending=DEFAULT research_telemetry=1 profile_persistence_allowed=0 dropped=0
2026-08-23T18:09:46.299+00:00	95.328	QUALITY protocol=asd-quality-v1.5.0 phase=CAL index=1 total=10 result=OK metrics_valid=1 samples=159744 expected=159744 rms_dbfs=-47.126 dc=-0.393 peak=578 clipped=0 zeros=521 stuck=263 dropped_delta=0 feature_valid=1 tonalness_valid=1 tonalness_proxy=3.511771 tonal_gate=pending_normal_only
2026-08-23T18:09:46.301+00:00	95.328	CAL  1/10 score=0.00000 nivo=-47.1 dBFS racun=716 ms
2026-08-23T18:09:46.436+00:00	95.453	FEATURE96 protocol=asd-research-v1.0.0 session=1 phase=CAL window=1 window_start_ms=84121 window_end_ms=94090 score=0 level_dbfs=-47.1256294 quality=OK tonalness_proxy=3.5117712 dims=96 fnv1a=ae1eda18 values=-10.2435675,-10.2435675,0.861414909,-10.2435675,-10.2435675,1.13534355,-10.2435675,1.42877388,-10.2435675,1.18058205,0.686844826,-10.2435675,0.921370506,1.48324013,1.55085468,-10.2435675,1.0071888,0.734697342,0.970796585,1.12506676,1.19183826,1.25963116,1.59918308,1.63048553,1.47434711,1.48282719,1.28375053,1.14522266,1.2146225,1.43924236,1.52359581,1.4233923,1.11600018,1.1194706,1.10184193,2.8867445,3.5117712,0.709256172,0.784858704,0.898955345,0.9504776,1.02396584,0.807122231,0.744275093,0.638422966,0.778578758,1.04472828,1.13643932,0.902285576,1.05359364,0.958977699,0.909781456,1.13143826,1.40991116,1.04975414,1.25615025,1.36740303,1.55983353,1.50217056,1.58524609,1.50663662,2.62427139,1.70821571,0.502218246,0.790257454,0.556827545,0.597206116,0.572217941,0.551904678,0.711688042,0.883237839,0.959248543,0.994367599,1.30370712,0.8679533,0.843851089,0.604798317,0.457402229,0.406350136,0.525173187,0.19707489,0.0898532867,0.15523243,0.259804726,0.319478989,-0.0649385452,-0.08198452,-0.146762848,-0.0779647827,-0.175668716,0.144369125,-0.109232903,-0.142181396,0.00880432129,-0.0443925858,-0.0440788269
2026-08-23T18:09:46.539+00:00	95.562	SUBSEG96 protocol=asd-research-v1.0.0 session=1 phase=CAL window=1 group=1 segments=8 dims=96 fnv1a=83da4168 values=-10.2287445,-10.2287445,0.98749733,-10.2287445,-10.2287445,1.25013447,-10.2287445,1.52357864,-10.2287445,1.15868187,0.486228943,-10.2287445,0.884646416,1.67165661,1.81096029,-10.2287445,1.14284611,0.889156342,0.953324318,0.850902557,1.07832813,1.19055653,1.4202652,1.41819191,1.55114269,1.46757412,1.35235882,0.691547394,1.34840393,1.40703583,1.38826847,1.5331068,1.26231384,1.14535046,1.13034439,2.93881416,3.51703453,0.761381149,0.775191307,0.821496964,0.915693283,0.821266174,0.816170692,0.899250984,0.681694984,0.66861248,0.90504837,1.09119415,0.931810379,1.17183399,0.956440926,0.906428337,1.17774487,1.30930424,0.966815948,1.18725395,1.456707,1.59851742,1.46935844,1.56794262,1.5468092,2.70019865,1.51500511,0.621123314,0.69338131,0.614498138,0.50464344,0.519138336,0.522356987,0.72522831,0.901473999,0.899867058,1.03730965,1.3170805,0.944283485,0.854699135,0.57772541,0.498226166,0.391254425,0.509423256,0.249700546,0.107319832,0.158511162,0.257349968,0.360139847,-0.0528259277,-0.0227394104,-0.135469437,-0.0491075516,-0.158574104,0.140797615,-0.104389191,-0.122140884,0.0572566986,-0.0440387726,-0.0130767822
2026-08-23T18:09:46.643+00:00	95.672	SUBSEG96 protocol=asd-research-v1.0.0 session=1 phase=CAL window=1 group=2 segments=8 dims=96 fnv1a=b9919379 values=-10.261673,-10.261673,0.76680851,-10.261673,-10.261673,1.17320728,-10.261673,1.36966133,-10.261673,1.1336689,0.804268837,-10.261673,1.02733421,1.41523933,1.44006252,-10.261673,1.01098156,0.627832413,0.764828682,1.06180477,1.46174812,1.54770279,1.72678947,1.88098669,1.72484875,1.55698013,1.44681358,0.886541367,1.00835037,1.62720966,1.79208946,1.69307137,1.07165241,1.15568542,1.31527328,2.86625242,3.50823259,0.704817772,0.770134926,0.84971714,0.954801559,0.941265106,0.800830841,0.550540924,0.449633598,0.796048164,0.911483765,1.0181942,0.84216404,1.08248329,0.92402935,0.880030632,1.08263874,1.41142273,1.0213995,1.41671371,1.34386349,1.58833694,1.4546175,1.56340885,1.60185909,2.59523249,1.74869013,0.5038414,0.851054192,0.485902786,0.553371429,0.546709061,0.575866699,0.644994736,0.861652374,0.998287201,0.993365288,1.22801876,0.878927231,0.830518723,0.635375977,0.365340233,0.419628143,0.54886055,0.176003456,0.13258934,0.127944946,0.234621048,0.285904884,-0.0665416718,-0.139241219,-0.177606583,-0.108407974,-0.191159248,0.139568329,-0.140275955,-0.162780762,-0.0242490768,-0.0189838409,-0.0661230087
2026-08-23T18:09:46.750+00:00	95.765	SUBSEG96 protocol=asd-research-v1.0.0 session=1 phase=CAL window=1 group=3 segments=8 dims=96 fnv1a=0e275a93 values=-10.2072058,-10.2072058,0.907999039,-10.2072058,-10.2072058,1.01380253,-10.2072058,1.23739338,-10.2072058,0.97760582,0.735911369,-10.2072058,0.859095573,1.546978,1.65098476,-10.2072058,0.910307884,0.668447495,0.649742126,0.710618973,0.918079376,0.998854637,1.7742939,1.78557205,1.50481224,1.43194485,1.15884686,1.29889679,1.3296814,1.43687344,1.36890507,1.26502895,1.15391541,1.12631512,0.755480766,2.97392464,3.53949261,0.699926376,0.836367607,0.950106621,0.971059799,1.19063473,0.78969574,0.781384468,0.572529793,0.708182335,1.06147289,1.11034107,0.942897797,1.04292107,1.02888012,0.906618118,1.11156654,1.53945827,1.13287067,1.28389835,1.42234707,1.50613594,1.5169487,1.58619118,1.45479202,2.69747114,1.45384026,0.493208885,0.889560699,0.571720123,0.684248924,0.60806942,0.586167336,0.759605408,0.95400238,0.94314003,1.00902462,1.40713024,0.896231651,0.825657845,0.629465103,0.476198196,0.471855164,0.534231186,0.217103004,0.0958337784,0.285056114,0.303294182,0.32424736,-0.0111398697,-0.0361728668,-0.108109474,-0.00362586975,-0.172786713,0.162959099,-0.0653266907,-0.0913352966,0.0683393478,-0.0174188614,-0.0209722519
2026-08-23T18:09:46.858+00:00	95.875	SUBSEG96 protocol=asd-research-v1.0.0 session=1 phase=CAL window=1 group=4 segments=7 dims=96 fnv1a=c63704b1 values=-10.2050772,-10.2050772,0.923825264,-10.2050772,-10.2050772,1.00756931,-10.2050772,1.36221218,-10.2050772,1.160676,0.667265892,-10.2050772,1.07227898,1.35486031,1.38355446,-10.2050772,1.08764458,0.796525002,0.927876472,0.753393173,0.972789764,1.20181561,1.28413105,1.1446352,1.09663105,1.35715961,0.94729805,1.26755428,1.31102276,1.35459328,1.49240017,1.24722099,1.07013988,0.99305439,1.06222916,2.85335064,3.54375458,0.660961151,0.915528297,1.00193405,1.06866455,1.08149052,0.681052208,0.779431343,0.733677864,0.921872139,1.25637245,1.25180244,0.868763924,0.982822418,1.00418758,0.977874756,1.26822186,1.41984463,1.13047504,1.19100571,1.34835148,1.59395027,1.62212658,1.69447041,1.40139675,2.60064983,1.89536905,0.524492264,0.803886414,0.660703659,0.710101128,0.676470757,0.611682892,0.715200424,0.931159973,1.02654552,0.987444878,1.34194374,0.847162247,0.903409958,0.645852089,0.544596672,0.418363571,0.583586693,0.190798759,0.10741806,0.168418884,0.283145905,0.347901344,-0.0764169693,-0.0254507065,-0.0750331879,-0.0744743347,-0.140712738,0.189700127,-0.0395383835,-0.146807671,0.00933837891,-0.0399360657,-0.0199604034
2026-08-23T18:09:46.964+00:00	95.984	SUBSEG96 protocol=asd-research-v1.0.0 session=1 phase=CAL window=1 group=5 segments=7 dims=96 fnv1a=065b6cb5 values=-10.2474899,-10.2474899,0.742306709,-10.2474899,-10.2474899,1.21543694,-10.2474899,1.61605549,-10.2474899,1.42611217,0.731987953,-10.2474899,0.754248619,1.38625336,1.2863245,-10.2474899,0.892437935,0.71446228,1.32768917,1.60078239,1.28399467,1.15652752,1.62966537,1.54495525,1.15000534,1.60233974,1.35554886,1.36478996,1.03810406,1.32052708,1.43396568,1.07234859,1.0339365,1.19808006,1.09468079,2.84405327,3.51784277,0.768374443,0.671191216,0.935698509,0.90182972,1.08581543,0.95917511,0.718320847,0.778812408,0.840613365,1.10856724,1.26040649,0.980282784,1.00480556,0.946683884,0.949596405,1.07045269,1.40774632,1.05654907,1.18342304,1.30525684,1.56876087,1.51641655,1.58300781,1.5370903,2.56868553,1.85642195,0.394494057,0.744850159,0.509557724,0.587936401,0.577998161,0.525720596,0.776286125,0.825737,0.988854408,1.0043993,1.2800045,0.816165924,0.874552727,0.59825325,0.468445778,0.389313698,0.514657021,0.211841583,0.0615558624,0.073548317,0.288671494,0.346169472,-0.0582609177,-0.127882957,-0.169909477,-0.0962524414,-0.146164894,0.158227921,-0.12863636,-0.125541687,-0.00937652588,-0.0410728455,-0.0335464478
2026-08-23T18:09:51.172+00:00	100.187	FLAGS protocol=asd-quality-v1.5.0 mode=LEARNING state=NO_MACHINE waiting=0 learning=1 learned=0 anomaly=0 hold=0 fault=0 green=blink_5hz red=off guided25_available=1 workflow_pending=DEFAULT research_telemetry=1 profile_persistence_allowed=0 dropped=0
2026-08-23T18:09:56.183+00:00	105.203	FLAGS protocol=asd-quality-v1.5.0 mode=LEARNING state=NO_MACHINE waiting=0 learning=1 learned=0 anomaly=0 hold=0 fault=0 green=blink_5hz red=off guided25_available=1 workflow_pending=DEFAULT research_telemetry=1 profile_persistence_allowed=0 dropped=0
2026-08-23T18:09:56.270+00:00	105.297	QUALITY protocol=asd-quality-v1.5.0 phase=CAL index=2 total=10 result=OK metrics_valid=1 samples=159744 expected=159744 rms_dbfs=-46.345 dc=-0.435 peak=709 clipped=0 zeros=444 stuck=331 dropped_delta=0 feature_valid=1 tonalness_valid=1 tonalness_proxy=3.400133 tonal_gate=pending_normal_only
2026-08-23T18:09:56.272+00:00	105.297	CAL  2/10 score=0.00000 nivo=-46.3 dBFS racun=716 ms
2026-08-23T18:09:56.403+00:00	105.422	FEATURE96 protocol=asd-research-v1.0.0 session=1 phase=CAL window=2 window_start_ms=94761 window_end_ms=104064 score=0 level_dbfs=-46.3450089 quality=OK tonalness_proxy=3.40013313 dims=96 fnv1a=9455eabc values=-10.3421679,-10.3421679,0.896588326,-10.3421679,-10.3421679,1.78187132,-10.3421679,2.10637617,-10.3421679,1.51121807,0.800895691,-10.3421679,1.01313496,1.58138752,1.62333775,-10.3421679,1.01336384,0.791627884,1.10016632,1.27832794,0.98451519,1.10914803,1.47474861,1.50630093,1.3116951,1.50320148,1.23985672,1.25674152,1.66278982,2.22117567,2.46851015,2.27852488,2.08294153,1.70551634,1.0017767,2.89361191,3.40013313,0.750785828,0.997088432,0.88642025,0.908061028,0.72227478,0.740555763,0.671106339,0.806215286,0.840299606,0.97426796,1.02039433,0.925086975,0.971061707,0.83751297,0.831511497,0.916627884,1.36182117,0.995312691,1.21085644,1.22903824,1.38315105,1.35850048,1.4650135,1.3497324,2.58141661,1.14893341,0.469180107,0.582946777,0.472694397,0.534631729,0.442554474,0.439166069,0.637535095,0.785131454,0.870103836,0.948141098,1.24334431,0.766366959,0.756915092,0.496477127,0.317544937,0.317355156,0.377004623,0.0924892426,-0.0106983185,0.0786867142,0.157655716,0.216488838,-0.164129257,-0.169790268,-0.265789032,-0.151431084,-0.302672386,0.0457811356,-0.174429893,-0.192302704,-0.091758728,-0.127316475,-0.142944336
2026-08-23T18:09:56.510+00:00	105.531	SUBSEG96 protocol=asd-research-v1.0.0 session=1 phase=CAL window=2 group=1 segments=8 dims=96 fnv1a=b155888b values=-10.2475557,-10.2475557,0.650738716,-10.2475557,-10.2475557,1.12607765,-10.2475557,1.47397232,-10.2475557,1.27113438,0.8741436,-10.2475557,1.18068123,1.6857481,1.54199886,-10.2475557,0.960316658,0.953044891,1.43177223,1.71475792,1.19873905,0.884917259,1.17512321,1.37324142,1.31031132,1.91431236,1.48266029,1.38621044,1.33833694,1.35359573,1.0567131,0.959807396,1.12180328,1.17565536,0.870145798,2.89399385,3.49698496,0.655179024,0.844162941,0.946365356,1.02475548,0.811209679,0.755223274,0.598626137,0.61457634,0.844830513,1.07299709,1.21704006,1.1206913,1.04689884,0.934537888,0.931175232,0.988546371,1.40339088,1.10301304,1.3929987,1.3150835,1.46549034,1.39375401,1.38721657,1.47119617,2.60959578,1.50762177,0.641698837,0.691360474,0.632549286,0.643198967,0.533367157,0.583824158,0.682198524,0.824396133,0.937445641,1.04836845,1.25521374,0.901408195,0.848928452,0.601662636,0.422990799,0.454595566,0.541656494,0.159462929,0.114933968,0.156779289,0.27820015,0.314445496,-0.0423898697,-0.045044899,-0.112685204,-0.0528278351,-0.213870049,0.154490471,-0.0443382263,-0.113009453,-0.0603208542,-0.0164012909,-0.0549030304
2026-08-23T18:09:56.617+00:00	105.640	SUBSEG96 protocol=asd-research-v1.0.0 session=1 phase=CAL window=2 group=2 segments=8 dims=96 fnv1a=80aa9e1d values=-10.2444725,-10.2444725,1.04179859,-10.2444725,-10.2444725,1.33342266,-10.2444725,1.59573364,-10.2444725,1.4417963,0.860777855,-10.2444725,0.987994194,1.59542942,1.48299217,-10.2444725,0.791563988,0.954086304,1.16779327,1.15380859,0.998391151,0.919248581,1.53157043,1.61746407,1.2921133,1.39057732,1.10235405,1.47970104,1.4408226,1.44734383,1.36976528,1.06809902,1.20811558,1.13591385,0.967703819,2.93871546,3.50036335,0.713679314,0.970374107,0.904137611,1.02433872,0.753108978,0.74315834,0.742041588,0.771401405,0.738789558,1.14265156,1.09377193,0.939305305,1.02231216,0.934313774,0.972303391,1.04528332,1.47740269,1.17877579,1.31624889,1.26541996,1.51579952,1.5178566,1.59796524,1.36892223,2.63198042,1.28855228,0.547034264,0.764241219,0.532203674,0.575329781,0.498636246,0.544622421,0.721838951,0.84300518,0.972840309,1.0193367,1.34163857,0.900273323,0.85048008,0.551161766,0.376605034,0.401626587,0.502438545,0.233588219,0.0773601532,0.170284271,0.281446457,0.346017838,-0.0211963654,-0.142388344,-0.124699593,-0.0571966171,-0.201908112,0.163113594,-0.052898407,-0.0928506851,0.000838279724,-0.0178756714,-0.0347633362
2026-08-23T18:09:56.725+00:00	105.750	SUBSEG96 protocol=asd-research-v1.0.0 session=1 phase=CAL window=2 group=3 segments=8 dims=96 fnv1a=b4bf7295 values=-10.2146702,-10.2146702,0.71941185,-10.2146702,-10.2146702,1.19401741,-10.2146702,1.57008553,-10.2146702,1.23984528,0.829953194,-10.2146702,1.11531639,1.59143353,1.61378574,-10.2146702,0.886707306,0.832455635,1.25096703,1.43744659,1.11066151,1.46051311,1.57058048,1.57899761,1.517766,1.60618019,1.16808987,1.14515591,1.12592888,1.0202055,1.01413155,1.13292122,1.14437771,0.95890522,0.841143608,3.07020187,3.51165962,0.869232178,0.813969612,0.789265633,0.890524864,0.715239525,0.884394646,0.642942429,0.684971809,0.747915268,1.13197327,1.11728573,1.01738262,0.934536934,1.02501011,0.971172333,0.993606567,1.46632099,1.06869125,1.19205856,1.34797573,1.53115654,1.54224205,1.64375782,1.46461487,2.72920799,0.984731674,0.552041054,0.596341133,0.602039337,0.728550911,0.629133224,0.603642464,0.785861015,0.980599403,0.992875099,1.04642391,1.40290165,0.858950615,0.856610298,0.599054337,0.446456909,0.40758419,0.435966492,0.185110092,0.124560356,0.206493378,0.251282692,0.331441879,-0.0708017349,-0.0199289322,-0.178492546,-0.0182685852,-0.138871193,0.170016289,-0.0811882019,-0.0487327576,0.0504665375,-0.0304317474,0.000677108765
2026-08-23T18:09:56.833+00:00	105.859	SUBSEG96 protocol=asd-research-v1.0.0 session=1 phase=CAL window=2 group=4 segments=7 dims=96 fnv1a=ac9b990c values=-10.4396887,-10.4396887,1.07412243,-10.4396887,-10.4396887,2.32517624,-10.4396887,2.65394592,-10.4396887,1.89702988,0.781736374,-10.4396887,1.13581467,1.64548731,1.68991899,-10.4396887,1.20828438,0.344410896,0.473921776,0.832188606,0.98144722,1.05661106,1.40062046,1.59817839,1.4005394,1.26062202,1.27377605,1.31659317,2.13173628,2.81847763,3.09023952,2.89335251,2.68214798,2.26683426,1.18728733,2.86577702,3.29832029,0.920884132,1.3223629,1.05032253,1.01048565,0.763035774,0.861143112,0.834581375,1.13160038,1.13153839,0.863368988,0.863019943,0.83398056,1.08148098,0.749580383,0.74987793,0.865765572,1.30138493,0.959980011,0.956100464,1.12274551,1.2746954,1.21169949,1.35808086,1.31693363,2.53896904,0.807559967,0.40827179,0.500184059,0.409293175,0.394085884,0.324635506,0.219848633,0.575808525,0.756170273,0.805996895,0.863390923,1.17761612,0.658212662,0.703972816,0.44062233,0.263711929,0.199630737,0.247917175,0.019443512,-0.105282784,-0.0196065903,0.0424976349,0.126992226,-0.308374405,-0.259906769,-0.443776131,-0.256633759,-0.419512749,-0.0589408875,-0.295872688,-0.267616272,-0.184458733,-0.238706589,-0.228137016
2026-08-23T18:09:56.940+00:00	105.968	SUBSEG96 protocol=asd-research-v1.0.0 session=1 phase=CAL window=2 group=5 segments=7 dims=96 fnv1a=6187ae49 values=-10.2581873,-10.2581873,1.05289364,-10.2581873,-10.2581873,1.35296154,-10.2581873,1.61880493,-10.2581873,1.3893919,0.958306313,-10.2581873,0.775572777,1.6628685,1.94109297,-10.2581873,1.26468658,1.01735115,1.13254261,1.10689259,0.845791817,1.29623318,1.81628323,1.59849358,1.26169491,1.33509827,1.35735416,1.09621811,1.45681953,1.46394825,1.26268387,1.4073391,1.29369354,1.09046745,1.2314291,2.99564171,3.50052071,0.780217171,0.937098503,0.932191849,0.791524887,0.850566864,0.682282448,0.734487534,0.736880302,0.731033325,0.924604416,1.08938408,0.997958183,1.0138998,0.826935768,0.817322731,0.994408607,1.46829224,0.921565056,1.42676449,1.39763069,1.42409611,1.40669727,1.61199379,1.42852211,2.70273066,1.195014,0.482660294,0.644647598,0.472780228,0.622372627,0.523798943,0.51560688,0.728756905,0.809751511,0.949108124,1.07244492,1.34149647,0.805357933,0.832304001,0.598589897,0.383278847,0.425147057,0.443963051,0.167943001,0.0337896347,0.187786102,0.234830856,0.263379097,-0.0848007202,-0.0810260773,-0.188236237,-0.0669984818,-0.24053669,0.100309372,-0.0998868942,-0.135456085,0.0404558182,-0.0287446976,-0.096496582
2026-08-23T18:10:01.195+00:00	110.218	FLAGS protocol=asd-quality-v1.5.0 mode=LEARNING state=NO_MACHINE waiting=0 learning=1 learned=0 anomaly=0 hold=0 fault=0 green=blink_5hz red=off guided25_available=1 workflow_pending=DEFAULT research_telemetry=1 profile_persistence_allowed=0 dropped=0
2026-08-23T18:10:06.203+00:00	115.218	FLAGS protocol=asd-quality-v1.5.0 mode=LEARNING state=NO_MACHINE waiting=0 learning=1 learned=0 anomaly=0 hold=0 fault=0 green=blink_5hz red=off guided25_available=1 workflow_pending=DEFAULT research_telemetry=1 profile_persistence_allowed=0 dropped=0
2026-08-23T18:10:06.244+00:00	115.265	QUALITY protocol=asd-quality-v1.5.0 phase=CAL index=3 total=10 result=OK metrics_valid=1 samples=159744 expected=159744 rms_dbfs=-46.708 dc=-0.413 peak=565 clipped=0 zeros=473 stuck=326 dropped_delta=0 feature_valid=1 tonalness_valid=1 tonalness_proxy=3.511210 tonal_gate=pending_normal_only
2026-08-23T18:10:06.246+00:00	115.265	CAL  3/10 score=0.00000 nivo=-46.7 dBFS racun=716 ms
2026-08-23T18:10:06.376+00:00	115.406	FEATURE96 protocol=asd-research-v1.0.0 session=1 phase=CAL window=3 window_start_ms=104738 window_end_ms=114038 score=0 level_dbfs=-46.7079086 quality=OK tonalness_proxy=3.51120996 dims=96 fnv1a=fc65e343 values=-10.2383499,-10.2383499,0.902207375,-10.2383499,-10.2383499,1.03015423,-10.2383499,1.12819386,-10.2383499,1.00729942,0.769586563,-10.2383499,0.910987854,1.55614567,1.71244717,-10.2383499,1.18856239,0.773222923,1.07271671,1.3511734,1.34095287,1.15422821,1.65564728,1.73429966,1.46080971,1.38386059,1.42390156,1.94201612,1.47099495,1.23761749,1.1979332,1.29981518,1.15058327,0.948871613,0.920337677,3.00314856,3.51120996,0.786987305,1.13620186,0.941411972,0.874790192,0.750579834,0.782539368,0.762883186,0.594676018,0.911275864,0.964944839,1.05151081,0.955946922,1.03021812,0.846744537,0.931816101,1.05387878,1.50322342,1.10182095,1.26368999,1.32422161,1.48828888,1.44979,1.59666538,1.4295969,2.69114542,1.15919685,0.544799805,0.685293198,0.551766396,0.58869648,0.554704666,0.50260067,0.699879646,0.89087677,1.00012112,1.03060722,1.35627556,0.886189461,0.878503799,0.584547997,0.446681976,0.377353668,0.469067574,0.175713539,0.0721387863,0.170722961,0.224502563,0.348518372,-0.0539512634,-0.0572729111,-0.230975151,-0.0427627563,-0.188493729,0.120371819,-0.115188599,-0.0997457504,0.00599861145,-0.0445270538,-0.048997879
2026-08-23T18:10:06.483+00:00	115.500	SUBSEG96 protocol=asd-research-v1.0.0 session=1 phase=CAL window=3 group=1 segments=8 dims=96 fnv1a=d23e91fc values=-10.1933393,-10.1933393,0.923786163,-10.1933393,-10.1933393,0.835428238,-10.1933393,0.668372154,-10.1933393,0.330075264,0.337199211,-10.1933393,0.996312141,1.48328972,1.5352459,-10.1933393,0.966529846,0.485761642,0.718457222,1.2247448,1.48732471,1.1317873,1.53062344,1.85830164,1.52360344,1.42487812,1.20135021,1.2672739,1.26966572,1.3134861,1.54464436,1.56859112,1.52426052,0.916493416,0.911698341,3.01979923,3.54127407,0.717887878,0.914746284,0.823070526,0.87458992,0.755543709,0.702476501,0.926569939,0.744588852,1.01385403,1.00968647,1.06991196,0.963590622,1.12698078,0.898388863,1.11100769,1.05862331,1.56059742,1.11698627,1.3848381,1.30981636,1.54470062,1.45045376,1.70173168,1.53979874,2.74431276,1.20939064,0.493812561,0.774345398,0.524101257,0.709190369,0.641575813,0.572525978,0.759110451,0.900925636,1.08215618,1.08859158,1.36517334,0.910981178,0.914467812,0.634263992,0.469937325,0.43789196,0.554930687,0.170771599,0.0826711655,0.221821785,0.23422718,0.404046059,-0.020277977,-0.0170269012,-0.152911186,0.00690555573,-0.145127296,0.162434578,-0.0762996674,-0.0118808746,0.0614385605,0.0132474899,-0.0356464386
2026-08-23T18:10:06.590+00:00	115.609	SUBSEG96 protocol=asd-research-v1.0.0 session=1 phase=CAL window=3 group=2 segments=8 dims=96 fnv1a=3ceb15b1 values=-10.2168207,-10.2168207,0.949331284,-10.2168207,-10.2168207,1.2667408,-10.2168207,1.07086277,-10.2168207,1.06817722,0.997681618,-10.2168207,0.717892647,1.79818916,2.03885078,-10.2168207,1.468503,0.759212494,1.07714939,1.31620407,1.33040428,1.28232765,1.60874748,1.74028587,1.40396786,1.37487888,1.15623188,1.14156914,1.07559586,1.01805305,0.840616226,1.14037037,1.01238728,0.988369942,1.15676022,3.02140379,3.55674076,0.638632774,0.804794312,0.817698479,0.974050522,0.860478401,0.978578568,0.593431473,0.508818626,0.755503654,0.91937542,1.05774212,1.04328728,0.996689796,0.883782387,0.829533577,1.04497623,1.55790615,1.20418549,1.28717041,1.38032246,1.56786251,1.45657921,1.61074352,1.41746998,2.68899632,1.23900318,0.508301735,0.734386444,0.604974747,0.645713806,0.594373703,0.523926735,0.715859413,0.944472313,1.03407669,1.09463882,1.39052105,0.941272736,0.899253845,0.57572937,0.475014687,0.454277992,0.459566116,0.224684715,0.111646652,0.213133812,0.221972466,0.394006729,-0.015622139,-0.0703639984,-0.233797073,-0.00840759277,-0.146950722,0.129958153,-0.0683088303,-0.0874023438,0.00808906555,-0.0314664841,0.00187969208
2026-08-23T18:10:06.700+00:00	115.718	SUBSEG96 protocol=asd-research-v1.0.0 session=1 phase=CAL window=3 group=3 segments=8 dims=96 fnv1a=b5ae7da6 values=-10.2016554,-10.2016554,0.855082512,-10.2016554,-10.2016554,0.940280914,-10.2016554,1.14647484,-10.2016554,1.00606823,0.876562119,-10.2016554,1.00090694,1.61332893,1.90913391,-10.2016554,1.4087019,0.767990112,1.08028126,1.24318409,1.04034615,1.16423893,1.70579052,1.70925903,1.74205589,1.53958321,1.27557945,0.776790619,1.26246071,1.28421402,0.863188744,1.42431641,0.991501808,0.706362724,0.805401802,3.06182289,3.52818155,0.853381157,1.09322357,0.912036896,0.898657799,0.696791649,0.816995621,0.84187603,0.640100479,0.791750908,0.889303207,1.13215065,0.932497025,1.15054989,0.857339859,0.992181778,1.16252899,1.5415678,1.10760117,1.23674774,1.2913723,1.36323833,1.47035885,1.6245079,1.43397236,2.7386961,1.08843517,0.693992615,0.666180611,0.602763176,0.608474731,0.589290619,0.526168823,0.766894341,0.914518356,1.01245785,1.0373373,1.36090851,0.935095787,0.919038773,0.585479736,0.47687912,0.360494614,0.519761086,0.21251297,0.0704946518,0.192007065,0.283662796,0.377795219,0.000657081604,-0.0352172852,-0.201857567,-0.00197696686,-0.17436409,0.150454521,-0.118191719,-0.0761241913,0.0590820312,0.00577068329,0.00567531586
2026-08-23T18:10:06.806+00:00	115.828	SUBSEG96 protocol=asd-research-v1.0.0 session=1 phase=CAL window=3 group=4 segments=7 dims=96 fnv1a=e2f6b506 values=-10.2259417,-10.2259417,0.999966621,-10.2259417,-10.2259417,0.992809296,-10.2259417,1.30803013,-10.2259417,1.2196703,0.589282036,-10.2259417,0.774914742,1.17940712,1.21173668,-10.2259417,0.659692764,0.583992004,0.775862694,1.34249973,1.54925251,1.26792908,1.95447922,1.89950848,1.25111485,1.38131428,1.80276823,1.96846581,1.4786787,1.32276154,1.37306786,1.11001015,0.963102341,1.23857498,0.822563171,3.03861141,3.52920961,0.916706085,1.31252193,0.931675911,0.974475861,0.851186752,0.710543633,0.822072029,0.588297844,0.835748672,1.05360794,0.93610096,0.849692345,0.940656662,0.772988319,0.913301468,1.13305759,1.52632999,1.06276226,1.2638731,1.43434238,1.51710987,1.51284313,1.42513466,1.49730206,2.70246267,1.14678383,0.58220005,0.664205551,0.545958519,0.63470459,0.585662842,0.559173584,0.618579865,0.921510696,1.06159115,0.996212006,1.39487934,0.901422501,0.891427994,0.607178688,0.425415993,0.403894424,0.445529938,0.196142197,0.0692214966,0.195970535,0.247817993,0.346510887,-0.0544300079,-0.0282917023,-0.235687256,-0.0686588287,-0.170178413,0.120351791,-0.0740032196,-0.109190941,0.021905899,-0.0748262405,-0.0354442596
2026-08-23T18:10:06.913+00:00	115.937	SUBSEG96 protocol=asd-research-v1.0.0 session=1 phase=CAL window=3 group=5 segments=7 dims=96 fnv1a=2944dee0 values=-10.2523947,-10.2523947,0.876754761,-10.2523947,-10.2523947,1.07666874,-10.2523947,1.30512333,-10.2523947,1.11666012,0.843222618,-10.2523947,1.06574726,1.56419277,1.37843895,-10.2523947,1.02420998,1.09718132,1.42317772,1.6120615,1.24503326,0.954422951,1.39523315,1.45422935,1.27745056,1.25148106,1.47151947,2.52278757,1.88894367,1.30058861,1.04193211,1.15224075,1.06197929,0.830579758,0.889489174,2.97452116,3.50213432,0.867432594,1.39929104,1.20477867,0.705635071,0.656937599,0.724322319,0.660981178,0.561655998,1.14018345,1.04181194,1.13114548,1.05387402,0.997538567,0.907324791,0.859512329,0.946389198,1.41708755,1.10161304,1.23163795,1.29615307,1.52463627,1.46392822,1.6683712,1.34307575,2.68251944,1.19754219,0.518614769,0.677791595,0.576118469,0.38687706,0.442398071,0.423073769,0.722430229,0.873254776,0.893414497,1.02779293,1.37419987,0.836438179,0.870614052,0.624044418,0.485472679,0.318722725,0.458518982,0.174804688,0.126336098,0.128605843,0.237669945,0.316368103,-0.0832500458,-0.0303125381,-0.232029915,-0.0452270508,-0.204894066,0.141442299,-0.138614655,-0.118876457,-0.0211811066,-0.0393419266,-0.0855445862
2026-08-23T18:10:11.213+00:00	120.234	FLAGS protocol=asd-quality-v1.5.0 mode=LEARNING state=NO_MACHINE waiting=0 learning=1 learned=0 anomaly=0 hold=0 fault=0 green=blink_5hz red=off guided25_available=1 workflow_pending=DEFAULT research_telemetry=1 profile_persistence_allowed=0 dropped=0
2026-08-23T18:10:16.219+00:00	125.250	QUALITY protocol=asd-quality-v1.5.0 phase=CAL index=4 total=10 result=OK metrics_valid=1 samples=159744 expected=159744 rms_dbfs=-46.325 dc=-0.420 peak=616 clipped=0 zeros=426 stuck=294 dropped_delta=0 feature_valid=1 tonalness_valid=1 tonalness_proxy=3.507461 tonal_gate=pending_normal_only
2026-08-23T18:10:16.242+00:00	125.265	FLAGS protocol=asd-quality-v1.5.0 mode=LEARNING state=NO_MACHINE waiting=0 learning=1 learned=0 anomaly=0 hold=0 fault=0 green=blink_5hz red=off guided25_available=1 workflow_pending=DEFAULT research_telemetry=1 profile_persistence_allowed=0 dropped=0
2026-08-23T18:10:16.243+00:00	125.265	CAL  4/10 score=0.00000 nivo=-46.3 dBFS racun=716 ms
2026-08-23T18:10:16.372+00:00	125.390	FEATURE96 protocol=asd-research-v1.0.0 session=1 phase=CAL window=4 window_start_ms=114713 window_end_ms=124012 score=0 level_dbfs=-46.3247337 quality=OK tonalness_proxy=3.50746059 dims=96 fnv1a=426526db values=-10.2347012,-10.2347012,0.735358238,-10.2347012,-10.2347012,0.971628189,-10.2347012,1.38750267,-10.2347012,1.09893036,0.81444931,-10.2347012,0.965277672,1.5793848,1.64100647,-10.2347012,1.00270557,0.860983849,0.896055222,0.882416725,0.778613091,1.09491158,1.71238232,1.92279291,2.0069809,1.83561707,1.59473419,1.75739861,1.52238178,1.26702881,1.03716946,1.12638378,1.0454073,0.990297318,1.0008316,2.98362494,3.50746059,0.787999153,0.844502449,0.822635651,0.939387321,0.846360207,0.878541946,0.640755653,0.718880653,0.758260727,1.10386753,1.12920666,0.948219299,1.00271225,0.94506073,0.93271637,1.0833416,1.47728729,1.08061314,1.33029461,1.35986805,1.47908974,1.45590401,1.620121,1.42719269,2.70375586,1.25925255,0.504655838,0.645298958,0.577004433,0.623210907,0.55436039,0.501214981,0.745144844,0.897848129,0.9840765,1.0547781,1.36542988,0.841573715,0.871200562,0.60755825,0.47454071,0.429262161,0.447230339,0.154208183,0.0804080963,0.153452873,0.226610184,0.316031456,-0.0605239868,-0.101825714,-0.17500782,-0.0516710281,-0.196588516,0.124070168,-0.103334427,-0.152117729,0.0127420425,-0.038599968,-0.0302524567
2026-08-23T18:10:16.480+00:00	125.500	SUBSEG96 protocol=asd-research-v1.0.0 session=1 phase=CAL window=4 group=1 segments=8 dims=96 fnv1a=5f8bed0f values=-10.2781649,-10.2781649,0.872363091,-10.2781649,-10.2781649,0.803980827,-10.2781649,1.40728474,-10.2781649,1.00929451,0.877355576,-10.2781649,0.994950294,1.72720003,1.71508312,-10.2781649,0.891811371,0.638713837,0.828752518,0.940170288,0.83792305,1.40128326,2.11260462,2.42121553,2.56242704,2.24707794,2.09173489,1.28626156,1.11946201,1.13129807,0.960941315,1.16240978,1.17414379,1.02061749,0.81624794,2.91894674,3.46696329,0.868942261,0.759273529,0.664751053,1.10684776,0.983594894,1.04358006,0.500513077,0.739421844,0.793881416,1.29641628,1.150877,0.886265755,1.06999493,0.894156456,0.959397316,1.09823036,1.46249104,0.95817852,1.36879063,1.34271336,1.4834671,1.38329983,1.61219215,1.47132206,2.65015745,1.20186615,0.551429749,0.667737961,0.583659172,0.585449219,0.476467133,0.421860695,0.718173981,0.885381699,0.915266037,0.965335846,1.35655117,0.7791605,0.786198616,0.558381081,0.462269783,0.407507896,0.402923584,0.100621223,0.0324640274,0.0919284821,0.164758682,0.289076805,-0.137939453,-0.111073494,-0.200697899,-0.123441696,-0.261631966,0.0526504517,-0.131193161,-0.211595535,0.0138778687,-0.0319547653,-0.0235519409
2026-08-23T18:10:16.587+00:00	125.609	SUBSEG96 protocol=asd-research-v1.0.0 session=1 phase=CAL window=4 group=2 segments=8 dims=96 fnv1a=4e2c1c4e values=-10.1898699,-10.1898699,0.89333725,-10.1898699,-10.1898699,1.06154823,-10.1898699,1.40484142,-10.1898699,1.19391346,0.824903488,-10.1898699,0.929572105,1.54603481,1.58468246,-10.1898699,1.01956844,0.799978256,0.924073219,0.80825901,0.573853493,0.87793541,1.54577446,1.56211948,1.27523327,1.38986111,1.17801189,2.11215687,1.75389576,1.1267643,1.19112968,1.12357616,0.828866959,0.899601936,0.97974205,3.03953934,3.54881907,0.748289108,1.00213337,0.952092171,0.927101135,0.876130104,0.867126465,0.722808838,0.627484322,0.808027267,1.08065796,1.20495033,1.05024719,0.980285645,0.859332085,0.994121552,1.01715183,1.54180813,1.12666893,1.35958672,1.41034317,1.5147171,1.37566566,1.61980247,1.5041151,2.76678133,1.25458813,0.553043365,0.630717278,0.552006721,0.559640884,0.581021309,0.552379608,0.743672371,0.93833828,0.961310387,1.04836941,1.41019917,0.868934631,0.902871132,0.63765049,0.499537468,0.450647354,0.491775513,0.231758118,0.118717194,0.175336838,0.290221214,0.37673378,0.0456018448,-0.0478544235,-0.169800758,-0.0065164566,-0.171964645,0.178534508,-0.0965166092,-0.0921211243,0.119924545,-0.0124788284,0.00754261017
2026-08-23T18:10:16.696+00:00	125.718	SUBSEG96 protocol=asd-research-v1.0.0 session=1 phase=CAL window=4 group=3 segments=8 dims=96 fnv1a=c5ee91f8 values=-10.2004499,-10.2004499,0.688773155,-10.2004499,-10.2004499,0.853335381,-10.2004499,1.31280613,-10.2004499,1.04835415,0.754239082,-10.2004499,1.06386852,1.71389294,1.80505085,-10.2004499,1.00979424,0.76580143,0.781324387,0.901074409,0.910876274,1.12554836,1.59868526,1.68167496,1.46464348,1.30759144,0.995090485,1.59376812,1.66173363,1.52663898,0.982557297,1.11453915,0.955588341,1.09592724,1.03785706,2.99822855,3.53600883,0.749231339,0.849305153,0.812097549,0.716064453,0.936706543,0.792181969,0.780200958,0.698928833,0.708823204,1.04637909,1.06951237,0.942734718,1.03474808,1.12288952,0.967465401,1.10613537,1.53134537,1.06929874,1.33036518,1.39931202,1.57342911,1.59107304,1.62053967,1.37853527,2.71490192,1.23889065,0.52680397,0.679804802,0.590613365,0.725729942,0.627474785,0.521273613,0.803424835,0.907561302,1.07477474,1.08035183,1.42291737,0.865416527,0.887124062,0.67950058,0.504193306,0.469434738,0.481834412,0.179833412,0.150970459,0.201080322,0.273269653,0.358689308,-0.0423736572,-0.0671300888,-0.173992157,-0.00483036041,-0.154728889,0.177805901,-0.0650863647,-0.14480114,0.00737762451,-0.00444126129,-0.00255393982
2026-08-23T18:10:16.803+00:00	125.828	SUBSEG96 protocol=asd-research-v1.0.0 session=1 phase=CAL window=4 group=4 segments=7 dims=96 fnv1a=57bf777c values=-10.1952419,-10.1952419,0.519411087,-10.1952419,-10.1952419,0.84305954,-10.1952419,1.24301243,-10.1952419,1.14787865,0.398738861,-10.1952419,0.596180916,1.49032593,1.75089169,-10.1952419,1.31217766,1.17577076,0.953510284,0.985117912,0.780947685,0.767878532,1.37534428,1.22102547,1.36227798,1.6269455,1.15420246,1.96846294,1.57200336,1.25113487,1.10753536,1.20922661,1.02507305,1.03733349,1.10022831,2.98001385,3.55719614,0.928547859,0.802344322,1.01716137,0.889122963,0.63490963,0.941688538,0.727324486,0.870827675,0.749319077,1.03103638,1.14587021,0.959345818,0.924654961,0.973156929,0.852711678,1.27782536,1.48855877,1.17644882,1.36138058,1.26263428,1.53122807,1.42534351,1.66933632,1.45078278,2.71882677,1.4994297,0.414309502,0.642000198,0.691062927,0.715654373,0.587474823,0.606275558,0.809186935,0.97762394,1.06497192,1.16367626,1.38725281,0.875333786,0.993245125,0.688016891,0.493700027,0.480807304,0.442331314,0.215100288,0.146794319,0.19873333,0.252150536,0.301268578,-0.0231647491,-0.0836381912,-0.0779714584,-0.0041103363,-0.166664124,0.163625717,-0.0586967468,-0.107618332,-0.0120210648,-0.028591156,-0.00886917114
2026-08-23T18:10:16.911+00:00	125.937	SUBSEG96 protocol=asd-research-v1.0.0 session=1 phase=CAL window=4 group=5 segments=7 dims=96 fnv1a=8ea25fe7 values=-10.1876431,-10.1876431,0.633542061,-10.1876431,-10.1876431,1.2784071,-10.1876431,1.60768795,-10.1876431,1.20896816,1.07703495,-10.1876431,1.16186047,1.3384428,1.1767807,-10.1876431,0.69595623,0.926054001,1.08738041,0.862700462,0.820001602,0.975844383,1.26261234,1.29557323,1.33073997,1.84816837,1.31399918,1.46669388,1.41018391,1.29528713,1.03570175,1.12730885,1.23022175,0.978357315,1.16935158,3.09883499,3.55113316,0.703027725,0.89677906,0.715848923,1.0372858,0.757042885,0.742271423,0.531805038,0.750321388,0.832440376,1.046422,1.178092,1.01639938,1.08113289,0.943554878,0.977330208,0.971904755,1.46809864,1.19287777,1.33562565,1.47509575,1.366045,1.58577538,1.69993496,1.42434978,2.78875351,1.15553951,0.558797836,0.714346886,0.576171875,0.630763054,0.619060516,0.524877548,0.769054413,0.895425797,1.01825523,1.13975334,1.35815907,0.943224907,0.907767296,0.584267616,0.531737328,0.457491875,0.535339355,0.15972805,0.0645484924,0.224228859,0.271619797,0.366644859,-0.0315904617,-0.0869226456,-0.130410194,0.00348377228,-0.104647636,0.168053627,-0.042845726,-0.0806512833,0.0315656662,-0.00288009644,-0.0117731094
2026-08-23T18:10:21.224+00:00	130.250	FLAGS protocol=asd-quality-v1.5.0 mode=LEARNING state=NO_MACHINE waiting=0 learning=1 learned=0 anomaly=0 hold=0 fault=0 green=blink_5hz red=off guided25_available=1 workflow_pending=DEFAULT research_telemetry=1 profile_persistence_allowed=0 dropped=0
2026-08-23T18:10:26.233+00:00	135.250	FLAGS protocol=asd-quality-v1.5.0 mode=LEARNING state=NO_MACHINE waiting=0 learning=1 learned=0 anomaly=0 hold=0 fault=0 green=blink_5hz red=off guided25_available=1 workflow_pending=DEFAULT research_telemetry=1 profile_persistence_allowed=0 dropped=0
2026-08-23T18:10:26.269+00:00	135.297	QUALITY protocol=asd-quality-v1.5.0 phase=CAL index=5 total=10 result=OK metrics_valid=1 samples=159744 expected=159744 rms_dbfs=-46.181 dc=-0.421 peak=555 clipped=0 zeros=413 stuck=236 dropped_delta=0 feature_valid=1 tonalness_valid=1 tonalness_proxy=3.511666 tonal_gate=pending_normal_only
2026-08-23T18:10:26.270+00:00	135.297	CAL  5/10 score=0.00000 nivo=-46.2 dBFS racun=727 ms
2026-08-23T18:10:26.401+00:00	135.422	FEATURE96 protocol=asd-research-v1.0.0 session=1 phase=CAL window=5 window_start_ms=124709 window_end_ms=134062 score=0 level_dbfs=-46.1806831 quality=OK tonalness_proxy=3.5116663 dims=96 fnv1a=8902a5c0 values=-10.2072535,-10.2072535,0.830037117,-10.2072535,-10.2072535,0.954237938,-10.2072535,1.41829586,-10.2072535,1.23970699,0.765177727,-10.2072535,1.01531601,1.51929569,1.58464432,-10.2072535,1.10392761,0.943491936,0.912548065,0.976859093,1.01725101,1.03004646,1.42814445,1.48065186,1.38852215,1.55999088,1.13609028,1.30722141,1.34592342,1.38866425,1.16291237,1.23404789,1.1570158,1.0429306,0.991477966,3.10130453,3.5116663,0.88771534,0.871850967,0.946121216,0.859908104,0.972845078,0.801499367,0.667509079,0.692457199,0.782844543,1.00007248,1.17641354,1.02460384,1.02600861,0.881798744,0.935598373,1.15592098,1.53000355,1.14355278,1.25182438,1.39781666,1.55775547,1.46007919,1.58582115,1.41960049,2.78673124,1.15374184,0.588481903,0.665739059,0.532939911,0.604123116,0.584152222,0.576061249,0.758630753,0.879844666,1.00495911,1.16694641,1.32624149,0.877449989,0.87003231,0.627964973,0.505948067,0.430600166,0.469514847,0.210156441,0.10187912,0.189043045,0.275707245,0.290973663,-0.0265312195,-0.03627491,-0.154589653,-0.0286645889,-0.167373657,0.161225319,-0.0909767151,-0.100539207,0.0614099503,0.0039691925,-0.0186071396
2026-08-23T18:10:26.507+00:00	135.531	SUBSEG96 protocol=asd-research-v1.0.0 session=1 phase=CAL window=5 group=1 segments=8 dims=96 fnv1a=c76a78c1 values=-10.2025738,-10.2025738,0.979650497,-10.2025738,-10.2025738,0.813539505,-10.2025738,1.45766163,-10.2025738,1.23516941,0.429203033,-10.2025738,0.999361038,1.4772625,1.4794426,-10.2025738,0.979230881,0.838277817,0.573544502,0.791477203,1.09209824,1.26485634,1.64435291,1.4916296,1.49199867,1.78652191,1.23528481,1.35900116,1.2840147,1.18545818,1.23906326,1.30260658,1.40423489,0.98139286,1.14330673,3.16894293,3.50730753,0.936776161,0.960508347,0.909543037,0.945736885,0.886025429,0.776519775,0.646639824,0.564086914,0.868185997,0.995383263,1.12879753,0.928853035,1.09705734,0.7498312,0.946365356,1.17333508,1.4896183,1.19286633,1.26142311,1.42166233,1.47580433,1.49128056,1.62810707,1.41858959,2.82245064,0.981671333,0.544754028,0.787389755,0.598713875,0.605175018,0.490082741,0.571159363,0.729159355,0.854125023,1.0007534,1.24799347,1.2876749,0.820116997,0.871058464,0.604114532,0.544284821,0.47092247,0.409396172,0.234302521,0.112930298,0.185274124,0.288000107,0.336902618,-0.020526886,-0.0190811157,-0.143520355,-0.0193786621,-0.157526016,0.152283669,-0.136245728,-0.0882120132,0.14853096,0.0025177002,-0.0257501602
2026-08-23T18:10:26.614+00:00	135.640	SUBSEG96 protocol=asd-research-v1.0.0 session=1 phase=CAL window=5 group=2 segments=8 dims=96 fnv1a=a74d95f2 values=-10.2148352,-10.2148352,0.905970573,-10.2148352,-10.2148352,1.12910557,-10.2148352,1.39190006,-10.2148352,1.196908,0.835535049,-10.2148352,0.973377228,1.44685555,1.51192474,-10.2148352,1.15407085,1.02130222,0.959590912,1.11892509,1.17969704,0.952939034,1.32801247,1.48043919,1.53798103,1.63729572,1.22468281,1.32460785,1.25051498,1.19331455,1.08339977,1.14006519,1.13088036,1.12632561,0.848093987,3.1352272,3.50156975,0.956427574,0.919951439,1.07096958,0.873496056,1.19101715,0.971948624,0.700437546,0.620128632,0.769942284,1.00524139,1.26709843,0.960160255,1.04179478,0.989331245,0.897575378,1.01533127,1.45592976,1.03794479,1.15410995,1.39574242,1.47315121,1.59108257,1.50883961,1.33192348,2.80788517,0.920907974,0.543913841,0.651894569,0.522972107,0.614982605,0.646681786,0.585003853,0.786986351,0.864311218,1.05473423,1.18153381,1.36327171,0.880609512,0.854388237,0.612185478,0.543836594,0.41542244,0.479820251,0.164825439,0.09100914,0.188653946,0.273064613,0.230536461,-0.0415525436,-0.0607376099,-0.172420502,-0.0325183868,-0.206248283,0.151631355,-0.0899934769,-0.117552757,0.0820322037,0.0214805603,-0.0150489807
2026-08-23T18:10:26.721+00:00	135.750	SUBSEG96 protocol=asd-research-v1.0.0 session=1 phase=CAL window=5 group=3 segments=8 dims=96 fnv1a=4f6b419e values=-10.1710243,-10.1710243,0.693593025,-10.1710243,-10.1710243,0.776387215,-10.1710243,1.2038641,-10.1710243,1.06391144,1.01827812,-10.1710243,1.01143646,1.37624931,1.47229958,-10.1710243,1.20392227,1.08617306,1.08265018,0.956216812,0.910708427,0.966417313,1.26897907,1.37530899,1.2177515,1.41054535,1.13211536,1.31628323,1.21383858,1.36911011,0.992518425,1.12276363,1.12612915,0.959933281,0.991517067,3.1616416,3.53026676,0.786158562,0.661797523,0.947605133,0.87179184,0.837663651,0.794143677,0.708880424,0.742362022,0.789664268,1.09951496,1.25794792,1.0773735,0.951850891,0.913657188,0.900970459,1.23354244,1.66737175,1.14976692,1.36426353,1.27030277,1.62976646,1.37417126,1.67970657,1.49197388,2.8377161,1.00480652,0.608201027,0.685792923,0.478719711,0.614053726,0.648080826,0.600694656,0.797356606,0.958024979,1.02954483,1.23570251,1.32783318,0.9278965,0.930281639,0.675004005,0.463198662,0.451779366,0.514182091,0.264611244,0.137722015,0.20933342,0.299198151,0.343901634,0.0423402786,-0.0181436539,-0.14071846,0.030954361,-0.146277428,0.240473747,-0.0227155685,-0.028254509,0.0838098526,0.050037384,0.0200939178
2026-08-23T18:10:26.828+00:00	135.843	SUBSEG96 protocol=asd-research-v1.0.0 session=1 phase=CAL window=5 group=4 segments=7 dims=96 fnv1a=714a8689 values=-10.1647749,-10.1647749,0.515311241,-10.1647749,-10.1647749,0.868664742,-10.1647749,1.31761551,-10.1647749,1.02687931,0.76949501,-10.1647749,1.23672199,1.562253,1.56965256,-10.1647749,0.968049049,0.761122704,0.767566681,0.961520195,1.08190727,1.03800583,1.38726425,1.3196373,1.31962776,1.57737732,1.04148388,1.29765034,1.163517,1.31423092,0.983207703,1.27873898,0.873141289,0.859064102,0.682077408,3.10001183,3.56462526,0.940822601,0.785589218,0.993977547,0.827946663,0.690000534,0.741159439,0.581998825,0.726119995,0.66112709,1.05988979,1.25311375,1.0647707,1.10314751,0.990530968,0.997676849,1.26736736,1.60085678,1.2504282,1.34238338,1.44391918,1.68136215,1.41105175,1.59431076,1.5118084,2.80290031,1.22099495,0.663702965,0.72969532,0.586215019,0.700497627,0.595338821,0.634878159,0.7603302,0.916079521,1.06973648,1.16281605,1.38245583,0.919240952,0.91592598,0.653588295,0.522118568,0.49269104,0.486962318,0.231958389,0.148946762,0.261404037,0.343370438,0.315958023,0.027504921,0.0141925812,-0.0975055695,0.0120658875,-0.0879459381,0.216647148,-0.0295610428,-0.0982637405,0.0528783798,0.0220460892,0.0406351089
2026-08-23T18:10:26.936+00:00	135.953	SUBSEG96 protocol=asd-research-v1.0.0 session=1 phase=CAL window=5 group=5 segments=7 dims=96 fnv1a=e47cfb3b values=-10.2263536,-10.2263536,0.904543877,-10.2263536,-10.2263536,1.09002686,-10.2263536,1.63859749,-10.2263536,1.5214119,0.615617752,-10.2263536,0.860104561,1.72043514,1.83731937,-10.2263536,1.19474983,0.963352203,1.04255676,1.03687954,0.713936806,0.844511986,1.44682693,1.68054962,1.30879211,1.18934631,1.0257864,1.28098202,1.6578598,1.71389103,1.39984417,1.34499645,1.08481693,1.22134113,1.14632034,2.950109,3.5142417,0.843342781,0.983424187,0.814367294,0.808322906,1.08016872,0.694238663,0.725846291,0.832743645,0.832046509,0.867773056,0.957904816,1.1316843,0.971425056,0.770259857,0.990990639,1.1285305,1.46883392,1.13462353,1.16968346,1.48743153,1.57562923,1.42711926,1.55725384,1.3947506,2.70032549,1.47361755,0.64058876,0.462343216,0.523855209,0.536826134,0.576395035,0.544802666,0.769268036,0.859163284,0.909795761,1.01313114,1.32423878,0.894579887,0.832163811,0.651556015,0.499926567,0.372822762,0.508817673,0.208198547,0.0749444962,0.158005714,0.229753494,0.276956558,-0.0915145874,-0.0390758514,-0.159646034,-0.0845756531,-0.179537773,0.0921583176,-0.12359333,-0.122369766,-0.0380601883,-0.0254602432,-0.0576496124
2026-08-23T18:10:31.243+00:00	140.265	FLAGS protocol=asd-quality-v1.5.0 mode=LEARNING state=NO_MACHINE waiting=0 learning=1 learned=0 anomaly=0 hold=0 fault=0 green=blink_5hz red=off guided25_available=1 workflow_pending=DEFAULT research_telemetry=1 profile_persistence_allowed=0 dropped=0
2026-08-23T18:10:36.231+00:00	145.250	QUALITY protocol=asd-quality-v1.5.0 phase=CAL index=6 total=10 result=OK metrics_valid=1 samples=159744 expected=159744 rms_dbfs=-46.663 dc=-0.449 peak=555 clipped=0 zeros=417 stuck=297 dropped_delta=0 feature_valid=1 tonalness_valid=1 tonalness_proxy=3.544417 tonal_gate=pending_normal_only
2026-08-23T18:10:36.233+00:00	145.250	CAL  6/10 score=0.00000 nivo=-46.7 dBFS racun=716 ms
2026-08-23T18:10:36.362+00:00	145.390	FEATURE96 protocol=asd-research-v1.0.0 session=1 phase=CAL window=6 window_start_ms=134733 window_end_ms=144025 score=0 level_dbfs=-46.6631241 quality=OK tonalness_proxy=3.5444169 dims=96 fnv1a=b6ec82b4 values=-10.190259,-10.190259,0.91708374,-10.190259,-10.190259,1.06112003,-10.190259,1.22670841,-10.190259,1.04146862,0.854786873,-10.190259,0.921368599,1.42529106,1.49488449,-10.190259,1.08383179,0.899467468,0.897195816,0.840560913,0.833604813,0.986641884,1.47807598,1.5425806,1.331357,1.58250904,1.18885803,1.40535641,1.27263355,1.21846867,1.03668404,1.12660122,1.12576962,1.05633163,1.00257874,3.06206465,3.5444169,0.761779785,0.883248329,0.965844154,0.781605721,0.763453484,0.841362953,0.681713104,0.775065422,0.721905708,0.974965096,1.12559414,1.03332424,1.06880283,0.974516869,0.991467476,1.16540432,1.55887985,1.14763546,1.34767056,1.38293839,1.6030426,1.51481342,1.6820116,1.50039005,2.75086308,1.31392956,0.606212616,0.709452629,0.566208839,0.681637764,0.587052345,0.602849007,0.733999252,0.958371162,1.02339745,1.12644958,1.3850069,0.914465904,0.933982849,0.625910759,0.516518593,0.472565651,0.486578941,0.208395004,0.111225128,0.226636887,0.275745392,0.312140465,-0.0120229721,-0.0514974594,-0.164847374,0.0236301422,-0.154154778,0.174730301,-0.0636205673,-0.0895624161,0.0215511322,0.00784492493,-0.00522041321
2026-08-23T18:10:36.372+00:00	145.390	FLAGS protocol=asd-quality-v1.5.0 mode=LEARNING state=NO_MACHINE waiting=0 learning=1 learned=0 anomaly=0 hold=0 fault=0 green=blink_5hz red=off guided25_available=1 workflow_pending=DEFAULT research_telemetry=1 profile_persistence_allowed=0 dropped=0
2026-08-23T18:10:36.491+00:00	145.515	SUBSEG96 protocol=asd-research-v1.0.0 session=1 phase=CAL window=6 group=1 segments=8 dims=96 fnv1a=7f32b397 values=-10.1627321,-10.1627321,0.952497482,-10.1627321,-10.1627321,0.549467087,-10.1627321,0.978399277,-10.1627321,0.932814598,0.721738815,-10.1627321,0.986371994,1.615839,1.64810562,-10.1627321,1.00850582,0.751384735,0.873382568,0.928519249,0.764299393,1.05127239,1.39306355,1.49145985,1.26580524,1.44764137,1.21174908,1.29327774,1.17307281,1.22860336,0.919798851,1.09629059,1.09561634,0.885354996,1.13423252,3.01600122,3.57736444,0.784762383,0.992699623,1.08878422,0.569796562,0.692457199,0.644507408,0.692205429,0.836072922,0.555030823,0.938793182,1.25770569,1.02329826,1.1715641,0.981639862,0.949822426,1.11044693,1.61784554,1.09238148,1.36562157,1.36845207,1.676301,1.49759769,1.7078228,1.440938,2.73321867,1.61097717,0.610933304,0.752436638,0.473872185,0.68534565,0.717925072,0.601471901,0.762386322,1.02163506,1.05591393,1.05319405,1.41041374,1.00361824,0.979986191,0.695742607,0.591657639,0.562966347,0.549778938,0.209529877,0.159304619,0.270905495,0.330302238,0.351017952,0.00466251373,-0.0408906937,-0.135846138,0.0263681412,-0.111798286,0.233160019,-0.0137691498,-0.0673780441,0.0479974747,0.0983610153,0.0178661346
2026-08-23T18:10:36.600+00:00	145.625	SUBSEG96 protocol=asd-research-v1.0.0 session=1 phase=CAL window=6 group=2 segments=8 dims=96 fnv1a=22ea98bb values=-10.1796961,-10.1796961,0.96382618,-10.1796961,-10.1796961,1.1516304,-10.1796961,1.33046627,-10.1796961,1.05846024,1.03359699,-10.1796961,0.784588814,1.17226982,1.42175961,-10.1796961,0.909369469,0.824216843,0.984315872,0.705588341,0.742279053,0.988904953,1.50393009,1.52978039,1.18403721,0.962008476,1.07270145,1.56318474,1.36217117,1.14543819,1.17189693,1.40907288,0.935638428,0.91467762,1.12031746,3.06036472,3.55789852,0.78381443,0.888696671,0.885828018,0.882655144,0.913927078,0.887699127,0.550285339,0.667489052,0.763998985,1.09897423,1.15016747,1.09273624,1.0670805,0.949224472,1.15965652,1.10117722,1.62749577,1.20632839,1.35048008,1.50327396,1.62251949,1.61261177,1.68791103,1.58018494,2.74747181,1.30694294,0.682937622,0.651904106,0.605508804,0.673672676,0.494393349,0.606489182,0.755142212,0.942440033,0.983060837,1.1634264,1.42711926,0.959095955,0.965309143,0.584337234,0.507637978,0.457357407,0.496401787,0.237224579,0.0857057571,0.233645439,0.265091896,0.323225975,0.00114440918,-0.0353841782,-0.166259766,0.0146179199,-0.152503967,0.190047264,-0.0758943558,-0.0750770569,0.0077047348,-0.0161657333,-0.00867080688
2026-08-23T18:10:36.707+00:00	145.734	SUBSEG96 protocol=asd-research-v1.0.0 session=1 phase=CAL window=6 group=3 segments=8 dims=96 fnv1a=39a8e2ae values=-10.2006121,-10.2006121,0.919983864,-10.2006121,-10.2006121,1.08446884,-10.2006121,1.17685986,-10.2006121,1.09259892,0.872851372,-10.2006121,1.0322752,1.31544113,1.46800327,-10.2006121,1.2741127,0.985822678,0.951038361,0.837594986,0.965130806,0.920296669,1.51626873,1.64484024,1.34372425,1.42131901,1.09951305,1.42180634,1.34685326,1.25442219,0.738692284,0.954746246,1.34430122,1.39708614,0.842920303,3.0953021,3.51634312,0.793334961,0.908308029,1.04201603,0.846486092,0.850543976,1.02274513,0.712177277,0.820114136,0.69862175,0.928311348,0.945189476,1.00765514,1.01898384,0.95284462,1.04725742,1.11830902,1.4956398,1.08257389,1.40210247,1.36968136,1.54009724,1.53301144,1.70097733,1.46950722,2.79499769,1.09908104,0.652923584,0.708359718,0.626896858,0.655676842,0.617139816,0.574971199,0.704815865,0.93493557,1.03527832,1.16368198,1.37619877,0.907938004,0.882087708,0.618391991,0.502301216,0.407527924,0.406817436,0.181820869,0.111460686,0.225811958,0.274332047,0.284243584,0.0107812881,-0.0330524445,-0.154336929,0.0545825958,-0.168456078,0.147690773,-0.0806188583,-0.0680971146,0.0343780518,-0.00848484039,-0.0183725357
2026-08-23T18:10:36.814+00:00	145.843	SUBSEG96 protocol=asd-research-v1.0.0 session=1 phase=CAL window=6 group=4 segments=7 dims=96 fnv1a=84706af9 values=-10.1770992,-10.1770992,0.812394142,-10.1770992,-10.1770992,1.31770706,-10.1770992,1.45864582,-10.1770992,1.05994797,0.817147255,-10.1770992,0.937823296,1.64862537,1.64241791,-10.1770992,1.24760532,0.959055901,0.965479851,1.04776096,0.85310173,0.86158371,1.42588615,1.54252911,1.52248669,1.70038509,1.21165752,1.16984653,1.18934631,1.00102425,1.17109966,0.968698502,1.01553917,0.836175919,0.85226059,3.1449194,3.54311132,0.725118637,0.774256706,0.819001198,0.875768661,0.702465057,0.831850052,0.693714142,0.807538986,0.809438705,1.00082874,1.02788353,1.03344345,1.03087139,1.09150696,0.854676247,1.22240353,1.60854053,1.08588982,1.34576607,1.35348797,1.5752182,1.38775063,1.69786167,1.49369144,2.7995472,1.03314018,0.561682701,0.62068367,0.60764122,0.705018044,0.491703033,0.600461006,0.800187111,1.02679539,1.04424667,1.20549107,1.34967422,0.837725639,0.943936348,0.629179001,0.488753319,0.499780655,0.463602066,0.221398354,0.143996239,0.222153664,0.257445335,0.332425117,-0.021021843,-0.0823078156,-0.165277481,0.0418128967,-0.109542847,0.186578751,-0.0608778,-0.0741090775,0.0243997574,0.01263237,0.00441455841
2026-08-23T18:10:36.921+00:00	145.937	SUBSEG96 protocol=asd-research-v1.0.0 session=1 phase=CAL window=6 group=5 segments=7 dims=96 fnv1a=6aa34a54 values=-10.1801424,-10.1801424,0.961431503,-10.1801424,-10.1801424,0.939202309,-10.1801424,1.08696651,-10.1801424,1.09472942,0.792070389,-10.1801424,0.860953331,1.221385,1.20115185,-10.1801424,0.835755348,0.984083176,0.677961349,0.607993126,0.848529816,1.12078381,1.57614136,1.52619934,1.34186935,1.95337009,1.36598778,1.50041389,1.28941441,1.41281128,1.11677265,1.05494881,1.14421368,0.941850662,1.0198555,3.03370667,3.57835913,0.760415077,0.859128952,0.971842766,0.693867683,0.597723007,0.74333477,0.789680481,0.776239395,0.801352501,0.927936554,1.23155212,1.05534649,1.09005451,0.940003395,0.889294624,1.31064796,1.46887398,1.29067707,1.30979538,1.33644867,1.64246082,1.54855919,1.66092873,1.55480099,2.72051096,1.31674767,0.537657738,0.836521149,0.543446541,0.743006706,0.615983009,0.681903839,0.692611694,0.906920433,1.04857731,1.07552147,1.40416241,0.883324623,0.94668293,0.647760391,0.534245491,0.478373528,0.558430672,0.244040489,0.104212761,0.227475166,0.297520638,0.320980072,-0.010512352,-0.0214729309,-0.153964996,0.0285482407,-0.180840492,0.162219048,-0.0367574692,-0.11972332,0.0428619385,-0.00716495514,0.0315666199
2026-08-23T18:10:41.263+00:00	150.281	FLAGS protocol=asd-quality-v1.5.0 mode=LEARNING state=NO_MACHINE waiting=0 learning=1 learned=0 anomaly=0 hold=0 fault=0 green=blink_5hz red=off guided25_available=1 workflow_pending=DEFAULT research_telemetry=1 profile_persistence_allowed=0 dropped=0
2026-08-23T18:10:46.206+00:00	155.234	QUALITY protocol=asd-quality-v1.5.0 phase=CAL index=7 total=10 result=OK metrics_valid=1 samples=159744 expected=159744 rms_dbfs=-46.790 dc=-0.383 peak=578 clipped=0 zeros=474 stuck=297 dropped_delta=0 feature_valid=1 tonalness_valid=1 tonalness_proxy=3.533489 tonal_gate=pending_normal_only
2026-08-23T18:10:46.207+00:00	155.234	CAL  7/10 score=0.00000 nivo=-46.8 dBFS racun=716 ms
2026-08-23T18:10:46.339+00:00	155.359	FEATURE96 protocol=asd-research-v1.0.0 session=1 phase=CAL window=7 window_start_ms=144720 window_end_ms=153999 score=0 level_dbfs=-46.7903976 quality=OK tonalness_proxy=3.53348923 dims=96 fnv1a=fe89540c values=-10.1960564,-10.1960564,1.06563282,-10.1960564,-10.1960564,1.20093155,-10.1960564,1.52506447,-10.1960564,1.2364893,0.741498947,-10.1960564,0.914973259,1.65102959,1.71788692,-10.1960564,1.15121555,0.918622971,0.949027061,0.972467422,0.910411835,1.02163506,1.56495857,1.57466316,1.30834579,1.58247948,1.26960373,1.2067461,1.14392948,1.25362682,1.17681408,1.06889343,1.0498085,0.905118942,0.938741684,3.06503201,3.53348923,0.752077103,0.740918159,0.888149261,0.908724785,0.699187279,0.752551079,0.699183464,0.615442276,0.802780151,0.956513405,1.08657074,0.895206451,1.06807899,0.985397339,0.894500732,1.16583347,1.47463322,1.082057,1.40162182,1.36164093,1.60308933,1.48471165,1.64463615,1.50623703,2.76343536,1.09961319,0.573760033,0.715586662,0.615163803,0.656945229,0.60904789,0.53910923,0.780545235,0.930907249,1.05585861,1.12339401,1.40245914,0.935077667,0.918078423,0.636942863,0.506698608,0.435760498,0.450769424,0.205086708,0.101202965,0.213048935,0.275519371,0.330439568,-0.000457763672,-0.0596828461,-0.191082954,0.0268144608,-0.170255661,0.174525261,-0.0839233398,-0.104837418,0.0474376678,-0.0275115967,-0.00586414337
2026-08-23T18:10:46.348+00:00	155.375	FLAGS protocol=asd-quality-v1.5.0 mode=LEARNING state=NO_MACHINE waiting=0 learning=1 learned=0 anomaly=0 hold=0 fault=0 green=blink_5hz red=off guided25_available=1 workflow_pending=DEFAULT research_telemetry=1 profile_persistence_allowed=0 dropped=0
2026-08-23T18:10:46.467+00:00	155.484	SUBSEG96 protocol=asd-research-v1.0.0 session=1 phase=CAL window=7 group=1 segments=8 dims=96 fnv1a=a256e5f7 values=-10.1808348,-10.1808348,0.945445061,-10.1808348,-10.1808348,1.14169884,-10.1808348,1.4559679,-10.1808348,1.16518593,0.687976837,-10.1808348,0.867706299,1.47635746,1.5806551,-10.1808348,1.05024719,0.834963799,0.905572891,0.936181068,0.960754395,1.09896088,1.44887924,1.27323246,1.4516964,1.73326397,0.979934692,1.29705811,1.26705647,1.23251247,1.08768559,1.08506966,1.05379581,0.953186035,1.02571201,3.06589937,3.55444384,0.817670822,0.946412086,0.887895584,1.04085064,0.620183945,0.686209679,0.70056057,0.530371666,0.825632095,0.970272064,1.07618713,0.85037899,1.24665165,1.01825142,0.819420815,1.16747761,1.45382404,1.06565952,1.41174603,1.48821545,1.6121521,1.45378208,1.64870167,1.46547985,2.76277971,1.07264614,0.69400692,0.76131916,0.653028488,0.606001854,0.684500694,0.502482414,0.861001968,0.93676281,1.0716753,1.07713223,1.4222002,0.918333054,0.892383575,0.697950363,0.508348465,0.382512093,0.48579216,0.173387527,0.136998177,0.216495514,0.289885521,0.415090561,0.0107393265,-0.0541810989,-0.15911293,0.013589859,-0.129580498,0.200762749,-0.0469713211,-0.0727777481,0.0671768188,-0.0209732056,-0.00584316254
2026-08-23T18:10:46.575+00:00	155.593	SUBSEG96 protocol=asd-research-v1.0.0 session=1 phase=CAL window=7 group=2 segments=8 dims=96 fnv1a=653abe1c values=-10.2069569,-10.2069569,1.07181931,-10.2069569,-10.2069569,1.25080872,-10.2069569,1.51073742,-10.2069569,1.27167511,0.888623238,-10.2069569,1.05747032,1.90335035,2.01054907,-10.2069569,1.20885849,0.837897301,0.674571991,0.810054779,0.836241722,1.01554871,1.89587879,1.87826204,1.19572258,1.65585613,1.12902164,1.21758938,1.26080227,1.4456234,1.2515564,1.17089081,0.97320652,0.958319664,0.80751133,3.07992029,3.50038528,0.59696579,0.457481384,0.900733948,0.896640778,0.593223572,0.76805687,0.675949097,0.623021126,0.685482979,0.926667213,1.12467194,0.906568527,0.986499786,0.9628582,0.831542015,1.18897057,1.49778938,1.08948135,1.45281982,1.33898544,1.54970169,1.44375038,1.69762516,1.47437954,2.77328491,1.02441025,0.563536644,0.714284897,0.629043579,0.656354904,0.637784958,0.486291885,0.751374245,0.900333405,1.02509594,1.19692039,1.45060062,0.932274818,0.936737061,0.628213882,0.491333961,0.439310074,0.390223503,0.189419746,0.0979251862,0.242420197,0.25345993,0.313596725,-0.010931015,-0.0570497513,-0.260844231,0.0128631592,-0.201071739,0.208679199,-0.108380318,-0.10645771,0.0460100174,-0.0416793823,0.0116281509
2026-08-23T18:10:46.681+00:00	155.703	SUBSEG96 protocol=asd-research-v1.0.0 session=1 phase=CAL window=7 group=3 segments=8 dims=96 fnv1a=69ac3d11 values=-10.1893063,-10.1893063,1.15702343,-10.1893063,-10.1893063,1.063591,-10.1893063,1.41721153,-10.1893063,1.12464046,0.760198593,-10.1893063,0.86170578,1.66384888,1.70764637,-10.1893063,1.33833981,1.17487717,1.23923874,1.14143181,0.990145683,0.836931229,1.32280636,1.61070824,1.50367069,1.50580597,1.26233292,1.2365427,0.971421242,1.20048332,1.27562618,0.950255394,1.00520039,0.912220001,0.988360405,3.0861268,3.54777861,0.7221632,0.742136955,0.697000504,0.796985626,0.68491745,0.826590538,0.75449276,0.619943619,0.819461823,1.0100441,1.08306408,0.89895153,1.05570793,0.942497253,0.984173775,1.18379402,1.48941708,1.01559448,1.25005627,1.32344437,1.60267925,1.62109852,1.69540787,1.48026085,2.77937317,1.11801147,0.607541084,0.705235481,0.524706841,0.664937019,0.619217873,0.58202076,0.76380825,0.956921577,1.07402134,1.12295723,1.36291504,0.946854591,0.895533562,0.634811401,0.534233093,0.432847977,0.432201385,0.244366646,0.0644989014,0.17846489,0.303592682,0.272130013,0.00437068939,-0.0604476929,-0.152224541,0.0169448853,-0.172549248,0.15825367,-0.1065588,-0.108719826,0.0155067444,-0.0107221603,-0.0466098785
2026-08-23T18:10:46.789+00:00	155.812	SUBSEG96 protocol=asd-research-v1.0.0 session=1 phase=CAL window=7 group=4 segments=7 dims=96 fnv1a=8c8dc578 values=-10.1619501,-10.1619501,1.09286022,-10.1619501,-10.1619501,1.08892632,-10.1619501,1.56270885,-10.1619501,1.28953838,0.575149536,-10.1619501,0.689069748,1.42111588,1.62362099,-10.1619501,1.16031742,0.973545074,0.933400154,1.06765938,0.945243835,1.01043892,1.3239193,1.39827061,1.17450333,1.15030956,1.25821304,1.32909107,0.874725342,1.15241814,1.17121792,1.22853279,1.17552567,0.658471107,1.05479908,3.09820557,3.56652308,0.841648102,0.717178345,1.14974022,0.995397568,0.825438499,0.573810577,0.712228775,0.609696388,0.930672646,0.896370888,1.02688408,0.856780052,0.990098953,1.05434513,0.830111504,1.17648697,1.51497459,1.1508379,1.36950207,1.34940529,1.56674862,1.39164734,1.56576347,1.57835484,2.80620623,1.14787388,0.543069839,0.679715157,0.678190231,0.729234695,0.545409203,0.582629204,0.790516853,0.950535774,1.09785843,1.13855362,1.47315788,1.00867462,0.895728111,0.638846397,0.539227486,0.48631382,0.488972664,0.228669167,0.172348976,0.217709541,0.322021484,0.318469048,0.0398283005,-0.0400152206,-0.141842842,0.132068634,-0.140825272,0.178281784,-0.0543079376,-0.0735406876,0.0956335068,0.0105237961,0.0875091553
2026-08-23T18:10:46.896+00:00	155.922	SUBSEG96 protocol=asd-research-v1.0.0 session=1 phase=CAL window=7 group=5 segments=7 dims=96 fnv1a=e3522c5e values=-10.1902285,-10.1902285,1.08432579,-10.1902285,-10.1902285,1.41540718,-10.1902285,1.69748497,-10.1902285,1.35860252,0.748867035,-10.1902285,1.02357292,1.60719204,1.40663719,-10.1902285,0.889767647,0.593025208,0.812383652,0.879131317,0.844569206,1.14739704,1.52410412,1.41371536,1.05117321,1.66550064,1.57803822,0.8540802,1.22010517,1.17647839,1.09245682,0.859790802,1.08997059,0.991439819,0.81674099,3.03981066,3.54971409,0.814299583,0.765247345,0.742983818,0.814540863,0.807180405,0.878933907,0.696233749,0.728333473,0.791147232,1.01067734,1.15303802,0.997652054,1.04074287,1.00101662,1.01631737,1.15604591,1.46361732,1.13910389,1.53071976,1.3265419,1.71985245,1.51088619,1.63046932,1.58524513,2.74262619,1.18422127,0.455093384,0.756533623,0.634696007,0.679333687,0.575473785,0.591279984,0.775853157,0.96037674,1.06201363,1.1146822,1.33733082,0.919124603,1.00980473,0.6258564,0.510106087,0.488699913,0.507898331,0.238085747,0.0820531845,0.255838394,0.256677628,0.368510246,0.00542831421,-0.0362272263,-0.195463181,0.00823879242,-0.15732193,0.168113708,-0.0521593094,-0.114829063,0.0649452209,-0.0236959457,-0.0295648575
2026-08-23T18:10:51.272+00:00	160.297	FLAGS protocol=asd-quality-v1.5.0 mode=LEARNING state=NO_MACHINE waiting=0 learning=1 learned=0 anomaly=0 hold=0 fault=0 green=blink_5hz red=off guided25_available=1 workflow_pending=DEFAULT research_telemetry=1 profile_persistence_allowed=0 dropped=0
2026-08-23T18:10:56.179+00:00	165.203	QUALITY protocol=asd-quality-v1.5.0 phase=CAL index=8 total=10 result=OK metrics_valid=1 samples=159744 expected=159744 rms_dbfs=-46.480 dc=-0.507 peak=568 clipped=0 zeros=424 stuck=255 dropped_delta=0 feature_valid=1 tonalness_valid=1 tonalness_proxy=3.516387 tonal_gate=pending_normal_only
2026-08-23T18:10:56.182+00:00	165.203	CAL  8/10 score=0.00000 nivo=-46.5 dBFS racun=716 ms
2026-08-23T18:10:56.314+00:00	165.343	FEATURE96 protocol=asd-research-v1.0.0 session=1 phase=CAL window=8 window_start_ms=154694 window_end_ms=163973 score=0 level_dbfs=-46.4801712 quality=OK tonalness_proxy=3.51638699 dims=96 fnv1a=3f1e82f8 values=-10.1866732,-10.1866732,0.949352264,-10.1866732,-10.1866732,0.91944313,-10.1866732,1.357728,-10.1866732,1.18761158,0.804741859,-10.1866732,0.970592499,1.64854813,1.78844643,-10.1866732,1.03034115,0.932024002,0.990395546,0.907494545,0.965885162,1.02032661,1.48691559,1.55239296,1.39754581,1.57461929,1.37253666,1.30796909,1.35776615,1.23023129,1.15594959,1.0949049,0.998825073,0.887981415,0.851794243,3.15771294,3.51638699,0.699110031,0.726805687,0.815184593,0.829654694,0.703866005,0.808576584,0.666102409,0.696379662,0.753923416,1.00963211,1.15675926,0.995359421,1.13817596,0.972641945,0.951768875,1.13086891,1.51362514,1.11565876,1.38606834,1.37875652,1.52575016,1.48206139,1.63640213,1.45061493,2.81915855,0.977793694,0.546262741,0.699460983,0.621611595,0.636764526,0.625507355,0.608712196,0.761829376,0.898457527,1.0327301,1.24953079,1.29980278,0.930420876,0.930417061,0.615789413,0.512834549,0.43620491,0.432440758,0.247606277,0.107027054,0.228001595,0.266439438,0.321604729,-0.0190210342,-0.0596466064,-0.160193443,0.0530424118,-0.145757675,0.175979614,-0.0898675919,-0.0742712021,0.0662698746,-0.0246782303,0.00494289398
2026-08-23T18:10:56.322+00:00	165.343	FLAGS protocol=asd-quality-v1.5.0 mode=LEARNING state=NO_MACHINE waiting=0 learning=1 learned=0 anomaly=0 hold=0 fault=0 green=blink_5hz red=off guided25_available=1 workflow_pending=DEFAULT research_telemetry=1 profile_persistence_allowed=0 dropped=0
2026-08-23T18:10:56.443+00:00	165.468	SUBSEG96 protocol=asd-research-v1.0.0 session=1 phase=CAL window=8 group=1 segments=8 dims=96 fnv1a=1dc684cb values=-10.1645041,-10.1645041,0.976161003,-10.1645041,-10.1645041,1.04391956,-10.1645041,1.36240292,-10.1645041,1.23863411,0.855600357,-10.1645041,0.720335007,1.01469994,1.17671776,-10.1645041,0.781383514,0.823088646,1.04930592,0.889760971,0.795610428,1.14427662,1.48987675,1.50389099,1.34546375,1.56700993,1.30975914,1.23433304,1.25794411,1.19369602,0.96649456,1.18834591,0.932905197,0.921154022,0.999638557,3.09222507,3.5535903,0.846341133,0.764120102,0.842323303,0.844447136,0.84634304,0.867985725,0.646606445,0.680856705,0.827996254,1.0227232,1.13976765,1.04273891,1.1935482,0.956853867,1.01987362,1.14293098,1.60709858,1.10632133,1.456563,1.44769573,1.63563728,1.51212883,1.6687851,1.53647423,2.78791666,1.09766674,0.539347649,0.769182205,0.638342857,0.60329628,0.653510094,0.611987114,0.749739647,0.96118927,1.09980392,1.13047218,1.42808056,0.893096924,0.976646423,0.602043152,0.534293175,0.485342026,0.488173485,0.261025429,0.135895729,0.269454002,0.324559212,0.347331047,-0.0333404541,-0.0258111954,-0.163226128,0.0695266724,-0.115200043,0.18110466,-0.0970554352,-0.0911693573,0.085767746,0.00681781769,0.0258331299
2026-08-23T18:10:56.549+00:00	165.578	SUBSEG96 protocol=asd-research-v1.0.0 session=1 phase=CAL window=8 group=2 segments=8 dims=96 fnv1a=da6e8099 values=-10.1721764,-10.1721764,1.13485336,-10.1721764,-10.1721764,0.962852478,-10.1721764,1.08822155,-10.1721764,1.00700188,0.713767052,-10.1721764,1.12795067,1.49056816,1.51563072,-10.1721764,0.808375359,0.971152306,1.04392242,0.905838966,1.05369949,1.0368433,1.63425255,1.61242676,1.4316597,1.45680523,1.35357857,1.37785244,1.37850094,1.03372002,1.08478832,1.06611347,1.15976334,0.935145378,0.949832916,3.19896746,3.5378437,0.57818222,0.648154259,0.802853584,0.822834015,0.813292503,0.825078011,0.665763855,0.664168358,0.654154778,1.03343296,1.08852291,0.921362877,1.19782066,1.03105545,0.999681473,1.12337875,1.52491474,1.0653801,1.36081028,1.36341476,1.55299473,1.48076534,1.60169125,1.47639561,2.84274483,1.01266289,0.497108459,0.781808853,0.638091087,0.58843708,0.630389214,0.66464138,0.789312363,0.899027824,1.02133083,1.30913258,1.28076267,0.969705582,0.954533577,0.644046783,0.559481621,0.423970222,0.472653389,0.253403664,0.116166115,0.239770889,0.251730919,0.347607613,-0.0135936737,-0.0444612503,-0.146791458,0.0932006836,-0.147619247,0.17960453,-0.0779132843,-0.0732593536,0.0459575653,-0.0328235626,0.0387420654
2026-08-23T18:10:56.656+00:00	165.672	SUBSEG96 protocol=asd-research-v1.0.0 session=1 phase=CAL window=8 group=3 segments=8 dims=96 fnv1a=b28e4db0 values=-10.17138,-10.17138,0.791876793,-10.17138,-10.17138,0.859083176,-10.17138,1.53002548,-10.17138,1.27360153,0.670582771,-10.17138,0.917186737,1.84684753,1.9521203,-10.17138,1.18058014,0.662696838,0.933287621,0.855047226,0.681277275,0.985137939,1.53371429,1.65048313,1.36457729,1.43258667,1.27669621,1.30532074,1.54776001,1.12291431,1.08891296,0.841295242,0.937138557,1.00415421,0.75757122,3.18041468,3.52157831,0.708281517,0.773897171,0.839834213,0.806820869,0.575982094,0.773627281,0.662414551,0.794587135,0.671843529,1.01716042,1.21711826,0.998606682,1.14622498,1.05916977,0.920228004,1.14085102,1.48983479,1.21887016,1.41940117,1.39149761,1.52464867,1.43955421,1.59821415,1.43785858,2.8257308,0.925430298,0.52430439,0.6997118,0.56968689,0.732974052,0.59261322,0.655038834,0.839763641,0.829266548,1.08831215,1.24446106,1.27559376,0.983979225,0.946913719,0.659996986,0.458021164,0.449801445,0.42546463,0.258862495,0.129833221,0.270093918,0.284673691,0.305082321,0.0101652145,-0.0499572754,-0.133018494,0.0599117279,-0.109081268,0.236193657,-0.0518045425,-0.0230464935,0.0834846497,0.00253295898,0.0389890671
2026-08-23T18:10:56.765+00:00	165.781	SUBSEG96 protocol=asd-research-v1.0.0 session=1 phase=CAL window=8 group=4 segments=7 dims=96 fnv1a=f4e6753c values=-10.2116394,-10.2116394,0.762798309,-10.2116394,-10.2116394,0.904977798,-10.2116394,1.16188049,-10.2116394,1.0924139,1.03603363,-10.2116394,1.11030293,1.8411088,2.11818361,-10.2116394,1.31211853,1.02695847,1.12496376,1.11599922,1.25678539,1.02790356,1.47849751,1.64465427,1.53166294,1.61107922,1.4656353,1.37873363,1.30042362,1.50708866,1.38815975,1.27632618,0.858318329,0.6460495,0.757647514,3.14416361,3.49324465,0.765620232,0.700161934,0.743494034,0.81063652,0.615602493,0.843978882,0.644260406,0.698602676,0.776074409,1.02371407,1.17054749,1.02805424,1.03600979,0.724802971,0.8659935,0.991685867,1.40232372,1.07881451,1.25232983,1.39708805,1.45838833,1.48646927,1.71453381,1.35354328,2.80123949,0.960014343,0.59069252,0.666228294,0.596600533,0.672833443,0.660495758,0.545591354,0.795275688,0.950811386,0.947272301,1.26229763,1.32651329,0.884338379,0.879699707,0.576116562,0.467468262,0.40900135,0.359980583,0.290411949,0.0996866226,0.195649147,0.205582619,0.320552826,-0.0283098221,-0.115299225,-0.204114914,0.0276012421,-0.195274353,0.119996071,-0.130846977,-0.0869255066,-0.000818252563,-0.0635871887,-0.0504150391
2026-08-23T18:10:56.871+00:00	165.890	SUBSEG96 protocol=asd-research-v1.0.0 session=1 phase=CAL window=8 group=5 segments=7 dims=96 fnv1a=d9f71106 values=-10.166501,-10.166501,1.01953602,-10.166501,-10.166501,0.829465866,-10.166501,1.53057671,-10.166501,1.31579304,0.66817379,-10.166501,0.890307426,1.6756134,1.65487194,-10.166501,0.804538727,1.11731243,0.729270935,0.702352524,0.830760002,0.909991264,1.21947384,1.26750374,1.32329845,1.79103947,1.48381233,1.26787663,1.26399708,1.1857872,1.19099236,1.03088665,1.0874567,0.897507668,0.76184845,3.21529245,3.5203414,0.568277359,0.787222862,0.889364243,0.912881851,0.633906364,0.767325401,0.759840012,0.673930168,0.865499496,0.995977402,1.20974064,1.02906418,1.14321709,1.06164551,0.984177589,1.27419186,1.56847668,1.13966274,1.46258831,1.32721996,1.47304153,1.54056835,1.63871288,1.47676373,2.88638878,0.903739929,0.627323151,0.584302902,0.711072922,0.614253998,0.637598038,0.599092484,0.645751953,0.887739182,1.03544044,1.33182049,1.19017029,0.959778786,0.934528351,0.639653206,0.586201668,0.458370209,0.452251434,0.215777397,0.0979585648,0.202119827,0.30666256,0.334788322,0.0189361572,-0.0183076859,-0.107272148,0.0592451096,-0.118162155,0.203313828,-0.0460119247,-0.0515327454,0.159204483,0.00961399078,0.0112514496
2026-08-23T18:11:01.293+00:00	170.312	FLAGS protocol=asd-quality-v1.5.0 mode=LEARNING state=NO_MACHINE waiting=0 learning=1 learned=0 anomaly=0 hold=0 fault=0 green=blink_5hz red=off guided25_available=1 workflow_pending=DEFAULT research_telemetry=1 profile_persistence_allowed=0 dropped=0
2026-08-23T18:11:06.154+00:00	175.172	QUALITY protocol=asd-quality-v1.5.0 phase=CAL index=9 total=10 result=OK metrics_valid=1 samples=159744 expected=159744 rms_dbfs=-46.974 dc=-0.431 peak=527 clipped=0 zeros=404 stuck=243 dropped_delta=0 feature_valid=1 tonalness_valid=1 tonalness_proxy=3.518906 tonal_gate=pending_normal_only
2026-08-23T18:11:06.156+00:00	175.172	CAL  9/10 score=0.00000 nivo=-47.0 dBFS racun=716 ms
2026-08-23T18:11:06.285+00:00	175.312	FEATURE96 protocol=asd-research-v1.0.0 session=1 phase=CAL window=9 window_start_ms=164667 window_end_ms=173948 score=0 level_dbfs=-46.9736786 quality=OK tonalness_proxy=3.51890564 dims=96 fnv1a=f5de1b00 values=-10.1969213,-10.1969213,0.965334892,-10.1969213,-10.1969213,0.97726059,-10.1969213,1.1262331,-10.1969213,0.944840431,0.701138496,-10.1969213,1.09179497,1.79440212,1.75648117,-10.1969213,1.04647732,0.844914436,0.937394142,0.979572296,0.89852047,1.01652527,1.35491753,1.46261597,1.41563129,1.49194813,1.35500622,1.24575806,1.34552383,1.24043655,1.23687267,1.26063633,1.19512653,1.12237644,1.00140667,3.03268337,3.51890564,0.764970779,0.789168358,0.909638405,0.925704956,0.893198967,0.915783882,0.74713707,0.771985054,0.773193359,0.973590851,1.07273102,0.942596436,1.06706333,0.943837166,0.933012962,1.10155678,1.46242237,1.05533218,1.38856888,1.37984276,1.53440094,1.53396988,1.61824894,1.46586037,2.7577877,1.21038914,0.583764076,0.724721909,0.548778534,0.658093452,0.613251686,0.527033806,0.759684563,0.905938148,1.00707722,1.04760456,1.37266636,0.903249741,0.884033203,0.649457932,0.510543823,0.444734573,0.465691566,0.212233543,0.103899002,0.179385185,0.280444145,0.321378708,-0.0359764099,-0.015250206,-0.137233734,0.0295724869,-0.167316437,0.158747673,-0.0754728317,-0.103229523,-0.0499668121,-0.00743865967,-0.0174913406
2026-08-23T18:11:06.394+00:00	175.422	SUBSEG96 protocol=asd-research-v1.0.0 session=1 phase=CAL window=9 group=1 segments=8 dims=96 fnv1a=8b8f26a3 values=-10.1849957,-10.1849957,1.03964901,-10.1849957,-10.1849957,1.09753609,-10.1849957,1.22048378,-10.1849957,1.08644867,0.794203758,-10.1849957,1.30813217,2.15645695,2.10878515,-10.1849957,1.15867329,0.817280769,0.972625732,1.00607681,0.914000511,1.10779953,1.19004345,1.23333359,1.34632111,1.6780653,1.38581753,1.34474277,1.46690178,1.16283607,1.009552,1.02449322,0.911531448,0.847840309,0.785437584,3.11487913,3.52570915,0.684080124,0.686779976,0.704349518,0.928346634,0.818026543,0.733424187,0.750770569,0.822402954,0.698962212,1.06526947,0.982113838,0.898918152,1.09010983,1.00439548,1.01220798,1.17756748,1.46201801,1.07729626,1.41319942,1.34498501,1.51469231,1.61167049,1.68469238,1.48182011,2.79765892,1.0105629,0.529066086,0.700696945,0.535847664,0.768151283,0.577900887,0.551299095,0.773267746,0.846938133,0.990592003,1.04009247,1.35609913,0.916416168,0.908639908,0.666919708,0.460575104,0.442305565,0.390942574,0.255634308,0.110906601,0.183139801,0.290083885,0.293642998,-0.0457134247,-0.00976657867,-0.171813011,0.0168609619,-0.171422958,0.201255798,-0.092382431,-0.0992002487,0.00761604309,-0.0246315002,0.00819206238
2026-08-23T18:11:06.404+00:00	175.422	FLAGS protocol=asd-quality-v1.5.0 mode=LEARNING state=NO_MACHINE waiting=0 learning=1 learned=0 anomaly=0 hold=0 fault=0 green=blink_5hz red=off guided25_available=1 workflow_pending=DEFAULT research_telemetry=1 profile_persistence_allowed=0 dropped=0
2026-08-23T18:11:06.523+00:00	175.547	SUBSEG96 protocol=asd-research-v1.0.0 session=1 phase=CAL window=9 group=2 segments=8 dims=96 fnv1a=cac4787c values=-10.1402426,-10.1402426,0.639717102,-10.1402426,-10.1402426,0.822095871,-10.1402426,1.07988644,-10.1402426,0.975653648,0.504053116,-10.1402426,0.981909752,1.38795567,1.45783901,-10.1402426,0.775688171,0.773015022,1.18104458,1.26235485,1.04881001,0.822197914,1.15471935,1.28977585,1.33287811,1.57212162,1.38926029,0.88270092,1.12406826,1.26709652,1.1125536,0.938035965,1.07719135,1.06159878,1.06368446,3.04675865,3.5777483,0.739460945,0.739156723,0.821192741,0.829427719,1.00489521,0.846307755,0.796560287,0.843875885,0.692586899,0.871135712,1.1681757,1.01214695,1.10025692,1.02986908,1.04586887,1.06587124,1.50967693,1.10394096,1.33431053,1.39513397,1.52011395,1.53824997,1.7311182,1.53477955,2.77525091,1.3610611,0.682272911,0.770038605,0.714526176,0.725086212,0.682905197,0.582072258,0.760930061,0.866893768,1.09690571,1.12710285,1.3630085,1.00112343,0.951803207,0.725606918,0.557508469,0.487427711,0.530578613,0.207936287,0.142617226,0.209988594,0.342885017,0.408750534,0.0509767532,-0.000348091125,-0.0614147186,0.100939751,-0.142474174,0.242458344,-0.0587272644,-0.0521707535,-0.0217313766,0.0282354355,0.0853939056
2026-08-23T18:11:06.630+00:00	175.656	SUBSEG96 protocol=asd-research-v1.0.0 session=1 phase=CAL window=9 group=3 segments=8 dims=96 fnv1a=9108a2f9 values=-10.1913843,-10.1913843,0.82551384,-10.1913843,-10.1913843,0.616244316,-10.1913843,1.25143242,-10.1913843,1.02081394,0.827954292,-10.1913843,0.916959763,1.4988327,1.45719433,-10.1913843,0.801799774,0.766474724,0.878736496,0.876869202,0.976466179,1.08610916,1.60061741,1.77942276,1.44363689,1.40355396,1.44416523,1.11336517,1.42614746,1.51821518,1.42034912,1.1423645,1.32406235,1.28733253,0.996006012,3.05725002,3.52036238,0.730316162,1.0062809,1.13510418,0.839729309,1.00959492,1.03612423,0.687944412,0.65154171,0.826053619,0.86332798,1.11251926,0.933393478,0.97198391,0.872115135,0.860327721,1.19204426,1.36081791,0.914919853,1.42511845,1.38709641,1.42534637,1.55876541,1.56967926,1.42639542,2.77761793,1.00936699,0.628673553,0.795236588,0.576766968,0.551873207,0.588130951,0.466974258,0.854820251,0.972002983,1.04274082,1.09210873,1.44678116,0.89957428,0.878993034,0.608174324,0.552282333,0.48157692,0.477223396,0.227799416,0.0884914398,0.199674606,0.248962402,0.332273483,-0.02688694,0.0078125,-0.140771866,0.072930336,-0.168985367,0.126742363,-0.0372571945,-0.110856056,-0.0591268539,0.00622463226,-0.011724472
2026-08-23T18:11:06.737+00:00	175.765	SUBSEG96 protocol=asd-research-v1.0.0 session=1 phase=CAL window=9 group=4 segments=7 dims=96 fnv1a=e89b2654 values=-10.1645241,-10.1645241,1.24638462,-10.1645241,-10.1645241,1.21682262,-10.1645241,1.10371017,-10.1645241,0.750763893,0.685656548,-10.1645241,0.855319023,1.2989502,1.25616646,-10.1645241,0.874995232,0.896009445,0.865670204,1.04665375,0.823216438,0.819580078,1.45149899,1.39064693,1.40336704,1.41135788,1.44530582,1.22238922,1.2826252,1.14344311,1.13509846,1.03492546,0.809380531,0.880324364,0.945307732,2.9924798,3.5616641,0.772392273,0.740134239,0.991731644,1.14486313,0.798922539,0.996315002,0.747298241,0.830405235,0.909333229,1.06369972,1.12195396,0.869301796,1.10475731,1.03535652,0.884613991,1.01789761,1.55346394,1.1863575,1.4580164,1.47027206,1.64175034,1.62415886,1.55534172,1.48180962,2.74144793,1.44925785,0.583960533,0.677395821,0.495181084,0.645415306,0.629182816,0.556206703,0.751308441,0.982794762,1.00256729,1.00390911,1.38439465,0.982550621,0.910233498,0.686387062,0.548983574,0.452505112,0.556554794,0.276191711,0.167941093,0.22625351,0.325274467,0.390543938,0.00616073608,0.0121221542,-0.0445642471,0.0676002502,-0.0985136032,0.173052788,-0.00814342499,-0.100793839,-0.0410461426,0.078997612,-0.00500488281
2026-08-23T18:11:06.844+00:00	175.859	SUBSEG96 protocol=asd-research-v1.0.0 session=1 phase=CAL window=9 group=5 segments=7 dims=96 fnv1a=d4a45db0 values=-10.2267351,-10.2267351,0.954516411,-10.2267351,-10.2267351,1.01097584,-10.2267351,0.976694107,-10.2267351,0.856297493,0.674433708,-10.2267351,1.24585247,1.97085571,1.92036963,-10.2267351,1.35582161,1.00523949,0.747862816,0.492962837,0.730833054,1.16316032,1.27413273,1.42065334,1.57498646,1.37799549,1.1185894,1.4914608,1.39280319,0.951469421,1.40035534,1.69239712,1.50478554,1.34403801,1.19289494,3.00668573,3.48658037,0.932123184,0.744786263,0.833921432,0.914286613,0.851934433,0.978449821,0.82124424,0.775336266,0.790265083,1.03915501,1.0430727,1.04539776,1.13574982,0.830523491,0.907022476,1.08239079,1.49774265,1.05309582,1.37996483,1.38067436,1.62819386,1.3785553,1.59711838,1.47992802,2.76565361,1.17565823,0.558269501,0.737704277,0.451590538,0.645598412,0.662010193,0.553739548,0.712287903,0.925169945,0.96897316,1.03557396,1.37845898,0.772685051,0.844661713,0.636363983,0.50756073,0.433235168,0.44658947,0.16546917,0.0900268555,0.155837059,0.273909569,0.252285004,-0.0921869278,-0.0092010498,-0.194232941,-0.0427885056,-0.174468994,0.119569778,-0.104966164,-0.0776367188,-0.0642490387,-0.0487003326,-0.103254318
2026-08-23T18:11:11.315+00:00	180.343	FLAGS protocol=asd-quality-v1.5.0 mode=LEARNING state=NO_MACHINE waiting=0 learning=1 learned=0 anomaly=0 hold=0 fault=0 green=blink_5hz red=off guided25_available=1 workflow_pending=DEFAULT research_telemetry=1 profile_persistence_allowed=0 dropped=0
2026-08-23T18:11:16.129+00:00	185.156	QUALITY protocol=asd-quality-v1.5.0 phase=CAL index=10 total=10 result=OK metrics_valid=1 samples=159744 expected=159744 rms_dbfs=-46.224 dc=-0.436 peak=568 clipped=0 zeros=368 stuck=241 dropped_delta=0 feature_valid=1 tonalness_valid=1 tonalness_proxy=3.478112 tonal_gate=pending_normal_only
2026-08-23T18:11:16.131+00:00	185.156	CAL 10/10 score=0.00000 nivo=-46.2 dBFS racun=716 ms
2026-08-23T18:11:16.261+00:00	185.281	FEATURE96 protocol=asd-research-v1.0.0 session=1 phase=CAL window=10 window_start_ms=174644 window_end_ms=183922 score=0 level_dbfs=-46.2238083 quality=OK tonalness_proxy=3.47811222 dims=96 fnv1a=c9e502de values=-10.2503643,-10.2503643,0.732646942,-10.2503643,-10.2503643,0.929648399,-10.2503643,1.30751228,-10.2503643,1.14386463,0.880698204,-10.2503643,1.06646729,1.71157551,1.78073692,-10.2503643,1.13398266,0.84172821,0.985611916,0.984692574,1.02886391,1.03042889,1.42833042,1.77296734,1.77833796,1.65267181,1.42570114,1.52314663,1.71583271,1.58281231,1.37877464,1.61725616,1.44174671,1.41468525,0.98733902,2.93514872,3.47811222,0.680948257,0.79102993,0.852784157,0.91209507,0.771231651,0.793401718,0.69149971,0.649152756,0.735219002,0.957999229,1.05661774,0.881967545,0.959570885,0.843895912,0.86574173,1.12102318,1.41116238,1.07129097,1.27372551,1.31804752,1.52453613,1.46426105,1.56732559,1.42948246,2.66039658,1.30879879,0.564712524,0.697990417,0.549590111,0.623449326,0.555618286,0.510765076,0.683685303,0.837249756,0.950549126,1.00925064,1.31678104,0.855939865,0.847817421,0.562218666,0.437545776,0.376643181,0.456951141,0.157764435,0.0461072922,0.126713753,0.230606079,0.293731689,-0.0668668747,-0.0917787552,-0.15749073,-0.0396842957,-0.22532177,0.113407135,-0.114088058,-0.162778854,-0.0788698196,-0.0670337677,-0.0826740265
2026-08-23T18:11:16.368+00:00	185.390	SUBSEG96 protocol=asd-research-v1.0.0 session=1 phase=CAL window=10 group=1 segments=8 dims=96 fnv1a=2883c25f values=-10.2350349,-10.2350349,0.770478249,-10.2350349,-10.2350349,0.883671761,-10.2350349,1.39789867,-10.2350349,1.14381695,0.86836338,-10.2350349,1.07912731,1.40827179,1.54360104,-10.2350349,1.02614498,0.856965065,1.12608337,0.906195641,1.18817806,0.921463013,1.15641785,1.83063889,1.84913158,1.5102253,1.26955795,1.46101379,1.43618107,1.38287735,1.38535023,1.62251377,1.66454983,1.47319698,1.00790119,2.92828894,3.50405693,0.720270157,0.550285339,0.493472099,0.756689072,0.682196617,0.776983261,0.774332047,0.85721302,0.88799572,1.02049541,1.12283897,1.02443123,1.08382988,0.878868103,1.0098896,1.11600685,1.3566885,1.0714035,1.29830551,1.34412289,1.49461842,1.51916504,1.73558903,1.37993145,2.68281841,1.43533802,0.578474045,0.74539566,0.499559402,0.663637161,0.632867813,0.499355316,0.727022171,0.889761925,0.967600822,1.04160976,1.29528904,0.90134716,0.791561127,0.564464569,0.465015411,0.413679123,0.45309639,0.135704994,0.10792923,0.16708374,0.267436981,0.29615593,-0.0460119247,-0.0842857361,-0.113132477,-0.0380687714,-0.173323631,0.0669412613,-0.0763902664,-0.131875992,-0.143776894,-0.0789089203,-0.080906868
2026-08-23T18:11:16.378+00:00	185.406	FLAGS protocol=asd-quality-v1.5.0 mode=LEARNING state=NO_MACHINE waiting=0 learning=1 learned=0 anomaly=0 hold=0 fault=0 green=blink_5hz red=off guided25_available=1 workflow_pending=DEFAULT research_telemetry=1 profile_persistence_allowed=0 dropped=0
2026-08-23T18:11:16.499+00:00	185.515	SUBSEG96 protocol=asd-research-v1.0.0 session=1 phase=CAL window=10 group=2 segments=8 dims=96 fnv1a=d50967cf values=-10.2230673,-10.2230673,0.83897686,-10.2230673,-10.2230673,0.938495636,-10.2230673,1.43533707,-10.2230673,1.24605656,0.690979958,-10.2230673,1.20986366,1.97954464,2.04342985,-10.2230673,1.35238647,0.801561356,0.853194237,0.843221664,0.977210045,0.969081879,1.30281162,1.40957737,1.58200741,1.89732504,1.50424957,1.27282524,1.27974606,1.44566917,1.15603161,1.2601757,1.39848804,1.2422781,0.926557541,2.94894886,3.496068,0.870528221,0.739103317,0.696065903,0.974082947,0.851485252,0.705895424,0.749365807,0.604320526,0.700939178,0.809789658,1.14403057,0.933280945,1.01446438,0.859916687,0.864704132,1.15233326,1.46957779,1.06227112,1.36089611,1.42135906,1.55756092,1.35889053,1.50788212,1.49510574,2.68900681,1.2855711,0.619000435,0.773848534,0.646286964,0.637685776,0.625408173,0.466936111,0.697768211,0.818535805,0.969399452,0.954468727,1.39250946,0.870885849,0.930027008,0.63079834,0.423788071,0.364665985,0.482450485,0.148114204,0.0822114944,0.132989883,0.266077042,0.283455849,-0.0473394394,-0.101498604,-0.137838364,0.000887870789,-0.157348633,0.131299973,-0.0863428116,-0.11715889,-0.0739717484,-0.00897598267,-0.0149784088
2026-08-23T18:11:16.607+00:00	185.625	SUBSEG96 protocol=asd-research-v1.0.0 session=1 phase=CAL window=10 group=3 segments=8 dims=96 fnv1a=228b2e9f values=-10.2639256,-10.2639256,0.863750458,-10.2639256,-10.2639256,0.886126518,-10.2639256,1.19579983,-10.2639256,1.05667782,0.856229782,-10.2639256,1.08784103,1.75271893,1.77139139,-10.2639256,1.0769701,0.882633209,1.17255497,1.29105759,1.11528492,1.10543537,1.59861565,1.86593533,1.71214581,1.51472664,1.5173254,1.54696274,1.44715786,1.50776672,1.55750942,1.88416672,1.47315884,1.69442081,1.08198643,2.96337175,3.45165014,0.504593849,0.633099556,0.887522697,1.03085518,1.01631927,0.882002831,0.605872154,0.700325966,0.613407135,0.984269142,0.982820511,0.736130714,0.894762039,0.793289185,0.856995583,1.15183163,1.42369461,1.00014305,1.18717098,1.19828224,1.44110394,1.47603607,1.5382719,1.38127708,2.68338394,1.13597202,0.586421967,0.659721375,0.599665642,0.621340752,0.470804214,0.526041031,0.717246056,0.817237854,1.00018597,1.01170826,1.25729275,0.846280098,0.814021111,0.480195999,0.449835777,0.407034874,0.443021774,0.162415504,-0.0344600677,0.101773262,0.234968185,0.297670364,-0.0503854752,-0.0644521713,-0.184467316,-0.0600214005,-0.301141739,0.0899467468,-0.122689247,-0.145030022,-0.0253372192,-0.0601797104,-0.106296539
2026-08-23T18:11:16.714+00:00	185.734	SUBSEG96 protocol=asd-research-v1.0.0 session=1 phase=CAL window=10 group=4 segments=7 dims=96 fnv1a=c123e2fd values=-10.2226954,-10.2226954,0.581709862,-10.2226954,-10.2226954,1.10666943,-10.2226954,1.41549301,-10.2226954,1.08881283,0.937739372,-10.2226954,1.10820293,1.82847738,1.90150166,-10.2226954,1.08240509,0.87221241,0.901529312,0.900467873,0.906785965,1.07665157,1.58515835,2.02777719,2.06095409,1.76734352,1.57565689,1.86547279,0.905020714,1.25697327,1.35799599,1.26655006,1.3412323,1.13334274,0.865409851,2.95074701,3.50917578,0.678995132,0.929256439,0.943317413,0.92577076,0.327274323,0.706440926,0.792357445,0.511740685,0.826116562,1.09075356,0.922227859,0.869040489,0.813579559,0.916398048,0.718988419,1.11438465,1.44498825,1.13752079,1.2953043,1.35714817,1.5401535,1.49068642,1.57904053,1.57880592,2.66598892,1.42644024,0.545258522,0.679578781,0.506699562,0.595705986,0.452961922,0.553733826,0.665343285,0.817464828,0.916199684,1.01281834,1.35168839,0.867063522,0.878949165,0.585521698,0.462676048,0.368997574,0.490148544,0.242352486,0.0587787628,0.130233765,0.247880936,0.334044456,-0.0302019119,-0.0862464905,-0.165284157,-0.00499820709,-0.197257042,0.188867569,-0.119525909,-0.175849915,-0.0449428558,-0.0524520874,-0.0749607086
2026-08-23T18:11:16.823+00:00	185.843	SUBSEG96 protocol=asd-research-v1.0.0 session=1 phase=CAL window=10 group=5 segments=7 dims=96 fnv1a=499c7f3f values=-10.2268171,-10.2268171,0.531842232,-10.2268171,-10.2268171,0.889579773,-10.2268171,1.04268265,-10.2268171,1.23793125,1.07402802,-10.2268171,0.812735558,1.29900455,1.43910789,-10.2268171,1.12417698,0.867640495,0.730417252,0.766148567,0.919579506,1.13071251,1.42654037,1.54172134,1.60537529,1.50140858,1.22101402,1.2948904,2.30472374,2.00684166,1.39883327,1.7348547,1.2451582,1.28850079,1.07682323,2.96038103,3.51095819,0.629032135,1.05337143,1.12308884,0.890412331,0.712810516,0.922436714,0.569757462,0.498132706,0.673116684,0.918708801,1.13999176,0.876627922,1.00678825,0.850217819,0.887366295,1.14227104,1.43459702,1.1667614,1.29604912,1.33016014,1.66039181,1.53934765,1.49429989,1.36551189,2.65099764,1.29264832,0.559984207,0.695158005,0.542208672,0.670570374,0.635908127,0.586071968,0.674624443,0.915061951,0.961555481,1.09805775,1.36397457,0.869450569,0.898169518,0.625825882,0.463871002,0.398720741,0.498478889,0.180657387,0.0886831284,0.179568291,0.206353188,0.339147568,-0.0877084732,-0.0467615128,-0.111055374,-0.0155086517,-0.229189873,0.172577858,-0.0911149979,-0.178697586,-0.0362911224,-0.0611305237,-0.0613870621
2026-08-23T18:11:16.829+00:00	185.859	QUALITY protocol=asd-quality-v1.5.0 phase=CAL_SUMMARY result=OBSERVED loo_mean=807.356812 loo_sd=1562.460449 loo_cv=1.935279 loo_range=5125.335938 loo_gate=pending_normal_only
2026-08-23T18:11:16.836+00:00	185.859	STATE protocol=asd-quality-v1.5.0 from=NO_MACHINE to=CALIBRATION_REJECTED reason=UNSTABLE_CALIBRATION
2026-08-23T18:11:16.863+00:00	185.890	FLAGS protocol=asd-quality-v1.5.0 mode=FAULT state=CALIBRATION_REJECTED waiting=0 learning=0 learned=0 anomaly=0 hold=0 fault=1 green=double_blink red=double_blink guided25_available=1 workflow_pending=DEFAULT research_telemetry=1 profile_persistence_allowed=0 dropped=0
2026-08-23T18:11:16.875+00:00	185.890	EVENT protocol=asd-quality-v1.5.0 type=FLOW_STOPPED state=CALIBRATION_REJECTED phase=CAL reason=UNSTABLE_CALIBRATION event=NONE capability=AVAILABLE level=DEVIATION
2026-08-23T18:11:16.882+00:00	185.906	E (185884) psdlive: K1 odbio kalibraciju: UNSTABLE_CALIBRATION -> CALIBRATION_REJECTED
2026-08-23T18:11:16.892+00:00	185.922	SESSION protocol=asd-quality-v1.5.0 action=ENDED source=FIRMWARE reason=CALIBRATION_REJECTED discards_calibration=0
2026-08-23T18:11:16.900+00:00	185.922	I (185904) psdlive: sesija zavrsena u stanju CALIBRATION_REJECTED; taster pokrece novo ucenje
2026-08-23T18:11:16.907+00:00	185.937	I (185914) psdlive: pritisni taster (GPIO10) ili posalji PRESS da pocne ucenje
2026-08-23T18:11:21.845+00:00	190.875	FLAGS protocol=asd-quality-v1.5.0 mode=FAULT state=CALIBRATION_REJECTED waiting=0 learning=0 learned=0 anomaly=0 hold=0 fault=1 green=double_blink red=double_blink guided25_available=1 workflow_pending=DEFAULT research_telemetry=1 profile_persistence_allowed=0 dropped=0
2026-08-23T18:11:26.854+00:00	195.875	FLAGS protocol=asd-quality-v1.5.0 mode=FAULT state=CALIBRATION_REJECTED waiting=0 learning=0 learned=0 anomaly=0 hold=0 fault=1 green=double_blink red=double_blink guided25_available=1 workflow_pending=DEFAULT research_telemetry=1 profile_persistence_allowed=0 dropped=0
2026-08-23T18:11:31.865+00:00	200.890	FLAGS protocol=asd-quality-v1.5.0 mode=FAULT state=CALIBRATION_REJECTED waiting=0 learning=0 learned=0 anomaly=0 hold=0 fault=1 green=double_blink red=double_blink guided25_available=1 workflow_pending=DEFAULT research_telemetry=1 profile_persistence_allowed=0 dropped=0
2026-08-23T18:11:36.875+00:00	205.890	FLAGS protocol=asd-quality-v1.5.0 mode=FAULT state=CALIBRATION_REJECTED waiting=0 learning=0 learned=0 anomaly=0 hold=0 fault=1 green=double_blink red=double_blink guided25_available=1 workflow_pending=DEFAULT research_telemetry=1 profile_persistence_allowed=0 dropped=0
2026-08-23T18:11:41.885+00:00	210.906	FLAGS protocol=asd-quality-v1.5.0 mode=FAULT state=CALIBRATION_REJECTED waiting=0 learning=0 learned=0 anomaly=0 hold=0 fault=1 green=double_blink red=double_blink guided25_available=1 workflow_pending=DEFAULT research_telemetry=1 profile_persistence_allowed=0 dropped=0
2026-08-23T18:11:46.895+00:00	215.922	FLAGS protocol=asd-quality-v1.5.0 mode=FAULT state=CALIBRATION_REJECTED waiting=0 learning=0 learned=0 anomaly=0 hold=0 fault=1 green=double_blink red=double_blink guided25_available=1 workflow_pending=DEFAULT research_telemetry=1 profile_persistence_allowed=0 dropped=0
2026-08-23T18:11:51.906+00:00	220.922	FLAGS protocol=asd-quality-v1.5.0 mode=FAULT state=CALIBRATION_REJECTED waiting=0 learning=0 learned=0 anomaly=0 hold=0 fault=1 green=double_blink red=double_blink guided25_available=1 workflow_pending=DEFAULT research_telemetry=1 profile_persistence_allowed=0 dropped=0
2026-08-23T18:11:56.914+00:00	225.937	FLAGS protocol=asd-quality-v1.5.0 mode=FAULT state=CALIBRATION_REJECTED waiting=0 learning=0 learned=0 anomaly=0 hold=0 fault=1 green=double_blink red=double_blink guided25_available=1 workflow_pending=DEFAULT research_telemetry=1 profile_persistence_allowed=0 dropped=0
2026-08-23T18:12:01.925+00:00	230.953	FLAGS protocol=asd-quality-v1.5.0 mode=FAULT state=CALIBRATION_REJECTED waiting=0 learning=0 learned=0 anomaly=0 hold=0 fault=1 green=double_blink red=double_blink guided25_available=1 workflow_pending=DEFAULT research_telemetry=1 profile_persistence_allowed=0 dropped=0
2026-08-23T18:12:06.935+00:00	235.953	FLAGS protocol=asd-quality-v1.5.0 mode=FAULT state=CALIBRATION_REJECTED waiting=0 learning=0 learned=0 anomaly=0 hold=0 fault=1 green=double_blink red=double_blink guided25_available=1 workflow_pending=DEFAULT research_telemetry=1 profile_persistence_allowed=0 dropped=0
2026-08-23T18:12:11.944+00:00	240.968	FLAGS protocol=asd-quality-v1.5.0 mode=FAULT state=CALIBRATION_REJECTED waiting=0 learning=0 learned=0 anomaly=0 hold=0 fault=1 green=double_blink red=double_blink guided25_available=1 workflow_pending=DEFAULT research_telemetry=1 profile_persistence_allowed=0 dropped=0
2026-08-23T18:12:16.956+00:00	245.984	FLAGS protocol=asd-quality-v1.5.0 mode=FAULT state=CALIBRATION_REJECTED waiting=0 learning=0 learned=0 anomaly=0 hold=0 fault=1 green=double_blink red=double_blink guided25_available=1 workflow_pending=DEFAULT research_telemetry=1 profile_persistence_allowed=0 dropped=0
2026-08-23T18:12:21.965+00:00	250.984	FLAGS protocol=asd-quality-v1.5.0 mode=FAULT state=CALIBRATION_REJECTED waiting=0 learning=0 learned=0 anomaly=0 hold=0 fault=1 green=double_blink red=double_blink guided25_available=1 workflow_pending=DEFAULT research_telemetry=1 profile_persistence_allowed=0 dropped=0
2026-08-23T18:12:26.974+00:00	256.000	FLAGS protocol=asd-quality-v1.5.0 mode=FAULT state=CALIBRATION_REJECTED waiting=0 learning=0 learned=0 anomaly=0 hold=0 fault=1 green=double_blink red=double_blink guided25_available=1 workflow_pending=DEFAULT research_telemetry=1 profile_persistence_allowed=0 dropped=0
2026-08-23T18:12:31.986+00:00	261.015	FLAGS protocol=asd-quality-v1.5.0 mode=FAULT state=CALIBRATION_REJECTED waiting=0 learning=0 learned=0 anomaly=0 hold=0 fault=1 green=double_blink red=double_blink guided25_available=1 workflow_pending=DEFAULT research_telemetry=1 profile_persistence_allowed=0 dropped=0
2026-08-23T18:12:36.995+00:00	266.015	FLAGS protocol=asd-quality-v1.5.0 mode=FAULT state=CALIBRATION_REJECTED waiting=0 learning=0 learned=0 anomaly=0 hold=0 fault=1 green=double_blink red=double_blink guided25_available=1 workflow_pending=DEFAULT research_telemetry=1 profile_persistence_allowed=0 dropped=0
2026-08-23T18:12:42.004+00:00	271.031	FLAGS protocol=asd-quality-v1.5.0 mode=FAULT state=CALIBRATION_REJECTED waiting=0 learning=0 learned=0 anomaly=0 hold=0 fault=1 green=double_blink red=double_blink guided25_available=1 workflow_pending=DEFAULT research_telemetry=1 profile_persistence_allowed=0 dropped=0
2026-08-23T18:12:47.016+00:00	276.047	FLAGS protocol=asd-quality-v1.5.0 mode=FAULT state=CALIBRATION_REJECTED waiting=0 learning=0 learned=0 anomaly=0 hold=0 fault=1 green=double_blink red=double_blink guided25_available=1 workflow_pending=DEFAULT research_telemetry=1 profile_persistence_allowed=0 dropped=0
2026-08-23T18:12:52.024+00:00	281.047	FLAGS protocol=asd-quality-v1.5.0 mode=FAULT state=CALIBRATION_REJECTED waiting=0 learning=0 learned=0 anomaly=0 hold=0 fault=1 green=double_blink red=double_blink guided25_available=1 workflow_pending=DEFAULT research_telemetry=1 profile_persistence_allowed=0 dropped=0
2026-08-23T18:12:57.035+00:00	286.062	FLAGS protocol=asd-quality-v1.5.0 mode=FAULT state=CALIBRATION_REJECTED waiting=0 learning=0 learned=0 anomaly=0 hold=0 fault=1 green=double_blink red=double_blink guided25_available=1 workflow_pending=DEFAULT research_telemetry=1 profile_persistence_allowed=0 dropped=0
2026-08-23T18:13:02.046+00:00	291.062	FLAGS protocol=asd-quality-v1.5.0 mode=FAULT state=CALIBRATION_REJECTED waiting=0 learning=0 learned=0 anomaly=0 hold=0 fault=1 green=double_blink red=double_blink guided25_available=1 workflow_pending=DEFAULT research_telemetry=1 profile_persistence_allowed=0 dropped=0
