method,k,gain,split,auc,pauc,normal_score_median
baseline_log96,10,0.25,split-000,0.6232000000000001,0.5389473684210526,9347.92907873259
baseline_log96,10,0.25,split-001,0.6464000000000001,0.5515789473684211,9272.088618711183
baseline_log96,10,0.25,split-002,0.618,0.5347368421052632,9426.711922622562
baseline_log96,10,0.25,split-003,0.6432,0.5347368421052632,9326.765889673508
baseline_log96,10,0.25,split-004,0.5871999999999999,0.5389473684210526,9507.495007615838
baseline_log96,10,0.25,split-005,0.6612000000000001,0.5410526315789473,9209.775742233456
baseline_log96,10,0.25,split-006,0.662,0.5684210526315789,9228.191167591081
baseline_log96,10,0.25,split-007,0.6244000000000001,0.5368421052631579,9293.941178595363
baseline_log96,10,0.25,split-008,0.6332,0.5473684210526316,9356.704580898948
baseline_log96,10,0.25,split-009,0.6424,0.5368421052631579,9299.512842901982
baseline_log96,10,0.25,split-010,0.6184,0.5368421052631579,9367.87857378402
baseline_log96,10,0.25,split-011,0.6092,0.5410526315789473,9417.329427078523
baseline_log96,10,0.25,split-012,0.642,0.5515789473684211,9304.069796303418
baseline_log96,10,0.25,split-013,0.624,0.5389473684210526,9398.763734864926
baseline_log96,10,0.25,split-014,0.6295999999999999,0.5389473684210526,9304.305223668585
baseline_log96,10,0.25,split-015,0.6724,0.5621052631578948,9043.091540632453
baseline_log96,10,0.25,split-016,0.628,0.5410526315789473,9320.294085214604
baseline_log96,10,0.25,split-017,0.6164000000000001,0.5431578947368421,9386.380218697814
baseline_log96,10,0.25,split-018,0.6576000000000001,0.5557894736842105,9247.83227001882
baseline_log96,10,0.25,split-019,0.6368,0.5621052631578948,9158.359690468278
baseline_log96,10,0.25,split-020,0.622,0.5410526315789473,9401.31613556336
baseline_log96,10,0.25,split-021,0.6224,0.5368421052631579,9324.708727967594
baseline_log96,10,0.25,split-022,0.6164,0.5389473684210526,9387.512742702842
baseline_log96,10,0.25,split-023,0.6492000000000001,0.5389473684210526,9274.039114531217
baseline_log96,10,0.25,split-024,0.624,0.5389473684210526,9336.931224363922
baseline_log96,10,0.25,split-025,0.6352000000000001,0.5326315789473685,9337.859547441021
baseline_log96,10,0.25,split-026,0.6351999999999999,0.5410526315789473,9316.933539279285
baseline_log96,10,0.25,split-027,0.5988,0.5410526315789473,9487.047377281559
baseline_log96,10,0.25,split-028,0.6356,0.5431578947368421,9359.548976867583
baseline_log96,10,0.25,split-029,0.6368,0.5389473684210526,9326.465461299478
baseline_log96,10,0.25,split-030,0.642,0.5368421052631579,9308.075849445511
baseline_log96,10,0.25,split-031,0.6232,0.5410526315789473,9350.155325578116
baseline_log96,10,0.25,split-032,0.6456,0.5389473684210526,9279.421194600405
baseline_log96,10,0.25,split-033,0.642,0.5642105263157895,9178.625586111755
baseline_log96,10,0.25,split-034,0.6611999999999999,0.5368421052631579,9236.777626952273
baseline_log96,10,0.25,split-035,0.6364,0.5368421052631579,9336.148281787478
baseline_log96,10,0.25,split-036,0.606,0.5347368421052632,9399.01956808599
baseline_log96,10,0.25,split-037,0.6172000000000001,0.5368421052631579,9387.391397523403
baseline_log96,10,0.25,split-038,0.6312000000000001,0.5368421052631579,9351.247172997799
baseline_log96,10,0.25,split-039,0.6236,0.5410526315789473,9369.549633809376
baseline_log96,10,0.25,split-040,0.6192,0.5368421052631579,9398.112455437798
baseline_log96,10,0.25,split-041,0.6444,0.5347368421052632,9256.076103038875
baseline_log96,10,0.25,split-042,0.648,0.5452631578947369,9328.12842810641
baseline_log96,10,0.25,split-043,0.6196,0.5347368421052632,9322.532640828182
baseline_log96,10,0.25,split-044,0.6504,0.5578947368421052,9105.452963652446
baseline_log96,10,0.25,split-045,0.6048,0.5389473684210526,9411.52846348529
baseline_log96,10,0.25,split-046,0.6156,0.5368421052631579,9445.979640132367
baseline_log96,10,0.25,split-047,0.6232,0.5326315789473685,9380.192476970718
baseline_log96,10,0.25,split-048,0.6164,0.5536842105263158,9427.112122973514
baseline_log96,10,0.25,split-049,0.6368,0.5642105263157895,9118.785408571352
baseline_log96,10,0.25,split-050,0.616,0.5326315789473685,9400.090098161663
baseline_log96,10,0.25,split-051,0.6556,0.5621052631578948,9125.760667611923
baseline_log96,10,0.25,split-052,0.6232,0.5452631578947369,9382.539229492208
baseline_log96,10,0.25,split-053,0.6452,0.5410526315789473,9296.550870164403
baseline_log96,10,0.25,split-054,0.6404,0.5326315789473685,9282.93137627914
baseline_log96,10,0.25,split-055,0.6296,0.5410526315789473,9323.88906078085
baseline_log96,10,0.25,split-056,0.6428,0.5368421052631579,9311.405995942428
baseline_log96,10,0.25,split-057,0.6344,0.5410526315789473,9316.074260317631
baseline_log96,10,0.25,split-058,0.6388,0.5642105263157895,9163.485252615195
baseline_log96,10,0.25,split-059,0.6352000000000001,0.5452631578947369,9345.675006445636
baseline_log96,10,0.25,split-060,0.6255999999999999,0.5368421052631579,9381.936767294117
baseline_log96,10,0.25,split-061,0.6212,0.5410526315789473,9370.031907511406
baseline_log96,10,0.25,split-062,0.6376,0.5389473684210526,9330.862099828828
baseline_log96,10,0.25,split-063,0.5972000000000001,0.5368421052631579,9453.57558833875
baseline_log96,10,0.25,split-064,0.6404,0.5536842105263158,9319.956664806316
baseline_log96,10,0.25,split-065,0.5935999999999999,0.5368421052631579,9492.8729619923
baseline_log96,10,0.25,split-066,0.622,0.5410526315789473,9394.242492829353
baseline_log96,10,0.25,split-067,0.6571999999999999,0.5642105263157895,9097.092611817934
baseline_log96,10,0.25,split-068,0.6319999999999999,0.5536842105263158,9316.791373371634
baseline_log96,10,0.25,split-069,0.6567999999999999,0.5684210526315789,9103.698289874728
baseline_log96,10,0.25,split-070,0.6547999999999999,0.5431578947368421,9250.766896643825
baseline_log96,10,0.25,split-071,0.6155999999999999,0.5347368421052632,9427.363244150258
baseline_log96,10,0.25,split-072,0.6699999999999999,0.5894736842105263,9039.05229970711
baseline_log96,10,0.25,split-073,0.654,0.5410526315789473,9259.244425126111
baseline_log96,10,0.25,split-074,0.6128,0.5389473684210526,9398.835222416354
baseline_log96,10,0.25,split-075,0.6264,0.5347368421052632,9317.956856288944
baseline_log96,10,0.25,split-076,0.6436,0.5642105263157895,9131.62018603398
baseline_log96,10,0.25,split-077,0.6092,0.5389473684210526,9411.547639824214
baseline_log96,10,0.25,split-078,0.6296,0.5305263157894737,9364.707103287823
baseline_log96,10,0.25,split-079,0.6388,0.5389473684210526,9328.026276518152
baseline_log96,10,0.25,split-080,0.63,0.5347368421052632,9310.933872045323
baseline_log96,10,0.25,split-081,0.6204,0.5473684210526316,9343.492969792802
baseline_log96,10,0.25,split-082,0.644,0.5494736842105263,9263.049391496446
baseline_log96,10,0.25,split-083,0.6428,0.5642105263157895,9167.429383711988
baseline_log96,10,0.25,split-084,0.6696,0.5642105263157895,9195.138504861734
baseline_log96,10,0.25,split-085,0.6336,0.5347368421052632,9318.902694265544
baseline_log96,10,0.25,split-086,0.6052000000000001,0.5368421052631579,9445.6484460943
baseline_log96,10,0.25,split-087,0.6192,0.5326315789473685,9386.752020132659
baseline_log96,10,0.25,split-088,0.648,0.5536842105263158,9320.38382799477
baseline_log96,10,0.25,split-089,0.6252,0.5389473684210526,9352.199391446575
baseline_log96,10,0.25,split-090,0.6348,0.5663157894736842,9179.523342924134
baseline_log96,10,0.25,split-091,0.6248,0.5305263157894737,9408.946079367824
baseline_log96,10,0.25,split-092,0.6268,0.5431578947368421,9329.012912781038
baseline_log96,10,0.25,split-093,0.6472,0.5642105263157895,9088.470657697799
baseline_log96,10,0.25,split-094,0.6276,0.5368421052631579,9376.140601564999
baseline_log96,10,0.25,split-095,0.6416000000000001,0.5452631578947369,9273.764456994308
baseline_log96,10,0.25,split-096,0.648,0.5410526315789473,9259.150307908823
baseline_log96,10,0.25,split-097,0.62,0.5515789473684211,9362.581167229662
baseline_log96,10,0.25,split-098,0.6052000000000001,0.5389473684210526,9428.036755751114
baseline_log96,10,0.25,split-099,0.632,0.5389473684210526,9328.155421815867
baseline_log96,20,0.25,split-000,0.6114999999999999,0.5421052631578948,9377.783126936494
baseline_log96,20,0.25,split-001,0.6445,0.5368421052631579,9293.54428118373
baseline_log96,20,0.25,split-002,0.609,0.5289473684210526,9384.85454033786
baseline_log96,20,0.25,split-003,0.6155,0.5263157894736842,9369.343318881805
baseline_log96,20,0.25,split-004,0.5934999999999999,0.5289473684210526,9430.591247686225
baseline_log96,20,0.25,split-005,0.6669999999999999,0.5710526315789474,9197.174789546742
baseline_log96,20,0.25,split-006,0.6325,0.5578947368421052,9319.524012105125
baseline_log96,20,0.25,split-007,0.65,0.531578947368421,9237.44269408848
baseline_log96,20,0.25,split-008,0.6525,0.531578947368421,9287.09431167605
baseline_log96,20,0.25,split-009,0.6345000000000001,0.5526315789473685,9223.290787935326
baseline_log96,20,0.25,split-010,0.6575,0.5473684210526316,9266.115547012763
baseline_log96,20,0.25,split-011,0.58,0.5289473684210526,9427.574707290449
baseline_log96,20,0.25,split-012,0.6519999999999999,0.5552631578947369,9281.635848778957
baseline_log96,20,0.25,split-013,0.6135,0.5263157894736842,9346.85957222763
baseline_log96,20,0.25,split-014,0.6355,0.531578947368421,9304.24769270222
baseline_log96,20,0.25,split-015,0.6455,0.5736842105263158,9208.80677764045
baseline_log96,20,0.25,split-016,0.6435,0.5421052631578948,9287.234164543534
baseline_log96,20,0.25,split-017,0.6419999999999999,0.5842105263157895,9206.389893092299
baseline_log96,20,0.25,split-018,0.656,0.5421052631578948,9289.784233575914
baseline_log96,20,0.25,split-019,0.646,0.5684210526315789,9215.416405503653
baseline_log96,20,0.25,split-020,0.637,0.5421052631578948,9320.06491864743
baseline_log96,20,0.25,split-021,0.645,0.55,9191.145489014554
baseline_log96,20,0.25,split-022,0.6205,0.5763157894736842,9278.347209085456
baseline_log96,20,0.25,split-023,0.634,0.5263157894736842,9311.161996850393
baseline_log96,20,0.25,split-024,0.611,0.5289473684210526,9372.92503232734
baseline_log96,20,0.25,split-025,0.677,0.5894736842105264,9162.82548519885
baseline_log96,20,0.25,split-026,0.5954999999999999,0.5289473684210526,9380.424939102239
baseline_log96,20,0.25,split-027,0.622,0.531578947368421,9346.394623365562
baseline_log96,20,0.25,split-028,0.6525000000000001,0.5368421052631579,9278.507837143457
baseline_log96,20,0.25,split-029,0.6475,0.531578947368421,9294.587765486483
baseline_log96,20,0.25,split-030,0.6250000000000001,0.5236842105263158,9327.500589038882
baseline_log96,20,0.25,split-031,0.6134999999999999,0.531578947368421,9346.050537346026
baseline_log96,20,0.25,split-032,0.6665,0.5605263157894737,9143.952551663977
baseline_log96,20,0.25,split-033,0.632,0.5684210526315789,9238.86269638794
baseline_log96,20,0.25,split-034,0.6525,0.5447368421052632,9291.938982096504
baseline_log96,20,0.25,split-035,0.6629999999999999,0.5421052631578948,9254.142542659589
baseline_log96,20,0.25,split-036,0.6014999999999999,0.5263157894736842,9366.215264702794
baseline_log96,20,0.25,split-037,0.6135,0.5736842105263158,9281.083992684657
baseline_log96,20,0.25,split-038,0.6335,0.5236842105263158,9324.2750820245
baseline_log96,20,0.25,split-039,0.6250000000000001,0.5289473684210526,9322.515043147703
baseline_log96,20,0.25,split-040,0.6165,0.531578947368421,9371.620381395125
baseline_log96,20,0.25,split-041,0.6479999999999999,0.531578947368421,9274.179253481456
baseline_log96,20,0.25,split-042,0.6519999999999999,0.5368421052631579,9297.401009764308
baseline_log96,20,0.25,split-043,0.6275,0.5289473684210526,9308.369184240952
baseline_log96,20,0.25,split-044,0.659,0.55,9182.39308874022
baseline_log96,20,0.25,split-045,0.619,0.5342105263157895,9330.333281908905
baseline_log96,20,0.25,split-046,0.5964999999999999,0.5289473684210526,9420.096308122
baseline_log96,20,0.25,split-047,0.6145,0.531578947368421,9370.190978961964
baseline_log96,20,0.25,split-048,0.5915,0.5473684210526316,9410.974164042069
baseline_log96,20,0.25,split-049,0.6139999999999999,0.5552631578947369,9257.308175803097
baseline_log96,20,0.25,split-050,0.6435,0.5526315789473684,9226.715912264752
baseline_log96,20,0.25,split-051,0.67,0.5552631578947369,9158.819677354477
baseline_log96,20,0.25,split-052,0.661,0.5684210526315789,9178.94881774941
baseline_log96,20,0.25,split-053,0.6375,0.531578947368421,9297.438428210959
baseline_log96,20,0.25,split-054,0.6715,0.531578947368421,9234.643721978135
baseline_log96,20,0.25,split-055,0.636,0.531578947368421,9307.852155084563
baseline_log96,20,0.25,split-056,0.6385,0.5342105263157895,9314.63095001848
baseline_log96,20,0.25,split-057,0.65,0.5342105263157895,9301.80409689805
baseline_log96,20,0.25,split-058,0.6509999999999999,0.5736842105263158,9212.626398049128
baseline_log96,20,0.25,split-059,0.609,0.5421052631578948,9384.436344718571
baseline_log96,20,0.25,split-060,0.6655,0.5815789473684211,9191.673811954048
baseline_log96,20,0.25,split-061,0.6015,0.5289473684210526,9382.740457972384
baseline_log96,20,0.25,split-062,0.6325,0.531578947368421,9307.902763574646
baseline_log96,20,0.25,split-063,0.606,0.5342105263157895,9367.515111225797
baseline_log96,20,0.25,split-064,0.644,0.5736842105263158,9213.361510648014
baseline_log96,20,0.25,split-065,0.5905,0.5552631578947369,9319.998572159133
baseline_log96,20,0.25,split-066,0.604,0.5289473684210526,9402.596795065743
baseline_log96,20,0.25,split-067,0.636,0.5578947368421052,9235.274684843389
baseline_log96,20,0.25,split-068,0.627,0.5473684210526316,9312.598169005752
baseline_log96,20,0.25,split-069,0.641,0.5657894736842105,9210.514088528467
baseline_log96,20,0.25,split-070,0.6315,0.5368421052631579,9322.123069670657
baseline_log96,20,0.25,split-071,0.61,0.55,9279.212762691735
baseline_log96,20,0.25,split-072,0.654,0.5894736842105264,9205.142535087816
baseline_log96,20,0.25,split-073,0.6565,0.5263157894736842,9285.721826330755
baseline_log96,20,0.25,split-074,0.611,0.5368421052631579,9349.209597951034
baseline_log96,20,0.25,split-075,0.6385,0.5421052631578948,9307.77246482694
baseline_log96,20,0.25,split-076,0.641,0.5578947368421052,9226.729281481545
baseline_log96,20,0.25,split-077,0.6214999999999999,0.531578947368421,9330.239176966323
baseline_log96,20,0.25,split-078,0.609,0.5263157894736842,9365.559774361273
baseline_log96,20,0.25,split-079,0.631,0.5236842105263158,9318.679499450482
baseline_log96,20,0.25,split-080,0.622,0.5605263157894737,9327.166668455659
baseline_log96,20,0.25,split-081,0.6074999999999999,0.5421052631578948,9342.75306465061
baseline_log96,20,0.25,split-082,0.6605,0.5394736842105263,9216.073399654095
baseline_log96,20,0.25,split-083,0.6715,0.5894736842105264,9181.68232641818
baseline_log96,20,0.25,split-084,0.6849999999999999,0.6026315789473684,9169.41738134986
baseline_log96,20,0.25,split-085,0.632,0.5526315789473684,9239.001002040812
baseline_log96,20,0.25,split-086,0.5855,0.531578947368421,9420.444264064092
baseline_log96,20,0.25,split-087,0.6355,0.5394736842105263,9314.513907725264
baseline_log96,20,0.25,split-088,0.6285000000000001,0.5421052631578948,9352.829954358833
baseline_log96,20,0.25,split-089,0.622,0.5578947368421052,9261.091901469223
baseline_log96,20,0.25,split-090,0.6519999999999999,0.5763157894736842,9194.664243998861
baseline_log96,20,0.25,split-091,0.6165,0.5368421052631579,9366.05598441941
baseline_log96,20,0.25,split-092,0.6225,0.5289473684210526,9334.491808916586
baseline_log96,20,0.25,split-093,0.623,0.5552631578947368,9251.929293024197
baseline_log96,20,0.25,split-094,0.6054999999999999,0.5263157894736842,9344.703790096244
baseline_log96,20,0.25,split-095,0.6455,0.5342105263157895,9306.151210363154
baseline_log96,20,0.25,split-096,0.6659999999999999,0.5526315789473685,9161.454328127007
baseline_log96,20,0.25,split-097,0.608,0.5710526315789474,9303.617635887418
baseline_log96,20,0.25,split-098,0.622,0.5894736842105264,9260.282224570134
baseline_log96,20,0.25,split-099,0.6435,0.5631578947368421,9226.542113135354
baseline_log96,10,0.5,split-000,0.6547999999999999,0.5536842105263158,2417.619158358152
baseline_log96,10,0.5,split-001,0.6844,0.5642105263157895,2377.3174160784874
baseline_log96,10,0.5,split-002,0.6596,0.5494736842105263,2451.46431640182
baseline_log96,10,0.5,split-003,0.6868,0.5494736842105263,2401.573983375801
baseline_log96,10,0.5,split-004,0.6315999999999999,0.5557894736842105,2493.339211784527
baseline_log96,10,0.5,split-005,0.6896,0.5515789473684211,2349.569673728987
baseline_log96,10,0.5,split-006,0.7004,0.5705263157894737,2353.3067539537533
baseline_log96,10,0.5,split-007,0.6504,0.5494736842105263,2387.836532700234
baseline_log96,10,0.5,split-008,0.6756,0.5515789473684211,2407.803819868648
baseline_log96,10,0.5,split-009,0.6739999999999999,0.5494736842105263,2385.678124450773
baseline_log96,10,0.5,split-010,0.6456,0.5494736842105263,2420.832083784844
baseline_log96,10,0.5,split-011,0.6496,0.5515789473684211,2443.730199641072
baseline_log96,10,0.5,split-012,0.6836,0.5621052631578948,2391.7840469768203
baseline_log96,10,0.5,split-013,0.6679999999999999,0.5473684210526316,2442.088904508156
baseline_log96,10,0.5,split-014,0.662,0.5515789473684211,2391.791459914847
baseline_log96,10,0.5,split-015,0.7188,0.5789473684210527,2257.189228071032
baseline_log96,10,0.5,split-016,0.6628000000000001,0.5536842105263158,2397.538379282236
baseline_log96,10,0.5,split-017,0.6552,0.5578947368421052,2430.0011065580206
baseline_log96,10,0.5,split-018,0.6952,0.5705263157894737,2364.7816556650387
baseline_log96,10,0.5,split-019,0.6819999999999999,0.5831578947368421,2326.701742893798
baseline_log96,10,0.5,split-020,0.6564,0.5557894736842105,2442.5565038773775
baseline_log96,10,0.5,split-021,0.654,0.5536842105263158,2402.915736548671
baseline_log96,10,0.5,split-022,0.6528,0.5515789473684211,2432.774319598947
baseline_log96,10,0.5,split-023,0.6896,0.5515789473684211,2373.2771893384206
baseline_log96,10,0.5,split-024,0.6584,0.5536842105263158,2407.0156872681473
baseline_log96,10,0.5,split-025,0.6776000000000001,0.5494736842105263,2413.780020023769
baseline_log96,10,0.5,split-026,0.6652,0.5494736842105263,2394.0797922014217
baseline_log96,10,0.5,split-027,0.6352,0.5536842105263158,2480.5121439303416
baseline_log96,10,0.5,split-028,0.6728,0.5494736842105263,2420.23184550148
baseline_log96,10,0.5,split-029,0.6744,0.5515789473684211,2397.5907569328974
baseline_log96,10,0.5,split-030,0.686,0.5473684210526316,2387.8924549040576
baseline_log96,10,0.5,split-031,0.654,0.5494736842105263,2408.5639382127956
baseline_log96,10,0.5,split-032,0.684,0.5473684210526316,2380.033461850625
baseline_log96,10,0.5,split-033,0.6908000000000001,0.5831578947368421,2340.836472064343
baseline_log96,10,0.5,split-034,0.6948000000000001,0.5494736842105263,2354.756592993103
baseline_log96,10,0.5,split-035,0.6784,0.5494736842105263,2402.2801113240157
baseline_log96,10,0.5,split-036,0.6459999999999999,0.5536842105263158,2438.0997516222933
baseline_log96,10,0.5,split-037,0.6548,0.5494736842105263,2435.8773601754215
baseline_log96,10,0.5,split-038,0.6652,0.5452631578947369,2410.2534873251834
baseline_log96,10,0.5,split-039,0.6576,0.5515789473684211,2424.9289826759405
baseline_log96,10,0.5,split-040,0.6636,0.5515789473684211,2436.4739045611122
baseline_log96,10,0.5,split-041,0.6824,0.5515789473684211,2365.759831296449
baseline_log96,10,0.5,split-042,0.6896,0.5494736842105263,2402.7690989945845
baseline_log96,10,0.5,split-043,0.6468,0.5494736842105263,2399.1301491196054
baseline_log96,10,0.5,split-044,0.6948,0.5747368421052632,2292.7529205774363
baseline_log96,10,0.5,split-045,0.644,0.5557894736842105,2440.5529698216205
baseline_log96,10,0.5,split-046,0.6648,0.5473684210526316,2460.5938059310524
baseline_log96,10,0.5,split-047,0.662,0.5431578947368421,2429.303602544135
baseline_log96,10,0.5,split-048,0.658,0.5642105263157895,2448.7395109839617
baseline_log96,10,0.5,split-049,0.6692,0.5831578947368421,2303.619308962823
baseline_log96,10,0.5,split-050,0.6536,0.5452631578947369,2438.8845965921764
baseline_log96,10,0.5,split-051,0.7116,0.5852631578947368,2308.6028075254308
baseline_log96,10,0.5,split-052,0.6568,0.5578947368421052,2433.0250832232105
baseline_log96,10,0.5,split-053,0.6848000000000001,0.5515789473684211,2380.744178338927
baseline_log96,10,0.5,split-054,0.6796,0.5494736842105263,2381.0047930227947
baseline_log96,10,0.5,split-055,0.6676,0.5473684210526316,2401.452796345934
baseline_log96,10,0.5,split-056,0.6784,0.5494736842105263,2391.662497311396
baseline_log96,10,0.5,split-057,0.6711999999999999,0.5494736842105263,2397.6362929052184
baseline_log96,10,0.5,split-058,0.6839999999999999,0.5831578947368421,2317.3534549431242
baseline_log96,10,0.5,split-059,0.6796,0.5536842105263158,2417.6047914020482
baseline_log96,10,0.5,split-060,0.6648000000000001,0.5536842105263158,2430.345779525258
baseline_log96,10,0.5,split-061,0.6568,0.5536842105263158,2424.5800979887144
baseline_log96,10,0.5,split-062,0.6819999999999999,0.5536842105263158,2403.3871106621145
baseline_log96,10,0.5,split-063,0.6315999999999999,0.5452631578947369,2466.5497099632244
baseline_log96,10,0.5,split-064,0.688,0.5642105263157895,2402.972048052321
baseline_log96,10,0.5,split-065,0.6292,0.5494736842105263,2485.0702582860276
baseline_log96,10,0.5,split-066,0.6676,0.5578947368421052,2431.841698620066
baseline_log96,10,0.5,split-067,0.6992,0.5852631578947368,2289.1424055018742
baseline_log96,10,0.5,split-068,0.67,0.5663157894736842,2399.1200925139333
baseline_log96,10,0.5,split-069,0.6984,0.5915789473684211,2290.979746651312
baseline_log96,10,0.5,split-070,0.6884000000000001,0.5536842105263158,2359.7825207903506
baseline_log96,10,0.5,split-071,0.6576,0.5452631578947369,2453.7208798166616
baseline_log96,10,0.5,split-072,0.7196,0.6189473684210527,2257.8347626426366
baseline_log96,10,0.5,split-073,0.6952,0.5578947368421052,2364.502794388525
baseline_log96,10,0.5,split-074,0.6499999999999999,0.5494736842105263,2436.8232800379933
baseline_log96,10,0.5,split-075,0.6512,0.5473684210526316,2402.99418182706
baseline_log96,10,0.5,split-076,0.6880000000000001,0.5831578947368421,2307.703183636241
baseline_log96,10,0.5,split-077,0.6556,0.56,2442.8618240101405
baseline_log96,10,0.5,split-078,0.67,0.5515789473684211,2418.8529761185837
baseline_log96,10,0.5,split-079,0.6759999999999999,0.5473684210526316,2406.527370672319
baseline_log96,10,0.5,split-080,0.6624000000000001,0.5515789473684211,2392.0843308321478
baseline_log96,10,0.5,split-081,0.6559999999999999,0.5578947368421052,2409.6465387490643
baseline_log96,10,0.5,split-082,0.678,0.56,2363.8609384456304
baseline_log96,10,0.5,split-083,0.6851999999999999,0.5810526315789474,2331.2045060156834
baseline_log96,10,0.5,split-084,0.7076,0.5642105263157895,2329.28748222218
baseline_log96,10,0.5,split-085,0.6692,0.5473684210526316,2399.5082436078224
baseline_log96,10,0.5,split-086,0.652,0.5515789473684211,2455.378901335483
baseline_log96,10,0.5,split-087,0.6576,0.5473684210526316,2431.9585652340847
baseline_log96,10,0.5,split-088,0.6916,0.56,2397.587286704153
baseline_log96,10,0.5,split-089,0.6592,0.5536842105263158,2410.9156612610714
baseline_log96,10,0.5,split-090,0.6816,0.5810526315789474,2329.6423095101336
baseline_log96,10,0.5,split-091,0.6652,0.5452631578947369,2443.4966524147335
baseline_log96,10,0.5,split-092,0.6668,0.5557894736842105,2402.280190502809
baseline_log96,10,0.5,split-093,0.6792,0.5831578947368421,2290.8458470270593
baseline_log96,10,0.5,split-094,0.6723999999999999,0.5515789473684211,2424.5409874108973
baseline_log96,10,0.5,split-095,0.6776,0.5515789473684211,2368.972911689045
baseline_log96,10,0.5,split-096,0.6832,0.5452631578947369,2365.632532760349
baseline_log96,10,0.5,split-097,0.6544,0.5599999999999999,2414.725726467921
baseline_log96,10,0.5,split-098,0.6456,0.5557894736842105,2455.237759530546
baseline_log96,10,0.5,split-099,0.6712,0.5494736842105263,2395.29873055031
baseline_log96,20,0.5,split-000,0.648,0.5473684210526316,2426.625454323698
baseline_log96,20,0.5,split-001,0.6825,0.55,2384.6489810923376
baseline_log96,20,0.5,split-002,0.6579999999999999,0.5447368421052632,2429.9295251578587
baseline_log96,20,0.5,split-003,0.6595,0.5447368421052632,2419.2332881685
baseline_log96,20,0.5,split-004,0.6475000000000001,0.5447368421052632,2447.3397972091207
baseline_log96,20,0.5,split-005,0.7055,0.5789473684210527,2340.3417756447207
baseline_log96,20,0.5,split-006,0.6685,0.5605263157894737,2401.644873442302
baseline_log96,20,0.5,split-007,0.6805,0.5447368421052632,2356.4998173504464
baseline_log96,20,0.5,split-008,0.688,0.5447368421052632,2376.0189629868755
baseline_log96,20,0.5,split-009,0.6715,0.5710526315789474,2350.5888619260822
baseline_log96,20,0.5,split-010,0.687,0.5526315789473684,2365.017227000803
baseline_log96,20,0.5,split-011,0.622,0.5447368421052632,2451.5290744990048
baseline_log96,20,0.5,split-012,0.691,0.5578947368421052,2377.9234833863065
baseline_log96,20,0.5,split-013,0.646,0.5421052631578948,2410.707401076318
baseline_log96,20,0.5,split-014,0.6679999999999999,0.5394736842105263,2388.4350422767475
baseline_log96,20,0.5,split-015,0.687,0.5894736842105264,2344.5369291200113
baseline_log96,20,0.5,split-016,0.6755,0.5552631578947369,2375.2079522692993
baseline_log96,20,0.5,split-017,0.679,0.6157894736842106,2343.1138241214667
baseline_log96,20,0.5,split-018,0.6835,0.55,2391.6869500132957
baseline_log96,20,0.5,split-019,0.6875,0.5842105263157895,2349.5935564720003
baseline_log96,20,0.5,split-020,0.679,0.5526315789473684,2399.4193957331336
baseline_log96,20,0.5,split-021,0.6775,0.5763157894736842,2342.8192084468938
baseline_log96,20,0.5,split-022,0.6615,0.5815789473684211,2378.4054013246864
baseline_log96,20,0.5,split-023,0.672,0.5447368421052632,2386.424147254537
baseline_log96,20,0.5,split-024,0.648,0.5447368421052632,2422.854750945496
baseline_log96,20,0.5,split-025,0.7164999999999999,0.5921052631578947,2314.9471165362957
baseline_log96,20,0.5,split-026,0.624,0.5447368421052632,2425.940513788445
baseline_log96,20,0.5,split-027,0.6585000000000001,0.5447368421052632,2408.70896703414
baseline_log96,20,0.5,split-028,0.6855,0.5421052631578948,2371.442386363812
baseline_log96,20,0.5,split-029,0.683,0.5447368421052632,2380.518943033619
baseline_log96,20,0.5,split-030,0.656,0.5368421052631579,2403.9715192593285
baseline_log96,20,0.5,split-031,0.6525000000000001,0.5447368421052632,2403.609257183028
baseline_log96,20,0.5,split-032,0.706,0.5736842105263158,2305.3201181847708
baseline_log96,20,0.5,split-033,0.672,0.5894736842105264,2358.8677273588
baseline_log96,20,0.5,split-034,0.6905,0.5552631578947369,2379.9890844983074
baseline_log96,20,0.5,split-035,0.706,0.55,2359.571874971809
baseline_log96,20,0.5,split-036,0.6375,0.5447368421052632,2417.9282436599924
baseline_log96,20,0.5,split-037,0.6595,0.5868421052631579,2379.925467635632
baseline_log96,20,0.5,split-038,0.6595,0.5394736842105263,2394.4444802914404
baseline_log96,20,0.5,split-039,0.6619999999999999,0.5447368421052632,2393.3164263084414
baseline_log96,20,0.5,split-040,0.6645,0.5473684210526316,2419.3724706521607
baseline_log96,20,0.5,split-041,0.685,0.5421052631578948,2372.4153950409736
baseline_log96,20,0.5,split-042,0.6930000000000001,0.5473684210526316,2388.0836231292897
baseline_log96,20,0.5,split-043,0.655,0.5447368421052632,2389.3409864857726
baseline_log96,20,0.5,split-044,0.694,0.5736842105263158,2323.570061588872
baseline_log96,20,0.5,split-045,0.6515,0.5473684210526316,2404.629594959914
baseline_log96,20,0.5,split-046,0.647,0.5473684210526316,2443.0954538038413
baseline_log96,20,0.5,split-047,0.6575,0.5394736842105263,2418.676128776646
baseline_log96,20,0.5,split-048,0.6395,0.5526315789473685,2443.6610337873353
baseline_log96,20,0.5,split-049,0.653,0.5736842105263158,2367.5796965764357
baseline_log96,20,0.5,split-050,0.6845,0.5736842105263158,2342.963918139942
baseline_log96,20,0.5,split-051,0.7115,0.5710526315789474,2310.7512085562057
baseline_log96,20,0.5,split-052,0.6925,0.5894736842105264,2322.6481746474756
baseline_log96,20,0.5,split-053,0.681,0.5447368421052632,2381.501935762279
baseline_log96,20,0.5,split-054,0.7155,0.5447368421052632,2349.3935578169553
baseline_log96,20,0.5,split-055,0.6705,0.5421052631578948,2389.217472379713
baseline_log96,20,0.5,split-056,0.6745,0.5421052631578948,2395.899413607839
baseline_log96,20,0.5,split-057,0.6839999999999999,0.5394736842105263,2382.020945202838
baseline_log96,20,0.5,split-058,0.6935,0.5815789473684211,2337.176074227842
baseline_log96,20,0.5,split-059,0.6545,0.55,2428.5916297344265
baseline_log96,20,0.5,split-060,0.702,0.5947368421052631,2332.0680929066184
baseline_log96,20,0.5,split-061,0.637,0.5447368421052632,2426.528344369172
baseline_log96,20,0.5,split-062,0.6605,0.5447368421052632,2393.99994165468
baseline_log96,20,0.5,split-063,0.643,0.5421052631578948,2423.962029094827
baseline_log96,20,0.5,split-064,0.691,0.6,2342.8930456127364
baseline_log96,20,0.5,split-065,0.641,0.5710526315789474,2403.235764369303
baseline_log96,20,0.5,split-066,0.6495,0.55,2433.146349064971
baseline_log96,20,0.5,split-067,0.68,0.5842105263157895,2359.0580623022834
baseline_log96,20,0.5,split-068,0.658,0.5552631578947369,2395.8756523060897
baseline_log96,20,0.5,split-069,0.677,0.5868421052631579,2337.3907109422316
baseline_log96,20,0.5,split-070,0.6665,0.5421052631578948,2396.6571671905954
baseline_log96,20,0.5,split-071,0.6495,0.5631578947368421,2383.7675679743197
baseline_log96,20,0.5,split-072,0.696,0.6078947368421053,2338.1506646073613
baseline_log96,20,0.5,split-073,0.6945,0.5447368421052632,2376.4088863725156
baseline_log96,20,0.5,split-074,0.6495,0.55,2407.1458321445025
baseline_log96,20,0.5,split-075,0.6685000000000001,0.5578947368421052,2390.025083701029
baseline_log96,20,0.5,split-076,0.6895,0.5815789473684211,2346.7064795941806
baseline_log96,20,0.5,split-077,0.662,0.5447368421052632,2397.0482962626647
baseline_log96,20,0.5,split-078,0.6395,0.5447368421052632,2415.884586414877
baseline_log96,20,0.5,split-079,0.6635,0.5421052631578948,2386.0335873731465
baseline_log96,20,0.5,split-080,0.661,0.5736842105263158,2401.5512760976744
baseline_log96,20,0.5,split-081,0.639,0.5552631578947369,2406.3430562447306
baseline_log96,20,0.5,split-082,0.6935,0.5526315789473685,2341.4602861707644
baseline_log96,20,0.5,split-083,0.7175,0.6236842105263158,2326.2924164899623
baseline_log96,20,0.5,split-084,0.728,0.6078947368421053,2314.5515501227064
baseline_log96,20,0.5,split-085,0.673,0.5736842105263158,2364.936570977493
baseline_log96,20,0.5,split-086,0.634,0.5394736842105263,2447.677653216131
baseline_log96,20,0.5,split-087,0.6705000000000001,0.55,2397.350719685075
baseline_log96,20,0.5,split-088,0.6765000000000001,0.5526315789473684,2415.587060995856
baseline_log96,20,0.5,split-089,0.667,0.5789473684210527,2364.870067495671
baseline_log96,20,0.5,split-090,0.6955,0.5947368421052631,2334.596921153654
baseline_log96,20,0.5,split-091,0.6515000000000001,0.55,2418.595220907423
baseline_log96,20,0.5,split-092,0.6585,0.5394736842105263,2404.1837090981066
baseline_log96,20,0.5,split-093,0.6659999999999999,0.5710526315789474,2364.518711693936
baseline_log96,20,0.5,split-094,0.6455,0.5368421052631579,2405.3486144472804
baseline_log96,20,0.5,split-095,0.6935,0.5421052631578948,2383.3325359097644
baseline_log96,20,0.5,split-096,0.7105,0.5710526315789474,2311.9201918128574
baseline_log96,20,0.5,split-097,0.647,0.5842105263157895,2389.6740297183233
baseline_log96,20,0.5,split-098,0.658,0.6,2371.9523757873894
baseline_log96,20,0.5,split-099,0.6845000000000001,0.5736842105263158,2346.4896941745146
baseline_log96,10,1.0,split-000,0.8059999999999999,0.5684210526315789,83.24677827742875
baseline_log96,10,1.0,split-001,0.8511999999999998,0.6,80.68425544877213
baseline_log96,10,1.0,split-002,0.8912,0.6694736842105263,82.54607170884117
baseline_log96,10,1.0,split-003,0.894,0.6947368421052631,83.24537662821429
baseline_log96,10,1.0,split-004,0.8908,0.6947368421052632,83.92368798880288
baseline_log96,10,1.0,split-005,0.8256,0.5873684210526315,82.08808802801616
baseline_log96,10,1.0,split-006,0.864,0.6442105263157895,84.60891384986563
baseline_log96,10,1.0,split-007,0.7896000000000001,0.5557894736842105,82.15622568361529
baseline_log96,10,1.0,split-008,0.8796,0.6863157894736842,82.76041134505252
baseline_log96,10,1.0,split-009,0.8724,0.6294736842105263,83.57854324418297
baseline_log96,10,1.0,split-010,0.8092,0.6,85.38746716352276
baseline_log96,10,1.0,split-011,0.8704,0.6505263157894736,80.05966013093975
baseline_log96,10,1.0,split-012,0.8571999999999999,0.6547368421052632,84.51552466428132
baseline_log96,10,1.0,split-013,0.8784000000000001,0.6631578947368422,82.46737944772215
baseline_log96,10,1.0,split-014,0.8423999999999999,0.6378947368421053,80.67842472746248
baseline_log96,10,1.0,split-015,0.8916000000000001,0.7663157894736843,94.7648754924256
baseline_log96,10,1.0,split-016,0.8535999999999999,0.5978947368421053,79.2228034929729
baseline_log96,10,1.0,split-017,0.8827999999999999,0.6652631578947368,81.83691928952321
baseline_log96,10,1.0,split-018,0.8656,0.6505263157894737,83.4040438720207
baseline_log96,10,1.0,split-019,0.8812,0.7263157894736842,96.58651593830821
baseline_log96,10,1.0,split-020,0.8716,0.6526315789473685,84.17086925060565
baseline_log96,10,1.0,split-021,0.8208,0.5852631578947368,81.60054910300819
baseline_log96,10,1.0,split-022,0.8667999999999999,0.631578947368421,82.34085840174804
baseline_log96,10,1.0,split-023,0.8731999999999999,0.7242105263157894,81.69709893362645
baseline_log96,10,1.0,split-024,0.8504,0.6505263157894737,82.99518409091903
baseline_log96,10,1.0,split-025,0.8672,0.6547368421052632,88.46432292395471
baseline_log96,10,1.0,split-026,0.8375999999999999,0.6189473684210527,80.10376622481226
baseline_log96,10,1.0,split-027,0.8687999999999999,0.6336842105263158,84.49794017676291
baseline_log96,10,1.0,split-028,0.8612000000000001,0.6231578947368421,82.63682342970385
baseline_log96,10,1.0,split-029,0.8503999999999999,0.64,83.23233389935172
baseline_log96,10,1.0,split-030,0.8696,0.648421052631579,82.18045491188421
baseline_log96,10,1.0,split-031,0.8428,0.6568421052631579,82.32848570219804
baseline_log96,10,1.0,split-032,0.8684000000000001,0.6357894736842106,80.01604056688208
baseline_log96,10,1.0,split-033,0.904,0.8063157894736842,95.56221646239717
baseline_log96,10,1.0,split-034,0.8556,0.6421052631578947,82.35455936239609
baseline_log96,10,1.0,split-035,0.8884,0.6842105263157895,83.72830222354467
baseline_log96,10,1.0,split-036,0.8536,0.6547368421052632,82.9120334836247
baseline_log96,10,1.0,split-037,0.8368,0.6231578947368421,85.34584937716058
baseline_log96,10,1.0,split-038,0.8403999999999999,0.6442105263157895,80.98799536252186
baseline_log96,10,1.0,split-039,0.8528,0.6673684210526316,83.71844264395243
baseline_log96,10,1.0,split-040,0.8992,0.6378947368421053,84.48290076841674
baseline_log96,10,1.0,split-041,0.8256,0.5852631578947368,84.09944807654222
baseline_log96,10,1.0,split-042,0.9,0.6799999999999999,83.57018171100049
baseline_log96,10,1.0,split-043,0.7968,0.5663157894736842,81.39061980191926
baseline_log96,10,1.0,split-044,0.8635999999999999,0.7494736842105263,95.87567885483668
baseline_log96,10,1.0,split-045,0.842,0.6168421052631579,80.49463199043383
baseline_log96,10,1.0,split-046,0.8956,0.7073684210526316,82.4293375215866
baseline_log96,10,1.0,split-047,0.8744000000000001,0.6589473684210526,83.6178772121076
baseline_log96,10,1.0,split-048,0.8892,0.6589473684210526,78.49409833259632
baseline_log96,10,1.0,split-049,0.806,0.6505263157894737,96.78221995151011
baseline_log96,10,1.0,split-050,0.868,0.7010526315789474,83.03060657693264
baseline_log96,10,1.0,split-051,0.9192,0.8442105263157895,98.0639144758352
baseline_log96,10,1.0,split-052,0.842,0.6252631578947369,82.87900036414331
baseline_log96,10,1.0,split-053,0.8576,0.6631578947368422,81.27152769533153
baseline_log96,10,1.0,split-054,0.8732,0.6821052631578948,81.3857106348136
baseline_log96,10,1.0,split-055,0.8396,0.631578947368421,82.3220350987914
baseline_log96,10,1.0,split-056,0.8528,0.5957894736842105,82.53771926481417
baseline_log96,10,1.0,split-057,0.8492,0.6631578947368422,83.51936726992736
baseline_log96,10,1.0,split-058,0.8787999999999999,0.7684210526315789,89.89761041945425
baseline_log96,10,1.0,split-059,0.8664000000000001,0.6694736842105263,86.13009009441761
baseline_log96,10,1.0,split-060,0.9108,0.7452631578947368,80.10211532917194
baseline_log96,10,1.0,split-061,0.8320000000000001,0.6631578947368422,85.68790934485396
baseline_log96,10,1.0,split-062,0.884,0.6863157894736842,79.84219947334637
baseline_log96,10,1.0,split-063,0.8419999999999999,0.6336842105263158,81.06107986752471
baseline_log96,10,1.0,split-064,0.8940000000000001,0.6905263157894737,80.077671627608
baseline_log96,10,1.0,split-065,0.8303999999999999,0.5705263157894737,83.34374521853601
baseline_log96,10,1.0,split-066,0.8936000000000001,0.6905263157894737,84.18059793562449
baseline_log96,10,1.0,split-067,0.8787999999999999,0.72,92.40287056094213
baseline_log96,10,1.0,split-068,0.8616,0.6947368421052632,82.96856367411259
baseline_log96,10,1.0,split-069,0.8692,0.7178947368421053,91.31225460420188
baseline_log96,10,1.0,split-070,0.8791999999999999,0.7136842105263158,83.20270361262811
baseline_log96,10,1.0,split-071,0.8971999999999999,0.7410526315789473,80.95088427039977
baseline_log96,10,1.0,split-072,0.8724,0.7157894736842105,92.05653464936131
baseline_log96,10,1.0,split-073,0.8648,0.6231578947368421,82.47979730424674
baseline_log96,10,1.0,split-074,0.892,0.7010526315789474,80.99041028527674
baseline_log96,10,1.0,split-075,0.7732,0.56,86.50103270527323
baseline_log96,10,1.0,split-076,0.89,0.8168421052631579,95.18724934891351
baseline_log96,10,1.0,split-077,0.8944,0.7305263157894737,82.55508064100968
baseline_log96,10,1.0,split-078,0.866,0.6589473684210527,81.26955654531329
baseline_log96,10,1.0,split-079,0.8792,0.6568421052631579,80.16556175811056
baseline_log96,10,1.0,split-080,0.8304,0.5957894736842105,82.26244088387452
baseline_log96,10,1.0,split-081,0.8371999999999999,0.6631578947368422,82.75404202729555
baseline_log96,10,1.0,split-082,0.8376,0.6357894736842105,80.78992388433367
baseline_log96,10,1.0,split-083,0.8972,0.751578947368421,97.1554130219857
baseline_log96,10,1.0,split-084,0.8448,0.6105263157894737,80.91582653033441
baseline_log96,10,1.0,split-085,0.8516,0.6526315789473685,82.21204668058294
baseline_log96,10,1.0,split-086,0.9076,0.7115789473684211,76.99637329369416
baseline_log96,10,1.0,split-087,0.8876,0.6947368421052632,80.17299846661035
baseline_log96,10,1.0,split-088,0.8827999999999999,0.6757894736842105,80.6604308839782
baseline_log96,10,1.0,split-089,0.8684,0.6210526315789474,83.87890002174277
baseline_log96,10,1.0,split-090,0.8907999999999999,0.7894736842105263,91.77291299515448
baseline_log96,10,1.0,split-091,0.8924000000000001,0.7031578947368421,87.35320335870435
baseline_log96,10,1.0,split-092,0.8552,0.6105263157894737,80.5409846646819
baseline_log96,10,1.0,split-093,0.8004,0.631578947368421,94.8106248046288
baseline_log96,10,1.0,split-094,0.8844,0.671578947368421,81.51696146870951
baseline_log96,10,1.0,split-095,0.8356,0.6021052631578947,81.14817502468644
baseline_log96,10,1.0,split-096,0.8272,0.608421052631579,81.93838518002573
baseline_log96,10,1.0,split-097,0.8535999999999999,0.608421052631579,81.3896528495413
baseline_log96,10,1.0,split-098,0.8936,0.7578947368421053,84.06730440829372
baseline_log96,10,1.0,split-099,0.8768,0.6694736842105263,79.77493725727982
baseline_log96,20,1.0,split-000,0.856,0.631578947368421,74.12704989521171
baseline_log96,20,1.0,split-001,0.869,0.6736842105263158,77.97120040408993
baseline_log96,20,1.0,split-002,0.885,0.618421052631579,80.13568653127543
baseline_log96,20,1.0,split-003,0.9,0.731578947368421,80.14924356863972
baseline_log96,20,1.0,split-004,0.8859999999999999,0.6631578947368422,78.48971410018363
baseline_log96,20,1.0,split-005,0.881,0.6842105263157895,80.23905506645109
baseline_log96,20,1.0,split-006,0.844,0.6078947368421053,79.57437095575379
baseline_log96,20,1.0,split-007,0.839,0.6,79.19618667947505
baseline_log96,20,1.0,split-008,0.8540000000000001,0.6263157894736842,80.47087423933198
baseline_log96,20,1.0,split-009,0.86,0.6710526315789473,81.51280891917774
baseline_log96,20,1.0,split-010,0.791,0.5842105263157895,78.98101965152331
baseline_log96,20,1.0,split-011,0.868,0.6342105263157894,78.4220933636542
baseline_log96,20,1.0,split-012,0.8544999999999999,0.6815789473684211,78.49713926186433
baseline_log96,20,1.0,split-013,0.8365,0.6105263157894737,81.02002688535494
baseline_log96,20,1.0,split-014,0.831,0.6026315789473684,78.04166637410805
baseline_log96,20,1.0,split-015,0.8895,0.7289473684210527,80.33735013441435
baseline_log96,20,1.0,split-016,0.838,0.5921052631578948,77.81970259409536
baseline_log96,20,1.0,split-017,0.859,0.6394736842105263,79.00494144204251
baseline_log96,20,1.0,split-018,0.8500000000000001,0.6210526315789474,80.05425017697516
baseline_log96,20,1.0,split-019,0.8729999999999999,0.6868421052631579,83.91640825681452
baseline_log96,20,1.0,split-020,0.8664999999999999,0.6289473684210527,77.09241402216445
baseline_log96,20,1.0,split-021,0.84,0.6289473684210527,83.25304008765305
baseline_log96,20,1.0,split-022,0.888,0.7263157894736842,81.60054827982913
baseline_log96,20,1.0,split-023,0.872,0.6842105263157895,78.05291074441453
baseline_log96,20,1.0,split-024,0.8714999999999999,0.6342105263157894,78.74992780992027
baseline_log96,20,1.0,split-025,0.9065,0.8236842105263158,86.45409793484268
baseline_log96,20,1.0,split-026,0.8505,0.6394736842105263,79.05686822758726
baseline_log96,20,1.0,split-027,0.8445,0.5657894736842105,79.86125036438133
baseline_log96,20,1.0,split-028,0.854,0.5894736842105264,78.32139461537656
baseline_log96,20,1.0,split-029,0.8550000000000001,0.6105263157894737,78.56154510101985
baseline_log96,20,1.0,split-030,0.8395,0.5921052631578947,78.5648232818897
baseline_log96,20,1.0,split-031,0.8745,0.6578947368421052,78.17768255279954
baseline_log96,20,1.0,split-032,0.8665,0.6763157894736842,81.08163612608806
baseline_log96,20,1.0,split-033,0.87,0.6868421052631579,80.77228879020274
baseline_log96,20,1.0,split-034,0.898,0.6973684210526316,75.86700708247074
baseline_log96,20,1.0,split-035,0.8919999999999999,0.6973684210526316,78.2956761663805
baseline_log96,20,1.0,split-036,0.831,0.6526315789473685,77.5940289139358
baseline_log96,20,1.0,split-037,0.896,0.75,82.4804947783312
baseline_log96,20,1.0,split-038,0.8200000000000001,0.6131578947368421,83.8999782639588
baseline_log96,20,1.0,split-039,0.869,0.6973684210526316,78.56681034382149
baseline_log96,20,1.0,split-040,0.901,0.6421052631578947,79.8602606804985
baseline_log96,20,1.0,split-041,0.867,0.5921052631578947,78.46522046505719
baseline_log96,20,1.0,split-042,0.878,0.6368421052631579,79.67775080212951
baseline_log96,20,1.0,split-043,0.794,0.5421052631578948,80.39359722475622
baseline_log96,20,1.0,split-044,0.8585,0.6973684210526316,85.13335145807959
baseline_log96,20,1.0,split-045,0.8295,0.6,78.3491851649501
baseline_log96,20,1.0,split-046,0.8925,0.6710526315789473,76.76843718737183
baseline_log96,20,1.0,split-047,0.9065000000000001,0.7605263157894737,78.44293720810701
baseline_log96,20,1.0,split-048,0.8865,0.6526315789473685,77.3085975515933
baseline_log96,20,1.0,split-049,0.8554999999999999,0.6473684210526316,81.87850332340078
baseline_log96,20,1.0,split-050,0.901,0.8026315789473684,79.0666417047946
baseline_log96,20,1.0,split-051,0.907,0.8052631578947368,82.41090891045518
baseline_log96,20,1.0,split-052,0.808,0.618421052631579,83.42009240686122
baseline_log96,20,1.0,split-053,0.8785000000000001,0.6947368421052632,78.2601525966692
baseline_log96,20,1.0,split-054,0.8905,0.6947368421052632,78.33154433642187
baseline_log96,20,1.0,split-055,0.852,0.6157894736842106,78.66626161887606
baseline_log96,20,1.0,split-056,0.8444999999999999,0.5894736842105264,78.66476425165466
baseline_log96,20,1.0,split-057,0.8905000000000001,0.6842105263157895,78.77551120610507
baseline_log96,20,1.0,split-058,0.881,0.7447368421052633,79.61890526502704
baseline_log96,20,1.0,split-059,0.8795000000000001,0.65,81.58011727477736
baseline_log96,20,1.0,split-060,0.88,0.7078947368421054,80.20753534322868
baseline_log96,20,1.0,split-061,0.8295,0.6105263157894737,80.63915800733523
baseline_log96,20,1.0,split-062,0.847,0.5973684210526315,80.67003409054405
baseline_log96,20,1.0,split-063,0.8430000000000001,0.5947368421052631,78.31565770741607
baseline_log96,20,1.0,split-064,0.9085,0.75,79.40646050966689
baseline_log96,20,1.0,split-065,0.8955,0.7368421052631579,81.2605561072365
baseline_log96,20,1.0,split-066,0.8775000000000001,0.6421052631578947,80.75146399803988
baseline_log96,20,1.0,split-067,0.9119999999999999,0.7552631578947369,79.98883234411866
baseline_log96,20,1.0,split-068,0.8525,0.6710526315789473,80.78502432203318
baseline_log96,20,1.0,split-069,0.843,0.6815789473684211,82.42579347641194
baseline_log96,20,1.0,split-070,0.875,0.6947368421052632,78.83687659005943
baseline_log96,20,1.0,split-071,0.8945000000000001,0.7736842105263158,80.12548713414722
baseline_log96,20,1.0,split-072,0.8785,0.7105263157894737,80.32894499258173
baseline_log96,20,1.0,split-073,0.8525,0.6052631578947368,80.55668214901856
baseline_log96,20,1.0,split-074,0.8745,0.6684210526315789,78.36393002770569
baseline_log96,20,1.0,split-075,0.8385,0.6,78.27970929919522
baseline_log96,20,1.0,split-076,0.9165,0.8184210526315789,79.77737460250471
baseline_log96,20,1.0,split-077,0.8634999999999999,0.6631578947368422,80.20599681412739
baseline_log96,20,1.0,split-078,0.823,0.5894736842105264,80.08096595415337
baseline_log96,20,1.0,split-079,0.858,0.65,77.04977335959796
baseline_log96,20,1.0,split-080,0.8395,0.6,79.10266866434847
baseline_log96,20,1.0,split-081,0.82,0.6157894736842106,79.53722032674351
baseline_log96,20,1.0,split-082,0.8190000000000001,0.5894736842105264,77.15925226997916
baseline_log96,20,1.0,split-083,0.891,0.718421052631579,79.22997157331297
baseline_log96,20,1.0,split-084,0.873,0.7342105263157894,83.11973446240566
baseline_log96,20,1.0,split-085,0.8815,0.718421052631579,82.96036328058133
baseline_log96,20,1.0,split-086,0.893,0.6921052631578947,78.01565183519664
baseline_log96,20,1.0,split-087,0.8684999999999999,0.6578947368421053,79.13306415775037
baseline_log96,20,1.0,split-088,0.8815,0.6210526315789474,77.51479503675759
baseline_log96,20,1.0,split-089,0.906,0.7921052631578946,80.92503238757851
baseline_log96,20,1.0,split-090,0.8704999999999999,0.7000000000000001,82.25063976887688
baseline_log96,20,1.0,split-091,0.8674999999999999,0.6894736842105263,81.35100326514798
baseline_log96,20,1.0,split-092,0.837,0.5973684210526315,80.07040756657237
baseline_log96,20,1.0,split-093,0.8825,0.6947368421052632,80.91412727083215
baseline_log96,20,1.0,split-094,0.8545,0.6736842105263158,80.38924253692342
baseline_log96,20,1.0,split-095,0.8855,0.631578947368421,76.16895123857003
baseline_log96,20,1.0,split-096,0.8744999999999999,0.6921052631578948,79.63126473375154
baseline_log96,20,1.0,split-097,0.885,0.7157894736842105,80.80521490129367
baseline_log96,20,1.0,split-098,0.89,0.7947368421052632,82.8609234731897
baseline_log96,20,1.0,split-099,0.9015000000000001,0.7578947368421053,81.95841984705126
baseline_log96,10,2.0,split-000,0.4876,0.4884210526315789,2379.686428766354
baseline_log96,10,2.0,split-001,0.4716,0.4884210526315789,2429.089156595055
baseline_log96,10,2.0,split-002,0.5388,0.49473684210526314,2331.86442404414
baseline_log96,10,2.0,split-003,0.52,0.4905263157894737,2381.149363141015
baseline_log96,10,2.0,split-004,0.5596,0.4842105263157895,2287.449659347477
baseline_log96,10,2.0,split-005,0.4376,0.4905263157894737,2455.2211766287364
baseline_log96,10,2.0,split-006,0.47679999999999995,0.4884210526315789,2431.4194771562725
baseline_log96,10,2.0,split-007,0.45880000000000004,0.4863157894736842,2404.691044346935
baseline_log96,10,2.0,split-008,0.5231999999999999,0.4863157894736842,2356.599029322684
baseline_log96,10,2.0,split-009,0.494,0.4884210526315789,2397.547153663851
baseline_log96,10,2.0,split-010,0.48240000000000005,0.4863157894736842,2361.7226963493113
baseline_log96,10,2.0,split-011,0.5312,0.4905263157894737,2326.5482876480405
baseline_log96,10,2.0,split-012,0.496,0.4884210526315789,2399.0187381696583
baseline_log96,10,2.0,split-013,0.5436,0.4905263157894737,2346.106172235998
baseline_log96,10,2.0,split-014,0.48200000000000004,0.4884210526315789,2395.1286857448004
baseline_log96,10,2.0,split-015,0.5072,0.4905263157894737,2533.850332540642
baseline_log96,10,2.0,split-016,0.48960000000000004,0.4863157894736842,2383.3309062898543
baseline_log96,10,2.0,split-017,0.5227999999999999,0.4884210526315789,2354.729491546681
baseline_log96,10,2.0,split-018,0.47840000000000005,0.4884210526315789,2425.987504161015
baseline_log96,10,2.0,split-019,0.5216000000000001,0.4863157894736842,2478.1422224624434
baseline_log96,10,2.0,split-020,0.5236000000000001,0.4905263157894737,2350.311244444938
baseline_log96,10,2.0,split-021,0.48479999999999995,0.4863157894736842,2385.569690427997
baseline_log96,10,2.0,split-022,0.51,0.4884210526315789,2352.6784062632996
baseline_log96,10,2.0,split-023,0.486,0.4905263157894737,2410.057339843047
baseline_log96,10,2.0,split-024,0.4912,0.4884210526315789,2385.234894613878
baseline_log96,10,2.0,split-025,0.5112,0.4905263157894737,2387.1531546260926
baseline_log96,10,2.0,split-026,0.48839999999999995,0.4863157894736842,2387.565176397685
baseline_log96,10,2.0,split-027,0.5476000000000001,0.4863157894736842,2302.1305682623943
baseline_log96,10,2.0,split-028,0.5188,0.4905263157894737,2367.872338333359
baseline_log96,10,2.0,split-029,0.4912,0.4905263157894737,2376.63461722965
baseline_log96,10,2.0,split-030,0.4992,0.4884210526315789,2392.224299463074
baseline_log96,10,2.0,split-031,0.486,0.4905263157894737,2372.274620105803
baseline_log96,10,2.0,split-032,0.484,0.4884210526315789,2402.399344510205
baseline_log96,10,2.0,split-033,0.5464,0.4926315789473684,2472.214625231693
baseline_log96,10,2.0,split-034,0.4636,0.4884210526315789,2434.5658849704673
baseline_log96,10,2.0,split-035,0.4996,0.4905263157894737,2379.539901565621
baseline_log96,10,2.0,split-036,0.5092,0.4884210526315789,2348.2980833206466
baseline_log96,10,2.0,split-037,0.5136000000000001,0.4884210526315789,2352.5279391108525
baseline_log96,10,2.0,split-038,0.49960000000000004,0.4905263157894737,2371.2170231490354
baseline_log96,10,2.0,split-039,0.5176000000000001,0.4905263157894737,2362.0085103723186
baseline_log96,10,2.0,split-040,0.5267999999999999,0.4863157894736842,2345.534637714725
baseline_log96,10,2.0,split-041,0.46040000000000003,0.4842105263157895,2426.125473948391
baseline_log96,10,2.0,split-042,0.522,0.4884210526315789,2379.775061184517
baseline_log96,10,2.0,split-043,0.46919999999999995,0.4842105263157895,2383.2067119188496
baseline_log96,10,2.0,split-044,0.5092,0.4905263157894737,2504.3400892387863
baseline_log96,10,2.0,split-045,0.5156000000000001,0.4863157894736842,2335.8397358912543
baseline_log96,10,2.0,split-046,0.5556,0.4905263157894737,2330.090588838242
baseline_log96,10,2.0,split-047,0.5156000000000001,0.4884210526315789,2362.7447701216433
baseline_log96,10,2.0,split-048,0.5344,0.4905263157894737,2325.8186586344627
baseline_log96,10,2.0,split-049,0.4888,0.4842105263157895,2496.6334557645723
baseline_log96,10,2.0,split-050,0.516,0.49473684210526314,2350.9037398508053
baseline_log96,10,2.0,split-051,0.5304,0.4905263157894737,2502.138055639323
baseline_log96,10,2.0,split-052,0.5068,0.4905263157894737,2356.089203273628
baseline_log96,10,2.0,split-053,0.4956,0.4905263157894737,2400.3095978157453
baseline_log96,10,2.0,split-054,0.47559999999999997,0.4842105263157895,2405.779612849805
baseline_log96,10,2.0,split-055,0.4828,0.4905263157894737,2384.851227074307
baseline_log96,10,2.0,split-056,0.49080000000000007,0.4884210526315789,2394.63000662607
baseline_log96,10,2.0,split-057,0.48440000000000005,0.4905263157894737,2387.532737530232
baseline_log96,10,2.0,split-058,0.534,0.4905263157894737,2466.345595708327
baseline_log96,10,2.0,split-059,0.522,0.4905263157894737,2378.120690952386
baseline_log96,10,2.0,split-060,0.524,0.4905263157894737,2351.6486182025483
baseline_log96,10,2.0,split-061,0.5104,0.4905263157894737,2371.867631409874
baseline_log96,10,2.0,split-062,0.5244,0.4884210526315789,2362.8138523629104
baseline_log96,10,2.0,split-063,0.5272,0.4863157894736842,2317.75489665072
baseline_log96,10,2.0,split-064,0.5116,0.4905263157894737,2375.784761680313
baseline_log96,10,2.0,split-065,0.5312,0.4863157894736842,2307.267679862971
baseline_log96,10,2.0,split-066,0.5276000000000001,0.4884210526315789,2343.0131898982895
baseline_log96,10,2.0,split-067,0.5104,0.4863157894736842,2505.3492344893016
baseline_log96,10,2.0,split-068,0.49999999999999994,0.4905263157894737,2393.13460190542
baseline_log96,10,2.0,split-069,0.5072000000000001,0.4905263157894737,2509.409782547675
baseline_log96,10,2.0,split-070,0.4684,0.4905263157894737,2424.5228767770614
baseline_log96,10,2.0,split-071,0.5408,0.4926315789473684,2330.6951399818354
baseline_log96,10,2.0,split-072,0.48679999999999995,0.4884210526315789,2535.8076612884124
baseline_log96,10,2.0,split-073,0.48400000000000004,0.4884210526315789,2414.4553381473124
baseline_log96,10,2.0,split-074,0.5276,0.4905263157894737,2341.6120383960233
baseline_log96,10,2.0,split-075,0.46079999999999993,0.4842105263157895,2398.66599033473
baseline_log96,10,2.0,split-076,0.5227999999999999,0.4905263157894737,2487.1268455256486
baseline_log96,10,2.0,split-077,0.5327999999999999,0.4905263157894737,2342.565219344377
baseline_log96,10,2.0,split-078,0.5144,0.4926315789473684,2364.050982401564
baseline_log96,10,2.0,split-079,0.5164,0.4884210526315789,2378.7685296483373
baseline_log96,10,2.0,split-080,0.47319999999999995,0.4863157894736842,2391.824690609473
baseline_log96,10,2.0,split-081,0.48879999999999996,0.4905263157894737,2371.1276345484694
baseline_log96,10,2.0,split-082,0.4704,0.4863157894736842,2416.6902540912442
baseline_log96,10,2.0,split-083,0.534,0.4863157894736842,2480.942743494253
baseline_log96,10,2.0,split-084,0.4596,0.4884210526315789,2450.559357774616
baseline_log96,10,2.0,split-085,0.496,0.4905263157894737,2379.148635102396
baseline_log96,10,2.0,split-086,0.5508,0.4905263157894737,2316.9160812305704
baseline_log96,10,2.0,split-087,0.5256,0.4905263157894737,2351.4668052338234
baseline_log96,10,2.0,split-088,0.5076,0.4905263157894737,2389.925389648354
baseline_log96,10,2.0,split-089,0.49879999999999997,0.4863157894736842,2373.1662756770565
baseline_log96,10,2.0,split-090,0.542,0.4926315789473684,2462.5618470082763
baseline_log96,10,2.0,split-091,0.5332,0.4926315789473684,2357.8422148924838
baseline_log96,10,2.0,split-092,0.4996,0.4842105263157895,2378.456701211662
baseline_log96,10,2.0,split-093,0.46919999999999995,0.4842105263157895,2524.233250773842
baseline_log96,10,2.0,split-094,0.528,0.4884210526315789,2345.260497271779
baseline_log96,10,2.0,split-095,0.47519999999999996,0.4884210526315789,2408.235564185614
baseline_log96,10,2.0,split-096,0.46599999999999997,0.4863157894736842,2426.0457210541917
baseline_log96,10,2.0,split-097,0.5004,0.4842105263157895,2362.746232702147
baseline_log96,10,2.0,split-098,0.534,0.4905263157894737,2328.98521981568
baseline_log96,10,2.0,split-099,0.49839999999999995,0.4884210526315789,2384.8180527968666
baseline_log96,20,2.0,split-000,0.5259999999999999,0.49473684210526314,2357.611208771762
baseline_log96,20,2.0,split-001,0.46799999999999997,0.4921052631578947,2412.0078714637275
baseline_log96,20,2.0,split-002,0.558,0.4921052631578947,2341.0399497692906
baseline_log96,20,2.0,split-003,0.5395,0.4894736842105263,2355.6795518172876
baseline_log96,20,2.0,split-004,0.5780000000000001,0.4921052631578947,2323.3968094415272
baseline_log96,20,2.0,split-005,0.489,0.4921052631578947,2443.2243683396064
baseline_log96,20,2.0,split-006,0.4895,0.4868421052631579,2384.965187319372
baseline_log96,20,2.0,split-007,0.4445,0.4868421052631579,2425.3230446239995
baseline_log96,20,2.0,split-008,0.4645,0.4868421052631579,2406.923572373371
baseline_log96,20,2.0,split-009,0.4935,0.4868421052631579,2434.6878264927827
baseline_log96,20,2.0,split-010,0.43399999999999994,0.4868421052631579,2419.03480322091
baseline_log96,20,2.0,split-011,0.5680000000000001,0.4894736842105263,2324.723757448378
baseline_log96,20,2.0,split-012,0.45349999999999996,0.4921052631578947,2408.0391013732524
baseline_log96,20,2.0,split-013,0.501,0.4842105263157895,2377.754448294
baseline_log96,20,2.0,split-014,0.46199999999999997,0.4894736842105263,2395.019816511806
baseline_log96,20,2.0,split-015,0.507,0.4868421052631579,2434.122831221751
baseline_log96,20,2.0,split-016,0.47,0.4842105263157895,2398.6567183813995
baseline_log96,20,2.0,split-017,0.49449999999999994,0.4868421052631579,2441.8754763501465
baseline_log96,20,2.0,split-018,0.4655,0.4868421052631579,2402.2285874705008
baseline_log96,20,2.0,split-019,0.513,0.4868421052631579,2429.4408387047265
baseline_log96,20,2.0,split-020,0.505,0.4894736842105263,2375.5275379040213
baseline_log96,20,2.0,split-021,0.48100000000000004,0.4868421052631579,2462.253296083525
baseline_log96,20,2.0,split-022,0.5565,0.49473684210526314,2394.8594657568838
baseline_log96,20,2.0,split-023,0.49,0.4894736842105263,2384.351495342664
baseline_log96,20,2.0,split-024,0.511,0.4868421052631579,2350.5713312808684
baseline_log96,20,2.0,split-025,0.4865,0.4894736842105263,2461.9177279301575
baseline_log96,20,2.0,split-026,0.5265,0.4868421052631579,2340.2294579214877
baseline_log96,20,2.0,split-027,0.503,0.4868421052631579,2367.110653516809
baseline_log96,20,2.0,split-028,0.48550000000000004,0.4894736842105263,2396.2978195566666
baseline_log96,20,2.0,split-029,0.468,0.4894736842105263,2392.89215540744
baseline_log96,20,2.0,split-030,0.488,0.4921052631578947,2383.3095310332938
baseline_log96,20,2.0,split-031,0.512,0.4894736842105263,2362.0110207533194
baseline_log96,20,2.0,split-032,0.47200000000000003,0.4868421052631579,2452.4481746284264
baseline_log96,20,2.0,split-033,0.5215000000000001,0.4894736842105263,2422.44765058144
baseline_log96,20,2.0,split-034,0.481,0.4894736842105263,2400.3916357378966
baseline_log96,20,2.0,split-035,0.46699999999999997,0.4894736842105263,2398.5289566909914
baseline_log96,20,2.0,split-036,0.5045,0.4894736842105263,2358.7823255840062
baseline_log96,20,2.0,split-037,0.5555,0.4894736842105263,2391.9809296407175
baseline_log96,20,2.0,split-038,0.4725,0.4894736842105263,2387.92254332642
baseline_log96,20,2.0,split-039,0.4955,0.4921052631578947,2382.520810329491
baseline_log96,20,2.0,split-040,0.5395000000000001,0.4868421052631579,2347.986006352505
baseline_log96,20,2.0,split-041,0.48850000000000005,0.4868421052631579,2392.9943886252613
baseline_log96,20,2.0,split-042,0.491,0.4868421052631579,2391.856219099535
baseline_log96,20,2.0,split-043,0.46299999999999997,0.4842105263157895,2387.0536976098692
baseline_log96,20,2.0,split-044,0.4784999999999999,0.4894736842105263,2457.190545702972
baseline_log96,20,2.0,split-045,0.4845,0.4868421052631579,2396.377321944493
baseline_log96,20,2.0,split-046,0.556,0.4921052631578947,2332.8760101180433
baseline_log96,20,2.0,split-047,0.5315000000000001,0.49473684210526314,2362.5768826346593
baseline_log96,20,2.0,split-048,0.5665000000000001,0.4921052631578947,2326.4723002148858
baseline_log96,20,2.0,split-049,0.5195000000000001,0.4868421052631579,2408.554983940167
baseline_log96,20,2.0,split-050,0.517,0.49473684210526314,2429.609690620367
baseline_log96,20,2.0,split-051,0.483,0.4894736842105263,2460.233557591659
baseline_log96,20,2.0,split-052,0.45099999999999996,0.4894736842105263,2462.14872005069
baseline_log96,20,2.0,split-053,0.493,0.4894736842105263,2389.179720052301
baseline_log96,20,2.0,split-054,0.448,0.4894736842105263,2416.3051560219074
baseline_log96,20,2.0,split-055,0.4765,0.4868421052631579,2384.6783812735575
baseline_log96,20,2.0,split-056,0.4895,0.4868421052631579,2393.8886469511417
baseline_log96,20,2.0,split-057,0.476,0.4894736842105263,2395.224518329659
baseline_log96,20,2.0,split-058,0.5035000000000001,0.4894736842105263,2428.146513465817
baseline_log96,20,2.0,split-059,0.5459999999999999,0.4868421052631579,2353.7175053281694
baseline_log96,20,2.0,split-060,0.47400000000000003,0.4894736842105263,2462.5916054313257
baseline_log96,20,2.0,split-061,0.5245,0.4868421052631579,2344.853414621274
baseline_log96,20,2.0,split-062,0.483,0.4868421052631579,2387.403381876131
baseline_log96,20,2.0,split-063,0.52,0.4868421052631579,2349.878926722731
baseline_log96,20,2.0,split-064,0.5135,0.4894736842105263,2429.7628874700727
baseline_log96,20,2.0,split-065,0.5745,0.49473684210526314,2377.5666424422034
baseline_log96,20,2.0,split-066,0.536,0.4894736842105263,2341.708916703221
baseline_log96,20,2.0,split-067,0.5385,0.4868421052631579,2418.788270851845
baseline_log96,20,2.0,split-068,0.488,0.4868421052631579,2384.321279374115
baseline_log96,20,2.0,split-069,0.484,0.4894736842105263,2441.2876789007596
baseline_log96,20,2.0,split-070,0.49000000000000005,0.4894736842105263,2386.5768289947023
baseline_log96,20,2.0,split-071,0.5545,0.49473684210526314,2395.4662917620053
baseline_log96,20,2.0,split-072,0.4895,0.4868421052631579,2435.1109279340176
baseline_log96,20,2.0,split-073,0.47850000000000004,0.4868421052631579,2406.7120536571083
baseline_log96,20,2.0,split-074,0.51,0.4894736842105263,2360.3205792048407
baseline_log96,20,2.0,split-075,0.4775,0.4894736842105263,2392.049425717185
baseline_log96,20,2.0,split-076,0.5325,0.4894736842105263,2418.4841336570325
baseline_log96,20,2.0,split-077,0.4985,0.4921052631578947,2376.8389558565304
baseline_log96,20,2.0,split-078,0.503,0.4868421052631579,2364.4055654292724
baseline_log96,20,2.0,split-079,0.48549999999999993,0.4921052631578947,2382.3134416922876
baseline_log96,20,2.0,split-080,0.494,0.4868421052631579,2379.020324698091
baseline_log96,20,2.0,split-081,0.4875,0.4894736842105263,2368.96170398125
baseline_log96,20,2.0,split-082,0.44199999999999995,0.4842105263157895,2424.7997151596437
baseline_log96,20,2.0,split-083,0.4935,0.4894736842105263,2457.6177946688504
baseline_log96,20,2.0,split-084,0.47800000000000004,0.4921052631578947,2457.957033453841
baseline_log96,20,2.0,split-085,0.5215000000000001,0.4894736842105263,2429.504291138095
baseline_log96,20,2.0,split-086,0.5700000000000001,0.49736842105263157,2324.490038727369
baseline_log96,20,2.0,split-087,0.48450000000000004,0.4894736842105263,2393.348015069105
baseline_log96,20,2.0,split-088,0.5435,0.4894736842105263,2351.8965498493912
baseline_log96,20,2.0,split-089,0.535,0.4921052631578947,2403.4332609493013
baseline_log96,20,2.0,split-090,0.4995,0.4894736842105263,2440.8065575627484
baseline_log96,20,2.0,split-091,0.5095000000000001,0.4921052631578947,2372.367149262475
baseline_log96,20,2.0,split-092,0.495,0.4842105263157895,2376.3371546306753
baseline_log96,20,2.0,split-093,0.5375,0.4894736842105263,2403.11459611661
baseline_log96,20,2.0,split-094,0.4945,0.4894736842105263,2360.0131035816657
baseline_log96,20,2.0,split-095,0.494,0.4894736842105263,2373.9827220366387
baseline_log96,20,2.0,split-096,0.482,0.4868421052631579,2450.2481228997926
baseline_log96,20,2.0,split-097,0.5585,0.4894736842105263,2383.2657654857658
baseline_log96,20,2.0,split-098,0.5285,0.4894736842105263,2406.0670291506594
baseline_log96,20,2.0,split-099,0.5165,0.4868421052631579,2426.0560134566217
baseline_log96,10,4.0,split-000,0.4496,0.4842105263157895,9278.398566077562
baseline_log96,10,4.0,split-001,0.43119999999999997,0.4842105263157895,9365.054987285814
baseline_log96,10,4.0,split-002,0.48760000000000003,0.4842105263157895,9173.963622034928
baseline_log96,10,4.0,split-003,0.4708,0.4842105263157895,9270.604552107063
baseline_log96,10,4.0,split-004,0.514,0.4842105263157895,9096.243199795734
baseline_log96,10,4.0,split-005,0.40159999999999996,0.4842105263157895,9414.807915608917
baseline_log96,10,4.0,split-006,0.43759999999999993,0.4842105263157895,9383.822580768268
baseline_log96,10,4.0,split-007,0.43199999999999994,0.4842105263157895,9334.11589464239
baseline_log96,10,4.0,split-008,0.48039999999999994,0.4842105263157895,9238.901731129718
baseline_log96,10,4.0,split-009,0.4548,0.4842105263157895,9317.73868701186
baseline_log96,10,4.0,split-010,0.4496,0.4842105263157895,9244.061639585174
baseline_log96,10,4.0,split-011,0.4856,0.4842105263157895,9181.114767836374
baseline_log96,10,4.0,split-012,0.4556,0.4842105263157895,9315.601466086731
baseline_log96,10,4.0,split-013,0.496,0.4842105263157895,9203.637450459937
baseline_log96,10,4.0,split-014,0.448,0.4842105263157895,9312.144946639066
baseline_log96,10,4.0,split-015,0.44079999999999997,0.4842105263157895,9593.316249546115
baseline_log96,10,4.0,split-016,0.4496,0.4842105263157895,9290.62000673284
baseline_log96,10,4.0,split-017,0.4808,0.4842105263157895,9222.988452753994
baseline_log96,10,4.0,split-018,0.438,0.4842105263157895,9376.776608941178
baseline_log96,10,4.0,split-019,0.4672,0.4842105263157895,9478.665006131137
baseline_log96,10,4.0,split-020,0.4764,0.4842105263157895,9210.941979765907
baseline_log96,10,4.0,split-021,0.44559999999999994,0.4842105263157895,9290.029424450373
baseline_log96,10,4.0,split-022,0.47,0.4842105263157895,9221.194400697212
baseline_log96,10,4.0,split-023,0.4456,0.4842105263157895,9342.568421514758
baseline_log96,10,4.0,split-024,0.45599999999999996,0.4842105263157895,9286.897527543759
baseline_log96,10,4.0,split-025,0.46759999999999996,0.4842105263157895,9284.927896840407
baseline_log96,10,4.0,split-026,0.45199999999999996,0.4842105263157895,9296.565243422872
baseline_log96,10,4.0,split-027,0.5004,0.4842105263157895,9125.635150946451
baseline_log96,10,4.0,split-028,0.46799999999999997,0.4842105263157895,9258.559212823919
baseline_log96,10,4.0,split-029,0.4495999999999999,0.4842105263157895,9277.84858182402
baseline_log96,10,4.0,split-030,0.4576,0.4842105263157895,9311.531019870035
baseline_log96,10,4.0,split-031,0.4508,0.4842105263157895,9263.091232871964
baseline_log96,10,4.0,split-032,0.44359999999999994,0.4842105263157895,9337.482253407801
baseline_log96,10,4.0,split-033,0.4764,0.4842105263157895,9461.37011007406
baseline_log96,10,4.0,split-034,0.4236,0.4842105263157895,9389.450254240479
baseline_log96,10,4.0,split-035,0.4624,0.4842105263157895,9281.002199092687
baseline_log96,10,4.0,split-036,0.46840000000000004,0.4842105263157895,9206.902019149282
baseline_log96,10,4.0,split-037,0.4668,0.4842105263157895,9220.018893402961
baseline_log96,10,4.0,split-038,0.4536,0.4842105263157895,9261.072775022189
baseline_log96,10,4.0,split-039,0.4775999999999999,0.4842105263157895,9239.036806276836
baseline_log96,10,4.0,split-040,0.48239999999999994,0.4842105263157895,9204.443293838125
baseline_log96,10,4.0,split-041,0.4224,0.4842105263157895,9367.883494746813
baseline_log96,10,4.0,split-042,0.4732,0.4863157894736842,9274.510030606449
baseline_log96,10,4.0,split-043,0.4368,0.4842105263157895,9282.7240328921
baseline_log96,10,4.0,split-044,0.4476,0.4842105263157895,9530.83409160269
baseline_log96,10,4.0,split-045,0.478,0.4842105263157895,9195.88142955121
baseline_log96,10,4.0,split-046,0.5035999999999999,0.4842105263157895,9161.755974692584
baseline_log96,10,4.0,split-047,0.47119999999999995,0.4842105263157895,9235.447055694007
baseline_log96,10,4.0,split-048,0.48679999999999995,0.4842105263157895,9181.00288766049
baseline_log96,10,4.0,split-049,0.43239999999999995,0.4842105263157895,9524.08571878025
baseline_log96,10,4.0,split-050,0.4708,0.4863157894736842,9219.467645619356
baseline_log96,10,4.0,split-051,0.4616,0.4842105263157895,9515.696043300568
baseline_log96,10,4.0,split-052,0.4656,0.4842105263157895,9228.934337034105
baseline_log96,10,4.0,split-053,0.4512,0.4842105263157895,9317.413438617681
baseline_log96,10,4.0,split-054,0.436,0.4842105263157895,9327.94041089108
baseline_log96,10,4.0,split-055,0.4487999999999999,0.4842105263157895,9291.298829158533
baseline_log96,10,4.0,split-056,0.45,0.4842105263157895,9303.708929168552
baseline_log96,10,4.0,split-057,0.44480000000000003,0.4842105263157895,9295.556410306068
baseline_log96,10,4.0,split-058,0.4656,0.4842105263157895,9459.23321777018
baseline_log96,10,4.0,split-059,0.4748,0.4842105263157895,9278.60638752735
baseline_log96,10,4.0,split-060,0.47919999999999996,0.4842105263157895,9215.952497940472
baseline_log96,10,4.0,split-061,0.4724,0.4842105263157895,9255.407757746034
baseline_log96,10,4.0,split-062,0.47439999999999993,0.4842105263157895,9250.40788089241
baseline_log96,10,4.0,split-063,0.48960000000000004,0.4842105263157895,9159.997524461902
baseline_log96,10,4.0,split-064,0.4672,0.4842105263157895,9268.722697179739
baseline_log96,10,4.0,split-065,0.48919999999999997,0.4842105263157895,9130.004280749201
baseline_log96,10,4.0,split-066,0.4851999999999999,0.4842105263157895,9208.426194417985
baseline_log96,10,4.0,split-067,0.4472,0.4842105263157895,9533.57065966098
baseline_log96,10,4.0,split-068,0.454,0.4842105263157895,9295.715369751115
baseline_log96,10,4.0,split-069,0.4408,0.4842105263157895,9536.130485697919
baseline_log96,10,4.0,split-070,0.4244,0.4842105263157895,9372.071798299065
baseline_log96,10,4.0,split-071,0.49640000000000006,0.4842105263157895,9178.3173823653
baseline_log96,10,4.0,split-072,0.42679999999999996,0.4842105263157895,9597.92044226911
baseline_log96,10,4.0,split-073,0.4408,0.4842105263157895,9357.775260347993
baseline_log96,10,4.0,split-074,0.4832,0.4842105263157895,9200.102678865609
baseline_log96,10,4.0,split-075,0.4328,0.4842105263157895,9308.177020797037
baseline_log96,10,4.0,split-076,0.45640000000000003,0.4842105263157895,9499.174401985678
baseline_log96,10,4.0,split-077,0.48960000000000004,0.4842105263157895,9198.195872731536
baseline_log96,10,4.0,split-078,0.46719999999999995,0.4842105263157895,9235.936274665146
baseline_log96,10,4.0,split-079,0.46919999999999995,0.4842105263157895,9274.825494879802
baseline_log96,10,4.0,split-080,0.4356,0.4842105263157895,9316.324958981673
baseline_log96,10,4.0,split-081,0.45760000000000006,0.4842105263157895,9265.92212485696
baseline_log96,10,4.0,split-082,0.4336,0.4842105263157895,9352.890522691061
baseline_log96,10,4.0,split-083,0.4708,0.4842105263157895,9466.502155319311
baseline_log96,10,4.0,split-084,0.416,0.4842105263157895,9418.353924322937
baseline_log96,10,4.0,split-085,0.45520000000000005,0.4842105263157895,9287.245689563562
baseline_log96,10,4.0,split-086,0.4996,0.4842105263157895,9158.128449830578
baseline_log96,10,4.0,split-087,0.4852,0.4842105263157895,9212.939505403785
baseline_log96,10,4.0,split-088,0.46119999999999994,0.4842105263157895,9292.554014335696
baseline_log96,10,4.0,split-089,0.4572,0.4842105263157895,9267.167845230324
baseline_log96,10,4.0,split-090,0.4739999999999999,0.4842105263157895,9445.906268407383
baseline_log96,10,4.0,split-091,0.49,0.4842105263157895,9221.840779076461
baseline_log96,10,4.0,split-092,0.4564,0.4842105263157895,9268.691794837152
baseline_log96,10,4.0,split-093,0.4204,0.4842105263157895,9557.506496763854
baseline_log96,10,4.0,split-094,0.48079999999999995,0.4842105263157895,9214.668114359414
baseline_log96,10,4.0,split-095,0.43639999999999995,0.4842105263157895,9339.351455439533
baseline_log96,10,4.0,split-096,0.4292,0.4842105263157895,9362.397391010516
baseline_log96,10,4.0,split-097,0.4624000000000001,0.4842105263157895,9248.383638253628
baseline_log96,10,4.0,split-098,0.494,0.4842105263157895,9177.063800568305
baseline_log96,10,4.0,split-099,0.4636,0.4842105263157895,9288.019069973232
baseline_log96,20,4.0,split-000,0.482,0.4868421052631579,9224.98503550643
baseline_log96,20,4.0,split-001,0.4295,0.4842105263157895,9333.881436380283
baseline_log96,20,4.0,split-002,0.5055000000000001,0.4868421052631579,9204.392900330276
baseline_log96,20,4.0,split-003,0.49699999999999994,0.4842105263157895,9228.82158071965
baseline_log96,20,4.0,split-004,0.532,0.4868421052631579,9163.348129140439
baseline_log96,20,4.0,split-005,0.426,0.4842105263157895,9422.518476809726
baseline_log96,20,4.0,split-006,0.45699999999999996,0.4842105263157895,9294.538552763543
baseline_log96,20,4.0,split-007,0.418,0.4842105263157895,9369.407183415577
baseline_log96,20,4.0,split-008,0.434,0.4842105263157895,9312.098767930764
baseline_log96,20,4.0,split-009,0.44149999999999995,0.4842105263157895,9394.774312671863
baseline_log96,20,4.0,split-010,0.40599999999999997,0.4842105263157895,9345.726835429428
baseline_log96,20,4.0,split-011,0.5255000000000001,0.4842105263157895,9177.918330334662
baseline_log96,20,4.0,split-012,0.4235,0.4842105263157895,9335.76458612339
baseline_log96,20,4.0,split-013,0.47000000000000003,0.4842105263157895,9267.26105500773
baseline_log96,20,4.0,split-014,0.43749999999999994,0.4842105263157895,9312.482815409337
baseline_log96,20,4.0,split-015,0.447,0.4842105263157895,9398.343639546325
baseline_log96,20,4.0,split-016,0.432,0.4842105263157895,9324.75142864732
baseline_log96,20,4.0,split-017,0.435,0.4842105263157895,9406.55634440748
baseline_log96,20,4.0,split-018,0.43699999999999994,0.4842105263157895,9332.847592511938
baseline_log96,20,4.0,split-019,0.44950000000000007,0.4842105263157895,9391.564565912799
baseline_log96,20,4.0,split-020,0.46199999999999997,0.4842105263157895,9270.92875924963
baseline_log96,20,4.0,split-021,0.424,0.4842105263157895,9436.374399668239
baseline_log96,20,4.0,split-022,0.489,0.4868421052631579,9320.823097393226
baseline_log96,20,4.0,split-023,0.45649999999999996,0.4842105263157895,9283.010938623447
baseline_log96,20,4.0,split-024,0.4815,0.4842105263157895,9222.887361568071
baseline_log96,20,4.0,split-025,0.4265,0.4842105263157895,9446.476336215585
baseline_log96,20,4.0,split-026,0.4925,0.4842105263157895,9206.359635052426
baseline_log96,20,4.0,split-027,0.46399999999999997,0.4842105263157895,9257.900775712355
baseline_log96,20,4.0,split-028,0.4455,0.4842105263157895,9313.278651171742
baseline_log96,20,4.0,split-029,0.4375,0.4842105263157895,9314.524930608874
baseline_log96,20,4.0,split-030,0.457,0.4842105263157895,9290.06072389432
baseline_log96,20,4.0,split-031,0.47900000000000004,0.4842105263157895,9245.560827987147
baseline_log96,20,4.0,split-032,0.4165,0.4842105263157895,9446.094950330411
baseline_log96,20,4.0,split-033,0.4655,0.4842105263157895,9380.683998276636
baseline_log96,20,4.0,split-034,0.44,0.4842105263157895,9317.151251212335
baseline_log96,20,4.0,split-035,0.4325,0.4842105263157895,9330.904795199
baseline_log96,20,4.0,split-036,0.47400000000000003,0.4842105263157895,9235.598852854839
baseline_log96,20,4.0,split-037,0.492,0.4842105263157895,9318.432857822558
baseline_log96,20,4.0,split-038,0.4425,0.4842105263157895,9303.343570357485
baseline_log96,20,4.0,split-039,0.46649999999999997,0.4842105263157895,9281.292735748939
baseline_log96,20,4.0,split-040,0.496,0.4842105263157895,9220.91008654626
baseline_log96,20,4.0,split-041,0.44699999999999995,0.4842105263157895,9317.368698923307
baseline_log96,20,4.0,split-042,0.45299999999999996,0.4842105263157895,9307.36958968654
baseline_log96,20,4.0,split-043,0.434,0.4842105263157895,9295.796186449526
baseline_log96,20,4.0,split-044,0.4205,0.4842105263157895,9438.311964186138
baseline_log96,20,4.0,split-045,0.45299999999999996,0.4842105263157895,9285.028127513444
baseline_log96,20,4.0,split-046,0.508,0.4868421052631579,9183.179772471633
baseline_log96,20,4.0,split-047,0.4885,0.4868421052631579,9233.481339052138
baseline_log96,20,4.0,split-048,0.5175000000000001,0.4842105263157895,9181.965053664866
baseline_log96,20,4.0,split-049,0.4625,0.4842105263157895,9346.960237722316
baseline_log96,20,4.0,split-050,0.4505,0.4842105263157895,9392.208331654398
baseline_log96,20,4.0,split-051,0.422,0.4842105263157895,9447.344312549198
baseline_log96,20,4.0,split-052,0.4,0.4842105263157895,9448.439611998005
baseline_log96,20,4.0,split-053,0.45049999999999996,0.4842105263157895,9293.610843101775
baseline_log96,20,4.0,split-054,0.4105,0.4842105263157895,9361.944108905249
baseline_log96,20,4.0,split-055,0.44399999999999995,0.4842105263157895,9282.982958055218
baseline_log96,20,4.0,split-056,0.44800000000000006,0.4842105263157895,9303.633568763973
baseline_log96,20,4.0,split-057,0.442,0.4842105263157895,9303.493827504983
baseline_log96,20,4.0,split-058,0.445,0.4842105263157895,9384.54323050451
baseline_log96,20,4.0,split-059,0.5085,0.4842105263157895,9218.86902918154
baseline_log96,20,4.0,split-060,0.415,0.4842105263157895,9447.467610018412
baseline_log96,20,4.0,split-061,0.4925,0.4842105263157895,9216.596420870883
baseline_log96,20,4.0,split-062,0.44999999999999996,0.4842105263157895,9289.000465498542
baseline_log96,20,4.0,split-063,0.4855,0.4842105263157895,9225.428717468034
baseline_log96,20,4.0,split-064,0.45249999999999996,0.4842105263157895,9388.42906756634
baseline_log96,20,4.0,split-065,0.5095000000000001,0.4868421052631579,9289.684831670751
baseline_log96,20,4.0,split-066,0.4995,0.4842105263157895,9205.995777719072
baseline_log96,20,4.0,split-067,0.4725,0.4842105263157895,9367.118013975502
baseline_log96,20,4.0,split-068,0.4535,0.4842105263157895,9286.21966442433
baseline_log96,20,4.0,split-069,0.4295,0.4842105263157895,9415.832763242253
baseline_log96,20,4.0,split-070,0.45449999999999996,0.4842105263157895,9278.916879404649
baseline_log96,20,4.0,split-071,0.49300000000000005,0.4868421052631579,9320.92986471047
baseline_log96,20,4.0,split-072,0.4325,0.4842105263157895,9402.69551648671
baseline_log96,20,4.0,split-073,0.4405,0.4842105263157895,9324.186228763534
baseline_log96,20,4.0,split-074,0.46799999999999997,0.4842105263157895,9241.640711407526
baseline_log96,20,4.0,split-075,0.439,0.4842105263157895,9303.59301309254
baseline_log96,20,4.0,split-076,0.46749999999999997,0.4842105263157895,9370.487448121032
baseline_log96,20,4.0,split-077,0.4605,0.4842105263157895,9279.707595355114
baseline_log96,20,4.0,split-078,0.4685,0.4842105263157895,9243.694854960026
baseline_log96,20,4.0,split-079,0.4545,0.4842105263157895,9290.26082714727
baseline_log96,20,4.0,split-080,0.4475,0.4842105263157895,9279.454864313167
baseline_log96,20,4.0,split-081,0.46199999999999997,0.4842105263157895,9260.475230359261
baseline_log96,20,4.0,split-082,0.40850000000000003,0.4842105263157895,9361.013423774497
baseline_log96,20,4.0,split-083,0.429,0.4842105263157895,9434.459606404806
baseline_log96,20,4.0,split-084,0.41200000000000003,0.4842105263157895,9440.526303247763
baseline_log96,20,4.0,split-085,0.46,0.4842105263157895,9395.072007504463
baseline_log96,20,4.0,split-086,0.5209999999999999,0.4868421052631579,9177.852895190588
baseline_log96,20,4.0,split-087,0.454,0.4842105263157895,9312.89982758709
baseline_log96,20,4.0,split-088,0.49400000000000005,0.4842105263157895,9230.550695435242
baseline_log96,20,4.0,split-089,0.47600000000000003,0.4842105263157895,9337.56073731796
baseline_log96,20,4.0,split-090,0.4365,0.4842105263157895,9415.232783960513
baseline_log96,20,4.0,split-091,0.46900000000000003,0.4868421052631579,9255.886975302426
baseline_log96,20,4.0,split-092,0.4615,0.4842105263157895,9257.90463993352
baseline_log96,20,4.0,split-093,0.472,0.4842105263157895,9337.242489197697
baseline_log96,20,4.0,split-094,0.46099999999999997,0.4842105263157895,9247.688184636565
baseline_log96,20,4.0,split-095,0.455,0.4842105263157895,9271.742684765126
baseline_log96,20,4.0,split-096,0.42400000000000004,0.4842105263157895,9435.767061275863
baseline_log96,20,4.0,split-097,0.49350000000000005,0.4842105263157895,9300.685324893464
baseline_log96,20,4.0,split-098,0.46599999999999997,0.4842105263157895,9341.716125205534
baseline_log96,20,4.0,split-099,0.45599999999999996,0.4842105263157895,9377.344999709363
nonempty_log96,10,0.25,split-000,0.8216,0.5873684210526315,94.42340225033226
nonempty_log96,10,0.25,split-001,0.8627999999999999,0.608421052631579,90.99884543313371
nonempty_log96,10,0.25,split-002,0.8927999999999999,0.6863157894736842,89.5728558700323
nonempty_log96,10,0.25,split-003,0.8988,0.6905263157894737,92.70654926436285
nonempty_log96,10,0.25,split-004,0.9036000000000001,0.7094736842105263,87.83431464133054
nonempty_log96,10,0.25,split-005,0.8452,0.6252631578947369,89.23696317107934
nonempty_log96,10,0.25,split-006,0.8867999999999999,0.6926315789473685,90.17089916039656
nonempty_log96,10,0.25,split-007,0.7952,0.5494736842105263,93.97183407189446
nonempty_log96,10,0.25,split-008,0.8964,0.7094736842105263,91.41182745557813
nonempty_log96,10,0.25,split-009,0.878,0.6610526315789473,91.024921758666
nonempty_log96,10,0.25,split-010,0.8264,0.6126315789473684,91.79664290592333
nonempty_log96,10,0.25,split-011,0.8964,0.6863157894736842,89.42633398223774
nonempty_log96,10,0.25,split-012,0.8748,0.6736842105263158,94.46451343133569
nonempty_log96,10,0.25,split-013,0.898,0.7115789473684211,89.00757212274137
nonempty_log96,10,0.25,split-014,0.86,0.6505263157894737,89.60787442887435
nonempty_log96,10,0.25,split-015,0.9179999999999999,0.7810526315789474,100.28261038419436
nonempty_log96,10,0.25,split-016,0.8752000000000001,0.6168421052631579,88.43960808730114
nonempty_log96,10,0.25,split-017,0.892,0.6842105263157895,88.38997922808224
nonempty_log96,10,0.25,split-018,0.874,0.68,91.13610944340977
nonempty_log96,10,0.25,split-019,0.898,0.7494736842105263,102.32965976899044
nonempty_log96,10,0.25,split-020,0.8867999999999999,0.6821052631578948,91.54356465839052
nonempty_log96,10,0.25,split-021,0.8360000000000001,0.5747368421052632,91.51805689186786
nonempty_log96,10,0.25,split-022,0.8832000000000001,0.6547368421052632,91.08165610773902
nonempty_log96,10,0.25,split-023,0.8976,0.7473684210526316,88.77619763759893
nonempty_log96,10,0.25,split-024,0.856,0.6294736842105263,91.15126305847436
nonempty_log96,10,0.25,split-025,0.878,0.6736842105263158,95.0049906192808
nonempty_log96,10,0.25,split-026,0.8484,0.6357894736842105,89.72304008940512
nonempty_log96,10,0.25,split-027,0.8844,0.6631578947368422,90.7969581828941
nonempty_log96,10,0.25,split-028,0.8807999999999999,0.6631578947368422,88.44736438145824
nonempty_log96,10,0.25,split-029,0.856,0.6505263157894737,89.71972898786335
nonempty_log96,10,0.25,split-030,0.8792,0.6610526315789473,90.38909006134543
nonempty_log96,10,0.25,split-031,0.8652,0.6673684210526316,89.73779863107379
nonempty_log96,10,0.25,split-032,0.8876,0.6547368421052632,90.06738738271581
nonempty_log96,10,0.25,split-033,0.9192,0.8294736842105263,101.34191305396116
nonempty_log96,10,0.25,split-034,0.8807999999999999,0.6336842105263158,88.45873780895475
nonempty_log96,10,0.25,split-035,0.9004,0.6989473684210527,89.10396546771663
nonempty_log96,10,0.25,split-036,0.8664,0.6694736842105262,88.0736636578287
nonempty_log96,10,0.25,split-037,0.8552,0.631578947368421,91.44684286040476
nonempty_log96,10,0.25,split-038,0.8648,0.6694736842105263,88.86003448694582
nonempty_log96,10,0.25,split-039,0.8664000000000001,0.6968421052631579,91.81665878353537
nonempty_log96,10,0.25,split-040,0.9007999999999999,0.6631578947368422,88.76347892557692
nonempty_log96,10,0.25,split-041,0.8448,0.6105263157894737,90.17316687672009
nonempty_log96,10,0.25,split-042,0.9103999999999999,0.7263157894736842,91.10468781428328
nonempty_log96,10,0.25,split-043,0.8019999999999999,0.5705263157894737,88.59612858235664
nonempty_log96,10,0.25,split-044,0.8952,0.7915789473684209,99.80660568659253
nonempty_log96,10,0.25,split-045,0.8552,0.6147368421052631,90.75476058289028
nonempty_log96,10,0.25,split-046,0.9096,0.7326315789473684,89.67547104576774
nonempty_log96,10,0.25,split-047,0.8867999999999999,0.6842105263157895,90.15166674248232
nonempty_log96,10,0.25,split-048,0.9028,0.7094736842105263,84.7290422129449
nonempty_log96,10,0.25,split-049,0.8308,0.6863157894736842,104.4400847721845
nonempty_log96,10,0.25,split-050,0.886,0.6884210526315789,89.90717413725629
nonempty_log96,10,0.25,split-051,0.9380000000000001,0.848421052631579,103.90996837592849
nonempty_log96,10,0.25,split-052,0.8524,0.6442105263157895,91.48565347979854
nonempty_log96,10,0.25,split-053,0.8804,0.6905263157894737,89.11984678495277
nonempty_log96,10,0.25,split-054,0.8747999999999999,0.6694736842105263,89.94188499694201
nonempty_log96,10,0.25,split-055,0.8444,0.671578947368421,89.80277770008959
nonempty_log96,10,0.25,split-056,0.8644,0.6252631578947369,90.8737086205144
nonempty_log96,10,0.25,split-057,0.8724,0.6778947368421052,91.07441313268363
nonempty_log96,10,0.25,split-058,0.9111999999999999,0.7978947368421053,94.50076779514018
nonempty_log96,10,0.25,split-059,0.884,0.6778947368421052,96.38425080157675
nonempty_log96,10,0.25,split-060,0.9192,0.7726315789473683,86.1285092114935
nonempty_log96,10,0.25,split-061,0.8568,0.6926315789473684,93.528002836067
nonempty_log96,10,0.25,split-062,0.894,0.6884210526315789,85.97409518827249
nonempty_log96,10,0.25,split-063,0.8612,0.6463157894736842,88.28365562109987
nonempty_log96,10,0.25,split-064,0.9112,0.7115789473684211,89.22870903864546
nonempty_log96,10,0.25,split-065,0.848,0.5684210526315789,88.4953057231332
nonempty_log96,10,0.25,split-066,0.8996000000000001,0.6989473684210527,90.5019107284732
nonempty_log96,10,0.25,split-067,0.904,0.7326315789473684,99.08045072033175
nonempty_log96,10,0.25,split-068,0.8744,0.6968421052631579,91.92507455067988
nonempty_log96,10,0.25,split-069,0.8904,0.7494736842105263,99.96718477865961
nonempty_log96,10,0.25,split-070,0.8956,0.7052631578947368,89.93551637228623
nonempty_log96,10,0.25,split-071,0.9092,0.7473684210526316,89.08484006476901
nonempty_log96,10,0.25,split-072,0.9052,0.7410526315789474,96.8943288461221
nonempty_log96,10,0.25,split-073,0.8804,0.6336842105263158,87.44888529157897
nonempty_log96,10,0.25,split-074,0.9016,0.7347368421052631,89.11568707123483
nonempty_log96,10,0.25,split-075,0.8056000000000001,0.5663157894736842,97.82490698713578
nonempty_log96,10,0.25,split-076,0.9196,0.8210526315789474,102.66557966950762
nonempty_log96,10,0.25,split-077,0.9116,0.7389473684210526,88.58362841542508
nonempty_log96,10,0.25,split-078,0.8764,0.6736842105263158,91.04774634868886
nonempty_log96,10,0.25,split-079,0.8872,0.6821052631578948,90.37362444049626
nonempty_log96,10,0.25,split-080,0.8372,0.5978947368421053,90.05253418245627
nonempty_log96,10,0.25,split-081,0.8368,0.6505263157894737,91.56176811480559
nonempty_log96,10,0.25,split-082,0.8535999999999999,0.64,89.71411273044444
nonempty_log96,10,0.25,split-083,0.9091999999999999,0.7578947368421053,104.60665395596544
nonempty_log96,10,0.25,split-084,0.8535999999999999,0.6442105263157895,87.0624844002079
nonempty_log96,10,0.25,split-085,0.8592,0.6652631578947368,92.37662681491956
nonempty_log96,10,0.25,split-086,0.9216000000000001,0.7515789473684211,86.6892517912904
nonempty_log96,10,0.25,split-087,0.8956,0.7073684210526316,89.15774005736475
nonempty_log96,10,0.25,split-088,0.8795999999999999,0.6821052631578948,87.57334313999306
nonempty_log96,10,0.25,split-089,0.888,0.6610526315789473,90.02055750991532
nonempty_log96,10,0.25,split-090,0.916,0.8084210526315789,100.50437978924481
nonempty_log96,10,0.25,split-091,0.9067999999999999,0.7178947368421053,95.14016076855657
nonempty_log96,10,0.25,split-092,0.8715999999999999,0.64,88.96336291869243
nonempty_log96,10,0.25,split-093,0.8284,0.631578947368421,101.48297886008713
nonempty_log96,10,0.25,split-094,0.8904,0.6799999999999999,90.16472785759308
nonempty_log96,10,0.25,split-095,0.8580000000000001,0.6189473684210527,87.84293410378878
nonempty_log96,10,0.25,split-096,0.8396000000000001,0.6378947368421053,88.93297004518115
nonempty_log96,10,0.25,split-097,0.8715999999999999,0.6505263157894737,88.94557297309827
nonempty_log96,10,0.25,split-098,0.902,0.7726315789473683,91.07305373912718
nonempty_log96,10,0.25,split-099,0.882,0.6673684210526316,88.24061330782496
nonempty_log96,20,0.25,split-000,0.869,0.6473684210526316,81.086978713179
nonempty_log96,20,0.25,split-001,0.878,0.6710526315789473,85.7811792214558
nonempty_log96,20,0.25,split-002,0.893,0.6473684210526316,86.50677457668307
nonempty_log96,20,0.25,split-003,0.9129999999999999,0.7368421052631579,87.47861361027957
nonempty_log96,20,0.25,split-004,0.9024999999999999,0.6868421052631579,86.13684835223314
nonempty_log96,20,0.25,split-005,0.9045000000000001,0.7394736842105263,86.74794576095283
nonempty_log96,20,0.25,split-006,0.8644999999999999,0.618421052631579,87.84359555685022
nonempty_log96,20,0.25,split-007,0.863,0.6105263157894737,86.69192328621895
nonempty_log96,20,0.25,split-008,0.8740000000000001,0.6526315789473685,86.92665856598009
nonempty_log96,20,0.25,split-009,0.8845000000000001,0.6973684210526316,88.2286670999136
nonempty_log96,20,0.25,split-010,0.8095,0.5842105263157895,86.72480559708761
nonempty_log96,20,0.25,split-011,0.876,0.6342105263157894,86.68695384937779
nonempty_log96,20,0.25,split-012,0.8719999999999999,0.6921052631578947,83.74435820920318
nonempty_log96,20,0.25,split-013,0.8555,0.6026315789473684,87.92536622971355
nonempty_log96,20,0.25,split-014,0.853,0.6131578947368421,84.53377133856789
nonempty_log96,20,0.25,split-015,0.9214999999999999,0.7842105263157895,87.92518443883446
nonempty_log96,20,0.25,split-016,0.861,0.6026315789473684,86.56174957210457
nonempty_log96,20,0.25,split-017,0.872,0.6605263157894736,90.1771840166691
nonempty_log96,20,0.25,split-018,0.8654999999999999,0.6368421052631579,88.74802176143338
nonempty_log96,20,0.25,split-019,0.893,0.7289473684210527,92.02167094522603
nonempty_log96,20,0.25,split-020,0.883,0.6631578947368422,83.3548144585641
nonempty_log96,20,0.25,split-021,0.8595,0.6421052631578947,92.29853099811996
nonempty_log96,20,0.25,split-022,0.904,0.7736842105263158,89.54136391364409
nonempty_log96,20,0.25,split-023,0.8955,0.6921052631578948,84.10077235910698
nonempty_log96,20,0.25,split-024,0.894,0.6605263157894736,84.4861686930556
nonempty_log96,20,0.25,split-025,0.919,0.8157894736842105,92.76061377200993
nonempty_log96,20,0.25,split-026,0.862,0.6631578947368421,87.6279557817159
nonempty_log96,20,0.25,split-027,0.858,0.5789473684210527,85.73700350643816
nonempty_log96,20,0.25,split-028,0.8605,0.6026315789473684,84.4002358002781
nonempty_log96,20,0.25,split-029,0.8564999999999999,0.5973684210526315,86.10226999760658
nonempty_log96,20,0.25,split-030,0.8465,0.618421052631579,85.5253215552654
nonempty_log96,20,0.25,split-031,0.8925000000000001,0.6842105263157895,84.49285436712951
nonempty_log96,20,0.25,split-032,0.8929999999999999,0.7000000000000001,86.09044793568322
nonempty_log96,20,0.25,split-033,0.891,0.7263157894736842,88.18802711505529
nonempty_log96,20,0.25,split-034,0.9105000000000001,0.6789473684210526,84.72356057216389
nonempty_log96,20,0.25,split-035,0.9049999999999999,0.7026315789473685,85.48032364922307
nonempty_log96,20,0.25,split-036,0.846,0.6736842105263158,86.9681614472393
nonempty_log96,20,0.25,split-037,0.9125,0.7657894736842106,88.69077215173687
nonempty_log96,20,0.25,split-038,0.8424999999999999,0.6342105263157894,88.79232816220716
nonempty_log96,20,0.25,split-039,0.8819999999999999,0.7052631578947368,86.405252697914
nonempty_log96,20,0.25,split-040,0.9055,0.6473684210526316,85.53859767075974
nonempty_log96,20,0.25,split-041,0.8865000000000001,0.6131578947368421,83.10140264951535
nonempty_log96,20,0.25,split-042,0.8905,0.6657894736842105,85.17355472635535
nonempty_log96,20,0.25,split-043,0.8065,0.5552631578947369,87.5940738399767
nonempty_log96,20,0.25,split-044,0.8815,0.7078947368421054,90.6456802458471
nonempty_log96,20,0.25,split-045,0.8434999999999999,0.5947368421052631,85.01015063215887
nonempty_log96,20,0.25,split-046,0.9075,0.7078947368421054,83.71273821612851
nonempty_log96,20,0.25,split-047,0.9099999999999999,0.7526315789473684,83.55233470153136
nonempty_log96,20,0.25,split-048,0.8965000000000001,0.6894736842105263,83.58588365254232
nonempty_log96,20,0.25,split-049,0.8879999999999999,0.6763157894736842,91.10737568308275
nonempty_log96,20,0.25,split-050,0.9105,0.7921052631578946,88.94263187187889
nonempty_log96,20,0.25,split-051,0.9235,0.8105263157894737,88.73172357364781
nonempty_log96,20,0.25,split-052,0.82,0.6263157894736843,89.47665099419049
nonempty_log96,20,0.25,split-053,0.8975,0.6973684210526316,85.93445457166057
nonempty_log96,20,0.25,split-054,0.9015000000000001,0.6868421052631579,85.34359198561833
nonempty_log96,20,0.25,split-055,0.861,0.631578947368421,86.89474419656821
nonempty_log96,20,0.25,split-056,0.8574999999999999,0.6157894736842106,84.48373377219514
nonempty_log96,20,0.25,split-057,0.907,0.6973684210526316,82.37103824847094
nonempty_log96,20,0.25,split-058,0.9059999999999999,0.763157894736842,86.8175495216313
nonempty_log96,20,0.25,split-059,0.8925,0.6921052631578948,91.6342351072486
nonempty_log96,20,0.25,split-060,0.8915,0.7236842105263158,89.3763387092753
nonempty_log96,20,0.25,split-061,0.8415,0.6342105263157894,88.16979156403744
nonempty_log96,20,0.25,split-062,0.86,0.6,89.01554509319041
nonempty_log96,20,0.25,split-063,0.8555,0.6131578947368421,87.35732125310912
nonempty_log96,20,0.25,split-064,0.9319999999999999,0.7842105263157895,87.07159174166596
nonempty_log96,20,0.25,split-065,0.916,0.7578947368421053,87.03646429747234
nonempty_log96,20,0.25,split-066,0.8835000000000001,0.65,86.20604754425362
nonempty_log96,20,0.25,split-067,0.9339999999999999,0.8078947368421052,89.54225270060405
nonempty_log96,20,0.25,split-068,0.862,0.6710526315789473,87.09052830829226
nonempty_log96,20,0.25,split-069,0.861,0.6736842105263158,87.02869731533968
nonempty_log96,20,0.25,split-070,0.8885,0.7,86.29510901251855
nonempty_log96,20,0.25,split-071,0.9085,0.7842105263157895,90.32053674058956
nonempty_log96,20,0.25,split-072,0.8969999999999999,0.7421052631578947,89.26182711431494
nonempty_log96,20,0.25,split-073,0.873,0.6157894736842106,84.54429915896284
nonempty_log96,20,0.25,split-074,0.8919999999999999,0.6789473684210526,86.61434322845776
nonempty_log96,20,0.25,split-075,0.855,0.6131578947368421,86.5097235210678
nonempty_log96,20,0.25,split-076,0.929,0.8210526315789474,88.57593541474239
nonempty_log96,20,0.25,split-077,0.873,0.6736842105263158,87.36796019848198
nonempty_log96,20,0.25,split-078,0.8434999999999999,0.6105263157894737,86.23666083953027
nonempty_log96,20,0.25,split-079,0.868,0.6447368421052632,84.89361849969892
nonempty_log96,20,0.25,split-080,0.8515,0.6157894736842106,86.7388086181026
nonempty_log96,20,0.25,split-081,0.8215,0.6026315789473684,87.78716580012937
nonempty_log96,20,0.25,split-082,0.843,0.5973684210526315,85.86399882450037
nonempty_log96,20,0.25,split-083,0.8995000000000001,0.7342105263157894,89.21960330243554
nonempty_log96,20,0.25,split-084,0.89,0.763157894736842,90.1972742601483
nonempty_log96,20,0.25,split-085,0.8925,0.718421052631579,88.35001976486558
nonempty_log96,20,0.25,split-086,0.9095000000000001,0.7342105263157894,86.86807171658637
nonempty_log96,20,0.25,split-087,0.874,0.6736842105263158,88.05547444699282
nonempty_log96,20,0.25,split-088,0.887,0.6447368421052632,83.34673258227706
nonempty_log96,20,0.25,split-089,0.9249999999999999,0.8105263157894737,88.37589460205103
nonempty_log96,20,0.25,split-090,0.902,0.75,87.50751884787545
nonempty_log96,20,0.25,split-091,0.8919999999999999,0.7289473684210526,90.15097133609173
nonempty_log96,20,0.25,split-092,0.8525,0.6236842105263158,87.35685594709778
nonempty_log96,20,0.25,split-093,0.9075,0.7526315789473684,89.15263399729855
nonempty_log96,20,0.25,split-094,0.878,0.6789473684210526,88.65117520009244
nonempty_log96,20,0.25,split-095,0.8959999999999999,0.6421052631578947,86.0002747274997
nonempty_log96,20,0.25,split-096,0.902,0.7263157894736842,87.16833808468746
nonempty_log96,20,0.25,split-097,0.9035,0.7447368421052631,88.65522522555689
nonempty_log96,20,0.25,split-098,0.9075,0.8,88.96775160499446
nonempty_log96,20,0.25,split-099,0.916,0.7815789473684212,89.59528424882245
nonempty_log96,10,0.5,split-000,0.8216,0.5873684210526315,94.42340224876843
nonempty_log96,10,0.5,split-001,0.8627999999999999,0.608421052631579,90.99884543572959
nonempty_log96,10,0.5,split-002,0.8927999999999999,0.6863157894736842,89.57285587101036
nonempty_log96,10,0.5,split-003,0.8988,0.6905263157894737,92.70654926374732
nonempty_log96,10,0.5,split-004,0.9036000000000001,0.7094736842105263,87.8343146421222
nonempty_log96,10,0.5,split-005,0.8452,0.6252631578947369,89.23696317301717
nonempty_log96,10,0.5,split-006,0.8867999999999999,0.6926315789473685,90.17089916234943
nonempty_log96,10,0.5,split-007,0.7952,0.5494736842105263,93.97183407152019
nonempty_log96,10,0.5,split-008,0.8964,0.7094736842105263,91.4118274552549
nonempty_log96,10,0.5,split-009,0.878,0.6610526315789473,91.02492175861545
nonempty_log96,10,0.5,split-010,0.8264,0.6126315789473684,91.79664290511847
nonempty_log96,10,0.5,split-011,0.8964,0.6863157894736842,89.4263339807018
nonempty_log96,10,0.5,split-012,0.8748,0.6736842105263158,94.46451342980556
nonempty_log96,10,0.5,split-013,0.898,0.7115789473684211,89.00757212187717
nonempty_log96,10,0.5,split-014,0.86,0.6505263157894737,89.60787443024869
nonempty_log96,10,0.5,split-015,0.9179999999999999,0.7810526315789474,100.28261038653747
nonempty_log96,10,0.5,split-016,0.8752000000000001,0.6168421052631579,88.43960808762016
nonempty_log96,10,0.5,split-017,0.892,0.6842105263157895,88.38997922778465
nonempty_log96,10,0.5,split-018,0.874,0.68,91.13610944367487
nonempty_log96,10,0.5,split-019,0.898,0.7494736842105263,102.32965977074507
nonempty_log96,10,0.5,split-020,0.8867999999999999,0.6821052631578948,91.54356465875074
nonempty_log96,10,0.5,split-021,0.8360000000000001,0.5747368421052632,91.51805689316309
nonempty_log96,10,0.5,split-022,0.8832000000000001,0.6547368421052632,91.08165611029575
nonempty_log96,10,0.5,split-023,0.8976,0.7473684210526316,88.77619763814697
nonempty_log96,10,0.5,split-024,0.856,0.6294736842105263,91.1512630589489
nonempty_log96,10,0.5,split-025,0.878,0.6736842105263158,95.00499062062732
nonempty_log96,10,0.5,split-026,0.8484,0.6357894736842105,89.72304008934393
nonempty_log96,10,0.5,split-027,0.8844,0.6631578947368422,90.79695818443209
nonempty_log96,10,0.5,split-028,0.8807999999999999,0.6631578947368422,88.44736438056297
nonempty_log96,10,0.5,split-029,0.856,0.6505263157894737,89.71972898719831
nonempty_log96,10,0.5,split-030,0.8792,0.6610526315789473,90.3890900639982
nonempty_log96,10,0.5,split-031,0.8652,0.6673684210526316,89.73779862975135
nonempty_log96,10,0.5,split-032,0.8876,0.6547368421052632,90.06738738331521
nonempty_log96,10,0.5,split-033,0.9192,0.8294736842105263,101.34191305416192
nonempty_log96,10,0.5,split-034,0.8807999999999999,0.6336842105263158,88.45873780803736
nonempty_log96,10,0.5,split-035,0.9004,0.6989473684210527,89.10396546753672
nonempty_log96,10,0.5,split-036,0.8664,0.6694736842105262,88.07366365870007
nonempty_log96,10,0.5,split-037,0.8552,0.631578947368421,91.44684286080134
nonempty_log96,10,0.5,split-038,0.8648,0.6694736842105263,88.86003448811037
nonempty_log96,10,0.5,split-039,0.8664000000000001,0.6968421052631579,91.81665878567692
nonempty_log96,10,0.5,split-040,0.9007999999999999,0.6631578947368422,88.76347892469187
nonempty_log96,10,0.5,split-041,0.8448,0.6105263157894737,90.17316687764912
nonempty_log96,10,0.5,split-042,0.9103999999999999,0.7263157894736842,91.10468781574046
nonempty_log96,10,0.5,split-043,0.8019999999999999,0.5705263157894737,88.59612858366356
nonempty_log96,10,0.5,split-044,0.8952,0.7915789473684209,99.80660568834324
nonempty_log96,10,0.5,split-045,0.8552,0.6147368421052631,90.75476058398269
nonempty_log96,10,0.5,split-046,0.9096,0.7326315789473684,89.67547104560128
nonempty_log96,10,0.5,split-047,0.8867999999999999,0.6842105263157895,90.15166674454466
nonempty_log96,10,0.5,split-048,0.9028,0.7094736842105263,84.72904221440875
nonempty_log96,10,0.5,split-049,0.8308,0.6863157894736842,104.44008477212765
nonempty_log96,10,0.5,split-050,0.886,0.6884210526315789,89.90717413728926
nonempty_log96,10,0.5,split-051,0.9380000000000001,0.848421052631579,103.90996837839045
nonempty_log96,10,0.5,split-052,0.8524,0.6442105263157895,91.48565348057238
nonempty_log96,10,0.5,split-053,0.8804,0.6905263157894737,89.11984678473775
nonempty_log96,10,0.5,split-054,0.8747999999999999,0.6694736842105263,89.94188499640265
nonempty_log96,10,0.5,split-055,0.8444,0.671578947368421,89.80277770115404
nonempty_log96,10,0.5,split-056,0.8644,0.6252631578947369,90.87370862249374
nonempty_log96,10,0.5,split-057,0.8724,0.6778947368421052,91.07441313241947
nonempty_log96,10,0.5,split-058,0.9111999999999999,0.7978947368421053,94.50076779442948
nonempty_log96,10,0.5,split-059,0.884,0.6778947368421052,96.38425080171865
nonempty_log96,10,0.5,split-060,0.9192,0.7726315789473683,86.12850921204436
nonempty_log96,10,0.5,split-061,0.8568,0.6926315789473684,93.52800283674708
nonempty_log96,10,0.5,split-062,0.894,0.6884210526315789,85.9740951875139
nonempty_log96,10,0.5,split-063,0.8612,0.6463157894736842,88.28365562076996
nonempty_log96,10,0.5,split-064,0.9112,0.7115789473684211,89.22870903900784
nonempty_log96,10,0.5,split-065,0.848,0.5684210526315789,88.49530572301853
nonempty_log96,10,0.5,split-066,0.8996000000000001,0.6989473684210527,90.50191072750401
nonempty_log96,10,0.5,split-067,0.904,0.7326315789473684,99.08045072214156
nonempty_log96,10,0.5,split-068,0.8744,0.6968421052631579,91.92507455039157
nonempty_log96,10,0.5,split-069,0.8904,0.7494736842105263,99.96718477953189
nonempty_log96,10,0.5,split-070,0.8956,0.7052631578947368,89.93551637349321
nonempty_log96,10,0.5,split-071,0.9092,0.7473684210526316,89.08484006482662
nonempty_log96,10,0.5,split-072,0.9052,0.7410526315789474,96.89432884724096
nonempty_log96,10,0.5,split-073,0.8804,0.6336842105263158,87.4488852922424
nonempty_log96,10,0.5,split-074,0.9016,0.7347368421052631,89.11568707225263
nonempty_log96,10,0.5,split-075,0.8056000000000001,0.5663157894736842,97.82490698841508
nonempty_log96,10,0.5,split-076,0.9196,0.8210526315789474,102.66557967061446
nonempty_log96,10,0.5,split-077,0.9116,0.7389473684210526,88.58362841426371
nonempty_log96,10,0.5,split-078,0.8764,0.6736842105263158,91.04774634754945
nonempty_log96,10,0.5,split-079,0.8872,0.6821052631578948,90.3736244398641
nonempty_log96,10,0.5,split-080,0.8372,0.5978947368421053,90.05253418202837
nonempty_log96,10,0.5,split-081,0.8368,0.6505263157894737,91.56176811413611
nonempty_log96,10,0.5,split-082,0.8535999999999999,0.64,89.71411272981581
nonempty_log96,10,0.5,split-083,0.9091999999999999,0.7578947368421053,104.60665395743679
nonempty_log96,10,0.5,split-084,0.8535999999999999,0.6442105263157895,87.06248439980943
nonempty_log96,10,0.5,split-085,0.8592,0.6652631578947368,92.37662681700496
nonempty_log96,10,0.5,split-086,0.9216000000000001,0.7515789473684211,86.68925179318985
nonempty_log96,10,0.5,split-087,0.8956,0.7073684210526316,89.15774005620293
nonempty_log96,10,0.5,split-088,0.8795999999999999,0.6821052631578948,87.57334313931091
nonempty_log96,10,0.5,split-089,0.888,0.6610526315789473,90.02055751105169
nonempty_log96,10,0.5,split-090,0.916,0.8084210526315789,100.50437979017985
nonempty_log96,10,0.5,split-091,0.9067999999999999,0.7178947368421053,95.14016077090612
nonempty_log96,10,0.5,split-092,0.8715999999999999,0.64,88.96336291882926
nonempty_log96,10,0.5,split-093,0.8284,0.631578947368421,101.48297886245474
nonempty_log96,10,0.5,split-094,0.8904,0.6799999999999999,90.16472785607688
nonempty_log96,10,0.5,split-095,0.8580000000000001,0.6189473684210527,87.84293410596227
nonempty_log96,10,0.5,split-096,0.8396000000000001,0.6378947368421053,88.93297004540118
nonempty_log96,10,0.5,split-097,0.8715999999999999,0.6505263157894737,88.9455729731176
nonempty_log96,10,0.5,split-098,0.902,0.7726315789473683,91.0730537395357
nonempty_log96,10,0.5,split-099,0.882,0.6673684210526316,88.2406133085828
nonempty_log96,20,0.5,split-000,0.869,0.6473684210526316,81.08697871193304
nonempty_log96,20,0.5,split-001,0.878,0.6710526315789473,85.78117922255655
nonempty_log96,20,0.5,split-002,0.893,0.6473684210526316,86.5067745776517
nonempty_log96,20,0.5,split-003,0.9129999999999999,0.7368421052631579,87.47861361058445
nonempty_log96,20,0.5,split-004,0.9024999999999999,0.6868421052631579,86.13684835252641
nonempty_log96,20,0.5,split-005,0.9045000000000001,0.7394736842105263,86.74794576171995
nonempty_log96,20,0.5,split-006,0.8644999999999999,0.618421052631579,87.8435955564845
nonempty_log96,20,0.5,split-007,0.863,0.6105263157894737,86.6919232873052
nonempty_log96,20,0.5,split-008,0.8740000000000001,0.6526315789473685,86.9266585661174
nonempty_log96,20,0.5,split-009,0.8845000000000001,0.6973684210526316,88.22866709925925
nonempty_log96,20,0.5,split-010,0.8095,0.5842105263157895,86.72480559625885
nonempty_log96,20,0.5,split-011,0.876,0.6342105263157894,86.6869538496438
nonempty_log96,20,0.5,split-012,0.8719999999999999,0.6921052631578947,83.74435821100415
nonempty_log96,20,0.5,split-013,0.8555,0.6026315789473684,87.92536622817914
nonempty_log96,20,0.5,split-014,0.853,0.6131578947368421,84.53377134012317
nonempty_log96,20,0.5,split-015,0.9214999999999999,0.7842105263157895,87.92518443957877
nonempty_log96,20,0.5,split-016,0.861,0.6026315789473684,86.56174957189252
nonempty_log96,20,0.5,split-017,0.872,0.6605263157894736,90.17718401555143
nonempty_log96,20,0.5,split-018,0.8654999999999999,0.6368421052631579,88.74802176327668
nonempty_log96,20,0.5,split-019,0.893,0.7289473684210527,92.02167094505131
nonempty_log96,20,0.5,split-020,0.883,0.6631578947368422,83.35481445747503
nonempty_log96,20,0.5,split-021,0.8595,0.6421052631578947,92.29853099917857
nonempty_log96,20,0.5,split-022,0.904,0.7736842105263158,89.54136391498474
nonempty_log96,20,0.5,split-023,0.8955,0.6921052631578948,84.1007723591404
nonempty_log96,20,0.5,split-024,0.894,0.6605263157894736,84.48616869328318
nonempty_log96,20,0.5,split-025,0.919,0.8157894736842105,92.76061377292399
nonempty_log96,20,0.5,split-026,0.862,0.6631578947368421,87.62795578272784
nonempty_log96,20,0.5,split-027,0.858,0.5789473684210527,85.73700350673542
nonempty_log96,20,0.5,split-028,0.8605,0.6026315789473684,84.40023579999975
nonempty_log96,20,0.5,split-029,0.8564999999999999,0.5973684210526315,86.1022699984279
nonempty_log96,20,0.5,split-030,0.8465,0.618421052631579,85.52532155434608
nonempty_log96,20,0.5,split-031,0.8925000000000001,0.6842105263157895,84.49285436618574
nonempty_log96,20,0.5,split-032,0.8929999999999999,0.7000000000000001,86.09044793616546
nonempty_log96,20,0.5,split-033,0.891,0.7263157894736842,88.18802711576416
nonempty_log96,20,0.5,split-034,0.9105000000000001,0.6789473684210526,84.72356057269488
nonempty_log96,20,0.5,split-035,0.9049999999999999,0.7026315789473685,85.48032365181427
nonempty_log96,20,0.5,split-036,0.846,0.6736842105263158,86.96816144713381
nonempty_log96,20,0.5,split-037,0.9125,0.7657894736842106,88.69077215098274
nonempty_log96,20,0.5,split-038,0.8424999999999999,0.6342105263157894,88.79232816144493
nonempty_log96,20,0.5,split-039,0.8819999999999999,0.7052631578947368,86.40525269823488
nonempty_log96,20,0.5,split-040,0.9055,0.6473684210526316,85.53859767221239
nonempty_log96,20,0.5,split-041,0.8865000000000001,0.6131578947368421,83.10140264898646
nonempty_log96,20,0.5,split-042,0.8905,0.6657894736842105,85.17355472706998
nonempty_log96,20,0.5,split-043,0.8065,0.5552631578947369,87.59407384098645
nonempty_log96,20,0.5,split-044,0.8815,0.7078947368421054,90.64568024735034
nonempty_log96,20,0.5,split-045,0.8434999999999999,0.5947368421052631,85.01015063065815
nonempty_log96,20,0.5,split-046,0.9075,0.7078947368421054,83.71273821635216
nonempty_log96,20,0.5,split-047,0.9099999999999999,0.7526315789473684,83.55233470225053
nonempty_log96,20,0.5,split-048,0.8965000000000001,0.6894736842105263,83.5858836528133
nonempty_log96,20,0.5,split-049,0.8879999999999999,0.6763157894736842,91.10737568360615
nonempty_log96,20,0.5,split-050,0.9105,0.7921052631578946,88.94263187230328
nonempty_log96,20,0.5,split-051,0.9235,0.8105263157894737,88.73172357481978
nonempty_log96,20,0.5,split-052,0.82,0.6263157894736843,89.47665099479849
nonempty_log96,20,0.5,split-053,0.8975,0.6973684210526316,85.93445457394519
nonempty_log96,20,0.5,split-054,0.9015000000000001,0.6868421052631579,85.34359198659638
nonempty_log96,20,0.5,split-055,0.861,0.631578947368421,86.89474419538273
nonempty_log96,20,0.5,split-056,0.8574999999999999,0.6157894736842106,84.48373377336469
nonempty_log96,20,0.5,split-057,0.907,0.6973684210526316,82.37103825054031
nonempty_log96,20,0.5,split-058,0.9059999999999999,0.763157894736842,86.81754952153698
nonempty_log96,20,0.5,split-059,0.8925,0.6921052631578948,91.63423510747876
nonempty_log96,20,0.5,split-060,0.8915,0.7236842105263158,89.37633870859739
nonempty_log96,20,0.5,split-061,0.8415,0.6342105263157894,88.16979156413737
nonempty_log96,20,0.5,split-062,0.86,0.6,89.01554509222757
nonempty_log96,20,0.5,split-063,0.8555,0.6131578947368421,87.35732125416843
nonempty_log96,20,0.5,split-064,0.9319999999999999,0.7842105263157895,87.07159174151047
nonempty_log96,20,0.5,split-065,0.916,0.7578947368421053,87.03646429700015
nonempty_log96,20,0.5,split-066,0.8835000000000001,0.65,86.20604754440502
nonempty_log96,20,0.5,split-067,0.9339999999999999,0.8078947368421052,89.54225270079223
nonempty_log96,20,0.5,split-068,0.862,0.6710526315789473,87.0905283074806
nonempty_log96,20,0.5,split-069,0.861,0.6736842105263158,87.02869731582372
nonempty_log96,20,0.5,split-070,0.8885,0.7,86.29510901359309
nonempty_log96,20,0.5,split-071,0.9085,0.7842105263157895,90.32053674047974
nonempty_log96,20,0.5,split-072,0.8969999999999999,0.7421052631578947,89.26182711415633
nonempty_log96,20,0.5,split-073,0.873,0.6157894736842106,84.54429915842887
nonempty_log96,20,0.5,split-074,0.8919999999999999,0.6789473684210526,86.61434322803369
nonempty_log96,20,0.5,split-075,0.855,0.6131578947368421,86.50972352141746
nonempty_log96,20,0.5,split-076,0.929,0.8210526315789474,88.5759354163505
nonempty_log96,20,0.5,split-077,0.873,0.6736842105263158,87.36796019765879
nonempty_log96,20,0.5,split-078,0.8434999999999999,0.6105263157894737,86.23666084041076
nonempty_log96,20,0.5,split-079,0.868,0.6447368421052632,84.89361850025088
nonempty_log96,20,0.5,split-080,0.8515,0.6157894736842106,86.73880861879178
nonempty_log96,20,0.5,split-081,0.8215,0.6026315789473684,87.78716579829135
nonempty_log96,20,0.5,split-082,0.843,0.5973684210526315,85.86399882550866
nonempty_log96,20,0.5,split-083,0.8995000000000001,0.7342105263157894,89.2196033052881
nonempty_log96,20,0.5,split-084,0.89,0.763157894736842,90.19727426224388
nonempty_log96,20,0.5,split-085,0.8925,0.718421052631579,88.35001976669504
nonempty_log96,20,0.5,split-086,0.9095000000000001,0.7342105263157894,86.86807171629175
nonempty_log96,20,0.5,split-087,0.874,0.6736842105263158,88.0554744453447
nonempty_log96,20,0.5,split-088,0.887,0.6447368421052632,83.34673258244466
nonempty_log96,20,0.5,split-089,0.9249999999999999,0.8105263157894737,88.37589460398887
nonempty_log96,20,0.5,split-090,0.902,0.75,87.50751884844725
nonempty_log96,20,0.5,split-091,0.8919999999999999,0.7289473684210526,90.15097133756385
nonempty_log96,20,0.5,split-092,0.8525,0.6236842105263158,87.35685594789025
nonempty_log96,20,0.5,split-093,0.9075,0.7526315789473684,89.15263399780706
nonempty_log96,20,0.5,split-094,0.878,0.6789473684210526,88.65117519989974
nonempty_log96,20,0.5,split-095,0.8959999999999999,0.6421052631578947,86.00027472706891
nonempty_log96,20,0.5,split-096,0.902,0.7263157894736842,87.16833808551551
nonempty_log96,20,0.5,split-097,0.9035,0.7447368421052631,88.65522522573416
nonempty_log96,20,0.5,split-098,0.9075,0.8,88.967751604834
nonempty_log96,20,0.5,split-099,0.916,0.7815789473684212,89.59528425068797
nonempty_log96,10,1.0,split-000,0.8216,0.5873684210526315,94.42340224837761
nonempty_log96,10,1.0,split-001,0.8627999999999999,0.608421052631579,90.99884543637809
nonempty_log96,10,1.0,split-002,0.8927999999999999,0.6863157894736842,89.57285587125473
nonempty_log96,10,1.0,split-003,0.8988,0.6905263157894737,92.70654926359349
nonempty_log96,10,1.0,split-004,0.9036000000000001,0.7094736842105263,87.83431464232011
nonempty_log96,10,1.0,split-005,0.8452,0.6252631578947369,89.23696317350141
nonempty_log96,10,1.0,split-006,0.8867999999999999,0.6926315789473685,90.1708991628373
nonempty_log96,10,1.0,split-007,0.7952,0.5494736842105263,93.97183407142684
nonempty_log96,10,1.0,split-008,0.8964,0.7094736842105263,91.41182745517392
nonempty_log96,10,1.0,split-009,0.878,0.6610526315789473,91.02492175860264
nonempty_log96,10,1.0,split-010,0.8264,0.6126315789473684,91.79664290491698
nonempty_log96,10,1.0,split-011,0.8964,0.6863157894736842,89.42633398031796
nonempty_log96,10,1.0,split-012,0.8748,0.6736842105263158,94.46451342942291
nonempty_log96,10,1.0,split-013,0.898,0.7115789473684211,89.00757212166046
nonempty_log96,10,1.0,split-014,0.86,0.6505263157894737,89.607874430592
nonempty_log96,10,1.0,split-015,0.9179999999999999,0.7810526315789474,100.28261038712327
nonempty_log96,10,1.0,split-016,0.8752000000000001,0.6168421052631579,88.43960808770004
nonempty_log96,10,1.0,split-017,0.892,0.6842105263157895,88.38997922770989
nonempty_log96,10,1.0,split-018,0.874,0.68,91.1361094437413
nonempty_log96,10,1.0,split-019,0.898,0.7494736842105263,102.32965977118349
nonempty_log96,10,1.0,split-020,0.8867999999999999,0.6821052631578948,91.54356465884062
nonempty_log96,10,1.0,split-021,0.8360000000000001,0.5747368421052632,91.51805689348676
nonempty_log96,10,1.0,split-022,0.8832000000000001,0.6547368421052632,91.08165611093513
nonempty_log96,10,1.0,split-023,0.8976,0.7473684210526316,88.77619763828378
nonempty_log96,10,1.0,split-024,0.856,0.6294736842105263,91.15126305906786
nonempty_log96,10,1.0,split-025,0.878,0.6736842105263158,95.00499062096381
nonempty_log96,10,1.0,split-026,0.8484,0.6357894736842105,89.72304008932888
nonempty_log96,10,1.0,split-027,0.8844,0.6631578947368422,90.79695818481656
nonempty_log96,10,1.0,split-028,0.8807999999999999,0.6631578947368422,88.44736438033931
nonempty_log96,10,1.0,split-029,0.856,0.6505263157894737,89.71972898703163
nonempty_log96,10,1.0,split-030,0.8792,0.6610526315789473,90.38909006466098
nonempty_log96,10,1.0,split-031,0.8652,0.6673684210526316,89.7377986294207
nonempty_log96,10,1.0,split-032,0.8876,0.6547368421052632,90.06738738346505
nonempty_log96,10,1.0,split-033,0.9192,0.8294736842105263,101.34191305421207
nonempty_log96,10,1.0,split-034,0.8807999999999999,0.6336842105263158,88.45873780780734
nonempty_log96,10,1.0,split-035,0.9004,0.6989473684210527,89.10396546749192
nonempty_log96,10,1.0,split-036,0.8664,0.6694736842105262,88.0736636589184
nonempty_log96,10,1.0,split-037,0.8552,0.631578947368421,91.44684286090033
nonempty_log96,10,1.0,split-038,0.8648,0.6694736842105263,88.86003448840135
nonempty_log96,10,1.0,split-039,0.8664000000000001,0.6968421052631579,91.8166587862123
nonempty_log96,10,1.0,split-040,0.9007999999999999,0.6631578947368422,88.76347892447052
nonempty_log96,10,1.0,split-041,0.8448,0.6105263157894737,90.17316687788113
nonempty_log96,10,1.0,split-042,0.9103999999999999,0.7263157894736842,91.10468781610463
nonempty_log96,10,1.0,split-043,0.8019999999999999,0.5705263157894737,88.59612858398984
nonempty_log96,10,1.0,split-044,0.8952,0.7915789473684209,99.80660568878109
nonempty_log96,10,1.0,split-045,0.8552,0.6147368421052631,90.75476058425586
nonempty_log96,10,1.0,split-046,0.9096,0.7326315789473684,89.67547104555942
nonempty_log96,10,1.0,split-047,0.8867999999999999,0.6842105263157895,90.15166674506015
nonempty_log96,10,1.0,split-048,0.9028,0.7094736842105263,84.72904221477471
nonempty_log96,10,1.0,split-049,0.8308,0.6863157894736842,104.44008477211356
nonempty_log96,10,1.0,split-050,0.886,0.6884210526315789,89.90717413729706
nonempty_log96,10,1.0,split-051,0.9380000000000001,0.848421052631579,103.90996837900565
nonempty_log96,10,1.0,split-052,0.8524,0.6442105263157895,91.48565348076531
nonempty_log96,10,1.0,split-053,0.8804,0.6905263157894737,89.11984678468382
nonempty_log96,10,1.0,split-054,0.8747999999999999,0.6694736842105263,89.94188499626797
nonempty_log96,10,1.0,split-055,0.8444,0.671578947368421,89.80277770141942
nonempty_log96,10,1.0,split-056,0.8644,0.6252631578947369,90.87370862298785
nonempty_log96,10,1.0,split-057,0.8724,0.6778947368421052,91.07441313235356
nonempty_log96,10,1.0,split-058,0.9111999999999999,0.7978947368421053,94.50076779425179
nonempty_log96,10,1.0,split-059,0.884,0.6778947368421052,96.38425080175399
nonempty_log96,10,1.0,split-060,0.9192,0.7726315789473683,86.12850921218204
nonempty_log96,10,1.0,split-061,0.8568,0.6926315789473684,93.52800283691722
nonempty_log96,10,1.0,split-062,0.894,0.6884210526315789,85.97409518732428
nonempty_log96,10,1.0,split-063,0.8612,0.6463157894736842,88.28365562068737
nonempty_log96,10,1.0,split-064,0.9112,0.7115789473684211,89.22870903909836
nonempty_log96,10,1.0,split-065,0.848,0.5684210526315789,88.49530572299
nonempty_log96,10,1.0,split-066,0.8996000000000001,0.6989473684210527,90.50191072726163
nonempty_log96,10,1.0,split-067,0.904,0.7326315789473684,99.08045072259402
nonempty_log96,10,1.0,split-068,0.8744,0.6968421052631579,91.9250745503195
nonempty_log96,10,1.0,split-069,0.8904,0.7494736842105263,99.96718477975011
nonempty_log96,10,1.0,split-070,0.8956,0.7052631578947368,89.93551637379504
nonempty_log96,10,1.0,split-071,0.9092,0.7473684210526316,89.08484006484078
nonempty_log96,10,1.0,split-072,0.9052,0.7410526315789474,96.89432884752053
nonempty_log96,10,1.0,split-073,0.8804,0.6336842105263158,87.44888529240826
nonempty_log96,10,1.0,split-074,0.9016,0.7347368421052631,89.11568707250672
nonempty_log96,10,1.0,split-075,0.8056000000000001,0.5663157894736842,97.82490698873461
nonempty_log96,10,1.0,split-076,0.9196,0.8210526315789474,102.66557967089123
nonempty_log96,10,1.0,split-077,0.9116,0.7389473684210526,88.5836284139731
nonempty_log96,10,1.0,split-078,0.8764,0.6736842105263158,91.04774634726438
nonempty_log96,10,1.0,split-079,0.8872,0.6821052631578948,90.37362443970589
nonempty_log96,10,1.0,split-080,0.8372,0.5978947368421053,90.0525341819214
nonempty_log96,10,1.0,split-081,0.8368,0.6505263157894737,91.56176811396872
nonempty_log96,10,1.0,split-082,0.8535999999999999,0.64,89.71411272965827
nonempty_log96,10,1.0,split-083,0.9091999999999999,0.7578947368421053,104.60665395780443
nonempty_log96,10,1.0,split-084,0.8535999999999999,0.6442105263157895,87.06248439970967
nonempty_log96,10,1.0,split-085,0.8592,0.6652631578947368,92.37662681752596
nonempty_log96,10,1.0,split-086,0.9216000000000001,0.7515789473684211,86.6892517936644
nonempty_log96,10,1.0,split-087,0.8956,0.7073684210526316,89.15774005591214
nonempty_log96,10,1.0,split-088,0.8795999999999999,0.6821052631578948,87.57334313914012
nonempty_log96,10,1.0,split-089,0.888,0.6610526315789473,90.02055751133608
nonempty_log96,10,1.0,split-090,0.916,0.8084210526315789,100.5043797904133
nonempty_log96,10,1.0,split-091,0.9067999999999999,0.7178947368421053,95.14016077149293
nonempty_log96,10,1.0,split-092,0.8715999999999999,0.64,88.96336291886368
nonempty_log96,10,1.0,split-093,0.8284,0.631578947368421,101.48297886304668
nonempty_log96,10,1.0,split-094,0.8904,0.6799999999999999,90.16472785569792
nonempty_log96,10,1.0,split-095,0.8580000000000001,0.6189473684210527,87.84293410650567
nonempty_log96,10,1.0,split-096,0.8396000000000001,0.6378947368421053,88.93297004545585
nonempty_log96,10,1.0,split-097,0.8715999999999999,0.6505263157894737,88.94557297312275
nonempty_log96,10,1.0,split-098,0.902,0.7726315789473683,91.07305373963764
nonempty_log96,10,1.0,split-099,0.882,0.6673684210526316,88.24061330877193
nonempty_log96,20,1.0,split-000,0.869,0.6473684210526316,81.08697871162137
nonempty_log96,20,1.0,split-001,0.878,0.6710526315789473,85.78117922283133
nonempty_log96,20,1.0,split-002,0.893,0.6473684210526316,86.50677457789334
nonempty_log96,20,1.0,split-003,0.9129999999999999,0.7368421052631579,87.47861361066043
nonempty_log96,20,1.0,split-004,0.9024999999999999,0.6868421052631579,86.13684835259987
nonempty_log96,20,1.0,split-005,0.9045000000000001,0.7394736842105263,86.74794576191155
nonempty_log96,20,1.0,split-006,0.8644999999999999,0.618421052631579,87.84359555639271
nonempty_log96,20,1.0,split-007,0.863,0.6105263157894737,86.69192328757647
nonempty_log96,20,1.0,split-008,0.8740000000000001,0.6526315789473685,86.9266585661514
nonempty_log96,20,1.0,split-009,0.8845000000000001,0.6973684210526316,88.22866709909552
nonempty_log96,20,1.0,split-010,0.8095,0.5842105263157895,86.72480559605175
nonempty_log96,20,1.0,split-011,0.876,0.6342105263157894,86.68695384971006
nonempty_log96,20,1.0,split-012,0.8719999999999999,0.6921052631578947,83.74435821145431
nonempty_log96,20,1.0,split-013,0.8555,0.6026315789473684,87.92536622779576
nonempty_log96,20,1.0,split-014,0.853,0.6131578947368421,84.53377134051175
nonempty_log96,20,1.0,split-015,0.9214999999999999,0.7842105263157895,87.92518443976485
nonempty_log96,20,1.0,split-016,0.861,0.6026315789473684,86.56174957183934
nonempty_log96,20,1.0,split-017,0.872,0.6605263157894736,90.17718401527183
nonempty_log96,20,1.0,split-018,0.8654999999999999,0.6368421052631579,88.74802176373704
nonempty_log96,20,1.0,split-019,0.893,0.7289473684210527,92.02167094500774
nonempty_log96,20,1.0,split-020,0.883,0.6631578947368422,83.3548144572028
nonempty_log96,20,1.0,split-021,0.8595,0.6421052631578947,92.298530999443
nonempty_log96,20,1.0,split-022,0.904,0.7736842105263158,89.5413639153196
nonempty_log96,20,1.0,split-023,0.8955,0.6921052631578948,84.1007723591488
nonempty_log96,20,1.0,split-024,0.894,0.6605263157894736,84.48616869334006
nonempty_log96,20,1.0,split-025,0.919,0.8157894736842105,92.76061377315283
nonempty_log96,20,1.0,split-026,0.862,0.6631578947368421,87.62795578298058
nonempty_log96,20,1.0,split-027,0.858,0.5789473684210527,85.73700350680953
nonempty_log96,20,1.0,split-028,0.8605,0.6026315789473684,84.40023579992982
nonempty_log96,20,1.0,split-029,0.8564999999999999,0.5973684210526315,86.10226999863293
nonempty_log96,20,1.0,split-030,0.8465,0.618421052631579,85.52532155411592
nonempty_log96,20,1.0,split-031,0.8925000000000001,0.6842105263157895,84.49285436594948
nonempty_log96,20,1.0,split-032,0.8929999999999999,0.7000000000000001,86.09044793628559
nonempty_log96,20,1.0,split-033,0.891,0.7263157894736842,88.18802711594138
nonempty_log96,20,1.0,split-034,0.9105000000000001,0.6789473684210526,84.72356057282741
nonempty_log96,20,1.0,split-035,0.9049999999999999,0.7026315789473685,85.48032365246154
nonempty_log96,20,1.0,split-036,0.846,0.6736842105263158,86.9681614471075
nonempty_log96,20,1.0,split-037,0.9125,0.7657894736842106,88.690772150794
nonempty_log96,20,1.0,split-038,0.8424999999999999,0.6342105263157894,88.79232816125453
nonempty_log96,20,1.0,split-039,0.8819999999999999,0.7052631578947368,86.40525269831484
nonempty_log96,20,1.0,split-040,0.9055,0.6473684210526316,85.5385976725758
nonempty_log96,20,1.0,split-041,0.8865000000000001,0.6131578947368421,83.10140264885413
nonempty_log96,20,1.0,split-042,0.8905,0.6657894736842105,85.1735547272488
nonempty_log96,20,1.0,split-043,0.8065,0.5552631578947369,87.59407384123824
nonempty_log96,20,1.0,split-044,0.8815,0.7078947368421054,90.64568024772606
nonempty_log96,20,1.0,split-045,0.8434999999999999,0.5947368421052631,85.01015063028316
nonempty_log96,20,1.0,split-046,0.9075,0.7078947368421054,83.71273821640816
nonempty_log96,20,1.0,split-047,0.9099999999999999,0.7526315789473684,83.55233470243043
nonempty_log96,20,1.0,split-048,0.8965000000000001,0.6894736842105263,83.58588365288067
nonempty_log96,20,1.0,split-049,0.8879999999999999,0.6763157894736842,91.10737568373683
nonempty_log96,20,1.0,split-050,0.9105,0.7921052631578946,88.94263187240908
nonempty_log96,20,1.0,split-051,0.9235,0.8105263157894737,88.73172357511262
nonempty_log96,20,1.0,split-052,0.82,0.6263157894736843,89.47665099495053
nonempty_log96,20,1.0,split-053,0.8975,0.6973684210526316,85.93445457451602
nonempty_log96,20,1.0,split-054,0.9015000000000001,0.6868421052631579,85.34359198684098
nonempty_log96,20,1.0,split-055,0.861,0.631578947368421,86.89474419508642
nonempty_log96,20,1.0,split-056,0.8574999999999999,0.6157894736842106,84.48373377365702
nonempty_log96,20,1.0,split-057,0.907,0.6973684210526316,82.3710382510572
nonempty_log96,20,1.0,split-058,0.9059999999999999,0.763157894736842,86.81754952151339
nonempty_log96,20,1.0,split-059,0.8925,0.6921052631578948,91.63423510753596
nonempty_log96,20,1.0,split-060,0.8915,0.7236842105263158,89.37633870842792
nonempty_log96,20,1.0,split-061,0.8415,0.6342105263157894,88.16979156416252
nonempty_log96,20,1.0,split-062,0.86,0.6,89.01554509198678
nonempty_log96,20,1.0,split-063,0.8555,0.6131578947368421,87.35732125443316
nonempty_log96,20,1.0,split-064,0.9319999999999999,0.7842105263157895,87.07159174147141
nonempty_log96,20,1.0,split-065,0.916,0.7578947368421053,87.03646429688223
nonempty_log96,20,1.0,split-066,0.8835000000000001,0.65,86.20604754444294
nonempty_log96,20,1.0,split-067,0.9339999999999999,0.8078947368421052,89.54225270083931
nonempty_log96,20,1.0,split-068,0.862,0.6710526315789473,87.0905283072773
nonempty_log96,20,1.0,split-069,0.861,0.6736842105263158,87.02869731594446
nonempty_log96,20,1.0,split-070,0.8885,0.7,86.2951090138615
nonempty_log96,20,1.0,split-071,0.9085,0.7842105263157895,90.3205367404522
nonempty_log96,20,1.0,split-072,0.8969999999999999,0.7421052631578947,89.26182711411631
nonempty_log96,20,1.0,split-073,0.873,0.6157894736842106,84.54429915829489
nonempty_log96,20,1.0,split-074,0.8919999999999999,0.6789473684210526,86.61434322792778
nonempty_log96,20,1.0,split-075,0.855,0.6131578947368421,86.50972352150484
nonempty_log96,20,1.0,split-076,0.929,0.8210526315789474,88.57593541675276
nonempty_log96,20,1.0,split-077,0.873,0.6736842105263158,87.3679601974526
nonempty_log96,20,1.0,split-078,0.8434999999999999,0.6105263157894737,86.2366608406303
nonempty_log96,20,1.0,split-079,0.868,0.6447368421052632,84.89361850038895
nonempty_log96,20,1.0,split-080,0.8515,0.6157894736842106,86.73880861896423
nonempty_log96,20,1.0,split-081,0.8215,0.6026315789473684,87.78716579783176
nonempty_log96,20,1.0,split-082,0.843,0.5973684210526315,85.8639988257606
nonempty_log96,20,1.0,split-083,0.8995000000000001,0.7342105263157894,89.21960330600118
nonempty_log96,20,1.0,split-084,0.89,0.763157894736842,90.19727426276756
nonempty_log96,20,1.0,split-085,0.8925,0.718421052631579,88.35001976715226
nonempty_log96,20,1.0,split-086,0.9095000000000001,0.7342105263157894,86.86807171621793
nonempty_log96,20,1.0,split-087,0.874,0.6736842105263158,88.0554744449326
nonempty_log96,20,1.0,split-088,0.887,0.6447368421052632,83.3467325824862
nonempty_log96,20,1.0,split-089,0.9249999999999999,0.8105263157894737,88.37589460447303
nonempty_log96,20,1.0,split-090,0.902,0.75,87.50751884858984
nonempty_log96,20,1.0,split-091,0.8919999999999999,0.7289473684210526,90.15097133793158
nonempty_log96,20,1.0,split-092,0.8525,0.6236842105263158,87.35685594808828
nonempty_log96,20,1.0,split-093,0.9075,0.7526315789473684,89.15263399793415
nonempty_log96,20,1.0,split-094,0.878,0.6789473684210526,88.65117519985165
nonempty_log96,20,1.0,split-095,0.8959999999999999,0.6421052631578947,86.00027472696074
nonempty_log96,20,1.0,split-096,0.902,0.7263157894736842,87.16833808572244
nonempty_log96,20,1.0,split-097,0.9035,0.7447368421052631,88.65522522577835
nonempty_log96,20,1.0,split-098,0.9075,0.8,88.96775160479355
nonempty_log96,20,1.0,split-099,0.916,0.7815789473684212,89.59528425115455
nonempty_log96,10,2.0,split-000,0.8216,0.5873684210526315,94.42340224827967
nonempty_log96,10,2.0,split-001,0.8627999999999999,0.608421052631579,90.9988454365407
nonempty_log96,10,2.0,split-002,0.8927999999999999,0.6863157894736842,89.57285587131568
nonempty_log96,10,2.0,split-003,0.8988,0.6905263157894737,92.70654926355479
nonempty_log96,10,2.0,split-004,0.9036000000000001,0.7094736842105263,87.8343146423694
nonempty_log96,10,2.0,split-005,0.8452,0.6252631578947369,89.23696317362298
nonempty_log96,10,2.0,split-006,0.8867999999999999,0.6926315789473685,90.1708991629596
nonempty_log96,10,2.0,split-007,0.7952,0.5494736842105263,93.97183407140346
nonempty_log96,10,2.0,split-008,0.8964,0.7094736842105263,91.41182745515391
nonempty_log96,10,2.0,split-009,0.878,0.6610526315789473,91.0249217585996
nonempty_log96,10,2.0,split-010,0.8264,0.6126315789473684,91.7966429048668
nonempty_log96,10,2.0,split-011,0.8964,0.6863157894736842,89.42633398022203
nonempty_log96,10,2.0,split-012,0.8748,0.6736842105263158,94.46451342932706
nonempty_log96,10,2.0,split-013,0.898,0.7115789473684211,89.00757212160646
nonempty_log96,10,2.0,split-014,0.86,0.6505263157894737,89.60787443067797
nonempty_log96,10,2.0,split-015,0.9179999999999999,0.7810526315789474,100.28261038726971
nonempty_log96,10,2.0,split-016,0.8752000000000001,0.6168421052631579,88.43960808771998
nonempty_log96,10,2.0,split-017,0.892,0.6842105263157895,88.38997922769147
nonempty_log96,10,2.0,split-018,0.874,0.68,91.13610944375753
nonempty_log96,10,2.0,split-019,0.898,0.7494736842105263,102.3296597712929
nonempty_log96,10,2.0,split-020,0.8867999999999999,0.6821052631578948,91.54356465886326
nonempty_log96,10,2.0,split-021,0.8360000000000001,0.5747368421052632,91.51805689356742
nonempty_log96,10,2.0,split-022,0.8832000000000001,0.6547368421052632,91.08165611109501
nonempty_log96,10,2.0,split-023,0.8976,0.7473684210526316,88.77619763831828
nonempty_log96,10,2.0,split-024,0.856,0.6294736842105263,91.15126305909736
nonempty_log96,10,2.0,split-025,0.878,0.6736842105263158,95.00499062104801
nonempty_log96,10,2.0,split-026,0.8484,0.6357894736842105,89.72304008932477
nonempty_log96,10,2.0,split-027,0.8844,0.6631578947368422,90.79695818491291
nonempty_log96,10,2.0,split-028,0.8807999999999999,0.6631578947368422,88.44736438028318
nonempty_log96,10,2.0,split-029,0.856,0.6505263157894737,89.71972898699006
nonempty_log96,10,2.0,split-030,0.8792,0.6610526315789473,90.38909006482696
nonempty_log96,10,2.0,split-031,0.8652,0.6673684210526316,89.73779862933812
nonempty_log96,10,2.0,split-032,0.8876,0.6547368421052632,90.06738738350278
nonempty_log96,10,2.0,split-033,0.9192,0.8294736842105263,101.34191305422434
nonempty_log96,10,2.0,split-034,0.8807999999999999,0.6336842105263158,88.45873780774988
nonempty_log96,10,2.0,split-035,0.9004,0.6989473684210527,89.10396546748026
nonempty_log96,10,2.0,split-036,0.8664,0.6694736842105262,88.07366365897272
nonempty_log96,10,2.0,split-037,0.8552,0.631578947368421,91.44684286092527
nonempty_log96,10,2.0,split-038,0.8648,0.6694736842105263,88.86003448847428
nonempty_log96,10,2.0,split-039,0.8664000000000001,0.6968421052631579,91.81665878634635
nonempty_log96,10,2.0,split-040,0.9007999999999999,0.6631578947368422,88.7634789244152
nonempty_log96,10,2.0,split-041,0.8448,0.6105263157894737,90.17316687793951
nonempty_log96,10,2.0,split-042,0.9103999999999999,0.7263157894736842,91.1046878161957
nonempty_log96,10,2.0,split-043,0.8019999999999999,0.5705263157894737,88.5961285840718
nonempty_log96,10,2.0,split-044,0.8952,0.7915789473684209,99.80660568889056
nonempty_log96,10,2.0,split-045,0.8552,0.6147368421052631,90.75476058432434
nonempty_log96,10,2.0,split-046,0.9096,0.7326315789473684,89.6754710455492
nonempty_log96,10,2.0,split-047,0.8867999999999999,0.6842105263157895,90.15166674518903
nonempty_log96,10,2.0,split-048,0.9028,0.7094736842105263,84.72904221486621
nonempty_log96,10,2.0,split-049,0.8308,0.6863157894736842,104.44008477211021
nonempty_log96,10,2.0,split-050,0.886,0.6884210526315789,89.90717413729921
nonempty_log96,10,2.0,split-051,0.9380000000000001,0.848421052631579,103.90996837915968
nonempty_log96,10,2.0,split-052,0.8524,0.6442105263157895,91.48565348081384
nonempty_log96,10,2.0,split-053,0.8804,0.6905263157894737,89.1198467846704
nonempty_log96,10,2.0,split-054,0.8747999999999999,0.6694736842105263,89.94188499623434
nonempty_log96,10,2.0,split-055,0.8444,0.671578947368421,89.80277770148622
nonempty_log96,10,2.0,split-056,0.8644,0.6252631578947369,90.87370862311201
nonempty_log96,10,2.0,split-057,0.8724,0.6778947368421052,91.07441313233682
nonempty_log96,10,2.0,split-058,0.9111999999999999,0.7978947368421053,94.50076779420723
nonempty_log96,10,2.0,split-059,0.884,0.6778947368421052,96.3842508017629
nonempty_log96,10,2.0,split-060,0.9192,0.7726315789473683,86.12850921221631
nonempty_log96,10,2.0,split-061,0.8568,0.6926315789473684,93.52800283695959
nonempty_log96,10,2.0,split-062,0.894,0.6884210526315789,85.97409518727676
nonempty_log96,10,2.0,split-063,0.8612,0.6463157894736842,88.28365562066685
nonempty_log96,10,2.0,split-064,0.9112,0.7115789473684211,89.22870903912103
nonempty_log96,10,2.0,split-065,0.848,0.5684210526315789,88.49530572298299
nonempty_log96,10,2.0,split-066,0.8996000000000001,0.6989473684210527,90.50191072720109
nonempty_log96,10,2.0,split-067,0.904,0.7326315789473684,99.08045072270703
nonempty_log96,10,2.0,split-068,0.8744,0.6968421052631579,91.92507455030159
nonempty_log96,10,2.0,split-069,0.8904,0.7494736842105263,99.96718477980475
nonempty_log96,10,2.0,split-070,0.8956,0.7052631578947368,89.93551637387036
nonempty_log96,10,2.0,split-071,0.9092,0.7473684210526316,89.08484006484468
nonempty_log96,10,2.0,split-072,0.9052,0.7410526315789474,96.89432884759017
nonempty_log96,10,2.0,split-073,0.8804,0.6336842105263158,87.44888529244975
nonempty_log96,10,2.0,split-074,0.9016,0.7347368421052631,89.1156870725705
nonempty_log96,10,2.0,split-075,0.8056000000000001,0.5663157894736842,97.82490698881473
nonempty_log96,10,2.0,split-076,0.9196,0.8210526315789474,102.66557967096045
nonempty_log96,10,2.0,split-077,0.9116,0.7389473684210526,88.58362841390041
nonempty_log96,10,2.0,split-078,0.8764,0.6736842105263158,91.04774634719308
nonempty_log96,10,2.0,split-079,0.8872,0.6821052631578948,90.37362443966614
nonempty_log96,10,2.0,split-080,0.8372,0.5978947368421053,90.05253418189456
nonempty_log96,10,2.0,split-081,0.8368,0.6505263157894737,91.5617681139269
nonempty_log96,10,2.0,split-082,0.8535999999999999,0.64,89.71411272961907
nonempty_log96,10,2.0,split-083,0.9091999999999999,0.7578947368421053,104.60665395789638
nonempty_log96,10,2.0,split-084,0.8535999999999999,0.6442105263157895,87.0624843996847
nonempty_log96,10,2.0,split-085,0.8592,0.6652631578947368,92.37662681765654
nonempty_log96,10,2.0,split-086,0.9216000000000001,0.7515789473684211,86.68925179378341
nonempty_log96,10,2.0,split-087,0.8956,0.7073684210526316,89.15774005583931
nonempty_log96,10,2.0,split-088,0.8795999999999999,0.6821052631578948,87.57334313909746
nonempty_log96,10,2.0,split-089,0.888,0.6610526315789473,90.02055751140676
nonempty_log96,10,2.0,split-090,0.916,0.8084210526315789,100.50437979047204
nonempty_log96,10,2.0,split-091,0.9067999999999999,0.7178947368421053,95.14016077164007
nonempty_log96,10,2.0,split-092,0.8715999999999999,0.64,88.96336291887232
nonempty_log96,10,2.0,split-093,0.8284,0.631578947368421,101.48297886319502
nonempty_log96,10,2.0,split-094,0.8904,0.6799999999999999,90.16472785560289
nonempty_log96,10,2.0,split-095,0.8580000000000001,0.6189473684210527,87.84293410664124
nonempty_log96,10,2.0,split-096,0.8396000000000001,0.6378947368421053,88.93297004546962
nonempty_log96,10,2.0,split-097,0.8715999999999999,0.6505263157894737,88.94557297312394
nonempty_log96,10,2.0,split-098,0.902,0.7726315789473683,91.07305373966372
nonempty_log96,10,2.0,split-099,0.882,0.6673684210526316,88.24061330881972
nonempty_log96,20,2.0,split-000,0.869,0.6473684210526316,81.08697871154337
nonempty_log96,20,2.0,split-001,0.878,0.6710526315789473,85.78117922289996
nonempty_log96,20,2.0,split-002,0.893,0.6473684210526316,86.50677457795378
nonempty_log96,20,2.0,split-003,0.9129999999999999,0.7368421052631579,87.47861361067959
nonempty_log96,20,2.0,split-004,0.9024999999999999,0.6868421052631579,86.13684835261823
nonempty_log96,20,2.0,split-005,0.9045000000000001,0.7394736842105263,86.74794576195937
nonempty_log96,20,2.0,split-006,0.8644999999999999,0.618421052631579,87.84359555637005
nonempty_log96,20,2.0,split-007,0.863,0.6105263157894737,86.69192328764476
nonempty_log96,20,2.0,split-008,0.8740000000000001,0.6526315789473685,86.92665856615974
nonempty_log96,20,2.0,split-009,0.8845000000000001,0.6973684210526316,88.22866709905465
nonempty_log96,20,2.0,split-010,0.8095,0.5842105263157895,86.7248055960002
nonempty_log96,20,2.0,split-011,0.876,0.6342105263157894,86.68695384972663
nonempty_log96,20,2.0,split-012,0.8719999999999999,0.6921052631578947,83.74435821156676
nonempty_log96,20,2.0,split-013,0.8555,0.6026315789473684,87.9253662276997
nonempty_log96,20,2.0,split-014,0.853,0.6131578947368421,84.53377134060896
nonempty_log96,20,2.0,split-015,0.9214999999999999,0.7842105263157895,87.92518443981159
nonempty_log96,20,2.0,split-016,0.861,0.6026315789473684,86.56174957182618
nonempty_log96,20,2.0,split-017,0.872,0.6605263157894736,90.177184015202
nonempty_log96,20,2.0,split-018,0.8654999999999999,0.6368421052631579,88.74802176385238
nonempty_log96,20,2.0,split-019,0.893,0.7289473684210527,92.02167094499636
nonempty_log96,20,2.0,split-020,0.883,0.6631578947368422,83.35481445713488
nonempty_log96,20,2.0,split-021,0.8595,0.6421052631578947,92.29853099950873
nonempty_log96,20,2.0,split-022,0.904,0.7736842105263158,89.54136391540352
nonempty_log96,20,2.0,split-023,0.8955,0.6921052631578948,84.10077235915095
nonempty_log96,20,2.0,split-024,0.894,0.6605263157894736,84.48616869335463
nonempty_log96,20,2.0,split-025,0.919,0.8157894736842105,92.7606137732098
nonempty_log96,20,2.0,split-026,0.862,0.6631578947368421,87.62795578304409
nonempty_log96,20,2.0,split-027,0.858,0.5789473684210527,85.73700350682792
nonempty_log96,20,2.0,split-028,0.8605,0.6026315789473684,84.40023579991256
nonempty_log96,20,2.0,split-029,0.8564999999999999,0.5973684210526315,86.10226999868459
nonempty_log96,20,2.0,split-030,0.8465,0.618421052631579,85.52532155405848
nonempty_log96,20,2.0,split-031,0.8925000000000001,0.6842105263157895,84.49285436589042
nonempty_log96,20,2.0,split-032,0.8929999999999999,0.7000000000000001,86.09044793631588
nonempty_log96,20,2.0,split-033,0.891,0.7263157894736842,88.18802711598593
nonempty_log96,20,2.0,split-034,0.9105000000000001,0.6789473684210526,84.7235605728606
nonempty_log96,20,2.0,split-035,0.9049999999999999,0.7026315789473685,85.48032365262382
nonempty_log96,20,2.0,split-036,0.846,0.6736842105263158,86.96816144710118
nonempty_log96,20,2.0,split-037,0.9125,0.7657894736842106,88.69077215074681
nonempty_log96,20,2.0,split-038,0.8424999999999999,0.6342105263157894,88.79232816120691
nonempty_log96,20,2.0,split-039,0.8819999999999999,0.7052631578947368,86.40525269833503
nonempty_log96,20,2.0,split-040,0.9055,0.6473684210526316,85.5385976726665
nonempty_log96,20,2.0,split-041,0.8865000000000001,0.6131578947368421,83.10140264882135
nonempty_log96,20,2.0,split-042,0.8905,0.6657894736842105,85.17355472729336
nonempty_log96,20,2.0,split-043,0.8065,0.5552631578947369,87.59407384130155
nonempty_log96,20,2.0,split-044,0.8815,0.7078947368421054,90.64568024781988
nonempty_log96,20,2.0,split-045,0.8434999999999999,0.5947368421052631,85.01015063018934
nonempty_log96,20,2.0,split-046,0.9075,0.7078947368421054,83.71273821642217
nonempty_log96,20,2.0,split-047,0.9099999999999999,0.7526315789473684,83.55233470247549
nonempty_log96,20,2.0,split-048,0.8965000000000001,0.6894736842105263,83.58588365289793
nonempty_log96,20,2.0,split-049,0.8879999999999999,0.6763157894736842,91.10737568376939
nonempty_log96,20,2.0,split-050,0.9105,0.7921052631578946,88.94263187243568
nonempty_log96,20,2.0,split-051,0.9235,0.8105263157894737,88.73172357518615
nonempty_log96,20,2.0,split-052,0.82,0.6263157894736843,89.47665099498886
nonempty_log96,20,2.0,split-053,0.8975,0.6973684210526316,85.93445457465911
nonempty_log96,20,2.0,split-054,0.9015000000000001,0.6868421052631579,85.34359198690186
nonempty_log96,20,2.0,split-055,0.861,0.631578947368421,86.89474419501228
nonempty_log96,20,2.0,split-056,0.8574999999999999,0.6157894736842106,84.48373377373007
nonempty_log96,20,2.0,split-057,0.907,0.6973684210526316,82.37103825118642
nonempty_log96,20,2.0,split-058,0.9059999999999999,0.763157894736842,86.81754952150747
nonempty_log96,20,2.0,split-059,0.8925,0.6921052631578948,91.63423510755048
nonempty_log96,20,2.0,split-060,0.8915,0.7236842105263158,89.37633870838559
nonempty_log96,20,2.0,split-061,0.8415,0.6342105263157894,88.16979156416825
nonempty_log96,20,2.0,split-062,0.86,0.6,89.01554509192661
nonempty_log96,20,2.0,split-063,0.8555,0.6131578947368421,87.35732125449941
nonempty_log96,20,2.0,split-064,0.9319999999999999,0.7842105263157895,87.07159174146169
nonempty_log96,20,2.0,split-065,0.916,0.7578947368421053,87.03646429685263
nonempty_log96,20,2.0,split-066,0.8835000000000001,0.65,86.20604754445232
nonempty_log96,20,2.0,split-067,0.9339999999999999,0.8078947368421052,89.5422527008512
nonempty_log96,20,2.0,split-068,0.862,0.6710526315789473,87.09052830722659
nonempty_log96,20,2.0,split-069,0.861,0.6736842105263158,87.02869731597478
nonempty_log96,20,2.0,split-070,0.8885,0.7,86.295109013929
nonempty_log96,20,2.0,split-071,0.9085,0.7842105263157895,90.32053674044519
nonempty_log96,20,2.0,split-072,0.8969999999999999,0.7421052631578947,89.26182711410645
nonempty_log96,20,2.0,split-073,0.873,0.6157894736842106,84.54429915826164
nonempty_log96,20,2.0,split-074,0.8919999999999999,0.6789473684210526,86.61434322790146
nonempty_log96,20,2.0,split-075,0.855,0.6131578947368421,86.50972352152661
nonempty_log96,20,2.0,split-076,0.929,0.8210526315789474,88.57593541685308
nonempty_log96,20,2.0,split-077,0.873,0.6736842105263158,87.36796019740112
nonempty_log96,20,2.0,split-078,0.8434999999999999,0.6105263157894737,86.23666084068557
nonempty_log96,20,2.0,split-079,0.868,0.6447368421052632,84.89361850042363
nonempty_log96,20,2.0,split-080,0.8515,0.6157894736842106,86.73880861900726
nonempty_log96,20,2.0,split-081,0.8215,0.6026315789473684,87.78716579771678
nonempty_log96,20,2.0,split-082,0.843,0.5973684210526315,85.86399882582366
nonempty_log96,20,2.0,split-083,0.8995000000000001,0.7342105263157894,89.21960330617978
nonempty_log96,20,2.0,split-084,0.89,0.763157894736842,90.197274262899
nonempty_log96,20,2.0,split-085,0.8925,0.718421052631579,88.35001976726647
nonempty_log96,20,2.0,split-086,0.9095000000000001,0.7342105263157894,86.86807171619924
nonempty_log96,20,2.0,split-087,0.874,0.6736842105263158,88.05547444482931
nonempty_log96,20,2.0,split-088,0.887,0.6447368421052632,83.34673258249634
nonempty_log96,20,2.0,split-089,0.9249999999999999,0.8105263157894737,88.37589460459454
nonempty_log96,20,2.0,split-090,0.902,0.75,87.50751884862571
nonempty_log96,20,2.0,split-091,0.8919999999999999,0.7289473684210526,90.15097133802396
nonempty_log96,20,2.0,split-092,0.8525,0.6236842105263158,87.35685594813792
nonempty_log96,20,2.0,split-093,0.9075,0.7526315789473684,89.152633997966
nonempty_log96,20,2.0,split-094,0.878,0.6789473684210526,88.65117519983939
nonempty_log96,20,2.0,split-095,0.8959999999999999,0.6421052631578947,86.00027472693404
nonempty_log96,20,2.0,split-096,0.902,0.7263157894736842,87.16833808577444
nonempty_log96,20,2.0,split-097,0.9035,0.7447368421052631,88.65522522578966
nonempty_log96,20,2.0,split-098,0.9075,0.8,88.96775160478361
nonempty_log96,20,2.0,split-099,0.916,0.7815789473684212,89.5952842512714
nonempty_log96,10,4.0,split-000,0.8216,0.5873684210526315,94.42340224825556
nonempty_log96,10,4.0,split-001,0.8627999999999999,0.608421052631579,90.9988454365813
nonempty_log96,10,4.0,split-002,0.8927999999999999,0.6863157894736842,89.57285587133103
nonempty_log96,10,4.0,split-003,0.8988,0.6905263157894737,92.70654926354517
nonempty_log96,10,4.0,split-004,0.9036000000000001,0.7094736842105263,87.83431464238178
nonempty_log96,10,4.0,split-005,0.8452,0.6252631578947369,89.23696317365315
nonempty_log96,10,4.0,split-006,0.8867999999999999,0.6926315789473685,90.17089916299007
nonempty_log96,10,4.0,split-007,0.7952,0.5494736842105263,93.97183407139751
nonempty_log96,10,4.0,split-008,0.8964,0.7094736842105263,91.41182745514894
nonempty_log96,10,4.0,split-009,0.878,0.6610526315789473,91.02492175859905
nonempty_log96,10,4.0,split-010,0.8264,0.6126315789473684,91.7966429048544
nonempty_log96,10,4.0,split-011,0.8964,0.6863157894736842,89.42633398019817
nonempty_log96,10,4.0,split-012,0.8748,0.6736842105263158,94.46451342930325
nonempty_log96,10,4.0,split-013,0.898,0.7115789473684211,89.00757212159299
nonempty_log96,10,4.0,split-014,0.86,0.6505263157894737,89.60787443069943
nonempty_log96,10,4.0,split-015,0.9179999999999999,0.7810526315789474,100.28261038730625
nonempty_log96,10,4.0,split-016,0.8752000000000001,0.6168421052631579,88.43960808772498
nonempty_log96,10,4.0,split-017,0.892,0.6842105263157895,88.38997922768685
nonempty_log96,10,4.0,split-018,0.874,0.68,91.13610944376202
nonempty_log96,10,4.0,split-019,0.898,0.7494736842105263,102.32965977132034
nonempty_log96,10,4.0,split-020,0.8867999999999999,0.6821052631578948,91.54356465886896
nonempty_log96,10,4.0,split-021,0.8360000000000001,0.5747368421052632,91.5180568935877
nonempty_log96,10,4.0,split-022,0.8832000000000001,0.6547368421052632,91.08165611113505
nonempty_log96,10,4.0,split-023,0.8976,0.7473684210526316,88.77619763832695
nonempty_log96,10,4.0,split-024,0.856,0.6294736842105263,91.15126305910479
nonempty_log96,10,4.0,split-025,0.878,0.6736842105263158,95.00499062106879
nonempty_log96,10,4.0,split-026,0.8484,0.6357894736842105,89.72304008932419
nonempty_log96,10,4.0,split-027,0.8844,0.6631578947368422,90.79695818493698
nonempty_log96,10,4.0,split-028,0.8807999999999999,0.6631578947368422,88.44736438026956
nonempty_log96,10,4.0,split-029,0.856,0.6505263157894737,89.71972898697993
nonempty_log96,10,4.0,split-030,0.8792,0.6610526315789473,90.38909006486834
nonempty_log96,10,4.0,split-031,0.8652,0.6673684210526316,89.73779862931735
nonempty_log96,10,4.0,split-032,0.8876,0.6547368421052632,90.06738738351198
nonempty_log96,10,4.0,split-033,0.9192,0.8294736842105263,101.34191305422769
nonempty_log96,10,4.0,split-034,0.8807999999999999,0.6336842105263158,88.45873780773562
nonempty_log96,10,4.0,split-035,0.9004,0.6989473684210527,89.10396546747782
nonempty_log96,10,4.0,split-036,0.8664,0.6694736842105262,88.07366365898599
nonempty_log96,10,4.0,split-037,0.8552,0.631578947368421,91.44684286093144
nonempty_log96,10,4.0,split-038,0.8648,0.6694736842105263,88.86003448849247
nonempty_log96,10,4.0,split-039,0.8664000000000001,0.6968421052631579,91.81665878637988
nonempty_log96,10,4.0,split-040,0.9007999999999999,0.6631578947368422,88.76347892440155
nonempty_log96,10,4.0,split-041,0.8448,0.6105263157894737,90.1731668779542
nonempty_log96,10,4.0,split-042,0.9103999999999999,0.7263157894736842,91.10468781621829
nonempty_log96,10,4.0,split-043,0.8019999999999999,0.5705263157894737,88.59612858409218
nonempty_log96,10,4.0,split-044,0.8952,0.7915789473684209,99.80660568891774
nonempty_log96,10,4.0,split-045,0.8552,0.6147368421052631,90.75476058434164
nonempty_log96,10,4.0,split-046,0.9096,0.7326315789473684,89.67547104554664
nonempty_log96,10,4.0,split-047,0.8867999999999999,0.6842105263157895,90.15166674522149
nonempty_log96,10,4.0,split-048,0.9028,0.7094736842105263,84.72904221488939
nonempty_log96,10,4.0,split-049,0.8308,0.6863157894736842,104.4400847721091
nonempty_log96,10,4.0,split-050,0.886,0.6884210526315789,89.9071741372999
nonempty_log96,10,4.0,split-051,0.9380000000000001,0.848421052631579,103.90996837919818
nonempty_log96,10,4.0,split-052,0.8524,0.6442105263157895,91.48565348082617
nonempty_log96,10,4.0,split-053,0.8804,0.6905263157894737,89.1198467846673
nonempty_log96,10,4.0,split-054,0.8747999999999999,0.6694736842105263,89.94188499622605
nonempty_log96,10,4.0,split-055,0.8444,0.671578947368421,89.80277770150285
nonempty_log96,10,4.0,split-056,0.8644,0.6252631578947369,90.87370862314306
nonempty_log96,10,4.0,split-057,0.8724,0.6778947368421052,91.07441313233292
nonempty_log96,10,4.0,split-058,0.9111999999999999,0.7978947368421053,94.50076779419618
nonempty_log96,10,4.0,split-059,0.884,0.6778947368421052,96.38425080176489
nonempty_log96,10,4.0,split-060,0.9192,0.7726315789473683,86.12850921222508
nonempty_log96,10,4.0,split-061,0.8568,0.6926315789473684,93.52800283697051
nonempty_log96,10,4.0,split-062,0.894,0.6884210526315789,85.97409518726494
nonempty_log96,10,4.0,split-063,0.8612,0.6463157894736842,88.2836556206618
nonempty_log96,10,4.0,split-064,0.9112,0.7115789473684211,89.22870903912693
nonempty_log96,10,4.0,split-065,0.848,0.5684210526315789,88.4953057229814
nonempty_log96,10,4.0,split-066,0.8996000000000001,0.6989473684210527,90.5019107271859
nonempty_log96,10,4.0,split-067,0.904,0.7326315789473684,99.08045072273543
nonempty_log96,10,4.0,split-068,0.8744,0.6968421052631579,91.92507455029732
nonempty_log96,10,4.0,split-069,0.8904,0.7494736842105263,99.96718477981834
nonempty_log96,10,4.0,split-070,0.8956,0.7052631578947368,89.93551637388923
nonempty_log96,10,4.0,split-071,0.9092,0.7473684210526316,89.08484006484551
nonempty_log96,10,4.0,split-072,0.9052,0.7410526315789474,96.89432884760774
nonempty_log96,10,4.0,split-073,0.8804,0.6336842105263158,87.44888529246028
nonempty_log96,10,4.0,split-074,0.9016,0.7347368421052631,89.1156870725864
nonempty_log96,10,4.0,split-075,0.8056000000000001,0.5663157894736842,97.82490698883502
nonempty_log96,10,4.0,split-076,0.9196,0.8210526315789474,102.66557967097773
nonempty_log96,10,4.0,split-077,0.9116,0.7389473684210526,88.58362841388227
nonempty_log96,10,4.0,split-078,0.8764,0.6736842105263158,91.04774634717556
nonempty_log96,10,4.0,split-079,0.8872,0.6821052631578948,90.37362443965661
nonempty_log96,10,4.0,split-080,0.8372,0.5978947368421053,90.05253418188802
nonempty_log96,10,4.0,split-081,0.8368,0.6505263157894737,91.56176811391654
nonempty_log96,10,4.0,split-082,0.8535999999999999,0.64,89.7141127296094
nonempty_log96,10,4.0,split-083,0.9091999999999999,0.7578947368421053,104.60665395791952
nonempty_log96,10,4.0,split-084,0.8535999999999999,0.6442105263157895,87.06248439967868
nonempty_log96,10,4.0,split-085,0.8592,0.6652631578947368,92.37662681768903
nonempty_log96,10,4.0,split-086,0.9216000000000001,0.7515789473684211,86.68925179381296
nonempty_log96,10,4.0,split-087,0.8956,0.7073684210526316,89.15774005582091
nonempty_log96,10,4.0,split-088,0.8795999999999999,0.6821052631578948,87.57334313908676
nonempty_log96,10,4.0,split-089,0.888,0.6610526315789473,90.02055751142485
nonempty_log96,10,4.0,split-090,0.916,0.8084210526315789,100.50437979048655
nonempty_log96,10,4.0,split-091,0.9067999999999999,0.7178947368421053,95.1401607716767
nonempty_log96,10,4.0,split-092,0.8715999999999999,0.64,88.9633629188744
nonempty_log96,10,4.0,split-093,0.8284,0.631578947368421,101.48297886323193
nonempty_log96,10,4.0,split-094,0.8904,0.6799999999999999,90.16472785557949
nonempty_log96,10,4.0,split-095,0.8580000000000001,0.6189473684210527,87.84293410667485
nonempty_log96,10,4.0,split-096,0.8396000000000001,0.6378947368421053,88.93297004547323
nonempty_log96,10,4.0,split-097,0.8715999999999999,0.6505263157894737,88.94557297312414
nonempty_log96,10,4.0,split-098,0.902,0.7726315789473683,91.07305373967007
nonempty_log96,10,4.0,split-099,0.882,0.6673684210526316,88.24061330883164
nonempty_log96,20,4.0,split-000,0.869,0.6473684210526316,81.08697871152391
nonempty_log96,20,4.0,split-001,0.878,0.6710526315789473,85.78117922291725
nonempty_log96,20,4.0,split-002,0.893,0.6473684210526316,86.50677457796894
nonempty_log96,20,4.0,split-003,0.9129999999999999,0.7368421052631579,87.47861361068432
nonempty_log96,20,4.0,split-004,0.9024999999999999,0.6868421052631579,86.13684835262293
nonempty_log96,20,4.0,split-005,0.9045000000000001,0.7394736842105263,86.7479457619713
nonempty_log96,20,4.0,split-006,0.8644999999999999,0.618421052631579,87.84359555636433
nonempty_log96,20,4.0,split-007,0.863,0.6105263157894737,86.69192328766182
nonempty_log96,20,4.0,split-008,0.8740000000000001,0.6526315789473685,86.92665856616198
nonempty_log96,20,4.0,split-009,0.8845000000000001,0.6973684210526316,88.22866709904464
nonempty_log96,20,4.0,split-010,0.8095,0.5842105263157895,86.72480559598736
nonempty_log96,20,4.0,split-011,0.876,0.6342105263157894,86.6869538497308
nonempty_log96,20,4.0,split-012,0.8719999999999999,0.6921052631578947,83.74435821159516
nonempty_log96,20,4.0,split-013,0.8555,0.6026315789473684,87.92536622767591
nonempty_log96,20,4.0,split-014,0.853,0.6131578947368421,84.53377134063304
nonempty_log96,20,4.0,split-015,0.9214999999999999,0.7842105263157895,87.92518443982297
nonempty_log96,20,4.0,split-016,0.861,0.6026315789473684,86.56174957182313
nonempty_log96,20,4.0,split-017,0.872,0.6605263157894736,90.17718401518476
nonempty_log96,20,4.0,split-018,0.8654999999999999,0.6368421052631579,88.74802176388137
nonempty_log96,20,4.0,split-019,0.893,0.7289473684210527,92.02167094499414
nonempty_log96,20,4.0,split-020,0.883,0.6631578947368422,83.354814457118
nonempty_log96,20,4.0,split-021,0.8595,0.6421052631578947,92.29853099952541
nonempty_log96,20,4.0,split-022,0.904,0.7736842105263158,89.5413639154241
nonempty_log96,20,4.0,split-023,0.8955,0.6921052631578948,84.10077235915159
nonempty_log96,20,4.0,split-024,0.894,0.6605263157894736,84.486168693358
nonempty_log96,20,4.0,split-025,0.919,0.8157894736842105,92.76061377322445
nonempty_log96,20,4.0,split-026,0.862,0.6631578947368421,87.62795578305992
nonempty_log96,20,4.0,split-027,0.858,0.5789473684210527,85.73700350683266
nonempty_log96,20,4.0,split-028,0.8605,0.6026315789473684,84.40023579990833
nonempty_log96,20,4.0,split-029,0.8564999999999999,0.5973684210526315,86.10226999869762
nonempty_log96,20,4.0,split-030,0.8465,0.618421052631579,85.5253215540444
nonempty_log96,20,4.0,split-031,0.8925000000000001,0.6842105263157895,84.4928543658757
nonempty_log96,20,4.0,split-032,0.8929999999999999,0.7000000000000001,86.09044793632349
nonempty_log96,20,4.0,split-033,0.891,0.7263157894736842,88.18802711599679
nonempty_log96,20,4.0,split-034,0.9105000000000001,0.6789473684210526,84.72356057286885
nonempty_log96,20,4.0,split-035,0.9049999999999999,0.7026315789473685,85.48032365266441
nonempty_log96,20,4.0,split-036,0.846,0.6736842105263158,86.96816144709962
nonempty_log96,20,4.0,split-037,0.9125,0.7657894736842106,88.69077215073507
nonempty_log96,20,4.0,split-038,0.8424999999999999,0.6342105263157894,88.79232816119509
nonempty_log96,20,4.0,split-039,0.8819999999999999,0.7052631578947368,86.40525269834038
nonempty_log96,20,4.0,split-040,0.9055,0.6473684210526316,85.53859767268939
nonempty_log96,20,4.0,split-041,0.8865000000000001,0.6131578947368421,83.10140264881302
nonempty_log96,20,4.0,split-042,0.8905,0.6657894736842105,85.17355472730475
nonempty_log96,20,4.0,split-043,0.8065,0.5552631578947369,87.59407384131741
nonempty_log96,20,4.0,split-044,0.8815,0.7078947368421054,90.6456802478437
nonempty_log96,20,4.0,split-045,0.8434999999999999,0.5947368421052631,85.01015063016601
nonempty_log96,20,4.0,split-046,0.9075,0.7078947368421054,83.71273821642565
nonempty_log96,20,4.0,split-047,0.9099999999999999,0.7526315789473684,83.55233470248658
nonempty_log96,20,4.0,split-048,0.8965000000000001,0.6894736842105263,83.58588365290228
nonempty_log96,20,4.0,split-049,0.8879999999999999,0.6763157894736842,91.10737568377795
nonempty_log96,20,4.0,split-050,0.9105,0.7921052631578946,88.94263187244255
nonempty_log96,20,4.0,split-051,0.9235,0.8105263157894737,88.73172357520436
nonempty_log96,20,4.0,split-052,0.82,0.6263157894736843,89.47665099499817
nonempty_log96,20,4.0,split-053,0.8975,0.6973684210526316,85.93445457469467
nonempty_log96,20,4.0,split-054,0.9015000000000001,0.6868421052631579,85.34359198691703
nonempty_log96,20,4.0,split-055,0.861,0.631578947368421,86.89474419499382
nonempty_log96,20,4.0,split-056,0.8574999999999999,0.6157894736842106,84.48373377374836
nonempty_log96,20,4.0,split-057,0.907,0.6973684210526316,82.37103825121864
nonempty_log96,20,4.0,split-058,0.9059999999999999,0.763157894736842,86.8175495215062
nonempty_log96,20,4.0,split-059,0.8925,0.6921052631578948,91.63423510755428
nonempty_log96,20,4.0,split-060,0.8915,0.7236842105263158,89.37633870837513
nonempty_log96,20,4.0,split-061,0.8415,0.6342105263157894,88.16979156417001
nonempty_log96,20,4.0,split-062,0.86,0.6,89.01554509191186
nonempty_log96,20,4.0,split-063,0.8555,0.6131578947368421,87.35732125451597
nonempty_log96,20,4.0,split-064,0.9319999999999999,0.7842105263157895,87.07159174145951
nonempty_log96,20,4.0,split-065,0.916,0.7578947368421053,87.03646429684537
nonempty_log96,20,4.0,split-066,0.8835000000000001,0.65,86.20604754445483
nonempty_log96,20,4.0,split-067,0.9339999999999999,0.8078947368421052,89.54225270085414
nonempty_log96,20,4.0,split-068,0.862,0.6710526315789473,87.09052830721414
nonempty_log96,20,4.0,split-069,0.861,0.6736842105263158,87.0286973159826
nonempty_log96,20,4.0,split-070,0.8885,0.7,86.29510901394589
nonempty_log96,20,4.0,split-071,0.9085,0.7842105263157895,90.32053674044393
nonempty_log96,20,4.0,split-072,0.8969999999999999,0.7421052631578947,89.26182711410422
nonempty_log96,20,4.0,split-073,0.873,0.6157894736842106,84.54429915825347
nonempty_log96,20,4.0,split-074,0.8919999999999999,0.6789473684210526,86.61434322789478
nonempty_log96,20,4.0,split-075,0.855,0.6131578947368421,86.50972352153198
nonempty_log96,20,4.0,split-076,0.929,0.8210526315789474,88.57593541687834
nonempty_log96,20,4.0,split-077,0.873,0.6736842105263158,87.36796019738826
nonempty_log96,20,4.0,split-078,0.8434999999999999,0.6105263157894737,86.23666084069929
nonempty_log96,20,4.0,split-079,0.868,0.6447368421052632,84.893618500432
nonempty_log96,20,4.0,split-080,0.8515,0.6157894736842106,86.73880861901806
nonempty_log96,20,4.0,split-081,0.8215,0.6026315789473684,87.78716579768832
nonempty_log96,20,4.0,split-082,0.843,0.5973684210526315,85.86399882583939
nonempty_log96,20,4.0,split-083,0.8995000000000001,0.7342105263157894,89.21960330622446
nonempty_log96,20,4.0,split-084,0.89,0.763157894736842,90.19727426293143
nonempty_log96,20,4.0,split-085,0.8925,0.718421052631579,88.35001976729534
nonempty_log96,20,4.0,split-086,0.9095000000000001,0.7342105263157894,86.86807171619476
nonempty_log96,20,4.0,split-087,0.874,0.6736842105263158,88.05547444480369
nonempty_log96,20,4.0,split-088,0.887,0.6447368421052632,83.34673258249884
nonempty_log96,20,4.0,split-089,0.9249999999999999,0.8105263157894737,88.3758946046247
nonempty_log96,20,4.0,split-090,0.902,0.75,87.50751884863472
nonempty_log96,20,4.0,split-091,0.8919999999999999,0.7289473684210526,90.15097133804717
nonempty_log96,20,4.0,split-092,0.8525,0.6236842105263158,87.35685594815021
nonempty_log96,20,4.0,split-093,0.9075,0.7526315789473684,89.1526339979741
nonempty_log96,20,4.0,split-094,0.878,0.6789473684210526,88.65117519983669
nonempty_log96,20,4.0,split-095,0.8959999999999999,0.6421052631578947,86.0002747269274
nonempty_log96,20,4.0,split-096,0.902,0.7263157894736842,87.16833808578725
nonempty_log96,20,4.0,split-097,0.9035,0.7447368421052631,88.65522522579238
nonempty_log96,20,4.0,split-098,0.9075,0.8,88.96775160478124
nonempty_log96,20,4.0,split-099,0.916,0.7815789473684212,89.59528425130044
