2026-08-23T17:56:31.420+00:00	1.125	I (1118) esp_psram: SPI SRAM memory test OK
2026-08-23T17:56:31.429+00:00	1.141	I (1126) cpu_start: GPIO 44 and 43 are used as console UART I/O pins
2026-08-23T17:56:31.429+00:00	1.141	I (1126) cpu_start: Pro cpu start user code
2026-08-23T17:56:31.430+00:00	1.141	I (1126) cpu_start: cpu freq: 240000000 Hz
2026-08-23T17:56:31.434+00:00	1.141	I (1128) app_init: Application information:
2026-08-23T17:56:31.438+00:00	1.156	I (1132) app_init: Project name:     esp32s3_asd
2026-08-23T17:56:31.444+00:00	1.156	I (1137) app_init: App version:      on-device-verified-70-g4f725e8
2026-08-23T17:56:31.450+00:00	1.156	I (1143) app_init: Compile time:     Aug 22 2026 15:47:18
2026-08-23T17:56:31.455+00:00	1.172	I (1148) app_init: ELF file SHA256:  5f915a9ed...
2026-08-23T17:56:31.460+00:00	1.172	I (1152) app_init: ESP-IDF:          v5.5.5-34-g21f3b71cbbf
2026-08-23T17:56:31.463+00:00	1.172	I (1157) efuse_init: Min chip rev:     v0.0
2026-08-23T17:56:31.467+00:00	1.172	I (1161) efuse_init: Max chip rev:     v0.99 
2026-08-23T17:56:31.471+00:00	1.188	I (1165) efuse_init: Chip rev:         v0.2
2026-08-23T17:56:31.478+00:00	1.188	I (1169) heap_init: Initializing. RAM available for dynamic allocation:
2026-08-23T17:56:31.483+00:00	1.188	I (1176) heap_init: At 3FCD1770 len 00017FA0 (95 KiB): RAM
2026-08-23T17:56:31.488+00:00	1.203	I (1181) heap_init: At 3FCE9710 len 00005724 (21 KiB): RAM
2026-08-23T17:56:31.494+00:00	1.203	I (1186) heap_init: At 3FCF0000 len 00008000 (32 KiB): DRAM
2026-08-23T17:56:31.499+00:00	1.203	I (1191) heap_init: At 600FE000 len 00001FE8 (7 KiB): RTCRAM
2026-08-23T17:56:31.506+00:00	1.219	I (1197) esp_psram: Adding pool of 16384K of PSRAM memory to heap allocator
2026-08-23T17:56:31.516+00:00	1.235	W (1204) spi_flash: Octal flash chip is using but dio mode is selected, will automatically switch to Octal mode
2026-08-23T17:56:31.519+00:00	1.235	I (1213) spi_flash: detected chip: mxic (opi)
2026-08-23T17:56:31.522+00:00	1.235	I (1217) spi_flash: flash io: opi_str
2026-08-23T17:56:31.529+00:00	1.235	I (1221) sleep_gpio: Configure to isolate all GPIO pins in sleep state
2026-08-23T17:56:31.536+00:00	1.250	I (1227) sleep_gpio: Enable automatic switching of GPIO sleep configuration
2026-08-23T17:56:31.539+00:00	1.250	I (1234) main_task: Started on CPU0
2026-08-23T17:56:31.547+00:00	1.266	I (1234) esp_psram: Reserving pool of 32K of internal memory for DMA/internal allocations
2026-08-23T17:56:31.550+00:00	1.266	I (1244) main_task: Calling app_main()
2026-08-23T17:56:31.553+00:00	1.266	I (1244) asd: PSRAM: 16777216 B
2026-08-23T17:56:31.556+00:00	1.266	I (1254) asd: free heap: 16914407 B
2026-08-23T17:56:31.560+00:00	1.266	I (1254) asd: I2C idle: SDA=1 SCL=1
2026-08-23T17:56:31.564+00:00	1.281	I (1264) asd: I2C poslije probe: SDA=1 SCL=1
2026-08-23T17:56:31.569+00:00	1.281	E (1264) asd: INA226 nije pronadjen na adresama 0x40-0x4F
2026-08-23T17:56:31.576+00:00	1.281	W (1264) i2s_common: dma frame num is out of dma buffer size, limited to 1023
2026-08-23T17:56:32.244+00:00	1.953	W (1944) psdlive: DEVELOPMENT policy: NVS profile load/save je zabranjen
2026-08-23T17:56:32.262+00:00	1.969	FLAGS protocol=asd-quality-v1.5.0 mode=IDLE state=NO_MACHINE waiting=1 learning=0 learned=0 anomaly=0 hold=0 fault=0 green=flash_2s red=off guided25_available=1 workflow_pending=DEFAULT research_telemetry=1 profile_persistence_allowed=0 dropped=0
2026-08-23T17:56:32.265+00:00	1.969	I (1954) psdlive: === SAMOSTALNI PSD DETEKTOR ===
2026-08-23T17:56:32.274+00:00	1.985	I (1964) psdlive: model: 96 traka, matrica 96x96 iz flesa, naucen na 990 normalnih snimaka ventilatora
2026-08-23T17:56:32.279+00:00	1.985	I (1974) psdlive: 1) pusti ventilator koji radi NORMALNO
2026-08-23T17:56:32.289+00:00	2.000	I (1974) psdlive: 2) pritisni taster ILI posalji PRESS sa konzole -> ucenje 10 x 10 s = 100 s, lampica treperi
2026-08-23T17:56:32.295+00:00	2.000	I (1984) psdlive: 3) lampica stalno svijetli = naucio; tek tada izazovi kvar
2026-08-23T17:56:32.303+00:00	2.016	I (1994) psdlive: pritisni taster (GPIO10) ili posalji PRESS da pocne ucenje
2026-08-23T17:56:37.264+00:00	6.969	FLAGS protocol=asd-quality-v1.5.0 mode=IDLE state=NO_MACHINE waiting=1 learning=0 learned=0 anomaly=0 hold=0 fault=0 green=flash_2s red=off guided25_available=1 workflow_pending=DEFAULT research_telemetry=1 profile_persistence_allowed=0 dropped=0
2026-08-23T17:56:42.274+00:00	11.985	FLAGS protocol=asd-quality-v1.5.0 mode=IDLE state=NO_MACHINE waiting=1 learning=0 learned=0 anomaly=0 hold=0 fault=0 green=flash_2s red=off guided25_available=1 workflow_pending=DEFAULT research_telemetry=1 profile_persistence_allowed=0 dropped=0
2026-08-23T17:56:47.286+00:00	17.000	FLAGS protocol=asd-quality-v1.5.0 mode=IDLE state=NO_MACHINE waiting=1 learning=0 learned=0 anomaly=0 hold=0 fault=0 green=flash_2s red=off guided25_available=1 workflow_pending=DEFAULT research_telemetry=1 profile_persistence_allowed=0 dropped=0
2026-08-23T17:56:52.295+00:00	22.000	FLAGS protocol=asd-quality-v1.5.0 mode=IDLE state=NO_MACHINE waiting=1 learning=0 learned=0 anomaly=0 hold=0 fault=0 green=flash_2s red=off guided25_available=1 workflow_pending=DEFAULT research_telemetry=1 profile_persistence_allowed=0 dropped=0
2026-08-23T17:56:57.304+00:00	27.016	FLAGS protocol=asd-quality-v1.5.0 mode=IDLE state=NO_MACHINE waiting=1 learning=0 learned=0 anomaly=0 hold=0 fault=0 green=flash_2s red=off guided25_available=1 workflow_pending=DEFAULT research_telemetry=1 profile_persistence_allowed=0 dropped=0
2026-08-23T17:57:02.316+00:00	32.031	FLAGS protocol=asd-quality-v1.5.0 mode=IDLE state=NO_MACHINE waiting=1 learning=0 learned=0 anomaly=0 hold=0 fault=0 green=flash_2s red=off guided25_available=1 workflow_pending=DEFAULT research_telemetry=1 profile_persistence_allowed=0 dropped=0
2026-08-23T17:57:03.341+00:00	33.047	VWORKFLOW mode=GUIDED25 result=accepted
2026-08-23T17:57:03.343+00:00	33.047	VBUTTON protocol=asd-quality-v1.5.0 source=console event=SHORT result=accepted
2026-08-23T17:57:03.353+00:00	33.063	BUTTON protocol=asd-quality-v1.5.0 event=SHORT mode=IDLE command=START_LEARNING discards=0
2026-08-23T17:57:03.361+00:00	33.078	SESSION protocol=asd-quality-v1.5.0 action=STARTED source=BUTTON reason=OPERATOR_REQUEST discards_calibration=0
2026-08-23T17:57:03.369+00:00	33.078	STATE protocol=asd-quality-v1.5.0 from=NO_MACHINE to=NO_MACHINE reason=BOOT_FAIL_CLOSED
2026-08-23T17:57:03.392+00:00	33.110	COMMISSION protocol=asd-quality-v1.5.0 policy=asd-commissioning-policy-v1.0.0-development developmental=1 action=STARTED phase=SETTLE index=0 total=8 result=NONE score_valid=0 score=0 level_dbfs=-999 tonalness_proxy=0 feature_drift=0
2026-08-23T17:57:03.418+00:00	33.125	FLAGS protocol=asd-quality-v1.5.0 mode=LEARNING state=NO_MACHINE waiting=0 learning=1 learned=0 anomaly=0 hold=0 fault=0 green=blink_5hz red=off guided25_available=1 workflow_pending=DEFAULT research_telemetry=1 profile_persistence_allowed=0 dropped=0
2026-08-23T17:57:08.395+00:00	38.110	FLAGS protocol=asd-quality-v1.5.0 mode=LEARNING state=NO_MACHINE waiting=0 learning=1 learned=0 anomaly=0 hold=0 fault=0 green=blink_5hz red=off guided25_available=1 workflow_pending=DEFAULT research_telemetry=1 profile_persistence_allowed=0 dropped=0
2026-08-23T17:57:13.304+00:00	43.016	COMMISSION protocol=asd-quality-v1.5.0 policy=asd-commissioning-policy-v1.0.0-development developmental=1 action=WINDOW phase=SETTLE index=1 total=8 result=NONE score_valid=0 score=0 level_dbfs=-45.2268944 tonalness_proxy=3.61346674 feature_drift=0
2026-08-23T17:57:13.405+00:00	43.110	FLAGS protocol=asd-quality-v1.5.0 mode=LEARNING state=NO_MACHINE waiting=0 learning=1 learned=0 anomaly=0 hold=0 fault=0 green=blink_5hz red=off guided25_available=1 workflow_pending=DEFAULT research_telemetry=1 profile_persistence_allowed=0 dropped=0
2026-08-23T17:57:18.416+00:00	48.125	FLAGS protocol=asd-quality-v1.5.0 mode=LEARNING state=NO_MACHINE waiting=0 learning=1 learned=0 anomaly=0 hold=0 fault=0 green=blink_5hz red=off guided25_available=1 workflow_pending=DEFAULT research_telemetry=1 profile_persistence_allowed=0 dropped=0
2026-08-23T17:57:23.279+00:00	52.985	COMMISSION protocol=asd-quality-v1.5.0 policy=asd-commissioning-policy-v1.0.0-development developmental=1 action=WINDOW phase=SETTLE index=2 total=8 result=NONE score_valid=0 score=0 level_dbfs=-45.739399 tonalness_proxy=3.60040617 feature_drift=0.0601211376
2026-08-23T17:57:23.426+00:00	53.141	FLAGS protocol=asd-quality-v1.5.0 mode=LEARNING state=NO_MACHINE waiting=0 learning=1 learned=0 anomaly=0 hold=0 fault=0 green=blink_5hz red=off guided25_available=1 workflow_pending=DEFAULT research_telemetry=1 profile_persistence_allowed=0 dropped=0
2026-08-23T17:57:28.435+00:00	58.141	FLAGS protocol=asd-quality-v1.5.0 mode=LEARNING state=NO_MACHINE waiting=0 learning=1 learned=0 anomaly=0 hold=0 fault=0 green=blink_5hz red=off guided25_available=1 workflow_pending=DEFAULT research_telemetry=1 profile_persistence_allowed=0 dropped=0
2026-08-23T17:57:33.251+00:00	62.969	COMMISSION protocol=asd-quality-v1.5.0 policy=asd-commissioning-policy-v1.0.0-development developmental=1 action=WINDOW phase=SETTLE index=3 total=8 result=NONE score_valid=0 score=0 level_dbfs=-45.8004456 tonalness_proxy=3.62701082 feature_drift=0.0647289827
2026-08-23T17:57:33.445+00:00	63.156	FLAGS protocol=asd-quality-v1.5.0 mode=LEARNING state=NO_MACHINE waiting=0 learning=1 learned=0 anomaly=0 hold=0 fault=0 green=blink_5hz red=off guided25_available=1 workflow_pending=DEFAULT research_telemetry=1 profile_persistence_allowed=0 dropped=0
2026-08-23T17:57:38.455+00:00	68.172	FLAGS protocol=asd-quality-v1.5.0 mode=LEARNING state=NO_MACHINE waiting=0 learning=1 learned=0 anomaly=0 hold=0 fault=0 green=blink_5hz red=off guided25_available=1 workflow_pending=DEFAULT research_telemetry=1 profile_persistence_allowed=0 dropped=0
2026-08-23T17:57:43.294+00:00	73.000	COMMISSION protocol=asd-quality-v1.5.0 policy=asd-commissioning-policy-v1.0.0-development developmental=1 action=WINDOW phase=CENTER_LEARNING index=4 total=8 result=NONE score_valid=0 score=0 level_dbfs=-45.5476418 tonalness_proxy=3.59618711 feature_drift=0.0721301958
2026-08-23T17:57:43.314+00:00	73.031	COMMISSION protocol=asd-quality-v1.5.0 policy=asd-commissioning-policy-v1.0.0-development developmental=1 action=PHASE_ENTERED phase=CENTER_LEARNING index=0 total=10 result=NONE score_valid=0 score=0 level_dbfs=-999 tonalness_proxy=0 feature_drift=0
2026-08-23T17:57:43.465+00:00	73.172	FLAGS protocol=asd-quality-v1.5.0 mode=LEARNING state=NO_MACHINE waiting=0 learning=1 learned=0 anomaly=0 hold=0 fault=0 green=blink_5hz red=off guided25_available=1 workflow_pending=DEFAULT research_telemetry=1 profile_persistence_allowed=0 dropped=0
2026-08-23T17:57:43.528+00:00	73.235	QUALITY protocol=asd-quality-v1.5.0 phase=WAIT index=1 total=60 result=OK metrics_valid=1 samples=4096 expected=4096 rms_dbfs=-45.241 dc=-0.199 peak=519 clipped=0 zeros=6 stuck=8 dropped_delta=0 feature_valid=0 tonalness_valid=0 tonalness_proxy=0.000000 tonal_gate=not_computed
2026-08-23T17:57:43.781+00:00	73.485	WAIT 1/60 level_dbfs=-45.24 spread=0.000 nivo=-45.2 dBFS cujem
2026-08-23T17:57:43.785+00:00	73.500	QUALITY protocol=asd-quality-v1.5.0 phase=WAIT index=2 total=60 result=OK metrics_valid=1 samples=4096 expected=4096 rms_dbfs=-45.715 dc=-0.136 peak=539 clipped=0 zeros=17 stuck=10 dropped_delta=0 feature_valid=0 tonalness_valid=0 tonalness_proxy=0.000000 tonal_gate=not_computed
2026-08-23T17:57:44.038+00:00	73.750	WAIT 2/60 level_dbfs=-45.72 spread=0.000 nivo=-45.7 dBFS cujem
2026-08-23T17:57:44.043+00:00	73.750	QUALITY protocol=asd-quality-v1.5.0 phase=WAIT index=3 total=60 result=OK metrics_valid=1 samples=4096 expected=4096 rms_dbfs=-45.824 dc=-0.638 peak=578 clipped=0 zeros=11 stuck=6 dropped_delta=0 feature_valid=0 tonalness_valid=0 tonalness_proxy=0.000000 tonal_gate=not_computed
2026-08-23T17:57:44.293+00:00	74.000	WAIT 3/60 level_dbfs=-45.82 spread=0.000 nivo=-45.8 dBFS cujem
2026-08-23T17:57:44.297+00:00	74.000	QUALITY protocol=asd-quality-v1.5.0 phase=WAIT index=4 total=60 result=OK metrics_valid=1 samples=4096 expected=4096 rms_dbfs=-45.880 dc=1.965 peak=599 clipped=0 zeros=10 stuck=9 dropped_delta=0 feature_valid=0 tonalness_valid=0 tonalness_proxy=0.000000 tonal_gate=not_computed
2026-08-23T17:57:44.548+00:00	74.266	WAIT 4/60 level_dbfs=-45.88 spread=0.000 nivo=-45.9 dBFS cujem
2026-08-23T17:57:44.551+00:00	74.266	QUALITY protocol=asd-quality-v1.5.0 phase=WAIT index=5 total=60 result=OK metrics_valid=1 samples=4096 expected=4096 rms_dbfs=-45.846 dc=-2.270 peak=590 clipped=0 zeros=9 stuck=8 dropped_delta=0 feature_valid=0 tonalness_valid=0 tonalness_proxy=0.000000 tonal_gate=not_computed
2026-08-23T17:57:44.805+00:00	74.516	WAIT 5/60 level_dbfs=-45.85 spread=0.000 nivo=-45.8 dBFS cujem
2026-08-23T17:57:44.812+00:00	74.516	QUALITY protocol=asd-quality-v1.5.0 phase=WAIT index=6 total=60 result=OK metrics_valid=1 samples=4096 expected=4096 rms_dbfs=-45.834 dc=-1.148 peak=548 clipped=0 zeros=10 stuck=7 dropped_delta=0 feature_valid=0 tonalness_valid=0 tonalness_proxy=0.000000 tonal_gate=not_computed
2026-08-23T17:57:45.060+00:00	74.766	WAIT 6/60 level_dbfs=-45.83 spread=0.000 nivo=-45.8 dBFS cujem
2026-08-23T17:57:45.064+00:00	74.781	QUALITY protocol=asd-quality-v1.5.0 phase=WAIT index=7 total=60 result=OK metrics_valid=1 samples=4096 expected=4096 rms_dbfs=-45.801 dc=-0.325 peak=571 clipped=0 zeros=10 stuck=12 dropped_delta=0 feature_valid=0 tonalness_valid=0 tonalness_proxy=0.000000 tonal_gate=not_computed
2026-08-23T17:57:45.316+00:00	75.031	WAIT 7/60 level_dbfs=-45.80 spread=0.000 nivo=-45.8 dBFS cujem
2026-08-23T17:57:45.319+00:00	75.031	QUALITY protocol=asd-quality-v1.5.0 phase=WAIT index=8 total=60 result=OK metrics_valid=1 samples=4096 expected=4096 rms_dbfs=-45.577 dc=0.098 peak=621 clipped=0 zeros=14 stuck=14 dropped_delta=0 feature_valid=0 tonalness_valid=0 tonalness_proxy=0.000000 tonal_gate=not_computed
2026-08-23T17:57:45.571+00:00	75.281	WAIT 8/60 level_dbfs=-45.58 spread=0.000 nivo=-45.6 dBFS cujem
2026-08-23T17:57:45.577+00:00	75.281	QUALITY protocol=asd-quality-v1.5.0 phase=WAIT index=9 total=60 result=OK metrics_valid=1 samples=4096 expected=4096 rms_dbfs=-45.675 dc=-1.492 peak=573 clipped=0 zeros=3 stuck=6 dropped_delta=0 feature_valid=0 tonalness_valid=0 tonalness_proxy=0.000000 tonal_gate=not_computed
2026-08-23T17:57:45.827+00:00	75.531	WAIT 9/60 level_dbfs=-45.68 spread=0.000 nivo=-45.7 dBFS cujem
2026-08-23T17:57:45.830+00:00	75.547	QUALITY protocol=asd-quality-v1.5.0 phase=WAIT index=10 total=60 result=OK metrics_valid=1 samples=4096 expected=4096 rms_dbfs=-45.836 dc=1.014 peak=558 clipped=0 zeros=9 stuck=9 dropped_delta=0 feature_valid=0 tonalness_valid=0 tonalness_proxy=0.000000 tonal_gate=not_computed
2026-08-23T17:57:45.833+00:00	75.547	WAIT 10/60 level_dbfs=-45.84 spread=0.000 nivo=-45.8 dBFS cujem
2026-08-23T17:57:46.086+00:00	75.797	QUALITY protocol=asd-quality-v1.5.0 phase=WAIT index=11 total=60 result=OK metrics_valid=1 samples=4096 expected=4096 rms_dbfs=-45.979 dc=-1.937 peak=567 clipped=0 zeros=16 stuck=8 dropped_delta=0 feature_valid=0 tonalness_valid=0 tonalness_proxy=0.000000 tonal_gate=not_computed
2026-08-23T17:57:46.089+00:00	75.797	WAIT 11/60 level_dbfs=-45.98 spread=0.000 nivo=-46.0 dBFS cujem
2026-08-23T17:57:46.342+00:00	76.047	QUALITY protocol=asd-quality-v1.5.0 phase=WAIT index=12 total=60 result=OK metrics_valid=1 samples=4096 expected=4096 rms_dbfs=-46.100 dc=2.589 peak=533 clipped=0 zeros=7 stuck=4 dropped_delta=0 feature_valid=0 tonalness_valid=0 tonalness_proxy=0.000000 tonal_gate=not_computed
2026-08-23T17:57:46.344+00:00	76.063	WAIT 12/60 level_dbfs=-46.10 spread=0.000 nivo=-46.1 dBFS cujem
2026-08-23T17:57:46.596+00:00	76.313	QUALITY protocol=asd-quality-v1.5.0 phase=WAIT index=13 total=60 result=OK metrics_valid=1 samples=4096 expected=4096 rms_dbfs=-46.157 dc=-3.094 peak=560 clipped=0 zeros=17 stuck=6 dropped_delta=0 feature_valid=0 tonalness_valid=0 tonalness_proxy=0.000000 tonal_gate=not_computed
2026-08-23T17:57:46.600+00:00	76.313	WAIT 13/60 level_dbfs=-46.16 spread=0.000 nivo=-46.2 dBFS cujem
2026-08-23T17:57:46.852+00:00	76.563	QUALITY protocol=asd-quality-v1.5.0 phase=WAIT index=14 total=60 result=OK metrics_valid=1 samples=4096 expected=4096 rms_dbfs=-46.214 dc=0.473 peak=509 clipped=0 zeros=9 stuck=6 dropped_delta=0 feature_valid=0 tonalness_valid=0 tonalness_proxy=0.000000 tonal_gate=not_computed
2026-08-23T17:57:46.856+00:00	76.563	WAIT 14/60 level_dbfs=-46.21 spread=0.000 nivo=-46.2 dBFS cujem
2026-08-23T17:57:47.111+00:00	76.828	QUALITY protocol=asd-quality-v1.5.0 phase=WAIT index=15 total=60 result=OK metrics_valid=1 samples=4096 expected=4096 rms_dbfs=-46.128 dc=0.737 peak=470 clipped=0 zeros=8 stuck=5 dropped_delta=0 feature_valid=0 tonalness_valid=0 tonalness_proxy=0.000000 tonal_gate=not_computed
2026-08-23T17:57:47.112+00:00	76.828	WAIT 15/60 level_dbfs=-46.13 spread=0.000 nivo=-46.1 dBFS cujem
2026-08-23T17:57:47.364+00:00	77.078	QUALITY protocol=asd-quality-v1.5.0 phase=WAIT index=16 total=60 result=OK metrics_valid=1 samples=4096 expected=4096 rms_dbfs=-45.785 dc=-2.138 peak=493 clipped=0 zeros=10 stuck=5 dropped_delta=0 feature_valid=0 tonalness_valid=0 tonalness_proxy=0.000000 tonal_gate=not_computed
2026-08-23T17:57:47.367+00:00	77.078	WAIT 16/60 level_dbfs=-45.79 spread=0.000 nivo=-45.8 dBFS cujem
2026-08-23T17:57:47.619+00:00	77.328	QUALITY protocol=asd-quality-v1.5.0 phase=WAIT index=17 total=60 result=OK metrics_valid=1 samples=4096 expected=4096 rms_dbfs=-46.308 dc=-1.202 peak=474 clipped=0 zeros=12 stuck=5 dropped_delta=0 feature_valid=0 tonalness_valid=0 tonalness_proxy=0.000000 tonal_gate=not_computed
2026-08-23T17:57:47.624+00:00	77.328	WAIT 17/60 level_dbfs=-46.31 spread=0.000 nivo=-46.3 dBFS cujem
2026-08-23T17:57:47.876+00:00	77.594	QUALITY protocol=asd-quality-v1.5.0 phase=WAIT index=18 total=60 result=OK metrics_valid=1 samples=4096 expected=4096 rms_dbfs=-46.111 dc=1.284 peak=520 clipped=0 zeros=14 stuck=4 dropped_delta=0 feature_valid=0 tonalness_valid=0 tonalness_proxy=0.000000 tonal_gate=not_computed
2026-08-23T17:57:47.878+00:00	77.594	WAIT 18/60 level_dbfs=-46.11 spread=0.000 nivo=-46.1 dBFS cujem
2026-08-23T17:57:48.131+00:00	77.844	QUALITY protocol=asd-quality-v1.5.0 phase=WAIT index=19 total=60 result=OK metrics_valid=1 samples=4096 expected=4096 rms_dbfs=-46.220 dc=-1.878 peak=493 clipped=0 zeros=9 stuck=9 dropped_delta=0 feature_valid=0 tonalness_valid=0 tonalness_proxy=0.000000 tonal_gate=not_computed
2026-08-23T17:57:48.134+00:00	77.844	WAIT 19/60 level_dbfs=-46.22 spread=0.000 nivo=-46.2 dBFS cujem
2026-08-23T17:57:48.387+00:00	78.094	QUALITY protocol=asd-quality-v1.5.0 phase=WAIT index=20 total=60 result=OK metrics_valid=1 samples=4096 expected=4096 rms_dbfs=-46.233 dc=-1.108 peak=473 clipped=0 zeros=21 stuck=4 dropped_delta=0 feature_valid=0 tonalness_valid=0 tonalness_proxy=0.000000 tonal_gate=not_computed
2026-08-23T17:57:48.391+00:00	78.110	WAIT 20/60 level_dbfs=-46.23 spread=0.000 nivo=-46.2 dBFS cujem
2026-08-23T17:57:48.477+00:00	78.188	FLAGS protocol=asd-quality-v1.5.0 mode=LEARNING state=NO_MACHINE waiting=0 learning=1 learned=0 anomaly=0 hold=0 fault=0 green=blink_5hz red=off guided25_available=1 workflow_pending=DEFAULT research_telemetry=1 profile_persistence_allowed=0 dropped=0
2026-08-23T17:57:48.644+00:00	78.360	QUALITY protocol=asd-quality-v1.5.0 phase=WAIT index=21 total=60 result=OK metrics_valid=1 samples=4096 expected=4096 rms_dbfs=-46.186 dc=1.288 peak=492 clipped=0 zeros=14 stuck=4 dropped_delta=0 feature_valid=0 tonalness_valid=0 tonalness_proxy=0.000000 tonal_gate=not_computed
2026-08-23T17:57:48.689+00:00	78.406	WAIT 21/60 level_dbfs=-46.19 spread=0.000 nivo=-46.2 dBFS cujem
2026-08-23T17:57:48.898+00:00	78.610	QUALITY protocol=asd-quality-v1.5.0 phase=WAIT index=22 total=60 result=OK metrics_valid=1 samples=4096 expected=4096 rms_dbfs=-45.554 dc=-1.560 peak=590 clipped=0 zeros=7 stuck=3 dropped_delta=0 feature_valid=0 tonalness_valid=0 tonalness_proxy=0.000000 tonal_gate=not_computed
2026-08-23T17:57:48.902+00:00	78.610	WAIT 22/60 level_dbfs=-45.55 spread=0.000 nivo=-45.6 dBFS cujem
2026-08-23T17:57:49.154+00:00	78.860	QUALITY protocol=asd-quality-v1.5.0 phase=WAIT index=23 total=60 result=OK metrics_valid=1 samples=4096 expected=4096 rms_dbfs=-45.387 dc=-0.038 peak=560 clipped=0 zeros=18 stuck=3 dropped_delta=0 feature_valid=0 tonalness_valid=0 tonalness_proxy=0.000000 tonal_gate=not_computed
2026-08-23T17:57:49.158+00:00	78.875	WAIT 23/60 level_dbfs=-45.39 spread=0.000 nivo=-45.4 dBFS cujem
2026-08-23T17:57:49.410+00:00	79.125	QUALITY protocol=asd-quality-v1.5.0 phase=WAIT index=24 total=60 result=OK metrics_valid=1 samples=4096 expected=4096 rms_dbfs=-45.916 dc=1.683 peak=499 clipped=0 zeros=7 stuck=5 dropped_delta=0 feature_valid=0 tonalness_valid=0 tonalness_proxy=0.000000 tonal_gate=not_computed
2026-08-23T17:57:49.412+00:00	79.125	WAIT 24/60 level_dbfs=-45.92 spread=0.000 nivo=-45.9 dBFS cujem
2026-08-23T17:57:49.665+00:00	79.375	QUALITY protocol=asd-quality-v1.5.0 phase=WAIT index=25 total=60 result=OK metrics_valid=1 samples=4096 expected=4096 rms_dbfs=-46.006 dc=-0.785 peak=456 clipped=0 zeros=5 stuck=4 dropped_delta=0 feature_valid=0 tonalness_valid=0 tonalness_proxy=0.000000 tonal_gate=not_computed
2026-08-23T17:57:49.669+00:00	79.375	WAIT 25/60 level_dbfs=-46.01 spread=0.000 nivo=-46.0 dBFS cujem
2026-08-23T17:57:49.922+00:00	79.625	QUALITY protocol=asd-quality-v1.5.0 phase=WAIT index=26 total=60 result=OK metrics_valid=1 samples=4096 expected=4096 rms_dbfs=-45.993 dc=-0.814 peak=495 clipped=0 zeros=11 stuck=4 dropped_delta=0 feature_valid=0 tonalness_valid=0 tonalness_proxy=0.000000 tonal_gate=not_computed
2026-08-23T17:57:49.925+00:00	79.641	WAIT 26/60 level_dbfs=-45.99 spread=0.000 nivo=-46.0 dBFS cujem
2026-08-23T17:57:50.177+00:00	79.891	QUALITY protocol=asd-quality-v1.5.0 phase=WAIT index=27 total=60 result=OK metrics_valid=1 samples=4096 expected=4096 rms_dbfs=-46.166 dc=-1.426 peak=485 clipped=0 zeros=12 stuck=3 dropped_delta=0 feature_valid=0 tonalness_valid=0 tonalness_proxy=0.000000 tonal_gate=not_computed
2026-08-23T17:57:50.180+00:00	79.891	WAIT 27/60 level_dbfs=-46.17 spread=0.000 nivo=-46.2 dBFS cujem
2026-08-23T17:57:50.433+00:00	80.141	QUALITY protocol=asd-quality-v1.5.0 phase=WAIT index=28 total=60 result=OK metrics_valid=1 samples=4096 expected=4096 rms_dbfs=-46.046 dc=-0.141 peak=484 clipped=0 zeros=13 stuck=7 dropped_delta=0 feature_valid=0 tonalness_valid=0 tonalness_proxy=0.000000 tonal_gate=not_computed
2026-08-23T17:57:50.436+00:00	80.141	WAIT 28/60 level_dbfs=-46.05 spread=0.000 nivo=-46.0 dBFS cujem
2026-08-23T17:57:50.690+00:00	80.406	QUALITY protocol=asd-quality-v1.5.0 phase=WAIT index=29 total=60 result=OK metrics_valid=1 samples=4096 expected=4096 rms_dbfs=-45.698 dc=-0.107 peak=552 clipped=0 zeros=8 stuck=5 dropped_delta=0 feature_valid=0 tonalness_valid=0 tonalness_proxy=0.000000 tonal_gate=not_computed
2026-08-23T17:57:50.692+00:00	80.406	WAIT 29/60 level_dbfs=-45.70 spread=0.000 nivo=-45.7 dBFS cujem
2026-08-23T17:57:50.945+00:00	80.656	QUALITY protocol=asd-quality-v1.5.0 phase=WAIT index=30 total=60 result=OK metrics_valid=1 samples=4096 expected=4096 rms_dbfs=-45.823 dc=0.864 peak=496 clipped=0 zeros=17 stuck=4 dropped_delta=0 feature_valid=0 tonalness_valid=0 tonalness_proxy=0.000000 tonal_gate=not_computed
2026-08-23T17:57:50.947+00:00	80.656	WAIT 30/60 level_dbfs=-45.82 spread=0.000 nivo=-45.8 dBFS cujem
2026-08-23T17:57:51.201+00:00	80.906	QUALITY protocol=asd-quality-v1.5.0 phase=WAIT index=31 total=60 result=OK metrics_valid=1 samples=4096 expected=4096 rms_dbfs=-45.554 dc=-2.332 peak=509 clipped=0 zeros=14 stuck=6 dropped_delta=0 feature_valid=0 tonalness_valid=0 tonalness_proxy=0.000000 tonal_gate=not_computed
2026-08-23T17:57:51.203+00:00	80.906	WAIT 31/60 level_dbfs=-45.55 spread=0.000 nivo=-45.6 dBFS cujem
2026-08-23T17:57:51.457+00:00	81.172	QUALITY protocol=asd-quality-v1.5.0 phase=WAIT index=32 total=60 result=OK metrics_valid=1 samples=4096 expected=4096 rms_dbfs=-45.909 dc=0.053 peak=552 clipped=0 zeros=10 stuck=6 dropped_delta=0 feature_valid=0 tonalness_valid=0 tonalness_proxy=0.000000 tonal_gate=not_computed
2026-08-23T17:57:51.459+00:00	81.172	WAIT 32/60 level_dbfs=-45.91 spread=0.000 nivo=-45.9 dBFS cujem
2026-08-23T17:57:51.713+00:00	81.422	QUALITY protocol=asd-quality-v1.5.0 phase=WAIT index=33 total=60 result=OK metrics_valid=1 samples=4096 expected=4096 rms_dbfs=-45.810 dc=-1.624 peak=536 clipped=0 zeros=5 stuck=7 dropped_delta=0 feature_valid=0 tonalness_valid=0 tonalness_proxy=0.000000 tonal_gate=not_computed
2026-08-23T17:57:51.715+00:00	81.422	WAIT 33/60 level_dbfs=-45.81 spread=0.000 nivo=-45.8 dBFS cujem
2026-08-23T17:57:51.968+00:00	81.672	QUALITY protocol=asd-quality-v1.5.0 phase=WAIT index=34 total=60 result=OK metrics_valid=1 samples=4096 expected=4096 rms_dbfs=-45.932 dc=-0.311 peak=512 clipped=0 zeros=10 stuck=6 dropped_delta=0 feature_valid=0 tonalness_valid=0 tonalness_proxy=0.000000 tonal_gate=not_computed
2026-08-23T17:57:51.971+00:00	81.688	WAIT 34/60 level_dbfs=-45.93 spread=0.000 nivo=-45.9 dBFS cujem
2026-08-23T17:57:52.226+00:00	81.938	QUALITY protocol=asd-quality-v1.5.0 phase=WAIT index=35 total=60 result=OK metrics_valid=1 samples=4096 expected=4096 rms_dbfs=-46.131 dc=0.738 peak=540 clipped=0 zeros=16 stuck=7 dropped_delta=0 feature_valid=0 tonalness_valid=0 tonalness_proxy=0.000000 tonal_gate=not_computed
2026-08-23T17:57:52.227+00:00	81.938	WAIT 35/60 level_dbfs=-46.13 spread=0.000 nivo=-46.1 dBFS cujem
2026-08-23T17:57:52.479+00:00	82.188	QUALITY protocol=asd-quality-v1.5.0 phase=WAIT index=36 total=60 result=OK metrics_valid=1 samples=4096 expected=4096 rms_dbfs=-45.633 dc=-0.372 peak=564 clipped=0 zeros=12 stuck=4 dropped_delta=0 feature_valid=0 tonalness_valid=0 tonalness_proxy=0.000000 tonal_gate=not_computed
2026-08-23T17:57:52.482+00:00	82.188	WAIT 36/60 level_dbfs=-45.63 spread=0.000 nivo=-45.6 dBFS cujem
2026-08-23T17:57:52.735+00:00	82.453	QUALITY protocol=asd-quality-v1.5.0 phase=WAIT index=37 total=60 result=OK metrics_valid=1 samples=4096 expected=4096 rms_dbfs=-45.692 dc=-0.417 peak=549 clipped=0 zeros=12 stuck=8 dropped_delta=0 feature_valid=0 tonalness_valid=0 tonalness_proxy=0.000000 tonal_gate=not_computed
2026-08-23T17:57:52.738+00:00	82.453	WAIT 37/60 level_dbfs=-45.69 spread=0.000 nivo=-45.7 dBFS cujem
2026-08-23T17:57:52.993+00:00	82.703	QUALITY protocol=asd-quality-v1.5.0 phase=WAIT index=38 total=60 result=OK metrics_valid=1 samples=4096 expected=4096 rms_dbfs=-45.992 dc=-0.887 peak=551 clipped=0 zeros=11 stuck=8 dropped_delta=0 feature_valid=0 tonalness_valid=0 tonalness_proxy=0.000000 tonal_gate=not_computed
2026-08-23T17:57:52.994+00:00	82.703	WAIT 38/60 level_dbfs=-45.99 spread=0.000 nivo=-46.0 dBFS cujem
2026-08-23T17:57:53.248+00:00	82.953	QUALITY protocol=asd-quality-v1.5.0 phase=WAIT index=39 total=60 result=OK metrics_valid=1 samples=4096 expected=4096 rms_dbfs=-45.977 dc=0.448 peak=608 clipped=0 zeros=16 stuck=12 dropped_delta=0 feature_valid=0 tonalness_valid=0 tonalness_proxy=0.000000 tonal_gate=not_computed
2026-08-23T17:57:53.250+00:00	82.953	WAIT 39/60 level_dbfs=-45.98 spread=0.000 nivo=-46.0 dBFS cujem
2026-08-23T17:57:53.485+00:00	83.203	FLAGS protocol=asd-quality-v1.5.0 mode=LEARNING state=NO_MACHINE waiting=0 learning=1 learned=0 anomaly=0 hold=0 fault=0 green=blink_5hz red=off guided25_available=1 workflow_pending=DEFAULT research_telemetry=1 profile_persistence_allowed=0 dropped=0
2026-08-23T17:57:53.511+00:00	83.219	QUALITY protocol=asd-quality-v1.5.0 phase=WAIT index=40 total=60 result=OK metrics_valid=1 samples=4096 expected=4096 rms_dbfs=-45.511 dc=0.261 peak=524 clipped=0 zeros=12 stuck=7 dropped_delta=0 feature_valid=0 tonalness_valid=0 tonalness_proxy=0.000000 tonal_gate=not_computed
2026-08-23T17:57:53.512+00:00	83.219	WAIT 40/60 level_dbfs=-45.51 spread=0.000 nivo=-45.5 dBFS cujem
2026-08-23T17:57:53.758+00:00	83.469	QUALITY protocol=asd-quality-v1.5.0 phase=WAIT index=41 total=60 result=OK metrics_valid=1 samples=4096 expected=4096 rms_dbfs=-45.743 dc=0.533 peak=585 clipped=0 zeros=7 stuck=9 dropped_delta=0 feature_valid=0 tonalness_valid=0 tonalness_proxy=0.000000 tonal_gate=not_computed
2026-08-23T17:57:53.761+00:00	83.469	WAIT 41/60 level_dbfs=-45.74 spread=0.000 nivo=-45.7 dBFS cujem
2026-08-23T17:57:54.015+00:00	83.719	QUALITY protocol=asd-quality-v1.5.0 phase=WAIT index=42 total=60 result=OK metrics_valid=1 samples=4096 expected=4096 rms_dbfs=-45.727 dc=-1.150 peak=516 clipped=0 zeros=14 stuck=13 dropped_delta=0 feature_valid=0 tonalness_valid=0 tonalness_proxy=0.000000 tonal_gate=not_computed
2026-08-23T17:57:54.017+00:00	83.735	WAIT 42/60 level_dbfs=-45.73 spread=0.000 nivo=-45.7 dBFS cujem
2026-08-23T17:57:54.270+00:00	83.985	QUALITY protocol=asd-quality-v1.5.0 phase=WAIT index=43 total=60 result=OK metrics_valid=1 samples=4096 expected=4096 rms_dbfs=-45.474 dc=-0.194 peak=525 clipped=0 zeros=14 stuck=7 dropped_delta=0 feature_valid=0 tonalness_valid=0 tonalness_proxy=0.000000 tonal_gate=not_computed
2026-08-23T17:57:54.273+00:00	83.985	WAIT 43/60 level_dbfs=-45.47 spread=0.000 nivo=-45.5 dBFS cujem
2026-08-23T17:57:54.526+00:00	84.235	QUALITY protocol=asd-quality-v1.5.0 phase=WAIT index=44 total=60 result=OK metrics_valid=1 samples=4096 expected=4096 rms_dbfs=-45.860 dc=-1.467 peak=539 clipped=0 zeros=14 stuck=5 dropped_delta=0 feature_valid=0 tonalness_valid=0 tonalness_proxy=0.000000 tonal_gate=not_computed
2026-08-23T17:57:54.529+00:00	84.235	WAIT 44/60 level_dbfs=-45.86 spread=0.000 nivo=-45.9 dBFS cujem
2026-08-23T17:57:54.781+00:00	84.485	QUALITY protocol=asd-quality-v1.5.0 phase=WAIT index=45 total=60 result=OK metrics_valid=1 samples=4096 expected=4096 rms_dbfs=-46.228 dc=1.000 peak=493 clipped=0 zeros=10 stuck=6 dropped_delta=0 feature_valid=0 tonalness_valid=0 tonalness_proxy=0.000000 tonal_gate=not_computed
2026-08-23T17:57:54.784+00:00	84.500	WAIT 45/60 level_dbfs=-46.23 spread=0.000 nivo=-46.2 dBFS cujem
2026-08-23T17:57:55.037+00:00	84.750	QUALITY protocol=asd-quality-v1.5.0 phase=WAIT index=46 total=60 result=OK metrics_valid=1 samples=4096 expected=4096 rms_dbfs=-46.256 dc=-2.135 peak=520 clipped=0 zeros=11 stuck=12 dropped_delta=0 feature_valid=0 tonalness_valid=0 tonalness_proxy=0.000000 tonal_gate=not_computed
2026-08-23T17:57:55.041+00:00	84.750	WAIT 46/60 level_dbfs=-46.26 spread=0.000 nivo=-46.3 dBFS cujem
2026-08-23T17:57:55.295+00:00	85.000	QUALITY protocol=asd-quality-v1.5.0 phase=WAIT index=47 total=60 result=OK metrics_valid=1 samples=4096 expected=4096 rms_dbfs=-46.075 dc=-0.935 peak=590 clipped=0 zeros=16 stuck=13 dropped_delta=0 feature_valid=0 tonalness_valid=0 tonalness_proxy=0.000000 tonal_gate=not_computed
2026-08-23T17:57:55.296+00:00	85.000	WAIT 47/60 level_dbfs=-46.07 spread=0.000 nivo=-46.1 dBFS cujem
2026-08-23T17:57:55.549+00:00	85.266	QUALITY protocol=asd-quality-v1.5.0 phase=WAIT index=48 total=60 result=OK metrics_valid=1 samples=4096 expected=4096 rms_dbfs=-46.047 dc=0.351 peak=551 clipped=0 zeros=6 stuck=12 dropped_delta=0 feature_valid=0 tonalness_valid=0 tonalness_proxy=0.000000 tonal_gate=not_computed
2026-08-23T17:57:55.552+00:00	85.266	WAIT 48/60 level_dbfs=-46.05 spread=0.000 nivo=-46.0 dBFS cujem
2026-08-23T17:57:55.807+00:00	85.516	QUALITY protocol=asd-quality-v1.5.0 phase=WAIT index=49 total=60 result=OK metrics_valid=1 samples=4096 expected=4096 rms_dbfs=-45.806 dc=-0.282 peak=556 clipped=0 zeros=12 stuck=8 dropped_delta=0 feature_valid=0 tonalness_valid=0 tonalness_proxy=0.000000 tonal_gate=not_computed
2026-08-23T17:57:55.809+00:00	85.516	WAIT 49/60 level_dbfs=-45.81 spread=0.000 nivo=-45.8 dBFS cujem
2026-08-23T17:57:56.061+00:00	85.766	QUALITY protocol=asd-quality-v1.5.0 phase=WAIT index=50 total=60 result=OK metrics_valid=1 samples=4096 expected=4096 rms_dbfs=-45.772 dc=-1.290 peak=528 clipped=0 zeros=11 stuck=7 dropped_delta=0 feature_valid=0 tonalness_valid=0 tonalness_proxy=0.000000 tonal_gate=not_computed
2026-08-23T17:57:56.064+00:00	85.781	WAIT 50/60 level_dbfs=-45.77 spread=0.000 nivo=-45.8 dBFS cujem
2026-08-23T17:57:56.315+00:00	86.031	QUALITY protocol=asd-quality-v1.5.0 phase=WAIT index=51 total=60 result=OK metrics_valid=1 samples=4096 expected=4096 rms_dbfs=-45.725 dc=-0.291 peak=549 clipped=0 zeros=13 stuck=5 dropped_delta=0 feature_valid=0 tonalness_valid=0 tonalness_proxy=0.000000 tonal_gate=not_computed
2026-08-23T17:57:56.318+00:00	86.031	WAIT 51/60 level_dbfs=-45.72 spread=0.000 nivo=-45.7 dBFS cujem
2026-08-23T17:57:56.571+00:00	86.281	QUALITY protocol=asd-quality-v1.5.0 phase=WAIT index=52 total=60 result=OK metrics_valid=1 samples=4096 expected=4096 rms_dbfs=-45.777 dc=1.629 peak=551 clipped=0 zeros=8 stuck=8 dropped_delta=0 feature_valid=0 tonalness_valid=0 tonalness_proxy=0.000000 tonal_gate=not_computed
2026-08-23T17:57:56.575+00:00	86.281	WAIT 52/60 level_dbfs=-45.78 spread=0.000 nivo=-45.8 dBFS cujem
2026-08-23T17:57:56.831+00:00	86.547	QUALITY protocol=asd-quality-v1.5.0 phase=WAIT index=53 total=60 result=OK metrics_valid=1 samples=4096 expected=4096 rms_dbfs=-45.723 dc=-3.477 peak=534 clipped=0 zeros=7 stuck=6 dropped_delta=0 feature_valid=0 tonalness_valid=0 tonalness_proxy=0.000000 tonal_gate=not_computed
2026-08-23T17:57:56.833+00:00	86.547	WAIT 53/60 level_dbfs=-45.72 spread=0.000 nivo=-45.7 dBFS cujem
2026-08-23T17:57:57.083+00:00	86.797	QUALITY protocol=asd-quality-v1.5.0 phase=WAIT index=54 total=60 result=OK metrics_valid=1 samples=4096 expected=4096 rms_dbfs=-45.879 dc=0.303 peak=524 clipped=0 zeros=10 stuck=8 dropped_delta=0 feature_valid=0 tonalness_valid=0 tonalness_proxy=0.000000 tonal_gate=not_computed
2026-08-23T17:57:57.086+00:00	86.797	WAIT 54/60 level_dbfs=-45.88 spread=0.000 nivo=-45.9 dBFS cujem
2026-08-23T17:57:57.339+00:00	87.047	QUALITY protocol=asd-quality-v1.5.0 phase=WAIT index=55 total=60 result=OK metrics_valid=1 samples=4096 expected=4096 rms_dbfs=-45.879 dc=-0.448 peak=592 clipped=0 zeros=11 stuck=6 dropped_delta=0 feature_valid=0 tonalness_valid=0 tonalness_proxy=0.000000 tonal_gate=not_computed
2026-08-23T17:57:57.365+00:00	87.078	WAIT 55/60 level_dbfs=-45.88 spread=0.000 nivo=-45.9 dBFS cujem
2026-08-23T17:57:57.593+00:00	87.297	QUALITY protocol=asd-quality-v1.5.0 phase=WAIT index=56 total=60 result=OK metrics_valid=1 samples=4096 expected=4096 rms_dbfs=-45.961 dc=0.435 peak=552 clipped=0 zeros=10 stuck=4 dropped_delta=0 feature_valid=0 tonalness_valid=0 tonalness_proxy=0.000000 tonal_gate=not_computed
2026-08-23T17:57:57.597+00:00	87.313	WAIT 56/60 level_dbfs=-45.96 spread=0.000 nivo=-46.0 dBFS cujem
2026-08-23T17:57:57.851+00:00	87.563	QUALITY protocol=asd-quality-v1.5.0 phase=WAIT index=57 total=60 result=OK metrics_valid=1 samples=4096 expected=4096 rms_dbfs=-46.079 dc=-0.448 peak=561 clipped=0 zeros=7 stuck=5 dropped_delta=0 feature_valid=0 tonalness_valid=0 tonalness_proxy=0.000000 tonal_gate=not_computed
2026-08-23T17:57:57.853+00:00	87.563	WAIT 57/60 level_dbfs=-46.08 spread=0.000 nivo=-46.1 dBFS cujem
2026-08-23T17:57:58.108+00:00	87.813	QUALITY protocol=asd-quality-v1.5.0 phase=WAIT index=58 total=60 result=OK metrics_valid=1 samples=4096 expected=4096 rms_dbfs=-45.881 dc=-1.782 peak=552 clipped=0 zeros=12 stuck=12 dropped_delta=0 feature_valid=0 tonalness_valid=0 tonalness_proxy=0.000000 tonal_gate=not_computed
2026-08-23T17:57:58.111+00:00	87.828	WAIT 58/60 level_dbfs=-45.88 spread=0.000 nivo=-45.9 dBFS cujem
2026-08-23T17:57:58.361+00:00	88.078	QUALITY protocol=asd-quality-v1.5.0 phase=WAIT index=59 total=60 result=OK metrics_valid=1 samples=4096 expected=4096 rms_dbfs=-45.909 dc=2.565 peak=560 clipped=0 zeros=14 stuck=7 dropped_delta=0 feature_valid=0 tonalness_valid=0 tonalness_proxy=0.000000 tonal_gate=not_computed
2026-08-23T17:57:58.364+00:00	88.078	WAIT 59/60 level_dbfs=-45.91 spread=0.000 nivo=-45.9 dBFS cujem
2026-08-23T17:57:58.495+00:00	88.203	FLAGS protocol=asd-quality-v1.5.0 mode=LEARNING state=NO_MACHINE waiting=0 learning=1 learned=0 anomaly=0 hold=0 fault=0 green=blink_5hz red=off guided25_available=1 workflow_pending=DEFAULT research_telemetry=1 profile_persistence_allowed=0 dropped=0
2026-08-23T17:57:58.617+00:00	88.328	QUALITY protocol=asd-quality-v1.5.0 phase=WAIT index=60 total=60 result=OK metrics_valid=1 samples=4096 expected=4096 rms_dbfs=-45.853 dc=-0.748 peak=557 clipped=0 zeros=14 stuck=9 dropped_delta=0 feature_valid=0 tonalness_valid=0 tonalness_proxy=0.000000 tonal_gate=not_computed
2026-08-23T17:57:58.621+00:00	88.328	WAIT 60/60 level_dbfs=-45.85 spread=0.000 nivo=-45.9 dBFS cujem
2026-08-23T17:57:58.625+00:00	88.328	I (88314) psdlive: --- KALIBRACIJA: 10 klipova po 10 s ---
2026-08-23T17:58:03.507+00:00	93.219	FLAGS protocol=asd-quality-v1.5.0 mode=LEARNING state=NO_MACHINE waiting=0 learning=1 learned=0 anomaly=0 hold=0 fault=0 green=blink_5hz red=off guided25_available=1 workflow_pending=DEFAULT research_telemetry=1 profile_persistence_allowed=0 dropped=0
2026-08-23T17:58:08.515+00:00	98.219	FLAGS protocol=asd-quality-v1.5.0 mode=LEARNING state=NO_MACHINE waiting=0 learning=1 learned=0 anomaly=0 hold=0 fault=0 green=blink_5hz red=off guided25_available=1 workflow_pending=DEFAULT research_telemetry=1 profile_persistence_allowed=0 dropped=0
2026-08-23T17:58:08.613+00:00	98.328	QUALITY protocol=asd-quality-v1.5.0 phase=CAL index=1 total=10 result=OK metrics_valid=1 samples=159744 expected=159744 rms_dbfs=-45.686 dc=-0.465 peak=597 clipped=0 zeros=477 stuck=278 dropped_delta=0 feature_valid=1 tonalness_valid=1 tonalness_proxy=3.632636 tonal_gate=pending_normal_only
2026-08-23T17:58:08.615+00:00	98.328	CAL  1/10 score=0.00000 nivo=-45.7 dBFS racun=716 ms
2026-08-23T17:58:08.747+00:00	98.453	FEATURE96 protocol=asd-research-v1.0.0 session=1 phase=CAL window=1 window_start_ms=87126 window_end_ms=97095 score=0 level_dbfs=-45.6855583 quality=OK tonalness_proxy=3.63263559 dims=96 fnv1a=7b1921f4 values=-10.2242146,-10.2242146,0.897872925,-10.2242146,-10.2242146,1.11960888,-10.2242146,1.43892479,-10.2242146,1.27392006,0.926799774,-10.2242146,1.20388985,1.96388149,1.97454262,-10.2242146,1.35016251,1.00365925,0.976057053,0.961041451,0.949503899,0.962224007,1.15612602,1.38624287,1.38014507,1.32057381,1.13141346,1.16534233,1.13354492,1.30519676,1.2902174,1.15393162,1.12601852,1.16784859,0.977892876,2.69104147,3.63263559,0.762537003,0.657417297,0.901970863,0.854363441,0.733383179,0.779116631,0.70704937,0.700209618,0.738598824,1.07036686,1.04674053,0.88939476,1.12867355,0.991510391,0.972602844,1.0510397,1.64424706,1.1148386,1.30722427,1.28581047,1.4709425,1.47282791,1.58191013,1.47565937,2.17013693,2.44240999,0.54853344,0.800517082,0.606430054,0.622167587,0.538051605,0.555280685,0.711522102,0.919672012,1.00000381,1.03712082,1.23398685,0.882240295,0.871459961,0.660060883,0.442287445,0.393079758,0.511052132,0.206212997,0.0506010056,0.188364983,0.244307518,0.221103668,0.0331449509,-0.0573415756,-0.192751884,-0.175230026,0.00340652466,0.113819122,-0.0878953934,-0.148100853,0.103319168,0.0338964462,-0.0478506088
2026-08-23T17:58:08.851+00:00	98.563	SUBSEG96 protocol=asd-research-v1.0.0 session=1 phase=CAL window=1 group=1 segments=8 dims=96 fnv1a=b929941b values=-10.1891336,-10.1891336,0.839754105,-10.1891336,-10.1891336,1.24070835,-10.1891336,1.74953842,-10.1891336,1.5846014,1.04060078,-10.1891336,0.945637703,1.66438961,1.69079018,-10.1891336,1.35879993,1.0070982,0.519589424,0.741692543,1.02997494,1.0026865,1.06210327,1.1143322,1.29829216,1.48204803,1.20019627,1.14738846,1.09417152,0.994067192,1.0844717,0.964675903,1.071311,0.939243317,0.867082596,2.76527357,3.67401218,0.839982033,0.749972343,0.898427963,0.814073563,0.758520126,0.785686493,0.733011246,0.906182289,0.689835548,1.02407169,1.05747318,0.771796227,1.19036484,1.04047298,0.947095871,1.25294113,1.6670742,1.04876709,1.32555962,1.21265793,1.36355114,1.39552498,1.62248325,1.56286335,2.30904913,2.43619919,0.607872963,0.774188995,0.576552391,0.552461624,0.591400146,0.711607933,0.791686058,0.96421051,1.06043911,1.0570631,1.28317356,0.927822113,0.867201805,0.72058773,0.504770279,0.469068527,0.52519989,0.233338356,0.0729579926,0.193766594,0.239157677,0.243887901,0.110023499,-0.0661582947,-0.136277199,-0.120550156,0.0548391342,0.148693085,-0.0711212158,-0.116049767,0.11080265,0.0760469437,-0.0238437653
2026-08-23T17:58:08.961+00:00	98.672	SUBSEG96 protocol=asd-research-v1.0.0 session=1 phase=CAL window=1 group=2 segments=8 dims=96 fnv1a=b8071a97 values=-10.2400827,-10.2400827,1.10872459,-10.2400827,-10.2400827,1.1208477,-10.2400827,1.29384232,-10.2400827,1.1830616,1.0992527,-10.2400827,1.44528389,2.16734171,2.1248641,-10.2400827,1.2716217,1.22609329,1.13611984,1.15788651,0.982814789,0.987088203,1.30561829,1.57932186,1.34765911,1.37900734,1.07335567,1.22436523,1.08038425,1.19548416,1.15242577,1.1455164,1.34811497,1.52331829,0.961571693,2.57490063,3.60126877,0.658283234,0.51174736,0.828850746,0.73008728,0.639119148,0.805784225,0.734259605,0.60508728,0.786889076,0.889802933,0.983626366,0.963141441,1.10807419,0.871259689,0.928595543,1.0434227,1.6222229,1.19210625,1.23936462,1.35803318,1.51165867,1.45531559,1.47673988,1.44546509,1.90470219,2.50780058,0.612342834,0.713871002,0.71092701,0.676182747,0.509725571,0.482573509,0.687111855,0.930046082,0.980757713,0.992136002,1.18394184,0.821263313,0.848729134,0.603589058,0.432563782,0.359342575,0.497278214,0.201418877,0.0377655029,0.162914276,0.201639175,0.210001945,-0.00514316559,-0.0921649933,-0.178990364,-0.203407288,0.00212574005,0.126586914,-0.100963593,-0.133191109,0.0945625305,0.020813942,-0.0642662048
2026-08-23T17:58:09.066+00:00	98.781	SUBSEG96 protocol=asd-research-v1.0.0 session=1 phase=CAL window=1 group=3 segments=8 dims=96 fnv1a=1709d1cf values=-10.2278557,-10.2278557,0.675717354,-10.2278557,-10.2278557,1.09567261,-10.2278557,1.29496574,-10.2278557,1.04358196,0.823383331,-10.2278557,1.30552101,2.15800285,2.14865255,-10.2278557,1.52023792,0.889330864,1.12135696,1.01177883,0.889594078,0.950112343,0.978158951,1.29838371,1.49115372,1.3246336,1.21876812,1.24008751,1.2726469,1.49792385,1.09883404,1.04359627,0.91301918,0.95430851,1.0854311,2.67594481,3.62579679,0.869218826,0.702005386,0.898296356,1.02479172,0.877508163,0.897171021,0.776812553,0.590744972,0.715578079,1.0554924,1.12846661,0.876409531,1.07674122,0.967885017,1.00481796,0.967905045,1.72662544,1.07672024,1.43744373,1.30470181,1.39743328,1.49108696,1.5589056,1.4923687,2.13654804,2.43073845,0.545243263,0.809904099,0.653116226,0.659547806,0.556928635,0.552905083,0.728896141,0.898579597,0.984517097,1.04007816,1.21675777,0.841341972,0.852435112,0.641090393,0.444011688,0.306442261,0.491375923,0.207295418,0.0550231934,0.209289551,0.282787323,0.2837286,0.0230112076,-0.0651960373,-0.22115612,-0.211206436,-0.0267305374,0.116782188,-0.0830888748,-0.182351112,0.113242149,0.024477005,-0.0552940369
2026-08-23T17:58:09.174+00:00	98.891	SUBSEG96 protocol=asd-research-v1.0.0 session=1 phase=CAL window=1 group=4 segments=7 dims=96 fnv1a=543c3f2a values=-10.1827097,-10.1827097,0.748831749,-10.1827097,-10.1827097,0.882717133,-10.1827097,1.30023766,-10.1827097,1.21115971,0.836354256,-10.1827097,1.21394634,1.57725239,1.61138916,-10.1827097,1.1042223,0.850498199,0.805793762,0.883844376,0.884253502,0.813342094,1.30211544,1.41498756,1.30654716,1.03953266,1.01820087,1.15983391,1.23592854,1.31389713,1.50379658,1.16671276,0.921832085,0.920811653,1.05386734,2.78712463,3.70276451,0.616289139,0.698007584,1.07159138,0.780550957,0.678257942,0.74363327,0.650967598,0.742811203,0.829044342,1.21584511,1.01495361,0.99375248,1.23051453,1.00353909,1.14488697,0.973892212,1.59659576,1.17874813,1.31075764,1.25603485,1.53765297,1.58738995,1.69209576,1.47906113,2.30339909,2.45046759,0.519130707,0.85504055,0.53751564,0.594970703,0.61032486,0.425175667,0.741495132,0.929784775,1.05658722,1.13554478,1.32762337,0.971212387,0.920928001,0.758109093,0.464094162,0.474246025,0.559059143,0.25514698,0.125077248,0.267096519,0.277741432,0.246462822,0.0620355606,0.00259494781,-0.160236359,-0.110506058,0.0162220001,0.153330803,-0.0392351151,-0.106483459,0.162665367,0.0796079636,-0.00311660767
2026-08-23T17:58:09.280+00:00	98.985	SUBSEG96 protocol=asd-research-v1.0.0 session=1 phase=CAL window=1 group=5 segments=7 dims=96 fnv1a=eb11e172 values=-10.2200775,-10.2200775,0.996955872,-10.2200775,-10.2200775,1.2133646,-10.2200775,1.41467285,-10.2200775,1.2057209,0.743240356,-10.2200775,0.803344727,1.88748598,2.01600313,-10.2200775,1.41238976,0.943918228,1.03015518,0.905276299,0.992610931,1.06339836,1.09986401,1.43314552,1.46354103,1.28107548,1.15544987,1.06865311,0.96948719,1.41292286,1.51995659,1.40215111,1.22662354,1.1257515,0.941665649,2.7053299,3.62068462,0.813488007,0.662173271,0.858109474,0.901576042,0.715662956,0.657068253,0.663188934,0.650910378,0.72013855,1.19331646,1.08716869,0.869164467,1.09251976,1.11755753,0.863664627,0.996232986,1.64099598,1.11827087,1.23735046,1.32562256,1.57911301,1.48666191,1.61800957,1.44383049,2.18785858,2.43042946,0.48408699,0.904101372,0.553998947,0.659160614,0.471085548,0.598921776,0.653569221,0.931728363,0.975216866,1.02158928,1.2187767,0.913009644,0.931799889,0.634372711,0.419284821,0.412731171,0.546431541,0.193291664,0.0207366943,0.167668343,0.278446198,0.163458824,0.031873703,-0.00152683258,-0.2129879,-0.168384552,0.0281839371,0.0768613815,-0.083445549,-0.143298149,0.0957021713,0.0289335251,-0.0297336578
2026-08-23T17:58:13.527+00:00	103.235	FLAGS protocol=asd-quality-v1.5.0 mode=LEARNING state=NO_MACHINE waiting=0 learning=1 learned=0 anomaly=0 hold=0 fault=0 green=blink_5hz red=off guided25_available=1 workflow_pending=DEFAULT research_telemetry=1 profile_persistence_allowed=0 dropped=0
2026-08-23T17:58:18.536+00:00	108.250	FLAGS protocol=asd-quality-v1.5.0 mode=LEARNING state=NO_MACHINE waiting=0 learning=1 learned=0 anomaly=0 hold=0 fault=0 green=blink_5hz red=off guided25_available=1 workflow_pending=DEFAULT research_telemetry=1 profile_persistence_allowed=0 dropped=0
2026-08-23T17:58:18.589+00:00	108.297	QUALITY protocol=asd-quality-v1.5.0 phase=CAL index=2 total=10 result=OK metrics_valid=1 samples=159744 expected=159744 rms_dbfs=-45.669 dc=-0.448 peak=622 clipped=0 zeros=464 stuck=310 dropped_delta=0 feature_valid=1 tonalness_valid=1 tonalness_proxy=3.611827 tonal_gate=pending_normal_only
2026-08-23T17:58:18.590+00:00	108.297	CAL  2/10 score=0.00000 nivo=-45.7 dBFS racun=716 ms
2026-08-23T17:58:18.725+00:00	108.438	FEATURE96 protocol=asd-research-v1.0.0 session=1 phase=CAL window=2 window_start_ms=97766 window_end_ms=107069 score=0 level_dbfs=-45.6687851 quality=OK tonalness_proxy=3.6118269 dims=96 fnv1a=1553dd58 values=-10.2459068,-10.2459068,1.61583233,-10.2459068,-10.2459068,1.64385891,-10.2459068,1.71739864,-10.2459068,1.39530087,0.844278336,-10.2459068,1.14663792,1.65700722,1.58894348,-10.2459068,1.0319128,0.782776833,1.05533028,1.28631306,1.14319324,1.04511166,1.44354343,1.47420502,1.44241238,1.39098167,1.24844837,1.09379101,1.14377785,1.23467731,1.08855629,1.17158794,1.17256641,1.00736618,0.897800446,2.69313717,3.6118269,0.792695999,0.710231781,0.963204384,0.898206711,0.748855591,0.783791542,0.73773098,0.598749161,0.693804741,1.04691601,1.01567936,0.859683037,1.07788277,0.887059212,0.91484642,1.13702869,1.62325573,1.08551884,1.28298759,1.32665062,1.48179436,1.38957977,1.51317024,1.44046688,2.22209311,2.42120314,0.538849831,0.746497154,0.634026527,0.587334633,0.552711487,0.555703163,0.711190224,0.895824432,0.98927784,0.99420929,1.23078632,0.880540848,0.831420898,0.638664246,0.430329323,0.401335716,0.481686592,0.199907303,0.0995492935,0.139616013,0.211702347,0.202758789,0.0140314102,-0.0945806503,-0.196713448,-0.23638916,-0.0245857239,0.0655517578,-0.106268883,-0.165868759,0.0658359528,0.0215778351,-0.0509433746
2026-08-23T17:58:18.826+00:00	108.531	SUBSEG96 protocol=asd-research-v1.0.0 session=1 phase=CAL window=2 group=1 segments=8 dims=96 fnv1a=9cef4f3c values=-10.2231369,-10.2231369,0.985797882,-10.2231369,-10.2231369,1.292202,-10.2231369,1.34266853,-10.2231369,1.01432037,0.8754673,-10.2231369,0.980679512,1.71516705,1.62767601,-10.2231369,1.01156044,0.672809601,0.851353645,1.13013268,1.15276146,1.02528763,1.25930309,1.26429939,1.51799297,1.45667076,1.49867153,1.12403297,1.16567135,1.20445919,1.13396835,1.09795094,1.12407303,0.865619659,0.786623001,2.59651518,3.64003992,0.917746544,0.685062408,1.17261028,0.881484032,0.839196205,0.860515594,0.72442627,0.63284874,0.748473167,1.12518311,1.05657959,0.957930565,1.21704197,0.766418457,1.0450573,1.21549129,1.69615459,1.22810459,1.44912624,1.43682957,1.50040531,1.34692955,1.49099922,1.57313156,1.91302013,2.57898808,0.506834984,0.832585335,0.772474289,0.568258286,0.634336472,0.565678596,0.740268707,0.951444626,1.01994896,1.03243351,1.21515465,0.908668518,0.930117607,0.677337646,0.50757885,0.454515457,0.480372429,0.19938755,0.125658035,0.176315308,0.276139259,0.201231956,0.0110549927,-0.0626039505,-0.165161133,-0.222610474,0.0209064484,0.121239662,-0.100513458,-0.14665699,0.0520324707,0.0731430054,-0.0458307266
2026-08-23T17:58:18.934+00:00	108.641	SUBSEG96 protocol=asd-research-v1.0.0 session=1 phase=CAL window=2 group=2 segments=8 dims=96 fnv1a=013d6cc3 values=-10.2155428,-10.2155428,1.30217266,-10.2155428,-10.2155428,1.44676495,-10.2155428,1.44717026,-10.2155428,1.35984802,0.948978424,-10.2155428,1.11634254,1.44950485,1.55644703,-10.2155428,1.15300369,0.863602638,0.836916924,1.2051115,1.18780041,0.933109283,1.12599087,0.955518723,1.42222977,1.46744442,1.16464615,1.00254345,1.09798527,1.31546211,1.05841637,1.30667019,1.05558205,1.08578968,1.04438496,2.73960781,3.65254068,0.893584251,0.84442997,0.953017235,1.02727509,0.779336929,0.791222572,0.762696266,0.673599243,0.53944397,0.955924034,1.08859539,0.853822708,1.03803062,0.997673988,1.01813793,1.14659595,1.65515709,1.01111794,1.17704487,1.30530834,1.47911549,1.39508247,1.50654316,1.45357037,2.28279257,2.46484041,0.551935196,0.774983406,0.678386688,0.669528008,0.577363014,0.639396667,0.803771019,0.976893425,1.06235981,1.04689312,1.23780632,0.879912376,0.796767235,0.652383804,0.430195808,0.419628143,0.508476257,0.258416176,0.0771036148,0.134047508,0.230319977,0.305920601,0.0541439056,-0.06204319,-0.170963287,-0.164968491,-0.022069931,0.0811109543,-0.0873880386,-0.140917778,0.0871973038,0.0396385193,0.00241565704
2026-08-23T17:58:19.042+00:00	108.750	SUBSEG96 protocol=asd-research-v1.0.0 session=1 phase=CAL window=2 group=3 segments=8 dims=96 fnv1a=c5f9da38 values=-10.2711983,-10.2711983,1.85701704,-10.2711983,-10.2711983,1.69802856,-10.2711983,1.74024963,-10.2711983,1.51254082,0.924118996,-10.2711983,1.27174854,1.74064112,1.71863651,-10.2711983,0.900146484,0.79099369,1.38567638,1.64617538,1.35973549,1.20120049,1.61458302,1.63358879,1.41708279,1.38829899,1.17017555,1.03537941,1.05465031,1.28448009,1.19851017,1.20809269,1.3576231,1.1789875,0.90239048,2.73702621,3.57347345,0.746638298,0.518520355,1.04741096,0.778880119,0.644527435,0.612253189,0.724695206,0.585281372,0.718648911,1.06837273,0.880917549,0.91149807,1.00463295,0.892244339,0.755208969,1.16630268,1.59729481,1.13667488,1.21610641,1.19974422,1.48331738,1.32880211,1.4759264,1.43860912,2.32888031,2.25851107,0.422589302,0.625500679,0.546931267,0.562603951,0.485033035,0.55230999,0.659840584,0.779149055,0.934268951,1.02680206,1.23587894,0.875388145,0.766656876,0.632008553,0.374347687,0.406100273,0.479924202,0.183163643,0.0951795578,0.132389069,0.183096886,0.179414749,-0.0448923111,-0.109529495,-0.200540543,-0.233569145,-0.0450153351,0.0120239258,-0.129898071,-0.186647415,0.035194397,-0.0132017136,-0.0740842819
2026-08-23T17:58:19.151+00:00	108.860	SUBSEG96 protocol=asd-research-v1.0.0 session=1 phase=CAL window=2 group=4 segments=7 dims=96 fnv1a=038d3e97 values=-10.2201414,-10.2201414,1.67745686,-10.2201414,-10.2201414,1.87439203,-10.2201414,2.04779005,-10.2201414,1.61377144,0.929172516,-10.2201414,0.962655067,1.56204605,1.60477924,-10.2201414,1.28058147,0.987384796,0.859111786,0.872729301,0.720649719,0.853984833,1.63175297,1.80855799,1.28509426,1.28463936,1.27540112,1.14609528,1.18794346,1.2820425,1.10494328,1.15308857,0.854957581,0.748373032,0.737600327,2.74847984,3.64905357,0.737301826,0.764371872,0.769254684,0.911643028,0.836147308,0.857772827,0.704305649,0.690807343,0.678188324,1.03341198,0.960287094,0.668800354,1.07500267,0.920976639,0.862616539,1.02569962,1.62851524,1.0480442,1.31478977,1.34201527,1.54249287,1.47060871,1.50228024,1.33552551,2.26985693,2.39365578,0.606308937,0.822872162,0.616187096,0.524857521,0.427670479,0.561991692,0.719145775,0.912507057,0.996334076,0.965445518,1.31941509,0.899295807,0.851858139,0.646886826,0.447424889,0.393544197,0.525697708,0.209417343,0.102850914,0.1795187,0.24371624,0.159622192,0.0689926147,-0.0913648605,-0.178032875,-0.274650574,0.00105190277,0.0962057114,-0.0524635315,-0.0890893936,0.0786743164,0.0338144302,-0.0533418655
2026-08-23T17:58:19.256+00:00	108.969	SUBSEG96 protocol=asd-research-v1.0.0 session=1 phase=CAL window=2 group=5 segments=7 dims=96 fnv1a=593a832a values=-10.2296553,-10.2296553,1.79638577,-10.2296553,-10.2296553,1.7721734,-10.2296553,1.77720928,-10.2296553,1.34100437,0.345397949,-10.2296553,1.32779789,1.78781748,1.41389179,-10.2296553,0.67169857,0.546406746,1.03266144,1.11537266,1.05614662,1.15016556,1.44044018,1.30558205,1.57985497,1.38701344,1.04720974,1.21731853,1.27366161,1.11058044,0.94446373,1.11109543,1.3146553,1.04560757,1.00025368,2.693326,3.61266994,0.665566444,0.770647049,0.72580719,0.939024925,0.692095757,0.848072052,0.83313179,0.427963257,0.81038475,1.09635067,1.13185883,0.895161629,1.09529781,0.897816658,0.903635979,1.15964603,1.59567642,1.00345707,1.27752018,1.39811325,1.47028065,1.47674179,1.64921474,1.41670799,2.26761246,2.42569971,0.667450905,0.730288506,0.585226059,0.661446571,0.665424347,0.510781288,0.688379288,0.914774895,0.996152878,0.941606522,1.20985889,0.908065796,0.86971283,0.650474548,0.456244469,0.391131401,0.482234955,0.214931488,0.163477898,0.143476486,0.186810493,0.216918945,0.0537252426,-0.0814523697,-0.204106331,-0.233029366,-0.00962924957,0.0856676102,-0.0888690948,-0.201740265,0.146198273,0.0416955948,-0.0174455643
2026-08-23T17:58:23.545+00:00	113.250	FLAGS protocol=asd-quality-v1.5.0 mode=LEARNING state=NO_MACHINE waiting=0 learning=1 learned=0 anomaly=0 hold=0 fault=0 green=blink_5hz red=off guided25_available=1 workflow_pending=DEFAULT research_telemetry=1 profile_persistence_allowed=0 dropped=0
2026-08-23T17:58:28.555+00:00	118.266	FLAGS protocol=asd-quality-v1.5.0 mode=LEARNING state=NO_MACHINE waiting=0 learning=1 learned=0 anomaly=0 hold=0 fault=0 green=blink_5hz red=off guided25_available=1 workflow_pending=DEFAULT research_telemetry=1 profile_persistence_allowed=0 dropped=0
2026-08-23T17:58:28.581+00:00	118.297	QUALITY protocol=asd-quality-v1.5.0 phase=CAL index=3 total=10 result=OK metrics_valid=1 samples=159744 expected=159744 rms_dbfs=-45.703 dc=-0.426 peak=619 clipped=0 zeros=445 stuck=287 dropped_delta=0 feature_valid=1 tonalness_valid=1 tonalness_proxy=3.632578 tonal_gate=pending_normal_only
2026-08-23T17:58:28.584+00:00	118.297	CAL  3/10 score=0.00000 nivo=-45.7 dBFS racun=727 ms
2026-08-23T17:58:28.717+00:00	118.422	FEATURE96 protocol=asd-research-v1.0.0 session=1 phase=CAL window=3 window_start_ms=107742 window_end_ms=117054 score=0 level_dbfs=-45.7028503 quality=OK tonalness_proxy=3.63257837 dims=96 fnv1a=49495fe5 values=-10.2279243,-10.2279243,1.50009918,-10.2279243,-10.2279243,1.53633404,-10.2279243,1.79818392,-10.2279243,1.55990124,0.863589287,-10.2279243,0.987452507,1.57208633,1.61582088,-10.2279243,1.02974129,0.879325867,0.979937553,0.992807388,0.9127388,0.923931122,1.39036655,1.45192242,1.41173935,1.51798916,1.21099472,1.09396648,1.19209671,1.25423241,1.02811527,1.15209484,1.10141277,0.954201698,0.796942711,2.73851681,3.63257837,0.797267914,0.726635933,0.835896492,0.854745865,0.783034325,0.772470474,0.733047485,0.672016144,0.828845978,1.04607201,1.10513878,0.928425789,1.01607609,0.872980118,1.01960182,1.05569935,1.6048317,1.0752058,1.33830166,1.34824467,1.52185917,1.47445011,1.57060051,1.42581749,2.27805519,2.40505505,0.521944046,0.794337273,0.611351013,0.597771645,0.520700455,0.559508324,0.731172562,0.923355103,0.963608742,1.0125246,1.26640034,0.869114876,0.851351738,0.675830841,0.467711449,0.422413826,0.480442047,0.182456017,0.116950035,0.178621292,0.250627518,0.225751877,0.0133571625,-0.0818033218,-0.180109024,-0.181319237,-0.0221757889,0.0916671753,-0.110263824,-0.144424438,0.0505971909,0.0193510056,-0.0248012543
2026-08-23T17:58:28.822+00:00	118.531	SUBSEG96 protocol=asd-research-v1.0.0 session=1 phase=CAL window=3 group=1 segments=8 dims=96 fnv1a=3fac9c34 values=-10.2175035,-10.2175035,1.86157417,-10.2175035,-10.2175035,1.95464611,-10.2175035,2.11395788,-10.2175035,1.82429743,0.91014576,-10.2175035,1.03608418,1.4491148,1.54868507,-10.2175035,1.00415516,0.657349586,0.858007431,0.903642654,0.585758209,0.601333618,1.38983631,1.62448978,1.4077425,1.43758869,1.10075951,0.911878586,0.843911171,1.13014793,1.13355732,1.35075474,1.15478897,0.780312538,0.82384491,2.87410212,3.6235137,0.738140106,0.773251534,0.689782143,0.793754578,0.715209961,0.817206383,0.64339447,0.718805313,0.747105598,1.05094147,1.11550045,0.991183281,0.981079102,0.944826126,1.01844788,1.06255436,1.63991451,1.1218462,1.30409718,1.4041357,1.5634079,1.41468048,1.52957249,1.47830391,2.51236773,2.14174891,0.523477554,0.728147507,0.582375526,0.612509727,0.530338287,0.527369499,0.775610924,0.978599548,0.928509712,1.0129509,1.25975895,0.906263351,0.893291473,0.609525681,0.476995468,0.418484688,0.487098694,0.18836689,0.165574074,0.201496124,0.29341507,0.249914169,-0.028418541,-0.0678901672,-0.0987243652,-0.103130341,-0.0770845413,0.108710289,-0.0962438583,-0.110971451,0.00523376465,0.0710163116,-0.0196828842
2026-08-23T17:58:28.930+00:00	118.641	SUBSEG96 protocol=asd-research-v1.0.0 session=1 phase=CAL window=3 group=2 segments=8 dims=96 fnv1a=9daa8d5c values=-10.2048769,-10.2048769,1.4141407,-10.2048769,-10.2048769,1.33862591,-10.2048769,1.69800186,-10.2048769,1.51248837,0.963472366,-10.2048769,1.02636337,1.56972885,1.62414742,-10.2048769,0.99132061,0.839691162,1.05382824,1.07750416,1.03688908,0.925788879,1.20107651,1.31038475,1.39772797,1.5599184,1.12469959,0.972416878,1.15284538,1.04627609,0.772223473,0.925370216,0.989088058,0.861508369,0.785257339,2.78850269,3.66005373,0.663934708,0.77518177,0.970360756,0.895872116,0.681733131,0.734315872,0.791269302,0.582755089,0.727201462,0.993433952,1.12557411,0.982637405,1.11286068,0.943477631,1.02437973,1.01538467,1.70754337,1.14908314,1.39940739,1.34523582,1.54600143,1.5182333,1.62046242,1.51174831,2.36722517,2.32862234,0.562803268,0.826771736,0.67232132,0.674835205,0.616511345,0.598802567,0.780520439,0.914610863,0.947802544,1.05169487,1.22184467,0.885222435,0.860322952,0.69869709,0.472101212,0.46060276,0.519381523,0.217389107,0.146259308,0.199658394,0.26513195,0.304533005,0.0375766754,-0.0285396576,-0.155426025,-0.153704643,0.00222682953,0.0944538116,-0.115178108,-0.145059586,0.060125351,0.0198106766,-0.00817775726
2026-08-23T17:58:29.036+00:00	118.750	SUBSEG96 protocol=asd-research-v1.0.0 session=1 phase=CAL window=3 group=3 segments=8 dims=96 fnv1a=3542bb77 values=-10.2226362,-10.2226362,1.2854414,-10.2226362,-10.2226362,1.40782261,-10.2226362,1.84033394,-10.2226362,1.56375027,0.864608765,-10.2226362,1.06785583,1.62672043,1.64673996,-10.2226362,1.05214882,0.861563683,0.869026184,0.793988228,1.10902596,1.01222324,1.14612579,1.19345856,1.3849678,1.50888348,1.24148273,1.04659462,1.19710922,1.4246273,0.97598362,1.28237629,1.29160881,0.98307991,0.756116867,2.66907978,3.60941887,0.766533852,0.744052887,0.753943443,0.767006874,0.767104149,0.728879929,0.828757286,0.674826622,0.874434471,1.01007843,1.03264141,0.891673088,0.99946785,0.920462608,1.09127712,1.10444641,1.57721901,1.05338192,1.34242535,1.31982327,1.56538582,1.54672813,1.59277058,1.4698267,2.18458509,2.45563126,0.565840721,0.848035812,0.621305466,0.571752548,0.473831177,0.593800545,0.743217468,0.886555672,0.987781525,1.05398464,1.30279064,0.921362877,0.86605835,0.761581421,0.489331245,0.470547676,0.470352173,0.163825035,0.121287346,0.217971802,0.234321594,0.188816071,0.0381574631,-0.0932636261,-0.192922592,-0.175201416,0.00478363037,0.048784256,-0.0770521164,-0.150485992,0.0529680252,0.0121231079,-0.0167531967
2026-08-23T17:58:29.144+00:00	118.860	SUBSEG96 protocol=asd-research-v1.0.0 session=1 phase=CAL window=3 group=4 segments=7 dims=96 fnv1a=cf0fb553 values=-10.2151852,-10.2151852,0.838112831,-10.2151852,-10.2151852,1.06648731,-10.2151852,1.5965271,-10.2151852,1.52724171,0.844503403,-10.2151852,0.868798256,1.76404572,1.81429291,-10.2151852,0.938762665,0.755075455,1.11290932,1.13835907,0.988416672,1.08898163,1.44090176,1.24696827,1.40062904,1.56034756,1.42868042,1.09546566,1.46416378,1.47526741,1.16837215,0.853215218,0.994735718,1.11819839,0.782722473,2.69153786,3.66240549,0.855108261,0.609270096,0.862120628,0.935480118,0.949326515,0.797286987,0.732292175,0.662625313,0.979227066,0.973499298,1.19867229,0.976971626,0.956347466,0.841722488,1.06880951,1.11686897,1.61622047,1.05243015,1.26699162,1.37548256,1.49361897,1.4260273,1.61041451,1.27158928,2.1027627,2.4970808,0.485215187,0.731902122,0.555457115,0.559378624,0.526522636,0.547812462,0.695645332,0.893260002,0.995041847,0.980356216,1.28674889,0.819216728,0.876646042,0.684596062,0.472370148,0.428173065,0.494360924,0.224516869,0.143752098,0.173226357,0.292710304,0.225845337,0.0680351257,-0.110033035,-0.201807022,-0.211503983,0.0353717804,0.128964424,-0.0705881119,-0.120679855,0.10478878,0.032078743,0.0196695328
2026-08-23T17:58:29.249+00:00	118.953	SUBSEG96 protocol=asd-research-v1.0.0 session=1 phase=CAL window=3 group=5 segments=7 dims=96 fnv1a=15c1223a values=-10.222147,-10.222147,1.53705788,-10.222147,-10.222147,1.35420036,-10.222147,1.41140175,-10.222147,1.12921715,0.751036644,-10.222147,0.946334839,1.43447876,1.41527557,-10.222147,1.18420029,1.17664909,1.03009701,1.0519352,0.643217087,0.932156563,1.67006493,1.70264053,1.51979637,1.57744312,1.15140629,1.37595558,1.18862724,1.06056595,1.0601635,1.16248798,1.02156353,1.03266144,0.888708115,2.67587709,3.6680479,0.978042603,0.756925583,0.916516304,0.930775642,0.831513405,0.838835716,0.695408821,0.76300621,0.843096733,1.22189808,1.1065321,0.830793381,1.06790829,0.7075243,0.928894043,1.02819729,1.50802231,1.0382967,1.41814423,1.35045338,1.4804554,1.50365257,1.55193138,1.3945837,2.07973433,2.56992292,0.517486572,0.873478889,0.669692993,0.615449905,0.499022484,0.581858635,0.702057838,0.992049217,1.01734257,1.01030064,1.3160305,0.8523283,0.809455872,0.66479969,0.4845047,0.379551888,0.488087654,0.175671577,0.0510730743,0.148036957,0.219898224,0.205276489,0.00699520111,-0.0582885742,-0.212573051,-0.227696419,-0.0212535858,0.137389183,-0.139816284,-0.137681961,0.0899152756,0.0148277283,-0.0424156189
2026-08-23T17:58:33.567+00:00	123.281	FLAGS protocol=asd-quality-v1.5.0 mode=LEARNING state=NO_MACHINE waiting=0 learning=1 learned=0 anomaly=0 hold=0 fault=0 green=blink_5hz red=off guided25_available=1 workflow_pending=DEFAULT research_telemetry=1 profile_persistence_allowed=0 dropped=0
2026-08-23T17:58:38.535+00:00	128.250	QUALITY protocol=asd-quality-v1.5.0 phase=CAL index=4 total=10 result=OK metrics_valid=1 samples=159744 expected=159744 rms_dbfs=-45.592 dc=-0.462 peak=622 clipped=0 zeros=438 stuck=278 dropped_delta=0 feature_valid=1 tonalness_valid=1 tonalness_proxy=3.623890 tonal_gate=pending_normal_only
2026-08-23T17:58:38.537+00:00	128.250	CAL  4/10 score=0.00000 nivo=-45.6 dBFS racun=716 ms
2026-08-23T17:58:38.667+00:00	128.375	FEATURE96 protocol=asd-research-v1.0.0 session=1 phase=CAL window=4 window_start_ms=117735 window_end_ms=127017 score=0 level_dbfs=-45.5917511 quality=OK tonalness_proxy=3.62388992 dims=96 fnv1a=209379a0 values=-10.227766,-10.227766,1.14924145,-10.227766,-10.227766,1.42547226,-10.227766,1.75475502,-10.227766,1.53981972,0.983409882,-10.227766,1.19288445,1.48396301,1.43369007,-10.227766,0.90912056,0.846938133,0.794571877,0.856903076,0.826424599,0.951283455,1.34648228,1.41894341,1.34768295,1.50461006,1.27365494,1.24755287,1.14863682,1.19784069,1.10046768,1.1635685,1.1656723,1.00561237,0.903689384,2.58043194,3.62388992,0.789101601,0.851703644,1.00238228,0.881887436,0.726004601,0.867857933,0.770038605,0.78822422,0.860219002,1.18421078,1.0283432,0.955183029,1.11630535,0.912488937,0.910894394,1.10737324,1.60783672,1.14662266,1.32638931,1.35461426,1.47391891,1.44735813,1.60083961,1.51755619,1.98202848,2.58844042,0.59563446,0.766962051,0.698111534,0.60206604,0.596489906,0.498426437,0.746147156,0.934537888,0.969163895,1.04303265,1.30947495,0.852698326,0.836086273,0.673129082,0.447393417,0.381081581,0.475463867,0.198309898,0.102272987,0.216264725,0.256937027,0.207237244,0.0112628937,-0.0658884048,-0.186945915,-0.203656197,0.0381450653,0.0982217789,-0.095123291,-0.150793076,0.0226392746,0.0076007843,-0.0353012085
2026-08-23T17:58:38.676+00:00	128.391	FLAGS protocol=asd-quality-v1.5.0 mode=LEARNING state=NO_MACHINE waiting=0 learning=1 learned=0 anomaly=0 hold=0 fault=0 green=blink_5hz red=off guided25_available=1 workflow_pending=DEFAULT research_telemetry=1 profile_persistence_allowed=0 dropped=0
2026-08-23T17:58:38.795+00:00	128.500	SUBSEG96 protocol=asd-research-v1.0.0 session=1 phase=CAL window=4 group=1 segments=8 dims=96 fnv1a=e004f7da values=-10.2311821,-10.2311821,1.32576656,-10.2311821,-10.2311821,1.6339283,-10.2311821,1.84798288,-10.2311821,1.58687782,0.824339867,-10.2311821,1.01503468,1.43622589,1.34948254,-10.2311821,0.907631874,0.969684601,1.01801968,0.918254852,0.806089401,0.762177467,1.43110275,1.53544331,1.21069336,1.56048203,1.36417484,1.20235252,1.24605656,1.21071148,1.15083885,1.06791306,0.947626114,1.01301479,1.02822113,2.53958368,3.61124325,0.931278229,0.820062637,0.919099808,0.970938683,0.55239296,0.880110741,0.603056908,0.656050682,0.867997169,1.21361542,1.0374136,0.752999306,1.18315315,0.874404907,0.964108467,1.22912693,1.64526463,1.0424633,1.25478745,1.41065407,1.50928783,1.45145988,1.63914776,1.63444138,1.87405586,2.61470652,0.567312241,0.738379478,0.752675056,0.652604103,0.668208122,0.547215462,0.701197624,0.964497566,0.987290382,1.03532314,1.32230949,0.862528801,0.796013832,0.596009254,0.435928345,0.428949356,0.437150002,0.197912216,0.0934743881,0.244324684,0.24393177,0.1460495,0.0401144028,-0.0892248154,-0.216477394,-0.190741539,0.0458612442,0.13476944,-0.113107681,-0.165786743,0.00156116486,-0.0268325806,-0.0428714752
2026-08-23T17:58:38.904+00:00	128.610	SUBSEG96 protocol=asd-research-v1.0.0 session=1 phase=CAL window=4 group=2 segments=8 dims=96 fnv1a=42583ef6 values=-10.2063951,-10.2063951,1.10517025,-10.2063951,-10.2063951,1.05074215,-10.2063951,1.14932728,-10.2063951,1.01916218,1.12861443,-10.2063951,1.14540195,1.43646336,1.59778881,-10.2063951,1.06666183,0.993509293,0.668449402,0.910440445,0.921394348,1.17093658,1.46354675,1.39715195,1.34707165,1.63569736,1.30947876,0.995679855,0.895688057,1.08635807,0.964564323,0.903915405,1.19895744,1.06148434,0.829340935,2.62139225,3.63161516,0.683745384,0.765221596,1.0375185,0.85112381,0.96599102,0.860393524,0.803988457,0.803677559,0.779114723,1.47206593,1.0137682,0.879007339,1.18552399,1.01802063,0.996335983,1.03438568,1.5978756,1.1724968,1.36941814,1.37349987,1.55853271,1.43259811,1.58685684,1.45464611,2.06893492,2.58166122,0.594378471,0.896988869,0.756082535,0.678133011,0.518895149,0.515352249,0.822315216,0.916374207,0.976126671,1.05785465,1.32810783,0.884497643,0.886026382,0.711309433,0.504584312,0.315743446,0.530389786,0.260789871,0.153213501,0.232518196,0.280719757,0.206255913,-0.0101833344,-0.0696897507,-0.165113449,-0.197874069,0.0327281952,0.122290611,-0.081196785,-0.13176918,0.0503969193,0.043094635,-0.0205211639
2026-08-23T17:58:39.013+00:00	128.719	SUBSEG96 protocol=asd-research-v1.0.0 session=1 phase=CAL window=4 group=3 segments=8 dims=96 fnv1a=22a9c617 values=-10.195673,-10.195673,1.2799263,-10.195673,-10.195673,1.48173523,-10.195673,1.72955322,-10.195673,1.45900536,0.893247604,-10.195673,0.940674782,1.23575687,1.19629574,-10.195673,0.739236832,0.69515419,0.649634361,0.838790894,0.909399033,0.991360664,1.31825924,1.42611122,1.42001724,1.27353191,1.30552673,1.09230137,0.913244247,0.954276085,1.06252193,1.1276989,1.22965908,1.1194191,0.932865143,2.58703709,3.64680338,0.757284164,0.862234116,1.22922421,1.02334595,0.763068199,0.90064621,0.88189888,0.68887043,0.83291626,1.20064259,1.12375069,1.01459312,1.18361473,0.897830009,0.810486794,1.03578663,1.58790684,1.19861221,1.43401527,1.36005116,1.43207455,1.47597408,1.61683273,1.52702522,1.96580648,2.62082195,0.615673065,0.763469696,0.712594986,0.497311592,0.667048454,0.507784843,0.73565197,0.992241859,0.942257881,1.10639095,1.32636642,0.86503315,0.892225266,0.692251205,0.450033188,0.47098732,0.543170929,0.185576439,0.0954904556,0.219781876,0.243543625,0.225247383,0.0244455338,-0.00525569916,-0.100393295,-0.18900013,0.0937194824,0.117876053,-0.0714712143,-0.0635795593,0.0806350708,0.0407590866,0.0132389069
2026-08-23T17:58:39.119+00:00	128.828	SUBSEG96 protocol=asd-research-v1.0.0 session=1 phase=CAL window=4 group=4 segments=7 dims=96 fnv1a=49913bd2 values=-10.1945505,-10.1945505,1.09334278,-10.1945505,-10.1945505,1.23494244,-10.1945505,1.8038826,-10.1945505,1.52774048,0.704457283,-10.1945505,0.907752037,1.25234222,1.36657333,-10.1945505,0.974895477,0.736862183,0.859425545,0.884670258,0.809384346,0.749643326,1.41544247,1.44403362,1.33115196,1.42850971,1.34048271,1.16660404,1.17055511,1.2554493,0.931179047,1.10325146,1.05588627,0.871434212,0.632883072,2.60162306,3.67380476,0.778809547,0.814907074,0.855939865,0.864170074,0.686260223,1.10155392,0.918107033,0.884512901,0.944501877,0.875865936,1.0046978,1.17037868,1.00318623,0.862342834,1.00661182,1.14599895,1.70417118,1.30468369,1.37942219,1.42341709,1.55606747,1.55922985,1.62555695,1.48353481,1.94021845,2.65311861,0.672856331,0.767424583,0.729119301,0.589804649,0.557661057,0.526601791,0.639177322,0.964102745,1.03682423,1.03822613,1.29416847,0.943264008,0.860165596,0.733740807,0.462370872,0.382323265,0.455593109,0.229408264,0.158567429,0.222702026,0.308012962,0.266189575,0.0409832001,-0.0368499756,-0.17947197,-0.131753922,0.114257812,0.103713036,-0.0471639633,-0.140698433,0.0517978668,0.0726327896,-0.00469017029
2026-08-23T17:58:39.225+00:00	128.938	SUBSEG96 protocol=asd-research-v1.0.0 session=1 phase=CAL window=4 group=5 segments=7 dims=96 fnv1a=cd3b9acb values=-10.2463236,-10.2463236,0.800396919,-10.2463236,-10.2463236,1.52163601,-10.2463236,1.96461201,-10.2463236,1.82974529,1.21042061,-10.2463236,1.59165287,1.82305527,1.58656597,-10.2463236,0.854927063,0.786658287,0.706502914,0.775648117,0.710861206,0.986881256,1.0471487,1.31787491,1.46146774,1.58166599,1.03719616,1.58504295,1.38237667,1.4190321,1.32231522,1.47185707,1.35321808,0.969297409,1.01404762,2.61652422,3.62406921,0.806284904,1.01712036,0.911851883,0.670512199,0.590684891,0.49565506,0.650167465,0.931285858,0.932157516,0.887652397,1.01013184,0.959857941,1.03007603,0.948767662,0.798059464,1.11884975,1.56214809,1.05134583,1.23408985,1.25065613,1.34395027,1.37419128,1.59725094,1.51530933,2.08971834,2.53130007,0.596755981,0.703621864,0.575398445,0.626379967,0.604895592,0.450908661,0.852471352,0.892375946,0.968392372,1.03598976,1.33570385,0.76176548,0.80454731,0.696673393,0.445365906,0.350122452,0.462874413,0.177796364,0.0735330582,0.22303772,0.275909424,0.25875473,0.0244617462,-0.0642738342,-0.218574524,-0.2452631,-0.0402040482,0.0694856644,-0.0947370529,-0.199278831,-0.0101852417,-0.0276985168,-0.0582389832
2026-08-23T17:58:43.585+00:00	133.297	FLAGS protocol=asd-quality-v1.5.0 mode=LEARNING state=NO_MACHINE waiting=0 learning=1 learned=0 anomaly=0 hold=0 fault=0 green=blink_5hz red=off guided25_available=1 workflow_pending=DEFAULT research_telemetry=1 profile_persistence_allowed=0 dropped=0
2026-08-23T17:58:48.574+00:00	138.281	QUALITY protocol=asd-quality-v1.5.0 phase=CAL index=5 total=10 result=OK metrics_valid=1 samples=159744 expected=159744 rms_dbfs=-45.555 dc=-0.440 peak=624 clipped=0 zeros=456 stuck=247 dropped_delta=0 feature_valid=1 tonalness_valid=1 tonalness_proxy=3.625972 tonal_gate=pending_normal_only
2026-08-23T17:58:48.576+00:00	138.281	CAL  5/10 score=0.00000 nivo=-45.6 dBFS racun=716 ms
2026-08-23T17:58:48.709+00:00	138.422	FEATURE96 protocol=asd-research-v1.0.0 session=1 phase=CAL window=5 window_start_ms=127711 window_end_ms=137056 score=0 level_dbfs=-45.555378 quality=OK tonalness_proxy=3.62597227 dims=96 fnv1a=e0128cae values=-10.2141714,-10.2141714,1.08717442,-10.2141714,-10.2141714,1.26052284,-10.2141714,1.59585857,-10.2141714,1.3760519,0.87346077,-10.2141714,1.10678768,1.65710831,1.54092121,-10.2141714,0.977337837,0.82804966,0.968160629,0.888713837,0.95800972,0.995368004,1.41996193,1.57176876,1.46522236,1.46295929,1.22146225,1.07710743,1.221632,1.20034027,0.949097633,1.08398533,1.08426666,1.04298019,0.964704514,2.76085997,3.62597227,0.740700722,0.799829483,0.821055412,0.797473907,0.799590111,0.916059494,0.818360329,0.711626053,0.884334564,1.06403351,1.04681969,0.892170906,1.11565495,0.938347816,0.957104683,1.15825462,1.59045315,1.0817728,1.32538319,1.30500889,1.51009178,1.44318104,1.58518314,1.45614052,2.35074663,2.386127,0.520934105,0.802048683,0.607135773,0.641813278,0.58849144,0.537154198,0.754681587,0.882247925,1.00079632,1.0427084,1.28076935,0.86924839,0.828929901,0.652834892,0.464975357,0.427380562,0.496357918,0.216527939,0.107017517,0.195913315,0.25143528,0.251749039,0.0295114517,-0.0841827393,-0.17899704,-0.160616875,0.0142698288,0.0854129791,-0.124739647,-0.116154671,0.0420751572,0.0399198532,-0.0155029297
2026-08-23T17:58:48.717+00:00	138.422	FLAGS protocol=asd-quality-v1.5.0 mode=LEARNING state=NO_MACHINE waiting=0 learning=1 learned=0 anomaly=0 hold=0 fault=0 green=blink_5hz red=off guided25_available=1 workflow_pending=DEFAULT research_telemetry=1 profile_persistence_allowed=0 dropped=0
2026-08-23T17:58:48.834+00:00	138.547	SUBSEG96 protocol=asd-research-v1.0.0 session=1 phase=CAL window=5 group=1 segments=8 dims=96 fnv1a=d9b5609a values=-10.195878,-10.195878,1.0276165,-10.195878,-10.195878,1.3349781,-10.195878,1.53567219,-10.195878,1.26758671,0.886805534,-10.195878,1.16819763,1.68902874,1.52720356,-10.195878,0.877277374,0.693011284,0.640823364,0.537898064,0.951051712,0.888358116,1.56859493,1.65108013,1.39660645,1.4939003,1.09903431,1.13184643,0.955010414,1.02600384,0.973816872,1.1604948,0.937525749,1.02748394,0.863518715,2.69411516,3.67687178,0.64439106,0.849815369,0.948814392,0.887335777,0.785290718,0.901069641,0.742822647,0.797037125,0.778528214,1.09755135,1.05524445,0.890645027,1.17360497,1.05469704,0.959057808,1.24574661,1.60215092,1.09958458,1.40500164,1.35921288,1.56189346,1.51141453,1.58892059,1.53779984,2.11667919,2.56791162,0.602152824,0.816948891,0.672366142,0.580211639,0.571741104,0.551887512,0.739085197,0.994915009,1.02042866,1.06816578,1.34943676,0.867702484,0.909785271,0.702037811,0.513780594,0.441971779,0.498128891,0.209033966,0.150149345,0.21011734,0.298015594,0.236739159,0.0462026596,-0.0190200806,-0.15719223,-0.154280663,0.0657052994,0.124578476,-0.111964226,-0.137921333,0.0418729782,0.0446777344,-0.0240354538
2026-08-23T17:58:48.941+00:00	138.656	SUBSEG96 protocol=asd-research-v1.0.0 session=1 phase=CAL window=5 group=2 segments=8 dims=96 fnv1a=4d461a6a values=-10.1962671,-10.1962671,1.39233017,-10.1962671,-10.1962671,1.00616741,-10.1962671,1.41051388,-10.1962671,1.43081951,1.07890511,-10.1962671,1.02050209,1.61854267,1.56974506,-10.1962671,1.13433361,0.939682961,1.11690426,0.87916851,0.924901962,1.11690521,1.49347973,1.56425095,1.25572681,1.37344456,1.15283585,0.779650688,1.10356331,1.24704266,1.00640202,0.78323555,1.1989994,1.01713276,0.854846954,2.72194386,3.64272738,0.799715996,0.720884323,0.733567238,0.711603165,0.718947411,0.883646965,0.762670517,0.77209568,1.03922081,1.0488739,1.08676052,0.97687912,1.104743,0.872944832,0.906850815,1.09388638,1.60904789,1.01749706,1.30014038,1.36310673,1.52283096,1.48518562,1.55306721,1.40429401,2.30007458,2.46138716,0.602137566,0.819096565,0.659593582,0.590179443,0.621364594,0.533747673,0.773298264,0.834332466,1.0078907,1.06642056,1.26803398,0.890662193,0.791222572,0.664299965,0.440042496,0.436546326,0.50114727,0.253051758,0.122527122,0.230737686,0.26088047,0.282690048,0.10394001,-0.075802803,-0.166347504,-0.165787697,0.047621727,0.120686531,-0.0968513489,-0.107599258,0.102669716,0.0647678375,0.00837421417
2026-08-23T17:58:49.049+00:00	138.766	SUBSEG96 protocol=asd-research-v1.0.0 session=1 phase=CAL window=5 group=3 segments=8 dims=96 fnv1a=471e5cae values=-10.2077074,-10.2077074,0.802317619,-10.2077074,-10.2077074,1.20297909,-10.2077074,1.43507862,-10.2077074,1.14923573,0.690378189,-10.2077074,1.07470608,1.64849377,1.60271263,-10.2077074,1.14090252,0.872952461,0.971579552,0.848548889,0.968261719,0.837506294,1.39132118,1.4856329,1.60284138,1.49627781,1.38561821,0.873612404,1.21923447,1.1798954,0.893660545,1.33467484,1.23928547,1.02033615,0.892413139,2.76659298,3.6271739,0.741784096,0.799043655,0.797485352,0.962253571,0.862699509,1.00187588,0.875921249,0.694972038,0.777789116,1.08035755,1.01402664,0.887403488,1.20074463,0.964804649,1.06384754,1.16251755,1.62479115,1.10010147,1.33605576,1.24030399,1.45908451,1.39651966,1.66525936,1.47549248,2.3491168,2.37714529,0.455270767,0.709331512,0.566599846,0.666324615,0.604101181,0.542898178,0.815303802,0.856311798,1.00967216,1.06877422,1.29281712,0.892580032,0.831680298,0.63083744,0.505661011,0.459355354,0.543422699,0.269985199,0.136906624,0.196266174,0.24011898,0.190540314,0.0583620071,-0.133684158,-0.17006588,-0.186306,-0.0162677765,0.10476017,-0.112107277,-0.119387627,0.0930261612,0.068734169,0.0241193771
2026-08-23T17:58:49.155+00:00	138.860	SUBSEG96 protocol=asd-research-v1.0.0 session=1 phase=CAL window=5 group=4 segments=7 dims=96 fnv1a=27fd59cb values=-10.2337809,-10.2337809,0.805645943,-10.2337809,-10.2337809,1.38817406,-10.2337809,1.77377081,-10.2337809,1.46291447,0.897016525,-10.2337809,1.30694103,1.73879337,1.49846268,-10.2337809,0.954818726,1.00100517,1.05703449,0.87129879,1.09492016,1.01796436,1.41052437,1.79160118,1.68652153,1.49936581,1.18291569,1.18442822,1.23273945,1.30228996,0.956859589,1.1234684,1.06483173,1.0773592,1.18783092,2.84771872,3.58772659,0.808402061,0.805992126,0.834388733,0.689371109,0.851894379,1.054986,1.0194416,0.650081635,0.831858635,0.956842422,1.14440536,0.889432907,1.03414536,0.928753853,0.969163895,1.02913952,1.55333424,1.01113415,1.16857243,1.16495419,1.45285988,1.41636181,1.55107212,1.43336201,2.49708652,2.08873129,0.477185249,0.802107811,0.553760529,0.652104378,0.545570374,0.497488976,0.714073181,0.836215019,1.01568508,1.00902843,1.17497158,0.885447502,0.813042641,0.601695061,0.415545464,0.365767479,0.496334076,0.208717346,0.0937309265,0.173080444,0.224696159,0.272920609,-0.0491542816,-0.096657753,-0.191785812,-0.108652115,-0.0578794479,0.0560655594,-0.145929337,-0.116939545,-0.0683412552,0.0205106735,-0.0408582687
2026-08-23T17:58:49.263+00:00	138.969	SUBSEG96 protocol=asd-research-v1.0.0 session=1 phase=CAL window=5 group=5 segments=7 dims=96 fnv1a=fa8b92f8 values=-10.1890898,-10.1890898,1.16436005,-10.1890898,-10.1890898,1.33771229,-10.1890898,1.76876068,-10.1890898,1.54264069,0.740793228,-10.1890898,0.882268906,1.62629318,1.54284763,-10.1890898,0.546217918,0.45618248,0.970796585,1.17757797,0.856582642,1.11260891,1.1516695,1.17257309,1.21356297,1.49067497,1.27393627,1.30319691,1.50363255,1.25753021,0.956993103,0.734210014,0.894213676,1.1237402,0.99277401,2.81430674,3.63768244,0.740292549,0.866186142,0.808123589,0.679791451,0.813825607,0.673256874,0.618170738,0.662329674,0.986780167,1.16807652,0.949956894,0.846933365,1.08031464,0.883980751,0.904237747,1.27269936,1.60639191,1.21321678,1.42765236,1.4112978,1.5945425,1.44303703,1.6031456,1.46479893,2.46443415,2.329597,0.486249924,0.905641556,0.617618561,0.76079464,0.645571709,0.607981682,0.770689964,0.917845726,0.996932983,1.04309464,1.34823227,0.853638649,0.83691597,0.709340096,0.488675117,0.475927353,0.484534264,0.174934387,0.0671062469,0.216047287,0.279657364,0.324492455,0.0146055222,-0.0521383286,-0.161746025,-0.138775826,0.0708732605,0.0573730469,-0.110590935,-0.0473241806,0.0649814606,0.0453824997,-0.00137042999
2026-08-23T17:58:53.605+00:00	143.313	FLAGS protocol=asd-quality-v1.5.0 mode=LEARNING state=NO_MACHINE waiting=0 learning=1 learned=0 anomaly=0 hold=0 fault=0 green=blink_5hz red=off guided25_available=1 workflow_pending=DEFAULT research_telemetry=1 profile_persistence_allowed=0 dropped=0
2026-08-23T17:58:58.549+00:00	148.266	QUALITY protocol=asd-quality-v1.5.0 phase=CAL index=6 total=10 result=OK metrics_valid=1 samples=159744 expected=159744 rms_dbfs=-45.035 dc=-0.457 peak=648 clipped=0 zeros=384 stuck=223 dropped_delta=0 feature_valid=1 tonalness_valid=1 tonalness_proxy=3.631190 tonal_gate=pending_normal_only
2026-08-23T17:58:58.550+00:00	148.266	CAL  6/10 score=0.00000 nivo=-45.0 dBFS racun=716 ms
2026-08-23T17:58:58.681+00:00	148.391	FEATURE96 protocol=asd-research-v1.0.0 session=1 phase=CAL window=6 window_start_ms=137748 window_end_ms=147030 score=0 level_dbfs=-45.0351906 quality=OK tonalness_proxy=3.6311903 dims=96 fnv1a=d472cc73 values=-10.1967344,-10.1967344,1.02685738,-10.1967344,-10.1967344,1.099617,-10.1967344,1.44065094,-10.1967344,1.29397869,0.823746681,-10.1967344,1.00632095,1.56529522,1.4997921,-10.1967344,0.866778374,0.871421814,0.900321007,0.825728416,0.905194283,1.00447178,1.28877163,1.20820904,1.29341984,1.42748356,1.24826145,1.0784626,1.08087349,1.1469593,1.019907,1.18885136,1.16589069,1.21868801,1.08757401,2.62689161,3.6311903,0.880657196,0.774372101,0.932676315,0.850100517,0.797645569,0.781476974,0.74262619,0.763525009,0.919309616,1.08109283,1.11431122,0.893383026,1.13370419,0.904050827,0.961215973,1.09842014,1.60670185,1.16433239,1.30317593,1.3615799,1.62812519,1.5190134,1.60740566,1.52744865,2.05386019,2.61105204,0.578005791,0.797299385,0.706469536,0.665870667,0.625188828,0.56619072,0.722515106,0.927623749,0.998468399,1.04270172,1.2874527,0.894483566,0.902245522,0.70208931,0.496118546,0.426006317,0.49355793,0.231784821,0.122011185,0.240337372,0.291777611,0.249386787,0.0552873611,-0.0731830597,-0.132548332,-0.170053482,0.0474977493,0.127950668,-0.0730743408,-0.1020298,0.0242948532,0.0482988358,0.000913619995
2026-08-23T17:58:58.689+00:00	148.406	FLAGS protocol=asd-quality-v1.5.0 mode=LEARNING state=NO_MACHINE waiting=0 learning=1 learned=0 anomaly=0 hold=0 fault=0 green=blink_5hz red=off guided25_available=1 workflow_pending=DEFAULT research_telemetry=1 profile_persistence_allowed=0 dropped=0
2026-08-23T17:58:58.810+00:00	148.516	SUBSEG96 protocol=asd-research-v1.0.0 session=1 phase=CAL window=6 group=1 segments=8 dims=96 fnv1a=f9af879b values=-10.1735926,-10.1735926,0.846776009,-10.1735926,-10.1735926,0.934622765,-10.1735926,1.43777657,-10.1735926,1.35443211,0.834684372,-10.1735926,0.829706192,1.43132687,1.46367645,-10.1735926,0.78691864,0.862366676,0.8351717,0.930121422,0.895466805,0.778971672,1.23795986,1.09088612,1.46909904,1.48312664,1.40141582,1.28970718,1.22725105,1.1251812,0.919938087,1.06777668,0.949169159,1.00836468,1.00986195,2.68504524,3.64773989,0.929023743,0.7622509,0.894632339,1.02218056,0.925926208,0.897994041,0.88385582,0.62010479,0.756266594,0.97663784,1.1643095,0.917214394,1.16886616,0.741039276,0.855975151,1.12054157,1.62409687,1.17450047,1.29350948,1.34341049,1.62669659,1.52162266,1.61572552,1.57942963,2.18859196,2.5665822,0.608235359,0.831149101,0.71144104,0.715899467,0.694328308,0.601641655,0.756765366,0.932840347,1.02368259,1.07883835,1.30611134,0.925536156,0.903125763,0.70093441,0.511329651,0.450489044,0.553526878,0.208358765,0.153918266,0.24060154,0.301762581,0.240390778,0.0977058411,-0.0317926407,-0.133273125,-0.146613121,0.0775499344,0.161571503,-0.0759296417,-0.0981283188,0.0206651688,0.0673704147,-0.00662517548
2026-08-23T17:58:58.917+00:00	148.625	SUBSEG96 protocol=asd-research-v1.0.0 session=1 phase=CAL window=6 group=2 segments=8 dims=96 fnv1a=bf3a6935 values=-10.2156963,-10.2156963,1.05084896,-10.2156963,-10.2156963,0.881844521,-10.2156963,1.27923393,-10.2156963,1.13148403,0.835684776,-10.2156963,0.935276031,1.66110611,1.61232567,-10.2156963,0.722305298,0.991966248,1.08724499,0.924507141,0.913028717,1.16407108,1.48744774,1.39964485,1.280056,1.33900261,1.18436241,0.844826698,0.936916351,1.24844456,1.16148472,1.38813686,1.34017181,1.53750038,1.18063927,2.5361352,3.58864641,0.752457619,0.73223877,1.03456879,0.625649452,0.719236374,0.844373703,0.883551598,0.919043541,0.928157806,1.11654758,1.18483162,0.954415321,1.14188576,0.879989624,0.962944984,1.11047363,1.60561848,1.03241634,1.33725262,1.28940296,1.56143665,1.55089188,1.58952618,1.54003525,1.87489653,2.61960983,0.521229744,0.770734787,0.717048645,0.657240868,0.598249435,0.662388802,0.70602417,0.893569946,0.942239761,1.01669598,1.25285339,0.919978142,0.962142944,0.689869881,0.432797432,0.414301872,0.529399872,0.223021507,0.0795993805,0.249940872,0.227934837,0.261369705,0.061958313,-0.111571312,-0.120023727,-0.195036888,0.0276937485,0.118073463,-0.107481956,-0.137590408,0.0112276077,0.0125865936,0.00109767914
2026-08-23T17:58:59.024+00:00	148.735	SUBSEG96 protocol=asd-research-v1.0.0 session=1 phase=CAL window=6 group=3 segments=8 dims=96 fnv1a=b6580680 values=-10.1796417,-10.1796417,1.10795593,-10.1796417,-10.1796417,1.06776333,-10.1796417,1.36382008,-10.1796417,1.34333706,0.793651581,-10.1796417,1.07120705,1.4645853,1.34328079,-10.1796417,0.797970772,0.770228386,0.895382881,0.62741375,0.725640297,0.871393204,1.138237,1.04170799,1.23797703,1.38399029,1.18535328,1.12117577,0.956594467,1.21756172,0.986913681,1.14889526,1.26427174,1.24428844,1.20419312,2.63178158,3.64143801,0.939383507,1.02726746,0.958249092,0.907538414,0.955879211,0.601730347,0.573028564,0.824115753,1.02544785,1.20570946,1.07859135,0.814839363,1.16951942,0.959444046,1.06281948,0.976753235,1.6184454,1.26183605,1.28763294,1.38369751,1.68809223,1.51851654,1.53610134,1.5150423,2.11165524,2.666677,0.54996109,0.836823463,0.739850044,0.676779747,0.640844345,0.514174461,0.634099007,0.928840637,0.985471725,1.09357929,1.31822968,0.900971413,0.862895012,0.788211823,0.525478363,0.425573349,0.503689766,0.273124695,0.138585091,0.255759239,0.28063488,0.289525986,0.0967502594,-0.0463809967,-0.0952692032,-0.14935112,0.0507364273,0.109578133,-0.0306177139,-0.0674648285,0.021112442,0.0661201477,0.00269699097
2026-08-23T17:58:59.131+00:00	148.844	SUBSEG96 protocol=asd-research-v1.0.0 session=1 phase=CAL window=6 group=4 segments=7 dims=96 fnv1a=91641683 values=-10.1957846,-10.1957846,1.04474449,-10.1957846,-10.1957846,1.2114296,-10.1957846,1.55552483,-10.1957846,1.25216866,0.94538784,-10.1957846,1.22801113,1.70181942,1.55555439,-10.1957846,0.948176384,0.746154785,0.724440575,0.654289246,1.02376175,1.02240944,1.40112305,1.35343742,1.34056759,1.63080311,1.32288837,0.983014107,1.11694622,1.05123425,0.91224575,1.19196892,0.937226295,1.06949711,0.97287178,2.63931704,3.65734529,0.909807205,0.682750702,0.890872002,0.603074074,0.50556469,0.643971443,0.64785862,0.722895622,0.960246086,0.988930702,1.17183685,0.907721519,1.18202019,0.890236855,0.919931412,1.19907093,1.62674618,1.24062347,1.34550762,1.42333889,1.70067596,1.53721619,1.70231342,1.56449795,1.97935009,2.65318346,0.669756889,0.777567863,0.649079323,0.639600754,0.531523705,0.584307671,0.763253212,0.984232903,1.00143623,0.978137016,1.23582554,0.898192406,0.904940605,0.710029602,0.500031471,0.438879013,0.468121529,0.243852615,0.137791634,0.245053291,0.323957443,0.228528023,0.0193300247,-0.061964035,-0.13639164,-0.186342239,0.0986843109,0.13398838,-0.09126091,-0.0748929977,0.0777244568,0.0301980972,0.0487918854
2026-08-23T17:58:59.238+00:00	148.953	SUBSEG96 protocol=asd-research-v1.0.0 session=1 phase=CAL window=6 group=5 segments=7 dims=96 fnv1a=d9bc8750 values=-10.1733837,-10.1733837,1.08645248,-10.1733837,-10.1733837,1.34112835,-10.1733837,1.58073235,-10.1733837,1.40537262,0.719082832,-10.1733837,0.907704353,1.54593754,1.51600266,-10.1733837,1.07474709,0.964225769,0.881796837,0.922245026,0.976091385,1.11102867,1.0188036,1.01218796,1.07096386,1.25394058,1.12946606,1.08219051,1.16270542,1.07162285,1.0912056,1.06495094,1.19780159,0.844378471,1.03518391,2.68490124,3.66978979,0.905631065,0.510689735,0.887846947,0.9830513,0.767938614,0.876078606,0.630116463,0.673295975,0.927797318,1.10889244,0.955447197,0.899737358,1.01957035,1.05444145,1.01955032,1.10969448,1.60134411,1.12893295,1.28911495,1.4150877,1.59792137,1.50410461,1.63267708,1.46662045,2.10438728,2.58110094,0.582162857,0.810647964,0.750352859,0.67884922,0.687020302,0.46339798,0.792916298,0.946404457,1.08640957,1.07941532,1.36372662,0.860832214,0.910037994,0.645134926,0.557717323,0.446995735,0.431923866,0.254045486,0.146835327,0.253416061,0.373436928,0.265645027,0.0300474167,-0.0715646744,-0.139883041,-0.127866745,0.0237054825,0.162349701,-0.0160169601,-0.0859870911,0.037270546,0.111021996,0.0028629303
2026-08-23T17:59:03.616+00:00	153.328	FLAGS protocol=asd-quality-v1.5.0 mode=LEARNING state=NO_MACHINE waiting=0 learning=1 learned=0 anomaly=0 hold=0 fault=0 green=blink_5hz red=off guided25_available=1 workflow_pending=DEFAULT research_telemetry=1 profile_persistence_allowed=0 dropped=0
2026-08-23T17:59:08.522+00:00	158.235	QUALITY protocol=asd-quality-v1.5.0 phase=CAL index=7 total=10 result=OK metrics_valid=1 samples=159744 expected=159744 rms_dbfs=-45.466 dc=-0.465 peak=645 clipped=0 zeros=400 stuck=220 dropped_delta=0 feature_valid=1 tonalness_valid=1 tonalness_proxy=3.605415 tonal_gate=pending_normal_only
2026-08-23T17:59:08.524+00:00	158.235	CAL  7/10 score=0.00000 nivo=-45.5 dBFS racun=716 ms
2026-08-23T17:59:08.653+00:00	158.360	FEATURE96 protocol=asd-research-v1.0.0 session=1 phase=CAL window=7 window_start_ms=147723 window_end_ms=157004 score=0 level_dbfs=-45.4659843 quality=OK tonalness_proxy=3.60541534 dims=96 fnv1a=1397be23 values=-10.2193403,-10.2193403,0.913535118,-10.2193403,-10.2193403,1.08382702,-10.2193403,1.61188984,-10.2193403,1.44981384,0.880828857,-10.2193403,0.955578804,1.6830492,1.7252512,-10.2193403,1.06821537,0.922598839,0.962272644,0.97985363,1.03053665,1.06303883,1.33976364,1.4227047,1.34397411,1.48573017,1.17707539,1.14353275,1.22690773,1.21186829,1.11880207,1.21792412,1.14826965,1.16847229,0.925694466,2.71992683,3.60541534,0.82711792,0.766058922,0.893548012,0.941626549,0.827137947,0.806103706,0.654438019,0.714204788,0.7727108,1.05380249,1.10667133,0.908381462,1.04588985,0.955449104,0.957565308,1.06777096,1.5542326,1.0346241,1.39654446,1.34164429,1.53540993,1.522439,1.5612812,1.45759583,2.2962718,2.36460257,0.550080299,0.742089272,0.614289284,0.648316383,0.5969944,0.530894279,0.737273216,0.865791321,1.01599216,1.0318861,1.27950382,0.854428291,0.854799271,0.677402496,0.491488457,0.448782921,0.484633446,0.173131943,0.0589532852,0.187022209,0.230381012,0.20929718,-0.00627422333,-0.0723905563,-0.181800842,-0.178495407,-0.0304994583,0.101926804,-0.0687866211,-0.134783745,0.063246727,0.038690567,-0.00939750671
2026-08-23T17:59:08.663+00:00	158.375	FLAGS protocol=asd-quality-v1.5.0 mode=LEARNING state=NO_MACHINE waiting=0 learning=1 learned=0 anomaly=0 hold=0 fault=0 green=blink_5hz red=off guided25_available=1 workflow_pending=DEFAULT research_telemetry=1 profile_persistence_allowed=0 dropped=0
2026-08-23T17:59:08.782+00:00	158.500	SUBSEG96 protocol=asd-research-v1.0.0 session=1 phase=CAL window=7 group=1 segments=8 dims=96 fnv1a=8e28c855 values=-10.2225142,-10.2225142,0.995810509,-10.2225142,-10.2225142,1.04153252,-10.2225142,1.6314249,-10.2225142,1.50263882,1.06308842,-10.2225142,0.700561523,1.71132088,1.81045485,-10.2225142,1.23114777,1.08137989,0.893260002,0.880551338,0.967363358,0.919454575,1.28130531,1.35944462,1.42112732,1.82729816,1.28644466,1.00157261,1.1715765,1.11389542,0.98169899,1.07740688,1.00498867,1.18033409,0.921327591,2.67858505,3.58372688,0.896094322,0.81390667,0.933474541,1.0565033,0.826666832,0.809152603,0.616600037,0.631542206,0.729653358,1.07890701,1.20028973,0.853297234,1.00107384,0.874822617,0.876806259,1.21820736,1.57615948,1.0279274,1.40735435,1.29677105,1.48981285,1.51553726,1.62199306,1.50698566,2.25482702,2.41324234,0.453800201,0.734207153,0.644762993,0.568008423,0.622364044,0.577451706,0.706106186,0.907640457,1.04829407,1.08161831,1.30668354,0.847100258,0.843097687,0.733106613,0.530602455,0.48120594,0.472278595,0.146338463,0.0507125854,0.202628136,0.232363701,0.246376038,-0.0346136093,-0.0970716476,-0.199217796,-0.201263428,-0.015868187,0.0845775604,-0.0581188202,-0.12412262,0.0551042557,0.0654439926,0.0201673508
2026-08-23T17:59:08.890+00:00	158.594	SUBSEG96 protocol=asd-research-v1.0.0 session=1 phase=CAL window=7 group=2 segments=8 dims=96 fnv1a=d33519e6 values=-10.2082624,-10.2082624,0.955373764,-10.2082624,-10.2082624,1.15682125,-10.2082624,1.67902088,-10.2082624,1.48219681,0.739555359,-10.2082624,1.1291914,1.94239902,1.97374725,-10.2082624,1.01900101,0.902163506,0.937870979,0.810300827,1.0678339,1.12777996,1.35390377,1.17342186,1.24887848,1.23471928,1.13242245,1.0891428,1.03619576,1.18191147,0.953654289,1.1683569,1.18861675,0.850767136,0.991868973,2.7204051,3.62403488,0.820529938,0.751846313,0.943030357,0.873257637,0.865587234,0.902326584,0.541918755,0.735813141,0.796822548,0.945995331,0.993118286,0.813118935,1.09125996,1.16446495,1.06726456,1.05683136,1.53697014,0.986201286,1.37054062,1.42466164,1.49827862,1.54467583,1.61581707,1.45212078,2.24417973,2.39184046,0.563546181,0.787714005,0.66426754,0.632725716,0.661396027,0.550999641,0.825041771,0.954981804,1.05547047,1.06934452,1.32754612,0.840781212,0.892006874,0.650458336,0.472566605,0.410496712,0.502988815,0.15478611,0.0601053238,0.197211266,0.241570473,0.202431679,0.0334720612,-0.0733499527,-0.146139145,-0.180941582,-0.00806808472,0.118883133,-0.0625305176,-0.147237778,0.049366951,0.0600223541,0.00394153595
2026-08-23T17:59:08.998+00:00	158.703	SUBSEG96 protocol=asd-research-v1.0.0 session=1 phase=CAL window=7 group=3 segments=8 dims=96 fnv1a=39464d30 values=-10.2001314,-10.2001314,1.04697132,-10.2001314,-10.2001314,1.32849312,-10.2001314,1.81012535,-10.2001314,1.60627079,0.943224907,-10.2001314,1.17844772,1.70762062,1.7705822,-10.2001314,1.20090008,0.791585922,0.937650681,1.00167465,1.05752087,1.19679642,1.30278683,1.38558102,1.34857941,1.35832882,1.12528515,0.963098526,0.987161636,1.07666588,1.06722832,1.0652771,1.13450527,1.16451263,1.01990414,2.71382523,3.62608624,0.84055233,0.586773872,0.773589134,0.851084709,0.773410797,0.743875504,0.661931992,0.678650856,0.678599358,1.02175045,1.1738205,1.0107336,1.11011791,0.945389748,0.91322422,0.919117928,1.55309296,1.04434109,1.34565163,1.32863617,1.48145199,1.4312458,1.56216621,1.48754215,2.2879777,2.41665506,0.523989677,0.868657112,0.571149826,0.553325653,0.637396812,0.440834045,0.725028992,0.838287354,0.98340416,1.03019047,1.27590752,0.819678307,0.882383347,0.651643753,0.548017502,0.464515686,0.521045685,0.211220741,0.0751647949,0.182001114,0.278064728,0.211174965,-0.00649547577,-0.033572197,-0.126897812,-0.1683321,-0.0135202408,0.149828911,-0.0478572845,-0.0882282257,0.075378418,0.0305328369,-0.00104999542
2026-08-23T17:59:09.106+00:00	158.813	SUBSEG96 protocol=asd-research-v1.0.0 session=1 phase=CAL window=7 group=4 segments=7 dims=96 fnv1a=ae156ae3 values=-10.1905918,-10.1905918,0.909574509,-10.1905918,-10.1905918,0.816094398,-10.1905918,1.23756027,-10.1905918,1.247262,0.986938477,-10.1905918,0.725799561,1.43592548,1.41788483,-10.1905918,0.959472656,0.854781151,1.15200138,1.2992878,0.966142654,1.06559181,1.27469921,1.48584557,1.24847412,1.28336811,1.09730911,1.15200996,1.41645241,1.538414,1.40351677,1.19069862,0.92010498,0.928565979,0.828439713,2.75896883,3.64972591,0.850387573,0.937249184,0.951955795,0.917323112,0.9008255,0.81854248,0.691711426,0.756979942,0.75200367,1.06805229,1.15303802,0.958769798,0.946250916,0.920677185,1.0549984,1.02205658,1.52501106,1.05663204,1.30437565,1.34822464,1.59740067,1.57379723,1.57355213,1.41350651,2.30689049,2.378232,0.591044426,0.6690979,0.582561493,0.873221397,0.57133007,0.609669685,0.755625725,0.866603851,1.04781628,1.01915073,1.21865273,0.933292389,0.851108551,0.633161545,0.482878685,0.471272469,0.512961388,0.268470764,0.101079941,0.203722954,0.206442833,0.218420029,0.0328865051,-0.0552749634,-0.195860863,-0.146419525,-9.15527344e-05,0.112510681,-0.0687570572,-0.0928068161,0.144271851,0.0654964447,0.0119352341
2026-08-23T17:59:09.211+00:00	158.922	SUBSEG96 protocol=asd-research-v1.0.0 session=1 phase=CAL window=7 group=5 segments=7 dims=96 fnv1a=6d7a14fb values=-10.218996,-10.218996,0.511935234,-10.218996,-10.218996,0.890529633,-10.218996,1.51687527,-10.218996,1.33856964,0.499182701,-10.218996,0.830391884,1.37249184,1.30378342,-10.218996,0.805575371,0.963157654,0.922336578,0.797086716,1.12734795,1.00737667,1.50490093,1.65848064,1.45902061,1.42710209,1.25406742,1.43152428,1.43657207,1.04723358,1.14176846,1.50901699,1.39549541,1.48838425,0.872960091,2.78638315,3.60022736,0.765300751,0.745619774,0.901539803,1.02270126,0.821438789,0.792432785,0.795079231,0.816869736,0.930078506,1.18668461,1.02346706,0.944048882,1.10378361,0.823471069,0.902318001,1.10772133,1.62699986,1.1125803,1.56406021,1.35491657,1.65766907,1.59581375,1.45541954,1.46717739,2.43083382,2.2436347,0.663998604,0.648792267,0.649532318,0.625178337,0.518332481,0.517775536,0.717213631,0.784591675,0.992627144,0.998456955,1.30540848,0.890339851,0.855605125,0.755835533,0.464625359,0.469733238,0.466968536,0.13672924,0.0660409927,0.204904556,0.240542412,0.22000885,-0.00071144104,-0.0466976166,-0.196350098,-0.136234283,-0.0645189285,0.0952796936,-0.0534791946,-0.17155838,0.0491905212,0.0237522125,-0.031463623
2026-08-23T17:59:13.627+00:00	163.344	FLAGS protocol=asd-quality-v1.5.0 mode=LEARNING state=NO_MACHINE waiting=0 learning=1 learned=0 anomaly=0 hold=0 fault=0 green=blink_5hz red=off guided25_available=1 workflow_pending=DEFAULT research_telemetry=1 profile_persistence_allowed=0 dropped=0
2026-08-23T17:59:18.497+00:00	168.203	QUALITY protocol=asd-quality-v1.5.0 phase=CAL index=8 total=10 result=OK metrics_valid=1 samples=159744 expected=159744 rms_dbfs=-45.858 dc=-0.468 peak=640 clipped=0 zeros=464 stuck=277 dropped_delta=0 feature_valid=1 tonalness_valid=1 tonalness_proxy=3.624359 tonal_gate=pending_normal_only
2026-08-23T17:59:18.498+00:00	168.203	CAL  8/10 score=0.00000 nivo=-45.9 dBFS racun=727 ms
2026-08-23T17:59:18.630+00:00	168.344	FEATURE96 protocol=asd-research-v1.0.0 session=1 phase=CAL window=8 window_start_ms=157698 window_end_ms=166978 score=0 level_dbfs=-45.8576355 quality=OK tonalness_proxy=3.62435913 dims=96 fnv1a=af3d312b values=-10.1861982,-10.1861982,1.02237606,-10.1861982,-10.1861982,1.17392349,-10.1861982,1.5682745,-10.1861982,1.29052925,0.820874214,-10.1861982,0.967686653,1.31922913,1.31622505,-10.1861982,0.956700325,0.729678154,0.805840492,0.852769852,0.897027969,1.06892395,1.38537216,1.29848003,1.31592941,1.5074091,1.18373585,1.06960297,1.19421864,1.11087513,1.0128088,1.1364212,1.09771919,1.1878891,0.867259979,2.86509085,3.62435913,0.843538284,0.929814339,0.985399246,0.964279175,0.800181389,0.861707687,0.762339592,0.738765717,0.822979927,1.05626011,1.05681419,0.931754112,1.11233521,1.01521778,1.01722145,1.11597061,1.59717655,1.10033894,1.36612034,1.36025333,1.48669529,1.44200611,1.60147858,1.50692558,2.52751732,2.16489506,0.5542202,0.747893333,0.636173248,0.660282135,0.59882164,0.576547623,0.747366905,0.932546616,1.02408409,1.04141617,1.37888527,0.907733917,0.899544716,0.685527802,0.462188721,0.436828613,0.53888607,0.210165977,0.116295815,0.209190369,0.292701721,0.299912453,0.0206384659,-0.0345373154,-0.0987958908,-0.115015984,-0.0478610992,0.0855665207,-0.0734052658,-0.0997695923,0.0385694504,0.0504627228,-0.00880622864
2026-08-23T17:59:18.736+00:00	168.453	SUBSEG96 protocol=asd-research-v1.0.0 session=1 phase=CAL window=8 group=1 segments=8 dims=96 fnv1a=598ba2a9 values=-10.1874542,-10.1874542,1.00786018,-10.1874542,-10.1874542,1.13561916,-10.1874542,1.44525814,-10.1874542,1.19930553,0.804660797,-10.1874542,1.0468998,1.3496151,1.24535465,-10.1874542,0.757514,0.499564171,0.698253632,0.742795944,0.999984741,1.19038677,1.5930357,1.53271008,1.34334755,1.37674141,1.10096073,1.00181961,1.22140884,1.14776421,0.948324203,1.16217995,0.97840786,1.05951405,0.845746994,2.82832479,3.63152647,0.76587677,0.982769966,1.05805969,0.819041252,0.7700243,0.788309097,0.713477135,0.869480133,0.989024162,1.13435173,1.08084679,0.948241234,1.20480919,1.05093288,1.00495625,1.15722656,1.63624763,1.20896721,1.4000721,1.35834694,1.44651604,1.52385139,1.61905289,1.54409122,2.48702955,2.2229147,0.636828423,0.762807846,0.559726715,0.745635033,0.527574539,0.56401825,0.779374123,0.951170921,0.995147705,1.03762531,1.38233662,0.941418648,0.896697998,0.71980381,0.449842453,0.394913673,0.554319382,0.224579811,0.104826927,0.19576931,0.291642189,0.346562386,0.0249385834,-0.0199069977,-0.143387794,-0.119621277,-0.0122594833,0.0894927979,-0.0886983871,-0.102882385,0.0857696533,0.0331315994,0.0109376907
2026-08-23T17:59:18.745+00:00	168.453	FLAGS protocol=asd-quality-v1.5.0 mode=LEARNING state=NO_MACHINE waiting=0 learning=1 learned=0 anomaly=0 hold=0 fault=0 green=blink_5hz red=off guided25_available=1 workflow_pending=DEFAULT research_telemetry=1 profile_persistence_allowed=0 dropped=0
2026-08-23T17:59:18.864+00:00	168.578	SUBSEG96 protocol=asd-research-v1.0.0 session=1 phase=CAL window=8 group=2 segments=8 dims=96 fnv1a=4dca18cb values=-10.1787043,-10.1787043,1.27063751,-10.1787043,-10.1787043,1.0724926,-10.1787043,1.44756699,-10.1787043,1.11052704,0.832770348,-10.1787043,1.06708527,1.40942001,1.42361069,-10.1787043,1.01460266,0.698133469,0.920274734,0.881010056,0.594392776,0.836065292,1.12001991,1.10327816,1.21339798,1.33581352,1.27467632,1.27043819,0.979812622,1.02215862,1.08702278,0.813187599,0.935584068,1.12293148,0.954849243,2.85192442,3.62558889,0.73876667,0.866691589,1.13610363,1.06789398,0.783461571,0.975851059,0.823836327,0.832730293,0.929718971,1.07821941,1.04853725,0.940735817,1.20212841,1.0989399,1.07189941,1.1186533,1.603405,1.05163765,1.30837727,1.45707035,1.58244705,1.46004868,1.60642052,1.50977039,2.50643492,2.19644833,0.596180916,0.726943016,0.593474388,0.630829811,0.62061882,0.592745781,0.733034134,0.95043087,1.046381,1.0779829,1.44807434,0.99598217,0.882871628,0.717170715,0.450816154,0.466262817,0.536996841,0.208789825,0.168890953,0.208195686,0.26586628,0.288022041,0.0836572647,0.000665664673,-0.0913467407,-0.0684223175,-0.0206003189,0.124771118,-0.0802412033,-0.103865623,0.0642824173,0.042178154,-0.0135135651
2026-08-23T17:59:18.971+00:00	168.688	SUBSEG96 protocol=asd-research-v1.0.0 session=1 phase=CAL window=8 group=3 segments=8 dims=96 fnv1a=9d641a84 values=-10.1841574,-10.1841574,0.929965019,-10.1841574,-10.1841574,1.42093849,-10.1841574,1.71390915,-10.1841574,1.31023979,0.816596031,-10.1841574,1.09550095,1.36691952,1.32981682,-10.1841574,0.877429962,0.502343178,0.683281898,0.84278965,0.868081093,1.03078938,1.42221069,1.46437454,1.41511917,1.6178093,1.24969387,0.862104416,1.06871033,1.15626335,0.857629776,1.21855354,1.29403687,1.06926155,0.871562004,2.8414917,3.6222353,0.875648499,0.911518097,0.884348869,1.00396156,0.920528412,0.949224472,0.719297409,0.64563942,0.804690361,1.16746807,1.05932713,0.935368538,1.00788212,0.990674019,1.10031796,1.16578293,1.5454216,1.07508469,1.31692982,1.30954933,1.50683403,1.41801453,1.58069038,1.43664074,2.48206043,2.20693445,0.492320061,0.741026878,0.718569756,0.688871384,0.546235085,0.566813469,0.765049934,0.964995384,1.03338432,1.08319092,1.31204224,0.857698441,0.886641502,0.713047028,0.46760273,0.45868969,0.552610397,0.188057899,0.17228508,0.231182098,0.274654388,0.275601387,0.028216362,-0.0347509384,-0.0737800598,-0.135313988,-0.0691690445,0.0691270828,-0.0834779739,-0.108963966,0.0271024704,0.0543718338,-0.0298995972
2026-08-23T17:59:19.079+00:00	168.797	SUBSEG96 protocol=asd-research-v1.0.0 session=1 phase=CAL window=8 group=4 segments=7 dims=96 fnv1a=a15c21c5 values=-10.1489325,-10.1489325,0.896250725,-10.1489325,-10.1489325,1.08436298,-10.1489325,1.60068607,-10.1489325,1.29278564,0.620922089,-10.1489325,0.533084869,1.32182503,1.40148258,-10.1489325,0.896960258,0.859706879,0.729156494,0.822805405,0.887127876,1.0672884,1.18617344,0.699540138,1.26775742,1.58392811,1.23109245,1.06229496,1.41438007,1.19387341,1.10306644,1.14354324,1.12627411,1.17265511,0.938223839,2.90555334,3.67681551,0.933612823,0.956461906,0.841367722,0.914198875,0.774040222,0.679829597,0.687029839,0.700170517,0.712552071,0.954386711,1.06221199,1.00486946,1.10504055,0.909966469,0.994801521,1.14326,1.62581635,1.10908413,1.42708874,1.31047058,1.41403008,1.49426174,1.73022747,1.62552547,2.56270838,2.20642328,0.568548203,0.682406425,0.764466286,0.668656349,0.733774185,0.62861824,0.714893341,0.988344193,1.01733112,0.989180565,1.30215931,0.872958183,0.946648598,0.72051239,0.512811661,0.460323334,0.595355988,0.215220451,0.127936363,0.276564598,0.366624832,0.369874954,0.0030708313,-0.0287275314,-0.0421257019,-0.147900581,0.0021905899,0.113775253,-0.0238418579,-0.0540018082,0.0955982208,0.123717308,0.0275859833
2026-08-23T17:59:19.186+00:00	168.891	SUBSEG96 protocol=asd-research-v1.0.0 session=1 phase=CAL window=8 group=5 segments=7 dims=96 fnv1a=4d87e3e9 values=-10.1846685,-10.1846685,0.883994102,-10.1846685,-10.1846685,1.04123497,-10.1846685,1.62473679,-10.1846685,1.50810146,0.988071442,-10.1846685,0.859488487,1.11591625,1.1787262,-10.1846685,1.18171978,0.985797882,0.967217445,0.991588593,1.06140804,1.18413734,1.44820118,1.22874928,1.34678173,1.61007309,1.05961323,1.09496307,1.2553196,1.06236744,1.0871067,1.27513123,1.10643196,1.45816422,0.734465599,2.94614697,3.6123457,0.936198235,0.971152306,0.952735901,1.01427937,0.76243782,0.865169525,0.880598068,0.6021595,0.532125473,0.890116692,1.07610512,0.866884232,1.03414249,1.02822399,0.917116165,1.01230621,1.6177969,1.07631207,1.42225075,1.38423538,1.49487591,1.3256464,1.49515533,1.45086575,2.64120102,1.97776699,0.495305061,0.850823402,0.562473297,0.58261013,0.606681824,0.578961372,0.778882027,0.83297348,1.07017803,1.0447979,1.46376514,0.88821888,0.935214043,0.575464249,0.47960186,0.447284698,0.496237755,0.258743286,0.0250406265,0.178349495,0.315392494,0.258423805,-0.00777626038,-0.0516834259,-0.0968904495,-0.0691156387,-0.104079247,0.0729532242,-0.0399980545,-0.0793771744,-0.0543289185,0.0480594635,0.00822639465
2026-08-23T17:59:23.635+00:00	173.344	FLAGS protocol=asd-quality-v1.5.0 mode=LEARNING state=NO_MACHINE waiting=0 learning=1 learned=0 anomaly=0 hold=0 fault=0 green=blink_5hz red=off guided25_available=1 workflow_pending=DEFAULT research_telemetry=1 profile_persistence_allowed=0 dropped=0
2026-08-23T17:59:28.471+00:00	178.188	QUALITY protocol=asd-quality-v1.5.0 phase=CAL index=9 total=10 result=OK metrics_valid=1 samples=159744 expected=159744 rms_dbfs=-45.873 dc=-0.534 peak=696 clipped=0 zeros=456 stuck=266 dropped_delta=0 feature_valid=1 tonalness_valid=1 tonalness_proxy=3.570651 tonal_gate=pending_normal_only
2026-08-23T17:59:28.473+00:00	178.188	CAL  9/10 score=0.00000 nivo=-45.9 dBFS racun=716 ms
2026-08-23T17:59:28.610+00:00	178.328	FEATURE96 protocol=asd-research-v1.0.0 session=1 phase=CAL window=9 window_start_ms=167673 window_end_ms=176953 score=0 level_dbfs=-45.8727112 quality=OK tonalness_proxy=3.57065105 dims=96 fnv1a=cf3a4e01 values=-10.2469139,-10.2469139,0.937539101,-10.2469139,-10.2469139,1.39243412,-10.2469139,1.97376442,-10.2469139,1.74176598,1.07882595,-10.2469139,1.25909233,1.49804688,1.45424271,-10.2469139,1.00669956,0.879812241,0.874733925,0.934650421,1.0728569,1.09320164,1.18965626,1.27112389,1.32492924,1.3806982,1.13694954,1.21787167,1.50382614,1.21117306,1.189641,1.0968523,1.2434063,1.13423061,0.9332304,2.70164633,3.57065105,0.846714973,1.00183868,0.877285004,1.06667423,0.827408791,1.01324463,0.745059013,0.661179543,0.8928442,1.14428139,1.10695648,0.946264267,1.05171871,0.994127274,1.00384998,1.06767273,1.51948547,1.09836864,1.25730991,1.27592564,1.52855682,1.40576649,1.49181175,1.41643333,2.30876303,2.3489337,0.556982994,0.688334465,0.527894974,0.601044655,0.5248909,0.536196709,0.715847015,0.899270058,0.951387405,1.01793575,1.2655859,0.871328354,0.831346512,0.66092205,0.443922043,0.370341301,0.458200455,0.152415276,0.0660762787,0.161717415,0.253819466,0.235887527,-0.0140209198,-0.0953063965,-0.208869934,-0.232242584,-0.0728673935,0.0661935806,-0.116265297,-0.176065445,-0.0275669098,-0.075709343,-0.0652503967
2026-08-23T17:59:28.712+00:00	178.422	SUBSEG96 protocol=asd-research-v1.0.0 session=1 phase=CAL window=9 group=1 segments=8 dims=96 fnv1a=821abacb values=-10.1817617,-10.1817617,0.926854134,-10.1817617,-10.1817617,1.1489563,-10.1817617,1.81898022,-10.1817617,1.56220436,0.651117325,-10.1817617,0.855837822,1.24484539,1.27054214,-10.1817617,0.918121338,0.565485954,0.580583572,0.703800201,0.859554291,0.951858521,1.21410847,1.38489246,1.53059196,1.46312523,1.16688633,1.18220139,0.929626465,1.24773788,1.07791615,1.00993443,1.15249348,1.0247612,0.794579506,2.83715582,3.64554882,0.863050461,0.802002907,0.778166771,1.05310917,0.794803619,1.08593178,0.940709114,0.823159218,0.946968079,1.04927444,1.03396225,1.03169823,1.24484825,0.988488197,1.05900574,1.06236172,1.52832127,1.16624832,1.39889526,1.37602329,1.57672787,1.46429825,1.56787968,1.43076611,2.51141262,2.31184864,0.608793259,0.822389603,0.51525116,0.67895031,0.533968925,0.602805138,0.801210403,0.969582558,0.990756989,1.1180191,1.34977531,0.872878075,0.877900124,0.675322533,0.462800026,0.485687256,0.520778656,0.212781906,0.113532066,0.261569977,0.339346886,0.320529938,0.0345516205,-0.0500774384,-0.0946617126,-0.167779922,0.00159645081,0.14285183,-0.0771684647,-0.0944070816,0.0397281647,0.00486946106,-0.0303258896
2026-08-23T17:59:28.720+00:00	178.438	FLAGS protocol=asd-quality-v1.5.0 mode=LEARNING state=NO_MACHINE waiting=0 learning=1 learned=0 anomaly=0 hold=0 fault=0 green=blink_5hz red=off guided25_available=1 workflow_pending=DEFAULT research_telemetry=1 profile_persistence_allowed=0 dropped=0
2026-08-23T17:59:28.838+00:00	178.547	SUBSEG96 protocol=asd-research-v1.0.0 session=1 phase=CAL window=9 group=2 segments=8 dims=96 fnv1a=97cae4ae values=-10.1876802,-10.1876802,1.07952213,-10.1876802,-10.1876802,1.07340908,-10.1876802,1.31866455,-10.1876802,1.16817188,0.734215736,-10.1876802,0.643141747,1.17203903,1.35521698,-10.1876802,1.05239582,0.832974434,0.81670475,0.913443565,1.00620461,1.0912962,1.47398949,1.36461735,1.16797352,1.18309307,1.0982933,0.945631981,0.918848991,1.16426277,1.24499798,1.10705376,1.22479248,0.965363503,0.571069717,2.82766294,3.6393342,0.672129631,0.961874962,0.993392944,1.19745255,0.786074638,1.20253658,0.742583275,0.696949005,0.964568138,1.11515999,1.11617279,1.06496239,1.13659573,1.12555027,1.07113647,1.16013813,1.57567215,1.22321606,1.36140347,1.33031654,1.6086607,1.55706692,1.55607796,1.55758286,2.47192764,2.27632761,0.517558098,0.832093239,0.614425659,0.645979881,0.677461624,0.617227554,0.764504433,0.957700729,1.00306606,1.07457638,1.28350163,0.908734322,0.936313629,0.736812592,0.537859917,0.400934219,0.544251442,0.226043701,0.14415741,0.21867466,0.284949303,0.34939003,0.0858640671,-0.0229043961,-0.162555695,-0.153997421,-0.0344705582,0.0936880112,-0.0910816193,-0.106308937,0.0186738968,-0.0631742477,-0.0187139511
2026-08-23T17:59:28.948+00:00	178.656	SUBSEG96 protocol=asd-research-v1.0.0 session=1 phase=CAL window=9 group=3 segments=8 dims=96 fnv1a=919f19eb values=-10.1839781,-10.1839781,0.875183105,-10.1839781,-10.1839781,1.05245781,-10.1839781,1.38904381,-10.1839781,1.27661324,0.823979378,-10.1839781,0.715823174,1.21821785,1.22109032,-10.1839781,0.811573029,0.87539196,0.694987297,0.764957428,0.787987709,1.12877655,0.97385788,1.02751255,1.28201962,1.62432575,1.18454456,1.06844521,1.36888981,0.980063438,1.14567852,1.14242268,1.39124489,1.32026577,1.36706638,2.74684334,3.6222868,0.790710449,1.17782784,0.991202354,1.03615093,0.869437218,1.05177593,0.825581551,0.676776886,0.782224655,1.09942913,1.06249237,0.897366524,0.985714912,1.13019276,1.00040627,1.25890541,1.60349846,1.14227486,1.30507183,1.35073566,1.49297047,1.39352036,1.56917477,1.48461628,2.36889076,2.42168331,0.598081589,0.653259277,0.608167648,0.662121773,0.711919785,0.619355202,0.716438293,0.946436882,1.03258705,1.05391407,1.29812241,0.975424767,0.833548546,0.720108986,0.501245499,0.38656044,0.534440994,0.262235641,0.158791542,0.197449684,0.301544189,0.274230003,0.0358066559,-0.0237312317,-0.138347626,-0.182289124,1.8119812e-05,0.131484032,-0.0419559479,-0.107219696,0.0878782272,0.0151309967,-0.00112247467
2026-08-23T17:59:29.055+00:00	178.766	SUBSEG96 protocol=asd-research-v1.0.0 session=1 phase=CAL window=9 group=4 segments=7 dims=96 fnv1a=bdc3b0d6 values=-10.3188152,-10.3188152,0.967334747,-10.3188152,-10.3188152,1.7876606,-10.3188152,2.40124798,-10.3188152,2.17830753,1.56557369,-10.3188152,1.81585932,1.97073126,1.8645792,-10.3188152,1.28736973,1.04707336,1.19164085,1.20779133,1.34283543,1.12132359,1.16108131,1.40762424,1.45307922,1.35175323,1.29279137,1.53631592,2.02366209,1.46118259,0.942942619,0.986444473,1.00097752,1.04090595,0.796780586,2.5388217,3.50609016,0.843799591,1.05048084,0.792746544,1.13840675,0.800294876,0.866577148,0.488313675,0.655226707,1.02319717,1.10541248,1.0969038,0.778627396,0.974685669,0.874304771,1.00384331,0.893079758,1.47221184,0.947681427,1.19333363,1.13312435,1.47366428,1.28103638,1.35184765,1.29632378,1.99375772,2.36642361,0.568619728,0.521800995,0.456858635,0.471634865,0.307400703,0.450204849,0.662763596,0.87929821,0.938256264,0.973534584,1.21977711,0.866701126,0.758187294,0.595235825,0.396978378,0.331589699,0.346196175,0.0289058685,-0.00295639038,0.0816307068,0.206711769,0.143759727,-0.0782880783,-0.152152061,-0.309922218,-0.296668053,-0.142235756,-0.00555706024,-0.152565002,-0.269728661,-0.124818802,-0.137282372,-0.128450394
2026-08-23T17:59:29.163+00:00	178.875	SUBSEG96 protocol=asd-research-v1.0.0 session=1 phase=CAL window=9 group=5 segments=7 dims=96 fnv1a=7430009e values=-10.2221785,-10.2221785,0.94715786,-10.2221785,-10.2221785,1.41934586,-10.2221785,2.04153347,-10.2221785,1.74363995,0.747904778,-10.2221785,0.703327179,1.10884476,1.05512333,-10.2221785,0.834723473,1.03270531,0.879426003,0.967413902,1.19832325,1.2619915,1.09659767,1.16132164,1.17811489,1.29203224,0.98767662,1.16284275,0.970098495,1.13036919,1.50954533,1.32278728,1.47511005,1.34050369,0.823717117,2.65255642,3.57821417,1.10162449,1.06624126,0.937992096,1.00208187,1.00187969,0.941924095,0.791069984,0.548461914,0.80892849,1.40832233,1.31725121,1.06264877,1.00288105,0.95341301,1.02271271,1.04572582,1.55781841,1.13226318,1.11233997,1.31595898,1.62501907,1.44904518,1.54350662,1.43245792,2.17944336,2.48232889,0.627340317,0.706346512,0.579877853,0.679572105,0.436825752,0.522253036,0.77464962,0.879303932,0.926286697,1.00385475,1.31882858,0.864809036,0.886699677,0.717782021,0.458088875,0.381917953,0.477083206,0.157501221,0.0485134125,0.186009407,0.27737999,0.216720581,-0.0129756927,-0.0892829895,-0.210262299,-0.222096443,-0.0496835709,0.10933876,-0.0757579803,-0.168645859,-0.0306997299,-0.0618448257,-0.00452899933
2026-08-23T17:59:33.645+00:00	183.360	FLAGS protocol=asd-quality-v1.5.0 mode=LEARNING state=NO_MACHINE waiting=0 learning=1 learned=0 anomaly=0 hold=0 fault=0 green=blink_5hz red=off guided25_available=1 workflow_pending=DEFAULT research_telemetry=1 profile_persistence_allowed=0 dropped=0
2026-08-23T17:59:38.444+00:00	188.156	QUALITY protocol=asd-quality-v1.5.0 phase=CAL index=10 total=10 result=OK metrics_valid=1 samples=159744 expected=159744 rms_dbfs=-45.592 dc=-0.483 peak=675 clipped=0 zeros=409 stuck=202 dropped_delta=0 feature_valid=1 tonalness_valid=1 tonalness_proxy=3.489994 tonal_gate=pending_normal_only
2026-08-23T17:59:38.447+00:00	188.156	CAL 10/10 score=0.00000 nivo=-45.6 dBFS racun=716 ms
2026-08-23T17:59:38.578+00:00	188.281	FEATURE96 protocol=asd-research-v1.0.0 session=1 phase=CAL window=10 window_start_ms=177648 window_end_ms=186927 score=0 level_dbfs=-45.5922318 quality=OK tonalness_proxy=3.48999357 dims=96 fnv1a=7f563914 values=-10.3323956,-10.3323956,0.842562675,-10.3323956,-10.3323956,1.24241829,-10.3323956,1.66387558,-10.3323956,1.44195938,0.852730751,-10.3323956,1.15954399,1.6053133,1.55396366,-10.3323956,1.13699245,1.13144398,1.17663383,1.26149082,1.18856525,1.26120472,1.79638338,1.71601963,1.60302067,1.5813036,1.17493153,1.26089954,1.7486043,1.28325367,1.27492142,1.42318153,1.85432959,1.16162968,0.957462311,2.63266897,3.48999357,0.872706413,1.08404827,1.18669319,1.15618896,0.833068848,0.972086906,0.836746216,0.63415432,0.909416199,1.64580441,1.28949356,1.08704567,1.05959511,1.0847311,0.963468552,1.02724648,1.39905167,1.00878334,1.216712,1.19772243,1.43459988,1.3162775,1.44873524,1.29235077,2.25056982,2.22926807,0.480478287,0.588905334,0.513243675,0.486074448,0.42531395,0.424658775,0.632273674,0.790593147,0.868458748,0.910654068,1.19755173,0.752099037,0.713038445,0.562278748,0.338090897,0.295462608,0.387132645,0.0665893555,0.00790977478,0.0371084213,0.155275345,0.145032883,-0.116412163,-0.185229301,-0.302107811,-0.327116013,-0.168539047,-0.0538024902,-0.22478199,-0.238323212,-0.139017105,-0.12689209,-0.150585175
2026-08-23T17:59:38.691+00:00	188.406	SUBSEG96 protocol=asd-research-v1.0.0 session=1 phase=CAL window=10 group=1 segments=8 dims=96 fnv1a=7c5b600f values=-10.2538481,-10.2538481,0.997612,-10.2538481,-10.2538481,0.939537048,-10.2538481,1.49305248,-10.2538481,1.3155899,0.678281784,-10.2538481,0.8813591,1.61198235,1.58339977,-10.2538481,0.946479797,0.556358337,0.730004311,0.658233643,0.649615288,1.18436337,1.35490131,1.91402626,1.99131441,1.69972229,1.31435966,1.01178074,1.18274212,1.13381481,1.00040245,1.19575596,1.39993477,1.11737633,1.22189331,2.71960306,3.57077122,0.915104866,1.03893471,1.17873001,1.19304371,1.09379005,1.24136829,0.796937943,0.702475548,0.92019558,1.35171223,1.16473484,1.22879505,1.00725555,1.09737301,1.17961311,1.10013199,1.47992706,1.06904697,1.22969723,1.3235178,1.55641842,1.35926151,1.51823235,1.29363823,2.31841469,2.32410431,0.650324821,0.652632713,0.601457596,0.527175903,0.506659508,0.515375137,0.658539772,0.863015175,0.961744308,0.955557823,1.21315765,0.812752724,0.832756042,0.581529617,0.428771973,0.379556656,0.43370533,0.205670357,0.118021011,0.108672142,0.232878685,0.266259193,-0.0490703583,-0.102325439,-0.239329338,-0.251735687,-0.104112625,0.00840759277,-0.131163597,-0.119765282,-0.0454158783,-0.0884923935,-0.0891447067
2026-08-23T17:59:38.695+00:00	188.406	FLAGS protocol=asd-quality-v1.5.0 mode=LEARNING state=NO_MACHINE waiting=0 learning=1 learned=0 anomaly=0 hold=0 fault=0 green=blink_5hz red=off guided25_available=1 workflow_pending=DEFAULT research_telemetry=1 profile_persistence_allowed=0 dropped=0
2026-08-23T17:59:38.814+00:00	188.531	SUBSEG96 protocol=asd-research-v1.0.0 session=1 phase=CAL window=10 group=2 segments=8 dims=96 fnv1a=f2f5aaae values=-10.2584753,-10.2584753,0.908044815,-10.2584753,-10.2584753,1.03838348,-10.2584753,1.43561649,-10.2584753,1.17193604,0.615132332,-10.2584753,0.727758408,1.1689539,1.22151279,-10.2584753,0.845983505,1.11363506,1.26933956,1.54155636,1.52536869,1.69781303,2.328866,2.08350182,1.54651451,1.43528748,1.09089184,1.11254025,1.08157635,1.11192226,1.43844891,1.59780312,1.12394905,1.02442074,0.958483696,2.75381517,3.55769157,0.760570526,0.984703064,1.0212307,1.01381588,0.749138832,0.7281847,0.770782471,0.56431675,1.00255203,1.32539368,1.14160919,1.03210545,0.944527626,0.958083153,0.84280777,0.997141838,1.45194912,0.937409401,1.34194946,1.25466347,1.4370594,1.2631073,1.57531452,1.41594791,2.4574976,2.22306299,0.538535118,0.649570465,0.554766655,0.603141785,0.554430008,0.455740929,0.684780121,0.924118042,0.895431519,1.00785351,1.28275585,0.84690094,0.772782326,0.666967392,0.434459686,0.37216568,0.465856552,0.144741058,0.112855911,0.061501503,0.240365028,0.232848167,-0.0214948654,-0.100631714,-0.188422203,-0.202441216,-0.09765625,-0.0142726898,-0.140231133,-0.160081863,-0.0762701035,-0.041270256,-0.113584518
2026-08-23T17:59:38.920+00:00	188.625	SUBSEG96 protocol=asd-research-v1.0.0 session=1 phase=CAL window=10 group=3 segments=8 dims=96 fnv1a=5aad17dd values=-10.3714705,-10.3714705,0.757029533,-10.3714705,-10.3714705,1.6380496,-10.3714705,2.1102705,-10.3714705,1.8040843,1.07621956,-10.3714705,1.61317444,1.94473791,1.79182625,-10.3714705,1.18383026,0.855226517,1.19765663,1.14467335,1.02232265,1.10842514,1.76009655,1.63560581,1.57060242,1.48069382,1.22860527,1.64239454,2.25747156,1.66733027,1.39085579,1.53498268,1.74564362,0.81963253,0.818655014,2.60837317,3.45786619,1.00078773,1.31554127,1.23113441,1.12853813,0.846705437,1.04781914,0.769602776,0.645913124,0.892392159,1.5562315,1.16882515,0.874307632,1.0581255,1.00896358,0.849616051,1.02101803,1.25974941,1.04632092,1.10390282,1.17919827,1.46453667,1.38522339,1.40001392,1.2003994,2.21651745,2.166574,0.384637833,0.534213066,0.456793785,0.410411835,0.371376991,0.448676109,0.600460052,0.741378784,0.785176277,0.868980408,1.13782692,0.76258564,0.690674782,0.525533676,0.258227348,0.287280083,0.30795002,0.0472202301,-0.0350008011,-0.00192165375,0.0956306458,0.104312897,-0.163283348,-0.236906052,-0.371546745,-0.358474731,-0.1948452,-0.0922899246,-0.272585869,-0.297751427,-0.176041603,-0.159091949,-0.192357063
2026-08-23T17:59:39.026+00:00	188.735	SUBSEG96 protocol=asd-research-v1.0.0 session=1 phase=CAL window=10 group=4 segments=7 dims=96 fnv1a=ced6dd07 values=-10.3308163,-10.3308163,0.898515701,-10.3308163,-10.3308163,1.11003876,-10.3308163,1.39136791,-10.3308163,1.43372154,1.03230286,-10.3308163,0.747184753,1.34706688,1.54794884,-10.3308163,1.39190674,1.53551006,1.37081909,1.45421028,1.36808681,1.0654707,1.07281685,1.26481152,1.38524055,1.80975246,1.29207134,1.03767967,1.4651947,0.874982834,1.45351791,1.52708626,2.21475267,1.52235126,0.867227554,2.61478519,3.48438835,0.861619949,0.972793579,1.18202591,1.26450062,0.769824028,0.927305222,0.847242355,0.681584358,0.924314499,1.66924,1.43959904,1.21695423,1.04985142,1.1289196,1.05814743,1.12588024,1.51081181,1.05067635,1.31062031,1.18887138,1.41956139,1.22318268,1.44720936,1.3239851,2.22016716,2.20587254,0.541152954,0.649497032,0.55683136,0.49811554,0.3244133,0.380170822,0.653413773,0.729515076,0.93827343,0.923984528,1.23841953,0.692333221,0.703458786,0.566185951,0.365428925,0.291183472,0.466664314,-0.00667381287,-0.0151643753,0.0634565353,0.187811852,0.171662331,-0.0834150314,-0.149529457,-0.325259209,-0.323381424,-0.1609478,-0.00416946411,-0.235794067,-0.255195618,-0.101085663,-0.123661995,-0.112762451
2026-08-23T17:59:39.133+00:00	188.844	SUBSEG96 protocol=asd-research-v1.0.0 session=1 phase=CAL window=10 group=5 segments=7 dims=96 fnv1a=0f9f664e values=-10.2832956,-10.2832956,0.786215782,-10.2832956,-10.2832956,0.996498108,-10.2832956,0.986962318,-10.2832956,1.02459717,0.703900337,-10.2832956,1.00790119,1.57100582,1.51397133,-10.2832956,1.24124241,1.20637608,1.23583698,1.23757172,1.08286762,0.992091179,1.50804996,1.22070599,1.33891773,1.5384388,1.00185299,1.08829117,1.40755081,1.16845512,0.904555321,1.20406151,2.12244844,1.21464539,1.00269413,2.61154175,3.54270601,0.913798332,1.08736134,1.4009304,1.30006504,0.753649712,0.877503395,1.10019016,0.722826958,0.968280792,2.07764721,1.56190777,1.19581699,1.31901073,1.33059311,0.98029232,1.03920269,1.44580364,1.08085728,1.24734497,1.19171238,1.43521881,1.46330833,1.45614815,1.3856411,2.12961388,2.38054276,0.414872169,0.623663902,0.562207222,0.553455353,0.510394096,0.472373962,0.730308533,0.843412399,0.92536068,0.960471153,1.28107834,0.793933868,0.718112946,0.632745743,0.364151001,0.302222252,0.424170494,0.0809516907,0.00856781006,0.120674133,0.18287468,0.0916385651,-0.104557991,-0.176616669,-0.226193428,-0.353134155,-0.12096405,-0.000102043152,-0.183287621,-0.201468468,-0.137602806,-0.0575723648,-0.0772762299
2026-08-23T17:59:39.140+00:00	188.844	QUALITY protocol=asd-quality-v1.5.0 phase=CAL_SUMMARY result=OBSERVED loo_mean=353.241669 loo_sd=588.669739 loo_cv=1.666479 loo_range=1916.485107 loo_gate=pending_normal_only
2026-08-23T17:59:39.147+00:00	188.860	STATE protocol=asd-quality-v1.5.0 from=NO_MACHINE to=CALIBRATION_REJECTED reason=UNSTABLE_CALIBRATION
2026-08-23T17:59:39.174+00:00	188.891	FLAGS protocol=asd-quality-v1.5.0 mode=FAULT state=CALIBRATION_REJECTED waiting=0 learning=0 learned=0 anomaly=0 hold=0 fault=1 green=double_blink red=double_blink guided25_available=1 workflow_pending=DEFAULT research_telemetry=1 profile_persistence_allowed=0 dropped=0
2026-08-23T17:59:39.187+00:00	188.891	EVENT protocol=asd-quality-v1.5.0 type=FLOW_STOPPED state=CALIBRATION_REJECTED phase=CAL reason=UNSTABLE_CALIBRATION event=NONE capability=AVAILABLE level=DEVIATION
2026-08-23T17:59:39.193+00:00	188.906	E (188884) psdlive: K1 odbio kalibraciju: UNSTABLE_CALIBRATION -> CALIBRATION_REJECTED
2026-08-23T17:59:39.204+00:00	188.922	SESSION protocol=asd-quality-v1.5.0 action=ENDED source=FIRMWARE reason=CALIBRATION_REJECTED discards_calibration=0
2026-08-23T17:59:39.239+00:00	188.953	I (188904) psdlive: sesija zavrsena u stanju CALIBRATION_REJECTED; taster pokrece novo ucenje
2026-08-23T17:59:39.240+00:00	188.953	I (188904) psdlive: pritisni taster (GPIO10) ili posalji PRESS da pocne ucenje
2026-08-23T17:59:44.158+00:00	193.875	FLAGS protocol=asd-quality-v1.5.0 mode=FAULT state=CALIBRATION_REJECTED waiting=0 learning=0 learned=0 anomaly=0 hold=0 fault=1 green=double_blink red=double_blink guided25_available=1 workflow_pending=DEFAULT research_telemetry=1 profile_persistence_allowed=0 dropped=0
2026-08-23T17:59:49.167+00:00	198.875	FLAGS protocol=asd-quality-v1.5.0 mode=FAULT state=CALIBRATION_REJECTED waiting=0 learning=0 learned=0 anomaly=0 hold=0 fault=1 green=double_blink red=double_blink guided25_available=1 workflow_pending=DEFAULT research_telemetry=1 profile_persistence_allowed=0 dropped=0
2026-08-23T17:59:54.177+00:00	203.891	FLAGS protocol=asd-quality-v1.5.0 mode=FAULT state=CALIBRATION_REJECTED waiting=0 learning=0 learned=0 anomaly=0 hold=0 fault=1 green=double_blink red=double_blink guided25_available=1 workflow_pending=DEFAULT research_telemetry=1 profile_persistence_allowed=0 dropped=0
2026-08-23T17:59:59.188+00:00	208.906	FLAGS protocol=asd-quality-v1.5.0 mode=FAULT state=CALIBRATION_REJECTED waiting=0 learning=0 learned=0 anomaly=0 hold=0 fault=1 green=double_blink red=double_blink guided25_available=1 workflow_pending=DEFAULT research_telemetry=1 profile_persistence_allowed=0 dropped=0
2026-08-23T18:00:04.197+00:00	213.906	FLAGS protocol=asd-quality-v1.5.0 mode=FAULT state=CALIBRATION_REJECTED waiting=0 learning=0 learned=0 anomaly=0 hold=0 fault=1 green=double_blink red=double_blink guided25_available=1 workflow_pending=DEFAULT research_telemetry=1 profile_persistence_allowed=0 dropped=0
2026-08-23T18:00:09.206+00:00	218.922	FLAGS protocol=asd-quality-v1.5.0 mode=FAULT state=CALIBRATION_REJECTED waiting=0 learning=0 learned=0 anomaly=0 hold=0 fault=1 green=double_blink red=double_blink guided25_available=1 workflow_pending=DEFAULT research_telemetry=1 profile_persistence_allowed=0 dropped=0
2026-08-23T18:00:14.219+00:00	223.922	FLAGS protocol=asd-quality-v1.5.0 mode=FAULT state=CALIBRATION_REJECTED waiting=0 learning=0 learned=0 anomaly=0 hold=0 fault=1 green=double_blink red=double_blink guided25_available=1 workflow_pending=DEFAULT research_telemetry=1 profile_persistence_allowed=0 dropped=0
2026-08-23T18:00:19.227+00:00	228.938	FLAGS protocol=asd-quality-v1.5.0 mode=FAULT state=CALIBRATION_REJECTED waiting=0 learning=0 learned=0 anomaly=0 hold=0 fault=1 green=double_blink red=double_blink guided25_available=1 workflow_pending=DEFAULT research_telemetry=1 profile_persistence_allowed=0 dropped=0
2026-08-23T18:00:24.236+00:00	233.953	FLAGS protocol=asd-quality-v1.5.0 mode=FAULT state=CALIBRATION_REJECTED waiting=0 learning=0 learned=0 anomaly=0 hold=0 fault=1 green=double_blink red=double_blink guided25_available=1 workflow_pending=DEFAULT research_telemetry=1 profile_persistence_allowed=0 dropped=0
2026-08-23T18:00:29.248+00:00	238.953	FLAGS protocol=asd-quality-v1.5.0 mode=FAULT state=CALIBRATION_REJECTED waiting=0 learning=0 learned=0 anomaly=0 hold=0 fault=1 green=double_blink red=double_blink guided25_available=1 workflow_pending=DEFAULT research_telemetry=1 profile_persistence_allowed=0 dropped=0
2026-08-23T18:00:34.256+00:00	243.969	FLAGS protocol=asd-quality-v1.5.0 mode=FAULT state=CALIBRATION_REJECTED waiting=0 learning=0 learned=0 anomaly=0 hold=0 fault=1 green=double_blink red=double_blink guided25_available=1 workflow_pending=DEFAULT research_telemetry=1 profile_persistence_allowed=0 dropped=0
2026-08-23T18:00:39.267+00:00	248.985	FLAGS protocol=asd-quality-v1.5.0 mode=FAULT state=CALIBRATION_REJECTED waiting=0 learning=0 learned=0 anomaly=0 hold=0 fault=1 green=double_blink red=double_blink guided25_available=1 workflow_pending=DEFAULT research_telemetry=1 profile_persistence_allowed=0 dropped=0
2026-08-23T18:00:44.279+00:00	253.985	FLAGS protocol=asd-quality-v1.5.0 mode=FAULT state=CALIBRATION_REJECTED waiting=0 learning=0 learned=0 anomaly=0 hold=0 fault=1 green=double_blink red=double_blink guided25_available=1 workflow_pending=DEFAULT research_telemetry=1 profile_persistence_allowed=0 dropped=0
2026-08-23T18:00:49.287+00:00	259.000	FLAGS protocol=asd-quality-v1.5.0 mode=FAULT state=CALIBRATION_REJECTED waiting=0 learning=0 learned=0 anomaly=0 hold=0 fault=1 green=double_blink red=double_blink guided25_available=1 workflow_pending=DEFAULT research_telemetry=1 profile_persistence_allowed=0 dropped=0
2026-08-23T18:00:54.297+00:00	264.000	FLAGS protocol=asd-quality-v1.5.0 mode=FAULT state=CALIBRATION_REJECTED waiting=0 learning=0 learned=0 anomaly=0 hold=0 fault=1 green=double_blink red=double_blink guided25_available=1 workflow_pending=DEFAULT research_telemetry=1 profile_persistence_allowed=0 dropped=0
