2026-08-26T14:24:43.001+00:00	1.125	I (1118) esp_psram: SPI SRAM memory test OK
2026-08-26T14:24:43.011+00:00	1.140	I (1126) cpu_start: GPIO 44 and 43 are used as console UART I/O pins
2026-08-26T14:24:43.012+00:00	1.140	I (1127) cpu_start: Pro cpu start user code
2026-08-26T14:24:43.014+00:00	1.140	I (1127) cpu_start: cpu freq: 240000000 Hz
2026-08-26T14:24:43.015+00:00	1.140	I (1129) app_init: Application information:
2026-08-26T14:24:43.019+00:00	1.140	I (1132) app_init: Project name:     esp32s3_asd
2026-08-26T14:24:43.026+00:00	1.156	I (1137) app_init: App version:      on-device-verified-77-gadc1481
2026-08-26T14:24:43.030+00:00	1.156	I (1143) app_init: Compile time:     Aug 24 2026 07:16:51
2026-08-26T14:24:43.034+00:00	1.156	I (1148) app_init: ELF file SHA256:  14a94a20e...
2026-08-26T14:24:43.059+00:00	1.187	I (1152) app_init: ESP-IDF:          v5.5.5-34-g21f3b71cbbf
2026-08-26T14:24:43.060+00:00	1.187	I (1158) efuse_init: Min chip rev:     v0.0
2026-08-26T14:24:43.061+00:00	1.187	I (1162) efuse_init: Max chip rev:     v0.99 
2026-08-26T14:24:43.061+00:00	1.187	I (1166) efuse_init: Chip rev:         v0.2
2026-08-26T14:24:43.062+00:00	1.187	I (1170) heap_init: Initializing. RAM available for dynamic allocation:
2026-08-26T14:24:43.063+00:00	1.187	I (1176) heap_init: At 3FCD1770 len 00017FA0 (95 KiB): RAM
2026-08-26T14:24:43.069+00:00	1.203	I (1181) heap_init: At 3FCE9710 len 00005724 (21 KiB): RAM
2026-08-26T14:24:43.075+00:00	1.203	I (1186) heap_init: At 3FCF0000 len 00008000 (32 KiB): DRAM
2026-08-26T14:24:43.080+00:00	1.203	I (1192) heap_init: At 600FE000 len 00001FE8 (7 KiB): RTCRAM
2026-08-26T14:24:43.086+00:00	1.218	I (1197) esp_psram: Adding pool of 16384K of PSRAM memory to heap allocator
2026-08-26T14:24:43.096+00:00	1.218	W (1204) spi_flash: Octal flash chip is using but dio mode is selected, will automatically switch to Octal mode
2026-08-26T14:24:43.100+00:00	1.218	I (1214) spi_flash: detected chip: mxic (opi)
2026-08-26T14:24:43.103+00:00	1.234	I (1218) spi_flash: flash io: opi_str
2026-08-26T14:24:43.111+00:00	1.234	I (1221) sleep_gpio: Configure to isolate all GPIO pins in sleep state
2026-08-26T14:24:43.115+00:00	1.234	I (1227) sleep_gpio: Enable automatic switching of GPIO sleep configuration
2026-08-26T14:24:43.119+00:00	1.250	I (1234) main_task: Started on CPU0
2026-08-26T14:24:43.128+00:00	1.250	I (1234) esp_psram: Reserving pool of 32K of internal memory for DMA/internal allocations
2026-08-26T14:24:43.131+00:00	1.250	I (1244) main_task: Calling app_main()
2026-08-26T14:24:43.134+00:00	1.265	I (1244) asd: PSRAM: 16777216 B
2026-08-26T14:24:43.137+00:00	1.265	I (1254) asd: free heap: 16914407 B
2026-08-26T14:24:43.140+00:00	1.265	I (1254) asd: I2C idle: SDA=1 SCL=1
2026-08-26T14:24:43.146+00:00	1.265	I (1264) asd: I2C poslije probe: SDA=1 SCL=1
2026-08-26T14:24:43.150+00:00	1.281	E (1264) asd: INA226 nije pronadjen na adresama 0x40-0x4F
2026-08-26T14:24:43.158+00:00	1.281	W (1264) i2s_common: dma frame num is out of dma buffer size, limited to 1023
2026-08-26T14:24:43.825+00:00	1.953	W (1944) psdlive: DEVELOPMENT policy: NVS profile load/save je zabranjen
2026-08-26T14:24:43.844+00:00	1.968	FLAGS protocol=asd-quality-v1.6.0 mode=IDLE state=NO_MACHINE waiting=1 learning=0 learned=0 anomaly=0 hold=0 fault=0 green=flash_2s red=off guided25_available=1 workflow_pending=DEFAULT research_telemetry=1 profile_persistence_allowed=0 dropped=0
2026-08-26T14:24:43.845+00:00	1.968	I (1954) psdlive: === SAMOSTALNI PSD DETEKTOR ===
2026-08-26T14:24:43.855+00:00	1.984	I (1964) psdlive: model: 96 traka, matrica 96x96 iz flesa, naucen na 990 normalnih snimaka ventilatora
2026-08-26T14:24:43.860+00:00	1.984	I (1974) psdlive: 1) pusti ventilator koji radi NORMALNO
2026-08-26T14:24:43.870+00:00	2.000	I (1974) psdlive: 2) pritisni taster ILI posalji PRESS sa konzole -> ucenje 10 x 10 s = 100 s, lampica treperi
2026-08-26T14:24:43.878+00:00	2.000	I (1984) psdlive: 3) lampica stalno svijetli = naucio; tek tada izazovi kvar
2026-08-26T14:24:43.883+00:00	2.015	I (1994) psdlive: pritisni taster (GPIO10) ili posalji PRESS da pocne ucenje
2026-08-26T14:24:48.846+00:00	6.968	FLAGS protocol=asd-quality-v1.6.0 mode=IDLE state=NO_MACHINE waiting=1 learning=0 learned=0 anomaly=0 hold=0 fault=0 green=flash_2s red=off guided25_available=1 workflow_pending=DEFAULT research_telemetry=1 profile_persistence_allowed=0 dropped=0
2026-08-26T14:24:53.854+00:00	11.984	FLAGS protocol=asd-quality-v1.6.0 mode=IDLE state=NO_MACHINE waiting=1 learning=0 learned=0 anomaly=0 hold=0 fault=0 green=flash_2s red=off guided25_available=1 workflow_pending=DEFAULT research_telemetry=1 profile_persistence_allowed=0 dropped=0
2026-08-26T14:24:58.864+00:00	16.984	FLAGS protocol=asd-quality-v1.6.0 mode=IDLE state=NO_MACHINE waiting=1 learning=0 learned=0 anomaly=0 hold=0 fault=0 green=flash_2s red=off guided25_available=1 workflow_pending=DEFAULT research_telemetry=1 profile_persistence_allowed=0 dropped=0
2026-08-26T14:25:03.878+00:00	22.000	FLAGS protocol=asd-quality-v1.6.0 mode=IDLE state=NO_MACHINE waiting=1 learning=0 learned=0 anomaly=0 hold=0 fault=0 green=flash_2s red=off guided25_available=1 workflow_pending=DEFAULT research_telemetry=1 profile_persistence_allowed=0 dropped=0
2026-08-26T14:25:08.889+00:00	27.015	FLAGS protocol=asd-quality-v1.6.0 mode=IDLE state=NO_MACHINE waiting=1 learning=0 learned=0 anomaly=0 hold=0 fault=0 green=flash_2s red=off guided25_available=1 workflow_pending=DEFAULT research_telemetry=1 profile_persistence_allowed=0 dropped=0
2026-08-26T14:25:13.895+00:00	32.015	FLAGS protocol=asd-quality-v1.6.0 mode=IDLE state=NO_MACHINE waiting=1 learning=0 learned=0 anomaly=0 hold=0 fault=0 green=flash_2s red=off guided25_available=1 workflow_pending=DEFAULT research_telemetry=1 profile_persistence_allowed=0 dropped=0
2026-08-26T14:25:14.921+00:00	33.047	VWORKFLOW mode=GUIDED25 result=accepted
2026-08-26T14:25:14.923+00:00	33.047	VBUTTON protocol=asd-quality-v1.6.0 source=console event=SHORT result=accepted
2026-08-26T14:25:14.933+00:00	33.062	BUTTON protocol=asd-quality-v1.6.0 event=SHORT mode=IDLE command=START_LEARNING discards=0
2026-08-26T14:25:14.941+00:00	33.062	SESSION protocol=asd-quality-v1.6.0 action=STARTED source=BUTTON reason=OPERATOR_REQUEST discards_calibration=0
2026-08-26T14:25:14.948+00:00	33.078	STATE protocol=asd-quality-v1.6.0 from=NO_MACHINE to=NO_MACHINE reason=BOOT_FAIL_CLOSED
2026-08-26T14:25:14.970+00:00	33.093	COMMISSION protocol=asd-quality-v1.6.0 policy=asd-commissioning-policy-v1.0.0-development developmental=1 action=STARTED phase=SETTLE index=0 total=8 result=NONE score_valid=0 score=0 level_dbfs=-999 tonalness_proxy=0 feature_drift=0
2026-08-26T14:25:14.991+00:00	33.125	FLAGS protocol=asd-quality-v1.6.0 mode=LEARNING state=NO_MACHINE waiting=0 learning=1 learned=0 anomaly=0 hold=0 fault=0 green=blink_5hz red=off guided25_available=1 workflow_pending=DEFAULT research_telemetry=1 profile_persistence_allowed=0 dropped=0
2026-08-26T14:25:19.976+00:00	38.109	FLAGS protocol=asd-quality-v1.6.0 mode=LEARNING state=NO_MACHINE waiting=0 learning=1 learned=0 anomaly=0 hold=0 fault=0 green=blink_5hz red=off guided25_available=1 workflow_pending=DEFAULT research_telemetry=1 profile_persistence_allowed=0 dropped=0
2026-08-26T14:25:24.883+00:00	43.015	COMMISSION protocol=asd-quality-v1.6.0 policy=asd-commissioning-policy-v1.0.0-development developmental=1 action=WINDOW phase=SETTLE index=1 total=8 result=NONE score_valid=0 score=0 level_dbfs=-50.5286255 tonalness_proxy=3.14725399 feature_drift=0
2026-08-26T14:25:24.986+00:00	43.109	FLAGS protocol=asd-quality-v1.6.0 mode=LEARNING state=NO_MACHINE waiting=0 learning=1 learned=0 anomaly=0 hold=0 fault=0 green=blink_5hz red=off guided25_available=1 workflow_pending=DEFAULT research_telemetry=1 profile_persistence_allowed=0 dropped=0
2026-08-26T14:25:29.996+00:00	48.125	FLAGS protocol=asd-quality-v1.6.0 mode=LEARNING state=NO_MACHINE waiting=0 learning=1 learned=0 anomaly=0 hold=0 fault=0 green=blink_5hz red=off guided25_available=1 workflow_pending=DEFAULT research_telemetry=1 profile_persistence_allowed=0 dropped=0
2026-08-26T14:25:34.859+00:00	52.984	COMMISSION protocol=asd-quality-v1.6.0 policy=asd-commissioning-policy-v1.0.0-development developmental=1 action=WINDOW phase=SETTLE index=2 total=8 result=NONE score_valid=0 score=0 level_dbfs=-50.7072754 tonalness_proxy=3.13843393 feature_drift=0.0565754585
2026-08-26T14:25:35.005+00:00	53.125	FLAGS protocol=asd-quality-v1.6.0 mode=LEARNING state=NO_MACHINE waiting=0 learning=1 learned=0 anomaly=0 hold=0 fault=0 green=blink_5hz red=off guided25_available=1 workflow_pending=DEFAULT research_telemetry=1 profile_persistence_allowed=0 dropped=0
2026-08-26T14:25:40.015+00:00	58.140	FLAGS protocol=asd-quality-v1.6.0 mode=LEARNING state=NO_MACHINE waiting=0 learning=1 learned=0 anomaly=0 hold=0 fault=0 green=blink_5hz red=off guided25_available=1 workflow_pending=DEFAULT research_telemetry=1 profile_persistence_allowed=0 dropped=0
2026-08-26T14:25:44.833+00:00	62.953	COMMISSION protocol=asd-quality-v1.6.0 policy=asd-commissioning-policy-v1.0.0-development developmental=1 action=WINDOW phase=SETTLE index=3 total=8 result=NONE score_valid=0 score=0 level_dbfs=-49.8354378 tonalness_proxy=3.0804143 feature_drift=0.0921399817
2026-08-26T14:25:45.029+00:00	63.156	FLAGS protocol=asd-quality-v1.6.0 mode=LEARNING state=NO_MACHINE waiting=0 learning=1 learned=0 anomaly=0 hold=0 fault=0 green=blink_5hz red=off guided25_available=1 workflow_pending=DEFAULT research_telemetry=1 profile_persistence_allowed=0 dropped=0
2026-08-26T14:25:50.039+00:00	68.172	FLAGS protocol=asd-quality-v1.6.0 mode=LEARNING state=NO_MACHINE waiting=0 learning=1 learned=0 anomaly=0 hold=0 fault=0 green=blink_5hz red=off guided25_available=1 workflow_pending=DEFAULT research_telemetry=1 profile_persistence_allowed=0 dropped=0
2026-08-26T14:25:54.875+00:00	73.000	COMMISSION protocol=asd-quality-v1.6.0 policy=asd-commissioning-policy-v1.0.0-development developmental=1 action=WINDOW phase=CENTER_LEARNING index=4 total=8 result=NONE score_valid=0 score=0 level_dbfs=-50.3390846 tonalness_proxy=3.04420757 feature_drift=0.0835170224
2026-08-26T14:25:54.893+00:00	73.015	COMMISSION protocol=asd-quality-v1.6.0 policy=asd-commissioning-policy-v1.0.0-development developmental=1 action=PHASE_ENTERED phase=CENTER_LEARNING index=0 total=10 result=NONE score_valid=0 score=0 level_dbfs=-999 tonalness_proxy=0 feature_drift=0
2026-08-26T14:25:55.046+00:00	73.172	FLAGS protocol=asd-quality-v1.6.0 mode=LEARNING state=NO_MACHINE waiting=0 learning=1 learned=0 anomaly=0 hold=0 fault=0 green=blink_5hz red=off guided25_available=1 workflow_pending=DEFAULT research_telemetry=1 profile_persistence_allowed=0 dropped=0
2026-08-26T14:25:55.109+00:00	73.234	QUALITY protocol=asd-quality-v1.6.0 phase=WAIT index=1 total=60 result=OK metrics_valid=1 samples=4096 expected=4096 rms_dbfs=-50.234 dc=-2.209 peak=340 clipped=0 zeros=11 stuck=12 dropped_delta=0 feature_valid=0 tonalness_valid=0 tonalness_proxy=0.000000 tonal_gate=not_computed
2026-08-26T14:25:55.365+00:00	73.484	WAIT 1/60 level_dbfs=-50.23 spread=0.000 nivo=-50.2 dBFS cujem
2026-08-26T14:25:55.378+00:00	73.500	QUALITY protocol=asd-quality-v1.6.0 phase=WAIT index=2 total=60 result=OK metrics_valid=1 samples=4096 expected=4096 rms_dbfs=-50.088 dc=1.660 peak=327 clipped=0 zeros=16 stuck=17 dropped_delta=0 feature_valid=0 tonalness_valid=0 tonalness_proxy=0.000000 tonal_gate=not_computed
2026-08-26T14:25:55.620+00:00	73.750	WAIT 2/60 level_dbfs=-50.09 spread=0.000 nivo=-50.1 dBFS cujem
2026-08-26T14:25:55.628+00:00	73.750	QUALITY protocol=asd-quality-v1.6.0 phase=WAIT index=3 total=60 result=OK metrics_valid=1 samples=4096 expected=4096 rms_dbfs=-49.931 dc=0.034 peak=307 clipped=0 zeros=13 stuck=12 dropped_delta=0 feature_valid=0 tonalness_valid=0 tonalness_proxy=0.000000 tonal_gate=not_computed
2026-08-26T14:25:55.877+00:00	74.000	WAIT 3/60 level_dbfs=-49.93 spread=0.000 nivo=-49.9 dBFS cujem
2026-08-26T14:25:55.886+00:00	74.015	QUALITY protocol=asd-quality-v1.6.0 phase=WAIT index=4 total=60 result=OK metrics_valid=1 samples=4096 expected=4096 rms_dbfs=-49.848 dc=-0.398 peak=342 clipped=0 zeros=23 stuck=7 dropped_delta=0 feature_valid=0 tonalness_valid=0 tonalness_proxy=0.000000 tonal_gate=not_computed
2026-08-26T14:25:56.129+00:00	74.250	WAIT 4/60 level_dbfs=-49.85 spread=0.000 nivo=-49.8 dBFS cujem
2026-08-26T14:25:56.142+00:00	74.265	QUALITY protocol=asd-quality-v1.6.0 phase=WAIT index=5 total=60 result=OK metrics_valid=1 samples=4096 expected=4096 rms_dbfs=-49.848 dc=-2.135 peak=331 clipped=0 zeros=13 stuck=8 dropped_delta=0 feature_valid=0 tonalness_valid=0 tonalness_proxy=0.000000 tonal_gate=not_computed
2026-08-26T14:25:56.387+00:00	74.515	WAIT 5/60 level_dbfs=-49.85 spread=0.000 nivo=-49.8 dBFS cujem
2026-08-26T14:25:56.398+00:00	74.531	QUALITY protocol=asd-quality-v1.6.0 phase=WAIT index=6 total=60 result=OK metrics_valid=1 samples=4096 expected=4096 rms_dbfs=-50.120 dc=-1.116 peak=339 clipped=0 zeros=15 stuck=7 dropped_delta=0 feature_valid=0 tonalness_valid=0 tonalness_proxy=0.000000 tonal_gate=not_computed
2026-08-26T14:25:56.643+00:00	74.765	WAIT 6/60 level_dbfs=-50.12 spread=0.000 nivo=-50.1 dBFS cujem
2026-08-26T14:25:56.650+00:00	74.781	QUALITY protocol=asd-quality-v1.6.0 phase=WAIT index=7 total=60 result=OK metrics_valid=1 samples=4096 expected=4096 rms_dbfs=-50.332 dc=1.380 peak=313 clipped=0 zeros=14 stuck=11 dropped_delta=0 feature_valid=0 tonalness_valid=0 tonalness_proxy=0.000000 tonal_gate=not_computed
2026-08-26T14:25:56.897+00:00	75.031	WAIT 7/60 level_dbfs=-50.33 spread=0.000 nivo=-50.3 dBFS cujem
2026-08-26T14:25:56.905+00:00	75.031	QUALITY protocol=asd-quality-v1.6.0 phase=WAIT index=8 total=60 result=OK metrics_valid=1 samples=4096 expected=4096 rms_dbfs=-50.379 dc=-2.600 peak=310 clipped=0 zeros=13 stuck=7 dropped_delta=0 feature_valid=0 tonalness_valid=0 tonalness_proxy=0.000000 tonal_gate=not_computed
2026-08-26T14:25:57.153+00:00	75.281	WAIT 8/60 level_dbfs=-50.38 spread=0.000 nivo=-50.4 dBFS cujem
2026-08-26T14:25:57.167+00:00	75.297	QUALITY protocol=asd-quality-v1.6.0 phase=WAIT index=9 total=60 result=OK metrics_valid=1 samples=4096 expected=4096 rms_dbfs=-50.505 dc=-0.375 peak=317 clipped=0 zeros=20 stuck=9 dropped_delta=0 feature_valid=0 tonalness_valid=0 tonalness_proxy=0.000000 tonal_gate=not_computed
2026-08-26T14:25:57.409+00:00	75.531	WAIT 9/60 level_dbfs=-50.50 spread=0.000 nivo=-50.5 dBFS cujem
2026-08-26T14:25:57.414+00:00	75.547	QUALITY protocol=asd-quality-v1.6.0 phase=WAIT index=10 total=60 result=OK metrics_valid=1 samples=4096 expected=4096 rms_dbfs=-50.739 dc=2.114 peak=402 clipped=0 zeros=18 stuck=5 dropped_delta=0 feature_valid=0 tonalness_valid=0 tonalness_proxy=0.000000 tonal_gate=not_computed
2026-08-26T14:25:57.417+00:00	75.547	WAIT 10/60 level_dbfs=-50.74 spread=0.000 nivo=-50.7 dBFS cujem
2026-08-26T14:25:57.668+00:00	75.797	QUALITY protocol=asd-quality-v1.6.0 phase=WAIT index=11 total=60 result=OK metrics_valid=1 samples=4096 expected=4096 rms_dbfs=-50.625 dc=-1.215 peak=376 clipped=0 zeros=19 stuck=14 dropped_delta=0 feature_valid=0 tonalness_valid=0 tonalness_proxy=0.000000 tonal_gate=not_computed
2026-08-26T14:25:57.673+00:00	75.797	WAIT 11/60 level_dbfs=-50.62 spread=0.000 nivo=-50.6 dBFS cujem
2026-08-26T14:25:57.924+00:00	76.047	QUALITY protocol=asd-quality-v1.6.0 phase=WAIT index=12 total=60 result=OK metrics_valid=1 samples=4096 expected=4096 rms_dbfs=-50.485 dc=0.179 peak=365 clipped=0 zeros=13 stuck=6 dropped_delta=0 feature_valid=0 tonalness_valid=0 tonalness_proxy=0.000000 tonal_gate=not_computed
2026-08-26T14:25:57.926+00:00	76.047	WAIT 12/60 level_dbfs=-50.49 spread=0.000 nivo=-50.5 dBFS cujem
2026-08-26T14:25:58.177+00:00	76.297	QUALITY protocol=asd-quality-v1.6.0 phase=WAIT index=13 total=60 result=OK metrics_valid=1 samples=4096 expected=4096 rms_dbfs=-50.630 dc=-1.498 peak=358 clipped=0 zeros=21 stuck=11 dropped_delta=0 feature_valid=0 tonalness_valid=0 tonalness_proxy=0.000000 tonal_gate=not_computed
2026-08-26T14:25:58.180+00:00	76.312	WAIT 13/60 level_dbfs=-50.63 spread=0.000 nivo=-50.6 dBFS cujem
2026-08-26T14:25:58.436+00:00	76.562	QUALITY protocol=asd-quality-v1.6.0 phase=WAIT index=14 total=60 result=OK metrics_valid=1 samples=4096 expected=4096 rms_dbfs=-50.643 dc=0.357 peak=328 clipped=0 zeros=14 stuck=13 dropped_delta=0 feature_valid=0 tonalness_valid=0 tonalness_proxy=0.000000 tonal_gate=not_computed
2026-08-26T14:25:58.438+00:00	76.562	WAIT 14/60 level_dbfs=-50.64 spread=0.000 nivo=-50.6 dBFS cujem
2026-08-26T14:25:58.691+00:00	76.812	QUALITY protocol=asd-quality-v1.6.0 phase=WAIT index=15 total=60 result=OK metrics_valid=1 samples=4096 expected=4096 rms_dbfs=-50.531 dc=-0.354 peak=319 clipped=0 zeros=7 stuck=12 dropped_delta=0 feature_valid=0 tonalness_valid=0 tonalness_proxy=0.000000 tonal_gate=not_computed
2026-08-26T14:25:58.693+00:00	76.812	WAIT 15/60 level_dbfs=-50.53 spread=0.000 nivo=-50.5 dBFS cujem
2026-08-26T14:25:58.948+00:00	77.078	QUALITY protocol=asd-quality-v1.6.0 phase=WAIT index=16 total=60 result=OK metrics_valid=1 samples=4096 expected=4096 rms_dbfs=-50.954 dc=-3.840 peak=347 clipped=0 zeros=26 stuck=7 dropped_delta=0 feature_valid=0 tonalness_valid=0 tonalness_proxy=0.000000 tonal_gate=not_computed
2026-08-26T14:25:58.949+00:00	77.078	WAIT 16/60 level_dbfs=-50.95 spread=0.000 nivo=-51.0 dBFS cujem
2026-08-26T14:25:59.199+00:00	77.328	QUALITY protocol=asd-quality-v1.6.0 phase=WAIT index=17 total=60 result=OK metrics_valid=1 samples=4096 expected=4096 rms_dbfs=-50.692 dc=1.989 peak=293 clipped=0 zeros=21 stuck=11 dropped_delta=0 feature_valid=0 tonalness_valid=0 tonalness_proxy=0.000000 tonal_gate=not_computed
2026-08-26T14:25:59.204+00:00	77.328	WAIT 17/60 level_dbfs=-50.69 spread=0.000 nivo=-50.7 dBFS cujem
2026-08-26T14:25:59.462+00:00	77.593	QUALITY protocol=asd-quality-v1.6.0 phase=WAIT index=18 total=60 result=OK metrics_valid=1 samples=4096 expected=4096 rms_dbfs=-50.642 dc=-1.518 peak=319 clipped=0 zeros=16 stuck=5 dropped_delta=0 feature_valid=0 tonalness_valid=0 tonalness_proxy=0.000000 tonal_gate=not_computed
2026-08-26T14:25:59.467+00:00	77.593	WAIT 18/60 level_dbfs=-50.64 spread=0.000 nivo=-50.6 dBFS cujem
2026-08-26T14:25:59.714+00:00	77.843	QUALITY protocol=asd-quality-v1.6.0 phase=WAIT index=19 total=60 result=OK metrics_valid=1 samples=4096 expected=4096 rms_dbfs=-51.099 dc=1.127 peak=361 clipped=0 zeros=19 stuck=6 dropped_delta=0 feature_valid=0 tonalness_valid=0 tonalness_proxy=0.000000 tonal_gate=not_computed
2026-08-26T14:25:59.715+00:00	77.843	WAIT 19/60 level_dbfs=-51.10 spread=0.000 nivo=-51.1 dBFS cujem
2026-08-26T14:25:59.969+00:00	78.093	QUALITY protocol=asd-quality-v1.6.0 phase=WAIT index=20 total=60 result=OK metrics_valid=1 samples=4096 expected=4096 rms_dbfs=-50.638 dc=-0.316 peak=335 clipped=0 zeros=14 stuck=4 dropped_delta=0 feature_valid=0 tonalness_valid=0 tonalness_proxy=0.000000 tonal_gate=not_computed
2026-08-26T14:25:59.973+00:00	78.093	WAIT 20/60 level_dbfs=-50.64 spread=0.000 nivo=-50.6 dBFS cujem
2026-08-26T14:26:00.060+00:00	78.187	FLAGS protocol=asd-quality-v1.6.0 mode=LEARNING state=NO_MACHINE waiting=0 learning=1 learned=0 anomaly=0 hold=0 fault=0 green=blink_5hz red=off guided25_available=1 workflow_pending=DEFAULT research_telemetry=1 profile_persistence_allowed=0 dropped=0
2026-08-26T14:26:00.230+00:00	78.359	QUALITY protocol=asd-quality-v1.6.0 phase=WAIT index=21 total=60 result=OK metrics_valid=1 samples=4096 expected=4096 rms_dbfs=-50.811 dc=-0.731 peak=315 clipped=0 zeros=19 stuck=19 dropped_delta=0 feature_valid=0 tonalness_valid=0 tonalness_proxy=0.000000 tonal_gate=not_computed
2026-08-26T14:26:00.231+00:00	78.359	WAIT 21/60 level_dbfs=-50.81 spread=0.000 nivo=-50.8 dBFS cujem
2026-08-26T14:26:00.482+00:00	78.609	QUALITY protocol=asd-quality-v1.6.0 phase=WAIT index=22 total=60 result=OK metrics_valid=1 samples=4096 expected=4096 rms_dbfs=-50.996 dc=-0.764 peak=317 clipped=0 zeros=16 stuck=10 dropped_delta=0 feature_valid=0 tonalness_valid=0 tonalness_proxy=0.000000 tonal_gate=not_computed
2026-08-26T14:26:00.484+00:00	78.609	WAIT 22/60 level_dbfs=-51.00 spread=0.000 nivo=-51.0 dBFS cujem
2026-08-26T14:26:00.737+00:00	78.859	QUALITY protocol=asd-quality-v1.6.0 phase=WAIT index=23 total=60 result=OK metrics_valid=1 samples=4096 expected=4096 rms_dbfs=-50.687 dc=-0.895 peak=323 clipped=0 zeros=18 stuck=16 dropped_delta=0 feature_valid=0 tonalness_valid=0 tonalness_proxy=0.000000 tonal_gate=not_computed
2026-08-26T14:26:00.739+00:00	78.859	WAIT 23/60 level_dbfs=-50.69 spread=0.000 nivo=-50.7 dBFS cujem
2026-08-26T14:26:00.997+00:00	79.125	QUALITY protocol=asd-quality-v1.6.0 phase=WAIT index=24 total=60 result=OK metrics_valid=1 samples=4096 expected=4096 rms_dbfs=-50.467 dc=-0.178 peak=326 clipped=0 zeros=15 stuck=10 dropped_delta=0 feature_valid=0 tonalness_valid=0 tonalness_proxy=0.000000 tonal_gate=not_computed
2026-08-26T14:26:00.999+00:00	79.125	WAIT 24/60 level_dbfs=-50.47 spread=0.000 nivo=-50.5 dBFS cujem
2026-08-26T14:26:01.249+00:00	79.375	QUALITY protocol=asd-quality-v1.6.0 phase=WAIT index=25 total=60 result=OK metrics_valid=1 samples=4096 expected=4096 rms_dbfs=-50.376 dc=-1.449 peak=343 clipped=0 zeros=14 stuck=12 dropped_delta=0 feature_valid=0 tonalness_valid=0 tonalness_proxy=0.000000 tonal_gate=not_computed
2026-08-26T14:26:01.250+00:00	79.375	WAIT 25/60 level_dbfs=-50.38 spread=0.000 nivo=-50.4 dBFS cujem
2026-08-26T14:26:01.505+00:00	79.625	QUALITY protocol=asd-quality-v1.6.0 phase=WAIT index=26 total=60 result=OK metrics_valid=1 samples=4096 expected=4096 rms_dbfs=-50.677 dc=1.129 peak=359 clipped=0 zeros=11 stuck=14 dropped_delta=0 feature_valid=0 tonalness_valid=0 tonalness_proxy=0.000000 tonal_gate=not_computed
2026-08-26T14:26:01.509+00:00	79.640	WAIT 26/60 level_dbfs=-50.68 spread=0.000 nivo=-50.7 dBFS cujem
2026-08-26T14:26:01.763+00:00	79.890	QUALITY protocol=asd-quality-v1.6.0 phase=WAIT index=27 total=60 result=OK metrics_valid=1 samples=4096 expected=4096 rms_dbfs=-50.532 dc=-3.042 peak=341 clipped=0 zeros=9 stuck=9 dropped_delta=0 feature_valid=0 tonalness_valid=0 tonalness_proxy=0.000000 tonal_gate=not_computed
2026-08-26T14:26:01.768+00:00	79.890	WAIT 27/60 level_dbfs=-50.53 spread=0.000 nivo=-50.5 dBFS cujem
2026-08-26T14:26:02.019+00:00	80.140	QUALITY protocol=asd-quality-v1.6.0 phase=WAIT index=28 total=60 result=OK metrics_valid=1 samples=4096 expected=4096 rms_dbfs=-50.382 dc=0.599 peak=343 clipped=0 zeros=14 stuck=8 dropped_delta=0 feature_valid=0 tonalness_valid=0 tonalness_proxy=0.000000 tonal_gate=not_computed
2026-08-26T14:26:02.021+00:00	80.140	WAIT 28/60 level_dbfs=-50.38 spread=0.000 nivo=-50.4 dBFS cujem
2026-08-26T14:26:02.275+00:00	80.406	QUALITY protocol=asd-quality-v1.6.0 phase=WAIT index=29 total=60 result=OK metrics_valid=1 samples=4096 expected=4096 rms_dbfs=-50.715 dc=1.149 peak=343 clipped=0 zeros=26 stuck=12 dropped_delta=0 feature_valid=0 tonalness_valid=0 tonalness_proxy=0.000000 tonal_gate=not_computed
2026-08-26T14:26:02.278+00:00	80.406	WAIT 29/60 level_dbfs=-50.72 spread=0.000 nivo=-50.7 dBFS cujem
2026-08-26T14:26:02.531+00:00	80.656	QUALITY protocol=asd-quality-v1.6.0 phase=WAIT index=30 total=60 result=OK metrics_valid=1 samples=4096 expected=4096 rms_dbfs=-50.776 dc=-0.614 peak=332 clipped=0 zeros=17 stuck=11 dropped_delta=0 feature_valid=0 tonalness_valid=0 tonalness_proxy=0.000000 tonal_gate=not_computed
2026-08-26T14:26:02.533+00:00	80.656	WAIT 30/60 level_dbfs=-50.78 spread=0.000 nivo=-50.8 dBFS cujem
2026-08-26T14:26:02.789+00:00	80.922	QUALITY protocol=asd-quality-v1.6.0 phase=WAIT index=31 total=60 result=OK metrics_valid=1 samples=4096 expected=4096 rms_dbfs=-50.467 dc=-1.070 peak=304 clipped=0 zeros=21 stuck=10 dropped_delta=0 feature_valid=0 tonalness_valid=0 tonalness_proxy=0.000000 tonal_gate=not_computed
2026-08-26T14:26:02.793+00:00	80.922	WAIT 31/60 level_dbfs=-50.47 spread=0.000 nivo=-50.5 dBFS cujem
2026-08-26T14:26:03.039+00:00	81.172	QUALITY protocol=asd-quality-v1.6.0 phase=WAIT index=32 total=60 result=OK metrics_valid=1 samples=4096 expected=4096 rms_dbfs=-50.559 dc=-0.392 peak=330 clipped=0 zeros=16 stuck=13 dropped_delta=0 feature_valid=0 tonalness_valid=0 tonalness_proxy=0.000000 tonal_gate=not_computed
2026-08-26T14:26:03.042+00:00	81.172	WAIT 32/60 level_dbfs=-50.56 spread=0.000 nivo=-50.6 dBFS cujem
2026-08-26T14:26:03.299+00:00	81.422	QUALITY protocol=asd-quality-v1.6.0 phase=WAIT index=33 total=60 result=OK metrics_valid=1 samples=4096 expected=4096 rms_dbfs=-50.476 dc=-0.464 peak=341 clipped=0 zeros=18 stuck=9 dropped_delta=0 feature_valid=0 tonalness_valid=0 tonalness_proxy=0.000000 tonal_gate=not_computed
2026-08-26T14:26:03.301+00:00	81.422	WAIT 33/60 level_dbfs=-50.48 spread=0.000 nivo=-50.5 dBFS cujem
2026-08-26T14:26:03.555+00:00	81.687	QUALITY protocol=asd-quality-v1.6.0 phase=WAIT index=34 total=60 result=OK metrics_valid=1 samples=4096 expected=4096 rms_dbfs=-50.277 dc=0.197 peak=351 clipped=0 zeros=13 stuck=6 dropped_delta=0 feature_valid=0 tonalness_valid=0 tonalness_proxy=0.000000 tonal_gate=not_computed
2026-08-26T14:26:03.558+00:00	81.687	WAIT 34/60 level_dbfs=-50.28 spread=0.000 nivo=-50.3 dBFS cujem
2026-08-26T14:26:03.807+00:00	81.937	QUALITY protocol=asd-quality-v1.6.0 phase=WAIT index=35 total=60 result=OK metrics_valid=1 samples=4096 expected=4096 rms_dbfs=-50.564 dc=0.320 peak=363 clipped=0 zeros=20 stuck=12 dropped_delta=0 feature_valid=0 tonalness_valid=0 tonalness_proxy=0.000000 tonal_gate=not_computed
2026-08-26T14:26:03.810+00:00	81.937	WAIT 35/60 level_dbfs=-50.56 spread=0.000 nivo=-50.6 dBFS cujem
2026-08-26T14:26:04.068+00:00	82.187	QUALITY protocol=asd-quality-v1.6.0 phase=WAIT index=36 total=60 result=OK metrics_valid=1 samples=4096 expected=4096 rms_dbfs=-50.566 dc=-1.613 peak=358 clipped=0 zeros=12 stuck=12 dropped_delta=0 feature_valid=0 tonalness_valid=0 tonalness_proxy=0.000000 tonal_gate=not_computed
2026-08-26T14:26:04.070+00:00	82.203	WAIT 36/60 level_dbfs=-50.57 spread=0.000 nivo=-50.6 dBFS cujem
2026-08-26T14:26:04.320+00:00	82.453	QUALITY protocol=asd-quality-v1.6.0 phase=WAIT index=37 total=60 result=OK metrics_valid=1 samples=4096 expected=4096 rms_dbfs=-50.406 dc=-2.306 peak=331 clipped=0 zeros=23 stuck=11 dropped_delta=0 feature_valid=0 tonalness_valid=0 tonalness_proxy=0.000000 tonal_gate=not_computed
2026-08-26T14:26:04.322+00:00	82.453	WAIT 37/60 level_dbfs=-50.41 spread=0.000 nivo=-50.4 dBFS cujem
2026-08-26T14:26:04.573+00:00	82.703	QUALITY protocol=asd-quality-v1.6.0 phase=WAIT index=38 total=60 result=OK metrics_valid=1 samples=4096 expected=4096 rms_dbfs=-50.454 dc=0.926 peak=353 clipped=0 zeros=20 stuck=5 dropped_delta=0 feature_valid=0 tonalness_valid=0 tonalness_proxy=0.000000 tonal_gate=not_computed
2026-08-26T14:26:04.576+00:00	82.703	WAIT 38/60 level_dbfs=-50.45 spread=0.000 nivo=-50.5 dBFS cujem
2026-08-26T14:26:04.829+00:00	82.953	QUALITY protocol=asd-quality-v1.6.0 phase=WAIT index=39 total=60 result=OK metrics_valid=1 samples=4096 expected=4096 rms_dbfs=-50.417 dc=3.355 peak=344 clipped=0 zeros=17 stuck=9 dropped_delta=0 feature_valid=0 tonalness_valid=0 tonalness_proxy=0.000000 tonal_gate=not_computed
2026-08-26T14:26:04.832+00:00	82.953	WAIT 39/60 level_dbfs=-50.42 spread=0.000 nivo=-50.4 dBFS cujem
2026-08-26T14:26:05.068+00:00	83.187	FLAGS protocol=asd-quality-v1.6.0 mode=LEARNING state=NO_MACHINE waiting=0 learning=1 learned=0 anomaly=0 hold=0 fault=0 green=blink_5hz red=off guided25_available=1 workflow_pending=DEFAULT research_telemetry=1 profile_persistence_allowed=0 dropped=0
2026-08-26T14:26:05.092+00:00	83.218	QUALITY protocol=asd-quality-v1.6.0 phase=WAIT index=40 total=60 result=OK metrics_valid=1 samples=4096 expected=4096 rms_dbfs=-50.719 dc=-1.898 peak=343 clipped=0 zeros=14 stuck=11 dropped_delta=0 feature_valid=0 tonalness_valid=0 tonalness_proxy=0.000000 tonal_gate=not_computed
2026-08-26T14:26:05.094+00:00	83.218	WAIT 40/60 level_dbfs=-50.72 spread=0.000 nivo=-50.7 dBFS cujem
2026-08-26T14:26:05.340+00:00	83.468	QUALITY protocol=asd-quality-v1.6.0 phase=WAIT index=41 total=60 result=OK metrics_valid=1 samples=4096 expected=4096 rms_dbfs=-50.944 dc=-1.997 peak=321 clipped=0 zeros=16 stuck=13 dropped_delta=0 feature_valid=0 tonalness_valid=0 tonalness_proxy=0.000000 tonal_gate=not_computed
2026-08-26T14:26:05.343+00:00	83.468	WAIT 41/60 level_dbfs=-50.94 spread=0.000 nivo=-50.9 dBFS cujem
2026-08-26T14:26:05.596+00:00	83.718	QUALITY protocol=asd-quality-v1.6.0 phase=WAIT index=42 total=60 result=OK metrics_valid=1 samples=4096 expected=4096 rms_dbfs=-50.146 dc=-2.550 peak=376 clipped=0 zeros=22 stuck=13 dropped_delta=0 feature_valid=0 tonalness_valid=0 tonalness_proxy=0.000000 tonal_gate=not_computed
2026-08-26T14:26:05.598+00:00	83.718	WAIT 42/60 level_dbfs=-50.15 spread=0.000 nivo=-50.1 dBFS cujem
2026-08-26T14:26:05.856+00:00	83.984	QUALITY protocol=asd-quality-v1.6.0 phase=WAIT index=43 total=60 result=OK metrics_valid=1 samples=4096 expected=4096 rms_dbfs=-50.368 dc=0.848 peak=328 clipped=0 zeros=14 stuck=7 dropped_delta=0 feature_valid=0 tonalness_valid=0 tonalness_proxy=0.000000 tonal_gate=not_computed
2026-08-26T14:26:05.859+00:00	83.984	WAIT 43/60 level_dbfs=-50.37 spread=0.000 nivo=-50.4 dBFS cujem
2026-08-26T14:26:06.108+00:00	84.234	QUALITY protocol=asd-quality-v1.6.0 phase=WAIT index=44 total=60 result=OK metrics_valid=1 samples=4096 expected=4096 rms_dbfs=-50.651 dc=0.466 peak=338 clipped=0 zeros=22 stuck=5 dropped_delta=0 feature_valid=0 tonalness_valid=0 tonalness_proxy=0.000000 tonal_gate=not_computed
2026-08-26T14:26:06.112+00:00	84.234	WAIT 44/60 level_dbfs=-50.65 spread=0.000 nivo=-50.7 dBFS cujem
2026-08-26T14:26:06.369+00:00	84.500	QUALITY protocol=asd-quality-v1.6.0 phase=WAIT index=45 total=60 result=OK metrics_valid=1 samples=4096 expected=4096 rms_dbfs=-50.952 dc=-5.045 peak=336 clipped=0 zeros=9 stuck=9 dropped_delta=0 feature_valid=0 tonalness_valid=0 tonalness_proxy=0.000000 tonal_gate=not_computed
2026-08-26T14:26:06.371+00:00	84.500	WAIT 45/60 level_dbfs=-50.95 spread=0.000 nivo=-51.0 dBFS cujem
2026-08-26T14:26:06.620+00:00	84.750	QUALITY protocol=asd-quality-v1.6.0 phase=WAIT index=46 total=60 result=OK metrics_valid=1 samples=4096 expected=4096 rms_dbfs=-50.303 dc=4.337 peak=330 clipped=0 zeros=13 stuck=7 dropped_delta=0 feature_valid=0 tonalness_valid=0 tonalness_proxy=0.000000 tonal_gate=not_computed
2026-08-26T14:26:06.622+00:00	84.750	WAIT 46/60 level_dbfs=-50.30 spread=0.000 nivo=-50.3 dBFS cujem
2026-08-26T14:26:06.875+00:00	85.000	QUALITY protocol=asd-quality-v1.6.0 phase=WAIT index=47 total=60 result=OK metrics_valid=1 samples=4096 expected=4096 rms_dbfs=-50.075 dc=-2.290 peak=324 clipped=0 zeros=17 stuck=10 dropped_delta=0 feature_valid=0 tonalness_valid=0 tonalness_proxy=0.000000 tonal_gate=not_computed
2026-08-26T14:26:06.880+00:00	85.000	WAIT 47/60 level_dbfs=-50.07 spread=0.000 nivo=-50.1 dBFS cujem
2026-08-26T14:26:07.136+00:00	85.265	QUALITY protocol=asd-quality-v1.6.0 phase=WAIT index=48 total=60 result=OK metrics_valid=1 samples=4096 expected=4096 rms_dbfs=-50.201 dc=0.915 peak=351 clipped=0 zeros=12 stuck=14 dropped_delta=0 feature_valid=0 tonalness_valid=0 tonalness_proxy=0.000000 tonal_gate=not_computed
2026-08-26T14:26:07.138+00:00	85.265	WAIT 48/60 level_dbfs=-50.20 spread=0.000 nivo=-50.2 dBFS cujem
2026-08-26T14:26:07.387+00:00	85.515	QUALITY protocol=asd-quality-v1.6.0 phase=WAIT index=49 total=60 result=OK metrics_valid=1 samples=4096 expected=4096 rms_dbfs=-50.684 dc=-0.366 peak=323 clipped=0 zeros=20 stuck=10 dropped_delta=0 feature_valid=0 tonalness_valid=0 tonalness_proxy=0.000000 tonal_gate=not_computed
2026-08-26T14:26:07.389+00:00	85.515	WAIT 49/60 level_dbfs=-50.68 spread=0.000 nivo=-50.7 dBFS cujem
2026-08-26T14:26:07.642+00:00	85.765	QUALITY protocol=asd-quality-v1.6.0 phase=WAIT index=50 total=60 result=OK metrics_valid=1 samples=4096 expected=4096 rms_dbfs=-50.522 dc=-1.739 peak=298 clipped=0 zeros=27 stuck=14 dropped_delta=0 feature_valid=0 tonalness_valid=0 tonalness_proxy=0.000000 tonal_gate=not_computed
2026-08-26T14:26:07.644+00:00	85.765	WAIT 50/60 level_dbfs=-50.52 spread=0.000 nivo=-50.5 dBFS cujem
2026-08-26T14:26:07.899+00:00	86.031	QUALITY protocol=asd-quality-v1.6.0 phase=WAIT index=51 total=60 result=OK metrics_valid=1 samples=4096 expected=4096 rms_dbfs=-50.252 dc=-0.516 peak=332 clipped=0 zeros=17 stuck=7 dropped_delta=0 feature_valid=0 tonalness_valid=0 tonalness_proxy=0.000000 tonal_gate=not_computed
2026-08-26T14:26:07.902+00:00	86.031	WAIT 51/60 level_dbfs=-50.25 spread=0.000 nivo=-50.3 dBFS cujem
2026-08-26T14:26:08.157+00:00	86.281	QUALITY protocol=asd-quality-v1.6.0 phase=WAIT index=52 total=60 result=OK metrics_valid=1 samples=4096 expected=4096 rms_dbfs=-50.091 dc=1.592 peak=329 clipped=0 zeros=19 stuck=8 dropped_delta=0 feature_valid=0 tonalness_valid=0 tonalness_proxy=0.000000 tonal_gate=not_computed
2026-08-26T14:26:08.161+00:00	86.281	WAIT 52/60 level_dbfs=-50.09 spread=0.000 nivo=-50.1 dBFS cujem
2026-08-26T14:26:08.410+00:00	86.531	QUALITY protocol=asd-quality-v1.6.0 phase=WAIT index=53 total=60 result=OK metrics_valid=1 samples=4096 expected=4096 rms_dbfs=-49.983 dc=-2.499 peak=333 clipped=0 zeros=18 stuck=11 dropped_delta=0 feature_valid=0 tonalness_valid=0 tonalness_proxy=0.000000 tonal_gate=not_computed
2026-08-26T14:26:08.413+00:00	86.547	WAIT 53/60 level_dbfs=-49.98 spread=0.000 nivo=-50.0 dBFS cujem
2026-08-26T14:26:08.667+00:00	86.797	QUALITY protocol=asd-quality-v1.6.0 phase=WAIT index=54 total=60 result=OK metrics_valid=1 samples=4096 expected=4096 rms_dbfs=-50.259 dc=1.101 peak=333 clipped=0 zeros=20 stuck=12 dropped_delta=0 feature_valid=0 tonalness_valid=0 tonalness_proxy=0.000000 tonal_gate=not_computed
2026-08-26T14:26:08.669+00:00	86.797	WAIT 54/60 level_dbfs=-50.26 spread=0.000 nivo=-50.3 dBFS cujem
2026-08-26T14:26:08.921+00:00	87.047	QUALITY protocol=asd-quality-v1.6.0 phase=WAIT index=55 total=60 result=OK metrics_valid=1 samples=4096 expected=4096 rms_dbfs=-50.143 dc=-0.023 peak=340 clipped=0 zeros=18 stuck=11 dropped_delta=0 feature_valid=0 tonalness_valid=0 tonalness_proxy=0.000000 tonal_gate=not_computed
2026-08-26T14:26:08.923+00:00	87.047	WAIT 55/60 level_dbfs=-50.14 spread=0.000 nivo=-50.1 dBFS cujem
2026-08-26T14:26:09.177+00:00	87.297	QUALITY protocol=asd-quality-v1.6.0 phase=WAIT index=56 total=60 result=OK metrics_valid=1 samples=4096 expected=4096 rms_dbfs=-50.519 dc=-1.066 peak=313 clipped=0 zeros=7 stuck=14 dropped_delta=0 feature_valid=0 tonalness_valid=0 tonalness_proxy=0.000000 tonal_gate=not_computed
2026-08-26T14:26:09.180+00:00	87.312	WAIT 56/60 level_dbfs=-50.52 spread=0.000 nivo=-50.5 dBFS cujem
2026-08-26T14:26:09.433+00:00	87.562	QUALITY protocol=asd-quality-v1.6.0 phase=WAIT index=57 total=60 result=OK metrics_valid=1 samples=4096 expected=4096 rms_dbfs=-50.673 dc=-1.730 peak=324 clipped=0 zeros=16 stuck=10 dropped_delta=0 feature_valid=0 tonalness_valid=0 tonalness_proxy=0.000000 tonal_gate=not_computed
2026-08-26T14:26:09.435+00:00	87.562	WAIT 57/60 level_dbfs=-50.67 spread=0.000 nivo=-50.7 dBFS cujem
2026-08-26T14:26:09.692+00:00	87.812	QUALITY protocol=asd-quality-v1.6.0 phase=WAIT index=58 total=60 result=OK metrics_valid=1 samples=4096 expected=4096 rms_dbfs=-50.511 dc=1.158 peak=367 clipped=0 zeros=17 stuck=6 dropped_delta=0 feature_valid=0 tonalness_valid=0 tonalness_proxy=0.000000 tonal_gate=not_computed
2026-08-26T14:26:09.698+00:00	87.828	WAIT 58/60 level_dbfs=-50.51 spread=0.000 nivo=-50.5 dBFS cujem
2026-08-26T14:26:09.944+00:00	88.078	QUALITY protocol=asd-quality-v1.6.0 phase=WAIT index=59 total=60 result=OK metrics_valid=1 samples=4096 expected=4096 rms_dbfs=-50.374 dc=-2.105 peak=349 clipped=0 zeros=21 stuck=14 dropped_delta=0 feature_valid=0 tonalness_valid=0 tonalness_proxy=0.000000 tonal_gate=not_computed
2026-08-26T14:26:09.947+00:00	88.078	WAIT 59/60 level_dbfs=-50.37 spread=0.000 nivo=-50.4 dBFS cujem
2026-08-26T14:26:10.078+00:00	88.203	FLAGS protocol=asd-quality-v1.6.0 mode=LEARNING state=NO_MACHINE waiting=0 learning=1 learned=0 anomaly=0 hold=0 fault=0 green=blink_5hz red=off guided25_available=1 workflow_pending=DEFAULT research_telemetry=1 profile_persistence_allowed=0 dropped=0
2026-08-26T14:26:10.205+00:00	88.328	QUALITY protocol=asd-quality-v1.6.0 phase=WAIT index=60 total=60 result=OK metrics_valid=1 samples=4096 expected=4096 rms_dbfs=-50.459 dc=-1.448 peak=345 clipped=0 zeros=24 stuck=13 dropped_delta=0 feature_valid=0 tonalness_valid=0 tonalness_proxy=0.000000 tonal_gate=not_computed
2026-08-26T14:26:10.207+00:00	88.328	WAIT 60/60 level_dbfs=-50.46 spread=0.000 nivo=-50.5 dBFS cujem
2026-08-26T14:26:10.208+00:00	88.328	I (88314) psdlive: --- KALIBRACIJA: 10 klipova po 10 s ---
2026-08-26T14:26:15.091+00:00	93.218	FLAGS protocol=asd-quality-v1.6.0 mode=LEARNING state=NO_MACHINE waiting=0 learning=1 learned=0 anomaly=0 hold=0 fault=0 green=blink_5hz red=off guided25_available=1 workflow_pending=DEFAULT research_telemetry=1 profile_persistence_allowed=0 dropped=0
2026-08-26T14:26:20.096+00:00	98.218	FLAGS protocol=asd-quality-v1.6.0 mode=LEARNING state=NO_MACHINE waiting=0 learning=1 learned=0 anomaly=0 hold=0 fault=0 green=blink_5hz red=off guided25_available=1 workflow_pending=DEFAULT research_telemetry=1 profile_persistence_allowed=0 dropped=0
2026-08-26T14:26:20.194+00:00	98.328	QUALITY protocol=asd-quality-v1.6.0 phase=CAL index=1 total=10 result=OK metrics_valid=1 samples=159744 expected=159744 rms_dbfs=-50.821 dc=-0.407 peak=367 clipped=0 zeros=688 stuck=425 dropped_delta=0 feature_valid=1 tonalness_valid=1 tonalness_proxy=3.028721 tonal_gate=pending_normal_only
2026-08-26T14:26:20.196+00:00	98.328	CAL  1/10 score=0.00000 nivo=-50.8 dBFS racun=716 ms
2026-08-26T14:26:20.329+00:00	98.453	FEATURE96 protocol=asd-research-v1.0.0 session=1 phase=CAL window=1 window_start_ms=87126 window_end_ms=97095 score=0 level_dbfs=-50.8209801 quality=OK tonalness_proxy=3.02872086 dims=96 fnv1a=4e853229 values=-10.0592213,-10.0592213,1.41578388,-10.0592213,-10.0592213,1.30291653,-10.0592213,1.42039585,-10.0592213,1.38310337,0.722578049,-10.0592213,1.10310459,1.59052277,1.44691181,-10.0592213,0.76124382,0.594563484,0.750472069,0.890071869,0.835839272,0.825101852,1.12737942,1.2556715,1.36846733,1.4034071,1.69010067,1.58664227,1.22334576,1.58530235,1.43833256,1.26554298,1.42199993,1.46084404,1.1656599,3.02872086,3.00574732,1.07095051,0.927600861,0.804079056,1.5353384,1.44164658,1.13016605,1.54246521,1.11244869,1.09081554,1.22119427,1.09839535,0.875635147,1.06754208,1.16375732,0.990854263,0.883623123,1.57258701,0.92505455,0.670773506,0.661723137,0.891300201,1.03792,1.1436491,0.808707237,2.34011889,0.419801712,0.0881671906,0.514466286,0.36962986,0.107902527,-0.0425767899,0.410042763,0.36538887,0.509896278,-0.0568094254,0.91926384,0.194960594,0.0175476074,0.07858181,0.226816177,0.375718117,0.458814621,0.647262573,0.341444016,0.383852959,0.339899063,0.241215706,0.762900352,0.51540947,0.76947403,0.951447487,0.856899261,0.51063633,0.292394638,0.180279732,0.218892097,0.524289131,0.353726387,0.547901154
2026-08-26T14:26:20.434+00:00	98.562	SUBSEG96 protocol=asd-research-v1.0.0 session=1 phase=CAL window=1 group=1 segments=8 dims=96 fnv1a=7e42a42d values=-10.0020437,-10.0020437,1.34627628,-10.0020437,-10.0020437,1.22815704,-10.0020437,1.38463783,-10.0020437,1.17688465,0.832429886,-10.0020437,1.01069164,1.35724163,1.35296249,-10.0020437,0.710083008,0.662465096,0.650430679,0.646046638,0.713121414,0.675730705,0.856928825,1.09208775,1.26627159,1.22909164,1.29852104,1.32466698,0.90752697,1.10028934,0.816297531,1.1665287,1.21527481,1.20181179,1.23574257,3.09214878,3.0895586,0.972397804,1.05297565,0.94380188,1.70600605,1.79576778,1.52865982,1.96968842,1.29137039,1.31354904,1.29372501,1.16230774,0.776737213,1.05137253,1.15940094,1.1128931,0.840302467,1.58840179,1.1155405,0.58258152,0.693610191,0.952067375,1.12327099,1.15482521,0.809305191,2.38768816,0.477013588,0.138859749,0.611071587,0.375243187,0.0878982544,-0.0733165741,0.426146507,0.452419281,0.597803116,0.00477695465,0.929485321,0.235281944,0.030251503,0.188720703,0.275974274,0.43384552,0.529586792,0.677619934,0.348069191,0.430121422,0.438179016,0.309593201,0.786485672,0.605442047,0.827810287,0.954654694,0.910425186,0.569812775,0.320709229,0.235815048,0.276028633,0.559094429,0.413357735,0.613941193
2026-08-26T14:26:20.543+00:00	98.672	SUBSEG96 protocol=asd-research-v1.0.0 session=1 phase=CAL window=1 group=2 segments=8 dims=96 fnv1a=5c68360a values=-10.0491056,-10.0491056,1.21452045,-10.0491056,-10.0491056,1.36068249,-10.0491056,1.40041733,-10.0491056,1.27167225,0.800567627,-10.0491056,0.749302864,1.33711147,1.41992569,-10.0491056,0.877012253,0.426981926,0.484721184,0.760912895,0.731352806,0.647328377,1.32563305,1.33966255,1.3249836,1.45257282,1.35436344,1.50246525,1.35548782,2.07731295,1.87793255,1.35954571,1.37633324,1.67543983,1.04289055,3.03094435,3.04756165,0.854408264,0.806289673,0.669912338,1.56291771,1.13470268,0.757335663,1.33812714,0.915517807,1.16751862,1.38233757,1.19311905,1.12351608,1.1800642,1.30510044,1.11158276,0.934837341,1.57042885,0.946775436,0.708871841,0.676766396,0.956736565,1.04802132,1.18512726,0.967273712,2.36597872,0.340087891,0.102046967,0.550409317,0.331749916,0.100437164,0.0101556778,0.511618614,0.374642372,0.523842812,0.0108242035,0.955966949,0.242308617,0.0421171188,0.0801944733,0.231136322,0.392165184,0.501692772,0.660033226,0.350934029,0.430929184,0.340765953,0.224554062,0.774636269,0.543540955,0.776249886,0.917962074,0.826060295,0.521306992,0.319750786,0.20998764,0.22340107,0.542712212,0.383403778,0.556264877
2026-08-26T14:26:20.648+00:00	98.781	SUBSEG96 protocol=asd-research-v1.0.0 session=1 phase=CAL window=1 group=3 segments=8 dims=96 fnv1a=10d94478 values=-9.99710178,-9.99710178,1.31749821,-9.99710178,-9.99710178,1.14013577,-9.99710178,1.17183781,-9.99710178,1.07946491,0.485906601,-9.99710178,0.880730629,1.2419672,1.33094978,-9.99710178,0.767230034,0.857337952,1.00751114,1.06185532,0.898239136,0.929915428,0.872329712,1.09914398,1.25238895,1.21679211,1.00467396,1.10251999,1.09551811,1.29070663,1.43276882,1.32809544,1.62188625,1.52105618,1.10981655,3.07206964,3.08240604,1.25830746,0.777235985,0.665177345,1.60104752,1.31057262,0.993530273,1.26969433,1.02264977,1.08154011,1.04160118,1.09768009,0.856287956,1.15600204,1.13370037,0.960407257,0.999884605,1.6893568,0.987390518,0.694674492,0.676938057,1.00668049,1.22362518,1.23097515,0.870307922,2.38201904,0.521751404,0.171850204,0.529545784,0.50776577,0.142841339,0.0805253983,0.515901566,0.470215797,0.587885857,-0.0481834412,0.96105957,0.294676781,0.0830726624,0.0742931366,0.319629669,0.426716805,0.520550728,0.731905937,0.422886848,0.463757515,0.370685577,0.306577682,0.837146759,0.592863083,0.844064713,1.02859402,0.945204735,0.591871262,0.332708359,0.208314896,0.282831192,0.550255775,0.403643608,0.643240929
2026-08-26T14:26:20.774+00:00	98.906	SUBSEG96 protocol=asd-research-v1.0.0 session=1 phase=CAL window=1 group=4 segments=7 dims=96 fnv1a=3bb8a109 values=-10.0482779,-10.0482779,1.26161385,-10.0482779,-10.0482779,1.07693005,-10.0482779,1.55625534,-10.0482779,1.58325386,0.857686996,-10.0482779,1.39264297,1.80922127,1.40828228,-10.0482779,0.497701645,0.687111855,0.619841576,0.581288338,0.638319016,0.715263367,1.08089161,1.29322243,1.39239979,1.63766479,2.08826017,1.5019474,1.46348763,1.13533497,1.24938869,1.44287872,1.45015144,1.50688076,1.3273735,3.04848099,2.96041298,1.01789284,0.953395844,0.808052063,1.29157257,1.45359993,1.17544937,1.58464336,1.37959099,1.00127602,1.28065491,1.19658947,0.78523159,1.10163212,1.18340874,0.892654419,0.864954948,1.67636299,0.861104965,0.708231926,0.59327507,0.752779007,0.935874939,1.07900524,0.735097885,2.34788036,0.350138664,0.0443782806,0.471928596,0.40350914,0.0786886215,-0.0991725922,0.4128685,0.250464439,0.514474869,-0.0569038391,0.972122192,0.209733009,0.0330963135,0.115675926,0.179129601,0.405454636,0.433492661,0.656874657,0.372975349,0.383041382,0.348956108,0.254195213,0.797157288,0.482898712,0.755108833,1.0490551,0.896949768,0.515647888,0.314570427,0.203039169,0.26560688,0.559217453,0.365680695,0.521639824
2026-08-26T14:26:20.866+00:00	99.000	SUBSEG96 protocol=asd-research-v1.0.0 session=1 phase=CAL window=1 group=5 segments=7 dims=96 fnv1a=5e92e2bb values=-10.08813,-10.08813,1.76686382,-10.08813,-10.08813,1.5856142,-10.08813,1.58108902,-10.08813,1.63369179,0.646371841,-10.08813,1.28676319,1.89661312,1.70170212,-10.08813,0.921152115,0.244440079,0.902050018,1.17880535,1.11509895,1.08815002,1.3293972,1.43958664,1.60391045,1.45029736,1.93143034,2.01004839,1.1934309,1.45153332,1.11521626,1.03852081,1.46905327,1.34821796,1.18735218,3.01342869,2.94242382,1.23630524,1.07810402,0.957924843,1.52597618,1.35659504,0.908816338,1.16535664,0.859576225,0.881509781,1.12333107,0.894111633,0.808438301,0.912239075,1.11078548,0.928557396,0.870425224,1.41530609,0.751220703,0.749874115,0.758516312,0.852434158,0.899044037,1.16423988,0.710316658,2.32912159,0.495749474,0.0875110626,0.508624077,0.329581261,0.221720695,-0.0448122025,0.246033669,0.3595047,0.424527168,-0.0927066803,0.888569832,0.0846090317,0.0110292435,0.03819561,0.230788231,0.331508636,0.410015106,0.61993885,0.323968887,0.311957359,0.308601379,0.223125458,0.731066704,0.448358536,0.752988815,0.914484978,0.81568718,0.461916924,0.287546158,0.15580368,0.15571022,0.524691582,0.31167984,0.506786346
2026-08-26T14:26:25.106+00:00	103.234	FLAGS protocol=asd-quality-v1.6.0 mode=LEARNING state=NO_MACHINE waiting=0 learning=1 learned=0 anomaly=0 hold=0 fault=0 green=blink_5hz red=off guided25_available=1 workflow_pending=DEFAULT research_telemetry=1 profile_persistence_allowed=0 dropped=0
2026-08-26T14:26:30.117+00:00	108.250	FLAGS protocol=asd-quality-v1.6.0 mode=LEARNING state=NO_MACHINE waiting=0 learning=1 learned=0 anomaly=0 hold=0 fault=0 green=blink_5hz red=off guided25_available=1 workflow_pending=DEFAULT research_telemetry=1 profile_persistence_allowed=0 dropped=0
2026-08-26T14:26:30.166+00:00	108.297	QUALITY protocol=asd-quality-v1.6.0 phase=CAL index=2 total=10 result=OK metrics_valid=1 samples=159744 expected=159744 rms_dbfs=-50.983 dc=-0.316 peak=380 clipped=0 zeros=730 stuck=425 dropped_delta=0 feature_valid=1 tonalness_valid=1 tonalness_proxy=2.960509 tonal_gate=pending_normal_only
2026-08-26T14:26:30.169+00:00	108.297	CAL  2/10 score=0.00000 nivo=-51.0 dBFS racun=716 ms
2026-08-26T14:26:30.302+00:00	108.422	FEATURE96 protocol=asd-research-v1.0.0 session=1 phase=CAL window=2 window_start_ms=97762 window_end_ms=107069 score=0 level_dbfs=-50.982914 quality=OK tonalness_proxy=2.96050882 dims=96 fnv1a=34764704 values=-10.1431398,-10.1431398,2.02452564,-10.1431398,-10.1431398,1.9038806,-10.1431398,2.05216932,-10.1431398,1.83755207,1.05286789,-10.1431398,1.29500484,1.75820827,1.69089031,-10.1431398,1.02834225,0.865751266,0.949723244,1.16075897,1.20267391,1.09922695,1.06408024,1.12437153,1.22188282,1.26193905,1.19954681,1.32973862,1.30553722,1.53545856,1.41589546,1.72027588,1.81346416,1.47950745,1.46932602,2.95749807,2.96050882,1.20254707,1.0184164,0.775526047,1.41149426,1.38850498,0.981648445,1.63038158,1.13852215,0.993498802,1.28850269,0.973972321,0.767679214,0.989839554,1.15962124,0.937525749,0.754227638,1.42566395,0.869844437,0.596313477,0.642982483,0.772504807,0.961661339,0.982018471,0.789723396,2.24636889,0.313240051,-0.00482273102,0.43403244,0.312607765,-0.0163469315,-0.0864553452,0.310569763,0.30043602,0.421084404,-0.081744194,0.858160019,0.162524223,-0.0683679581,0.0030632019,0.105036736,0.316075325,0.384140015,0.552737236,0.235342026,0.295972824,0.253641129,0.16729641,0.686830521,0.426379204,0.670276642,0.847010612,0.787392616,0.435311317,0.195388794,0.108405113,0.149568558,0.421640396,0.281364441,0.487963676
2026-08-26T14:26:30.409+00:00	108.531	SUBSEG96 protocol=asd-research-v1.0.0 session=1 phase=CAL window=2 group=1 segments=8 dims=96 fnv1a=baa12ad6 values=-10.1250257,-10.1250257,1.86341858,-10.1250257,-10.1250257,1.91118288,-10.1250257,2.06109333,-10.1250257,1.65952587,0.992298126,-10.1250257,1.15160084,1.67321205,1.48645496,-10.1250257,0.925761223,0.882299423,0.814968109,0.570557594,0.692443848,1.00699902,1.29745197,1.3454771,1.34602261,1.22738361,1.37636948,1.08316898,1.31284332,1.19821644,1.50950909,1.7925148,1.84624386,1.55857563,1.40519428,2.96705818,3.02748775,1.36028385,1.24499607,0.976135254,1.5259943,1.48378754,1.23577785,1.59930992,1.38003922,1.2273035,1.12380505,0.957574844,0.680366516,0.961410522,1.00637627,1.02524853,0.769564629,1.45608234,0.783673286,0.564425468,0.622136116,0.810621262,0.881193161,0.997490883,0.771769524,2.26608372,0.342305183,-0.0192165375,0.41593647,0.349628448,0.0609827042,-0.0147476196,0.357614517,0.415121078,0.401941299,-0.032916069,0.921049118,0.14147377,-0.121740341,0.0231819153,0.0976581573,0.345293045,0.411375999,0.487283707,0.236948013,0.34207058,0.257237434,0.183187485,0.73456955,0.439305305,0.677297592,0.782104492,0.826825142,0.445981026,0.209505081,0.144360542,0.195289612,0.440274239,0.314580917,0.491416931
2026-08-26T14:26:30.520+00:00	108.640	SUBSEG96 protocol=asd-research-v1.0.0 session=1 phase=CAL window=2 group=2 segments=8 dims=96 fnv1a=f410deb6 values=-10.1527967,-10.1527967,1.80492687,-10.1527967,-10.1527967,1.98073721,-10.1527967,2.16548681,-10.1527967,1.86789894,1.14309692,-10.1527967,1.45323944,1.94977093,2.03376675,-10.1527967,1.40076828,0.926156998,0.875065804,1.10089588,1.23669529,1.01602268,1.03913498,1.30106163,1.3098526,1.14715767,1.47584343,1.59593105,1.62105465,1.75333023,1.58089256,1.9110465,1.71853161,1.31986046,1.33579445,2.89070415,2.98489809,0.966510773,0.825773239,0.573296547,1.10299873,1.14790154,0.78338623,2.01001787,0.882195473,0.889995575,1.34896851,0.952080727,0.757364273,0.920454979,1.05956745,0.870321274,0.598817825,1.35951233,0.902281761,0.637814522,0.592658997,0.807403564,0.972027779,1.03224754,0.818599701,2.20292091,0.309474945,-0.0825185776,0.50032711,0.322073936,-0.162164688,-0.143395424,0.319915771,0.308485985,0.446388245,-0.0704183578,0.850004196,0.186243057,-0.0515489578,0.0363321304,0.078414917,0.299826622,0.354329109,0.44431591,0.24353981,0.35704422,0.223945618,0.122982979,0.668414116,0.44097805,0.682162285,0.774025917,0.816083908,0.433995247,0.151387215,0.129167557,0.116397858,0.437096596,0.286139488,0.438008308
2026-08-26T14:26:30.625+00:00	108.750	SUBSEG96 protocol=asd-research-v1.0.0 session=1 phase=CAL window=2 group=3 segments=8 dims=96 fnv1a=a38af134 values=-10.1822996,-10.1822996,2.44186926,-10.1822996,-10.1822996,2.10799313,-10.1822996,1.7316637,-10.1822996,1.84083462,1.15075779,-10.1822996,1.38462067,1.81405163,1.64744949,-10.1822996,0.619319916,0.897733688,1.23280811,1.47906208,1.38187408,1.25028801,0.901163101,0.822789192,1.29357147,1.39459324,0.926527977,1.19530582,1.2180748,1.65772724,1.3233881,1.7621727,1.91103983,1.60955238,1.37906075,2.9478035,2.90338755,1.38296604,0.956357956,0.878162384,1.52124023,1.58966637,0.965022087,1.45820999,1.34650803,0.92337513,1.32915211,1.1016016,0.878344536,1.14668179,1.37622929,0.971440315,0.79117775,1.41955662,0.87323761,0.499196053,0.678860664,0.772815704,0.929661751,0.929420471,0.761802673,2.22048998,0.260332108,0.0661211014,0.41580677,0.251993179,-0.0444231033,-0.0891113281,0.271776199,0.252913475,0.408161163,-0.182209015,0.817681313,0.153291702,-0.0639677048,-0.0778465271,0.123746872,0.258867264,0.365506172,0.542060852,0.238625526,0.221590996,0.242958069,0.155517578,0.624660492,0.373431206,0.637518883,0.830529213,0.713521004,0.420545578,0.172921181,0.0542402267,0.0901603699,0.347493172,0.228074074,0.448418617
2026-08-26T14:26:30.735+00:00	108.859	SUBSEG96 protocol=asd-research-v1.0.0 session=1 phase=CAL window=2 group=4 segments=7 dims=96 fnv1a=f59707f6 values=-10.0871639,-10.0871639,1.77259254,-10.0871639,-10.0871639,1.78207684,-10.0871639,2.3849473,-10.0871639,2.1587348,0.624341965,-10.0871639,1.15565586,1.58237362,1.43352318,-10.0871639,0.853896141,0.757677078,0.645413399,1.08475304,1.11481857,0.672290802,0.842001915,0.504288673,0.987711906,1.36844063,1.01983833,1.57038975,1.18328857,1.6411581,1.43479538,1.47061348,1.81368256,1.54394913,1.85341454,3.04568434,3.00522184,1.20368099,1.10425568,0.672638893,1.63807297,1.40632343,1.01226807,1.28923035,0.875491142,1.01173019,1.44560337,0.954607964,0.691096306,1.00843048,1.16059303,1.00780582,0.866182327,1.5064621,0.934576035,0.800001144,0.715892792,0.770231247,1.00460148,1.07081223,0.796627045,2.29695129,0.406414032,-0.0117864609,0.44408226,0.33433342,0.0863342285,-0.0487232208,0.319476128,0.320496559,0.448584557,-0.00693225861,0.923782349,0.254267693,-0.0900154114,0.0611581802,0.18406105,0.362959862,0.452403069,0.669257164,0.222318649,0.283596039,0.284664154,0.169003487,0.731692314,0.479726791,0.722367287,0.902107239,0.819883347,0.446125031,0.258559227,0.146834373,0.214684486,0.469608307,0.327531815,0.556833267
2026-08-26T14:26:30.839+00:00	108.968	SUBSEG96 protocol=asd-research-v1.0.0 session=1 phase=CAL window=2 group=5 segments=7 dims=96 fnv1a=afc08069 values=-10.028945,-10.028945,1.45177555,-10.028945,-10.028945,1.42270279,-10.028945,1.64824581,-10.028945,1.49091148,1.22476006,-10.028945,1.30314255,1.71882439,1.54763699,-10.028945,1.00725937,0.941466331,0.969421387,1.1714983,1.40273952,1.38292599,1.2046175,1.24464989,1.07715797,1.22013092,0.826447487,0.750609398,0.74495697,0.983745575,1.16474628,1.48657417,1.8632021,1.36997223,1.26382732,3.07427311,3.00032663,0.916140556,0.962796211,0.720644951,1.05198956,1.1916256,0.854283333,1.30706215,0.82165432,0.919873238,1.24757195,0.959280968,0.899024963,0.945152283,1.17127037,0.896979332,0.858151436,1.52093792,0.979516983,0.567286491,0.732564926,0.81069088,1.15093899,0.996188164,0.93001461,2.38512516,0.382349014,0.131916046,0.510561943,0.439060211,0.0967826843,-0.013835907,0.412391663,0.300564766,0.531107903,0.0173435211,0.903268814,0.200941086,0.104523659,0.106638908,0.169372559,0.453463554,0.473105431,0.748081207,0.359933853,0.390831947,0.396202087,0.337093353,0.812333107,0.536064148,0.767933846,1.07337093,0.891673088,0.562342644,0.324892998,0.199207306,0.270662308,0.551749229,0.386722565,0.647515297
2026-08-26T14:26:35.127+00:00	113.250	FLAGS protocol=asd-quality-v1.6.0 mode=LEARNING state=NO_MACHINE waiting=0 learning=1 learned=0 anomaly=0 hold=0 fault=0 green=blink_5hz red=off guided25_available=1 workflow_pending=DEFAULT research_telemetry=1 profile_persistence_allowed=0 dropped=0
2026-08-26T14:26:40.137+00:00	118.265	FLAGS protocol=asd-quality-v1.6.0 mode=LEARNING state=NO_MACHINE waiting=0 learning=1 learned=0 anomaly=0 hold=0 fault=0 green=blink_5hz red=off guided25_available=1 workflow_pending=DEFAULT research_telemetry=1 profile_persistence_allowed=0 dropped=0
2026-08-26T14:26:40.165+00:00	118.297	QUALITY protocol=asd-quality-v1.6.0 phase=CAL index=3 total=10 result=OK metrics_valid=1 samples=159744 expected=159744 rms_dbfs=-51.456 dc=-0.452 peak=390 clipped=0 zeros=694 stuck=432 dropped_delta=0 feature_valid=1 tonalness_valid=1 tonalness_proxy=2.968347 tonal_gate=pending_normal_only
2026-08-26T14:26:40.166+00:00	118.297	CAL  3/10 score=0.00000 nivo=-51.5 dBFS racun=727 ms
2026-08-26T14:26:40.299+00:00	118.422	FEATURE96 protocol=asd-research-v1.0.0 session=1 phase=CAL window=3 window_start_ms=107740 window_end_ms=117054 score=0 level_dbfs=-51.4555702 quality=OK tonalness_proxy=2.96834707 dims=96 fnv1a=834e5aa4 values=-10.1331596,-10.1331596,1.39227486,-10.1331596,-10.1331596,1.43565369,-10.1331596,1.7496748,-10.1331596,1.68358803,1.11553192,-10.1331596,1.34471798,1.69162273,1.51635075,-10.1331596,0.818867683,0.548440933,0.60406971,0.985466957,1.0743885,1.04725552,1.35144234,1.30140781,1.24344921,1.45343113,1.93893862,2.16695356,1.92870951,1.72972488,1.64271164,1.70327663,1.64990807,1.52606773,1.29969025,2.96834707,2.91061068,1.06729317,0.860002518,0.806901932,1.22792053,1.32386494,1.16655827,1.29658318,0.858956337,1.07607746,1.27596569,0.999921799,0.777634621,1.00047398,1.08118534,0.9435606,0.74759388,1.49952412,0.824288368,0.656781197,0.64027977,0.857257843,0.989067078,1.09465885,0.767739296,2.30512571,0.365340233,0.0112142563,0.470659256,0.295138359,0.0535697937,-0.116280556,0.30474472,0.256673813,0.450660706,-0.0892210007,0.829903603,0.142607689,-0.0774612427,-0.000822067261,0.134811401,0.308211327,0.394364357,0.59368515,0.265600204,0.304854393,0.227991104,0.186606407,0.686618805,0.463291168,0.691238403,0.895703316,0.817655563,0.415780067,0.253388405,0.098982811,0.171295166,0.489759445,0.254618645,0.546444893
2026-08-26T14:26:40.403+00:00	118.531	SUBSEG96 protocol=asd-research-v1.0.0 session=1 phase=CAL window=3 group=1 segments=8 dims=96 fnv1a=9497d442 values=-10.1217508,-10.1217508,1.19517231,-10.1217508,-10.1217508,1.44869614,-10.1217508,1.89008379,-10.1217508,1.76937294,1.12466335,-10.1217508,1.28212738,1.92892361,1.86916351,-10.1217508,1.04239845,0.689294815,0.734442711,1.26056099,1.43629551,0.952552795,1.13280487,1.17731762,1.12470245,1.24233532,1.29591274,1.66676331,1.55547714,1.49602795,2.04180622,2.0423255,1.72714233,1.56865597,1.52593803,2.95864296,2.90562773,1.18091106,1.06613064,0.641426086,1.35256672,1.26879978,0.855490685,0.988506317,0.825510979,0.984964371,1.15766811,1.10068989,0.871741295,0.969088554,1.14147282,0.865261078,0.619194031,1.4241457,0.787823677,0.663806915,0.683531761,0.922113419,1.06183243,1.09398651,0.717473984,2.2880373,0.326967239,0.00794887543,0.363157272,0.227925301,0.0436124802,-0.144285202,0.354381561,0.235918045,0.430294037,-0.0629377365,0.84379673,0.159036636,-0.0620393753,0.0258464813,0.10345459,0.372486115,0.471718788,0.628972054,0.25662899,0.315901756,0.217720985,0.214208603,0.720221519,0.487299919,0.738788605,0.93239212,0.885766029,0.443202019,0.225424767,0.138963699,0.169717789,0.497200966,0.262996674,0.523797035
2026-08-26T14:26:40.511+00:00	118.640	SUBSEG96 protocol=asd-research-v1.0.0 session=1 phase=CAL window=3 group=2 segments=8 dims=96 fnv1a=68366bf1 values=-10.0927114,-10.0927114,1.4546814,-10.0927114,-10.0927114,1.52138329,-10.0927114,1.88229847,-10.0927114,1.76051521,1.30953693,-10.0927114,1.70960808,1.80832863,1.58458424,-10.0927114,0.911924362,0.770480156,0.856761932,0.776119232,0.973735809,1.21860218,1.45713234,1.42886448,1.33533859,1.42263412,1.05597115,0.98465538,1.26518917,1.57155228,1.23330212,1.39112473,1.62053204,1.40962601,1.19727039,3.04025126,2.9525528,1.04351139,0.753732681,0.921441078,0.94810009,1.25429153,1.10746861,1.43028164,0.803278923,1.12605858,1.42758656,0.956448555,0.693285942,1.14322186,1.05305099,0.966732979,0.88448143,1.59058762,0.923646927,0.684940338,0.628214836,0.846436501,0.9519701,1.10782814,0.787158012,2.33191013,0.391021729,-0.0178575516,0.577801704,0.365516663,0.0767841339,-0.10952282,0.327342033,0.359518051,0.528453827,-0.0351772308,0.928044319,0.224161148,-0.0633535385,0.033405304,0.201272964,0.403856277,0.392055511,0.582680702,0.25892067,0.352817535,0.265019417,0.250293732,0.732288361,0.49893856,0.730236053,0.929650307,0.832152367,0.42869091,0.27285099,0.142323494,0.206196785,0.537939072,0.278532028,0.588511467
2026-08-26T14:26:40.624+00:00	118.750	SUBSEG96 protocol=asd-research-v1.0.0 session=1 phase=CAL window=3 group=3 segments=8 dims=96 fnv1a=9445095b values=-9.9961071,-9.9961071,1.61190128,-9.9961071,-9.9961071,1.36889744,-9.9961071,1.52746677,-9.9961071,1.5592308,1.08787251,-9.9961071,1.27220535,1.58787251,1.19868851,-9.9961071,0.443054199,0.286751747,0.486363411,1.10151672,0.924100876,0.69141674,0.777199745,0.987179756,1.29143715,1.58111191,1.26051235,1.47882271,1.06632328,0.965380669,0.963947296,1.44423676,1.1479311,1.33942986,1.15451527,3.12879515,3.03602457,1.11586571,0.836668968,0.720172882,1.31599426,1.17323685,0.844427109,1.15390396,0.770888329,1.13929272,1.39203072,1.09310818,0.756846428,1.17722416,1.28839779,1.05147934,0.915945053,1.52372837,0.816470146,0.858485222,0.748774529,0.969317436,1.00799847,1.25689697,0.86871624,2.45963287,0.572651863,0.19225502,0.537993431,0.509103775,0.261153221,0.0969295502,0.429234505,0.414867401,0.559041977,0.0686388016,0.97533989,0.293572426,0.0573501587,0.0655183792,0.269313812,0.440747261,0.522763252,0.713375092,0.383050919,0.44143486,0.377252579,0.395972252,0.829816818,0.553481102,0.838098526,1.05521488,0.910338402,0.579414368,0.400547028,0.182220459,0.317276955,0.656350136,0.368587494,0.674258232
2026-08-26T14:26:40.722+00:00	118.843	SUBSEG96 protocol=asd-research-v1.0.0 session=1 phase=CAL window=3 group=4 segments=7 dims=96 fnv1a=439bbe04 values=-10.115634,-10.115634,1.43021679,-10.115634,-10.115634,1.59158516,-10.115634,1.54540443,-10.115634,1.64014626,1.20545483,-10.115634,1.17130089,1.68542862,1.45197487,-10.115634,0.78526783,0.564406395,0.405544281,0.890189171,0.835947037,0.963999748,1.31006908,1.2657547,1.24416065,1.61161041,2.1033721,2.36517239,1.82553959,1.7543211,1.50791836,1.57844543,1.68027687,1.71919727,1.23613548,2.96181345,2.92623281,1.21265697,0.825345993,0.836097717,1.34443665,1.15473461,1.08359241,1.23893166,0.677695274,0.789176941,1.28159904,1.0586977,0.837814331,0.954424858,1.12004757,1.05791759,0.779072762,1.58278275,0.866108894,0.540649414,0.636105537,0.826151848,1.02294159,1.07453537,0.805469513,2.33321524,0.399484634,0.0265436172,0.492966652,0.275187492,0.0215997696,-0.117180824,0.374733925,0.280474663,0.428322792,-0.0468244553,0.850881577,0.1516819,-0.10976696,0.0854043961,0.144142151,0.336853027,0.400173187,0.659361839,0.352144241,0.333278656,0.267181396,0.145500183,0.682172775,0.514287949,0.69974041,0.908847809,0.840456963,0.446475983,0.290050507,0.0961208344,0.16588974,0.48470974,0.248142242,0.599143982
2026-08-26T14:26:40.832+00:00	118.953	SUBSEG96 protocol=asd-research-v1.0.0 session=1 phase=CAL window=3 group=5 segments=7 dims=96 fnv1a=06a99231 values=-10.1854887,-10.1854887,1.37698746,-10.1854887,-10.1854887,1.34844589,-10.1854887,1.83645916,-10.1854887,1.7564764,0.908647537,-10.1854887,1.13922215,1.37208176,1.13847256,-10.1854887,0.78196907,0.341227531,0.464889526,0.851198196,0.974788666,1.25697708,1.66688251,1.52933693,1.33790588,1.50593758,2.42589712,2.63594007,2.46290684,2.13910341,1.72188568,1.76867199,1.86077356,1.60842896,1.36311245,2.89784431,2.88887596,0.873649597,0.867308617,0.959427834,1.22544384,1.63719463,1.5591259,1.55027962,1.14281273,1.3019371,1.24175167,0.92525959,0.836153984,0.86747551,0.92098999,0.925554276,0.655420303,1.51309299,0.858276367,0.655534744,0.654158592,0.864657402,1.03269005,1.08989048,0.811903,2.26836205,0.277879715,-0.00358867645,0.512611389,0.229115486,0.00362968445,-0.165605545,0.179294586,0.12522316,0.454750061,-0.233704567,0.681112289,0.0224123001,-0.0612564087,-0.0638256073,0.108613014,0.09034729,0.328320503,0.537265778,0.233675957,0.233360291,0.16727829,0.0443649292,0.616242409,0.417731285,0.592715263,0.796583176,0.767784119,0.329295158,0.234887123,0.0855503082,0.150720596,0.41973877,0.268081665,0.503406525
2026-08-26T14:26:45.150+00:00	123.281	FLAGS protocol=asd-quality-v1.6.0 mode=LEARNING state=NO_MACHINE waiting=0 learning=1 learned=0 anomaly=0 hold=0 fault=0 green=blink_5hz red=off guided25_available=1 workflow_pending=DEFAULT research_telemetry=1 profile_persistence_allowed=0 dropped=0
2026-08-26T14:26:50.121+00:00	128.250	QUALITY protocol=asd-quality-v1.6.0 phase=CAL index=4 total=10 result=OK metrics_valid=1 samples=159744 expected=159744 rms_dbfs=-51.696 dc=-0.576 peak=346 clipped=0 zeros=728 stuck=466 dropped_delta=0 feature_valid=1 tonalness_valid=1 tonalness_proxy=3.003678 tonal_gate=pending_normal_only
2026-08-26T14:26:50.122+00:00	128.250	CAL  4/10 score=0.00000 nivo=-51.7 dBFS racun=716 ms
2026-08-26T14:26:50.257+00:00	128.375	FEATURE96 protocol=asd-research-v1.0.0 session=1 phase=CAL window=4 window_start_ms=117732 window_end_ms=127017 score=0 level_dbfs=-51.6957855 quality=OK tonalness_proxy=3.00367832 dims=96 fnv1a=e9406e2a values=-10.106638,-10.106638,1.42329311,-10.106638,-10.106638,1.35596275,-10.106638,1.51203251,-10.106638,1.48686123,0.920109749,-10.106638,1.05021095,1.546772,1.42248249,-10.106638,0.913573265,0.627346039,0.638419151,0.732993126,0.919941902,1.34461498,1.66879463,1.5865736,1.3243742,1.47501183,1.80187416,1.96112537,1.654706,1.53151798,1.39187622,1.3230648,1.6443634,1.53252316,1.15010929,2.9843545,3.00367832,1.09546947,1.10854053,1.01308918,1.41979027,1.34208584,1.02362347,1.28166389,0.926130295,0.985839844,1.21960354,1.06594753,0.818291664,1.01424217,1.10979557,0.935065269,0.734344482,1.49254131,0.862866402,0.658729553,0.701945305,0.803534508,1.00226879,1.11544132,0.825470924,2.27836561,0.382825851,0.098236084,0.497555733,0.374573708,0.0249147415,-0.0892314911,0.364382744,0.326095581,0.476516724,-0.0566625595,0.833824158,0.16360569,-0.0372343063,0.0717096329,0.158196449,0.374257088,0.398962021,0.583960533,0.30342865,0.345913887,0.279120445,0.194860458,0.721155167,0.494729042,0.709478378,0.863901138,0.811006546,0.475814819,0.232258797,0.126073837,0.210243225,0.534244537,0.298954964,0.542191505
2026-08-26T14:26:50.261+00:00	128.390	FLAGS protocol=asd-quality-v1.6.0 mode=LEARNING state=NO_MACHINE waiting=0 learning=1 learned=0 anomaly=0 hold=0 fault=0 green=blink_5hz red=off guided25_available=1 workflow_pending=DEFAULT research_telemetry=1 profile_persistence_allowed=0 dropped=0
2026-08-26T14:26:50.385+00:00	128.515	SUBSEG96 protocol=asd-research-v1.0.0 session=1 phase=CAL window=4 group=1 segments=8 dims=96 fnv1a=e1d57c27 values=-10.0927439,-10.0927439,1.59306431,-10.0927439,-10.0927439,1.45586491,-10.0927439,1.56546116,-10.0927439,1.4726553,0.86345768,-10.0927439,1.09049702,1.62243843,1.53132915,-10.0927439,1.02812862,0.428088188,0.810460091,0.815499306,0.980855942,1.4255743,1.72413921,1.64878273,1.39095974,1.43348312,1.67795372,1.18872452,1.14834404,1.47050476,1.40621758,1.22312546,1.72888851,1.34040833,1.14955902,3.00961828,2.9799037,1.08627701,0.874404907,0.562093735,1.48189354,1.4639473,1.1342268,1.32267666,0.980636597,0.95954895,1.32973576,1.01721287,0.839551926,0.87967205,1.12742996,0.928638458,0.71234417,1.53149891,0.93003273,0.623270035,0.666043282,0.908230782,1.1130619,1.17126465,0.842889786,2.31194735,0.476658821,0.122786522,0.557607651,0.405696869,0.101166725,-0.108810425,0.343304634,0.272767067,0.458788872,-0.099114418,0.80773735,0.154067993,0.00376796722,0.0846414566,0.196225166,0.417767525,0.430810928,0.62209034,0.325048447,0.349302292,0.276838303,0.243650436,0.754293442,0.531049728,0.74152565,0.942439079,0.831258774,0.45145607,0.255214691,0.164520264,0.191793442,0.550934792,0.31770134,0.564517975
2026-08-26T14:26:50.490+00:00	128.609	SUBSEG96 protocol=asd-research-v1.0.0 session=1 phase=CAL window=4 group=2 segments=8 dims=96 fnv1a=957920a6 values=-10.0885191,-10.0885191,1.3440094,-10.0885191,-10.0885191,1.43170166,-10.0885191,1.54907131,-10.0885191,1.62763882,0.846938133,-10.0885191,1.03843403,1.37565136,1.23533535,-10.0885191,0.758488655,0.677392006,0.516407967,0.672765732,1.01452827,1.17285347,1.40514183,1.57064342,1.39721012,1.59620857,2.16053772,2.51015425,1.95836687,1.41172886,0.979927063,1.31874752,1.64470291,1.31889343,1.1818819,2.99554491,3.00699902,1.1086216,0.993889809,0.949083328,1.58397484,1.21527767,0.94224453,1.34449291,0.695768356,1.07029438,1.06407356,1.07469749,0.89037323,0.928052902,1.06644535,0.883997917,0.683322906,1.46914577,0.782904625,0.733090401,0.769353867,0.727702141,0.925684929,1.21042156,0.918987274,2.29351759,0.301573753,0.0872907639,0.496272087,0.459182739,0.0283927917,-0.00779533386,0.372400284,0.361531258,0.472631454,-0.0770492554,0.877786636,0.205905914,-0.0754699707,0.0983371735,0.206093788,0.399482727,0.442251205,0.629893303,0.315797806,0.369324684,0.348360062,0.174641609,0.746888161,0.543625832,0.731303215,0.881019592,0.818933487,0.520396233,0.270796776,0.099978447,0.236918449,0.502614975,0.30646801,0.519271851
2026-08-26T14:26:50.594+00:00	128.718	SUBSEG96 protocol=asd-research-v1.0.0 session=1 phase=CAL window=4 group=3 segments=8 dims=96 fnv1a=c2d6d0fd values=-10.1136818,-10.1136818,1.3694706,-10.1136818,-10.1136818,1.18468666,-10.1136818,1.46264458,-10.1136818,1.43439388,0.977944374,-10.1136818,1.02140331,1.30474377,1.19498348,-10.1136818,0.886959076,0.650949478,0.499008179,0.45933342,0.762431145,1.56927967,1.99116039,1.67173004,1.06595993,1.14067173,1.78018093,1.74892902,1.9606986,1.9451704,1.71060562,1.57184887,1.64303112,1.94278193,1.27130222,2.97912693,3.02423525,1.16357994,1.26059437,1.09181118,1.35822296,1.53048515,1.24890327,1.14163685,0.658088684,0.92062664,1.23153877,1.02248669,0.836336136,1.04500961,1.10676003,0.910201073,0.725707054,1.48200989,0.953308105,0.468075752,0.699856758,0.83404541,1.0786581,1.12123299,0.774402618,2.27674055,0.371636391,0.0838918686,0.428738594,0.364308357,-0.0387954712,-0.110789299,0.357146263,0.343695641,0.447699547,-0.0356769562,0.794574738,0.219753265,0.000887870789,0.0233278275,0.13792038,0.378926277,0.385223389,0.565869331,0.282941818,0.343120575,0.253253937,0.203528404,0.692972183,0.435941696,0.728381157,0.848747253,0.835757256,0.490823746,0.230100632,0.144262314,0.198248863,0.538488388,0.263638496,0.535038948
2026-08-26T14:26:50.703+00:00	128.828	SUBSEG96 protocol=asd-research-v1.0.0 session=1 phase=CAL window=4 group=4 segments=7 dims=96 fnv1a=8da291da values=-10.0754366,-10.0754366,1.36504936,-10.0754366,-10.0754366,1.02601433,-10.0754366,1.13342762,-10.0754366,0.940783501,0.744924545,-10.0754366,1.148139,1.74651623,1.4488287,-10.0754366,0.861485481,0.718536377,0.587934494,0.816541672,1.03744411,1.1656599,1.49898815,1.58071995,1.51363373,1.81818962,1.66094589,1.68004894,1.28847218,1.13123035,1.40821457,1.34551907,1.72195053,1.33908939,1.14962482,3.02907085,3.05944729,1.22622585,1.2847271,1.37401199,1.38270473,1.18182945,0.889893532,1.25339794,1.20448303,0.910863876,1.37416744,1.21805096,0.881356239,1.09952164,1.10288715,0.994094849,0.830841064,1.48397541,0.919599533,0.73647213,0.776262283,0.763320923,0.889550209,0.996531487,0.83475399,2.28042507,0.442255974,0.085351944,0.534543991,0.277704239,0.0337905884,-0.0861215591,0.405493736,0.346982002,0.523371696,-0.0345668793,0.918247223,0.156761169,-0.0321102142,0.118096352,0.133687019,0.321121216,0.363628387,0.586624146,0.326431274,0.37838459,0.314425468,0.2215662,0.757022858,0.497606277,0.70130825,0.863285065,0.816282272,0.539661407,0.233916283,0.140153885,0.281984329,0.609962463,0.380815506,0.589441299
2026-08-26T14:26:50.805+00:00	128.937	SUBSEG96 protocol=asd-research-v1.0.0 session=1 phase=CAL window=4 group=5 segments=7 dims=96 fnv1a=94c532c4 values=-10.0569,-10.0569,1.48963737,-10.0569,-10.0569,1.58526897,-10.0569,1.75409698,-10.0569,1.7262125,1.16909027,-10.0569,1.05138683,1.68726349,1.68099022,-10.0569,1.07813072,0.728007317,0.797008514,0.92551136,0.852834702,1.29302883,1.42127609,1.5189333,1.25625801,1.10986137,1.35034561,1.21823788,0.810788155,0.985636711,1.11732101,1.00024414,1.54911423,1.24836349,1.03151035,3.01244402,3.05343723,0.922357559,1.11074162,0.812426567,1.30790615,1.24227524,0.73282814,1.42195702,1.0310564,1.14025402,1.1227951,1.09285545,0.703820229,1.1905508,1.24388313,1.06410122,0.82579422,1.59648514,0.778139114,0.80386734,0.69068718,0.855421066,1.04245567,1.12937069,0.845275879,2.33041334,0.40867424,0.212871552,0.572554588,0.43652153,0.0963926315,-0.0370693207,0.452393532,0.406896591,0.589173317,0.0651702881,0.875561714,0.167330742,0.0118503571,0.141849518,0.211509705,0.44342041,0.467021942,0.611933708,0.373551369,0.395277023,0.30106163,0.23098278,0.758336067,0.564414978,0.740458488,0.873150826,0.852324486,0.473457336,0.270430565,0.182041168,0.248718262,0.574444771,0.332336426,0.610332489
2026-08-26T14:26:55.172+00:00	133.297	FLAGS protocol=asd-quality-v1.6.0 mode=LEARNING state=NO_MACHINE waiting=0 learning=1 learned=0 anomaly=0 hold=0 fault=0 green=blink_5hz red=off guided25_available=1 workflow_pending=DEFAULT research_telemetry=1 profile_persistence_allowed=0 dropped=0
2026-08-26T14:27:00.155+00:00	138.281	QUALITY protocol=asd-quality-v1.6.0 phase=CAL index=5 total=10 result=OK metrics_valid=1 samples=159744 expected=159744 rms_dbfs=-51.697 dc=-0.407 peak=363 clipped=0 zeros=750 stuck=432 dropped_delta=0 feature_valid=1 tonalness_valid=1 tonalness_proxy=3.085071 tonal_gate=pending_normal_only
2026-08-26T14:27:00.157+00:00	138.281	CAL  5/10 score=0.00000 nivo=-51.7 dBFS racun=716 ms
2026-08-26T14:27:00.289+00:00	138.422	FEATURE96 protocol=asd-research-v1.0.0 session=1 phase=CAL window=5 window_start_ms=127705 window_end_ms=137056 score=0 level_dbfs=-51.6969643 quality=OK tonalness_proxy=3.08507061 dims=96 fnv1a=ed546883 values=-10.0141869,-10.0141869,1.4245491,-10.0141869,-10.0141869,1.35479259,-10.0141869,1.6359148,-10.0141869,1.58590221,0.998357773,-10.0141869,1.08508301,1.46824455,1.26018429,-10.0141869,0.67787075,0.508466721,0.603177071,0.832100868,0.927014351,0.995079994,1.24050903,1.33689404,1.30522156,1.3975296,1.16952324,1.26943016,1.06578445,1.16113663,1.15038204,1.29987717,1.31240654,1.30738163,1.13134003,3.07670975,3.08507061,1.10138893,0.931282043,0.743083,1.33085823,1.16854477,0.916406631,1.32562542,0.971710205,1.05622196,1.41203022,1.0551548,0.898394585,1.08842182,1.15674114,0.997359276,0.834929466,1.58789158,0.922795296,0.778683662,0.7783041,0.943889618,1.10658264,1.16460133,0.869300842,2.37521601,0.483336449,0.141001701,0.54011631,0.382839203,0.161304474,0.0583057404,0.416078568,0.385318756,0.526344299,0.0359125137,0.92807579,0.243144989,0.0262174606,0.147767067,0.262404442,0.443554878,0.503466606,0.723152161,0.364667892,0.424712181,0.374997139,0.264432907,0.813248634,0.572244644,0.789019585,0.995615005,0.912085533,0.556937218,0.316759109,0.211680412,0.277095795,0.599499702,0.407701492,0.643170357
2026-08-26T14:27:00.296+00:00	138.422	FLAGS protocol=asd-quality-v1.6.0 mode=LEARNING state=NO_MACHINE waiting=0 learning=1 learned=0 anomaly=0 hold=0 fault=0 green=blink_5hz red=off guided25_available=1 workflow_pending=DEFAULT research_telemetry=1 profile_persistence_allowed=0 dropped=0
2026-08-26T14:27:00.415+00:00	138.547	SUBSEG96 protocol=asd-research-v1.0.0 session=1 phase=CAL window=5 group=1 segments=8 dims=96 fnv1a=f6030f3f values=-10.005125,-10.005125,1.18494701,-10.005125,-10.005125,1.3279686,-10.005125,1.57010365,-10.005125,1.61313915,1.07544708,-10.005125,1.23514271,1.70803928,1.4253273,-10.005125,0.730246544,0.254364967,0.39161396,0.732078552,0.855481148,0.971050262,0.980568886,1.16840744,1.31508541,1.50432873,1.00470161,1.25639915,0.968273163,0.997112274,0.917778969,1.27060032,1.26845074,1.2076273,1.21899605,3.07203722,3.15542603,1.07303333,1.00884056,0.739803314,1.41386032,1.16704655,0.759610176,1.58062744,1.36907005,0.971031189,1.54972553,1.0970726,0.868762016,1.18000126,1.19227314,0.975740433,0.861323357,1.51098442,0.894428253,0.753843307,0.824068069,0.922401428,1.05553818,1.21861076,0.886987686,2.37465382,0.503026962,0.187195778,0.545507431,0.382742882,0.199127197,0.136172295,0.416934967,0.369698524,0.575269699,0.0279846191,0.954405785,0.217154503,0.0804691315,0.210895538,0.294593811,0.488437653,0.515295982,0.725723267,0.341388702,0.415268898,0.399349213,0.284635544,0.833258629,0.566363335,0.792848587,0.93259716,0.951615334,0.618887901,0.281586647,0.231841087,0.300328255,0.610093117,0.411563873,0.60868454
2026-08-26T14:27:00.518+00:00	138.640	SUBSEG96 protocol=asd-research-v1.0.0 session=1 phase=CAL window=5 group=2 segments=8 dims=96 fnv1a=7797209b values=-10.0218744,-10.0218744,1.0808506,-10.0218744,-10.0218744,1.09737587,-10.0218744,1.60509396,-10.0218744,1.5516386,0.500906944,-10.0218744,0.67315197,1.09225082,1.16675472,-10.0218744,0.712290764,0.459745407,0.561460495,0.93165493,1.03933334,1.41639519,1.7011652,1.73361397,1.525383,1.42213249,1.20404243,1.52031898,1.14995003,1.0699091,1.16595936,1.31210327,1.42588902,1.55811596,1.29914188,3.06100082,3.03664303,1.19970703,1.10491371,0.848431587,1.23208809,1.13671112,0.851424217,1.18972015,0.930697441,1.06202888,1.42409515,1.19768333,0.994933128,0.995886803,1.20620918,0.99860096,0.798709869,1.58202076,0.989179611,0.874927521,0.763562202,0.883686066,1.02846146,1.20074844,0.844470024,2.3691678,0.469434738,0.130732536,0.533141136,0.309518814,0.121109962,0.0513181686,0.396831512,0.417920113,0.537039757,0.0272016525,0.951519012,0.266261101,-0.00380420685,0.127315521,0.217411995,0.369368553,0.446619987,0.714851379,0.352017403,0.395281792,0.336787224,0.269627571,0.74638176,0.566045761,0.761525154,1.02244759,0.885939598,0.55838871,0.324637413,0.206624031,0.255553246,0.575281143,0.427030563,0.625346184
2026-08-26T14:27:00.625+00:00	138.750	SUBSEG96 protocol=asd-research-v1.0.0 session=1 phase=CAL window=5 group=3 segments=8 dims=96 fnv1a=cba87457 values=-10.0114775,-10.0114775,1.60240459,-10.0114775,-10.0114775,1.63084793,-10.0114775,1.65023613,-10.0114775,1.50665569,1.12793446,-10.0114775,1.11545372,1.376647,1.26250839,-10.0114775,0.7555933,0.782788277,0.68994236,0.882631302,1.08193874,0.690589905,0.955822945,1.20619965,1.30504322,1.36792374,1.12147713,1.07105255,1.13036919,1.47522545,1.42019844,1.38392353,1.3676815,1.36395454,1.08979702,3.12090826,3.03632164,1.00086403,0.806743622,0.707073212,1.41066265,1.2481432,1.00900555,1.2328968,0.779555321,1.02093983,1.19554806,0.925689697,0.849319458,1.09471321,1.18831062,0.999915123,0.825407982,1.66620445,0.854532242,0.807335854,0.767911911,0.890037537,1.07957649,1.05818272,0.855433464,2.38262272,0.43265152,0.180937767,0.552156448,0.397296906,0.187531471,0.0299930573,0.417646408,0.348563194,0.512990952,0.0424375534,0.88425827,0.253930092,-0.0181627274,0.078578949,0.300826073,0.435937881,0.475330353,0.744858742,0.359239578,0.425203323,0.367805481,0.270474434,0.801610947,0.584364891,0.788448334,1.06900215,0.930379868,0.539265633,0.336491585,0.19580555,0.269928932,0.632678986,0.373285294,0.661393166
2026-08-26T14:27:00.733+00:00	138.859	SUBSEG96 protocol=asd-research-v1.0.0 session=1 phase=CAL window=5 group=4 segments=7 dims=96 fnv1a=8dd56b12 values=-9.99730206,-9.99730206,1.58962154,-9.99730206,-9.99730206,1.16790104,-9.99730206,1.69030476,-9.99730206,1.70553112,1.13687992,-9.99730206,1.16527653,1.62230682,1.42563343,-9.99730206,0.69474411,0.532382965,0.90920639,0.912516594,0.760083199,0.545728683,1.06682587,1.16071033,1.17854691,1.43031406,1.32247734,1.18825912,1.00794125,1.11390209,1.10049915,1.27910137,1.17512989,1.00167084,0.921385765,3.08705711,3.09378338,1.16380787,0.915173531,0.773655891,1.25996017,1.21840668,0.929162979,1.20762253,0.706787109,0.965517044,1.40850925,1.04448414,0.909477234,1.03240681,1.12095165,0.970675468,0.905097961,1.56570911,0.960864067,0.664556503,0.736768723,1.04922295,1.22053051,1.14217091,0.907963753,2.40042019,0.502563477,0.0774765015,0.528923988,0.480633736,0.222554207,0.0884532928,0.46119976,0.443723679,0.558586121,0.0394859314,0.875139236,0.27810955,0.053563118,0.200379372,0.298931122,0.501306534,0.547665596,0.735614777,0.425308228,0.495103836,0.412531853,0.296087265,0.880509377,0.578784943,0.804803848,1.02042007,0.906509399,0.532020569,0.343121529,0.231099129,0.303753853,0.584779739,0.412132263,0.691505432
2026-08-26T14:27:00.841+00:00	138.968	SUBSEG96 protocol=asd-research-v1.0.0 session=1 phase=CAL window=5 group=5 segments=7 dims=96 fnv1a=90d128e9 values=-9.95219231,-9.95219231,1.54325771,-9.95219231,-9.95219231,1.4005127,-9.95219231,1.74677849,-9.95219231,1.62499619,0.998908043,-9.95219231,1.15646553,1.37768459,0.804556847,-9.95219231,0.478916168,0.357871056,0.210816383,0.702429771,0.831113815,0.654129982,0.642901421,0.857523918,1.06490898,1.2843132,1.23949337,1.20785236,1.11121941,0.934873581,0.987787247,1.31155682,1.33597279,1.21282482,1.05175209,3.11955595,3.17865181,1.12225628,0.753687859,0.684589386,1.37742805,1.12762928,1.07555008,1.34859753,0.543473244,1.29490185,1.49590969,1.01983833,0.928483963,1.19524193,1.12351322,1.12007713,0.864160538,1.67892933,0.986591339,0.826051712,0.872698784,1.05567265,1.22698402,1.26580906,0.936772346,2.43238878,0.592500687,0.190438271,0.621447563,0.421649933,0.143959045,0.0495843887,0.472494125,0.425495148,0.515826225,0.125922203,1.04442787,0.278568268,0.0989465714,0.196626663,0.272492409,0.502139091,0.617941856,0.775308609,0.431075096,0.477128983,0.44288826,0.277033806,0.888314247,0.648435593,0.882733345,0.99202919,0.962258339,0.606528282,0.379279137,0.276052475,0.339489937,0.67254734,0.495884895,0.713226318
2026-08-26T14:27:05.185+00:00	143.312	FLAGS protocol=asd-quality-v1.6.0 mode=LEARNING state=NO_MACHINE waiting=0 learning=1 learned=0 anomaly=0 hold=0 fault=0 green=blink_5hz red=off guided25_available=1 workflow_pending=DEFAULT research_telemetry=1 profile_persistence_allowed=0 dropped=0
2026-08-26T14:27:10.131+00:00	148.250	QUALITY protocol=asd-quality-v1.6.0 phase=CAL index=6 total=10 result=OK metrics_valid=1 samples=159744 expected=159744 rms_dbfs=-51.438 dc=-0.423 peak=349 clipped=0 zeros=687 stuck=414 dropped_delta=0 feature_valid=1 tonalness_valid=1 tonalness_proxy=3.119785 tonal_gate=pending_normal_only
2026-08-26T14:27:10.133+00:00	148.265	CAL  6/10 score=0.00000 nivo=-51.4 dBFS racun=716 ms
2026-08-26T14:27:10.276+00:00	148.406	FEATURE96 protocol=asd-research-v1.0.0 session=1 phase=CAL window=6 window_start_ms=137745 window_end_ms=147030 score=0 level_dbfs=-51.4377823 quality=OK tonalness_proxy=3.11978483 dims=96 fnv1a=cabf05ab values=-9.96761513,-9.96761513,1.76807404,-9.96761513,-9.96761513,1.56199646,-9.96761513,1.63094521,-9.96761513,1.51838112,1.0155983,-9.96761513,1.09036636,1.51348686,1.44147778,-9.96761513,0.937651634,0.647392273,0.675373077,0.819280624,0.798650742,0.57992363,0.715464592,0.920220375,1.3002243,1.48603821,0.859770775,0.748706818,0.887794495,0.898348808,0.992083549,1.31319237,1.44991207,0.991530418,1.00770855,3.11978483,3.11876774,0.945493698,0.766718864,0.748449326,1.27184296,1.23138618,0.882258415,1.26021194,0.815712929,1.13159466,1.36051655,1.1599865,0.889490128,1.0795536,1.10605621,1.07335949,0.827288628,1.6610527,0.924576759,0.748295784,0.757116318,0.99906826,1.16143513,1.21306705,0.98038578,2.43164158,0.517731667,0.201873779,0.614266396,0.396213531,0.18148613,0.0966806412,0.44351387,0.42506218,0.568284035,0.0551786423,0.966581345,0.287158012,0.137331009,0.148832321,0.289255142,0.466770172,0.554347992,0.757594109,0.432973862,0.452785492,0.399551392,0.331005096,0.863985062,0.624001503,0.849863052,1.03640461,0.955867767,0.595085144,0.392500877,0.280355453,0.373470306,0.675797462,0.455753326,0.67861557
2026-08-26T14:27:10.285+00:00	148.406	FLAGS protocol=asd-quality-v1.6.0 mode=LEARNING state=NO_MACHINE waiting=0 learning=1 learned=0 anomaly=0 hold=0 fault=0 green=blink_5hz red=off guided25_available=1 workflow_pending=DEFAULT research_telemetry=1 profile_persistence_allowed=0 dropped=0
2026-08-26T14:27:10.398+00:00	148.531	SUBSEG96 protocol=asd-research-v1.0.0 session=1 phase=CAL window=6 group=1 segments=8 dims=96 fnv1a=96ca9feb values=-9.97947788,-9.97947788,2.13554001,-9.97947788,-9.97947788,1.89681816,-9.97947788,1.9893465,-9.97947788,1.75401783,1.14535141,-9.97947788,1.22646523,1.7554493,1.68118191,-9.97947788,1.02211189,0.573406219,0.556540489,0.918035507,0.82556057,0.576289177,0.711600304,1.06480122,1.43321991,1.57642651,0.758556366,0.506979942,0.662117958,0.744591713,0.860593796,1.13239765,1.26257896,0.811280251,0.834383965,3.12496328,3.10594082,0.864684105,0.749388695,0.836953163,1.51394176,1.3130455,0.881139755,1.20480061,0.819568634,1.11829472,1.36554337,1.12543297,0.829054832,1.08761311,1.07727337,1.04907322,0.672495842,1.62464428,0.900868416,0.600136757,0.662054062,0.922260284,1.13284492,1.22337151,1.07240295,2.42431021,0.481677055,0.179781914,0.664783478,0.372616768,0.183677673,0.0275154114,0.493821144,0.329523087,0.534444809,0.0421180725,0.978809357,0.308606148,0.0679779053,0.140021324,0.269824028,0.495740891,0.545241356,0.753838539,0.445098877,0.437941551,0.384049416,0.313076019,0.868518829,0.573138237,0.832777023,1.06637955,0.930458069,0.597412109,0.360479355,0.315876007,0.333263397,0.652359009,0.459589958,0.677474022
2026-08-26T14:27:10.502+00:00	148.625	SUBSEG96 protocol=asd-research-v1.0.0 session=1 phase=CAL window=6 group=2 segments=8 dims=96 fnv1a=7a49ae91 values=-9.95263577,-9.95263577,1.78899574,-9.95263577,-9.95263577,1.55303288,-9.95263577,1.42033386,-9.95263577,1.39589214,0.947880745,-9.95263577,0.962331772,1.38343525,1.47312355,-9.95263577,1.02131748,0.520402908,0.643333435,0.815005302,0.769749641,0.630530357,0.828749657,0.887343407,1.24857235,1.52511311,0.997601509,0.651895523,0.903085709,0.82356739,1.10564995,1.2354641,1.30866051,0.91121769,1.15568447,3.1300211,3.16393518,0.859987259,0.786267281,0.72983551,1.31745911,1.37554646,0.807424545,1.2556448,0.922386169,1.02161217,1.28803444,1.14483356,0.948758125,1.16838264,1.19351578,0.978218079,0.802827835,1.72201347,0.920351982,0.73736763,0.799093246,1.07144928,1.2211895,1.20012283,0.983501434,2.42925596,0.528619766,0.236926079,0.527973175,0.338980675,0.137971878,0.172622681,0.463938713,0.480840683,0.658514023,0.0273647308,1.015728,0.24285984,0.213380814,0.124491692,0.361289024,0.499918938,0.510697365,0.733158112,0.381038666,0.491295815,0.399283409,0.329879761,0.890475273,0.62978363,0.88468647,1.00344086,0.977126122,0.63094902,0.375411034,0.281459808,0.349543571,0.693779945,0.454364777,0.686406136
2026-08-26T14:27:10.613+00:00	148.734	SUBSEG96 protocol=asd-research-v1.0.0 session=1 phase=CAL window=6 group=3 segments=8 dims=96 fnv1a=ec741ce7 values=-9.92037201,-9.92037201,1.54834843,-9.92037201,-9.92037201,1.33456039,-9.92037201,1.16099358,-9.92037201,1.19044495,0.845959663,-9.92037201,0.93537426,1.32088375,1.44066429,-9.92037201,1.025383,0.791097641,0.660758972,0.68198967,0.898843765,0.67276001,0.599211693,0.603868484,1.14894962,1.12333965,1.00148296,0.869987488,0.807308197,1.01682663,0.960020065,1.14491177,1.29725742,1.05423164,1.02606201,3.16451168,3.1907711,1.02890205,0.74130249,0.66509819,1.13820362,1.1604557,0.893591881,1.2457552,0.657990456,1.22138405,1.41074753,1.27844238,0.862963676,1.00974846,1.13745499,0.948231697,0.845608711,1.71076775,0.980157852,0.837785721,0.818554878,1.09692001,1.21154308,1.24961567,1.05972481,2.47730494,0.580785751,0.239886284,0.693652153,0.503521919,0.27099514,0.155040741,0.464109421,0.431232452,0.564743042,0.0998315811,1.02338028,0.397148132,0.190096855,0.19742012,0.303034782,0.466010094,0.573939323,0.76285553,0.521420479,0.503332138,0.439428329,0.340798378,0.915431976,0.694046974,0.923517227,1.06970215,1.0160141,0.682830811,0.429512978,0.310382843,0.456758499,0.716213226,0.503351212,0.717518806
2026-08-26T14:27:10.715+00:00	148.843	SUBSEG96 protocol=asd-research-v1.0.0 session=1 phase=CAL window=6 group=4 segments=7 dims=96 fnv1a=177c0e45 values=-9.96095181,-9.96095181,1.33381271,-9.96095181,-9.96095181,1.39451885,-9.96095181,1.58345985,-9.96095181,1.45545006,0.869592667,-9.96095181,1.10274887,1.39375973,1.24012566,-9.96095181,0.682033539,0.646103859,0.744675636,0.701481819,0.831061363,0.564331055,0.539136887,0.960532188,1.28970051,1.71366882,0.851878166,0.84392643,1.00079346,1.13804245,1.04113102,1.31780434,1.42559719,1.20746994,0.972477913,3.09734154,3.08318043,1.03835678,0.823768616,0.945911407,1.07861519,1.20135021,0.916480064,1.366889,0.758786201,1.13284016,1.41661835,1.13980675,0.882562637,1.11621666,1.01981258,1.20271301,0.963929176,1.71257591,0.943590164,0.763710976,0.733350754,0.954991341,1.22127533,1.1928463,0.93666935,2.41949511,0.51236248,0.227341652,0.546504021,0.421528816,0.167236328,0.155315399,0.451527596,0.47550106,0.594968796,0.0339221954,0.952257156,0.278767586,0.156877518,0.180273056,0.301520348,0.529657364,0.561728477,0.805945396,0.460323334,0.418489456,0.434063911,0.341948509,0.8015728,0.593599319,0.860275269,1.04662132,0.962099075,0.569455147,0.418521881,0.316467285,0.387293816,0.684844017,0.477287292,0.652564049
2026-08-26T14:27:10.820+00:00	148.953	SUBSEG96 protocol=asd-research-v1.0.0 session=1 phase=CAL window=6 group=5 segments=7 dims=96 fnv1a=8e768d15 values=-9.96963024,-9.96963024,1.50825596,-9.96963024,-9.96963024,1.28515053,-9.96963024,1.55209064,-9.96963024,1.61030674,1.1906004,-9.96963024,1.1917963,1.57386971,1.18670368,-9.96963024,0.871173859,0.726326942,0.807962418,0.95170784,0.69636631,0.483098984,0.856719971,0.994181633,1.36571884,1.30769348,0.631634712,0.857427597,1.04932594,0.687386513,1.02032948,1.62075806,1.79338932,0.958909988,1.05135822,3.13400984,3.09260654,0.978926659,0.788062096,0.473218918,1.15438652,1.06364536,0.963050842,1.28010178,0.912474632,1.20304012,1.37331009,1.1540823,0.969388008,1.04741478,1.13327408,1.19719505,0.883869171,1.57275581,0.935054779,0.838615417,0.817925453,0.982151985,1.05221176,1.25210857,0.849845886,2.4627862,0.540035248,0.17864418,0.665665627,0.390769005,0.195092201,0.00437355042,0.383302689,0.458392143,0.529640198,0.12484169,0.900587082,0.24472332,0.10118103,0.159067154,0.256221771,0.378503799,0.633641243,0.789879799,0.402132034,0.461688042,0.398386955,0.386647224,0.887792587,0.679767609,0.792284966,1.04797363,0.947280884,0.530433655,0.43745327,0.222052574,0.394547462,0.688495636,0.438010216,0.711831093
2026-08-26T14:27:15.195+00:00	153.328	FLAGS protocol=asd-quality-v1.6.0 mode=LEARNING state=NO_MACHINE waiting=0 learning=1 learned=0 anomaly=0 hold=0 fault=0 green=blink_5hz red=off guided25_available=1 workflow_pending=DEFAULT research_telemetry=1 profile_persistence_allowed=0 dropped=0
2026-08-26T14:27:20.107+00:00	158.234	QUALITY protocol=asd-quality-v1.6.0 phase=CAL index=7 total=10 result=OK metrics_valid=1 samples=159744 expected=159744 rms_dbfs=-51.657 dc=-0.393 peak=341 clipped=0 zeros=739 stuck=407 dropped_delta=0 feature_valid=1 tonalness_valid=1 tonalness_proxy=3.061718 tonal_gate=pending_normal_only
2026-08-26T14:27:20.108+00:00	158.234	CAL  7/10 score=0.00000 nivo=-51.7 dBFS racun=716 ms
2026-08-26T14:27:20.237+00:00	158.359	FEATURE96 protocol=asd-research-v1.0.0 session=1 phase=CAL window=7 window_start_ms=147720 window_end_ms=157004 score=0 level_dbfs=-51.6569672 quality=OK tonalness_proxy=3.06171799 dims=96 fnv1a=53e39514 values=-10.0416021,-10.0416021,1.54260445,-10.0416021,-10.0416021,1.30828094,-10.0416021,1.65438843,-10.0416021,1.69093513,1.20982742,-10.0416021,1.30399227,1.82256889,1.72797108,-10.0416021,0.990708351,0.618219376,0.822902679,1.0477066,1.10154152,0.722411156,0.810975075,0.882317543,1.08921051,1.34609795,1.05370998,1.01423359,1.01726723,1.17619419,1.06129265,1.28233147,1.42621708,1.24908447,1.30142021,3.06171799,3.00795507,1.14744186,1.07657051,0.990188599,1.76656532,1.28086472,0.871054649,1.26955795,0.80759716,1.12001705,1.39089012,1.16052151,0.969171524,1.07850266,1.20059013,0.978286743,0.843379021,1.6187439,0.943001747,0.719890594,0.695954323,0.90677166,1.02449417,1.10229301,0.877545357,2.35361242,0.412306786,0.103033066,0.557380676,0.335783005,0.0779323578,-0.00291061401,0.421874046,0.325902939,0.505761147,-0.0299654007,0.905464172,0.24976635,0.0345230103,0.0575971603,0.226565361,0.402868271,0.463972092,0.698254585,0.332183838,0.397524834,0.290799141,0.262428284,0.762245178,0.542952538,0.756396294,0.989126205,0.861656189,0.505330086,0.302895546,0.179451942,0.278891563,0.596763611,0.348054886,0.642416
2026-08-26T14:27:20.244+00:00	158.375	FLAGS protocol=asd-quality-v1.6.0 mode=LEARNING state=NO_MACHINE waiting=0 learning=1 learned=0 anomaly=0 hold=0 fault=0 green=blink_5hz red=off guided25_available=1 workflow_pending=DEFAULT research_telemetry=1 profile_persistence_allowed=0 dropped=0
2026-08-26T14:27:20.369+00:00	158.500	SUBSEG96 protocol=asd-research-v1.0.0 session=1 phase=CAL window=7 group=1 segments=8 dims=96 fnv1a=023b61e6 values=-9.98116016,-9.98116016,1.34738636,-9.98116016,-9.98116016,1.18664265,-9.98116016,1.57479763,-9.98116016,1.60111046,0.660182953,-9.98116016,1.23377705,1.6873312,1.66496563,-9.98116016,1.17171478,0.592247009,0.590305328,1.01420116,1.30398655,0.854389191,0.842798233,1.08740139,1.09033871,1.47892475,1.14876842,1.10334682,1.04598236,0.869243622,0.944299698,1.1298666,1.28077126,1.33776951,1.29368305,3.12109518,3.03074455,0.875144005,0.622030258,0.729089737,1.17772579,1.11705494,0.821996689,1.23342133,0.744878769,1.07225418,1.31576157,1.15818214,0.950381279,1.16101456,1.36411285,0.989185333,0.971568108,1.72258091,1.04735279,0.795678139,0.760038376,0.994422913,1.14148903,1.1041441,0.912187576,2.41619158,0.339816093,0.11524868,0.556600571,0.280093193,0.124477386,0.0657491684,0.50214386,0.404135704,0.50254631,0.0367822647,0.926076889,0.278452873,0.0594329834,0.0806493759,0.347493172,0.455276489,0.536248207,0.74164772,0.439557076,0.435395241,0.313556671,0.347948074,0.825516701,0.625390053,0.827103615,1.07283878,0.919802666,0.538913727,0.342413902,0.255810738,0.295104027,0.713793755,0.392531395,0.664805412
2026-08-26T14:27:20.476+00:00	158.609	SUBSEG96 protocol=asd-research-v1.0.0 session=1 phase=CAL window=7 group=2 segments=8 dims=96 fnv1a=cf6ff18b values=-9.96938229,-9.96938229,1.25101566,-9.96938229,-9.96938229,1.10114479,-9.96938229,1.35531616,-9.96938229,1.31489563,1.00450516,-9.96938229,1.29157829,1.81278515,1.7195673,-9.96938229,0.975411415,0.651535034,0.767073631,0.929520607,1.06497288,0.691620827,0.760466576,0.932450294,1.04311371,1.11926556,0.931410789,1.04993343,0.994084358,0.998606682,0.77827549,1.10625553,1.54415321,1.29232883,1.3153944,3.14610672,3.14559269,1.05895042,0.795916557,0.600239754,1.02895927,1.04666901,0.979955673,1.42163467,0.817136765,1.1264534,1.4077034,1.15895557,0.880776405,0.959174156,1.20615292,1.0925684,0.89495182,1.61553288,1.03180027,0.827515602,0.801757812,0.917354584,1.05378437,1.20572281,0.906746864,2.41728973,0.500795364,0.25130558,0.586107254,0.539042473,0.117664337,0.084066391,0.462105751,0.397147179,0.645223618,0.0767269135,0.999456406,0.356639862,0.164000511,0.1316185,0.289216042,0.492288589,0.547223091,0.748452187,0.337418556,0.484766006,0.378860474,0.322947502,0.834404945,0.585702896,0.847259521,0.967759132,0.931923866,0.559679985,0.330576897,0.239646912,0.358930588,0.677497864,0.43193531,0.734566689
2026-08-26T14:27:20.580+00:00	158.703	SUBSEG96 protocol=asd-research-v1.0.0 session=1 phase=CAL window=7 group=3 segments=8 dims=96 fnv1a=94fc4b4d values=-9.9832201,-9.9832201,1.59580517,-9.9832201,-9.9832201,1.11722279,-9.9832201,1.08425522,-9.9832201,1.49564266,1.26386261,-9.9832201,1.19074917,1.74547005,1.69841957,-9.9832201,0.995257378,0.722187996,0.838033676,1.17190361,1.12559795,0.743219376,0.854429245,0.768320084,1.17648125,1.29946136,1.06631184,1.09130096,1.12388515,1.135993,0.921362877,1.18945312,1.14298725,1.1196413,1.01504517,3.13850021,3.08346033,0.967605591,0.673783302,0.792764664,1.08016586,1.19620037,0.782258034,1.24543953,0.823962212,1.10574341,1.45102406,1.32198334,1.04103947,1.17129993,1.1665163,1.04525661,0.796170235,1.7267065,0.864985466,0.836694717,0.764410973,0.940885544,0.970129013,1.10271645,1.00302029,2.39554548,0.489754677,0.142895699,0.681723595,0.332170486,0.122618675,0.0410432816,0.50328064,0.353904724,0.5936203,0.0378808975,0.966519356,0.267513275,0.0845632553,0.112104416,0.242253304,0.432638168,0.472272873,0.780126572,0.372323036,0.474801064,0.35057354,0.291948318,0.837934494,0.612506866,0.782190323,1.06903553,0.93657589,0.58378315,0.352125168,0.25754261,0.349905014,0.638507843,0.411725998,0.706834793
2026-08-26T14:27:20.684+00:00	158.812	SUBSEG96 protocol=asd-research-v1.0.0 session=1 phase=CAL window=7 group=4 segments=7 dims=96 fnv1a=ccfeec12 values=-10.0011511,-10.0011511,1.64332104,-10.0011511,-10.0011511,1.40666103,-10.0011511,1.82685661,-10.0011511,1.71223164,1.2434206,-10.0011511,1.34392548,1.76437092,1.50759411,-10.0011511,0.634197235,0.421872139,0.88347435,1.12988758,1.12582493,0.70074749,0.716251373,0.75043869,1.2099762,1.54040718,0.981040955,0.918979645,0.758173943,0.97756958,0.993891716,1.17774963,1.23444462,1.14919376,1.14073849,3.10526133,3.04385471,1.11630917,0.798999786,0.494344711,1.00971031,1.26070976,0.847410202,1.31268311,0.902349472,1.20758915,1.65782452,1.26982975,1.12521553,1.06229687,1.0772686,0.992731094,0.901451111,1.59698391,1.00280762,0.72630024,0.735919952,0.995197296,1.10139751,1.17685509,0.948090553,2.41806173,0.517730713,0.0569829941,0.634410858,0.338703156,0.156783104,-0.018450737,0.467041016,0.418843269,0.572181702,-0.045290947,0.947777748,0.303512573,0.0794210434,0.145065308,0.176100731,0.449215889,0.50190258,0.781860352,0.390192986,0.380310059,0.345202446,0.297531128,0.75773716,0.626757622,0.831043243,1.0689373,0.877315521,0.548926353,0.383637428,0.204238892,0.336802483,0.578748703,0.402787209,0.714487076
2026-08-26T14:27:20.791+00:00	158.922	SUBSEG96 protocol=asd-research-v1.0.0 session=1 phase=CAL window=7 group=5 segments=7 dims=96 fnv1a=c23c06cc values=-10.1491041,-10.1491041,1.74078465,-10.1491041,-10.1491041,1.56065845,-10.1491041,1.94318438,-10.1491041,2.00152636,1.48777008,-10.1491041,1.46915627,2.04153872,1.95035172,-10.1491041,1.08055019,0.714282036,0.997242928,1.06734467,0.964672089,0.716885567,0.923663139,0.891072273,1.03735161,1.31117153,1.16669178,0.997447014,1.13246727,1.51704597,1.3787775,1.58316517,1.68814945,1.36543179,1.55683994,2.91502666,2.84175825,1.4548502,1.53683281,1.43464756,2.32464933,1.56962585,0.972985268,1.23713493,0.848696709,1.18105316,1.16085339,0.984696388,0.941904068,1.10964203,1.23602676,0.888772964,0.763383865,1.53547001,0.875470161,0.500370026,0.529362679,0.808989525,0.967131615,1.04406738,0.729567528,2.24710274,0.323946953,0.0484924316,0.442804337,0.269857407,-0.00369167328,-0.0702152252,0.294203758,0.174339294,0.313416481,-0.144376755,0.810815811,0.166193008,-0.0997743607,-0.0563211441,0.179761887,0.309874535,0.385564804,0.560407639,0.241167068,0.32791996,0.190280914,0.175355911,0.673678398,0.380349159,0.614208221,0.884091377,0.763723373,0.42037487,0.233524323,0.059129715,0.177920341,0.483681679,0.224049568,0.512951851
2026-08-26T14:27:25.215+00:00	163.343	FLAGS protocol=asd-quality-v1.6.0 mode=LEARNING state=NO_MACHINE waiting=0 learning=1 learned=0 anomaly=0 hold=0 fault=0 green=blink_5hz red=off guided25_available=1 workflow_pending=DEFAULT research_telemetry=1 profile_persistence_allowed=0 dropped=0
2026-08-26T14:27:30.078+00:00	168.203	QUALITY protocol=asd-quality-v1.6.0 phase=CAL index=8 total=10 result=OK metrics_valid=1 samples=159744 expected=159744 rms_dbfs=-51.659 dc=-0.487 peak=378 clipped=0 zeros=703 stuck=415 dropped_delta=0 feature_valid=1 tonalness_valid=1 tonalness_proxy=3.098632 tonal_gate=pending_normal_only
2026-08-26T14:27:30.079+00:00	168.203	CAL  8/10 score=0.00000 nivo=-51.7 dBFS racun=716 ms
2026-08-26T14:27:30.212+00:00	168.343	FEATURE96 protocol=asd-research-v1.0.0 session=1 phase=CAL window=8 window_start_ms=157695 window_end_ms=166978 score=0 level_dbfs=-51.6585007 quality=OK tonalness_proxy=3.09863186 dims=96 fnv1a=8b7711d3 values=-10.0236778,-10.0236778,1.29654026,-10.0236778,-10.0236778,1.0424881,-10.0236778,1.40372276,-10.0236778,1.43952942,0.904445648,-10.0236778,1.16405201,1.71179485,1.64584732,-10.0236778,0.916692734,0.656122208,0.970728874,1.16324997,1.05864811,0.790906906,0.928767204,1.02547169,1.28053665,1.55313206,1.05933762,0.827600479,1.02427101,1.06604385,1.54523754,1.60136986,1.43415737,1.29423714,1.2606411,3.09863186,3.0013485,1.09645939,1.21709156,0.869449615,1.29188728,1.32849884,0.945768356,1.2179718,0.850820541,0.994867325,1.35701084,1.1084795,0.829981804,1.05314541,1.24142456,0.990885735,0.805461884,1.61369801,0.943749428,0.75104332,0.721530914,0.913142204,1.06920528,1.14980984,0.871827126,2.38104105,0.401435852,0.141402245,0.550635338,0.402688026,0.0945119858,0.0492544174,0.407464981,0.380624771,0.52957058,-0.0165977478,0.929459572,0.23388195,0.0217142105,0.0697431564,0.201122284,0.42963028,0.533281326,0.68526268,0.386898041,0.397364616,0.312824249,0.31332016,0.805772781,0.529144287,0.760089874,1.03824234,0.87505722,0.530786514,0.336357117,0.192975044,0.265515327,0.649774551,0.369613647,0.600737572
2026-08-26T14:27:30.318+00:00	168.437	SUBSEG96 protocol=asd-research-v1.0.0 session=1 phase=CAL window=8 group=1 segments=8 dims=96 fnv1a=4cdc04bf values=-9.99256611,-9.99256611,1.40421581,-9.99256611,-9.99256611,1.15455246,-9.99256611,1.38793087,-9.99256611,1.4167223,0.743638039,-9.99256611,1.11060238,1.37852097,1.20878029,-9.99256611,0.795959473,0.721324921,0.58298111,0.578761101,0.981596947,0.964019775,1.09658241,1.2110405,1.31360722,1.80411053,1.19228268,0.736685753,0.734465599,0.81346035,1.01164055,1.36394501,1.47526741,1.15052414,1.2889061,3.13361025,3.02372122,1.23559952,1.60734272,1.02489758,1.28520012,1.24495506,0.834867477,1.3030405,0.770726204,0.96261692,1.39918709,1.10125351,0.932938576,1.13357258,1.29013252,1.05694866,0.840882301,1.59819126,0.983048439,0.797124863,0.739704132,0.961016655,1.02665997,1.1032877,0.872849464,2.42226076,0.460548401,0.199669838,0.537162781,0.386722565,0.094704628,0.0819702148,0.439531326,0.348554611,0.550880432,0.0411100388,1.00955677,0.296317101,0.0994558334,0.0663814545,0.259707451,0.497859955,0.580590248,0.633337975,0.419074059,0.430932999,0.319900513,0.399086952,0.853309631,0.534116745,0.805978775,1.10528183,0.922338486,0.567271233,0.365390778,0.243814468,0.343615532,0.68317318,0.415599823,0.63986969
2026-08-26T14:27:30.324+00:00	168.453	FLAGS protocol=asd-quality-v1.6.0 mode=LEARNING state=NO_MACHINE waiting=0 learning=1 learned=0 anomaly=0 hold=0 fault=0 green=blink_5hz red=off guided25_available=1 workflow_pending=DEFAULT research_telemetry=1 profile_persistence_allowed=0 dropped=0
2026-08-26T14:27:30.444+00:00	168.578	SUBSEG96 protocol=asd-research-v1.0.0 session=1 phase=CAL window=8 group=2 segments=8 dims=96 fnv1a=fdcf491c values=-9.9860363,-9.9860363,1.21771431,-9.9860363,-9.9860363,1.06353283,-9.9860363,1.52173138,-9.9860363,1.57933712,1.07780266,-9.9860363,1.22986603,1.72600842,1.65288258,-9.9860363,0.796740532,0.327388763,1.06509972,1.29023552,1.16706753,0.848874092,0.925191879,0.932226181,1.14064026,1.16593266,1.06978321,0.784708977,0.571971893,0.964437485,0.952731133,1.20765305,1.44811916,1.08128643,1.14703465,3.16665459,2.99777126,1.20455551,1.29803944,0.912647247,1.33283424,1.39724636,1.02331161,1.18779373,0.938101768,1.11857796,1.37616348,1.02168083,0.841207504,1.02379417,1.25054455,1.09593678,0.718575478,1.69806957,1.03652,0.824238777,0.77327919,0.906740189,1.06486702,1.21976852,0.89954567,2.44729662,0.353219986,0.205564499,0.59877491,0.475275993,0.0422124863,0.0242071152,0.44437027,0.396644592,0.572691917,-0.00776386261,0.919545174,0.300517082,0.0312433243,0.0134115219,0.208031654,0.439577103,0.581281662,0.669260979,0.43223381,0.408290863,0.361927032,0.379430771,0.88074398,0.558869362,0.783698082,1.12496281,0.935515404,0.53953743,0.393230438,0.185426712,0.247433662,0.723513603,0.369508743,0.564139366
2026-08-26T14:27:30.554+00:00	168.687	SUBSEG96 protocol=asd-research-v1.0.0 session=1 phase=CAL window=8 group=3 segments=8 dims=96 fnv1a=7179d36d values=-10.0124521,-10.0124521,1.20366478,-10.0124521,-10.0124521,1.05632687,-10.0124521,1.33689594,-10.0124521,1.42270756,1.05907249,-10.0124521,1.13545418,1.76076889,1.68335247,-10.0124521,0.837350845,0.804512024,1.17873287,1.0459137,1.04463959,0.666155815,0.801301956,1.02592468,1.51807594,1.83793354,1.05975437,0.830760002,0.75275135,1.17864227,1.11811161,1.08162689,1.37362671,1.20660114,1.30843067,3.0930953,3.00508595,0.938674927,1.06280804,0.828166008,1.27472973,1.487813,1.04533577,1.22040272,0.871836662,0.922444344,1.50290585,1.15178108,0.848199844,1.03300476,1.31981277,1.06757832,0.868471146,1.56760311,0.953039169,0.785777092,0.710326195,0.88895607,1.10408974,1.24923706,0.961338997,2.38175249,0.357491493,0.153764725,0.598327637,0.376612663,0.0925760269,0.118556023,0.40349865,0.408092499,0.602063179,-0.0333166122,0.908258438,0.20705986,0.0303611755,0.0674638748,0.2549963,0.438943863,0.518677711,0.745494843,0.358673096,0.444329262,0.315991402,0.282099724,0.784538269,0.605257034,0.714957237,1.00484657,0.871114731,0.526112556,0.328080177,0.235549927,0.281689644,0.666038513,0.357118607,0.600930214
2026-08-26T14:27:30.663+00:00	168.797	SUBSEG96 protocol=asd-research-v1.0.0 session=1 phase=CAL window=8 group=4 segments=7 dims=96 fnv1a=0c9d9e50 values=-9.96793747,-9.96793747,1.00146389,-9.96793747,-9.96793747,0.737049103,-9.96793747,1.25091839,-9.96793747,1.37613678,0.718755722,-9.96793747,0.947687149,1.8179369,1.76246262,-9.96793747,0.863758087,0.6866045,1.17082214,1.46671963,1.2209692,0.924858093,0.818519592,0.807932854,1.11798763,1.21008873,0.888839722,0.87641716,0.856603622,0.954648972,0.874135971,1.24135494,1.31108475,1.08614349,1.06530952,3.15867758,3.08675194,0.971375465,0.810162544,0.854442596,1.53347397,1.19075871,1.09015465,1.26680756,0.927527428,1.10504532,1.21768856,1.24174786,0.856739998,1.22632504,1.24416828,0.916135788,0.788399696,1.72909641,1.01326275,0.725611687,0.778546333,0.931430817,1.13724518,1.17189598,0.901409149,2.41637325,0.515497208,0.162665367,0.571417809,0.522948265,0.103448868,0.122929573,0.493237495,0.437148094,0.560377121,0.0279884338,0.99341011,0.219304085,0.0151472092,0.266782761,0.228804588,0.475212097,0.563703537,0.789386749,0.46886158,0.435182571,0.397576332,0.370491028,0.850691795,0.569880486,0.862386703,1.07528973,0.905012131,0.638508797,0.407699585,0.237611771,0.282572746,0.704189301,0.415066719,0.706464767
2026-08-26T14:27:30.770+00:00	168.890	SUBSEG96 protocol=asd-research-v1.0.0 session=1 phase=CAL window=8 group=5 segments=7 dims=96 fnv1a=119cb9da values=-10.0606098,-10.0606098,1.52589607,-10.0606098,-10.0606098,1.14114761,-10.0606098,1.52935982,-10.0606098,1.46015167,0.853526115,-10.0606098,1.35534286,1.84576416,1.81573868,-10.0606098,1.20640469,0.694725037,0.631361961,1.1788969,0.943937302,0.541527748,1.00935555,1.10390282,1.24002647,1.26273918,1.10212708,0.96971035,1.50834656,1.30341339,2.13621235,2.12898684,1.58631516,1.66685581,1.4495945,3.03495359,2.99586535,1.13322449,0.811211586,0.780404091,1.05067444,1.32315445,0.768897057,1.2033596,0.832702637,0.945301056,1.30437565,1.11224937,0.751063347,0.916613579,1.18181705,0.849327087,0.876795769,1.5682373,0.807965279,0.700586319,0.705952644,0.968705177,1.10813808,1.07477093,0.805717468,2.33020782,0.414304733,0.0718383789,0.539326668,0.346001625,0.212488174,-0.0128393173,0.35600853,0.409976959,0.443799973,-0.0130271912,0.911733627,0.230763435,0.0192165375,0.0151033401,0.141034126,0.391292572,0.518198967,0.680673599,0.355904579,0.362212181,0.268397331,0.217112541,0.75124073,0.464039803,0.732912064,0.964353561,0.834580421,0.482084274,0.284994125,0.155838966,0.261665344,0.559605598,0.389385223,0.59113884
2026-08-26T14:27:35.238+00:00	173.359	FLAGS protocol=asd-quality-v1.6.0 mode=LEARNING state=NO_MACHINE waiting=0 learning=1 learned=0 anomaly=0 hold=0 fault=0 green=blink_5hz red=off guided25_available=1 workflow_pending=DEFAULT research_telemetry=1 profile_persistence_allowed=0 dropped=0
2026-08-26T14:27:40.054+00:00	178.187	QUALITY protocol=asd-quality-v1.6.0 phase=CAL index=9 total=10 result=OK metrics_valid=1 samples=159744 expected=159744 rms_dbfs=-51.196 dc=-0.423 peak=355 clipped=0 zeros=647 stuck=379 dropped_delta=0 feature_valid=1 tonalness_valid=1 tonalness_proxy=3.121323 tonal_gate=pending_normal_only
2026-08-26T14:27:40.059+00:00	178.187	CAL  9/10 score=0.00000 nivo=-51.2 dBFS racun=716 ms
2026-08-26T14:27:40.191+00:00	178.312	FEATURE96 protocol=asd-research-v1.0.0 session=1 phase=CAL window=9 window_start_ms=167669 window_end_ms=176953 score=0 level_dbfs=-51.196476 quality=OK tonalness_proxy=3.12132311 dims=96 fnv1a=55b39205 values=-9.99155331,-9.99155331,2.16192865,-9.99155331,-9.99155331,1.87055683,-9.99155331,1.73804569,-9.99155331,1.72522926,1.19372463,-9.99155331,1.20727634,1.65224457,1.48773289,-9.99155331,0.848526955,0.744571686,0.802841187,0.980776787,0.902150154,0.696149826,0.867518425,0.813472748,1.15867996,1.38032532,1.08171368,0.982697487,0.854587555,0.859597206,0.919218063,1.24116611,1.34681988,1.10851288,1.17024422,3.12132311,2.99232721,0.916646957,0.693127632,0.730697632,1.12077522,1.22164059,0.848514557,1.16464138,0.76125145,1.03815556,1.26955414,1.09680748,0.868208885,1.00847435,1.13297749,1.05221558,0.910547256,1.65080929,0.942875862,0.718503952,0.735367775,1.00005913,1.07716656,1.16512012,0.848254204,2.42697144,0.493082047,0.185970306,0.611881256,0.47205162,0.160749435,0.00143718719,0.414772034,0.40952301,0.523796082,0.0710096359,0.914638519,0.280763626,0.0549507141,0.0954351425,0.233466148,0.429559708,0.502622604,0.735445976,0.411326408,0.434533119,0.355154991,0.358588219,0.835769653,0.615929604,0.810391426,1.08407402,0.903404236,0.563706398,0.371427536,0.24917984,0.293802261,0.773744583,0.383158684,0.58778286
2026-08-26T14:27:40.293+00:00	178.422	SUBSEG96 protocol=asd-research-v1.0.0 session=1 phase=CAL window=9 group=1 segments=8 dims=96 fnv1a=81c3a8b1 values=-10.0194921,-10.0194921,2.58235264,-10.0194921,-10.0194921,2.37433147,-10.0194921,2.01680517,-10.0194921,2.00265121,1.43912792,-10.0194921,1.2155962,1.57256222,1.4308157,-10.0194921,0.981467247,0.929321289,1.14183998,1.28332901,1.02551079,0.662086487,0.805569649,1.04145241,1.27878952,1.25392056,1.0385561,0.852952003,0.948620796,0.883453369,0.80887413,1.14982891,1.440835,0.985572815,1.22193623,3.09167957,2.92768621,0.912071228,0.613451004,0.621581078,1.07388973,1.18450737,0.984019279,0.919049263,0.702692032,0.90370369,1.18324471,1.13892651,0.796421051,0.879458427,1.12250042,1.14018345,0.753149986,1.57500362,0.885343552,0.718671799,0.675577164,0.890733719,1.07037163,1.19655514,0.789831161,2.4076333,0.462710381,0.191775322,0.587637901,0.417572975,0.233873367,0.0127096176,0.270554543,0.342181206,0.47743988,0.0365848541,0.927075386,0.217900276,0.047498703,0.0872459412,0.213136673,0.388676643,0.469820023,0.66292572,0.417085648,0.343027115,0.343704224,0.317890167,0.806052208,0.588083267,0.769100189,1.06251526,0.923801422,0.532084465,0.325302124,0.237856865,0.250086784,0.799190521,0.321225166,0.545490265
2026-08-26T14:27:40.300+00:00	178.422	FLAGS protocol=asd-quality-v1.6.0 mode=LEARNING state=NO_MACHINE waiting=0 learning=1 learned=0 anomaly=0 hold=0 fault=0 green=blink_5hz red=off guided25_available=1 workflow_pending=DEFAULT research_telemetry=1 profile_persistence_allowed=0 dropped=0
2026-08-26T14:27:40.422+00:00	178.547	SUBSEG96 protocol=asd-research-v1.0.0 session=1 phase=CAL window=9 group=2 segments=8 dims=96 fnv1a=39446639 values=-9.98721981,-9.98721981,2.23316574,-9.98721981,-9.98721981,1.44536018,-9.98721981,1.73486233,-9.98721981,1.60939217,1.06430721,-9.98721981,1.06983757,1.59558582,1.45033646,-9.98721981,0.648552895,0.694519997,0.623630524,1.00006866,1.07910252,0.724615097,0.985655785,0.806984901,1.23912716,1.56398392,1.23782635,1.17503166,0.737944603,0.813877106,0.943961143,1.29799747,1.46851158,1.28619099,1.17074203,3.12407398,2.97747374,0.937674522,0.55245018,0.790385246,1.1659193,1.22687626,0.998618126,1.23792362,0.774348259,1.18229389,1.19609451,1.0593195,1.02257824,0.99177742,1.07700825,0.850783348,0.936049461,1.61035442,0.925823212,0.664973259,0.713636398,1.02089405,1.02322865,1.07250309,0.848502159,2.45687723,0.443042755,0.190858841,0.654112816,0.498932838,0.176682472,0.00773239136,0.499918938,0.39434433,0.490643501,0.0841283798,0.905179977,0.324088097,0.0260229111,0.083530426,0.164604187,0.361922264,0.495028496,0.740007401,0.425852776,0.45882988,0.355999947,0.357384682,0.84902668,0.635619164,0.802808762,1.08625984,0.916126251,0.568332672,0.39547348,0.266133308,0.282481194,0.820743561,0.3941679,0.602212906
2026-08-26T14:27:40.527+00:00	178.656	SUBSEG96 protocol=asd-research-v1.0.0 session=1 phase=CAL window=9 group=3 segments=8 dims=96 fnv1a=1b40f47f values=-9.93904209,-9.93904209,1.60356331,-9.93904209,-9.93904209,1.16734791,-9.93904209,1.33810711,-9.93904209,1.43085003,1.09058857,-9.93904209,1.2112608,1.5459547,1.4514389,-9.93904209,0.994916916,0.836319923,0.689944267,0.78852272,0.816530228,0.648509026,1.06880569,0.875092506,0.858155251,0.90723896,0.916340828,1.11666203,0.83533287,0.849871635,0.9304142,1.35818386,1.10871315,1.22859955,1.22408962,3.16196918,3.0848341,0.88564682,0.734949112,0.681569099,1.22419453,1.23637962,0.781007767,1.38075638,0.668625832,1.08434582,1.4142437,1.0946703,0.811155319,1.04748058,1.15188694,1.09346581,0.896948814,1.68271637,1.00892544,0.741453171,0.798253059,1.09116936,1.16460419,1.15096664,0.838010788,2.48149061,0.457568169,0.232067108,0.658470154,0.532068253,0.096203804,0.0361223221,0.4829216,0.54603672,0.613609314,0.157850266,0.92179966,0.26488781,0.103043556,0.167394638,0.320601463,0.577620506,0.575658798,0.783041,0.436532974,0.460362434,0.393948555,0.366918564,0.867281914,0.689990997,0.859563828,1.11365795,0.956828117,0.57640934,0.452307701,0.303985596,0.379611015,0.739020348,0.451604843,0.654281616
2026-08-26T14:27:40.632+00:00	178.765	SUBSEG96 protocol=asd-research-v1.0.0 session=1 phase=CAL window=9 group=4 segments=7 dims=96 fnv1a=64ca1449 values=-9.96006107,-9.96006107,1.68813992,-9.96006107,-9.96006107,1.6489439,-9.96006107,1.61686516,-9.96006107,1.49054337,1.16185856,-9.96006107,1.46704483,2.06873703,1.82735538,-9.96006107,0.59726429,0.438002586,0.519236565,0.75113678,0.65000248,0.807814598,0.698550224,0.626726151,1.15970516,1.54508495,1.1400528,0.926036835,0.971312523,0.958798409,0.956438065,1.10761642,1.10648727,0.999055862,1.09080029,3.17247343,3.02282238,0.777770996,0.710045815,0.715332031,1.00576115,1.30651951,0.62545681,1.14415741,0.938854218,1.03158474,1.27136326,1.12077999,0.884973526,1.02280903,1.29713535,1.10236549,0.934672356,1.8345499,1.02273655,0.867670059,0.725595474,0.965322495,1.08949566,1.19815445,0.911108017,2.43830967,0.558692932,0.201581955,0.613825798,0.501114845,0.139637947,0.0593471527,0.387348175,0.350960732,0.611863136,0.12689209,0.980679512,0.327842712,0.0569267273,0.107619286,0.276344299,0.462623596,0.511263847,0.816145897,0.431810379,0.493242264,0.333300591,0.448662758,0.869454384,0.607375145,0.841846466,1.09836197,0.860622406,0.613207817,0.427835464,0.251980782,0.318250656,0.836526871,0.375566483,0.624459267
2026-08-26T14:27:40.743+00:00	178.875	SUBSEG96 protocol=asd-research-v1.0.0 session=1 phase=CAL window=9 group=5 segments=7 dims=96 fnv1a=0bfba41e values=-9.96299362,-9.96299362,1.65898609,-9.96299362,-9.96299362,1.45150661,-9.96299362,1.71244717,-9.96299362,1.83202744,1.11506367,-9.96299362,1.04747295,0.985091209,1.06878757,-9.96299362,0.925989151,0.700078964,0.709000587,0.788165092,0.809714317,0.71740818,0.706633568,0.524671555,1.19606209,1.44654751,1.08723831,0.76535511,0.81992054,0.872014999,1.03873062,1.32721519,1.48854637,1.01135349,1.19965553,3.14688969,3.03542852,1.09641171,0.901688576,0.899213791,1.18291759,1.24405956,0.747133255,1.11944675,0.780694008,1.02812767,1.35003376,1.14950275,0.863530159,1.17218494,1.08014393,1.10895634,1.09007835,1.61605835,0.960972786,0.666215897,0.846857071,1.10279655,1.12022209,1.2801466,0.943901062,2.43228149,0.625041008,0.196286201,0.625993729,0.497341156,0.212035179,-0.0304403305,0.492423058,0.476593018,0.506755829,0.0247840881,0.923158646,0.355005264,0.127394676,0.115182877,0.277239799,0.423425674,0.548063278,0.765647888,0.42903614,0.506566048,0.431396484,0.393054962,0.877094269,0.639494896,0.870105743,1.14859676,0.931075096,0.620283127,0.333276749,0.268789291,0.325070381,0.739727974,0.457702637,0.598999977
2026-08-26T14:27:45.253+00:00	183.375	FLAGS protocol=asd-quality-v1.6.0 mode=LEARNING state=NO_MACHINE waiting=0 learning=1 learned=0 anomaly=0 hold=0 fault=0 green=blink_5hz red=off guided25_available=1 workflow_pending=DEFAULT research_telemetry=1 profile_persistence_allowed=0 dropped=0
2026-08-26T14:27:50.026+00:00	188.156	QUALITY protocol=asd-quality-v1.6.0 phase=CAL index=10 total=10 result=OK metrics_valid=1 samples=159744 expected=159744 rms_dbfs=-50.669 dc=-0.455 peak=374 clipped=0 zeros=624 stuck=336 dropped_delta=0 feature_valid=1 tonalness_valid=1 tonalness_proxy=3.140812 tonal_gate=pending_normal_only
2026-08-26T14:27:50.029+00:00	188.156	CAL 10/10 score=0.00000 nivo=-50.7 dBFS racun=716 ms
2026-08-26T14:27:50.167+00:00	188.297	FEATURE96 protocol=asd-research-v1.0.0 session=1 phase=CAL window=10 window_start_ms=177644 window_end_ms=186927 score=0 level_dbfs=-50.6689453 quality=OK tonalness_proxy=3.1408124 dims=96 fnv1a=710a08ec values=-9.94543934,-9.94543934,1.51451015,-9.94543934,-9.94543934,1.3884573,-9.94543934,1.66703606,-9.94543934,1.52731037,0.931897163,-9.94543934,1.17076492,1.49973583,1.19337177,-9.94543934,0.79613781,0.696134567,0.741663933,0.73927021,0.651935577,0.667328835,0.853910446,1.0389328,1.29764557,1.48974991,0.966374397,0.85184288,0.750492096,0.743106842,0.886728287,1.29401875,1.33302212,1.1636076,1.01404572,3.1408124,3.11908579,1.06084824,0.869858742,0.657958031,1.15716171,1.29728603,0.82484436,1.17281723,0.766978264,0.968385696,1.29897976,1.18631458,0.956165314,1.09927273,1.17994976,1.07279778,0.942250252,1.64210987,1.00029182,0.811658859,0.821799278,0.939232826,1.14368534,1.19615459,0.957483292,2.4404192,0.49065876,0.182374001,0.647529602,0.438269615,0.134953499,0.0845165253,0.527693748,0.46429348,0.632111549,0.0976734161,0.997779846,0.30037117,0.115341187,0.167906761,0.309794426,0.479393959,0.559750557,0.748361588,0.449636459,0.490961075,0.396409988,0.33810997,0.865937233,0.634349823,0.86263752,1.04243946,0.946510315,0.621863365,0.416031837,0.295957565,0.348088264,0.763150215,0.476804733,0.6422472
2026-08-26T14:27:50.267+00:00	188.390	SUBSEG96 protocol=asd-research-v1.0.0 session=1 phase=CAL window=10 group=1 segments=8 dims=96 fnv1a=1949b1fe values=-9.94534969,-9.94534969,1.55628109,-9.94534969,-9.94534969,1.62276649,-9.94534969,1.86640358,-9.94534969,1.6085844,1.01604557,-9.94534969,1.05649281,1.30076504,1.18779564,-9.94534969,0.711877823,0.867500305,0.805372238,0.581553459,0.585329056,0.598510742,0.942092896,1.25146103,1.38933086,1.50203991,0.892189026,0.772990227,0.686441422,0.571228981,0.622854233,1.2412672,1.16648865,1.2929697,1.24073029,3.1719265,3.04061747,1.20016479,1.19162178,0.692331314,1.16377354,1.19622898,0.85455513,1.22064877,0.731977463,0.895207405,1.33950996,1.09970188,0.850798607,1.10513115,1.20489216,1.11215878,0.883077621,1.75507259,1.02626991,0.869054794,0.867310524,0.946858406,1.0661974,1.12499046,0.951958656,2.41068459,0.560545921,0.147479057,0.651762962,0.420207024,0.179264069,0.058257103,0.557619095,0.326196671,0.620274544,0.0529184341,0.991359711,0.257358551,0.0783071518,0.191659927,0.303050041,0.458087921,0.470143318,0.76250267,0.448061943,0.478286743,0.344814301,0.424459457,0.838709831,0.633116722,0.821166992,1.11742878,0.929719925,0.610084534,0.42949295,0.319421768,0.300595284,0.819439888,0.431200981,0.619683266
2026-08-26T14:27:50.273+00:00	188.406	FLAGS protocol=asd-quality-v1.6.0 mode=LEARNING state=NO_MACHINE waiting=0 learning=1 learned=0 anomaly=0 hold=0 fault=0 green=blink_5hz red=off guided25_available=1 workflow_pending=DEFAULT research_telemetry=1 profile_persistence_allowed=0 dropped=0
2026-08-26T14:27:50.399+00:00	188.531	SUBSEG96 protocol=asd-research-v1.0.0 session=1 phase=CAL window=10 group=2 segments=8 dims=96 fnv1a=4a268beb values=-9.93065166,-9.93065166,1.59525776,-9.93065166,-9.93065166,1.40199566,-9.93065166,1.7288084,-9.93065166,1.62606907,1.06164169,-9.93065166,1.20577526,1.59249306,1.24529743,-9.93065166,0.837635994,0.686999321,0.577990532,0.446201324,0.613789558,0.541870117,0.90769577,0.916228294,1.393466,1.53084278,0.960615158,0.910543442,0.538539886,0.565260887,0.858745575,1.32896519,1.31294918,0.966641426,0.813160896,3.13752079,3.16067553,0.984244347,0.732169151,0.586893082,1.19019604,1.51946735,0.864519119,1.20816708,0.801886559,0.954343796,1.30947399,1.15720177,0.962567329,1.13624191,1.14097691,1.07956886,1.05955219,1.55613232,0.996505737,0.748093605,0.775452614,0.977975845,1.14807129,1.29774094,0.95989418,2.44886303,0.577949524,0.152791023,0.682308197,0.438851357,0.0984716415,0.109289169,0.581542015,0.513682365,0.671284676,0.0932626724,1.02130127,0.343894958,0.0601625443,0.115998268,0.351834297,0.514240265,0.597303391,0.677426338,0.459209442,0.53503418,0.406689644,0.300774574,0.857048988,0.620615959,0.914949417,1.03082752,0.978473663,0.650828362,0.443322182,0.302841187,0.368908882,0.77750206,0.487174988,0.649551392
2026-08-26T14:27:50.504+00:00	188.625	SUBSEG96 protocol=asd-research-v1.0.0 session=1 phase=CAL window=10 group=3 segments=8 dims=96 fnv1a=70d6fce8 values=-9.93087292,-9.93087292,1.34138298,-9.93087292,-9.93087292,1.04812622,-9.93087292,1.61194992,-9.93087292,1.67208481,0.946059227,-9.93087292,1.23521137,1.44099617,0.996328354,-9.93087292,0.763179779,0.410954475,0.808065414,0.960466385,0.578264236,0.755963326,0.792009354,0.883295059,1.27872562,1.44018841,0.853760719,0.946076393,0.900109291,0.630009651,0.822397232,1.19113731,1.58659744,0.943674088,0.992224693,3.11684799,3.20433426,0.940211296,0.807674408,0.607107162,1.2086935,1.22242355,0.813127518,1.06798172,0.77426815,1.11402798,1.51241016,1.30128956,1.01341248,1.16402531,1.18375683,1.10020638,0.992769241,1.58706093,0.99980545,0.81351757,0.800656319,0.958109856,1.17035484,1.24693298,0.97860527,2.48138905,0.416069984,0.279399872,0.61788559,0.444983482,0.108383179,0.130545616,0.515371323,0.537938118,0.65450573,0.16622448,0.96425724,0.326108932,0.200979233,0.267544746,0.282610893,0.495171547,0.593664169,0.740457535,0.428195953,0.484017372,0.415266037,0.291419029,0.888607025,0.644360542,0.926836967,0.965274811,0.919305801,0.598252296,0.435135841,0.315152168,0.392348289,0.83849144,0.507602692,0.644536972
2026-08-26T14:27:50.617+00:00	188.750	SUBSEG96 protocol=asd-research-v1.0.0 session=1 phase=CAL window=10 group=4 segments=7 dims=96 fnv1a=2c4308c2 values=-9.95774555,-9.95774555,1.60206985,-9.95774555,-9.95774555,1.44288921,-9.95774555,1.60438251,-9.95774555,1.41230965,0.650092125,-9.95774555,1.07675743,1.6177063,1.40626526,-9.95774555,0.915161133,0.764751434,0.763640404,0.627587318,0.779248238,0.841900826,1.03519344,1.17056847,1.32033539,1.49312401,1.10984135,0.747356415,0.753874779,0.651218414,0.990015984,1.32506847,1.28444576,1.37045383,0.845046997,3.14535809,3.08236027,1.0371666,0.656309128,0.656572342,1.24227524,1.20596409,0.931518555,1.36526775,0.932204247,0.863923073,1.03062057,1.1594038,0.973800659,1.06856632,1.24501991,1.01952267,0.904946327,1.62320518,0.952468872,0.844283104,0.874649048,0.862156868,1.20060253,1.15324688,1.02513218,2.42966652,0.369081497,0.13597393,0.643070221,0.478626251,0.207336426,0.0528507233,0.42364502,0.440883636,0.542720795,0.138435364,1.0349741,0.273931503,0.147145271,0.139769554,0.320113182,0.440963745,0.601454735,0.776312828,0.408669472,0.461475372,0.423280716,0.349497795,0.87260437,0.611183167,0.824497223,1.0558691,0.955332756,0.624537468,0.376125336,0.277134895,0.347447395,0.698383331,0.501311302,0.619996071
2026-08-26T14:27:50.718+00:00	188.843	SUBSEG96 protocol=asd-research-v1.0.0 session=1 phase=CAL window=10 group=5 segments=7 dims=96 fnv1a=ee72adbf values=-9.9119215,-9.9119215,1.47227383,-9.9119215,-9.9119215,1.2404089,-9.9119215,1.38431644,-9.9119215,1.08240604,0.906440735,-9.9119215,1.29857922,1.54318714,1.05554581,-9.9119215,0.781291008,0.670986176,0.765423775,0.930168152,0.736526489,0.565849304,0.299825668,0.825755119,1.0284996,1.53024578,1.03777599,0.897981644,0.851493835,1.12718582,1.09997272,1.42181301,1.20775223,1.13427448,1.07254791,3.18268776,3.13894415,1.14224339,0.709715843,0.786808014,0.954605103,1.29314327,0.639313698,0.891325951,0.539686203,1.01868057,1.16592121,1.24205494,1.02264309,1.04993916,1.16707993,1.09239769,0.878211975,1.70977116,1.07326412,0.82354641,0.834139824,0.990758896,1.1810503,1.17845058,0.908644676,2.48134375,0.536020279,0.231245041,0.692869186,0.460847855,0.119187355,0.117349625,0.590680122,0.529380798,0.709699631,0.0758199692,1.02817917,0.347584724,0.128219604,0.149446487,0.341180801,0.536619186,0.578812599,0.834047318,0.552379608,0.544588089,0.444566727,0.359483719,0.926449776,0.714259148,0.860201836,1.07977772,1.00221157,0.678207397,0.440979958,0.311771393,0.379220963,0.691749573,0.507583618,0.729650497
2026-08-26T14:27:50.721+00:00	188.843	QUALITY protocol=asd-quality-v1.6.0 phase=CAL_SUMMARY result=OBSERVED loo_mean=677.705566 loo_sd=341.480652 loo_cv=0.503878 loo_range=950.485474 loo_gate=pending_normal_only
2026-08-26T14:27:50.723+00:00	188.843	I (188834) psdlive: --- kalibracija gotova (centar zamrznut) ---
2026-08-26T14:27:50.731+00:00	188.859	I (188844) psdlive: LOO score: mean=677.71 sd=341.48 min=213.50 max=1163.99
2026-08-26T14:27:50.737+00:00	188.859	I (188844) psdlive: referentni nivo masine: -51.33 dBFS (gate prisustva -62.33 dBFS)
2026-08-26T14:27:50.746+00:00	188.875	LOOALL 413.364 1050.176 1163.988 566.945 213.503 805.173 312.123 395.357 824.482 1031.944
2026-08-26T14:27:55.258+00:00	193.390	FLAGS protocol=asd-quality-v1.6.0 mode=LEARNING state=NO_MACHINE waiting=0 learning=1 learned=0 anomaly=0 hold=0 fault=0 green=blink_5hz red=off guided25_available=1 workflow_pending=DEFAULT research_telemetry=1 profile_persistence_allowed=0 dropped=0
2026-08-26T14:28:00.063+00:00	198.187	COMMISSION protocol=asd-quality-v1.6.0 policy=asd-commissioning-policy-v1.0.0-development developmental=1 action=WINDOW phase=COMMISSION_DERIVE index=1 total=44 result=NONE score_valid=1 score=734.483215 level_dbfs=-50.6166267 tonalness_proxy=3.14243937 feature_drift=0
2026-08-26T14:28:00.265+00:00	198.390	FLAGS protocol=asd-quality-v1.6.0 mode=LEARNING state=NO_MACHINE waiting=0 learning=1 learned=0 anomaly=0 hold=0 fault=0 green=blink_5hz red=off guided25_available=1 workflow_pending=DEFAULT research_telemetry=1 profile_persistence_allowed=0 dropped=0
2026-08-26T14:28:05.278+00:00	203.406	FLAGS protocol=asd-quality-v1.6.0 mode=LEARNING state=NO_MACHINE waiting=0 learning=1 learned=0 anomaly=0 hold=0 fault=0 green=blink_5hz red=off guided25_available=1 workflow_pending=DEFAULT research_telemetry=1 profile_persistence_allowed=0 dropped=0
2026-08-26T14:28:10.037+00:00	208.156	COMMISSION protocol=asd-quality-v1.6.0 policy=asd-commissioning-policy-v1.0.0-development developmental=1 action=WINDOW phase=COMMISSION_DERIVE index=2 total=44 result=NONE score_valid=1 score=824.406067 level_dbfs=-50.2640495 tonalness_proxy=3.15244436 feature_drift=0
2026-08-26T14:28:10.286+00:00	208.406	FLAGS protocol=asd-quality-v1.6.0 mode=LEARNING state=NO_MACHINE waiting=0 learning=1 learned=0 anomaly=0 hold=0 fault=0 green=blink_5hz red=off guided25_available=1 workflow_pending=DEFAULT research_telemetry=1 profile_persistence_allowed=0 dropped=0
2026-08-26T14:28:15.295+00:00	213.422	FLAGS protocol=asd-quality-v1.6.0 mode=LEARNING state=NO_MACHINE waiting=0 learning=1 learned=0 anomaly=0 hold=0 fault=0 green=blink_5hz red=off guided25_available=1 workflow_pending=DEFAULT research_telemetry=1 profile_persistence_allowed=0 dropped=0
2026-08-26T14:28:20.011+00:00	218.140	COMMISSION protocol=asd-quality-v1.6.0 policy=asd-commissioning-policy-v1.0.0-development developmental=1 action=WINDOW phase=COMMISSION_DERIVE index=3 total=44 result=NONE score_valid=1 score=822.676208 level_dbfs=-49.9332352 tonalness_proxy=3.0463872 feature_drift=0
2026-08-26T14:28:20.308+00:00	218.437	FLAGS protocol=asd-quality-v1.6.0 mode=LEARNING state=NO_MACHINE waiting=0 learning=1 learned=0 anomaly=0 hold=0 fault=0 green=blink_5hz red=off guided25_available=1 workflow_pending=DEFAULT research_telemetry=1 profile_persistence_allowed=0 dropped=0
2026-08-26T14:28:25.315+00:00	223.437	FLAGS protocol=asd-quality-v1.6.0 mode=LEARNING state=NO_MACHINE waiting=0 learning=1 learned=0 anomaly=0 hold=0 fault=0 green=blink_5hz red=off guided25_available=1 workflow_pending=DEFAULT research_telemetry=1 profile_persistence_allowed=0 dropped=0
2026-08-26T14:28:29.984+00:00	228.109	COMMISSION protocol=asd-quality-v1.6.0 policy=asd-commissioning-policy-v1.0.0-development developmental=1 action=WINDOW phase=COMMISSION_DERIVE index=4 total=44 result=NONE score_valid=1 score=703.504028 level_dbfs=-49.929615 tonalness_proxy=3.07793236 feature_drift=0
2026-08-26T14:28:30.326+00:00	228.453	FLAGS protocol=asd-quality-v1.6.0 mode=LEARNING state=NO_MACHINE waiting=0 learning=1 learned=0 anomaly=0 hold=0 fault=0 green=blink_5hz red=off guided25_available=1 workflow_pending=DEFAULT research_telemetry=1 profile_persistence_allowed=0 dropped=0
2026-08-26T14:28:35.340+00:00	233.468	FLAGS protocol=asd-quality-v1.6.0 mode=LEARNING state=NO_MACHINE waiting=0 learning=1 learned=0 anomaly=0 hold=0 fault=0 green=blink_5hz red=off guided25_available=1 workflow_pending=DEFAULT research_telemetry=1 profile_persistence_allowed=0 dropped=0
2026-08-26T14:28:39.963+00:00	238.093	COMMISSION protocol=asd-quality-v1.6.0 policy=asd-commissioning-policy-v1.0.0-development developmental=1 action=WINDOW phase=COMMISSION_DERIVE index=5 total=44 result=NONE score_valid=1 score=1305.90076 level_dbfs=-50.128479 tonalness_proxy=3.09603119 feature_drift=0
2026-08-26T14:28:40.345+00:00	238.468	FLAGS protocol=asd-quality-v1.6.0 mode=LEARNING state=NO_MACHINE waiting=0 learning=1 learned=0 anomaly=0 hold=0 fault=0 green=blink_5hz red=off guided25_available=1 workflow_pending=DEFAULT research_telemetry=1 profile_persistence_allowed=0 dropped=0
2026-08-26T14:28:45.356+00:00	243.484	FLAGS protocol=asd-quality-v1.6.0 mode=LEARNING state=NO_MACHINE waiting=0 learning=1 learned=0 anomaly=0 hold=0 fault=0 green=blink_5hz red=off guided25_available=1 workflow_pending=DEFAULT research_telemetry=1 profile_persistence_allowed=0 dropped=0
2026-08-26T14:28:49.933+00:00	248.062	COMMISSION protocol=asd-quality-v1.6.0 policy=asd-commissioning-policy-v1.0.0-development developmental=1 action=WINDOW phase=COMMISSION_DERIVE index=6 total=44 result=NONE score_valid=1 score=255.279526 level_dbfs=-50.0318947 tonalness_proxy=3.11624241 feature_drift=0
2026-08-26T14:28:50.367+00:00	248.500	FLAGS protocol=asd-quality-v1.6.0 mode=LEARNING state=NO_MACHINE waiting=0 learning=1 learned=0 anomaly=0 hold=0 fault=0 green=blink_5hz red=off guided25_available=1 workflow_pending=DEFAULT research_telemetry=1 profile_persistence_allowed=0 dropped=0
2026-08-26T14:28:55.375+00:00	253.500	FLAGS protocol=asd-quality-v1.6.0 mode=LEARNING state=NO_MACHINE waiting=0 learning=1 learned=0 anomaly=0 hold=0 fault=0 green=blink_5hz red=off guided25_available=1 workflow_pending=DEFAULT research_telemetry=1 profile_persistence_allowed=0 dropped=0
2026-08-26T14:28:59.908+00:00	258.031	COMMISSION protocol=asd-quality-v1.6.0 policy=asd-commissioning-policy-v1.0.0-development developmental=1 action=WINDOW phase=COMMISSION_DERIVE index=7 total=44 result=NONE score_valid=1 score=468.037689 level_dbfs=-50.1803551 tonalness_proxy=3.06075859 feature_drift=0
2026-08-26T14:29:00.387+00:00	258.515	FLAGS protocol=asd-quality-v1.6.0 mode=LEARNING state=NO_MACHINE waiting=0 learning=1 learned=0 anomaly=0 hold=0 fault=0 green=blink_5hz red=off guided25_available=1 workflow_pending=DEFAULT research_telemetry=1 profile_persistence_allowed=0 dropped=0
2026-08-26T14:29:05.396+00:00	263.515	FLAGS protocol=asd-quality-v1.6.0 mode=LEARNING state=NO_MACHINE waiting=0 learning=1 learned=0 anomaly=0 hold=0 fault=0 green=blink_5hz red=off guided25_available=1 workflow_pending=DEFAULT research_telemetry=1 profile_persistence_allowed=0 dropped=0
2026-08-26T14:29:09.950+00:00	268.078	COMMISSION protocol=asd-quality-v1.6.0 policy=asd-commissioning-policy-v1.0.0-development developmental=1 action=WINDOW phase=COMMISSION_DERIVE index=8 total=44 result=NONE score_valid=1 score=895.998657 level_dbfs=-50.5426025 tonalness_proxy=3.0860548 feature_drift=0
2026-08-26T14:29:10.405+00:00	268.531	FLAGS protocol=asd-quality-v1.6.0 mode=LEARNING state=NO_MACHINE waiting=0 learning=1 learned=0 anomaly=0 hold=0 fault=0 green=blink_5hz red=off guided25_available=1 workflow_pending=DEFAULT research_telemetry=1 profile_persistence_allowed=0 dropped=0
2026-08-26T14:29:15.419+00:00	273.547	FLAGS protocol=asd-quality-v1.6.0 mode=LEARNING state=NO_MACHINE waiting=0 learning=1 learned=0 anomaly=0 hold=0 fault=0 green=blink_5hz red=off guided25_available=1 workflow_pending=DEFAULT research_telemetry=1 profile_persistence_allowed=0 dropped=0
2026-08-26T14:29:19.921+00:00	278.047	COMMISSION protocol=asd-quality-v1.6.0 policy=asd-commissioning-policy-v1.0.0-development developmental=1 action=WINDOW phase=COMMISSION_DERIVE index=9 total=44 result=NONE score_valid=1 score=2832.83325 level_dbfs=-49.88554 tonalness_proxy=2.83880424 feature_drift=0
2026-08-26T14:29:20.425+00:00	278.547	FLAGS protocol=asd-quality-v1.6.0 mode=LEARNING state=NO_MACHINE waiting=0 learning=1 learned=0 anomaly=0 hold=0 fault=0 green=blink_5hz red=off guided25_available=1 workflow_pending=DEFAULT research_telemetry=1 profile_persistence_allowed=0 dropped=0
2026-08-26T14:29:25.436+00:00	283.562	FLAGS protocol=asd-quality-v1.6.0 mode=LEARNING state=NO_MACHINE waiting=0 learning=1 learned=0 anomaly=0 hold=0 fault=0 green=blink_5hz red=off guided25_available=1 workflow_pending=DEFAULT research_telemetry=1 profile_persistence_allowed=0 dropped=0
2026-08-26T14:29:29.895+00:00	288.015	COMMISSION protocol=asd-quality-v1.6.0 policy=asd-commissioning-policy-v1.0.0-development developmental=1 action=WINDOW phase=COMMISSION_DERIVE index=10 total=44 result=NONE score_valid=1 score=409.53363 level_dbfs=-50.3291245 tonalness_proxy=3.09632683 feature_drift=0
2026-08-26T14:29:30.449+00:00	288.578	FLAGS protocol=asd-quality-v1.6.0 mode=LEARNING state=NO_MACHINE waiting=0 learning=1 learned=0 anomaly=0 hold=0 fault=0 green=blink_5hz red=off guided25_available=1 workflow_pending=DEFAULT research_telemetry=1 profile_persistence_allowed=0 dropped=0
2026-08-26T14:29:35.456+00:00	293.578	FLAGS protocol=asd-quality-v1.6.0 mode=LEARNING state=NO_MACHINE waiting=0 learning=1 learned=0 anomaly=0 hold=0 fault=0 green=blink_5hz red=off guided25_available=1 workflow_pending=DEFAULT research_telemetry=1 profile_persistence_allowed=0 dropped=0
2026-08-26T14:29:39.872+00:00	298.000	COMMISSION protocol=asd-quality-v1.6.0 policy=asd-commissioning-policy-v1.0.0-development developmental=1 action=WINDOW phase=COMMISSION_DERIVE index=11 total=44 result=NONE score_valid=1 score=704.63147 level_dbfs=-50.1761856 tonalness_proxy=3.15209198 feature_drift=0
2026-08-26T14:29:40.465+00:00	298.593	FLAGS protocol=asd-quality-v1.6.0 mode=LEARNING state=NO_MACHINE waiting=0 learning=1 learned=0 anomaly=0 hold=0 fault=0 green=blink_5hz red=off guided25_available=1 workflow_pending=DEFAULT research_telemetry=1 profile_persistence_allowed=0 dropped=0
2026-08-26T14:29:45.478+00:00	303.609	FLAGS protocol=asd-quality-v1.6.0 mode=LEARNING state=NO_MACHINE waiting=0 learning=1 learned=0 anomaly=0 hold=0 fault=0 green=blink_5hz red=off guided25_available=1 workflow_pending=DEFAULT research_telemetry=1 profile_persistence_allowed=0 dropped=0
2026-08-26T14:29:49.845+00:00	307.968	COMMISSION protocol=asd-quality-v1.6.0 policy=asd-commissioning-policy-v1.0.0-development developmental=1 action=WINDOW phase=COMMISSION_DERIVE index=12 total=44 result=NONE score_valid=1 score=695.475586 level_dbfs=-49.7965698 tonalness_proxy=3.08411884 feature_drift=0
2026-08-26T14:29:50.486+00:00	308.609	FLAGS protocol=asd-quality-v1.6.0 mode=LEARNING state=NO_MACHINE waiting=0 learning=1 learned=0 anomaly=0 hold=0 fault=0 green=blink_5hz red=off guided25_available=1 workflow_pending=DEFAULT research_telemetry=1 profile_persistence_allowed=0 dropped=0
2026-08-26T14:29:55.496+00:00	313.625	FLAGS protocol=asd-quality-v1.6.0 mode=LEARNING state=NO_MACHINE waiting=0 learning=1 learned=0 anomaly=0 hold=0 fault=0 green=blink_5hz red=off guided25_available=1 workflow_pending=DEFAULT research_telemetry=1 profile_persistence_allowed=0 dropped=0
2026-08-26T14:29:59.820+00:00	317.953	COMMISSION protocol=asd-quality-v1.6.0 policy=asd-commissioning-policy-v1.0.0-development developmental=1 action=WINDOW phase=COMMISSION_DERIVE index=13 total=44 result=NONE score_valid=1 score=309.516296 level_dbfs=-49.6633911 tonalness_proxy=3.07991219 feature_drift=0
2026-08-26T14:30:00.505+00:00	318.625	FLAGS protocol=asd-quality-v1.6.0 mode=LEARNING state=NO_MACHINE waiting=0 learning=1 learned=0 anomaly=0 hold=0 fault=0 green=blink_5hz red=off guided25_available=1 workflow_pending=DEFAULT research_telemetry=1 profile_persistence_allowed=0 dropped=0
2026-08-26T14:30:05.515+00:00	323.640	FLAGS protocol=asd-quality-v1.6.0 mode=LEARNING state=NO_MACHINE waiting=0 learning=1 learned=0 anomaly=0 hold=0 fault=0 green=blink_5hz red=off guided25_available=1 workflow_pending=DEFAULT research_telemetry=1 profile_persistence_allowed=0 dropped=0
2026-08-26T14:30:09.794+00:00	327.922	COMMISSION protocol=asd-quality-v1.6.0 policy=asd-commissioning-policy-v1.0.0-development developmental=1 action=WINDOW phase=COMMISSION_DERIVE index=14 total=44 result=NONE score_valid=1 score=464.858429 level_dbfs=-49.6824646 tonalness_proxy=3.04337215 feature_drift=0
2026-08-26T14:30:10.527+00:00	328.656	FLAGS protocol=asd-quality-v1.6.0 mode=LEARNING state=NO_MACHINE waiting=0 learning=1 learned=0 anomaly=0 hold=0 fault=0 green=blink_5hz red=off guided25_available=1 workflow_pending=DEFAULT research_telemetry=1 profile_persistence_allowed=0 dropped=0
2026-08-26T14:30:15.536+00:00	333.656	FLAGS protocol=asd-quality-v1.6.0 mode=LEARNING state=NO_MACHINE waiting=0 learning=1 learned=0 anomaly=0 hold=0 fault=0 green=blink_5hz red=off guided25_available=1 workflow_pending=DEFAULT research_telemetry=1 profile_persistence_allowed=0 dropped=0
2026-08-26T14:30:19.830+00:00	337.953	COMMISSION protocol=asd-quality-v1.6.0 policy=asd-commissioning-policy-v1.0.0-development developmental=1 action=WINDOW phase=COMMISSION_DERIVE index=15 total=44 result=NONE score_valid=1 score=284.375885 level_dbfs=-50.3799019 tonalness_proxy=3.11217928 feature_drift=0
2026-08-26T14:30:20.545+00:00	338.672	FLAGS protocol=asd-quality-v1.6.0 mode=LEARNING state=NO_MACHINE waiting=0 learning=1 learned=0 anomaly=0 hold=0 fault=0 green=blink_5hz red=off guided25_available=1 workflow_pending=DEFAULT research_telemetry=1 profile_persistence_allowed=0 dropped=0
2026-08-26T14:30:25.556+00:00	343.687	FLAGS protocol=asd-quality-v1.6.0 mode=LEARNING state=NO_MACHINE waiting=0 learning=1 learned=0 anomaly=0 hold=0 fault=0 green=blink_5hz red=off guided25_available=1 workflow_pending=DEFAULT research_telemetry=1 profile_persistence_allowed=0 dropped=0
2026-08-26T14:30:29.804+00:00	347.937	COMMISSION protocol=asd-quality-v1.6.0 policy=asd-commissioning-policy-v1.0.0-development developmental=1 action=WINDOW phase=COMMISSION_DERIVE index=16 total=44 result=NONE score_valid=1 score=695.142212 level_dbfs=-49.9998398 tonalness_proxy=3.12786531 feature_drift=0
2026-08-26T14:30:30.566+00:00	348.687	FLAGS protocol=asd-quality-v1.6.0 mode=LEARNING state=NO_MACHINE waiting=0 learning=1 learned=0 anomaly=0 hold=0 fault=0 green=blink_5hz red=off guided25_available=1 workflow_pending=DEFAULT research_telemetry=1 profile_persistence_allowed=0 dropped=0
2026-08-26T14:30:35.575+00:00	353.703	FLAGS protocol=asd-quality-v1.6.0 mode=LEARNING state=NO_MACHINE waiting=0 learning=1 learned=0 anomaly=0 hold=0 fault=0 green=blink_5hz red=off guided25_available=1 workflow_pending=DEFAULT research_telemetry=1 profile_persistence_allowed=0 dropped=0
2026-08-26T14:30:39.779+00:00	357.906	COMMISSION protocol=asd-quality-v1.6.0 policy=asd-commissioning-policy-v1.0.0-development developmental=1 action=WINDOW phase=COMMISSION_DERIVE index=17 total=44 result=NONE score_valid=1 score=738.887451 level_dbfs=-50.8075943 tonalness_proxy=3.16615915 feature_drift=0
2026-08-26T14:30:40.587+00:00	358.718	FLAGS protocol=asd-quality-v1.6.0 mode=LEARNING state=NO_MACHINE waiting=0 learning=1 learned=0 anomaly=0 hold=0 fault=0 green=blink_5hz red=off guided25_available=1 workflow_pending=DEFAULT research_telemetry=1 profile_persistence_allowed=0 dropped=0
2026-08-26T14:30:45.595+00:00	363.718	FLAGS protocol=asd-quality-v1.6.0 mode=LEARNING state=NO_MACHINE waiting=0 learning=1 learned=0 anomaly=0 hold=0 fault=0 green=blink_5hz red=off guided25_available=1 workflow_pending=DEFAULT research_telemetry=1 profile_persistence_allowed=0 dropped=0
2026-08-26T14:30:49.753+00:00	367.875	COMMISSION protocol=asd-quality-v1.6.0 policy=asd-commissioning-policy-v1.0.0-development developmental=1 action=WINDOW phase=COMMISSION_DERIVE index=18 total=44 result=NONE score_valid=1 score=873.895874 level_dbfs=-51.1185684 tonalness_proxy=3.17386341 feature_drift=0
2026-08-26T14:30:50.605+00:00	368.734	FLAGS protocol=asd-quality-v1.6.0 mode=LEARNING state=NO_MACHINE waiting=0 learning=1 learned=0 anomaly=0 hold=0 fault=0 green=blink_5hz red=off guided25_available=1 workflow_pending=DEFAULT research_telemetry=1 profile_persistence_allowed=0 dropped=0
2026-08-26T14:30:55.617+00:00	373.750	FLAGS protocol=asd-quality-v1.6.0 mode=LEARNING state=NO_MACHINE waiting=0 learning=1 learned=0 anomaly=0 hold=0 fault=0 green=blink_5hz red=off guided25_available=1 workflow_pending=DEFAULT research_telemetry=1 profile_persistence_allowed=0 dropped=0
2026-08-26T14:30:59.727+00:00	377.859	COMMISSION protocol=asd-quality-v1.6.0 policy=asd-commissioning-policy-v1.0.0-development developmental=1 action=WINDOW phase=COMMISSION_DERIVE index=19 total=44 result=NONE score_valid=1 score=1021.87299 level_dbfs=-51.243969 tonalness_proxy=3.19030094 feature_drift=0
2026-08-26T14:31:00.625+00:00	378.750	FLAGS protocol=asd-quality-v1.6.0 mode=LEARNING state=NO_MACHINE waiting=0 learning=1 learned=0 anomaly=0 hold=0 fault=0 green=blink_5hz red=off guided25_available=1 workflow_pending=DEFAULT research_telemetry=1 profile_persistence_allowed=0 dropped=0
2026-08-26T14:31:05.634+00:00	383.765	FLAGS protocol=asd-quality-v1.6.0 mode=LEARNING state=NO_MACHINE waiting=0 learning=1 learned=0 anomaly=0 hold=0 fault=0 green=blink_5hz red=off guided25_available=1 workflow_pending=DEFAULT research_telemetry=1 profile_persistence_allowed=0 dropped=0
2026-08-26T14:31:09.702+00:00	387.828	COMMISSION protocol=asd-quality-v1.6.0 policy=asd-commissioning-policy-v1.0.0-development developmental=1 action=WINDOW phase=COMMISSION_DERIVE index=20 total=44 result=NONE score_valid=1 score=874.764648 level_dbfs=-51.5119553 tonalness_proxy=3.17541075 feature_drift=0
2026-08-26T14:31:10.649+00:00	388.781	FLAGS protocol=asd-quality-v1.6.0 mode=LEARNING state=NO_MACHINE waiting=0 learning=1 learned=0 anomaly=0 hold=0 fault=0 green=blink_5hz red=off guided25_available=1 workflow_pending=DEFAULT research_telemetry=1 profile_persistence_allowed=0 dropped=0
2026-08-26T14:31:15.656+00:00	393.781	FLAGS protocol=asd-quality-v1.6.0 mode=LEARNING state=NO_MACHINE waiting=0 learning=1 learned=0 anomaly=0 hold=0 fault=0 green=blink_5hz red=off guided25_available=1 workflow_pending=DEFAULT research_telemetry=1 profile_persistence_allowed=0 dropped=0
2026-08-26T14:31:19.739+00:00	397.859	COMMISSION protocol=asd-quality-v1.6.0 policy=asd-commissioning-policy-v1.0.0-development developmental=1 action=WINDOW phase=COMMISSION_DERIVE index=21 total=44 result=NONE score_valid=1 score=813.271667 level_dbfs=-51.4376106 tonalness_proxy=3.19584179 feature_drift=0
2026-08-26T14:31:20.665+00:00	398.797	FLAGS protocol=asd-quality-v1.6.0 mode=LEARNING state=NO_MACHINE waiting=0 learning=1 learned=0 anomaly=0 hold=0 fault=0 green=blink_5hz red=off guided25_available=1 workflow_pending=DEFAULT research_telemetry=1 profile_persistence_allowed=0 dropped=0
2026-08-26T14:31:25.677+00:00	403.797	FLAGS protocol=asd-quality-v1.6.0 mode=LEARNING state=NO_MACHINE waiting=0 learning=1 learned=0 anomaly=0 hold=0 fault=0 green=blink_5hz red=off guided25_available=1 workflow_pending=DEFAULT research_telemetry=1 profile_persistence_allowed=0 dropped=0
2026-08-26T14:31:29.714+00:00	407.843	COMMISSION protocol=asd-quality-v1.6.0 policy=asd-commissioning-policy-v1.0.0-development developmental=1 action=WINDOW phase=COMMISSION_DERIVE index=22 total=44 result=NONE score_valid=1 score=383.618561 level_dbfs=-51.3784027 tonalness_proxy=3.16374016 feature_drift=0
2026-08-26T14:31:30.685+00:00	408.812	FLAGS protocol=asd-quality-v1.6.0 mode=LEARNING state=NO_MACHINE waiting=0 learning=1 learned=0 anomaly=0 hold=0 fault=0 green=blink_5hz red=off guided25_available=1 workflow_pending=DEFAULT research_telemetry=1 profile_persistence_allowed=0 dropped=0
2026-08-26T14:31:35.696+00:00	413.828	FLAGS protocol=asd-quality-v1.6.0 mode=LEARNING state=NO_MACHINE waiting=0 learning=1 learned=0 anomaly=0 hold=0 fault=0 green=blink_5hz red=off guided25_available=1 workflow_pending=DEFAULT research_telemetry=1 profile_persistence_allowed=0 dropped=0
2026-08-26T14:31:39.690+00:00	417.812	COMMISSION protocol=asd-quality-v1.6.0 policy=asd-commissioning-policy-v1.0.0-development developmental=1 action=WINDOW phase=COMMISSION_DERIVE index=23 total=44 result=NONE score_valid=1 score=1212.92322 level_dbfs=-51.4419403 tonalness_proxy=3.20867491 feature_drift=0
2026-08-26T14:31:40.708+00:00	418.828	FLAGS protocol=asd-quality-v1.6.0 mode=LEARNING state=NO_MACHINE waiting=0 learning=1 learned=0 anomaly=0 hold=0 fault=0 green=blink_5hz red=off guided25_available=1 workflow_pending=DEFAULT research_telemetry=1 profile_persistence_allowed=0 dropped=0
2026-08-26T14:31:45.716+00:00	423.843	FLAGS protocol=asd-quality-v1.6.0 mode=LEARNING state=NO_MACHINE waiting=0 learning=1 learned=0 anomaly=0 hold=0 fault=0 green=blink_5hz red=off guided25_available=1 workflow_pending=DEFAULT research_telemetry=1 profile_persistence_allowed=0 dropped=0
2026-08-26T14:31:49.663+00:00	427.797	COMMISSION protocol=asd-quality-v1.6.0 policy=asd-commissioning-policy-v1.0.0-development developmental=1 action=WINDOW phase=COMMISSION_DERIVE index=24 total=44 result=NONE score_valid=1 score=1301.60559 level_dbfs=-51.3534927 tonalness_proxy=3.18775845 feature_drift=0
2026-08-26T14:31:50.727+00:00	428.859	FLAGS protocol=asd-quality-v1.6.0 mode=LEARNING state=NO_MACHINE waiting=0 learning=1 learned=0 anomaly=0 hold=0 fault=0 green=blink_5hz red=off guided25_available=1 workflow_pending=DEFAULT research_telemetry=1 profile_persistence_allowed=0 dropped=0
2026-08-26T14:31:55.736+00:00	433.859	FLAGS protocol=asd-quality-v1.6.0 mode=LEARNING state=NO_MACHINE waiting=0 learning=1 learned=0 anomaly=0 hold=0 fault=0 green=blink_5hz red=off guided25_available=1 workflow_pending=DEFAULT research_telemetry=1 profile_persistence_allowed=0 dropped=0
2026-08-26T14:31:59.638+00:00	437.765	COMMISSION protocol=asd-quality-v1.6.0 policy=asd-commissioning-policy-v1.0.0-development developmental=1 action=WINDOW phase=COMMISSION_DERIVE index=25 total=44 result=NONE score_valid=1 score=1336.56543 level_dbfs=-51.458683 tonalness_proxy=3.12245941 feature_drift=0
2026-08-26T14:32:00.745+00:00	438.875	FLAGS protocol=asd-quality-v1.6.0 mode=LEARNING state=NO_MACHINE waiting=0 learning=1 learned=0 anomaly=0 hold=0 fault=0 green=blink_5hz red=off guided25_available=1 workflow_pending=DEFAULT research_telemetry=1 profile_persistence_allowed=0 dropped=0
2026-08-26T14:32:05.758+00:00	443.890	FLAGS protocol=asd-quality-v1.6.0 mode=LEARNING state=NO_MACHINE waiting=0 learning=1 learned=0 anomaly=0 hold=0 fault=0 green=blink_5hz red=off guided25_available=1 workflow_pending=DEFAULT research_telemetry=1 profile_persistence_allowed=0 dropped=0
2026-08-26T14:32:09.613+00:00	447.734	COMMISSION protocol=asd-quality-v1.6.0 policy=asd-commissioning-policy-v1.0.0-development developmental=1 action=WINDOW phase=COMMISSION_DERIVE index=26 total=44 result=NONE score_valid=1 score=1175.68604 level_dbfs=-51.5484467 tonalness_proxy=3.05161762 feature_drift=0
2026-08-26T14:32:10.767+00:00	448.890	FLAGS protocol=asd-quality-v1.6.0 mode=LEARNING state=NO_MACHINE waiting=0 learning=1 learned=0 anomaly=0 hold=0 fault=0 green=blink_5hz red=off guided25_available=1 workflow_pending=DEFAULT research_telemetry=1 profile_persistence_allowed=0 dropped=0
2026-08-26T14:32:15.776+00:00	453.906	FLAGS protocol=asd-quality-v1.6.0 mode=LEARNING state=NO_MACHINE waiting=0 learning=1 learned=0 anomaly=0 hold=0 fault=0 green=blink_5hz red=off guided25_available=1 workflow_pending=DEFAULT research_telemetry=1 profile_persistence_allowed=0 dropped=0
2026-08-26T14:32:19.586+00:00	457.718	COMMISSION protocol=asd-quality-v1.6.0 policy=asd-commissioning-policy-v1.0.0-development developmental=1 action=WINDOW phase=COMMISSION_DERIVE index=27 total=44 result=NONE score_valid=1 score=832.344971 level_dbfs=-51.3497086 tonalness_proxy=3.12788391 feature_drift=0
2026-08-26T14:32:20.788+00:00	458.922	FLAGS protocol=asd-quality-v1.6.0 mode=LEARNING state=NO_MACHINE waiting=0 learning=1 learned=0 anomaly=0 hold=0 fault=0 green=blink_5hz red=off guided25_available=1 workflow_pending=DEFAULT research_telemetry=1 profile_persistence_allowed=0 dropped=0
2026-08-26T14:32:25.795+00:00	463.922	FLAGS protocol=asd-quality-v1.6.0 mode=LEARNING state=NO_MACHINE waiting=0 learning=1 learned=0 anomaly=0 hold=0 fault=0 green=blink_5hz red=off guided25_available=1 workflow_pending=DEFAULT research_telemetry=1 profile_persistence_allowed=0 dropped=0
2026-08-26T14:32:29.624+00:00	467.750	COMMISSION protocol=asd-quality-v1.6.0 policy=asd-commissioning-policy-v1.0.0-development developmental=1 action=WINDOW phase=COMMISSION_DERIVE index=28 total=44 result=NONE score_valid=1 score=866.985718 level_dbfs=-51.7171326 tonalness_proxy=3.17625904 feature_drift=0
2026-08-26T14:32:30.805+00:00	468.937	FLAGS protocol=asd-quality-v1.6.0 mode=LEARNING state=NO_MACHINE waiting=0 learning=1 learned=0 anomaly=0 hold=0 fault=0 green=blink_5hz red=off guided25_available=1 workflow_pending=DEFAULT research_telemetry=1 profile_persistence_allowed=0 dropped=0
2026-08-26T14:32:35.817+00:00	473.937	FLAGS protocol=asd-quality-v1.6.0 mode=LEARNING state=NO_MACHINE waiting=0 learning=1 learned=0 anomaly=0 hold=0 fault=0 green=blink_5hz red=off guided25_available=1 workflow_pending=DEFAULT research_telemetry=1 profile_persistence_allowed=0 dropped=0
2026-08-26T14:32:39.599+00:00	477.718	COMMISSION protocol=asd-quality-v1.6.0 policy=asd-commissioning-policy-v1.0.0-development developmental=1 action=WINDOW phase=COMMISSION_DERIVE index=29 total=44 result=NONE score_valid=1 score=603.833801 level_dbfs=-51.8281364 tonalness_proxy=3.15840244 feature_drift=0
2026-08-26T14:32:40.826+00:00	478.953	FLAGS protocol=asd-quality-v1.6.0 mode=LEARNING state=NO_MACHINE waiting=0 learning=1 learned=0 anomaly=0 hold=0 fault=0 green=blink_5hz red=off guided25_available=1 workflow_pending=DEFAULT research_telemetry=1 profile_persistence_allowed=0 dropped=0
2026-08-26T14:32:45.839+00:00	483.968	FLAGS protocol=asd-quality-v1.6.0 mode=LEARNING state=NO_MACHINE waiting=0 learning=1 learned=0 anomaly=0 hold=0 fault=0 green=blink_5hz red=off guided25_available=1 workflow_pending=DEFAULT research_telemetry=1 profile_persistence_allowed=0 dropped=0
2026-08-26T14:32:49.572+00:00	487.703	COMMISSION protocol=asd-quality-v1.6.0 policy=asd-commissioning-policy-v1.0.0-development developmental=1 action=WINDOW phase=COMMISSION_DERIVE index=30 total=44 result=NONE score_valid=1 score=1157.59912 level_dbfs=-51.9269371 tonalness_proxy=3.17332602 feature_drift=0
2026-08-26T14:32:50.848+00:00	488.968	FLAGS protocol=asd-quality-v1.6.0 mode=LEARNING state=NO_MACHINE waiting=0 learning=1 learned=0 anomaly=0 hold=0 fault=0 green=blink_5hz red=off guided25_available=1 workflow_pending=DEFAULT research_telemetry=1 profile_persistence_allowed=0 dropped=0
2026-08-26T14:32:55.857+00:00	493.984	FLAGS protocol=asd-quality-v1.6.0 mode=LEARNING state=NO_MACHINE waiting=0 learning=1 learned=0 anomaly=0 hold=0 fault=0 green=blink_5hz red=off guided25_available=1 workflow_pending=DEFAULT research_telemetry=1 profile_persistence_allowed=0 dropped=0
2026-08-26T14:32:59.545+00:00	497.672	COMMISSION protocol=asd-quality-v1.6.0 policy=asd-commissioning-policy-v1.0.0-development developmental=1 action=WINDOW phase=COMMISSION_DERIVE index=31 total=44 result=NONE score_valid=1 score=1062.02551 level_dbfs=-51.9536591 tonalness_proxy=3.19384575 feature_drift=0
2026-08-26T14:33:00.866+00:00	499.000	FLAGS protocol=asd-quality-v1.6.0 mode=LEARNING state=NO_MACHINE waiting=0 learning=1 learned=0 anomaly=0 hold=0 fault=0 green=blink_5hz red=off guided25_available=1 workflow_pending=DEFAULT research_telemetry=1 profile_persistence_allowed=0 dropped=0
2026-08-26T14:33:05.877+00:00	504.000	FLAGS protocol=asd-quality-v1.6.0 mode=LEARNING state=NO_MACHINE waiting=0 learning=1 learned=0 anomaly=0 hold=0 fault=0 green=blink_5hz red=off guided25_available=1 workflow_pending=DEFAULT research_telemetry=1 profile_persistence_allowed=0 dropped=0
2026-08-26T14:33:09.520+00:00	507.640	COMMISSION protocol=asd-quality-v1.6.0 policy=asd-commissioning-policy-v1.0.0-development developmental=1 action=WINDOW phase=COMMISSION_DERIVE index=32 total=44 result=NONE score_valid=1 score=1274.92383 level_dbfs=-51.9977417 tonalness_proxy=3.2349124 feature_drift=0
2026-08-26T14:33:10.886+00:00	509.015	FLAGS protocol=asd-quality-v1.6.0 mode=LEARNING state=NO_MACHINE waiting=0 learning=1 learned=0 anomaly=0 hold=0 fault=0 green=blink_5hz red=off guided25_available=1 workflow_pending=DEFAULT research_telemetry=1 profile_persistence_allowed=0 dropped=0
2026-08-26T14:33:15.897+00:00	514.031	FLAGS protocol=asd-quality-v1.6.0 mode=LEARNING state=NO_MACHINE waiting=0 learning=1 learned=0 anomaly=0 hold=0 fault=0 green=blink_5hz red=off guided25_available=1 workflow_pending=DEFAULT research_telemetry=1 profile_persistence_allowed=0 dropped=0
2026-08-26T14:33:19.494+00:00	517.625	COMMISSION protocol=asd-quality-v1.6.0 policy=asd-commissioning-policy-v1.0.0-development developmental=1 action=WINDOW phase=COMMISSION_DERIVE index=33 total=44 result=NONE score_valid=1 score=1121.82935 level_dbfs=-52.0537338 tonalness_proxy=3.20811415 feature_drift=0
2026-08-26T14:33:20.909+00:00	519.031	FLAGS protocol=asd-quality-v1.6.0 mode=LEARNING state=NO_MACHINE waiting=0 learning=1 learned=0 anomaly=0 hold=0 fault=0 green=blink_5hz red=off guided25_available=1 workflow_pending=DEFAULT research_telemetry=1 profile_persistence_allowed=0 dropped=0
2026-08-26T14:33:25.915+00:00	524.047	FLAGS protocol=asd-quality-v1.6.0 mode=LEARNING state=NO_MACHINE waiting=0 learning=1 learned=0 anomaly=0 hold=0 fault=0 green=blink_5hz red=off guided25_available=1 workflow_pending=DEFAULT research_telemetry=1 profile_persistence_allowed=0 dropped=0
2026-08-26T14:33:29.533+00:00	527.656	COMMISSION protocol=asd-quality-v1.6.0 policy=asd-commissioning-policy-v1.0.0-development developmental=1 action=WINDOW phase=COMMISSION_DERIVE index=34 total=44 result=NONE score_valid=1 score=991.074036 level_dbfs=-52.6117783 tonalness_proxy=3.22004843 feature_drift=0
2026-08-26T14:33:30.927+00:00	529.047	FLAGS protocol=asd-quality-v1.6.0 mode=LEARNING state=NO_MACHINE waiting=0 learning=1 learned=0 anomaly=0 hold=0 fault=0 green=blink_5hz red=off guided25_available=1 workflow_pending=DEFAULT research_telemetry=1 profile_persistence_allowed=0 dropped=0
2026-08-26T14:33:35.935+00:00	534.062	FLAGS protocol=asd-quality-v1.6.0 mode=LEARNING state=NO_MACHINE waiting=0 learning=1 learned=0 anomaly=0 hold=0 fault=0 green=blink_5hz red=off guided25_available=1 workflow_pending=DEFAULT research_telemetry=1 profile_persistence_allowed=0 dropped=0
2026-08-26T14:33:39.507+00:00	537.640	COMMISSION protocol=asd-quality-v1.6.0 policy=asd-commissioning-policy-v1.0.0-development developmental=1 action=WINDOW phase=COMMISSION_DERIVE index=35 total=44 result=NONE score_valid=1 score=1473.69775 level_dbfs=-52.4850121 tonalness_proxy=3.25642633 feature_drift=0
2026-08-26T14:33:40.945+00:00	539.078	FLAGS protocol=asd-quality-v1.6.0 mode=LEARNING state=NO_MACHINE waiting=0 learning=1 learned=0 anomaly=0 hold=0 fault=0 green=blink_5hz red=off guided25_available=1 workflow_pending=DEFAULT research_telemetry=1 profile_persistence_allowed=0 dropped=0
2026-08-26T14:33:45.960+00:00	544.093	FLAGS protocol=asd-quality-v1.6.0 mode=LEARNING state=NO_MACHINE waiting=0 learning=1 learned=0 anomaly=0 hold=0 fault=0 green=blink_5hz red=off guided25_available=1 workflow_pending=DEFAULT research_telemetry=1 profile_persistence_allowed=0 dropped=0
2026-08-26T14:33:49.481+00:00	547.609	COMMISSION protocol=asd-quality-v1.6.0 policy=asd-commissioning-policy-v1.0.0-development developmental=1 action=WINDOW phase=COMMISSION_DERIVE index=36 total=44 result=NONE score_valid=1 score=1100.96899 level_dbfs=-52.4279213 tonalness_proxy=3.16610289 feature_drift=0
2026-08-26T14:33:50.966+00:00	549.093	FLAGS protocol=asd-quality-v1.6.0 mode=LEARNING state=NO_MACHINE waiting=0 learning=1 learned=0 anomaly=0 hold=0 fault=0 green=blink_5hz red=off guided25_available=1 workflow_pending=DEFAULT research_telemetry=1 profile_persistence_allowed=0 dropped=0
2026-08-26T14:33:55.975+00:00	554.109	FLAGS protocol=asd-quality-v1.6.0 mode=LEARNING state=NO_MACHINE waiting=0 learning=1 learned=0 anomaly=0 hold=0 fault=0 green=blink_5hz red=off guided25_available=1 workflow_pending=DEFAULT research_telemetry=1 profile_persistence_allowed=0 dropped=0
2026-08-26T14:33:59.457+00:00	557.578	COMMISSION protocol=asd-quality-v1.6.0 policy=asd-commissioning-policy-v1.0.0-development developmental=1 action=WINDOW phase=COMMISSION_DERIVE index=37 total=44 result=NONE score_valid=1 score=1085.96545 level_dbfs=-52.7436523 tonalness_proxy=3.22635365 feature_drift=0
2026-08-26T14:34:00.987+00:00	559.109	FLAGS protocol=asd-quality-v1.6.0 mode=LEARNING state=NO_MACHINE waiting=0 learning=1 learned=0 anomaly=0 hold=0 fault=0 green=blink_5hz red=off guided25_available=1 workflow_pending=DEFAULT research_telemetry=1 profile_persistence_allowed=0 dropped=0
2026-08-26T14:34:05.995+00:00	564.125	FLAGS protocol=asd-quality-v1.6.0 mode=LEARNING state=NO_MACHINE waiting=0 learning=1 learned=0 anomaly=0 hold=0 fault=0 green=blink_5hz red=off guided25_available=1 workflow_pending=DEFAULT research_telemetry=1 profile_persistence_allowed=0 dropped=0
2026-08-26T14:34:09.430+00:00	567.562	COMMISSION protocol=asd-quality-v1.6.0 policy=asd-commissioning-policy-v1.0.0-development developmental=1 action=WINDOW phase=COMMISSION_DERIVE index=38 total=44 result=NONE score_valid=1 score=1016.44446 level_dbfs=-52.6037216 tonalness_proxy=3.21162319 feature_drift=0
2026-08-26T14:34:11.007+00:00	569.140	FLAGS protocol=asd-quality-v1.6.0 mode=LEARNING state=NO_MACHINE waiting=0 learning=1 learned=0 anomaly=0 hold=0 fault=0 green=blink_5hz red=off guided25_available=1 workflow_pending=DEFAULT research_telemetry=1 profile_persistence_allowed=0 dropped=0
2026-08-26T14:34:16.016+00:00	574.140	FLAGS protocol=asd-quality-v1.6.0 mode=LEARNING state=NO_MACHINE waiting=0 learning=1 learned=0 anomaly=0 hold=0 fault=0 green=blink_5hz red=off guided25_available=1 workflow_pending=DEFAULT research_telemetry=1 profile_persistence_allowed=0 dropped=0
2026-08-26T14:34:19.404+00:00	577.531	COMMISSION protocol=asd-quality-v1.6.0 policy=asd-commissioning-policy-v1.0.0-development developmental=1 action=WINDOW phase=COMMISSION_DERIVE index=39 total=44 result=NONE score_valid=1 score=1328.14832 level_dbfs=-52.6599197 tonalness_proxy=3.17993498 feature_drift=0
2026-08-26T14:34:21.025+00:00	579.156	FLAGS protocol=asd-quality-v1.6.0 mode=LEARNING state=NO_MACHINE waiting=0 learning=1 learned=0 anomaly=0 hold=0 fault=0 green=blink_5hz red=off guided25_available=1 workflow_pending=DEFAULT research_telemetry=1 profile_persistence_allowed=0 dropped=0
2026-08-26T14:34:26.036+00:00	584.156	FLAGS protocol=asd-quality-v1.6.0 mode=LEARNING state=NO_MACHINE waiting=0 learning=1 learned=0 anomaly=0 hold=0 fault=0 green=blink_5hz red=off guided25_available=1 workflow_pending=DEFAULT research_telemetry=1 profile_persistence_allowed=0 dropped=0
2026-08-26T14:34:29.379+00:00	587.500	COMMISSION protocol=asd-quality-v1.6.0 policy=asd-commissioning-policy-v1.0.0-development developmental=1 action=WINDOW phase=COMMISSION_DERIVE index=40 total=44 result=NONE score_valid=1 score=1270.85315 level_dbfs=-52.5713425 tonalness_proxy=3.18407249 feature_drift=0
2026-08-26T14:34:31.051+00:00	589.172	FLAGS protocol=asd-quality-v1.6.0 mode=LEARNING state=NO_MACHINE waiting=0 learning=1 learned=0 anomaly=0 hold=0 fault=0 green=blink_5hz red=off guided25_available=1 workflow_pending=DEFAULT research_telemetry=1 profile_persistence_allowed=0 dropped=0
2026-08-26T14:34:36.055+00:00	594.187	FLAGS protocol=asd-quality-v1.6.0 mode=LEARNING state=NO_MACHINE waiting=0 learning=1 learned=0 anomaly=0 hold=0 fault=0 green=blink_5hz red=off guided25_available=1 workflow_pending=DEFAULT research_telemetry=1 profile_persistence_allowed=0 dropped=0
2026-08-26T14:34:39.419+00:00	597.547	COMMISSION protocol=asd-quality-v1.6.0 policy=asd-commissioning-policy-v1.0.0-development developmental=1 action=WINDOW phase=COMMISSION_DERIVE index=41 total=44 result=NONE score_valid=1 score=1404.15247 level_dbfs=-52.6816101 tonalness_proxy=3.22630215 feature_drift=0
2026-08-26T14:34:41.069+00:00	599.203	FLAGS protocol=asd-quality-v1.6.0 mode=LEARNING state=NO_MACHINE waiting=0 learning=1 learned=0 anomaly=0 hold=0 fault=0 green=blink_5hz red=off guided25_available=1 workflow_pending=DEFAULT research_telemetry=1 profile_persistence_allowed=0 dropped=0
2026-08-26T14:34:46.075+00:00	604.203	FLAGS protocol=asd-quality-v1.6.0 mode=LEARNING state=NO_MACHINE waiting=0 learning=1 learned=0 anomaly=0 hold=0 fault=0 green=blink_5hz red=off guided25_available=1 workflow_pending=DEFAULT research_telemetry=1 profile_persistence_allowed=0 dropped=0
2026-08-26T14:34:49.392+00:00	607.515	COMMISSION protocol=asd-quality-v1.6.0 policy=asd-commissioning-policy-v1.0.0-development developmental=1 action=WINDOW phase=COMMISSION_DERIVE index=42 total=44 result=NONE score_valid=1 score=1473.38892 level_dbfs=-53.1625443 tonalness_proxy=3.23457336 feature_drift=0
2026-08-26T14:34:51.086+00:00	609.218	FLAGS protocol=asd-quality-v1.6.0 mode=LEARNING state=NO_MACHINE waiting=0 learning=1 learned=0 anomaly=0 hold=0 fault=0 green=blink_5hz red=off guided25_available=1 workflow_pending=DEFAULT research_telemetry=1 profile_persistence_allowed=0 dropped=0
2026-08-26T14:34:56.099+00:00	614.218	FLAGS protocol=asd-quality-v1.6.0 mode=LEARNING state=NO_MACHINE waiting=0 learning=1 learned=0 anomaly=0 hold=0 fault=0 green=blink_5hz red=off guided25_available=1 workflow_pending=DEFAULT research_telemetry=1 profile_persistence_allowed=0 dropped=0
2026-08-26T14:34:59.367+00:00	617.500	COMMISSION protocol=asd-quality-v1.6.0 policy=asd-commissioning-policy-v1.0.0-development developmental=1 action=WINDOW phase=COMMISSION_DERIVE index=43 total=44 result=NONE score_valid=1 score=1306.82642 level_dbfs=-53.1427612 tonalness_proxy=3.23266602 feature_drift=0
2026-08-26T14:35:01.105+00:00	619.234	FLAGS protocol=asd-quality-v1.6.0 mode=LEARNING state=NO_MACHINE waiting=0 learning=1 learned=0 anomaly=0 hold=0 fault=0 green=blink_5hz red=off guided25_available=1 workflow_pending=DEFAULT research_telemetry=1 profile_persistence_allowed=0 dropped=0
2026-08-26T14:35:06.115+00:00	624.250	FLAGS protocol=asd-quality-v1.6.0 mode=LEARNING state=NO_MACHINE waiting=0 learning=1 learned=0 anomaly=0 hold=0 fault=0 green=blink_5hz red=off guided25_available=1 workflow_pending=DEFAULT research_telemetry=1 profile_persistence_allowed=0 dropped=0
2026-08-26T14:35:09.341+00:00	627.468	COMMISSION protocol=asd-quality-v1.6.0 policy=asd-commissioning-policy-v1.0.0-development developmental=1 action=WINDOW phase=COMMISSION_DERIVE index=44 total=44 result=NONE score_valid=1 score=1546.22961 level_dbfs=-53.0803719 tonalness_proxy=3.19838285 feature_drift=0
2026-08-26T14:35:11.125+00:00	629.250	FLAGS protocol=asd-quality-v1.6.0 mode=LEARNING state=NO_MACHINE waiting=0 learning=1 learned=0 anomaly=0 hold=0 fault=0 green=blink_5hz red=off guided25_available=1 workflow_pending=DEFAULT research_telemetry=1 profile_persistence_allowed=0 dropped=0
2026-08-26T14:35:16.137+00:00	634.265	FLAGS protocol=asd-quality-v1.6.0 mode=LEARNING state=NO_MACHINE waiting=0 learning=1 learned=0 anomaly=0 hold=0 fault=0 green=blink_5hz red=off guided25_available=1 workflow_pending=DEFAULT research_telemetry=1 profile_persistence_allowed=0 dropped=0
2026-08-26T14:35:19.316+00:00	637.437	COMMISSION protocol=asd-quality-v1.6.0 policy=asd-commissioning-policy-v1.0.0-development developmental=1 action=WINDOW phase=COMMISSION_VERIFY index=1 total=22 result=NONE score_valid=1 score=1428.73352 level_dbfs=-53.1165848 tonalness_proxy=3.22845411 feature_drift=0
2026-08-26T14:35:21.147+00:00	639.281	FLAGS protocol=asd-quality-v1.6.0 mode=LEARNING state=NO_MACHINE waiting=0 learning=1 learned=0 anomaly=0 hold=0 fault=0 green=blink_5hz red=off guided25_available=1 workflow_pending=DEFAULT research_telemetry=1 profile_persistence_allowed=0 dropped=0
2026-08-26T14:35:26.161+00:00	644.281	FLAGS protocol=asd-quality-v1.6.0 mode=LEARNING state=NO_MACHINE waiting=0 learning=1 learned=0 anomaly=0 hold=0 fault=0 green=blink_5hz red=off guided25_available=1 workflow_pending=DEFAULT research_telemetry=1 profile_persistence_allowed=0 dropped=0
2026-08-26T14:35:29.290+00:00	647.422	COMMISSION protocol=asd-quality-v1.6.0 policy=asd-commissioning-policy-v1.0.0-development developmental=1 action=WINDOW phase=COMMISSION_VERIFY index=2 total=22 result=NONE score_valid=1 score=1306.44165 level_dbfs=-53.0327835 tonalness_proxy=3.26300287 feature_drift=0
2026-08-26T14:35:31.165+00:00	649.297	FLAGS protocol=asd-quality-v1.6.0 mode=LEARNING state=NO_MACHINE waiting=0 learning=1 learned=0 anomaly=0 hold=0 fault=0 green=blink_5hz red=off guided25_available=1 workflow_pending=DEFAULT research_telemetry=1 profile_persistence_allowed=0 dropped=0
2026-08-26T14:35:36.176+00:00	654.297	FLAGS protocol=asd-quality-v1.6.0 mode=LEARNING state=NO_MACHINE waiting=0 learning=1 learned=0 anomaly=0 hold=0 fault=0 green=blink_5hz red=off guided25_available=1 workflow_pending=DEFAULT research_telemetry=1 profile_persistence_allowed=0 dropped=0
2026-08-26T14:35:39.325+00:00	657.453	COMMISSION protocol=asd-quality-v1.6.0 policy=asd-commissioning-policy-v1.0.0-development developmental=1 action=WINDOW phase=COMMISSION_VERIFY index=3 total=22 result=NONE score_valid=1 score=1571.53052 level_dbfs=-52.8920822 tonalness_proxy=3.24111938 feature_drift=0
2026-08-26T14:35:41.185+00:00	659.312	FLAGS protocol=asd-quality-v1.6.0 mode=LEARNING state=NO_MACHINE waiting=0 learning=1 learned=0 anomaly=0 hold=0 fault=0 green=blink_5hz red=off guided25_available=1 workflow_pending=DEFAULT research_telemetry=1 profile_persistence_allowed=0 dropped=0
2026-08-26T14:35:46.196+00:00	664.328	FLAGS protocol=asd-quality-v1.6.0 mode=LEARNING state=NO_MACHINE waiting=0 learning=1 learned=0 anomaly=0 hold=0 fault=0 green=blink_5hz red=off guided25_available=1 workflow_pending=DEFAULT research_telemetry=1 profile_persistence_allowed=0 dropped=0
2026-08-26T14:35:49.300+00:00	667.422	COMMISSION protocol=asd-quality-v1.6.0 policy=asd-commissioning-policy-v1.0.0-development developmental=1 action=WINDOW phase=COMMISSION_VERIFY index=4 total=22 result=NONE score_valid=1 score=1643.60913 level_dbfs=-52.5116158 tonalness_proxy=3.21524286 feature_drift=0
2026-08-26T14:35:51.208+00:00	669.328	FLAGS protocol=asd-quality-v1.6.0 mode=LEARNING state=NO_MACHINE waiting=0 learning=1 learned=0 anomaly=0 hold=0 fault=0 green=blink_5hz red=off guided25_available=1 workflow_pending=DEFAULT research_telemetry=1 profile_persistence_allowed=0 dropped=0
2026-08-26T14:35:56.216+00:00	674.343	FLAGS protocol=asd-quality-v1.6.0 mode=LEARNING state=NO_MACHINE waiting=0 learning=1 learned=0 anomaly=0 hold=0 fault=0 green=blink_5hz red=off guided25_available=1 workflow_pending=DEFAULT research_telemetry=1 profile_persistence_allowed=0 dropped=0
2026-08-26T14:35:59.275+00:00	677.406	COMMISSION protocol=asd-quality-v1.6.0 policy=asd-commissioning-policy-v1.0.0-development developmental=1 action=WINDOW phase=COMMISSION_VERIFY index=5 total=22 result=NONE score_valid=1 score=1332.21436 level_dbfs=-52.6662025 tonalness_proxy=3.19094706 feature_drift=0
2026-08-26T14:36:01.226+00:00	679.359	FLAGS protocol=asd-quality-v1.6.0 mode=LEARNING state=NO_MACHINE waiting=0 learning=1 learned=0 anomaly=0 hold=0 fault=0 green=blink_5hz red=off guided25_available=1 workflow_pending=DEFAULT research_telemetry=1 profile_persistence_allowed=0 dropped=0
2026-08-26T14:36:06.238+00:00	684.359	FLAGS protocol=asd-quality-v1.6.0 mode=LEARNING state=NO_MACHINE waiting=0 learning=1 learned=0 anomaly=0 hold=0 fault=0 green=blink_5hz red=off guided25_available=1 workflow_pending=DEFAULT research_telemetry=1 profile_persistence_allowed=0 dropped=0
2026-08-26T14:36:09.248+00:00	687.375	COMMISSION protocol=asd-quality-v1.6.0 policy=asd-commissioning-policy-v1.0.0-development developmental=1 action=WINDOW phase=COMMISSION_VERIFY index=6 total=22 result=NONE score_valid=1 score=778.859253 level_dbfs=-52.6307983 tonalness_proxy=3.13169765 feature_drift=0
2026-08-26T14:36:11.250+00:00	689.375	FLAGS protocol=asd-quality-v1.6.0 mode=LEARNING state=NO_MACHINE waiting=0 learning=1 learned=0 anomaly=0 hold=0 fault=0 green=blink_5hz red=off guided25_available=1 workflow_pending=DEFAULT research_telemetry=1 profile_persistence_allowed=0 dropped=0
2026-08-26T14:36:16.255+00:00	694.375	FLAGS protocol=asd-quality-v1.6.0 mode=LEARNING state=NO_MACHINE waiting=0 learning=1 learned=0 anomaly=0 hold=0 fault=0 green=blink_5hz red=off guided25_available=1 workflow_pending=DEFAULT research_telemetry=1 profile_persistence_allowed=0 dropped=0
2026-08-26T14:36:19.223+00:00	697.343	COMMISSION protocol=asd-quality-v1.6.0 policy=asd-commissioning-policy-v1.0.0-development developmental=1 action=WINDOW phase=COMMISSION_VERIFY index=7 total=22 result=NONE score_valid=1 score=789.091736 level_dbfs=-52.5186386 tonalness_proxy=3.15825462 feature_drift=0
2026-08-26T14:36:21.267+00:00	699.390	FLAGS protocol=asd-quality-v1.6.0 mode=LEARNING state=NO_MACHINE waiting=0 learning=1 learned=0 anomaly=0 hold=0 fault=0 green=blink_5hz red=off guided25_available=1 workflow_pending=DEFAULT research_telemetry=1 profile_persistence_allowed=0 dropped=0
2026-08-26T14:36:26.275+00:00	704.406	FLAGS protocol=asd-quality-v1.6.0 mode=LEARNING state=NO_MACHINE waiting=0 learning=1 learned=0 anomaly=0 hold=0 fault=0 green=blink_5hz red=off guided25_available=1 workflow_pending=DEFAULT research_telemetry=1 profile_persistence_allowed=0 dropped=0
2026-08-26T14:36:29.196+00:00	707.328	COMMISSION protocol=asd-quality-v1.6.0 policy=asd-commissioning-policy-v1.0.0-development developmental=1 action=WINDOW phase=COMMISSION_VERIFY index=8 total=22 result=NONE score_valid=1 score=715.532837 level_dbfs=-52.6516037 tonalness_proxy=3.1866312 feature_drift=0
2026-08-26T14:36:31.285+00:00	709.406	FLAGS protocol=asd-quality-v1.6.0 mode=LEARNING state=NO_MACHINE waiting=0 learning=1 learned=0 anomaly=0 hold=0 fault=0 green=blink_5hz red=off guided25_available=1 workflow_pending=DEFAULT research_telemetry=1 profile_persistence_allowed=0 dropped=0
2026-08-26T14:36:36.298+00:00	714.422	FLAGS protocol=asd-quality-v1.6.0 mode=LEARNING state=NO_MACHINE waiting=0 learning=1 learned=0 anomaly=0 hold=0 fault=0 green=blink_5hz red=off guided25_available=1 workflow_pending=DEFAULT research_telemetry=1 profile_persistence_allowed=0 dropped=0
2026-08-26T14:36:39.172+00:00	717.297	COMMISSION protocol=asd-quality-v1.6.0 policy=asd-commissioning-policy-v1.0.0-development developmental=1 action=WINDOW phase=COMMISSION_VERIFY index=9 total=22 result=NONE score_valid=1 score=1033.32117 level_dbfs=-52.0274811 tonalness_proxy=3.2050333 feature_drift=0
2026-08-26T14:36:41.305+00:00	719.437	FLAGS protocol=asd-quality-v1.6.0 mode=LEARNING state=NO_MACHINE waiting=0 learning=1 learned=0 anomaly=0 hold=0 fault=0 green=blink_5hz red=off guided25_available=1 workflow_pending=DEFAULT research_telemetry=1 profile_persistence_allowed=0 dropped=0
2026-08-26T14:36:46.315+00:00	724.437	FLAGS protocol=asd-quality-v1.6.0 mode=LEARNING state=NO_MACHINE waiting=0 learning=1 learned=0 anomaly=0 hold=0 fault=0 green=blink_5hz red=off guided25_available=1 workflow_pending=DEFAULT research_telemetry=1 profile_persistence_allowed=0 dropped=0
2026-08-26T14:36:49.209+00:00	727.343	COMMISSION protocol=asd-quality-v1.6.0 policy=asd-commissioning-policy-v1.0.0-development developmental=1 action=WINDOW phase=COMMISSION_VERIFY index=10 total=22 result=NONE score_valid=1 score=1002.2876 level_dbfs=-52.0357971 tonalness_proxy=3.17625856 feature_drift=0
2026-08-26T14:36:51.330+00:00	729.453	FLAGS protocol=asd-quality-v1.6.0 mode=LEARNING state=NO_MACHINE waiting=0 learning=1 learned=0 anomaly=0 hold=0 fault=0 green=blink_5hz red=off guided25_available=1 workflow_pending=DEFAULT research_telemetry=1 profile_persistence_allowed=0 dropped=0
2026-08-26T14:36:56.335+00:00	734.468	FLAGS protocol=asd-quality-v1.6.0 mode=LEARNING state=NO_MACHINE waiting=0 learning=1 learned=0 anomaly=0 hold=0 fault=0 green=blink_5hz red=off guided25_available=1 workflow_pending=DEFAULT research_telemetry=1 profile_persistence_allowed=0 dropped=0
2026-08-26T14:36:59.184+00:00	737.312	COMMISSION protocol=asd-quality-v1.6.0 policy=asd-commissioning-policy-v1.0.0-development developmental=1 action=WINDOW phase=COMMISSION_VERIFY index=11 total=22 result=NONE score_valid=1 score=843.911255 level_dbfs=-52.4485588 tonalness_proxy=3.16600752 feature_drift=0
2026-08-26T14:37:01.345+00:00	739.468	FLAGS protocol=asd-quality-v1.6.0 mode=LEARNING state=NO_MACHINE waiting=0 learning=1 learned=0 anomaly=0 hold=0 fault=0 green=blink_5hz red=off guided25_available=1 workflow_pending=DEFAULT research_telemetry=1 profile_persistence_allowed=0 dropped=0
2026-08-26T14:37:06.357+00:00	744.484	FLAGS protocol=asd-quality-v1.6.0 mode=LEARNING state=NO_MACHINE waiting=0 learning=1 learned=0 anomaly=0 hold=0 fault=0 green=blink_5hz red=off guided25_available=1 workflow_pending=DEFAULT research_telemetry=1 profile_persistence_allowed=0 dropped=0
2026-08-26T14:37:09.160+00:00	747.281	COMMISSION protocol=asd-quality-v1.6.0 policy=asd-commissioning-policy-v1.0.0-development developmental=1 action=WINDOW phase=COMMISSION_VERIFY index=12 total=22 result=NONE score_valid=1 score=774.230042 level_dbfs=-51.8056564 tonalness_proxy=3.12821722 feature_drift=0
2026-08-26T14:37:11.365+00:00	749.484	FLAGS protocol=asd-quality-v1.6.0 mode=LEARNING state=NO_MACHINE waiting=0 learning=1 learned=0 anomaly=0 hold=0 fault=0 green=blink_5hz red=off guided25_available=1 workflow_pending=DEFAULT research_telemetry=1 profile_persistence_allowed=0 dropped=0
2026-08-26T14:37:16.378+00:00	754.500	FLAGS protocol=asd-quality-v1.6.0 mode=LEARNING state=NO_MACHINE waiting=0 learning=1 learned=0 anomaly=0 hold=0 fault=0 green=blink_5hz red=off guided25_available=1 workflow_pending=DEFAULT research_telemetry=1 profile_persistence_allowed=0 dropped=0
2026-08-26T14:37:19.134+00:00	757.265	COMMISSION protocol=asd-quality-v1.6.0 policy=asd-commissioning-policy-v1.0.0-development developmental=1 action=WINDOW phase=COMMISSION_VERIFY index=13 total=22 result=NONE score_valid=1 score=1214.13855 level_dbfs=-51.8866386 tonalness_proxy=3.16673803 feature_drift=0
2026-08-26T14:37:21.385+00:00	759.515	FLAGS protocol=asd-quality-v1.6.0 mode=LEARNING state=NO_MACHINE waiting=0 learning=1 learned=0 anomaly=0 hold=0 fault=0 green=blink_5hz red=off guided25_available=1 workflow_pending=DEFAULT research_telemetry=1 profile_persistence_allowed=0 dropped=0
2026-08-26T14:37:26.395+00:00	764.515	FLAGS protocol=asd-quality-v1.6.0 mode=LEARNING state=NO_MACHINE waiting=0 learning=1 learned=0 anomaly=0 hold=0 fault=0 green=blink_5hz red=off guided25_available=1 workflow_pending=DEFAULT research_telemetry=1 profile_persistence_allowed=0 dropped=0
2026-08-26T14:37:29.107+00:00	767.234	COMMISSION protocol=asd-quality-v1.6.0 policy=asd-commissioning-policy-v1.0.0-development developmental=1 action=WINDOW phase=COMMISSION_VERIFY index=14 total=22 result=NONE score_valid=1 score=935.606689 level_dbfs=-51.8634071 tonalness_proxy=3.17609692 feature_drift=0
2026-08-26T14:37:31.406+00:00	769.531	FLAGS protocol=asd-quality-v1.6.0 mode=LEARNING state=NO_MACHINE waiting=0 learning=1 learned=0 anomaly=0 hold=0 fault=0 green=blink_5hz red=off guided25_available=1 workflow_pending=DEFAULT research_telemetry=1 profile_persistence_allowed=0 dropped=0
2026-08-26T14:37:36.416+00:00	774.547	FLAGS protocol=asd-quality-v1.6.0 mode=LEARNING state=NO_MACHINE waiting=0 learning=1 learned=0 anomaly=0 hold=0 fault=0 green=blink_5hz red=off guided25_available=1 workflow_pending=DEFAULT research_telemetry=1 profile_persistence_allowed=0 dropped=0
2026-08-26T14:37:39.082+00:00	777.203	COMMISSION protocol=asd-quality-v1.6.0 policy=asd-commissioning-policy-v1.0.0-development developmental=1 action=WINDOW phase=COMMISSION_VERIFY index=15 total=22 result=NONE score_valid=1 score=806.333435 level_dbfs=-51.8035126 tonalness_proxy=3.12256527 feature_drift=0
2026-08-26T14:37:41.425+00:00	779.547	FLAGS protocol=asd-quality-v1.6.0 mode=LEARNING state=NO_MACHINE waiting=0 learning=1 learned=0 anomaly=0 hold=0 fault=0 green=blink_5hz red=off guided25_available=1 workflow_pending=DEFAULT research_telemetry=1 profile_persistence_allowed=0 dropped=0
2026-08-26T14:37:46.441+00:00	784.562	FLAGS protocol=asd-quality-v1.6.0 mode=LEARNING state=NO_MACHINE waiting=0 learning=1 learned=0 anomaly=0 hold=0 fault=0 green=blink_5hz red=off guided25_available=1 workflow_pending=DEFAULT research_telemetry=1 profile_persistence_allowed=0 dropped=0
2026-08-26T14:37:49.121+00:00	787.250	COMMISSION protocol=asd-quality-v1.6.0 policy=asd-commissioning-policy-v1.0.0-development developmental=1 action=WINDOW phase=COMMISSION_VERIFY index=16 total=22 result=NONE score_valid=1 score=1370.5658 level_dbfs=-52.0530128 tonalness_proxy=3.16278172 feature_drift=0
2026-08-26T14:37:51.445+00:00	789.578	FLAGS protocol=asd-quality-v1.6.0 mode=LEARNING state=NO_MACHINE waiting=0 learning=1 learned=0 anomaly=0 hold=0 fault=0 green=blink_5hz red=off guided25_available=1 workflow_pending=DEFAULT research_telemetry=1 profile_persistence_allowed=0 dropped=0
2026-08-26T14:37:56.455+00:00	794.578	FLAGS protocol=asd-quality-v1.6.0 mode=LEARNING state=NO_MACHINE waiting=0 learning=1 learned=0 anomaly=0 hold=0 fault=0 green=blink_5hz red=off guided25_available=1 workflow_pending=DEFAULT research_telemetry=1 profile_persistence_allowed=0 dropped=0
2026-08-26T14:37:59.095+00:00	797.218	COMMISSION protocol=asd-quality-v1.6.0 policy=asd-commissioning-policy-v1.0.0-development developmental=1 action=WINDOW phase=COMMISSION_VERIFY index=17 total=22 result=NONE score_valid=1 score=1048.67017 level_dbfs=-51.7629013 tonalness_proxy=3.08833456 feature_drift=0
2026-08-26T14:38:01.468+00:00	799.593	FLAGS protocol=asd-quality-v1.6.0 mode=LEARNING state=NO_MACHINE waiting=0 learning=1 learned=0 anomaly=0 hold=0 fault=0 green=blink_5hz red=off guided25_available=1 workflow_pending=DEFAULT research_telemetry=1 profile_persistence_allowed=0 dropped=0
2026-08-26T14:38:06.476+00:00	804.609	FLAGS protocol=asd-quality-v1.6.0 mode=LEARNING state=NO_MACHINE waiting=0 learning=1 learned=0 anomaly=0 hold=0 fault=0 green=blink_5hz red=off guided25_available=1 workflow_pending=DEFAULT research_telemetry=1 profile_persistence_allowed=0 dropped=0
2026-08-26T14:38:09.068+00:00	807.187	COMMISSION protocol=asd-quality-v1.6.0 policy=asd-commissioning-policy-v1.0.0-development developmental=1 action=WINDOW phase=COMMISSION_VERIFY index=18 total=22 result=NONE score_valid=1 score=768.954285 level_dbfs=-50.9425354 tonalness_proxy=3.12779236 feature_drift=0
2026-08-26T14:38:11.485+00:00	809.609	FLAGS protocol=asd-quality-v1.6.0 mode=LEARNING state=NO_MACHINE waiting=0 learning=1 learned=0 anomaly=0 hold=0 fault=0 green=blink_5hz red=off guided25_available=1 workflow_pending=DEFAULT research_telemetry=1 profile_persistence_allowed=0 dropped=0
2026-08-26T14:38:16.499+00:00	814.625	FLAGS protocol=asd-quality-v1.6.0 mode=LEARNING state=NO_MACHINE waiting=0 learning=1 learned=0 anomaly=0 hold=0 fault=0 green=blink_5hz red=off guided25_available=1 workflow_pending=DEFAULT research_telemetry=1 profile_persistence_allowed=0 dropped=0
2026-08-26T14:38:19.042+00:00	817.172	COMMISSION protocol=asd-quality-v1.6.0 policy=asd-commissioning-policy-v1.0.0-development developmental=1 action=WINDOW phase=COMMISSION_VERIFY index=19 total=22 result=NONE score_valid=1 score=1332.37561 level_dbfs=-50.8446884 tonalness_proxy=3.16573763 feature_drift=0
2026-08-26T14:38:21.505+00:00	819.625	FLAGS protocol=asd-quality-v1.6.0 mode=LEARNING state=NO_MACHINE waiting=0 learning=1 learned=0 anomaly=0 hold=0 fault=0 green=blink_5hz red=off guided25_available=1 workflow_pending=DEFAULT research_telemetry=1 profile_persistence_allowed=0 dropped=0
2026-08-26T14:38:26.516+00:00	824.640	FLAGS protocol=asd-quality-v1.6.0 mode=LEARNING state=NO_MACHINE waiting=0 learning=1 learned=0 anomaly=0 hold=0 fault=0 green=blink_5hz red=off guided25_available=1 workflow_pending=DEFAULT research_telemetry=1 profile_persistence_allowed=0 dropped=0
2026-08-26T14:38:29.016+00:00	827.140	COMMISSION protocol=asd-quality-v1.6.0 policy=asd-commissioning-policy-v1.0.0-development developmental=1 action=WINDOW phase=COMMISSION_VERIFY index=20 total=22 result=NONE score_valid=1 score=1471.47217 level_dbfs=-50.4801559 tonalness_proxy=3.16871643 feature_drift=0
2026-08-26T14:38:31.527+00:00	829.656	FLAGS protocol=asd-quality-v1.6.0 mode=LEARNING state=NO_MACHINE waiting=0 learning=1 learned=0 anomaly=0 hold=0 fault=0 green=blink_5hz red=off guided25_available=1 workflow_pending=DEFAULT research_telemetry=1 profile_persistence_allowed=0 dropped=0
2026-08-26T14:38:36.536+00:00	834.656	FLAGS protocol=asd-quality-v1.6.0 mode=LEARNING state=NO_MACHINE waiting=0 learning=1 learned=0 anomaly=0 hold=0 fault=0 green=blink_5hz red=off guided25_available=1 workflow_pending=DEFAULT research_telemetry=1 profile_persistence_allowed=0 dropped=0
2026-08-26T14:38:38.990+00:00	837.109	COMMISSION protocol=asd-quality-v1.6.0 policy=asd-commissioning-policy-v1.0.0-development developmental=1 action=WINDOW phase=COMMISSION_VERIFY index=21 total=22 result=NONE score_valid=1 score=723.55658 level_dbfs=-51.0338593 tonalness_proxy=3.1500535 feature_drift=0
2026-08-26T14:38:41.546+00:00	839.672	FLAGS protocol=asd-quality-v1.6.0 mode=LEARNING state=NO_MACHINE waiting=0 learning=1 learned=0 anomaly=0 hold=0 fault=0 green=blink_5hz red=off guided25_available=1 workflow_pending=DEFAULT research_telemetry=1 profile_persistence_allowed=0 dropped=0
2026-08-26T14:38:46.566+00:00	844.687	FLAGS protocol=asd-quality-v1.6.0 mode=LEARNING state=NO_MACHINE waiting=0 learning=1 learned=0 anomaly=0 hold=0 fault=0 green=blink_5hz red=off guided25_available=1 workflow_pending=DEFAULT research_telemetry=1 profile_persistence_allowed=0 dropped=0
2026-08-26T14:38:48.963+00:00	847.093	COMMISSION protocol=asd-quality-v1.6.0 policy=asd-commissioning-policy-v1.0.0-development developmental=1 action=WINDOW phase=MONITORING index=22 total=22 result=NONE score_valid=1 score=556.429504 level_dbfs=-51.6245651 tonalness_proxy=3.12720442 feature_drift=0
2026-08-26T14:38:48.970+00:00	847.093	W (847074) psdlive: DEVELOPMENT profil ostaje samo u RAM-u; NVS save je zabranjen
2026-08-26T14:38:49.005+00:00	847.125	PROFILE protocol=asd-quality-v1.6.0 schema=asd-runtime-profile-v1.0.0-development policy=asd-commissioning-policy-v1.0.0-development developmental=1 valid=1 policy_version=1 policy_id=434d5631 center_windows=10 derive_windows=44 verify_windows=22 level_mean_dbfs=-51.3270874 tonalness_reference=3.05885959 threshold_enter=2832.83325 threshold_exit=1416.41663
2026-08-26T14:38:49.010+00:00	847.140	ADAPTTHR n=44 mean=978.569153 sd=450.302765 k=0 theta=0 p=0.9900 thr=2832.83325 lo=0.000000 factory=0.000000
2026-08-26T14:38:49.019+00:00	847.140	I (847124) psdlive: racun po klipu: 717 ms (rezerva 13.9x), dropped=0
2026-08-26T14:38:49.027+00:00	847.156	PRESENCE protocol=asd-quality-v1.6.0 level_mean_dbfs=-51.3270874 margin_db=11 gate_dbfs=-62.3270874 min_consecutive=3
2026-08-26T14:38:49.050+00:00	847.172	TEMPORAL protocol=asd-quality-v1.6.0 policy=asd-temporal-policy-v2.0.0-development min_consecutive=3 ewma_alpha=0 enter_scale=1 exit_scale=0.699999988 fast_scale=0 threshold_mode=absolute_profile threshold_enter=2832.83325 threshold_exit=1416.41663
2026-08-26T14:38:49.057+00:00	847.187	STATE protocol=asd-quality-v1.6.0 from=NO_MACHINE to=CALIBRATED_NORMAL reason=CALIBRATION_ACCEPTED
2026-08-26T14:38:49.073+00:00	847.203	EVENT protocol=asd-quality-v1.6.0 type=CALIBRATION_ACCEPTED state=CALIBRATED_NORMAL phase=CAL reason=QUALITY_OK event=NONE capability=AVAILABLE level=DEVIATION
2026-08-26T14:38:49.076+00:00	847.203	I (847184) psdlive: LAMPICA STALNO SVIJETLI = ucenje gotovo, nadzirem
2026-08-26T14:38:49.101+00:00	847.234	FLAGS protocol=asd-quality-v1.6.0 mode=READY state=CALIBRATED_NORMAL waiting=0 learning=0 learned=1 anomaly=0 hold=0 fault=0 green=on red=off guided25_available=1 workflow_pending=DEFAULT research_telemetry=1 profile_persistence_allowed=0 dropped=0
2026-08-26T14:38:49.111+00:00	847.234	I (847214) psdlive: --- DETEKCIJA RADI. Sada izazovi kvar. ---
2026-08-26T14:38:49.112+00:00	847.234	I (847224) psdlive: zelena LED (GPIO2) svijetli = normalno; crvena (GPIO11) = ALARM
2026-08-26T14:38:54.084+00:00	852.218	FLAGS protocol=asd-quality-v1.6.0 mode=READY state=CALIBRATED_NORMAL waiting=0 learning=0 learned=1 anomaly=0 hold=0 fault=0 green=on red=off guided25_available=1 workflow_pending=DEFAULT research_telemetry=1 profile_persistence_allowed=0 dropped=0
2026-08-26T14:38:59.003+00:00	857.125	QUALITY protocol=asd-quality-v1.6.0 phase=DET index=1 total=0 result=OK metrics_valid=1 samples=159744 expected=159744 rms_dbfs=-51.025 dc=-0.491 peak=358 clipped=0 zeros=671 stuck=403 dropped_delta=0 feature_valid=1 tonalness_valid=1 tonalness_proxy=3.079685 tonal_gate=pending_normal_only
2026-08-26T14:38:59.013+00:00	857.140	DET 1 score=630.55603 lo=0 hi=2832.83325 led=1 anom=0 total_anom=0 hold=0 normal (uzastopnih=0 nivo=-51.0 dBFS racun=716 ms)
2026-08-26T14:38:59.146+00:00	857.265	FEATURE96 protocol=asd-research-v1.0.0 session=1 phase=DET window=1 window_start_ms=846031 window_end_ms=855905 score=630.55603 level_dbfs=-51.0250931 quality=OK tonalness_proxy=3.07968473 dims=96 fnv1a=bc2af077 values=-10.036685,-10.036685,1.81987762,-10.036685,-10.036685,1.52092648,-10.036685,1.55247784,-10.036685,1.55509567,1.16988659,-10.036685,1.34443092,1.9936533,1.66060352,-10.036685,0.896741867,0.606199265,0.773141861,1.19212246,1.22927094,1.02273941,1.67222977,1.58269596,1.2640276,1.51632977,0.916782379,0.886330605,0.978638649,0.863370895,0.957359314,1.49734974,1.79946613,1.28836441,1.17824554,3.07968473,2.94664288,0.925782204,0.82621479,0.585616112,1.34744072,1.22676945,0.93017292,1.19249725,0.762446404,1.0930891,1.41306782,1.06555271,0.89783287,1.00035667,1.14368916,0.886734009,0.857549667,1.58782482,0.927568436,0.627549171,0.762008667,0.878552437,1.06062317,1.07875633,0.901859283,2.3543539,0.41642952,0.0711641312,0.493798256,0.343345642,0.0827636719,-0.0519914627,0.377718925,0.396971703,0.510635376,-0.0533647537,0.877156258,0.225317001,0.0362119675,0.013800621,0.185322762,0.371738434,0.439793587,0.627482414,0.328156471,0.332091331,0.273152351,0.251244545,0.775388718,0.498373985,0.738233566,0.9882164,0.867294312,0.487550735,0.262993813,0.153347969,0.232815742,0.752887726,0.305833817,0.583141327
2026-08-26T14:38:59.151+00:00	857.281	FLAGS protocol=asd-quality-v1.6.0 mode=READY state=CALIBRATED_NORMAL waiting=0 learning=0 learned=1 anomaly=0 hold=0 fault=0 green=on red=off guided25_available=1 workflow_pending=DEFAULT research_telemetry=1 profile_persistence_allowed=0 dropped=0
2026-08-26T14:38:59.271+00:00	857.390	SUBSEG96 protocol=asd-research-v1.0.0 session=1 phase=DET window=1 group=1 segments=8 dims=96 fnv1a=3acc3ae2 values=-9.98554802,-9.98554802,0.934801102,-9.98554802,-9.98554802,1.3324337,-9.98554802,1.59751511,-9.98554802,1.47698593,1.17360401,-9.98554802,1.04366875,1.56429482,1.19220734,-9.98554802,0.587626457,0.620521545,0.600854874,0.595291138,0.603735924,1.19693279,2.28844643,2.20645571,1.43870831,1.40615463,1.12335682,0.831807137,0.553652763,0.727092743,0.720470428,1.48117256,1.68165207,1.11967754,1.24026108,3.1186552,3.0346837,0.945342064,0.761550903,0.581511497,1.41162205,1.26866913,0.961403847,1.31785202,0.675022125,1.12774849,1.48833179,1.11616993,0.974472046,0.952165604,1.34346199,1.05600548,0.88828373,1.68366528,0.960910797,0.693054199,0.80082798,0.981801987,1.10868931,1.10130501,0.9090271,2.3899641,0.505553246,0.139720917,0.63095665,0.40581131,0.123407364,0.0437707901,0.486153603,0.412067413,0.551299095,-0.0995454788,0.918627739,0.243501663,0.0953359604,0.0544576645,0.191746712,0.413856506,0.526034355,0.708248138,0.359855652,0.392584801,0.394750595,0.307655334,0.813619614,0.535691261,0.78422451,1.07368851,0.887385368,0.52389431,0.32839489,0.134490013,0.292078972,0.734704018,0.309085846,0.669594765
2026-08-26T14:38:59.379+00:00	857.500	SUBSEG96 protocol=asd-research-v1.0.0 session=1 phase=DET window=1 group=2 segments=8 dims=96 fnv1a=8dd2921e values=-10.00494,-10.00494,1.60834312,-10.00494,-10.00494,1.26154232,-10.00494,1.56889725,-10.00494,1.5760622,0.997564316,-10.00494,1.45460987,1.96440029,1.68067074,-10.00494,1.01532364,0.716236115,0.821102142,1.13813305,1.3660059,1.08966351,1.17962933,0.872666359,1.04728413,1.49043369,0.736792564,0.753848076,0.711387634,0.875890732,0.717902184,1.30240154,1.55377102,1.2706213,1.24729347,3.10707331,3.06650352,0.766890526,1.02928162,0.79672718,1.40445614,1.37961674,0.973686218,1.19942951,0.785320282,1.2356739,1.52255344,1.10741997,1.01931,1.01441669,1.16733265,0.82360363,0.909858704,1.47141266,0.9078722,0.753099442,0.787883759,0.901830673,1.17571354,1.14522839,0.977694511,2.37589312,0.435445786,0.114869118,0.49905014,0.272117615,0.179708481,-0.00667572021,0.411882401,0.452094078,0.516464233,0.0568971634,0.919798851,0.350783348,0.0795526505,0.0411596298,0.201534271,0.390221596,0.432528496,0.644020081,0.342885017,0.349450111,0.33598423,0.274794579,0.807618141,0.547157288,0.811514854,0.980782509,0.866229057,0.53384304,0.300519943,0.16439724,0.242806435,0.633207321,0.363343239,0.669346809
2026-08-26T14:38:59.487+00:00	857.609	SUBSEG96 protocol=asd-research-v1.0.0 session=1 phase=DET window=1 group=3 segments=8 dims=96 fnv1a=92a87ebe values=-10.0171385,-10.0171385,1.31769943,-10.0171385,-10.0171385,1.14525986,-10.0171385,1.38254642,-10.0171385,1.38285732,0.872443199,-10.0171385,1.39652157,2.03509521,1.67189789,-10.0171385,0.843153954,0.669086456,1.05605412,1.4168539,1.52709579,1.1104908,1.01697254,0.955408096,1.1923275,1.65450191,0.954817772,0.963541985,0.960479736,0.906227112,1.00518513,1.73045444,1.89718246,1.11073399,1.13629627,3.11871958,2.9589324,1.14324093,0.761526108,0.53430748,1.31886673,1.32148647,1.01676083,1.26873302,0.831647873,1.15086269,1.46937847,1.11307812,0.944718361,1.0513401,1.10296249,0.794798851,0.930671692,1.5893364,0.963887215,0.599123001,0.800848961,0.801117897,1.02759266,1.12451649,0.957574844,2.35105324,0.362839699,0.0156517029,0.50483799,0.383633614,0.0277919769,-0.107046127,0.389306068,0.413686752,0.524352074,-0.0203876495,0.886301994,0.231076241,0.0190248489,0.0557098389,0.189580917,0.431046486,0.464698792,0.648053169,0.352626801,0.40946579,0.331671715,0.282094002,0.844596863,0.453129768,0.776269913,0.995196342,0.901473045,0.535889626,0.27970314,0.209441185,0.311922073,0.756159782,0.35203743,0.567103386
2026-08-26T14:38:59.591+00:00	857.718	SUBSEG96 protocol=asd-research-v1.0.0 session=1 phase=DET window=1 group=4 segments=7 dims=96 fnv1a=bab458f8 values=-10.0229759,-10.0229759,1.7887249,-10.0229759,-10.0229759,1.24203396,-10.0229759,1.55485916,-10.0229759,1.54470634,1.27577972,-10.0229759,1.20433998,2.16279745,1.85801411,-10.0229759,0.973706245,0.605892181,0.705644608,1.30001831,0.977350235,0.966035843,1.2976265,0.994965553,1.25866985,1.48626709,0.773778915,1.03854084,1.03149223,0.804183006,1.0529604,1.40771389,2.03405285,1.52827168,1.25149345,3.09182882,2.9232378,1.03153229,0.946623802,0.644880295,1.30094147,1.19078541,0.93262291,1.17331314,0.93609333,1.07784748,1.23549557,1.08063126,0.748634338,1.11910915,1.09733963,0.852711678,0.863074303,1.60371494,0.968624115,0.562409401,0.714708328,0.929200172,1.10978985,1.0512867,0.929320335,2.38150311,0.488585472,0.154942513,0.506310463,0.300214767,0.076177597,-0.021115303,0.312737465,0.40809536,0.50579071,-0.0925455093,0.875164986,0.239091873,0.0428752899,0.00273227692,0.219184875,0.391541481,0.42774868,0.647698402,0.357225418,0.314832687,0.218506813,0.254180908,0.816802979,0.542731285,0.729783058,1.01913548,0.912386894,0.522248268,0.315988541,0.191249847,0.212608337,0.819485664,0.290327072,0.563965797
2026-08-26T14:38:59.696+00:00	857.828	SUBSEG96 protocol=asd-research-v1.0.0 session=1 phase=DET window=1 group=5 segments=7 dims=96 fnv1a=727b5ff4 values=-10.0412197,-10.0412197,2.34655046,-10.0412197,-10.0412197,2.02369881,-10.0412197,1.71978283,-10.0412197,1.80199337,1.44462395,-10.0412197,1.54878616,2.14298916,1.77752018,-10.0412197,1.04193115,0.493171692,0.570493698,1.25135326,1.23378277,0.703534126,1.04421043,1.22311878,1.3998127,1.6029501,0.992290497,0.910669327,1.34155178,1.04679394,1.20820618,1.53997993,1.80333233,1.40131474,1.11445713,3.0725894,2.81275225,0.6923666,0.626351357,0.36893177,1.40209007,0.961535454,0.857420921,1.07108974,0.633915901,0.914374352,1.39350033,1.0129385,0.850960732,0.959528923,1.05925655,0.972043991,0.79035759,1.67946243,0.949792862,0.610484123,0.809182167,0.881043434,0.965382576,1.07292938,0.830051422,2.38876486,0.394897461,0.0340003967,0.414683342,0.445277214,0.106801987,-0.0652532578,0.381321907,0.409959793,0.56698513,-0.0237846375,0.897378922,0.147023201,0.0556087494,0.0237045288,0.239214897,0.33762455,0.454522133,0.596466064,0.342697144,0.290585518,0.144962311,0.247473717,0.688810349,0.525382996,0.687358856,0.982263565,0.883083344,0.423282623,0.192601204,0.1764431,0.202050209,0.899892807,0.319239616,0.5392313
2026-08-26T14:39:04.095+00:00	862.218	FLAGS protocol=asd-quality-v1.6.0 mode=READY state=CALIBRATED_NORMAL waiting=0 learning=0 learned=1 anomaly=0 hold=0 fault=0 green=on red=off guided25_available=1 workflow_pending=DEFAULT research_telemetry=1 profile_persistence_allowed=0 dropped=0
2026-08-26T14:39:08.977+00:00	867.109	QUALITY protocol=asd-quality-v1.6.0 phase=DET index=2 total=0 result=OK metrics_valid=1 samples=159744 expected=159744 rms_dbfs=-51.125 dc=-0.478 peak=362 clipped=0 zeros=694 stuck=380 dropped_delta=0 feature_valid=1 tonalness_valid=1 tonalness_proxy=3.074395 tonal_gate=pending_normal_only
2026-08-26T14:39:08.989+00:00	867.109	DET 2 score=769.287537 lo=0 hi=2832.83325 led=1 anom=0 total_anom=0 hold=0 normal (uzastopnih=0 nivo=-51.1 dBFS racun=727 ms)
2026-08-26T14:39:09.122+00:00	867.250	FEATURE96 protocol=asd-research-v1.0.0 session=1 phase=DET window=2 window_start_ms=856602 window_end_ms=865879 score=769.287537 level_dbfs=-51.1254845 quality=OK tonalness_proxy=3.0743947 dims=96 fnv1a=b04b2482 values=-10.0393705,-10.0393705,2.22669601,-10.0393705,-10.0393705,1.7432127,-10.0393705,1.8617754,-10.0393705,1.9071722,1.22629738,-10.0393705,1.64698219,2.3310523,2.08831644,-10.0393705,1.14319229,0.743438721,0.756682396,1.01853943,0.97796917,0.592606544,0.81726265,0.893149376,1.35970211,1.65212917,1.07791901,0.797933578,0.793720245,0.938799858,0.939492226,1.34919834,1.50134563,1.36700821,1.10360241,3.0743947,2.84560871,0.965733528,0.743506432,0.681517601,1.40533447,1.2849369,0.991738319,1.21401978,0.77347374,1.0166769,1.29310799,1.10305595,0.914045334,0.941470146,1.11508274,0.992409706,0.826265335,1.66023159,0.949706078,0.669769287,0.727553368,0.907514572,1.0948019,1.10925293,0.857665062,2.36014652,0.409588814,0.0152339935,0.567335129,0.366059303,0.0998697281,-0.0764789581,0.420004845,0.347297668,0.481736183,-0.0457000732,0.804063797,0.178928375,-0.00565338135,0.0256538391,0.164286613,0.352355957,0.433822632,0.656294823,0.327801704,0.309475899,0.257739067,0.264909744,0.721718788,0.484464645,0.727230072,0.985812187,0.896388054,0.477423668,0.229521751,0.172383308,0.186598778,0.871968269,0.308160782,0.524289131
2026-08-26T14:39:09.126+00:00	867.250	FLAGS protocol=asd-quality-v1.6.0 mode=READY state=CALIBRATED_NORMAL waiting=0 learning=0 learned=1 anomaly=0 hold=0 fault=0 green=on red=off guided25_available=1 workflow_pending=DEFAULT research_telemetry=1 profile_persistence_allowed=0 dropped=0
2026-08-26T14:39:09.248+00:00	867.375	SUBSEG96 protocol=asd-research-v1.0.0 session=1 phase=DET window=2 group=1 segments=8 dims=96 fnv1a=299c5e10 values=-10.0617685,-10.0617685,2.75340652,-10.0617685,-10.0617685,2.11614656,-10.0617685,1.96836185,-10.0617685,1.93995619,1.1644249,-10.0617685,1.38487148,1.93521309,1.63450718,-10.0617685,0.99181366,0.639152527,0.794440269,0.920996666,1.0011282,0.766308784,0.885070801,1.02772141,1.28275013,1.38487339,0.996602058,1.01128292,0.986692429,1.02336788,0.919739723,1.47566223,1.56537914,1.02483368,1.24744797,3.06748009,2.91172504,1.02917385,0.75819397,0.751094818,1.63933468,1.39309502,1.24263287,1.32543755,0.830648422,1.07497501,1.35551357,0.96013546,0.964873314,0.960569382,1.13279057,1.03521729,0.845391273,1.56275845,0.896116257,0.717880249,0.800602913,0.957595825,1.05053139,1.19827461,0.763004303,2.32987356,0.310007095,-0.0580291748,0.605953217,0.379078865,0.0506782532,-0.157881737,0.401721001,0.285067558,0.445486069,-0.0704231262,0.802448273,0.200439453,-0.0628614426,-0.0064125061,0.120824814,0.351675987,0.402920723,0.617477417,0.264439583,0.290800095,0.226952553,0.251718521,0.77548027,0.469680786,0.699743271,0.969070435,0.870563507,0.470629692,0.235975266,0.170376778,0.224488258,0.752251625,0.265788078,0.540884018
2026-08-26T14:39:09.358+00:00	867.484	SUBSEG96 protocol=asd-research-v1.0.0 session=1 phase=DET window=2 group=2 segments=8 dims=96 fnv1a=257787cb values=-10.0827723,-10.0827723,1.92472363,-10.0827723,-10.0827723,1.6138649,-10.0827723,2.15737152,-10.0827723,2.22253609,1.49694157,-10.0827723,1.76305294,2.50556231,2.24411535,-10.0827723,1.0229578,0.885492325,0.894294739,1.14469147,1.06513214,0.575309753,0.828518867,0.862055779,1.49448586,1.98092222,1.30854416,0.639550209,0.84647274,1.06865883,1.11998558,1.48309994,1.81197262,1.78526592,1.10940933,3.02507257,2.8258028,0.759176254,0.481984138,0.771203995,1.44080544,1.13672733,0.912052155,1.30400944,0.805164337,0.986804962,1.16569805,1.08973408,0.846128464,0.715929985,0.906274796,0.999539375,0.854374886,1.59971333,0.924147606,0.575470924,0.739627838,0.794037819,1.08295441,1.04103374,0.818932533,2.3059473,0.378047943,0.0445671082,0.500271797,0.321300507,0.0806560516,-0.0453262329,0.424765587,0.298894882,0.469711304,-0.125418663,0.807783127,0.112456322,-0.0137319565,-0.006939888,0.179005623,0.299433708,0.406482697,0.648902893,0.346374512,0.309856415,0.248711586,0.230431557,0.747426987,0.414569855,0.695641518,0.913491249,0.850085258,0.427840233,0.213484764,0.106333733,0.14017868,0.747225761,0.239262581,0.486931801
2026-08-26T14:39:09.462+00:00	867.593	SUBSEG96 protocol=asd-research-v1.0.0 session=1 phase=DET window=2 group=3 segments=8 dims=96 fnv1a=7057a426 values=-9.96949863,-9.96949863,1.2905302,-9.96949863,-9.96949863,1.43340397,-9.96949863,1.76410675,-9.96949863,1.85196781,1.25848007,-9.96949863,1.66215801,2.35255146,2.06777716,-9.96949863,0.872988701,0.411104202,0.627794266,0.736408234,0.750180244,0.610182762,0.800171852,0.84396553,1.46281433,1.45172501,0.869790077,0.742089272,0.747742653,0.813630104,0.91129303,1.22702217,1.26268005,1.28342342,1.19589233,3.1461072,2.85474205,1.10267353,0.881671906,0.510302544,1.2686758,1.14444447,0.627606392,1.12355995,0.803915024,0.921224594,1.2991991,1.27293396,1.02341747,1.04384041,1.24354553,1.01356411,0.79407692,1.73614693,1.02855587,0.75241375,0.742291451,1.0266695,1.15338135,1.08693314,0.969655037,2.43491364,0.538838387,0.050154686,0.668175697,0.452711105,0.247450829,0.0142621994,0.445865631,0.417756081,0.496650696,0.103458405,0.860180855,0.300144196,0.150597572,0.117294312,0.189646721,0.435779572,0.404083252,0.716738701,0.359109879,0.384746552,0.353456497,0.275352478,0.713749886,0.589015961,0.795787811,1.08526993,0.982814789,0.540377617,0.273531914,0.26031208,0.235648155,0.985229492,0.394345284,0.609190941
2026-08-26T14:39:09.569+00:00	867.703	SUBSEG96 protocol=asd-research-v1.0.0 session=1 phase=DET window=2 group=4 segments=7 dims=96 fnv1a=973551d9 values=-9.97700214,-9.97700214,1.71909523,-9.97700214,-9.97700214,1.41120625,-9.97700214,1.04307556,-9.97700214,1.32692146,0.916922569,-9.97700214,1.90189648,2.5229826,2.21869564,-9.97700214,1.40721607,0.780527115,0.585644722,1.14085007,0.9332304,0.387476921,0.696792603,0.994736671,1.45128345,1.74107265,1.14007092,0.895165443,0.616936684,0.882349968,0.849923134,1.37229538,1.30883217,0.957660675,0.993082047,3.14249229,2.84889221,1.00080681,0.874069214,0.592947006,1.22982788,1.36473465,1.06510067,1.21370792,0.809356689,1.1476717,1.40366173,1.08752918,0.919325829,1.03209209,0.962938309,0.972695351,0.851046562,1.71050739,1.0089941,0.754816055,0.687034607,0.882334709,1.13051319,1.09188175,0.851318359,2.43471909,0.52099514,0.128437042,0.542607307,0.412470818,0.12697506,-0.0990133286,0.511936188,0.367888451,0.496526718,-0.0208911896,0.791261673,0.184530258,0.0246515274,0.0850915909,0.190444946,0.415009499,0.510718346,0.741283417,0.383201599,0.366560936,0.292776108,0.324964523,0.689990997,0.538375854,0.790275574,1.05977535,0.937550545,0.523172379,0.259153366,0.25657177,0.253022194,0.9930439,0.378554344,0.571073532
2026-08-26T14:39:09.675+00:00	867.797	SUBSEG96 protocol=asd-research-v1.0.0 session=1 phase=DET window=2 group=5 segments=7 dims=96 fnv1a=6ae5e7c3 values=-9.98568249,-9.98568249,1.84844398,-9.98568249,-9.98568249,1.68384361,-9.98568249,1.60335255,-9.98568249,1.59993076,1.0258646,-9.98568249,1.44498539,2.22190285,2.18330431,-9.98568249,1.37544918,0.92238903,0.841656685,1.12240505,1.13144779,0.584042549,0.925522804,0.759133339,1.00967121,1.31762695,0.96458149,0.661616325,0.676127434,0.880875587,0.867273331,1.05748177,1.07875919,1.05663776,0.933811188,3.10847664,2.87893105,1.00986385,0.790500641,0.777013779,1.30846691,1.43277454,0.941213608,1.08979607,0.680141449,1.03467941,1.34388256,1.18337917,0.905849457,1.04471588,1.33789158,1.03166866,0.881267548,1.80630589,1.00963306,0.64629364,0.740549088,0.964643478,1.17333603,1.21043015,0.987915993,2.41692734,0.401529312,0.014456749,0.614658356,0.372787476,0.0865268707,-0.00058555603,0.425412178,0.481399536,0.610920906,-0.0135002136,0.86102581,0.194810867,-0.0430116653,0.0544748306,0.25211525,0.37419796,0.559143066,0.67124939,0.398771286,0.301054001,0.274577141,0.361275673,0.760444641,0.525688171,0.773777008,1.01768875,0.958607674,0.543927193,0.277021408,0.181797981,0.185684204,0.990041733,0.384748459,0.518307686
2026-08-26T14:39:14.115+00:00	872.234	FLAGS protocol=asd-quality-v1.6.0 mode=READY state=CALIBRATED_NORMAL waiting=0 learning=0 learned=1 anomaly=0 hold=0 fault=0 green=on red=off guided25_available=1 workflow_pending=DEFAULT research_telemetry=1 profile_persistence_allowed=0 dropped=0
2026-08-26T14:39:18.952+00:00	877.078	QUALITY protocol=asd-quality-v1.6.0 phase=DET index=3 total=0 result=OK metrics_valid=1 samples=159744 expected=159744 rms_dbfs=-50.817 dc=-0.494 peak=452 clipped=0 zeros=630 stuck=367 dropped_delta=0 feature_valid=1 tonalness_valid=1 tonalness_proxy=2.950015 tonal_gate=pending_normal_only
2026-08-26T14:39:18.963+00:00	877.093	DET 3 score=2583.21704 lo=0 hi=2832.83325 led=1 anom=0 total_anom=0 hold=0 normal (uzastopnih=0 nivo=-50.8 dBFS racun=716 ms)
2026-08-26T14:39:19.097+00:00	877.218	FEATURE96 protocol=asd-research-v1.0.0 session=1 phase=DET window=3 window_start_ms=866582 window_end_ms=875853 score=2583.21704 level_dbfs=-50.8165398 quality=OK tonalness_proxy=2.95001459 dims=96 fnv1a=900359ce values=-10.1806536,-10.1806536,1.39349556,-10.1806536,-10.1806536,1.4469223,-10.1806536,1.44228268,-10.1806536,1.36394596,0.9584198,-10.1806536,1.43294811,2.24142694,2.23982334,-10.1806536,1.5401783,1.18801212,1.3689127,1.5858593,1.42365456,0.882483482,0.994887352,1.23461342,1.28049946,1.68858433,1.84706974,2.04510546,1.62283516,1.62717152,1.82344818,2.02506924,1.77634907,1.87755346,1.67061329,2.95001459,2.73227692,1.079669,1.27118778,0.977426529,1.50912285,1.2644186,0.778720856,1.05587673,0.619726181,0.929303169,1.19559383,0.993484497,0.726451874,0.930114746,1.30682945,0.926920891,0.693517685,1.49792385,0.786137581,0.557482719,0.612052917,0.817647934,0.996665955,0.96412468,0.677442551,2.21034956,0.234092712,-0.0667285919,0.362821579,0.194065094,-0.0490493774,-0.161948204,0.251843452,0.240871429,0.384492874,-0.168865204,0.692357063,0.0761432648,-0.134003639,-0.133821487,0.0302677155,0.223809242,0.290694237,0.457856178,0.186386108,0.21122551,0.134854317,0.12216568,0.61439991,0.349803925,0.544529915,0.831243515,0.754897118,0.329558372,0.103406906,0.042927742,0.0873012543,0.743022919,0.182070732,0.400187492
2026-08-26T14:39:19.201+00:00	877.328	SUBSEG96 protocol=asd-research-v1.0.0 session=1 phase=DET window=3 group=1 segments=8 dims=96 fnv1a=9a1c0ecb values=-10.0833178,-10.0833178,1.98400211,-10.0833178,-10.0833178,2.00441122,-10.0833178,1.80879498,-10.0833178,1.66262817,1.24461365,-10.0833178,1.52894878,2.2531867,2.14030552,-10.0833178,1.50510597,0.839806557,0.83053875,1.11198139,1.1598568,0.817534447,0.701622009,1.06138992,1.35114288,1.49035072,1.08688927,1.19219971,1.34176922,1.39560032,1.09577656,1.07933044,1.35816097,1.17547607,1.35459328,3.01147318,2.83134556,1.07260418,0.979166031,0.63561821,1.35177231,1.40378761,1.08647346,1.15811825,0.769317627,0.954458237,1.33797359,1.07390881,0.819577217,0.961170197,1.58934212,1.04596901,0.745602608,1.61765003,0.792880058,0.514824867,0.685824394,0.897352219,1.03689194,1.12661743,0.772623062,2.31964064,0.342045784,0.0594511032,0.487374306,0.240940094,0.0458192825,-0.0224313736,0.273392677,0.273605347,0.519869804,-0.143208504,0.766156197,0.13265419,-0.0667867661,-0.0379991531,0.108244896,0.304951668,0.354454994,0.633885384,0.274144173,0.273017883,0.219631195,0.231352806,0.755604744,0.429771423,0.625029564,0.930157661,0.841632843,0.424039841,0.210639954,0.174487114,0.193709373,0.816148758,0.291360855,0.535220146
2026-08-26T14:39:19.208+00:00	877.328	FLAGS protocol=asd-quality-v1.6.0 mode=READY state=CALIBRATED_NORMAL waiting=0 learning=0 learned=1 anomaly=0 hold=0 fault=0 green=on red=off guided25_available=1 workflow_pending=DEFAULT research_telemetry=1 profile_persistence_allowed=0 dropped=0
2026-08-26T14:39:19.333+00:00	877.453	SUBSEG96 protocol=asd-research-v1.0.0 session=1 phase=DET window=3 group=2 segments=8 dims=96 fnv1a=7d4a6d42 values=-10.319066,-10.319066,0.92159462,-10.319066,-10.319066,0.972688675,-10.319066,0.919359207,-10.319066,0.944050789,0.98226738,-10.319066,1.55504227,2.5147934,2.61634922,-10.319066,1.95099258,1.64719391,1.84418297,2.03642082,1.81913853,1.21099567,1.26974487,1.54863644,1.48444271,2.01913404,2.32470131,2.56096554,2.0972805,2.09129286,2.32390356,2.53022337,2.22027922,2.36051893,2.10775471,2.88759232,2.58323622,1.33448696,1.70054436,1.34948826,1.87899208,1.45936966,0.694351196,1.01647949,0.55128479,0.88778019,1.09751797,0.863451958,0.487413406,0.786137581,1.19309521,0.864006042,0.55292511,1.48700905,0.626806259,0.423897743,0.469562531,0.636309624,0.83263588,0.816587448,0.515270233,2.08687162,0.179615974,-0.270299911,0.271552086,0.088350296,-0.159296036,-0.359960556,0.0581350327,0.0820674896,0.287061691,-0.286711693,0.507425308,-0.0634441376,-0.278381348,-0.304040909,-0.115660667,0.091334343,0.155294418,0.257266998,0.0928630829,0.0801076889,-0.0658130646,0.00436210632,0.360628128,0.235260963,0.427223206,0.734671593,0.626897812,0.223162651,-0.0751361847,-0.0880708694,-0.0862808228,0.690610886,0.0894479752,0.204927444
2026-08-26T14:39:19.437+00:00	877.562	SUBSEG96 protocol=asd-research-v1.0.0 session=1 phase=DET window=3 group=3 segments=8 dims=96 fnv1a=29354c8c values=-10.0116377,-10.0116377,1.32399845,-10.0116377,-10.0116377,1.39796257,-10.0116377,1.56954479,-10.0116377,1.41234875,0.884797096,-10.0116377,1.69958782,2.35923576,2.12863302,-10.0116377,1.03056717,0.599161148,0.435562134,0.907440186,0.766924858,0.644763947,1.08972168,1.22655678,1.3945713,1.71260262,1.55110455,1.08635044,0.520927429,0.861847878,0.88604641,1.00772285,1.21273994,1.15343094,0.995471001,3.1165328,2.88853455,1.05314064,0.955331802,0.954768181,1.33580399,1.21439552,0.835526466,1.26520824,0.857516289,1.10981846,1.23599243,1.21887493,0.953902245,0.999785423,1.54939651,1.1231308,0.837492943,1.65423965,0.913628578,0.836820602,0.918682098,1.03090668,1.07265377,1.12249565,0.843087196,2.36791372,0.277712822,0.102515221,0.519462585,0.400840759,0.104024887,-0.0724849701,0.449022293,0.526512146,0.571094513,0.0105705261,0.875844955,0.262259483,0.0147323608,0.045129776,0.222602844,0.401014328,0.434859276,0.545937538,0.344608307,0.376441002,0.292880058,0.313788414,0.793135643,0.515199661,0.662445068,0.981688499,0.958055496,0.505963326,0.26116848,0.227506638,0.253373146,0.911136627,0.289787292,0.588997841
2026-08-26T14:39:19.552+00:00	877.672	SUBSEG96 protocol=asd-research-v1.0.0 session=1 phase=DET window=3 group=4 segments=7 dims=96 fnv1a=c19e6ab2 values=-9.96108341,-9.96108341,1.14913273,-9.96108341,-9.96108341,1.34905338,-9.96108341,1.49837494,-9.96108341,1.37731075,0.774004936,-9.96108341,1.22892284,1.76014233,1.5510416,-9.96108341,0.9198246,0.578349113,0.599048615,1.06937027,1.21735477,0.736040115,0.768134117,0.804800034,1.2494545,1.58317661,0.939869881,0.699385643,0.812732697,0.863901138,1.05331135,1.28337193,1.45444775,1.12072277,1.28081512,3.1412282,2.95508957,1.02179337,0.782427788,0.526963234,1.15123177,1.09817028,0.864999771,1.28009033,0.671684265,1.25440311,1.46276379,1.2933569,0.89294529,1.34036922,1.32950687,0.959897041,0.964828491,1.65236378,1.09849453,0.82738781,0.749285698,0.994287491,1.39097118,1.14682388,0.890919685,2.42552853,0.499434471,0.119235039,0.554649353,0.411815643,0.192279816,0.129038811,0.419511795,0.451053619,0.516854286,0.0776844025,0.960336685,0.304626465,0.100183487,0.107736588,0.239159584,0.395673752,0.519029617,0.716356277,0.398570061,0.484279633,0.360994339,0.290933609,0.839075089,0.560296059,0.802443504,1.04977512,0.989963531,0.497711182,0.324766159,0.220453262,0.325932503,0.924823761,0.417129517,0.596874237
2026-08-26T14:39:19.652+00:00	877.781	SUBSEG96 protocol=asd-research-v1.0.0 session=1 phase=DET window=3 group=5 segments=7 dims=96 fnv1a=8950bb16 values=-9.97906685,-9.97906685,1.12288857,-9.97906685,-9.97906685,1.28259754,-9.97906685,1.68864346,-9.97906685,1.74913692,1.13976574,-9.97906685,1.23568249,1.9556694,1.8193388,-9.97906685,0.929678917,0.555325508,1.01139164,1.31901741,1.3044939,0.701653481,1.03063679,1.208601,0.915614128,1.17689896,0.964852333,0.760158539,0.862836838,0.727931023,0.979103088,1.27371597,1.30505085,1.41375923,1.3149271,3.12558222,2.95449495,0.931716919,0.698081017,0.737381935,1.2226305,1.24826527,0.800274849,1.01519299,0.712389946,0.897032738,1.37076092,1.01452923,1.00643635,1.06556225,1.18885326,1.12843609,0.918899536,1.55791569,1.04269886,0.687843323,0.726214409,1.07022667,1.16735363,1.1424427,0.916164398,2.39777517,0.391616821,0.197293282,0.513329506,0.367100716,0.116189003,0.0577287674,0.585597038,0.38679409,0.548441887,0.0441322327,0.902432442,0.294342041,0.11293602,0.0704927444,0.244976997,0.470081329,0.541593552,0.67056942,0.363587379,0.390240669,0.415085793,0.307006836,0.860305786,0.555883408,0.755187988,1.00154209,0.896014214,0.536366463,0.346240997,0.216346741,0.300723076,0.897573471,0.363735199,0.616552353
2026-08-26T14:39:24.135+00:00	882.265	FLAGS protocol=asd-quality-v1.6.0 mode=READY state=CALIBRATED_NORMAL waiting=0 learning=0 learned=1 anomaly=0 hold=0 fault=0 green=on red=off guided25_available=1 workflow_pending=DEFAULT research_telemetry=1 profile_persistence_allowed=0 dropped=0
2026-08-26T14:39:28.927+00:00	887.047	QUALITY protocol=asd-quality-v1.6.0 phase=DET index=4 total=0 result=OK metrics_valid=1 samples=159744 expected=159744 rms_dbfs=-51.523 dc=-0.483 peak=333 clipped=0 zeros=735 stuck=407 dropped_delta=0 feature_valid=1 tonalness_valid=1 tonalness_proxy=3.110009 tonal_gate=pending_normal_only
2026-08-26T14:39:28.936+00:00	887.062	DET 4 score=786.58667 lo=0 hi=2832.83325 led=1 anom=0 total_anom=0 hold=0 normal (uzastopnih=0 nivo=-51.5 dBFS racun=716 ms)
2026-08-26T14:39:29.067+00:00	887.187	FEATURE96 protocol=asd-research-v1.0.0 session=1 phase=DET window=4 window_start_ms=876562 window_end_ms=885828 score=786.58667 level_dbfs=-51.523407 quality=OK tonalness_proxy=3.11000919 dims=96 fnv1a=ad037e41 values=-9.99781513,-9.99781513,1.16669273,-9.99781513,-9.99781513,1.1557827,-9.99781513,1.55372906,-9.99781513,1.56962872,1.22184944,-9.99781513,1.51034164,2.13514423,1.85015202,-9.99781513,1.02662468,0.686882019,0.915578842,1.59465313,1.35828781,0.745360374,1.12438393,1.05722427,1.28552532,1.31415844,0.832514763,0.922870636,0.80219841,0.78386116,0.996135712,1.28805351,1.37942028,1.19862747,1.10490894,3.11000919,2.91003609,1.02022743,0.879246712,0.669839859,1.28427982,1.30586052,0.965067863,1.22544765,0.754113197,0.905767441,1.37988663,1.12756824,0.900822639,1.01054955,1.19123268,0.977905273,0.865433693,1.66063499,0.965374947,0.712778091,0.698019028,0.971028328,1.09752846,1.12048817,0.827736855,2.37100506,0.441997528,0.0891551971,0.549420357,0.36628437,0.0589828491,-0.00306892395,0.434660912,0.403520584,0.517123222,0.0135698318,0.939237595,0.22770977,0.0494728088,0.0950546265,0.202252388,0.412804604,0.47059536,0.671064377,0.341761589,0.364421844,0.295692444,0.327709198,0.789660454,0.543089867,0.752968788,1.03935051,0.914745331,0.509842873,0.26505661,0.213684082,0.28205204,0.93338871,0.362247467,0.618412018
2026-08-26T14:39:29.175+00:00	887.297	SUBSEG96 protocol=asd-research-v1.0.0 session=1 phase=DET window=4 group=1 segments=8 dims=96 fnv1a=4cdb3d1c values=-9.97958088,-9.97958088,1.07146931,-9.97958088,-9.97958088,1.1028614,-9.97958088,0.93827343,-9.97958088,0.954903603,0.860981941,-9.97958088,1.42238617,2.04121733,1.8049984,-9.97958088,0.944325447,0.443608284,0.969889641,1.6234026,1.48476124,0.715354919,1.30138969,1.30048275,1.26516628,1.30366135,0.847226143,1.02678013,0.951441765,0.606964111,0.756056786,1.56273174,1.60890961,0.981952667,1.28101444,3.13842821,2.95696688,0.941830635,0.981698036,0.844750404,1.31373978,1.26388073,1.03935242,1.19254398,0.793506622,1.00734806,1.57587051,1.15543747,0.847594261,0.996474266,1.17238903,0.972997665,0.854026794,1.68995571,1.01879501,0.634569168,0.767456055,0.997097969,1.03226471,1.13598728,0.784725189,2.38814545,0.495028496,0.0613527298,0.547686577,0.334062576,0.091126442,0.0622243881,0.403634071,0.425663948,0.497036934,-0.0173549652,0.886900902,0.270953178,0.0363292694,0.113554001,0.227909088,0.407087326,0.540865898,0.727908134,0.406291008,0.366995811,0.375497818,0.354459763,0.816206932,0.582184792,0.7821064,1.08581734,0.921413422,0.556687355,0.26082325,0.265696526,0.295125961,1.03663254,0.341614723,0.606910706
2026-08-26T14:39:29.182+00:00	887.312	FLAGS protocol=asd-quality-v1.6.0 mode=READY state=CALIBRATED_NORMAL waiting=0 learning=0 learned=1 anomaly=0 hold=0 fault=0 green=on red=off guided25_available=1 workflow_pending=DEFAULT research_telemetry=1 profile_persistence_allowed=0 dropped=0
2026-08-26T14:39:29.303+00:00	887.437	SUBSEG96 protocol=asd-research-v1.0.0 session=1 phase=DET window=4 group=2 segments=8 dims=96 fnv1a=b6778cd3 values=-9.96724033,-9.96724033,1.36449242,-9.96724033,-9.96724033,1.22934723,-9.96724033,1.41453457,-9.96724033,1.5085268,0.841050148,-9.96724033,1.33303165,2.11452532,1.82062817,-9.96724033,0.779504776,0.4587183,0.87432766,1.5648737,1.32748222,0.819651604,1.26876831,1.2146492,1.44585705,1.42389584,0.878342628,0.840971947,0.776384354,0.917887688,0.809029579,1.16514301,1.43212605,1.26337814,1.1202364,3.1255064,2.90374613,1.03569889,0.865231514,0.630172729,1.15553379,1.47635078,0.86998558,1.17159081,0.674789429,0.84083271,1.25960064,1.10145664,0.851855278,1.0761261,1.26959133,0.919839859,0.966570854,1.64884377,0.970024109,0.744286537,0.693356514,0.990124702,1.04697895,1.09112644,0.868650436,2.37914705,0.51839447,0.16241169,0.565280914,0.375268936,0.0331497192,0.0530118942,0.493437767,0.358667374,0.523328781,0.0235385895,0.973397255,0.24885273,0.0306882858,0.180687904,0.181690216,0.413674355,0.493107796,0.620351791,0.335794449,0.450102806,0.294762611,0.354463577,0.760245323,0.521962166,0.81808567,1.03322792,0.93029213,0.505210876,0.217819214,0.269627571,0.302034378,1.02897739,0.41455555,0.617430687
2026-08-26T14:39:29.409+00:00	887.531	SUBSEG96 protocol=asd-research-v1.0.0 session=1 phase=DET window=4 group=3 segments=8 dims=96 fnv1a=e529099b values=-9.9631443,-9.9631443,1.10511398,-9.9631443,-9.9631443,1.11692619,-9.9631443,1.5637989,-9.9631443,1.41800022,0.567926407,-9.9631443,1.31262207,2.04681063,1.78308296,-9.9631443,1.06200886,0.808755875,0.902453423,1.48989582,1.24350643,0.817523956,0.865576744,0.727581978,1.28932953,1.2808094,1.02072239,0.902654648,0.715189934,0.901497841,1.21673584,1.22011852,1.29729939,1.17397404,0.979179382,3.1471653,2.98002577,0.840108871,0.875572205,0.552765846,1.30201817,1.19944477,0.837677956,1.2633791,0.79119873,0.862844467,1.35107231,1.16690445,0.959776878,1.03783894,1.2286787,1.01595306,0.862851143,1.70306873,1.00789261,0.751365662,0.78623867,0.951435089,1.03553391,1.22735119,0.857557297,2.40793276,0.429018021,0.099240303,0.55200386,0.359163284,0.108639717,0.0543861389,0.408939362,0.478574753,0.544940948,0.044760704,1.02461243,0.279985428,0.106424332,0.153470993,0.289040565,0.46975708,0.507267952,0.738724709,0.385298729,0.391592979,0.341823578,0.401098251,0.878543854,0.583868027,0.824903488,1.0289402,0.963669777,0.558460236,0.383394241,0.202935219,0.35243988,0.862088203,0.381808281,0.682623863
2026-08-26T14:39:29.513+00:00	887.640	SUBSEG96 protocol=asd-research-v1.0.0 session=1 phase=DET window=4 group=4 segments=7 dims=96 fnv1a=74f5ab4e values=-10.0146141,-10.0146141,1.1917305,-10.0146141,-10.0146141,1.20135021,-10.0146141,1.905756,-10.0146141,1.99736118,1.7579689,-10.0146141,1.80574512,2.17777681,1.73699474,-10.0146141,1.02299309,0.620148659,0.129606247,1.41003227,1.20475483,0.609443665,0.878468513,0.877296448,1.39644718,1.32501793,0.668999672,0.735102654,0.788659096,0.7231884,1.07044315,1.23876476,1.12587261,1.26961422,1.04793549,3.10762739,2.94020605,1.33891582,0.997673988,0.750541687,1.38891506,1.384902,1.14029789,1.34433174,0.79691124,0.867726326,1.46586609,1.16083336,1.01725101,0.972699165,1.1618557,0.927542686,0.830600739,1.64163685,0.930641174,0.754274368,0.661247253,1.00767422,1.19639301,1.13343716,0.867968559,2.36998558,0.401611328,0.0884170532,0.547671318,0.465447426,0.050825119,-0.0916290283,0.395898819,0.391039848,0.546128273,-0.00248336792,0.947245598,0.190113068,0.064037323,0.0792074203,0.176841736,0.394925117,0.416118622,0.692142487,0.293215752,0.335217476,0.297953606,0.289889336,0.843254089,0.526169777,0.684102058,1.03089523,0.875617027,0.518918037,0.26785183,0.193504333,0.292757034,0.806101799,0.349010468,0.683520317
2026-08-26T14:39:29.621+00:00	887.750	SUBSEG96 protocol=asd-research-v1.0.0 session=1 phase=DET window=4 group=5 segments=7 dims=96 fnv1a=befa6c39 values=-9.99709034,-9.99709034,1.09786701,-9.99709034,-9.99709034,1.18887234,-9.99709034,1.54213524,-9.99709034,1.42148399,1.06877899,-9.99709034,1.55407906,2.31840944,2.09156752,-9.99709034,1.26874447,0.962791443,1.22255039,1.83956432,1.51435089,0.801444054,1.17608929,0.960219383,0.925470352,1.29012012,0.719946861,1.09169102,0.806589127,0.767645836,1.04560661,1.15386391,1.3410778,1.31523037,1.09673023,3.09820509,2.81596327,0.75957489,0.656842232,0.551094055,1.30291939,1.20069027,0.934067726,1.20550537,0.773948669,0.992336273,1.19072056,1.11937904,0.87463665,1.0335331,1.18399143,1.10435486,0.86978817,1.68712044,0.961474419,0.743340492,0.623556137,0.977058411,1.21800995,1.06417274,0.826351166,2.37924528,0.420042992,0.0993947983,0.605355263,0.358045578,0.0774860382,-0.0525522232,0.530050278,0.425647736,0.545418739,0.0871591568,0.922964096,0.209022522,0.0785179138,-0.0130138397,0.194720268,0.446629524,0.450576782,0.629638672,0.347058296,0.335300446,0.215744019,0.296007156,0.692093849,0.567531586,0.701581001,1.0850544,0.949250221,0.47079277,0.246296883,0.196706772,0.226119041,0.951322556,0.39236927,0.557518959
2026-08-26T14:39:34.145+00:00	892.265	FLAGS protocol=asd-quality-v1.6.0 mode=READY state=CALIBRATED_NORMAL waiting=0 learning=0 learned=1 anomaly=0 hold=0 fault=0 green=on red=off guided25_available=1 workflow_pending=DEFAULT research_telemetry=1 profile_persistence_allowed=0 dropped=0
2026-08-26T14:39:38.900+00:00	897.031	QUALITY protocol=asd-quality-v1.6.0 phase=DET index=5 total=0 result=OK metrics_valid=1 samples=159744 expected=159744 rms_dbfs=-51.726 dc=-0.499 peak=318 clipped=0 zeros=723 stuck=416 dropped_delta=0 feature_valid=1 tonalness_valid=1 tonalness_proxy=3.133287 tonal_gate=pending_normal_only
2026-08-26T14:39:38.911+00:00	897.031	DET 5 score=610.866821 lo=0 hi=2832.83325 led=1 anom=0 total_anom=0 hold=0 normal (uzastopnih=0 nivo=-51.7 dBFS racun=716 ms)
2026-08-26T14:39:39.044+00:00	897.172	FEATURE96 protocol=asd-research-v1.0.0 session=1 phase=DET window=5 window_start_ms=886532 window_end_ms=895802 score=610.866821 level_dbfs=-51.7260742 quality=OK tonalness_proxy=3.13328743 dims=96 fnv1a=52d83ecc values=-10.0007639,-10.0007639,1.12998962,-10.0007639,-10.0007639,1.24200344,-10.0007639,1.64887238,-10.0007639,1.58247662,0.891187668,-10.0007639,1.11277294,1.54342747,1.37899494,-10.0007639,0.836457253,0.696439743,0.970327377,1.37560368,1.26803684,0.801326752,1.30037403,1.54799271,1.58334064,1.55144882,1.4004755,1.37579155,0.990787506,0.926877022,1.15727234,1.36968517,1.41390228,1.37425804,1.27075386,3.13328743,2.81423473,0.900298119,0.849225998,0.719695091,1.26706886,1.22677135,0.814596176,1.22671127,0.67076683,0.965893745,1.3429327,1.06982327,0.884998322,1.01200294,1.0852108,1.02128029,0.840937614,1.69381809,0.899596214,0.728269577,0.731032372,0.869045258,1.07312298,1.11843872,0.901032448,2.37657356,0.46206665,0.0486745834,0.520859718,0.361463547,0.0737295151,-0.000643730164,0.44189167,0.373576164,0.524508476,-0.0115594864,0.888106346,0.23670578,-0.0124740601,0.103009224,0.199047089,0.413596153,0.462873459,0.59303093,0.361370087,0.356446266,0.238934517,0.321796417,0.731548309,0.553661346,0.766674042,1.04905701,0.939923286,0.517449379,0.26718235,0.18877697,0.230279922,0.878248215,0.36596489,0.582902908
2026-08-26T14:39:39.146+00:00	897.265	SUBSEG96 protocol=asd-research-v1.0.0 session=1 phase=DET window=5 group=1 segments=8 dims=96 fnv1a=276956a2 values=-9.96060658,-9.96060658,1.12325859,-9.96060658,-9.96060658,1.2582283,-9.96060658,1.33000851,-9.96060658,1.21297264,0.635604858,-9.96060658,1.34244347,1.57225323,1.21124744,-9.96060658,0.964840889,0.906594276,1.20713425,1.83806992,1.57599068,0.7640028,1.15279579,1.0546217,1.39614487,1.38780975,0.984093666,1.03124714,0.942761421,1.01295185,0.988907814,1.21199608,1.26209736,1.27581215,1.1499424,3.17162323,2.7688632,1.13105965,0.8012743,0.584014893,1.2723074,1.25755882,0.851991653,1.14494228,0.602923393,1.07508278,1.33953953,1.11716652,0.863596916,1.11092758,1.08259869,1.01662922,0.904353142,1.69613743,0.946574211,0.80214119,0.776950836,0.914430618,1.08913898,1.22446537,0.975073814,2.44047594,0.466722488,0.0230312347,0.541441917,0.412047386,0.19861412,0.0030412674,0.488243103,0.399090767,0.513093948,0.0636768341,0.889326096,0.311238289,-0.0163793564,0.14763546,0.232149124,0.438682556,0.448756218,0.598320961,0.350785255,0.407097816,0.219098091,0.368496895,0.699701309,0.616552353,0.783394814,1.09341526,0.994165421,0.581900597,0.24818325,0.198589325,0.283507347,0.850297928,0.435453415,0.639944077
2026-08-26T14:39:39.254+00:00	897.375	SUBSEG96 protocol=asd-research-v1.0.0 session=1 phase=DET window=5 group=2 segments=8 dims=96 fnv1a=4488a4a4 values=-9.97184658,-9.97184658,0.917864799,-9.97184658,-9.97184658,0.940420151,-9.97184658,1.34886932,-9.97184658,1.37895489,0.998438835,-9.97184658,1.25028801,1.74609756,1.46931934,-9.97184658,0.751018524,0.537209511,0.905312538,1.24323177,1.31675339,1.00776482,1.6973114,1.63754368,1.64152336,1.57294369,1.21220493,0.778795242,0.782227516,0.868721008,1.02214622,1.22668362,1.51856327,1.35551453,1.04423428,3.15807056,2.83288288,0.958993912,0.757756233,0.723313332,1.24608135,1.24058437,0.660734177,1.23260975,0.784959793,0.98433876,1.44455147,1.05558872,1.00774384,1.06215191,1.1604023,1.09837627,0.876922607,1.76876163,0.788410187,0.689616203,0.627023697,0.868191719,1.1062851,1.07620907,0.951917648,2.42150831,0.52880764,0.113910675,0.532654762,0.3188591,0.142580032,0.054766655,0.495865822,0.42483139,0.570948601,0.0122098923,0.89675045,0.301599503,0.0317745209,0.148522377,0.204586983,0.472382545,0.494412422,0.612031937,0.369066238,0.333813667,0.245212555,0.349788666,0.732211113,0.575562477,0.764336586,1.09651661,0.956145287,0.538710594,0.306343079,0.222977638,0.249417305,0.937690735,0.394544601,0.590901375
2026-08-26T14:39:39.263+00:00	897.390	FLAGS protocol=asd-quality-v1.6.0 mode=READY state=CALIBRATED_NORMAL waiting=0 learning=0 learned=1 anomaly=0 hold=0 fault=0 green=on red=off guided25_available=1 workflow_pending=DEFAULT research_telemetry=1 profile_persistence_allowed=0 dropped=0
2026-08-26T14:39:39.385+00:00	897.515	SUBSEG96 protocol=asd-research-v1.0.0 session=1 phase=DET window=5 group=3 segments=8 dims=96 fnv1a=8adf751b values=-10.0547972,-10.0547972,1.05812454,-10.0547972,-10.0547972,1.34664249,-10.0547972,1.98641348,-10.0547972,1.85186005,0.994107246,-10.0547972,0.851781845,1.123806,1.16449451,-10.0547972,0.880017281,0.880539894,1.09273911,1.2262392,1.31276321,0.830305099,0.974380493,1.56459045,1.61278439,1.72741604,1.71063519,1.73362541,1.27415752,0.993620872,1.42039299,1.52080441,1.4692688,1.64455032,1.61705685,3.08106136,2.86209774,0.756191254,1.02144051,0.945435524,1.35301113,1.20019054,0.901802063,1.33350468,0.621795654,0.789727211,1.26427841,0.968438148,0.82034874,0.924877167,1.20145416,1.04026985,0.75558567,1.63926029,0.926300049,0.717173576,0.797224998,0.887915611,1.09999275,1.09438324,0.837888718,2.28433323,0.433162689,0.0248966217,0.388597488,0.389657974,0.00494861603,-0.115416527,0.392075539,0.309381485,0.488927841,-0.0823411942,0.878211021,0.117519379,-0.0523519516,-0.00743484497,0.169452667,0.353281021,0.476481438,0.585241318,0.346861839,0.307742119,0.21848774,0.311667442,0.776148796,0.456803322,0.721610069,1.00117302,0.868309021,0.415642738,0.273193359,0.148115158,0.189694405,0.800644875,0.307374001,0.551474571
2026-08-26T14:39:39.490+00:00	897.609	SUBSEG96 protocol=asd-research-v1.0.0 session=1 phase=DET window=5 group=4 segments=7 dims=96 fnv1a=31ce0b3a values=-9.95547962,-9.95547962,1.25132847,-9.95547962,-9.95547962,1.30026817,-9.95547962,1.73039722,-9.95547962,1.68448925,0.743666649,-9.95547962,1.1674509,1.73035908,1.44893837,-9.95547962,0.703956604,0.474692345,0.665898323,0.840182304,0.801635742,0.658084869,1.210639,1.8902359,1.7555027,1.50994778,0.953900337,1.06907845,0.947486877,0.992041588,1.04097366,1.45332813,1.40347576,1.29053211,1.0249033,3.1748023,2.88733292,0.920881271,0.957369804,0.679215431,1.31380177,1.23966408,0.903347969,1.22381115,0.608587265,0.950828552,1.31495762,1.08638573,0.710453987,0.923117638,0.894813538,1.02225018,0.839987755,1.70421696,1.00468159,0.709997177,0.764904022,0.883867264,1.12865448,1.20358562,0.900779724,2.41753387,0.49460125,0.0947780609,0.568449974,0.384338379,0.0724239349,0.0753154755,0.437097549,0.399062157,0.542200089,-0.0872402191,0.944472313,0.271121025,-0.0206241608,0.153157234,0.256155014,0.426614761,0.472409248,0.645030975,0.464579582,0.44791317,0.3029356,0.37701416,0.81143856,0.597233772,0.807254791,1.1191597,0.972230911,0.593684196,0.306401253,0.25564003,0.267575264,1.03203392,0.421138763,0.624952316
2026-08-26T14:39:39.595+00:00	897.718	SUBSEG96 protocol=asd-research-v1.0.0 session=1 phase=DET window=5 group=5 segments=7 dims=96 fnv1a=63d639e0 values=-9.95599842,-9.95599842,1.3386097,-9.95599842,-9.95599842,1.34208012,-9.95599842,1.38391113,-9.95599842,1.51274109,1.01495838,-9.95599842,0.821653366,1.45266914,1.61571693,-9.95599842,0.904519081,0.421422958,0.753829002,1.06183147,0.884023666,0.704079628,1.17516232,1.24971199,1.53369427,1.51557541,1.58204937,1.53180122,0.762589455,0.795714378,1.14487362,1.41849804,1.45145607,1.04148388,1.10826874,3.1864357,2.79483604,0.692130089,0.633957863,0.535833359,1.20078945,1.29715157,0.791498184,1.24067879,0.798129082,1.10416222,1.43652725,1.2187624,1.04378319,1.10860157,1.0588131,1.00340939,0.926652908,1.75818062,0.906219482,0.810378075,0.752380371,0.877939224,1.01698494,1.070467,0.933124542,2.42089987,0.482978821,0.0831766129,0.672024727,0.387516975,0.0125980377,0.083990097,0.49246788,0.438936234,0.607839584,0.113712311,0.93375206,0.277584076,0.0918951035,0.177809715,0.237050056,0.47773838,0.513567924,0.624558449,0.374130249,0.389616013,0.312911987,0.291031837,0.716957092,0.627058029,0.863103867,1.03030491,1.01408672,0.561953545,0.295426369,0.223198891,0.263079643,0.857116699,0.369739532,0.607580185
2026-08-26T14:39:44.166+00:00	902.297	FLAGS protocol=asd-quality-v1.6.0 mode=READY state=CALIBRATED_NORMAL waiting=0 learning=0 learned=1 anomaly=0 hold=0 fault=0 green=on red=off guided25_available=1 workflow_pending=DEFAULT research_telemetry=1 profile_persistence_allowed=0 dropped=0
2026-08-26T14:39:48.875+00:00	907.000	QUALITY protocol=asd-quality-v1.6.0 phase=DET index=6 total=0 result=OK metrics_valid=1 samples=159744 expected=159744 rms_dbfs=-51.228 dc=-0.541 peak=346 clipped=0 zeros=683 stuck=423 dropped_delta=0 feature_valid=1 tonalness_valid=1 tonalness_proxy=3.164246 tonal_gate=pending_normal_only
2026-08-26T14:39:48.885+00:00	907.015	DET 6 score=1301.54053 lo=0 hi=2832.83325 led=1 anom=0 total_anom=0 hold=0 normal (uzastopnih=0 nivo=-51.2 dBFS racun=716 ms)
2026-08-26T14:39:49.015+00:00	907.140	FEATURE96 protocol=asd-research-v1.0.0 session=1 phase=DET window=6 window_start_ms=896502 window_end_ms=905776 score=1301.54053 level_dbfs=-51.2277374 quality=OK tonalness_proxy=3.16424561 dims=96 fnv1a=19542123 values=-9.95148087,-9.95148087,1.34413242,-9.95148087,-9.95148087,1.39803219,-9.95148087,1.67106247,-9.95148087,1.56044292,1.00560093,-9.95148087,1.13540649,1.62795734,1.58631611,-9.95148087,1.02809715,0.754617691,0.655661583,0.915475845,0.876296043,0.805011749,0.832794189,0.886898994,1.29067039,1.53544235,1.08673286,0.948758125,0.847494125,0.950088501,0.961708069,1.59450912,1.78009605,1.09466553,1.13000965,3.16424561,2.86052465,0.759767532,0.749455452,0.659722328,1.19830894,1.33781052,0.850470543,1.2373867,0.772748947,0.969745636,1.33271503,1.13818264,0.873680115,1.07553482,1.0934124,1.07066441,0.906490326,1.7821455,0.979536057,0.749061584,0.713359833,0.900323868,1.09138298,1.20280552,0.9436903,2.42866611,0.473877907,0.0844612122,0.60926342,0.438084602,0.149775505,0.0149068832,0.435637474,0.412204742,0.550084114,0.0578098297,0.919307709,0.2843647,0.0883636475,0.110367775,0.240166664,0.454437256,0.527825356,0.64617157,0.383324623,0.385245323,0.282708168,0.340748787,0.751281738,0.602689743,0.812958717,1.10021877,0.967810631,0.558094025,0.29044342,0.25942421,0.253441811,0.993559837,0.378434181,0.60840416
2026-08-26T14:39:49.123+00:00	907.250	SUBSEG96 protocol=asd-research-v1.0.0 session=1 phase=DET window=6 group=1 segments=8 dims=96 fnv1a=b2d5f052 values=-9.95324421,-9.95324421,1.34556293,-9.95324421,-9.95324421,1.20361042,-9.95324421,1.55051422,-9.95324421,1.57683563,0.982629776,-9.95324421,0.730471611,1.60212135,1.59818172,-9.95324421,1.08092213,0.74349308,0.614608765,1.08295918,1.02102757,0.867547989,0.961371422,1.02438068,1.37596512,1.5343647,1.27012062,0.705095291,1.06516647,1.15751266,1.18201923,1.51632595,1.41991997,0.849479675,1.22483349,3.14507961,2.8631711,0.811887741,0.727475166,0.488877296,1.15349388,1.32012844,0.810922623,1.2977066,0.5380373,1.00293255,1.36110497,1.21925545,1.02655602,1.07397652,1.10053349,1.08870602,0.851557732,1.77806377,0.929311752,0.788686752,0.7784338,0.926883698,0.936954498,1.25506496,1.01396847,2.42229795,0.574335098,0.105809212,0.624316216,0.455104828,0.183296204,0.00330448151,0.478637695,0.476920128,0.462334633,0.0732927322,0.918763161,0.307088852,0.0449924469,0.107088089,0.239802361,0.433046341,0.536892891,0.673999786,0.411005974,0.362750053,0.289422035,0.340082169,0.766656876,0.583504677,0.800690651,1.05808735,0.972072601,0.556445122,0.237427711,0.274215698,0.276622772,1.0392189,0.349438667,0.611134529
2026-08-26T14:39:49.228+00:00	907.359	SUBSEG96 protocol=asd-research-v1.0.0 session=1 phase=DET window=6 group=2 segments=8 dims=96 fnv1a=d5b8f2b6 values=-9.97053051,-9.97053051,1.52430248,-9.97053051,-9.97053051,1.61205006,-9.97053051,1.96494007,-9.97053051,1.82581425,1.13031578,-9.97053051,1.24944592,1.68127251,1.58728981,-9.97053051,0.987371445,0.766199112,0.739991188,0.574191093,0.670066833,0.835560799,0.892883301,1.00841618,1.38650608,1.61195755,1.09078407,0.641739845,0.724608421,0.951231956,0.904709816,1.92374897,2.26584959,1.24500465,0.916181564,3.16361332,2.88531637,0.720053673,0.644838333,0.555370331,1.19442272,1.12461948,0.766543388,1.24838066,0.879240036,0.98208046,1.3620472,1.04891682,0.792368889,1.20663834,1.16658115,0.883084297,0.802508354,1.76428413,0.995950699,0.828785896,0.71105957,0.794352531,1.11547565,1.13370514,0.836279869,2.42167711,0.473157883,0.0763463974,0.664383888,0.436116219,0.0467472076,0.0160732269,0.374513626,0.399303436,0.565022469,0.0394916534,0.898478508,0.262201309,0.155873299,0.124336243,0.298228264,0.465621948,0.474155426,0.655330658,0.40176487,0.325566292,0.2765522,0.24220562,0.747419357,0.512945175,0.785811424,1.1139431,0.943120003,0.527136803,0.289609909,0.219872475,0.223628044,1.04282761,0.37730217,0.568724632
2026-08-26T14:39:49.239+00:00	907.359	FLAGS protocol=asd-quality-v1.6.0 mode=READY state=CALIBRATED_NORMAL waiting=0 learning=0 learned=1 anomaly=0 hold=0 fault=0 green=on red=off guided25_available=1 workflow_pending=DEFAULT research_telemetry=1 profile_persistence_allowed=0 dropped=0
2026-08-26T14:39:49.356+00:00	907.484	SUBSEG96 protocol=asd-research-v1.0.0 session=1 phase=DET window=6 group=3 segments=8 dims=96 fnv1a=4f734b93 values=-9.92717075,-9.92717075,1.29749489,-9.92717075,-9.92717075,1.16945267,-9.92717075,1.38384151,-9.92717075,1.43934059,1.08885956,-9.92717075,1.24086475,1.63403893,1.53751087,-9.92717075,1.07781029,0.639308929,0.465334892,0.624638557,0.675798416,0.762286186,0.757069588,0.699501038,1.36438084,1.61651039,0.95066452,0.67754364,0.643721581,0.80228138,0.943963051,1.41003704,1.49715805,1.16852093,1.19310665,3.1828537,2.93172073,0.77936554,0.962239265,0.875081062,1.38843918,1.3158083,1.03039837,1.31569099,0.841259956,0.97240448,1.34363651,1.20820713,0.899523735,1.06934643,1.22508717,1.19495869,1.0116806,1.76245117,0.964282036,0.638987541,0.722309113,0.911540031,1.1618042,1.30060291,0.963274956,2.45088768,0.376836777,0.107867241,0.541474342,0.364557266,0.17390728,-0.0254411697,0.532330513,0.437404633,0.619789124,0.0853042603,0.999458313,0.291400909,0.132177353,0.105240822,0.260274887,0.449306488,0.492518425,0.671469688,0.417133331,0.383284569,0.354038239,0.423182487,0.81936264,0.651107788,0.882375717,1.07103062,0.998028755,0.601101875,0.327407837,0.299838066,0.308666229,0.993373871,0.421656609,0.66512394
2026-08-26T14:39:49.465+00:00	907.593	SUBSEG96 protocol=asd-research-v1.0.0 session=1 phase=DET window=6 group=4 segments=7 dims=96 fnv1a=d15dc93d values=-9.93708324,-9.93708324,1.30041981,-9.93708324,-9.93708324,1.54381943,-9.93708324,1.75954723,-9.93708324,1.54209232,0.955793381,-9.93708324,1.23138523,1.74321556,1.7076149,-9.93708324,1.10221958,0.867876053,0.879785538,1.20687771,1.05271912,0.920893669,0.807500839,0.759437561,1.07407093,1.36941719,0.994217873,1.30778503,0.499635696,0.864240646,0.699177742,1.5128479,1.32543468,1.18845081,1.06955242,3.18127394,2.85643387,0.813374519,0.717274666,0.648260117,1.11838818,1.63535023,0.936329842,1.19595051,0.61149025,0.907134056,1.27927208,1.01739216,0.788150787,1.04060459,0.942433357,0.998893738,0.948918343,1.77295589,1.03147221,0.751999855,0.757853508,0.868610382,1.09017849,1.18391895,0.950139046,2.41947985,0.489373207,0.128042221,0.590089798,0.480574608,0.148422241,0.0756101608,0.375772476,0.374381065,0.525712967,0.0782318115,0.931223869,0.352576256,0.0320730209,0.097448349,0.182282448,0.487384796,0.619812012,0.630267143,0.387879372,0.485100746,0.244612694,0.381609917,0.723053932,0.629896164,0.801328659,1.14238071,1.00908375,0.591644287,0.303603172,0.267821312,0.208921432,0.997554779,0.384004593,0.589461327
2026-08-26T14:39:54.196+00:00	912.328	SUBSEG96 protocol=asd-research-v1.0.0 session=1 phase=DET window=6 group=5 segments=7 dims=96 fnv1a=faf61521 values=-9.894063,-9.894063,1.19662857,-9.894063,-9.894063,1.32985592,-9.894063,1.39706802,-9.894063,1.08314419,0.824418068,-9.894063,1.11706352,1.49153423,1.55095005,-9.894063,0.922029495,0.811788559,0.503058434,0.848750114,0.912014008,0.625555038,0.731572151,0.874162674,1.17743778,1.54578972,1.09892273,1.15075016,1.08799648,0.920524597,0.978012085,1.26830482,1.4066,0.934932709,1.25928783,3.22348833,2.80910587,0.730992317,0.674370766,0.716562271,1.11970615,1.2077446,0.673164368,1.14719677,0.944643974,1.04279327,1.37352085,1.22542381,0.868276596,0.985607147,0.997278214,1.20666599,0.978462219,1.90623951,1.05091095,0.77217865,0.635813713,1.05981636,1.20058632,1.18247604,1.01591969,2.50236845,0.496738434,0.0668096542,0.681546211,0.523803711,0.264212608,0.0795249939,0.462170601,0.426567078,0.637584686,0.0834312439,0.906320572,0.273504257,0.123533249,0.188798904,0.270059586,0.511583328,0.589430809,0.661437988,0.351330757,0.444809914,0.30683136,0.381244659,0.755945206,0.709891319,0.862273216,1.19037437,0.988682747,0.586434364,0.367938995,0.307554245,0.312145233,0.93167305,0.431736946,0.677172661
2026-08-26T14:39:54.200+00:00	912.328	FLAGS protocol=asd-quality-v1.6.0 mode=READY state=CALIBRATED_NORMAL waiting=0 learning=0 learned=1 anomaly=0 hold=0 fault=0 green=on red=off guided25_available=1 workflow_pending=DEFAULT research_telemetry=1 profile_persistence_allowed=0 dropped=0
2026-08-26T14:39:58.851+00:00	916.984	QUALITY protocol=asd-quality-v1.6.0 phase=DET index=7 total=0 result=OK metrics_valid=1 samples=159744 expected=159744 rms_dbfs=-50.955 dc=-0.445 peak=351 clipped=0 zeros=671 stuck=368 dropped_delta=0 feature_valid=1 tonalness_valid=1 tonalness_proxy=3.180222 tonal_gate=pending_normal_only
2026-08-26T14:39:58.859+00:00	916.984	DET 7 score=944.664978 lo=0 hi=2832.83325 led=1 anom=0 total_anom=0 hold=0 normal (uzastopnih=0 nivo=-51.0 dBFS racun=716 ms)
2026-08-26T14:39:58.998+00:00	917.125	FEATURE96 protocol=asd-research-v1.0.0 session=1 phase=DET window=7 window_start_ms=906482 window_end_ms=915750 score=944.664978 level_dbfs=-50.9554749 quality=OK tonalness_proxy=3.18022203 dims=96 fnv1a=16e29aeb values=-9.93815899,-9.93815899,1.12167549,-9.93815899,-9.93815899,1.15549755,-9.93815899,1.57288837,-9.93815899,1.61999416,0.998081207,-9.93815899,1.13694668,1.45396614,1.25897408,-9.93815899,0.770890236,0.695913315,0.726146698,0.903403282,0.913446426,0.746840477,0.952858925,1.0399313,1.27799511,1.54130077,0.99900341,0.933276176,0.717041016,0.757699013,1.15423775,1.37062836,1.39797878,1.14844036,1.05265141,3.18022203,2.95441437,0.924537659,0.768115044,0.727560997,1.26363468,1.44971752,0.972342491,1.21178722,0.724802971,0.974070549,1.32048225,1.09292126,0.8872118,1.07502365,1.09724712,1.00928211,0.850084305,1.78772545,0.948689461,0.716277122,0.828785896,0.981105804,1.13814354,1.19928837,0.8944664,2.45153856,0.54688549,0.167146683,0.638379097,0.46354866,0.22936821,0.034371376,0.494196892,0.415629387,0.57768631,0.0670309067,0.985476494,0.313591003,0.0986690521,0.104785919,0.26349926,0.449327469,0.537306786,0.727129936,0.399511337,0.427489281,0.343852043,0.408278465,0.829963684,0.625265121,0.818365097,1.11215591,1.00393391,0.584885597,0.332637787,0.288823128,0.283277512,1.00533772,0.408831596,0.671401978
2026-08-26T14:39:59.098+00:00	917.218	SUBSEG96 protocol=asd-research-v1.0.0 session=1 phase=DET window=7 group=1 segments=8 dims=96 fnv1a=492e4050 values=-9.91186714,-9.91186714,1.22536945,-9.91186714,-9.91186714,1.16221333,-9.91186714,1.54614162,-9.91186714,1.54715061,0.983931541,-9.91186714,1.08935642,1.28052425,1.2423296,-9.91186714,0.72468853,0.738553047,0.545805931,0.943130493,0.906467438,0.784428596,1.18615246,1.15961361,1.28971386,1.60525036,1.19222832,0.845912933,0.664958954,0.523884773,1.11541748,1.26554298,1.18865967,0.986410141,1.14286423,3.19037819,2.92551517,0.965650558,0.741218567,0.73225975,1.12544823,1.5627327,0.530739784,1.12672138,0.800548553,1.00297165,1.26679134,0.971611977,0.844812393,1.06333065,1.13202763,1.14166832,0.879187584,1.83225727,0.883790016,0.766334534,0.766871452,0.975904465,1.19565773,1.27177429,0.906187057,2.46042061,0.572728157,0.200885773,0.6627388,0.525520325,0.24009037,-0.0473613739,0.488556862,0.38465023,0.655697823,0.0938568115,0.930901527,0.361962318,0.126889229,0.146127701,0.298565865,0.485370636,0.58177948,0.717547417,0.382311821,0.421177864,0.340493202,0.430272102,0.816132545,0.679056168,0.834156036,1.16183662,1.06350231,0.656497955,0.34372139,0.351081848,0.281889915,1.04112244,0.446005821,0.669532776
2026-08-26T14:39:59.206+00:00	917.328	SUBSEG96 protocol=asd-research-v1.0.0 session=1 phase=DET window=7 group=2 segments=8 dims=96 fnv1a=b20d508c values=-9.90272903,-9.90272903,0.866891861,-9.90272903,-9.90272903,1.10065651,-9.90272903,1.42708302,-9.90272903,1.36920452,0.610616684,-9.90272903,0.806347847,1.11336517,1.21709919,-9.90272903,1.01381969,0.655753136,0.555695534,0.685681343,0.867881775,0.594956398,1.01930428,1.20208263,1.2792387,1.40128517,0.979920387,0.703714371,0.614505768,0.744915009,1.03902149,1.0828495,1.67936134,1.03196812,1.04700851,3.24189568,3.03583384,0.998893738,0.687936783,0.859309196,1.26794147,1.48866081,0.996931076,1.33711338,0.833895683,0.905327797,1.55852222,1.12252426,0.855964661,1.11754131,0.999411583,1.05268669,0.848217964,1.87510967,1.01669216,0.684574127,0.981307983,0.956012726,1.25306416,1.26543427,0.866002083,2.49939013,0.481567383,0.226741791,0.639557838,0.535859108,0.307793617,0.0872764587,0.493441582,0.511947632,0.586361885,0.0891990662,1.03996277,0.287388802,0.0341215134,0.165498734,0.293438911,0.560085297,0.567342758,0.798591614,0.507949829,0.470946312,0.397673607,0.46398735,0.873518944,0.618758202,0.827533722,1.16189098,1.0189724,0.642727852,0.383477211,0.292403221,0.365002632,1.01035404,0.418148994,0.745913506
2026-08-26T14:39:59.214+00:00	917.343	FLAGS protocol=asd-quality-v1.6.0 mode=READY state=CALIBRATED_NORMAL waiting=0 learning=0 learned=1 anomaly=0 hold=0 fault=0 green=on red=off guided25_available=1 workflow_pending=DEFAULT research_telemetry=1 profile_persistence_allowed=0 dropped=0
2026-08-26T14:39:59.335+00:00	917.468	SUBSEG96 protocol=asd-research-v1.0.0 session=1 phase=DET window=7 group=3 segments=8 dims=96 fnv1a=4f5ac5c4 values=-9.93824387,-9.93824387,1.3239212,-9.93824387,-9.93824387,1.31835651,-9.93824387,1.71299267,-9.93824387,1.80845833,1.23749256,-9.93824387,1.13678646,1.32185936,1.10848618,-9.93824387,0.648316383,0.639000893,0.817306519,0.953927994,0.685172081,0.827659607,0.931221962,1.11017609,1.37625122,1.67249012,0.965659142,1.11740494,0.685874939,0.792830467,0.950913429,1.07571983,1.26027012,1.22435379,1.05698586,3.1744504,2.97331238,0.729543686,0.902228355,0.610165596,1.38651466,1.36676216,1.00084972,1.23269939,0.697605133,0.949281693,1.1818018,1.12816906,1.01237679,1.16431332,1.06499386,0.90811348,0.932147026,1.75959682,0.872099876,0.782565117,0.866522789,1.06014061,1.03534794,1.09917068,0.854309082,2.4466629,0.602726936,0.144964218,0.595923424,0.42728138,0.172708511,0.079867363,0.550935745,0.411016464,0.604615211,0.088010788,1.02014256,0.37473011,0.0834560394,0.0654268265,0.260140419,0.371819496,0.57733345,0.692778587,0.358305931,0.458104134,0.327730179,0.398338318,0.842680931,0.635066986,0.83351326,1.08110428,1.0021801,0.559411049,0.364191055,0.251867294,0.273995399,0.960160255,0.400841713,0.68291378
2026-08-26T14:39:59.447+00:00	917.578	SUBSEG96 protocol=asd-research-v1.0.0 session=1 phase=DET window=7 group=4 segments=7 dims=96 fnv1a=1bf3f66a values=-9.94954777,-9.94954777,0.968846321,-9.94954777,-9.94954777,1.0814085,-9.94954777,1.28141689,-9.94954777,1.61726856,1.10235786,-9.94954777,1.35150051,1.76362228,1.54474831,-9.94954777,0.754382133,0.821216583,0.949299812,1.02857494,0.999703407,0.857394218,0.780368805,0.712207794,1.37828732,1.59567642,0.867429733,0.959301949,0.940310478,0.796730042,0.860980988,1.3237915,1.46504307,1.32783604,1.08814907,3.15580034,2.93396187,0.871180534,0.813774109,0.718336105,1.48472404,1.36194611,1.06275558,1.05160999,0.668252945,1.01908684,1.12356949,1.13476181,0.856036186,1.05743599,1.24226379,1.00163651,0.7983675,1.80041218,1.02387333,0.588946342,0.776977539,0.913835526,1.08006001,1.20809078,0.941440582,2.44034624,0.578925133,0.142103195,0.547914505,0.488577843,0.190965652,0.0102071762,0.455568314,0.440045357,0.519666672,0.113922119,1.01229477,0.233805656,0.136519432,0.0492143631,0.294281006,0.407893181,0.501521111,0.770962715,0.378753662,0.391084671,0.370203972,0.372461319,0.886288643,0.609440804,0.783782005,1.09955597,0.986321449,0.542405128,0.344059944,0.296384811,0.262425423,0.987673759,0.404583931,0.639410973
2026-08-26T14:39:59.555+00:00	917.687	SUBSEG96 protocol=asd-research-v1.0.0 session=1 phase=DET window=7 group=5 segments=7 dims=96 fnv1a=b9278824 values=-9.93281937,-9.93281937,1.09727573,-9.93281937,-9.93281937,1.10482025,-9.93281937,1.77168369,-9.93281937,1.68352413,0.827410698,-9.93281937,1.20199585,1.56943321,1.07467842,-9.93281937,0.661753654,0.659811974,0.676390648,0.890190125,1.09304714,0.661783218,0.723688126,0.861513138,1.01617241,1.39756203,0.970561028,0.97659111,0.657948494,0.91392231,1.53954601,1.78076649,1.26084423,1.14021206,0.959021568,3.19199514,2.95023346,1.06294918,0.70014286,0.748764038,0.822051048,1.49563217,1.13603306,1.30672169,0.643338203,1.04437542,1.39503479,1.14641857,0.889210701,0.999409676,1.06990051,0.9646101,0.827317238,1.70699024,0.992024422,0.780420303,0.759061813,1.03604031,1.15543938,1.19386101,0.960865974,2.46710777,0.541479111,0.173564911,0.778675079,0.374542236,0.284393311,0.0839633942,0.530306816,0.37284565,0.561756134,-0.00722122192,0.971151352,0.345990181,0.164328575,0.146251678,0.221944809,0.459442139,0.501350403,0.706918716,0.415269852,0.447178841,0.338921547,0.429379463,0.777979851,0.636787415,0.867293358,1.10868835,1.00051022,0.566921234,0.271342278,0.307234764,0.283157349,1.0822258,0.431927681,0.66776371
2026-08-26T14:40:04.197+00:00	922.328	FLAGS protocol=asd-quality-v1.6.0 mode=READY state=CALIBRATED_NORMAL waiting=0 learning=0 learned=1 anomaly=0 hold=0 fault=0 green=on red=off guided25_available=1 workflow_pending=DEFAULT research_telemetry=1 profile_persistence_allowed=0 dropped=0
2026-08-26T14:40:08.887+00:00	927.015	QUALITY protocol=asd-quality-v1.6.0 phase=DET index=8 total=0 result=OK metrics_valid=1 samples=159744 expected=159744 rms_dbfs=-51.654 dc=-0.495 peak=318 clipped=0 zeros=733 stuck=472 dropped_delta=0 feature_valid=1 tonalness_valid=1 tonalness_proxy=3.128130 tonal_gate=pending_normal_only
2026-08-26T14:40:08.896+00:00	927.015	DET 8 score=887.974487 lo=0 hi=2832.83325 led=1 anom=0 total_anom=0 hold=0 normal (uzastopnih=0 nivo=-51.7 dBFS racun=716 ms)
2026-08-26T14:40:09.028+00:00	927.156	FEATURE96 protocol=asd-research-v1.0.0 session=1 phase=DET window=8 window_start_ms=916452 window_end_ms=925789 score=887.974487 level_dbfs=-51.6544762 quality=OK tonalness_proxy=3.12813044 dims=96 fnv1a=d73702ed values=-10.0011377,-10.0011377,1.26377487,-10.0011377,-10.0011377,1.17879868,-10.0011377,1.2903986,-10.0011377,1.38368702,0.942317963,-10.0011377,1.17547035,1.82114029,1.80379391,-10.0011377,1.21886826,0.945528984,1.00677299,1.00822544,0.969527245,0.710586548,0.954746246,1.04233456,1.1779623,1.41091251,1.32178497,1.51556492,1.05565453,1.05487156,1.54356766,1.70144272,1.502738,1.33939266,1.30194664,3.12813044,2.79771376,0.962091446,0.837913513,0.668278694,1.22561932,1.28486729,1.08378696,1.22289276,0.756495476,0.952749252,1.29855251,1.13890839,0.86091423,1.09881115,1.06766224,1.00739193,0.826703072,1.71878719,0.898553848,0.662288666,0.742517471,0.950878143,1.02958584,1.05666828,0.826038361,2.3914032,0.406995773,0.0813465118,0.507223129,0.390664101,0.0814743042,-0.0219268799,0.435429573,0.363437653,0.504389763,0.0610961914,0.844255447,0.228602409,0.0142803192,0.0441045761,0.20659256,0.402602196,0.473895073,0.564603806,0.319220543,0.354661942,0.218909264,0.322684288,0.713150978,0.53901577,0.7677145,1.05249214,0.918470383,0.509055138,0.236641884,0.203803062,0.253033638,0.924525261,0.36758709,0.581062317
2026-08-26T14:40:09.133+00:00	927.265	SUBSEG96 protocol=asd-research-v1.0.0 session=1 phase=DET window=8 group=1 segments=8 dims=96 fnv1a=8b06d789 values=-9.92406273,-9.92406273,1.03105831,-9.92406273,-9.92406273,1.02063751,-9.92406273,1.15706539,-9.92406273,1.36854935,0.863671303,-9.92406273,0.845832825,1.22245312,1.39409161,-9.92406273,1.12805176,0.42534256,0.699990273,0.841895103,0.521288872,0.539204597,1.053195,1.24964142,1.14323044,1.21518898,0.815043449,0.625088692,0.898694992,1.08705711,1.75735855,1.9257431,1.29841232,1.17977715,1.31521988,3.18410206,2.94504547,0.999049187,0.985127449,0.530121803,1.16522217,1.13205528,1.2371254,1.24256039,0.662216187,1.15224838,1.40069008,1.00459194,0.956614494,1.24160194,1.03352833,1.10966969,0.970710754,1.72200394,0.918796539,0.702198029,0.911224365,1.11358643,1.12610149,1.22932816,0.879239082,2.47416401,0.505103111,0.195296288,0.540309906,0.401185989,0.199584007,0.0428800583,0.548573494,0.411288261,0.602683067,0.139959335,0.92046833,0.309128761,0.0791330338,0.102154732,0.28359127,0.453372955,0.529588699,0.651280403,0.397605896,0.444414139,0.325484276,0.408866882,0.892202377,0.604074478,0.847958565,1.14876175,0.996795654,0.615377426,0.334879875,0.273698807,0.354979515,1.06453609,0.448399544,0.66716671
2026-08-26T14:40:09.241+00:00	927.375	SUBSEG96 protocol=asd-research-v1.0.0 session=1 phase=DET window=8 group=2 segments=8 dims=96 fnv1a=5bc7f2db values=-9.94718838,-9.94718838,1.31966591,-9.94718838,-9.94718838,1.03472137,-9.94718838,1.12507915,-9.94718838,1.25374126,0.957380295,-9.94718838,1.23259735,1.44187737,1.32833576,-9.94718838,0.906827927,0.435006142,0.776948929,0.601135254,0.583579063,0.626935959,1.01839542,1.10422611,1.0874033,1.41714478,1.13139057,0.74184227,0.705575943,0.84280777,1.72469044,1.97356701,1.4613657,1.34912586,1.34612274,3.1646266,2.81124353,1.10993004,0.830243111,0.389704704,1.25770283,1.40538788,1.38598251,1.21300602,0.893558502,1.13212967,1.29244423,1.1392746,0.916278839,1.12510014,1.21976852,1.16561031,0.800868034,1.83785915,0.966425896,0.718984604,0.819335938,0.915380478,1.06524849,1.11089134,0.883918762,2.44460535,0.464512825,0.196647644,0.627645493,0.485595703,0.161308289,0.053814888,0.415155411,0.397192955,0.490707397,0.15508461,0.899695396,0.329875946,0.0495672226,0.129088402,0.310604095,0.474124908,0.517489433,0.665229797,0.367535591,0.379970551,0.300663948,0.370366096,0.740948677,0.611081123,0.821003914,1.11994648,0.988554955,0.584580421,0.302835464,0.291254044,0.299809456,1.00340557,0.413743019,0.615614891
2026-08-26T14:40:09.247+00:00	927.375	FLAGS protocol=asd-quality-v1.6.0 mode=READY state=CALIBRATED_NORMAL waiting=0 learning=0 learned=1 anomaly=0 hold=0 fault=0 green=on red=off guided25_available=1 workflow_pending=DEFAULT research_telemetry=1 profile_persistence_allowed=0 dropped=0
2026-08-26T14:40:09.373+00:00	927.500	SUBSEG96 protocol=asd-research-v1.0.0 session=1 phase=DET window=8 group=3 segments=8 dims=96 fnv1a=1a5f8881 values=-10.0440111,-10.0440111,1.22492886,-10.0440111,-10.0440111,1.20913029,-10.0440111,1.26182079,-10.0440111,1.20795536,0.777370453,-10.0440111,1.10992813,1.89996243,1.95190334,-10.0440111,1.29018879,1.25359821,1.21673012,1.20394421,1.30152225,0.890188217,0.784825325,0.794481277,1.28217793,1.44958687,1.69672871,2.06381178,1.43410969,1.24377823,1.64382553,1.72311115,1.75985813,1.59859371,1.55438709,3.09662485,2.72860956,0.94641304,0.921395302,0.919417381,1.17011166,1.20527554,0.988083839,1.26492023,0.550363541,0.663965225,1.34677124,1.17983246,0.855588913,0.985803604,1.08779716,0.965726852,0.861355782,1.56598282,0.907675743,0.644692421,0.648825645,0.893450737,0.970214844,0.922759056,0.73708725,2.33952427,0.324490547,-0.066942215,0.443106651,0.391937256,0.0484294891,-0.0722227097,0.389014244,0.395488739,0.476830482,-0.0536031723,0.797064781,0.109731674,-0.0200328827,-0.0201120377,0.208751678,0.389852524,0.500154495,0.490359306,0.289466858,0.301059723,0.165610313,0.271108627,0.621141434,0.509850502,0.718876839,1.01667404,0.879051208,0.449043274,0.166715622,0.156751633,0.162331581,0.842736244,0.304141045,0.568511009
2026-08-26T14:40:09.475+00:00	927.593	SUBSEG96 protocol=asd-research-v1.0.0 session=1 phase=DET window=8 group=4 segments=7 dims=96 fnv1a=484f3ee0 values=-10.0111856,-10.0111856,1.32878876,-10.0111856,-10.0111856,1.35577774,-10.0111856,1.31146622,-10.0111856,1.35723782,1.01613235,-10.0111856,1.47788048,2.14039707,2.11995173,-10.0111856,1.57326984,1.17418575,1.28484535,1.21291637,1.05466843,0.810907364,0.810642242,0.835044861,1.29290581,1.52858639,1.35173798,1.20540237,1.03504086,1.23221302,1.33525944,1.32193661,1.59284115,1.36620331,1.11994553,3.13748789,2.80449438,0.986348152,0.827108383,0.670090675,1.2615881,1.10573292,0.768602371,1.19340324,0.76680088,0.883330345,1.19225121,1.25671005,0.753342628,1.09782314,0.971483231,0.897202492,0.848424911,1.7399435,0.906890869,0.635534286,0.701838493,1.05831528,1.05209827,0.982409477,0.828505516,2.36670256,0.444816589,0.0987014771,0.472165108,0.37801075,0.0231151581,-0.00401496887,0.399924278,0.222276688,0.519560814,-0.00513935089,0.868471146,0.246039391,-0.0246114731,0.0644111633,0.135852814,0.373029709,0.419229507,0.511041641,0.340244293,0.346746445,0.171834946,0.319494247,0.682581902,0.483979225,0.764361382,1.0308218,0.896373749,0.488325119,0.226482391,0.17489624,0.249350548,0.907606125,0.380702019,0.542144775
2026-08-26T14:40:09.583+00:00	927.703	SUBSEG96 protocol=asd-research-v1.0.0 session=1 phase=DET window=8 group=5 segments=7 dims=96 fnv1a=d7bbc52f values=-9.93272305,-9.93272305,1.47156525,-9.93272305,-9.93272305,1.30729198,-9.93272305,1.60908127,-9.93272305,1.74245071,1.18950558,-9.93272305,1.08353043,1.93836689,1.78856087,-9.93272305,0.842468262,0.739375114,0.648913383,0.958312988,0.894192696,0.65651226,1.19106293,1.24882221,1.1432848,1.51033115,0.983563423,0.831210136,0.629023552,0.585945129,0.64827919,1.03165913,1.14339161,0.956665039,0.967569351,3.20651388,2.83384514,0.855919838,0.659659386,0.70241642,1.4036808,1.5825901,0.880505562,1.33062553,0.983778954,0.959200859,1.37205982,1.20188713,0.948075294,1.18139362,1.1227684,0.991909027,0.741526604,1.85721207,0.928086281,0.754256248,0.747471809,0.858550072,1.08006859,1.1550684,0.95003891,2.47832441,0.437787056,0.107123375,0.589139938,0.42895031,0.102043152,0.0130472183,0.563328743,0.500665665,0.575737,0.201570511,0.88000679,0.287109375,0.132414818,0.0887498856,0.212589264,0.463059425,0.534536362,0.641517639,0.342868805,0.449221611,0.266387939,0.390625,0.751315117,0.626243591,0.833262444,1.08467293,0.974409103,0.546276093,0.296073914,0.263678551,0.345021248,0.931410789,0.439692497,0.652756691
2026-08-26T14:40:14.215+00:00	932.343	FLAGS protocol=asd-quality-v1.6.0 mode=READY state=CALIBRATED_NORMAL waiting=0 learning=0 learned=1 anomaly=0 hold=0 fault=0 green=on red=off guided25_available=1 workflow_pending=DEFAULT research_telemetry=1 profile_persistence_allowed=0 dropped=0
2026-08-26T14:40:18.864+00:00	936.984	QUALITY protocol=asd-quality-v1.6.0 phase=DET index=9 total=0 result=OK metrics_valid=1 samples=159744 expected=159744 rms_dbfs=-51.415 dc=-0.477 peak=360 clipped=0 zeros=735 stuck=426 dropped_delta=0 feature_valid=1 tonalness_valid=1 tonalness_proxy=3.063077 tonal_gate=pending_normal_only
2026-08-26T14:40:18.871+00:00	937.000	DET 9 score=1570.39355 lo=0 hi=2832.83325 led=1 anom=0 total_anom=0 hold=0 normal (uzastopnih=0 nivo=-51.4 dBFS racun=716 ms)
2026-08-26T14:40:19.112+00:00	937.234	FEATURE96 protocol=asd-research-v1.0.0 session=1 phase=DET window=9 window_start_ms=926492 window_end_ms=935763 score=1570.39355 level_dbfs=-51.4153748 quality=OK tonalness_proxy=3.06307697 dims=96 fnv1a=f014719a values=-10.0884981,-10.0884981,1.34996796,-10.0884981,-10.0884981,1.09574223,-10.0884981,1.27192879,-10.0884981,1.22713947,0.823137283,-10.0884981,1.39170742,2.35869598,2.39789343,-10.0884981,1.59007263,0.874986649,1.00739098,1.27281475,1.25414848,0.807085991,0.960165024,1.07186508,1.25947666,1.53475189,1.23700047,1.39530468,1.39067554,1.44578075,1.30074501,1.55511093,1.65683556,1.77832603,1.43777752,3.06307697,2.7136631,1.45899391,1.5061121,0.726754189,1.54798794,1.39377308,1.01822567,1.27748299,0.743754387,1.12318325,1.46890354,0.984641075,0.745127678,0.997538567,1.01793194,0.89330101,0.767147064,1.66560841,0.822976112,0.644461632,0.592256546,0.806995392,0.982221603,1.05200672,0.775334358,2.29748726,0.303301811,-0.0294694901,0.458025932,0.291662216,-0.0184593201,-0.102751732,0.357087135,0.282483101,0.457144737,-0.0238523483,0.762568474,0.142895699,-0.0654430389,-0.0521211624,0.127461433,0.319438934,0.402168274,0.520285606,0.228523254,0.280779839,0.123360634,0.214891434,0.549711227,0.467404366,0.651079178,0.962435722,0.835199356,0.422227859,0.176132202,0.158641815,0.175032616,0.754686356,0.243924141,0.498197556
2026-08-26T14:40:19.128+00:00	937.250	SUBSEG96 protocol=asd-research-v1.0.0 session=1 phase=DET window=9 group=1 segments=8 dims=96 fnv1a=7192410b values=-9.96727467,-9.96727467,1.99755192,-9.96727467,-9.96727467,1.57116508,-9.96727467,1.25060844,-9.96727467,1.2248354,0.890715599,-9.96727467,1.29453564,1.86129951,1.89907932,-9.96727467,1.38533115,0.555245399,0.596982956,0.908370018,0.924917221,0.565014839,0.694522858,0.903276443,1.20148468,1.47002983,1.19404221,1.02427292,0.662578583,0.990408897,0.959441185,1.14834881,1.37755299,1.2550621,1.24943447,3.17071629,2.86207056,1.13881683,0.787982941,0.674512863,1.78705406,1.68518543,0.910395622,1.22773266,0.686431885,0.987524986,1.38142681,0.992170334,0.867659569,1.11579895,1.04916763,1.04140663,1.0244379,1.74129391,0.927155495,0.761530876,0.704124451,0.953995705,1.1719532,1.16557884,0.88548851,2.42411423,0.416898727,0.0973148346,0.406223297,0.375616074,0.104084969,0.0351428986,0.506374359,0.300314903,0.572469711,0.0486106873,0.875870705,0.2660923,0.0203638077,-0.0191278458,0.270198822,0.436800003,0.536890984,0.591481209,0.326478004,0.336197853,0.291975021,0.317661285,0.682240486,0.573568344,0.789721489,1.07611275,0.960205078,0.513764381,0.296187401,0.276992798,0.294977188,0.998105049,0.370702744,0.610013008
2026-08-26T14:40:19.217+00:00	937.343	SUBSEG96 protocol=asd-research-v1.0.0 session=1 phase=DET window=9 group=2 segments=8 dims=96 fnv1a=91e6afa6 values=-9.96332741,-9.96332741,1.14453983,-9.96332741,-9.96332741,1.23106194,-9.96332741,1.69929504,-9.96332741,1.56958675,0.764245987,-9.96332741,1.12228298,1.734622,1.61617661,-9.96332741,0.923158646,0.634990692,0.545028687,0.792294502,1.04396915,0.569783211,0.630745888,0.803736687,1.37110043,1.61948586,1.06245613,0.628976822,0.713023186,0.952886581,1.12213326,1.26339436,1.48429394,1.38650894,1.108881,3.18168116,2.83006096,1.17577934,1.25894356,0.735427856,1.74085617,1.47770786,1.05221939,1.43111801,1.12130165,1.02941132,1.40190506,1.15093613,0.815290451,1.07882977,1.03334904,0.923875809,0.883426666,1.75928974,0.817767143,0.685876846,0.750299454,0.916020393,1.10770512,1.16468716,0.941505432,2.39868593,0.466876984,0.076748848,0.638153076,0.375688553,0.172847748,-0.0731563568,0.446346283,0.407409668,0.659659386,0.163598061,0.930077553,0.321017265,0.0628662109,0.124054909,0.23845005,0.433415413,0.475399017,0.623493195,0.327951431,0.445124626,0.215993881,0.34171772,0.679707527,0.645860672,0.823925972,1.10421658,0.949906349,0.486224174,0.298412323,0.238471031,0.301026344,0.9074049,0.383455276,0.611736298
2026-08-26T14:40:19.321+00:00	937.453	SUBSEG96 protocol=asd-research-v1.0.0 session=1 phase=DET window=9 group=3 segments=8 dims=96 fnv1a=c73ef0ff values=-9.96595764,-9.96595764,0.680922508,-9.96595764,-9.96595764,0.870165825,-9.96595764,1.22917366,-9.96595764,1.09759617,0.562634468,-9.96595764,1.23602295,1.69417763,1.51948071,-9.96595764,0.952170372,0.681830406,0.77192688,0.936242104,0.860588074,0.805933952,1.02571487,1.21107483,1.36410332,1.76817608,1.45350933,1.36997414,0.982404709,0.711260796,0.95735836,1.32741165,1.31268787,1.32569027,1.5997982,3.18740845,2.8258853,1.28997803,1.15813065,0.644436836,1.56203556,1.59306717,1.35381794,1.24650574,0.914559364,1.05798435,1.21972942,1.14199829,0.946815491,1.05835629,1.01597404,1.04218388,0.786211014,1.83150196,1.0295639,0.807489395,0.62023735,0.908426285,1.03240395,1.0975132,0.897746086,2.41146374,0.355459213,0.0319452286,0.550026894,0.409895897,0.058391571,0.044090271,0.490950584,0.360087395,0.555082321,0.0995826721,0.830267906,0.221856117,0.0809612274,0.0919160843,0.269262314,0.43392086,0.58108139,0.64971447,0.364956856,0.396111488,0.232507706,0.362560272,0.655341148,0.545787811,0.747060776,1.09271336,0.945714951,0.558563232,0.296024323,0.29791069,0.30741787,0.815992355,0.363892555,0.641138077
2026-08-26T14:40:19.333+00:00	937.453	FLAGS protocol=asd-quality-v1.6.0 mode=READY state=CALIBRATED_NORMAL waiting=0 learning=0 learned=1 anomaly=0 hold=0 fault=0 green=on red=off guided25_available=1 workflow_pending=DEFAULT research_telemetry=1 profile_persistence_allowed=0 dropped=0
2026-08-26T14:40:19.453+00:00	937.578	SUBSEG96 protocol=asd-research-v1.0.0 session=1 phase=DET window=9 group=4 segments=7 dims=96 fnv1a=a66e73fb values=-10.1034451,-10.1034451,1.00629711,-10.1034451,-10.1034451,0.708845139,-10.1034451,0.811012268,-10.1034451,0.79163456,0.626520157,-10.1034451,1.2886591,2.18345165,2.32184029,-10.1034451,1.59610367,0.880770683,1.07207298,1.07214546,0.894470215,0.629162788,0.879550934,1.15231514,1.26393127,1.69827747,1.50501347,1.8270998,1.96473265,2.0600152,1.82799435,1.73790836,1.89058685,2.02246809,1.49438667,3.08849239,2.72393608,1.88146019,1.51628685,0.678876877,1.38889313,1.06454754,0.892542839,1.41418266,0.562280655,1.35371971,1.72921371,0.868836403,0.522149086,1.0618,1.15514088,0.898571014,0.602367401,1.68139172,0.743555069,0.728086472,0.636608124,0.839079857,1.06630611,1.04551506,0.702133179,2.30248547,0.283410072,0.00808429718,0.50222683,0.324156761,-0.0641155243,-0.0593309402,0.371797562,0.318727493,0.415829659,-0.0575294495,0.713119507,0.0833463669,-0.0865917206,-0.066857338,0.0633621216,0.332021713,0.374866486,0.56037426,0.205612183,0.259018898,0.137293816,0.213075638,0.489720345,0.447526932,0.618406296,0.9385252,0.82634449,0.457644463,0.172206879,0.139499664,0.150672913,0.672433853,0.229789734,0.49717617
2026-08-26T14:40:19.559+00:00	937.687	SUBSEG96 protocol=asd-research-v1.0.0 session=1 phase=DET window=9 group=5 segments=7 dims=96 fnv1a=84f9e511 values=-10.1748047,-10.1748047,0.866571426,-10.1748047,-10.1748047,0.87744236,-10.1748047,1.25544453,-10.1748047,1.36212158,1.14152908,-10.1748047,1.76147366,2.88219643,2.91689682,-10.1748047,2.0424242,1.25409603,1.41170406,1.75735283,1.73546886,1.18178368,1.30464268,1.2749033,1.32606983,1.26731396,1.01692295,1.4241333,1.24325657,0.996603966,0.985977173,1.87792492,1.91983366,2.12371445,1.6602087,2.95459843,2.5892868,1.4684763,1.94249678,0.972486496,1.45557785,1.2365427,1.00607586,1.27643299,0.48273468,1.24209785,1.591362,0.999245644,0.767608643,0.940181732,1.05690193,0.820500374,0.736498833,1.57947636,0.828094482,0.484947205,0.511043549,0.680526733,0.755157471,1.05151081,0.706677437,2.22079659,0.257019043,-0.0922651291,0.433581352,0.244029999,-0.108727455,-0.201653481,0.231511116,0.286079407,0.332014084,-0.116723061,0.723761559,0.0791482925,-0.138558388,-0.134444237,0.0556192398,0.230856895,0.299209595,0.445688248,0.186133385,0.230778694,-0.000728607178,0.103742599,0.504504204,0.386082649,0.532511711,0.865142822,0.763537407,0.363607407,0.0862941742,0.107988358,0.0871744156,0.596604347,0.136134148,0.397385597
2026-08-26T14:40:24.236+00:00	942.359	FLAGS protocol=asd-quality-v1.6.0 mode=READY state=CALIBRATED_NORMAL waiting=0 learning=0 learned=1 anomaly=0 hold=0 fault=0 green=on red=off guided25_available=1 workflow_pending=DEFAULT research_telemetry=1 profile_persistence_allowed=0 dropped=0
2026-08-26T14:40:28.840+00:00	946.968	QUALITY protocol=asd-quality-v1.6.0 phase=DET index=10 total=0 result=OK metrics_valid=1 samples=159744 expected=159744 rms_dbfs=-50.931 dc=-0.483 peak=388 clipped=0 zeros=697 stuck=429 dropped_delta=0 feature_valid=1 tonalness_valid=1 tonalness_proxy=3.149538 tonal_gate=pending_normal_only
2026-08-26T14:40:28.960+00:00	947.093	DET 10 score=1207.94348 lo=0 hi=2832.83325 led=1 anom=0 total_anom=0 hold=0 normal (uzastopnih=0 nivo=-50.9 dBFS racun=716 ms)
2026-08-26T14:40:28.978+00:00	947.109	FEATURE96 protocol=asd-research-v1.0.0 session=1 phase=DET window=10 window_start_ms=936472 window_end_ms=945737 score=1207.94348 level_dbfs=-50.9309235 quality=OK tonalness_proxy=3.14953756 dims=96 fnv1a=506d07a5 values=-10.0018644,-10.0018644,0.980797768,-10.0018644,-10.0018644,0.897568703,-10.0018644,1.21387672,-10.0018644,1.20218277,0.890449524,-10.0018644,1.37623215,1.98084641,2.05510569,-10.0018644,1.3821125,0.731872559,0.689208031,0.940402031,0.934912682,0.622131348,0.68860817,0.83257103,1.14556789,1.3882122,1.04894543,0.993630409,0.963448524,1.03056812,1.27976036,1.68401814,1.84518623,1.4608717,1.127985,3.14953756,2.82858658,1.35996151,0.956280708,0.73886776,1.90909386,1.43971252,1.04769707,1.2681694,0.777397156,1.1009388,1.46625423,1.13351059,0.889902115,1.00127506,1.16939259,1.00445175,0.843797684,1.74549294,0.921844482,0.640413284,0.695120811,0.902634621,1.07752037,1.16414833,0.864431381,2.41699123,0.40314579,0.1007967,0.593201637,0.413350105,0.0998516083,-0.05884552,0.436408043,0.363377571,0.534916878,0.0494804382,0.836425781,0.219142914,0.0290613174,0.0472631454,0.205801964,0.395275116,0.481882095,0.597006798,0.324922562,0.383282661,0.242483139,0.329293251,0.679765701,0.55927372,0.755637169,1.05394077,0.945140839,0.522424698,0.272096634,0.23187542,0.225363731,0.912528038,0.337497711,0.591355324
2026-08-26T14:40:29.088+00:00	947.218	SUBSEG96 protocol=asd-research-v1.0.0 session=1 phase=DET window=10 group=1 segments=8 dims=96 fnv1a=c612926a values=-10.0294647,-10.0294647,0.967294693,-10.0294647,-10.0294647,0.784785271,-10.0294647,1.09355736,-10.0294647,1.18183804,0.797978401,-10.0294647,1.55055809,1.92358303,1.95990658,-10.0294647,1.44356918,0.805521965,0.812283516,1.0918293,1.13523579,0.565481186,0.61796093,0.668830872,1.23446369,1.33718777,1.10671902,1.25319099,1.17159462,1.22516823,1.3742733,1.72114754,1.38952541,1.41343212,1.14519596,3.13313437,2.75877666,1.24825287,1.27671528,0.890019417,2.13353014,1.55133057,1.09227753,1.31295109,0.719712257,1.26619911,1.55703831,1.21163273,0.898896217,0.945586205,1.33783913,1.07055283,0.88071537,1.70559883,0.875766754,0.60923481,0.659340858,0.846575737,1.0379591,1.11014652,0.852372169,2.34361982,0.390107155,-0.00481414795,0.632699013,0.478773117,0.136636734,-0.0862960815,0.480399132,0.318101883,0.447698593,0.0176115036,0.85804081,0.201812744,0.0323839188,0.0842943192,0.193563461,0.359286308,0.48568058,0.515566826,0.262198448,0.350024223,0.169836998,0.306480408,0.568131447,0.511253357,0.720488548,1.02881718,0.923693657,0.449383736,0.237801552,0.22246933,0.190957069,0.785803795,0.312004089,0.557066917
2026-08-26T14:40:29.192+00:00	947.312	SUBSEG96 protocol=asd-research-v1.0.0 session=1 phase=DET window=10 group=2 segments=8 dims=96 fnv1a=fff32472 values=-10.0195084,-10.0195084,0.886166573,-10.0195084,-10.0195084,0.788939476,-10.0195084,1.30638504,-10.0195084,1.26126385,1.02846336,-10.0195084,1.5245676,2.14933872,2.25929308,-10.0195084,1.62923336,0.754340172,0.617308617,0.953783989,0.689334869,0.771481514,0.652215004,0.858150482,1.20682716,1.28999996,1.08958149,0.955505371,0.753330231,1.11967373,1.11691856,1.82740116,1.95719242,1.65318298,1.04644299,3.13285923,2.8468852,1.64721775,0.938755035,0.507686615,1.84659481,1.46487331,1.10747719,1.14914227,0.839893341,1.01646805,1.47436333,1.09348392,0.948622704,0.980135918,1.12599564,0.914617538,0.709454536,1.71963215,1.00236988,0.681698799,0.697501183,0.890674591,1.11428261,1.2992878,0.813298225,2.40661287,0.335391045,0.0581474304,0.587702751,0.470775604,0.0552978516,-0.0204582214,0.423297882,0.430547714,0.501411438,0.0252189636,0.798169136,0.218035698,0.00520610809,0.025223732,0.163648605,0.406741142,0.435653687,0.611821175,0.317958832,0.383833885,0.265904427,0.269975662,0.66574955,0.508411407,0.748618126,1.0537262,0.914567947,0.509534836,0.22822094,0.214251518,0.231387138,0.917858124,0.305683136,0.572278023
2026-08-26T14:40:29.299+00:00	947.422	SUBSEG96 protocol=asd-research-v1.0.0 session=1 phase=DET window=10 group=3 segments=8 dims=96 fnv1a=6f3283de values=-9.98832226,-9.98832226,0.936210632,-9.98832226,-9.98832226,1.04674816,-9.98832226,1.25313282,-9.98832226,1.14251804,0.909118652,-9.98832226,1.25605011,2.11256504,2.24659061,-9.98832226,1.44115829,0.7508564,0.67723465,0.873253822,0.9389534,0.665247917,0.730406761,0.935865402,1.07212448,1.42046833,0.856607437,0.892501831,0.971986771,0.985062599,1.2645874,1.49001408,2.1493187,1.43004322,1.05684853,3.16664171,2.73685837,1.51545811,0.685052872,0.808309555,1.97526073,1.40803051,1.11999989,1.29940796,0.829043388,1.0224905,1.57684708,1.10143089,0.758010864,0.988593102,1.05136108,1.05225182,0.741315842,1.82889366,0.873608589,0.640371323,0.730203629,0.900715828,1.06467915,1.14662361,0.905282974,2.44499969,0.413559914,0.192770004,0.586812973,0.384970665,0.0601577759,-0.120064735,0.419531822,0.345769882,0.58746624,0.155587196,0.771909714,0.252147675,0.0391759872,0.0506362915,0.244454384,0.415842056,0.467238426,0.593792915,0.356941223,0.392370224,0.194664001,0.259409904,0.664027214,0.632019997,0.700230598,1.05172539,0.94459343,0.521573067,0.311487198,0.154901505,0.241470337,0.827124596,0.330954552,0.584210396
2026-08-26T14:40:29.306+00:00	947.437	FLAGS protocol=asd-quality-v1.6.0 mode=READY state=CALIBRATED_NORMAL waiting=0 learning=0 learned=1 anomaly=0 hold=0 fault=0 green=on red=off guided25_available=1 workflow_pending=DEFAULT research_telemetry=1 profile_persistence_allowed=0 dropped=0
2026-08-26T14:40:29.425+00:00	947.547	SUBSEG96 protocol=asd-research-v1.0.0 session=1 phase=DET window=10 group=4 segments=7 dims=96 fnv1a=e65ccb37 values=-9.95601559,-9.95601559,0.870943069,-9.95601559,-9.95601559,0.907013893,-9.95601559,1.21723843,-9.95601559,1.2938633,0.92333889,-9.95601559,1.07298279,1.94509506,1.9291296,-9.95601559,1.00506783,0.715129852,0.623874664,0.839330673,0.996156693,0.507818222,0.841580391,0.75817585,0.991913795,1.02073574,1.03832722,0.929195404,1.04445553,0.883028984,1.21028328,1.64886189,1.88136005,1.51479912,1.27641296,3.18350363,2.89601755,1.03816319,0.843521118,0.653768539,1.70551968,1.4494009,0.925516129,1.33989429,0.658345222,1.10761356,1.3234396,1.16163063,0.867996216,0.991394997,1.09975052,0.923658371,1.01805496,1.79097652,0.982555389,0.644476891,0.702213287,1.00047874,1.07924652,1.19227409,0.915596962,2.47924423,0.494877815,0.118620872,0.564043045,0.371594429,0.205363274,0.0316858292,0.415179253,0.401697159,0.588697433,0.0380363464,0.885058403,0.234652519,0.0297651291,0.0892753601,0.186563492,0.44746685,0.60184288,0.62326622,0.408179283,0.382686615,0.32899189,0.411336899,0.775650978,0.584729195,0.841364861,1.10986137,1.01050568,0.582043648,0.337854385,0.317617416,0.279353142,1.03139305,0.407923698,0.650382996
2026-08-26T14:40:29.532+00:00	947.656	SUBSEG96 protocol=asd-research-v1.0.0 session=1 phase=DET window=10 group=5 segments=7 dims=96 fnv1a=41973613 values=-9.93433094,-9.93433094,1.25038624,-9.93433094,-9.93433094,0.998930931,-9.93433094,1.24199677,-9.93433094,1.18663692,0.791615486,-9.93433094,1.25453281,1.49211121,1.30134583,-9.93433094,0.890913963,0.650156975,0.735064507,0.918082237,0.826306343,0.573863029,0.658993721,0.967335701,1.21155548,1.71513081,1.17376041,0.734271049,0.742012024,0.724186897,1.44768143,1.70948124,1.31451797,1.1646986,1.18147182,3.21058798,2.97613049,0.65064621,0.678126335,0.791039467,1.67804432,1.31521702,0.97591877,1.30031776,0.868600845,1.08676147,1.33876991,1.15353584,1.01794434,1.17197418,1.21280479,1.09686279,0.915726662,1.74484825,0.931119919,0.694811821,0.760323524,0.957035065,1.16312408,1.07952404,0.912733078,2.4921999,0.462943077,0.205011368,0.654846191,0.383536339,0.107208252,-0.0300836563,0.505508423,0.382925034,0.628472328,0.0617704391,0.944330215,0.261368752,0.113462448,0.0509901047,0.311841965,0.421510696,0.490358353,0.718354225,0.356582642,0.483829498,0.331911087,0.477714539,0.805675507,0.633532524,0.849699974,1.10552025,1.01601982,0.633711815,0.325267792,0.328734398,0.26047802,1.06674099,0.415569305,0.677414894
2026-08-26T14:40:34.257+00:00	952.390	FLAGS protocol=asd-quality-v1.6.0 mode=READY state=CALIBRATED_NORMAL waiting=0 learning=0 learned=1 anomaly=0 hold=0 fault=0 green=on red=off guided25_available=1 workflow_pending=DEFAULT research_telemetry=1 profile_persistence_allowed=0 dropped=0
2026-08-26T14:40:38.815+00:00	956.937	QUALITY protocol=asd-quality-v1.6.0 phase=DET index=11 total=0 result=OK metrics_valid=1 samples=159744 expected=159744 rms_dbfs=-51.146 dc=-0.521 peak=363 clipped=0 zeros=657 stuck=389 dropped_delta=0 feature_valid=1 tonalness_valid=1 tonalness_proxy=3.202908 tonal_gate=pending_normal_only
2026-08-26T14:40:38.934+00:00	957.062	DET 11 score=1216.11768 lo=0 hi=2832.83325 led=1 anom=0 total_anom=0 hold=0 normal (uzastopnih=0 nivo=-51.1 dBFS racun=716 ms)
2026-08-26T14:40:38.953+00:00	957.078	FEATURE96 protocol=asd-research-v1.0.0 session=1 phase=DET window=11 window_start_ms=946442 window_end_ms=955711 score=1216.11768 level_dbfs=-51.1456223 quality=OK tonalness_proxy=3.20290804 dims=96 fnv1a=41c6cdd2 values=-9.93480301,-9.93480301,0.976618767,-9.93480301,-9.93480301,0.962845802,-9.93480301,1.26603889,-9.93480301,1.27600479,0.92109108,-9.93480301,0.94280529,1.55554581,1.57693958,-9.93480301,1.00100899,0.752375603,0.70074749,0.914919853,0.935506821,0.731803894,0.843143463,1.08128166,1.2578783,1.41488457,0.979795456,0.777048111,0.8556633,1.04574013,1.12721729,1.20656681,1.32796001,1.14003277,1.11072159,3.20290804,2.9562645,0.908819199,0.780440331,0.810927391,1.73034382,1.17828369,0.891264915,1.27994156,0.765850067,1.06266403,1.35539818,1.20450306,0.930226326,1.07201195,1.15346813,1.10336018,0.843268394,1.73375511,0.989941597,0.695825577,0.770274162,0.98728466,1.16508579,1.2107954,0.945555687,2.46351194,0.502734184,0.153905869,0.606811523,0.459245682,0.124820709,0.0805664062,0.462790489,0.447399139,0.616902351,0.104733467,0.97120285,0.266068459,0.110994339,0.103535652,0.298768997,0.466395378,0.534786224,0.686338425,0.431433678,0.443992615,0.308374405,0.399597168,0.80283165,0.609716415,0.803733826,1.12898445,1.02095413,0.565531731,0.326165199,0.289952278,0.285915375,1.08017921,0.422394753,0.686656952
2026-08-26T14:40:39.163+00:00	957.297	SUBSEG96 protocol=asd-research-v1.0.0 session=1 phase=DET window=11 group=1 segments=8 dims=96 fnv1a=99fd4894 values=-9.9224577,-9.9224577,1.09942532,-9.9224577,-9.9224577,1.0049963,-9.9224577,1.22411823,-9.9224577,1.25166321,0.821378708,-9.9224577,0.960845947,1.63196182,1.61548615,-9.9224577,0.901751518,0.679527283,0.402555466,0.89961338,1.00493813,0.663537979,0.829604149,1.03319645,1.24189377,1.32974434,1.0226841,0.825928688,0.785838127,1.11525631,1.42366982,1.2085104,1.19759083,1.1193676,0.92119503,3.24680471,3.03647327,0.795408249,0.74834919,0.712107658,1.47345638,1.20992279,0.808598518,1.35278893,0.846352577,0.992956161,1.4145546,1.2730484,0.906963348,1.01536369,1.17655754,1.19315243,0.836727142,1.73871231,0.940710068,0.694459915,0.763965607,0.997385979,1.2003212,1.31467056,0.930366516,2.48509312,0.622261047,0.129508972,0.593695641,0.47604084,0.0214939117,0.088599205,0.475719452,0.44863224,0.582818031,0.129780769,0.935367584,0.285017967,0.147864342,0.106609344,0.320522308,0.486069679,0.603727341,0.675117493,0.485129356,0.513009071,0.297005653,0.388730049,0.855401039,0.631131172,0.822787285,1.13183308,1.03248787,0.59175396,0.360031128,0.281215668,0.336846352,1.0131073,0.445450783,0.743291855
2026-08-26T14:40:39.186+00:00	957.312	SUBSEG96 protocol=asd-research-v1.0.0 session=1 phase=DET window=11 group=2 segments=8 dims=96 fnv1a=447e7d9c values=-9.95460415,-9.95460415,1.24437428,-9.95460415,-9.95460415,1.20441723,-9.95460415,1.48958874,-9.95460415,1.47676277,1.00965405,-9.95460415,0.918654442,1.83299446,1.92038631,-9.95460415,1.19399738,0.707234383,0.833161354,0.882315636,0.864848137,0.650767326,0.922042847,1.11670303,1.11514568,1.547472,1.16086483,0.678481102,0.845602036,1.16280079,1.07694054,1.18241692,1.23100185,1.1431694,0.826646805,3.15882111,2.90549707,0.932661057,0.775037766,0.657953262,1.6457243,1.14032364,0.921813965,1.23888206,0.722259521,1.04032993,1.27871895,1.21276474,0.99948597,0.877155304,1.22630501,1.09635925,0.857053757,1.6941824,0.986011505,0.735282898,0.68206501,0.935456276,1.10923576,1.2455864,0.917784691,2.44012499,0.500062943,0.167096138,0.566749573,0.473594666,0.124085426,0.0251913071,0.376543045,0.380766869,0.64175415,0.119107246,0.973376274,0.208181381,0.10449028,0.126749992,0.216427803,0.442090034,0.499913216,0.703707695,0.441942215,0.400107384,0.299328804,0.375224113,0.795033455,0.58736515,0.783029556,1.11805058,0.983124733,0.533074379,0.332688332,0.249137878,0.247210503,1.07134056,0.402612686,0.69616127
2026-08-26T14:40:39.269+00:00	957.390	SUBSEG96 protocol=asd-research-v1.0.0 session=1 phase=DET window=11 group=3 segments=8 dims=96 fnv1a=edfe3805 values=-9.91150856,-9.91150856,0.7814188,-9.91150856,-9.91150856,0.766385078,-9.91150856,1.2162466,-9.91150856,1.09885979,0.892560959,-9.91150856,1.1565485,1.46704388,1.48222637,-9.91150856,0.989407539,0.523694038,0.472708702,0.756011963,1.03011894,0.797842026,0.690170288,0.860750198,1.24694633,1.33770466,1.01035213,0.860877037,0.764256477,0.845208168,1.13860703,1.28221703,1.47973824,1.21759605,1.13212681,3.20915747,2.96444082,0.894436836,0.683722496,0.6635952,1.85590839,1.23174,0.991091728,1.31369114,0.693912506,1.18937397,1.37416363,1.22141743,0.892759323,1.17988014,1.15756226,1.07185364,0.863552094,1.74109268,1.04542923,0.76927948,0.662063599,0.954527855,1.22742939,1.07996941,1.06585121,2.51226759,0.492592812,0.214216232,0.605401993,0.522582054,0.17700386,0.0892896652,0.51051712,0.502594948,0.57285881,0.130040169,1.01769257,0.310460091,0.0732421875,0.0696973801,0.370098114,0.511356354,0.535406113,0.693089485,0.48285675,0.445771217,0.316332817,0.41883564,0.85379982,0.66590786,0.852807999,1.14391041,1.06858444,0.608913422,0.343671799,0.338651657,0.280015945,1.12269402,0.4600811,0.683481216
2026-08-26T14:40:39.381+00:00	957.500	SUBSEG96 protocol=asd-research-v1.0.0 session=1 phase=DET window=11 group=4 segments=7 dims=96 fnv1a=976980cd values=-9.89085007,-9.89085007,0.580843925,-9.89085007,-9.89085007,0.765922546,-9.89085007,0.934803963,-9.89085007,1.02623272,0.911039352,-9.89085007,0.875829697,1.1901083,0.959555626,-9.89085007,0.887024879,0.712530136,0.856945992,1.01535416,0.820674896,0.601686478,0.734762192,1.40291214,1.46620846,1.19897652,0.837292671,0.853230476,0.598261833,1.16118431,0.963726997,1.18409348,1.49065018,0.928055763,1.41567802,3.24958801,2.96682405,0.925517082,0.885449409,0.970191002,1.57538128,1.09122562,0.887228012,1.27053452,0.920197487,1.12655258,1.4122467,1.06635761,0.945520401,1.17484188,1.15254498,1.03437519,0.851446152,1.82848167,1.04514122,0.628472328,0.75679493,1.16459084,1.18059254,1.11032391,0.932389259,2.45607471,0.436858177,0.222270966,0.713775635,0.514326096,0.0606908798,0.156197548,0.531615257,0.549397469,0.659629822,0.127540588,1.04924393,0.343127251,0.167356491,0.195736885,0.340823174,0.55261898,0.530026436,0.710808754,0.389904022,0.472905159,0.413599014,0.51351738,0.769544601,0.63348484,0.851559639,1.1796875,1.09547997,0.596529007,0.371631622,0.349365234,0.326022148,1.1589222,0.464975357,0.695083618
2026-08-26T14:40:39.387+00:00	957.515	FLAGS protocol=asd-quality-v1.6.0 mode=READY state=CALIBRATED_NORMAL waiting=0 learning=0 learned=1 anomaly=0 hold=0 fault=0 green=on red=off guided25_available=1 workflow_pending=DEFAULT research_telemetry=1 profile_persistence_allowed=0 dropped=0
2026-08-26T14:40:39.505+00:00	957.625	SUBSEG96 protocol=asd-research-v1.0.0 session=1 phase=DET window=11 group=5 segments=7 dims=96 fnv1a=cccd1838 values=-9.93280125,-9.93280125,0.813985825,-9.93280125,-9.93280125,0.896803856,-9.93280125,1.28136635,-9.93280125,1.37503147,0.995529175,-9.93280125,0.717617035,1.30964565,1.26720142,-9.93280125,0.971268654,1.04372692,0.82045269,1.04931164,0.966085434,0.925793648,1.00699806,0.853522301,1.25130081,1.5739603,0.741039276,0.703995705,1.14473534,0.891069412,0.765320778,1.22302055,1.23209476,1.26090431,1.16460133,3.21082735,2.95759916,1.03215313,0.860757828,1.02434731,1.97550297,1.24962044,0.87935257,1.26939869,0.672204018,0.993653297,1.3538847,1.25765133,0.9504776,1.13701439,1.08347511,1.14957905,0.863852501,1.73022747,0.989488602,0.677646637,0.986337662,0.926855087,1.16055012,1.29310513,0.915205002,2.4772625,0.478900909,0.081738472,0.61920929,0.341148376,0.259612083,0.109189987,0.479952812,0.411100388,0.683017731,0.0680303574,0.93526268,0.242280006,0.121149063,0.0733299255,0.300316811,0.388342857,0.555551529,0.707386017,0.390288353,0.442344666,0.274265289,0.359333038,0.780177116,0.583947182,0.762734413,1.13414288,0.98190403,0.554757118,0.273715973,0.293272018,0.298897743,1.09361076,0.395703316,0.663468361
2026-08-26T14:40:44.265+00:00	962.390	FLAGS protocol=asd-quality-v1.6.0 mode=READY state=CALIBRATED_NORMAL waiting=0 learning=0 learned=1 anomaly=0 hold=0 fault=0 green=on red=off guided25_available=1 workflow_pending=DEFAULT research_telemetry=1 profile_persistence_allowed=0 dropped=0
2026-08-26T14:40:48.785+00:00	966.906	QUALITY protocol=asd-quality-v1.6.0 phase=DET index=12 total=0 result=OK metrics_valid=1 samples=159744 expected=159744 rms_dbfs=-50.693 dc=-0.479 peak=446 clipped=0 zeros=654 stuck=430 dropped_delta=0 feature_valid=1 tonalness_valid=1 tonalness_proxy=3.119026 tonal_gate=pending_normal_only
2026-08-26T14:40:48.910+00:00	967.031	DET 12 score=953.291687 lo=0 hi=2832.83325 led=1 anom=0 total_anom=0 hold=0 normal (uzastopnih=0 nivo=-50.7 dBFS racun=716 ms)
2026-08-26T14:40:48.925+00:00	967.047	FEATURE96 protocol=asd-research-v1.0.0 session=1 phase=DET window=12 window_start_ms=956412 window_end_ms=965686 score=953.291687 level_dbfs=-50.6934738 quality=OK tonalness_proxy=3.11902618 dims=96 fnv1a=c18564de values=-10.0153952,-10.0153952,0.8279562,-10.0153952,-10.0153952,0.884208679,-10.0153952,1.1935482,-10.0153952,1.190135,0.822532654,-10.0153952,1.62009811,2.35346317,2.28719997,-10.0153952,1.72301483,1.18278694,1.15115929,1.28645706,1.25449085,0.829463959,0.771754265,0.785414696,1.17762947,1.39586639,1.10206413,1.30829048,1.08940029,1.22211075,1.12708569,1.28940964,1.30331802,1.23942661,1.12455273,3.11902618,2.90096521,0.961835861,0.882357597,0.945824623,1.35055161,1.22281742,0.898710251,1.1309309,0.761159897,0.993718147,1.24163342,1.03206253,0.839384079,1.03967094,1.07996464,0.950457573,0.78421402,1.67098045,0.887040138,0.639850616,0.694684982,0.936593056,1.04208183,1.17569542,0.851067543,2.38934565,0.435464859,0.110578537,0.570039749,0.393633842,0.0420188904,-0.0342254639,0.413034439,0.390963554,0.535130501,0.011428833,0.854790688,0.2127285,0.00444030762,0.0481700897,0.232136726,0.374528885,0.470136642,0.614712715,0.346957207,0.374435425,0.264052391,0.329321861,0.721442223,0.552052498,0.73700428,1.04746246,0.906627655,0.523449898,0.286065102,0.191464424,0.271169662,1.00241089,0.347995758,0.575971603
2026-08-26T14:40:49.029+00:00	967.156	SUBSEG96 protocol=asd-research-v1.0.0 session=1 phase=DET window=12 group=1 segments=8 dims=96 fnv1a=1a81dff6 values=-9.93326092,-9.93326092,0.888251305,-9.93326092,-9.93326092,1.11291218,-9.93326092,1.10204124,-9.93326092,1.00846767,0.934135437,-9.93326092,0.98330307,1.70258617,1.79683495,-9.93326092,1.13315296,0.66735363,0.708973885,0.823446274,0.796972275,0.639373779,0.814817429,0.92477417,1.24399376,1.36664581,1.00643539,1.28800392,0.825917244,0.931529045,1.21501255,1.53249073,1.30336761,1.18524361,1.27849865,3.19638348,2.95701551,1.07841492,0.821391106,0.95058918,1.31289577,1.16780376,0.98628521,1.12100983,0.883420944,1.05700397,1.35479355,1.10034275,0.958462715,1.02844429,1.01129436,0.967866898,0.843989372,1.80687428,0.937592506,0.681632996,0.815131187,0.952375412,1.12475777,1.33169651,0.955598831,2.47581768,0.481016159,0.205648422,0.633868217,0.455720901,0.098031044,0.000315666199,0.467010498,0.440476418,0.547146797,0.0926589966,0.876155853,0.302702904,0.0819349289,0.14122963,0.280587196,0.445184708,0.560703278,0.748568535,0.423841476,0.478385925,0.27219677,0.395262718,0.767191887,0.613603592,0.788011551,1.12203503,1.00448799,0.574589729,0.333397865,0.294073105,0.304142952,1.09229851,0.384939194,0.665180206
2026-08-26T14:40:49.137+00:00	967.265	SUBSEG96 protocol=asd-research-v1.0.0 session=1 phase=DET window=12 group=2 segments=8 dims=96 fnv1a=f2e532c1 values=-9.90151691,-9.90151691,1.05422974,-9.90151691,-9.90151691,0.975387573,-9.90151691,1.14419842,-9.90151691,1.15880585,0.499530792,-9.90151691,1.07274818,1.50575638,1.47713566,-9.90151691,0.813114166,0.785474777,0.620571136,0.549787521,0.586426735,0.529803276,0.767114639,0.807056427,1.42604828,1.62254143,1.17349339,0.950565338,0.744466782,0.933882713,0.850656509,1.30753231,1.32525158,0.934405327,1.03812218,3.25560045,3.03802061,1.01600075,0.677721977,1.14061928,1.5077734,1.16857719,0.947128296,1.22148895,0.926121712,1.15461159,1.28759098,1.16338062,0.815562248,1.11910439,1.06742573,1.16711712,0.892873764,1.73394871,1.10091591,0.679944992,0.887381554,1.06832027,1.02266598,1.21103764,0.924983978,2.46757174,0.499752998,0.25646019,0.614704132,0.469387054,0.132825851,0.105603218,0.494093895,0.477478027,0.682563782,0.156059265,0.961845398,0.306836128,0.106733322,0.237639427,0.405348778,0.50975132,0.546388626,0.685694695,0.419466019,0.48614502,0.369353294,0.413684845,0.835577965,0.668595314,0.86819458,1.18649864,1.04203129,0.614916801,0.381966591,0.277152061,0.360325813,1.15117264,0.474609375,0.695692062
2026-08-26T14:40:49.245+00:00	967.375	SUBSEG96 protocol=asd-research-v1.0.0 session=1 phase=DET window=12 group=3 segments=8 dims=96 fnv1a=7bfdd0ea values=-9.92292309,-9.92292309,0.821909904,-9.92292309,-9.92292309,0.92048645,-9.92292309,1.46920109,-9.92292309,1.51900768,1.03280258,-9.92292309,1.26322746,1.68752766,1.51936054,-9.92292309,0.777048111,0.637319565,0.669708252,0.932248116,0.923681259,0.589740753,0.365200043,0.677426338,1.21462727,1.49969959,0.898397446,0.995332718,0.481011391,0.581940651,1.11928272,1.33247566,1.23774433,1.04086781,1.02559853,3.2081089,2.99180984,1.01088524,0.967281342,1.0057869,1.38988304,1.25379848,1.0028162,1.24257469,0.861540794,1.12690067,1.37974262,1.02305508,0.908658981,1.27162361,1.20757866,0.884553909,0.951210976,1.78861618,0.855200768,0.691505432,0.743945122,1.07105541,1.21555614,1.17543697,0.993481636,2.46805954,0.565565109,0.254322052,0.712313652,0.402218819,0.0649824142,0.039812088,0.535353661,0.528935432,0.650333405,0.141267776,0.966353416,0.345580101,0.0881385803,0.113197327,0.269224167,0.429527283,0.573003769,0.700222015,0.433319092,0.435094833,0.382362366,0.455982208,0.799181938,0.619011879,0.847872734,1.13905048,0.99398613,0.634849548,0.403833389,0.298230171,0.404650688,1.10143185,0.459153175,0.671379089
2026-08-26T14:40:49.351+00:00	967.484	SUBSEG96 protocol=asd-research-v1.0.0 session=1 phase=DET window=12 group=4 segments=7 dims=96 fnv1a=426eafdb values=-10.1352282,-10.1352282,0.79186821,-10.1352282,-10.1352282,0.812492371,-10.1352282,0.951947212,-10.1352282,1.03712654,0.973377228,-10.1352282,2.13632393,2.91369152,2.83766603,-10.1352282,2.28175783,1.68199062,1.65079784,1.80452442,1.77402878,1.24817562,0.986224174,0.912234306,1.24052906,1.48385429,1.33475971,1.73377705,1.57936478,1.71191788,1.41464424,1.29272366,1.4291544,1.60630989,1.16021824,3.0001564,2.78790569,0.803132057,0.799240112,0.89803791,1.35970688,1.27266502,0.9093256,1.04078007,0.457244873,0.782344818,1.087677,0.911361694,0.798737526,0.801501274,1.02053261,0.954685211,0.604355812,1.54152298,0.842154503,0.549206734,0.546261787,0.835608482,1.0142107,1.19008541,0.755892754,2.32310104,0.330353737,-0.0513114929,0.531321526,0.331717491,-0.00984668732,-0.094373703,0.350214958,0.32396698,0.405529022,-0.124952316,0.727908134,0.0604276657,-0.123307228,-0.101438522,0.0977153778,0.278003693,0.319056511,0.495344162,0.201537132,0.266983032,0.167097092,0.222482681,0.630132675,0.457584381,0.617553711,0.918435097,0.80145359,0.413402557,0.173256874,0.0728521347,0.148950577,0.923645973,0.205944061,0.445259094
2026-08-26T14:40:49.361+00:00	967.484	FLAGS protocol=asd-quality-v1.6.0 mode=READY state=CALIBRATED_NORMAL waiting=0 learning=0 learned=1 anomaly=0 hold=0 fault=0 green=on red=off guided25_available=1 workflow_pending=DEFAULT research_telemetry=1 profile_persistence_allowed=0 dropped=0
2026-08-26T14:40:49.479+00:00	967.609	SUBSEG96 protocol=asd-research-v1.0.0 session=1 phase=DET window=12 group=5 segments=7 dims=96 fnv1a=df090fec values=-9.90329075,-9.90329075,0.807969093,-9.90329075,-9.90329075,0.78938961,-9.90329075,1.4453907,-9.90329075,1.34039116,0.561577797,-9.90329075,1.09223366,1.49112892,1.57061291,-9.90329075,1.14030266,0.857368469,0.81866169,0.674806595,0.445072174,0.531871796,0.880661964,0.752198219,0.669348717,0.948186874,1.119133,0.677028656,0.536062241,0.655117035,0.774333954,1.10780334,1.41666698,1.05588531,1.31352901,3.21242762,3.00981236,1.16974735,1.26075649,0.989601135,1.43640709,1.46499157,0.893974304,1.30589294,0.903137207,1.10391235,1.36647224,1.23378849,0.980256081,1.19861603,1.33143234,1.00291252,0.890260696,1.7513628,0.943809509,0.870209694,0.730617523,1.02806282,1.07349873,1.20935726,0.888631821,2.4939642,0.58008194,0.140258789,0.622318268,0.58697319,0.205451965,0.0548839569,0.495178223,0.45580101,0.664027214,0.0545902252,1.02066231,0.320786476,0.151229858,0.109592438,0.380810738,0.491632462,0.629193306,0.718066216,0.534882545,0.485941887,0.408465385,0.438353539,0.859427452,0.685730934,0.841323853,1.14850044,0.962638855,0.661885262,0.419149399,0.292843819,0.415834427,0.999471664,0.492945671,0.680517197
2026-08-26T14:40:54.285+00:00	972.406	FLAGS protocol=asd-quality-v1.6.0 mode=READY state=CALIBRATED_NORMAL waiting=0 learning=0 learned=1 anomaly=0 hold=0 fault=0 green=on red=off guided25_available=1 workflow_pending=DEFAULT research_telemetry=1 profile_persistence_allowed=0 dropped=0
2026-08-26T14:40:58.759+00:00	976.890	QUALITY protocol=asd-quality-v1.6.0 phase=DET index=13 total=0 result=OK metrics_valid=1 samples=159744 expected=159744 rms_dbfs=-51.412 dc=-0.459 peak=383 clipped=0 zeros=756 stuck=441 dropped_delta=0 feature_valid=1 tonalness_valid=1 tonalness_proxy=2.987883 tonal_gate=pending_normal_only
2026-08-26T14:40:58.884+00:00	977.015	DET 13 score=1982.56897 lo=0 hi=2832.83325 led=1 anom=0 total_anom=0 hold=0 normal (uzastopnih=0 nivo=-51.4 dBFS racun=716 ms)
2026-08-26T14:40:58.900+00:00	977.031	FEATURE96 protocol=asd-research-v1.0.0 session=1 phase=DET window=13 window_start_ms=966392 window_end_ms=975660 score=1982.56897 level_dbfs=-51.4122543 quality=OK tonalness_proxy=2.98788309 dims=96 fnv1a=0980aabe values=-10.1501169,-10.1501169,1.97889709,-10.1501169,-10.1501169,1.24968052,-10.1501169,1.21568012,-10.1501169,1.52297211,1.21551514,-10.1501169,1.4510994,2.0485239,2.109447,-10.1501169,1.52857208,0.78109169,0.947035789,1.15631008,1.18985462,0.727139473,0.739570618,1.03205013,1.14940548,1.39036083,1.67200279,2.11811447,2.02820826,1.87422657,1.25345993,1.43333435,1.9447813,1.91804171,1.62777615,2.98788309,2.76403427,0.988712311,1.16905785,1.19144535,1.88173962,1.66834068,1.15438938,1.25872135,0.769610405,0.943183899,1.28595352,0.952850342,0.669086456,0.965946198,0.975986481,0.861188889,0.789518356,1.55965614,0.743254662,0.553364754,0.644798279,0.805989265,0.949077606,0.996354103,0.738722801,2.22134638,0.27958107,-0.0504665375,0.391860008,0.269202232,-0.0459957123,-0.162777901,0.265357971,0.225520134,0.384427071,-0.12432766,0.746860504,0.0611343384,-0.10170269,-0.0925073624,0.0497636795,0.234018326,0.321316719,0.491902351,0.18219471,0.242876053,0.139881134,0.201400757,0.625494957,0.407487869,0.608455658,0.89308548,0.767327309,0.378134727,0.134025574,0.0574989319,0.135840416,0.843238831,0.219398499,0.428023338
2026-08-26T14:40:59.005+00:00	977.125	SUBSEG96 protocol=asd-research-v1.0.0 session=1 phase=DET window=13 group=1 segments=8 dims=96 fnv1a=85850d62 values=-10.2962837,-10.2962837,0.989769936,-10.2962837,-10.2962837,0.764977455,-10.2962837,0.591132164,-10.2962837,0.86326313,0.931397438,-10.2962837,1.81132174,2.48869848,2.57270908,-10.2962837,2.01598692,1.16627884,1.35870361,1.57316113,1.61691761,1.03226566,0.96791172,1.38277817,1.34356117,1.57256699,2.12010908,2.63211012,2.53988981,2.38170338,1.64313793,1.59006596,2.32686186,2.39821053,2.08280373,2.87738514,2.64151525,1.23912811,1.57676125,1.45035076,2.33924723,2.11180305,1.51505947,1.45350552,0.985463142,1.06578064,1.38612747,0.720060349,0.684236526,0.974136353,0.920405388,0.643537521,0.701160431,1.41833687,0.614451408,0.334216118,0.457040787,0.672122002,0.773680687,0.764842987,0.619966507,2.09201956,0.0899295807,-0.117227554,0.253530502,0.138027191,-0.0524139404,-0.243100166,0.112409592,0.0603647232,0.171872139,-0.2432127,0.660352707,-0.0676755905,-0.287658691,-0.228736877,-0.106192589,0.038397789,0.17005825,0.317296028,0.0771751404,0.0990285873,-0.0108242035,0.0691232681,0.448975563,0.262541771,0.439074516,0.738650322,0.636271477,0.257677078,-0.0163402557,-0.104945183,-0.0272340775,0.725250244,0.0620059967,0.257261276
2026-08-26T14:40:59.112+00:00	977.234	SUBSEG96 protocol=asd-research-v1.0.0 session=1 phase=DET window=13 group=2 segments=8 dims=96 fnv1a=e5ab9de9 values=-10.0026913,-10.0026913,1.87417316,-10.0026913,-10.0026913,1.41519451,-10.0026913,1.07989693,-10.0026913,1.42469883,1.15769863,-10.0026913,1.0072155,1.66819191,1.79531002,-10.0026913,0.934743881,0.663602829,0.763467789,1.04946423,1.05440617,0.641674042,0.675605774,0.933690071,1.32832432,1.52894306,1.31487274,1.31590557,1.08198261,0.966562271,0.919186592,1.18735886,1.76746082,1.48496246,0.98914814,3.10264206,2.94888067,1.16337299,1.00736618,1.19597912,1.30794716,1.26619339,0.921620369,1.30671406,0.789988518,0.928107262,1.35373783,1.05241203,0.742965698,1.0886879,1.10006523,1.10184765,0.910620689,1.6757555,0.793096542,0.73632431,0.847835541,0.932878494,1.08022308,1.14725876,0.87150383,2.35364151,0.338230133,0.00524330139,0.57841301,0.469424248,0.0368299484,-0.0469827652,0.40426445,0.377369881,0.566856384,-0.040643692,0.943112373,0.147715569,0.0800933838,0.00546550751,0.233106613,0.399733543,0.485837936,0.737277985,0.338459969,0.357917786,0.289110184,0.308110237,0.821508408,0.568778038,0.713375092,1.03921413,0.903106689,0.501753807,0.323404312,0.186534882,0.325153351,0.917971611,0.358978271,0.595288277
2026-08-26T14:40:59.220+00:00	977.343	SUBSEG96 protocol=asd-research-v1.0.0 session=1 phase=DET window=13 group=3 segments=8 dims=96 fnv1a=65516626 values=-9.99205971,-9.99205971,2.41730213,-9.99205971,-9.99205971,1.4955864,-9.99205971,1.67417145,-9.99205971,2.10999298,1.77909851,-9.99205971,1.35434437,1.76418686,1.68040848,-9.99205971,0.890331268,0.55956459,0.539875984,0.710280418,0.651955605,0.596349716,0.257270813,0.57216835,0.997293472,1.37753105,1.08023167,0.716011047,0.913561821,0.761672974,1.05448341,1.50277233,1.86801434,1.11528492,1.18317223,3.14166594,2.87830544,0.812664032,0.634510994,1.30253983,1.31691933,1.33639145,1.05581665,1.38130283,0.828022957,1.06056118,1.38478947,1.15121746,0.835269928,1.05056477,1.11281681,0.984472275,0.96490097,1.70727921,0.88794136,0.724504471,0.874419212,0.96257782,1.11808205,1.17180443,0.887539864,2.37832689,0.445868492,0.159556389,0.544542313,0.391676903,0.0690040588,-0.0201482773,0.414601326,0.288805008,0.521316528,0.0763998032,0.800143242,0.224027634,0.110621452,0.0700721741,0.148971558,0.39492321,0.468472481,0.560404778,0.251068115,0.400000572,0.281136513,0.344703674,0.713871002,0.570225716,0.814481735,1.10411549,0.909743309,0.543156624,0.233540535,0.251013756,0.274173737,1.00399685,0.40410614,0.599928856
2026-08-26T14:40:59.328+00:00	977.453	SUBSEG96 protocol=asd-research-v1.0.0 session=1 phase=DET window=13 group=4 segments=7 dims=96 fnv1a=1e493b84 values=-9.94501495,-9.94501495,2.55567837,-9.94501495,-9.94501495,1.7560873,-9.94501495,1.51591015,-9.94501495,1.66014004,1.23804188,-9.94501495,1.22088242,1.15840149,0.885443687,-9.94501495,0.552717209,0.40500927,0.599873543,0.59794426,0.531191826,0.505357742,0.806293488,0.865437508,1.0786705,1.43033123,1.03976822,0.693119049,0.818090439,0.879934311,1.15835857,1.69568348,1.41986752,1.04031467,1.22479916,3.20634317,2.95768929,0.884914398,0.894198418,1.11455822,1.33044529,0.996429443,0.986969948,1.26574707,0.643244743,0.997769356,1.24478722,1.11015987,0.777643204,1.19056702,1.14190006,1.13631725,0.960364342,1.79367256,0.983677864,0.750045776,0.838529587,1.01025391,1.11814976,1.20376015,0.962496758,2.44055748,0.435569763,0.0607624054,0.686710358,0.465250969,0.163654327,0.00736618042,0.48683548,0.412646294,0.633067131,0.07426548,0.866499901,0.247475624,0.0808191299,0.131578445,0.284626007,0.402094841,0.554102898,0.629313469,0.369297981,0.468280792,0.320994377,0.438129425,0.838912964,0.614992142,0.832645416,1.05058861,1.0152483,0.553665161,0.356312752,0.285121918,0.346921921,1.13525867,0.434171677,0.602498055
2026-08-26T14:40:59.338+00:00	977.468	FLAGS protocol=asd-quality-v1.6.0 mode=READY state=CALIBRATED_NORMAL waiting=0 learning=0 learned=1 anomaly=0 hold=0 fault=0 green=on red=off guided25_available=1 workflow_pending=DEFAULT research_telemetry=1 profile_persistence_allowed=0 dropped=0
2026-08-26T14:40:59.455+00:00	977.578	SUBSEG96 protocol=asd-research-v1.0.0 session=1 phase=DET window=13 group=5 segments=7 dims=96 fnv1a=c3bb2ddc values=-9.90129375,-9.90129375,1.19278717,-9.90129375,-9.90129375,0.993512154,-9.90129375,1.43106556,-9.90129375,1.47533607,0.969507217,-9.90129375,1.36784363,1.57066536,1.06677628,-9.90129375,0.53348732,0.294285774,0.438986778,0.601060867,0.712644577,0.729972839,1.00137043,0.97194767,1.18227959,1.26213074,1.28632355,0.657269478,0.8677845,0.867080688,0.593560219,1.45903969,1.44613647,1.10324478,1.0448904,3.22120619,2.99910212,0.772802353,0.74681282,0.626536369,1.49493313,1.12443733,0.753357887,1.0218668,0.774717331,1.07997894,1.48784351,1.32190895,0.843060493,1.06432915,1.19587421,1.01996613,1.00860691,1.81920052,1.04641914,0.828966141,0.77974987,1.06585217,1.264925,1.30310345,0.96231842,2.45413733,0.676156044,0.214307785,0.457551956,0.483068466,0.117432594,0.0905418396,0.524666786,0.588887215,0.639714241,0.115188599,1.04464054,0.363912582,0.103521347,0.173309326,0.29895401,0.542801857,0.538597107,0.797850609,0.478559494,0.504786491,0.43176651,0.462119102,0.91251564,0.630261421,0.851878166,1.13336468,0.983036041,0.643413544,0.382349014,0.278974533,0.369098663,1.03199482,0.448123932,0.694113731
2026-08-26T14:41:04.305+00:00	982.437	FLAGS protocol=asd-quality-v1.6.0 mode=READY state=CALIBRATED_NORMAL waiting=0 learning=0 learned=1 anomaly=0 hold=0 fault=0 green=on red=off guided25_available=1 workflow_pending=DEFAULT research_telemetry=1 profile_persistence_allowed=0 dropped=0
2026-08-26T14:41:08.797+00:00	986.922	QUALITY protocol=asd-quality-v1.6.0 phase=DET index=14 total=0 result=OK metrics_valid=1 samples=159744 expected=159744 rms_dbfs=-50.973 dc=-0.534 peak=377 clipped=0 zeros=668 stuck=389 dropped_delta=0 feature_valid=1 tonalness_valid=1 tonalness_proxy=3.167702 tonal_gate=pending_normal_only
2026-08-26T14:41:08.921+00:00	987.047	DET 14 score=1379.42151 lo=0 hi=2832.83325 led=1 anom=0 total_anom=0 hold=0 normal (uzastopnih=0 nivo=-51.0 dBFS racun=716 ms)
2026-08-26T14:41:08.935+00:00	987.062	FEATURE96 protocol=asd-research-v1.0.0 session=1 phase=DET window=14 window_start_ms=976362 window_end_ms=985698 score=1379.42151 level_dbfs=-50.9727631 quality=OK tonalness_proxy=3.16770172 dims=96 fnv1a=2ea939e2 values=-9.95821953,-9.95821953,1.41200829,-9.95821953,-9.95821953,1.33842182,-9.95821953,1.56859303,-9.95821953,1.52719212,1.10646343,-9.95821953,1.2930088,1.69691849,1.58986759,-9.95821953,0.850895882,0.808678627,0.822239876,0.867548943,0.823641777,0.692680359,0.837705612,1.02549648,1.25033188,1.37910175,0.896820068,0.76915741,0.674879074,0.821836472,0.967242241,1.2523489,1.3765173,1.02346992,1.24832916,3.16770172,2.8843441,1.01065445,0.731971741,1.08508301,1.37148285,1.21392345,0.980254173,1.24827862,0.669120789,0.935094833,1.30429554,1.12511539,0.943278313,1.06997204,1.15149689,1.0414362,0.850107193,1.77376842,1.04967499,0.748586655,0.805986404,0.992539406,1.16324234,1.25112724,0.93903923,2.42670774,0.485761642,0.116497993,0.5959692,0.459436417,0.144049644,0.0297994614,0.4557724,0.411711693,0.569570541,0.0536365509,0.925356865,0.257748604,0.0632886887,0.104436874,0.253733635,0.439487457,0.501454353,0.68083477,0.396372795,0.453351021,0.31511879,0.392660141,0.728858948,0.606113434,0.819767952,1.10017776,0.940990448,0.555121422,0.293885231,0.274831772,0.301012993,1.05932522,0.396019936,0.627861977
2026-08-26T14:41:09.039+00:00	987.172	SUBSEG96 protocol=asd-research-v1.0.0 session=1 phase=DET window=14 group=1 segments=8 dims=96 fnv1a=3356a654 values=-9.93827152,-9.93827152,1.59128571,-9.93827152,-9.93827152,1.24323177,-9.93827152,1.36310863,-9.93827152,1.51640034,1.18751526,-9.93827152,1.27207184,1.30681515,0.92078495,-9.93827152,0.715112686,1.02591133,0.925625801,0.758315086,0.773061752,0.563401222,0.498574257,0.996705055,1.1670084,1.5454607,1.10163593,0.69747448,0.776666641,1.07889175,1.02071285,1.44667625,1.25818539,0.894738197,0.967264175,3.18430614,2.99490595,1.04556084,0.662223816,1.00851059,1.44893932,1.07672882,0.881272316,1.31658268,0.643771172,0.960392952,1.27396965,1.22753906,1.05239391,1.07131195,1.13628674,1.02009773,0.841194153,1.74352741,1.01029491,0.747097969,0.620689392,1.0128231,1.18247223,1.38168716,0.949567795,2.42627001,0.547440529,0.225943565,0.63217926,0.514168739,0.218652725,0.00656032562,0.483646393,0.393467903,0.58962059,0.0707197189,1.04546356,0.292445183,0.10485363,0.0974092484,0.30004406,0.459575653,0.516787529,0.809522629,0.382715225,0.496185303,0.382390976,0.448962212,0.787693977,0.62265873,0.89318943,1.10376263,0.914487839,0.57838726,0.321365356,0.31727314,0.367347717,0.988702774,0.393127441,0.666100502
2026-08-26T14:41:09.146+00:00	987.265	SUBSEG96 protocol=asd-research-v1.0.0 session=1 phase=DET window=14 group=2 segments=8 dims=96 fnv1a=aa5edac1 values=-9.93438625,-9.93438625,1.31544209,-9.93438625,-9.93438625,1.25028038,-9.93438625,1.49571609,-9.93438625,1.45215988,1.16065788,-9.93438625,1.22314167,1.59490681,1.47504711,-9.93438625,0.793964386,0.901421547,0.934464455,0.942577362,1.00192928,0.828508377,0.957377434,1.11730003,1.32394981,1.19178009,0.771734238,0.632799149,0.588397026,0.741933823,0.77840519,0.993732452,1.11057854,0.686077118,1.06039143,3.18784237,2.89955616,0.875105858,0.83699131,1.1519146,1.46127605,1.24059772,1.15338516,1.1938715,0.772624016,0.928608894,1.37201214,1.09836674,0.857204437,1.12616444,1.16793346,1.12493324,0.846383095,1.82737923,1.06470585,0.801103592,0.878772736,0.982264519,1.13005924,1.17893982,0.966499329,2.42023039,0.511189461,0.129784584,0.65927887,0.520959854,0.171991348,0.0982294083,0.557976723,0.406035423,0.587566376,0.0290851593,0.911678314,0.28327179,0.0849304199,0.105527878,0.257357597,0.410001755,0.518427849,0.708491325,0.440891266,0.464016914,0.357708931,0.426107407,0.775942802,0.609187126,0.849252701,1.1232996,0.953318596,0.582081795,0.284784317,0.32422924,0.327517509,1.08619308,0.408231735,0.641188622
2026-08-26T14:41:09.252+00:00	987.375	SUBSEG96 protocol=asd-research-v1.0.0 session=1 phase=DET window=14 group=3 segments=8 dims=96 fnv1a=de135d7d values=-9.9903574,-9.9903574,1.28380871,-9.9903574,-9.9903574,1.48355579,-9.9903574,1.90368366,-9.9903574,1.80078411,1.03825092,-9.9903574,1.30065441,1.82805538,1.80073261,-9.9903574,0.904788017,0.725611687,0.86168766,1.1536665,1.01066494,0.660982132,1.01445866,1.10831261,1.29220009,1.48316956,0.935769081,0.849947929,0.420824051,0.484566689,1.01439667,1.28721809,1.5142498,1.20221424,1.38863087,3.1375041,2.8414917,0.964432716,0.78605175,1.11653137,1.20435333,1.41644955,0.889081001,1.21034527,0.688966751,1.03115654,1.34587574,1.05645275,0.910402298,1.08655548,1.09603596,1.05657673,0.88260746,1.77008724,1.04849815,0.734148026,0.796415329,0.947314262,1.12228394,1.18470955,0.899517059,2.39693451,0.498040199,-0.0329904556,0.576000214,0.388353348,0.164670944,-0.0159215927,0.405421257,0.405510902,0.497458458,0.0167179108,0.860137939,0.208341599,0.0242786407,0.10655117,0.239069939,0.384093285,0.464359283,0.581586838,0.401316643,0.408629417,0.305662155,0.331156731,0.651257515,0.584481239,0.782618523,1.07083225,0.91462326,0.502340317,0.301998138,0.223620415,0.255023956,1.07130623,0.380181313,0.592503548
2026-08-26T14:41:09.361+00:00	987.484	SUBSEG96 protocol=asd-research-v1.0.0 session=1 phase=DET window=14 group=4 segments=7 dims=96 fnv1a=07c7affa values=-9.93157673,-9.93157673,1.42217064,-9.93157673,-9.93157673,1.43663025,-9.93157673,1.37357616,-9.93157673,1.27550507,1.19035816,-9.93157673,1.36985016,1.75908089,1.73433399,-9.93157673,1.07816315,0.531671524,0.777555466,0.728944778,0.58744812,0.517746925,0.629880905,0.820536613,1.26726341,1.06235886,0.516039848,0.731622696,0.794978142,0.92775631,1.01756859,1.19736958,1.54187298,1.00871658,1.15234184,3.19388151,2.85348511,1.15925789,0.775290489,1.23593521,1.45055389,0.885739326,0.939126968,1.17299652,0.76442337,0.90251255,1.36015224,1.17711926,0.918611526,0.995687485,1.26747799,1.09051895,0.865419388,1.85037708,1.14815712,0.710956573,0.837269783,1.02597523,1.29057503,1.30325222,1.01401615,2.48028088,0.510733604,0.0925855637,0.624817848,0.404197693,0.123814583,0.0739021301,0.443331718,0.450509071,0.670556068,0.080406189,0.953620911,0.280405045,0.0869569778,0.108157158,0.268819809,0.526937485,0.536407471,0.660087585,0.384515762,0.421443939,0.302279472,0.409852028,0.731231689,0.623742104,0.82034874,1.1545105,1.00168037,0.529283524,0.318807602,0.266148567,0.322439194,1.11909771,0.409259796,0.621552467
2026-08-26T14:41:09.370+00:00	987.500	FLAGS protocol=asd-quality-v1.6.0 mode=READY state=CALIBRATED_NORMAL waiting=0 learning=0 learned=1 anomaly=0 hold=0 fault=0 green=on red=off guided25_available=1 workflow_pending=DEFAULT research_telemetry=1 profile_persistence_allowed=0 dropped=0
2026-08-26T14:41:09.486+00:00	987.609	SUBSEG96 protocol=asd-research-v1.0.0 session=1 phase=DET window=14 group=5 segments=7 dims=96 fnv1a=f7a9c247 values=-9.92984867,-9.92984867,1.45498276,-9.92984867,-9.92984867,1.25365257,-9.92984867,1.35394096,-9.92984867,1.345294,0.976676941,-9.92984867,1.35972309,1.86485195,1.64054394,-9.92984867,0.724848747,0.726794243,0.500541687,0.261787415,0.439810753,0.8565979,0.896270752,1.05156326,1.23909569,1.45174694,0.978551865,0.933587074,0.795450211,0.747473717,1.02329826,1.26409245,1.38019371,1.18320465,1.50750065,3.20227671,2.87136269,1.04901505,0.598072052,0.889803886,1.31775665,1.2752285,1.0479002,1.38322639,0.450676918,0.865433693,1.19145012,1.11665154,1.01635551,1.11169052,1.15278149,0.94536972,0.872393608,1.72863483,1.0344696,0.805138588,0.921556473,1.06372452,1.14804554,1.24399376,0.929535866,2.48007298,0.395685196,0.20419693,0.532864571,0.517571449,0.070356369,0.0488443375,0.431542397,0.470507622,0.56585598,0.138997078,0.897322655,0.290335655,0.079413414,0.168142319,0.264275551,0.485297203,0.539971352,0.678503036,0.430059433,0.535204887,0.269635201,0.408195496,0.756376266,0.657661438,0.805576324,1.1157341,0.990122795,0.644136429,0.302909851,0.30197525,0.289349556,1.09013844,0.455965042,0.68140316
2026-08-26T14:41:14.315+00:00	992.437	FLAGS protocol=asd-quality-v1.6.0 mode=READY state=CALIBRATED_NORMAL waiting=0 learning=0 learned=1 anomaly=0 hold=0 fault=0 green=on red=off guided25_available=1 workflow_pending=DEFAULT research_telemetry=1 profile_persistence_allowed=0 dropped=0
2026-08-26T14:41:18.771+00:00	996.890	QUALITY protocol=asd-quality-v1.6.0 phase=DET index=15 total=0 result=OK metrics_valid=1 samples=159744 expected=159744 rms_dbfs=-51.049 dc=-0.501 peak=436 clipped=0 zeros=680 stuck=434 dropped_delta=0 feature_valid=1 tonalness_valid=1 tonalness_proxy=3.189465 tonal_gate=pending_normal_only
2026-08-26T14:41:18.896+00:00	997.015	DET 15 score=1440.13721 lo=0 hi=2832.83325 led=1 anom=0 total_anom=0 hold=0 normal (uzastopnih=0 nivo=-51.0 dBFS racun=716 ms)
2026-08-26T14:41:18.912+00:00	997.031	FEATURE96 protocol=asd-research-v1.0.0 session=1 phase=DET window=15 window_start_ms=986402 window_end_ms=995672 score=1440.13721 level_dbfs=-51.0489807 quality=OK tonalness_proxy=3.18946505 dims=96 fnv1a=cbdfd0ba values=-9.94342518,-9.94342518,1.37167931,-9.94342518,-9.94342518,1.11532021,-9.94342518,1.35218525,-9.94342518,1.35242462,0.950962067,-9.94342518,1.01026726,1.6077776,1.62643814,-9.94342518,0.94595623,0.810695648,0.890605927,0.926486969,0.805627823,0.531187057,0.898248672,1.28493309,1.40284157,1.44359684,1.02644157,0.965689659,0.816898346,0.798978806,0.94998455,1.27768612,1.49364567,1.2314415,1.18997574,3.18946505,2.82988358,0.98950386,0.758261681,0.815221786,1.25024033,1.2862196,0.960643768,1.19840908,0.768572807,1.07029629,1.41347218,1.12330818,0.913488388,1.07812023,1.1735363,1.07749081,0.812535286,1.7868824,0.939698219,0.7471838,0.833808899,0.943748474,1.08927441,1.17620659,0.908166885,2.4488883,0.483677864,0.149833679,0.594509125,0.408595085,0.16992569,0.00518608093,0.505848885,0.435147285,0.580121994,0.0645608902,0.908471107,0.279050827,0.0869083405,0.0986967087,0.241768837,0.468648911,0.499734879,0.630347252,0.41563797,0.446900368,0.272220612,0.357805252,0.702851295,0.604624748,0.805261612,1.09320641,0.98617363,0.540825844,0.299229622,0.30752182,0.281531334,1.0769062,0.447951317,0.637060165
2026-08-26T14:41:19.015+00:00	997.140	SUBSEG96 protocol=asd-research-v1.0.0 session=1 phase=DET window=15 group=1 segments=8 dims=96 fnv1a=e66da4ff values=-9.93627071,-9.93627071,1.45323753,-9.93627071,-9.93627071,1.1727953,-9.93627071,1.43587208,-9.93627071,1.43116951,1.14808178,-9.93627071,1.06342697,1.85827827,1.89173126,-9.93627071,1.03931904,0.678668022,0.730519295,1.15237713,1.0249052,0.536456108,0.744572639,1.0984478,1.38906002,1.47694778,1.14246845,1.09538078,0.749574661,0.888833046,1.02763557,1.33872509,1.25331402,0.934743881,1.18553925,3.19168711,2.80217218,1.01429176,0.743985176,0.814665794,1.18322182,1.06513405,0.867868423,1.01402664,0.767594337,1.01166344,1.22555828,1.03481483,0.923520088,1.13878059,1.18727875,1.02765083,0.74952507,1.80513477,0.844447136,0.842914581,0.822618484,1.04782486,1.10577011,1.15349293,1.00567627,2.43356085,0.474030495,0.0729970932,0.594499588,0.457752228,0.112114906,-0.014175415,0.482665062,0.398620605,0.498059273,0.0155258179,0.894104004,0.279924393,0.113780975,0.0992908478,0.287181854,0.459453583,0.522937775,0.671916962,0.475322723,0.454857826,0.268669128,0.362808228,0.70207119,0.576184273,0.797101021,1.09675503,0.989806175,0.572520256,0.277714729,0.342187881,0.30715847,1.0034132,0.422712326,0.653060913
2026-08-26T14:41:19.121+00:00	997.250	SUBSEG96 protocol=asd-research-v1.0.0 session=1 phase=DET window=15 group=2 segments=8 dims=96 fnv1a=9eed2e06 values=-9.93293285,-9.93293285,1.50879669,-9.93293285,-9.93293285,1.11354637,-9.93293285,1.21419239,-9.93293285,1.34725285,1.01928043,-9.93293285,1.16663551,1.52511787,1.20906162,-9.93293285,0.965574265,0.779017448,0.825621605,0.886471748,0.731331825,0.597219467,1.02618313,0.956155777,1.19643784,1.51746559,1.02438545,1.03882313,1.01320362,0.828362465,0.763802528,1.21509743,1.46682835,1.19448471,1.19477272,3.19358349,2.81898308,0.849936485,0.716752052,0.957922935,1.38162136,1.42803669,1.07217121,1.26702976,0.658693314,0.902991295,1.49694157,1.19558811,0.901144981,1.07133961,1.22873878,1.13811684,0.804389954,1.80375576,0.951318741,0.627086639,0.844642639,0.947694778,1.13460255,1.19173622,0.854898453,2.45652151,0.53585434,0.183436394,0.527858734,0.466658592,0.189611435,0.05402565,0.53526783,0.511323929,0.579275131,0.0540494919,0.896348953,0.346888542,0.114925385,0.159915924,0.21013546,0.464359283,0.546578407,0.632969856,0.36114502,0.426959038,0.268929482,0.351812363,0.718933105,0.609171867,0.812274933,1.10594654,0.975777626,0.524833679,0.28305912,0.270708084,0.291408539,1.09772778,0.45561409,0.678318024
2026-08-26T14:41:19.229+00:00	997.359	SUBSEG96 protocol=asd-research-v1.0.0 session=1 phase=DET window=15 group=3 segments=8 dims=96 fnv1a=ed98c413 values=-9.94009686,-9.94009686,1.2953558,-9.94009686,-9.94009686,1.04807377,-9.94009686,1.44322205,-9.94009686,1.44072437,0.823022842,-9.94009686,1.11582565,1.67664146,1.78079605,-9.94009686,0.990667343,0.855099678,1.0047493,0.990878105,0.786468506,0.309520721,0.684653282,1.09463024,1.47107124,1.55120564,0.95391655,0.794816971,0.789480209,0.691597939,0.989197731,1.14205647,1.51319313,1.10958576,1.17753792,3.20213366,2.85549355,1.06851006,0.873249054,0.705313683,1.23496151,1.19421673,0.942631721,1.35552406,0.803138733,1.05596066,1.41882133,1.15513992,0.91987133,0.994006157,1.16819572,1.12898254,0.896058083,1.76066589,0.894389153,0.855952263,0.824454308,0.89849472,1.08439827,1.22435093,0.880231857,2.45698118,0.491484642,0.0869007111,0.642492294,0.330412865,0.268920898,0.0365285873,0.477313042,0.516769409,0.582777023,0.0297832489,0.966486931,0.273513794,0.12584877,0.0733070374,0.268442154,0.458305359,0.500092506,0.651581764,0.43759346,0.444088936,0.265960693,0.398145676,0.711318016,0.609852791,0.823062897,1.05745602,0.989652634,0.519192696,0.301596642,0.337552071,0.280536652,1.09327602,0.441050529,0.653541565
2026-08-26T14:41:19.335+00:00	997.468	SUBSEG96 protocol=asd-research-v1.0.0 session=1 phase=DET window=15 group=4 segments=7 dims=96 fnv1a=76bd7cb3 values=-9.92990112,-9.92990112,1.20930386,-9.92990112,-9.92990112,1.12136364,-9.92990112,1.44284821,-9.92990112,1.46683502,1.01958466,-9.92990112,0.847383499,1.39245892,1.32557297,-9.92990112,0.810409546,1.02438164,1.06156445,0.766571999,0.770470619,0.592029572,0.824225426,1.2055521,1.29272079,1.23794365,1.05038738,1.04432392,0.839640617,0.960987091,0.907042503,1.12831402,1.49569607,1.33633518,1.33865356,3.21603537,2.86325073,1.10165501,0.774303436,0.653223038,1.20781708,1.29474545,0.906017303,1.04087543,0.796073914,1.20098305,1.38792229,1.05373859,1.02589703,1.12124348,1.23599911,1.11978149,0.745377541,1.8617506,1.0461607,0.66954422,0.849446297,0.933343887,1.0206337,1.131464,0.824742317,2.46321678,0.481663704,0.252743721,0.637272835,0.459676743,0.200634956,0.0395565033,0.569886208,0.402950287,0.663880348,0.112257004,0.966076851,0.254149437,0.0291051865,0.0466403961,0.243721008,0.516672134,0.495118141,0.589159966,0.437757492,0.418539047,0.333660126,0.344659805,0.695336342,0.693009377,0.853084564,1.14532089,1.01963615,0.523771286,0.33324337,0.256410599,0.257897377,1.07541752,0.449410439,0.582967758
2026-08-26T14:41:19.346+00:00	997.468	FLAGS protocol=asd-quality-v1.6.0 mode=READY state=CALIBRATED_NORMAL waiting=0 learning=0 learned=1 anomaly=0 hold=0 fault=0 green=on red=off guided25_available=1 workflow_pending=DEFAULT research_telemetry=1 profile_persistence_allowed=0 dropped=0
2026-08-26T14:41:19.464+00:00	997.593	SUBSEG96 protocol=asd-research-v1.0.0 session=1 phase=DET window=15 group=5 segments=7 dims=96 fnv1a=90505aa0 values=-9.92757893,-9.92757893,1.35324097,-9.92757893,-9.92757893,1.16455841,-9.92757893,1.18795776,-9.92757893,0.883080482,0.538516045,-9.92757893,0.676002502,1.39115047,1.56036186,-9.92757893,0.916563988,0.684041023,0.797691345,0.669784546,0.63216114,0.624772072,1.12647343,1.7214632,1.61365128,1.38139629,0.979703903,0.805021286,0.629687309,0.56224823,1.05865097,1.51147556,1.70625496,1.48919678,1.06355286,3.19396639,2.86116695,0.915984154,0.699997902,0.913207054,1.25794125,1.41611481,1.03171253,1.24922657,0.856272697,1.19351006,1.53826237,1.19902039,0.825407982,1.10790539,1.07129002,0.995441437,0.891438484,1.74570656,1.00458908,0.723749161,0.88081646,0.916676521,1.13590813,1.21897125,0.992640495,2.48621178,0.477948189,0.195750237,0.615227699,0.357363701,0.0955066681,-0.0563077927,0.514559746,0.352402687,0.62450695,0.16204071,0.855293274,0.278456688,0.0821418762,0.151501656,0.241505623,0.498682976,0.472660065,0.644687653,0.40544796,0.535808563,0.275660515,0.376296043,0.735556602,0.580631256,0.788568497,1.11291695,1.00870895,0.610901833,0.354598045,0.368309021,0.316612244,1.15919781,0.522057533,0.653613091
2026-08-26T14:41:24.335+00:00	1002.468	FLAGS protocol=asd-quality-v1.6.0 mode=READY state=CALIBRATED_NORMAL waiting=0 learning=0 learned=1 anomaly=0 hold=0 fault=0 green=on red=off guided25_available=1 workflow_pending=DEFAULT research_telemetry=1 profile_persistence_allowed=0 dropped=0
2026-08-26T14:41:28.746+00:00	1006.875	QUALITY protocol=asd-quality-v1.6.0 phase=DET index=16 total=0 result=OK metrics_valid=1 samples=159744 expected=159744 rms_dbfs=-50.551 dc=-0.457 peak=387 clipped=0 zeros=643 stuck=359 dropped_delta=0 feature_valid=1 tonalness_valid=1 tonalness_proxy=3.116755 tonal_gate=pending_normal_only
2026-08-26T14:41:28.870+00:00	1007.000	DET 16 score=1274.15662 lo=0 hi=2832.83325 led=1 anom=0 total_anom=0 hold=0 normal (uzastopnih=0 nivo=-50.6 dBFS racun=716 ms)
2026-08-26T14:41:28.886+00:00	1007.015	FEATURE96 protocol=asd-research-v1.0.0 session=1 phase=DET window=16 window_start_ms=996372 window_end_ms=1005647 score=1274.15662 level_dbfs=-50.5506821 quality=OK tonalness_proxy=3.11675549 dims=96 fnv1a=f6fdbbfe values=-10.0106153,-10.0106153,1.16290855,-10.0106153,-10.0106153,1.1807518,-10.0106153,1.558424,-10.0106153,1.47636604,0.837471962,-10.0106153,1.19760227,1.6754694,1.53461552,-10.0106153,0.948472023,0.877497673,1.01300526,1.09396267,1.05140781,1.22044945,1.05740833,1.17727089,1.43508816,1.46212673,1.02272892,0.895887375,0.819299698,0.950304031,1.03358936,1.41748428,1.51789761,1.20343113,1.17303562,3.11675549,2.81997347,0.957593918,1.44518471,0.78285408,1.31260014,1.32775497,1.20913601,1.38532352,0.748063087,1.00211239,1.45718384,1.09649277,0.910412788,1.07469082,1.28788662,1.09142113,0.823126793,1.69202042,0.949773788,0.706418991,0.717131615,0.873035431,1.12726402,1.1023035,0.844601631,2.37394047,0.445671082,0.0997180939,0.489229202,0.37801075,0.0990343094,-0.0762367249,0.413972855,0.383805275,0.488636971,-0.00306797028,0.863409996,0.160121918,0.0467329025,0.0617332458,0.208180428,0.367669106,0.458772659,0.587388992,0.352226257,0.335165977,0.244565964,0.300526619,0.671648979,0.554450989,0.72964859,1.03254223,0.924877167,0.513214111,0.24125576,0.214466095,0.260788918,1.0606966,0.384970665,0.562087059
2026-08-26T14:41:28.990+00:00	1007.125	SUBSEG96 protocol=asd-research-v1.0.0 session=1 phase=DET window=16 group=1 segments=8 dims=96 fnv1a=6706e7b1 values=-9.93624783,-9.93624783,1.03973961,-9.93624783,-9.93624783,1.02390003,-9.93624783,1.46549797,-9.93624783,1.4431572,0.826160431,-9.93624783,0.686834335,1.29066849,1.2485342,-9.93624783,0.733670235,0.697207451,0.817510605,0.942966461,0.774350166,0.671497345,0.84411335,0.925364494,1.27840424,1.51694584,1.1278286,0.847970009,0.734256744,0.983158112,1.09254074,1.53864765,1.77120018,0.960658073,1.1601572,3.20357227,2.85151911,1.01115704,0.966424942,0.698498726,1.28928661,1.34220028,1.14395428,1.37003899,0.786355019,0.949071884,1.57473373,1.28753376,0.84871006,1.07145882,1.33328152,1.1851511,0.953882217,1.82552052,1.04813862,0.635418892,0.82199955,0.958017349,1.20587635,1.20697308,0.951696396,2.43281364,0.511416435,0.172213554,0.53892231,0.454032898,0.194366455,-0.0117034912,0.45956707,0.462426186,0.563117981,0.00923538208,0.942704201,0.247462273,0.0591173172,0.102189064,0.284744263,0.444573402,0.535859108,0.675640106,0.378602028,0.42905426,0.329158783,0.381031036,0.705064774,0.631416321,0.815571785,1.12026596,0.99284935,0.570371628,0.295970917,0.335609436,0.287829399,1.12105274,0.461525917,0.592355728
2026-08-26T14:41:29.097+00:00	1007.218	SUBSEG96 protocol=asd-research-v1.0.0 session=1 phase=DET window=16 group=2 segments=8 dims=96 fnv1a=eea48719 values=-10.0441589,-10.0441589,1.32921886,-10.0441589,-10.0441589,1.17222118,-10.0441589,1.67599392,-10.0441589,1.55494118,0.712129593,-10.0441589,1.41276646,1.797019,1.50570679,-10.0441589,0.965953827,0.608181953,0.749076843,1.02024078,1.33611012,1.01739788,0.87296772,1.42575264,1.81433964,1.57718945,0.965234756,0.728463173,0.872509003,1.16570187,0.916049957,1.41894341,1.70642853,1.11994362,1.21977234,3.06895638,2.78600788,1.03577518,1.18691349,0.650520325,1.29351997,1.42748928,1.47939777,1.33465767,0.896795273,1.11604977,1.53522873,1.04282761,0.9024086,1.15941525,1.51015759,1.12084103,0.828011513,1.63649464,0.995243073,0.724876404,0.701201439,0.826868057,1.17013741,1.10416126,0.780765533,2.37209034,0.49342823,0.082072258,0.461530685,0.326951981,0.0751132965,-0.0644788742,0.374986649,0.357133865,0.569627762,-0.0641717911,0.760900497,0.141222954,0.0644292831,0.0494194031,0.175463676,0.315851212,0.398867607,0.559745789,0.310451508,0.32834053,0.201283455,0.257872581,0.678014755,0.470723152,0.708028793,1.02241135,0.880527496,0.48247242,0.220576286,0.190020561,0.231459618,1.02283669,0.382291794,0.541005135
2026-08-26T14:41:29.202+00:00	1007.328	SUBSEG96 protocol=asd-research-v1.0.0 session=1 phase=DET window=16 group=3 segments=8 dims=96 fnv1a=31c3d9d6 values=-9.9797678,-9.9797678,1.23059845,-9.9797678,-9.9797678,1.15738297,-9.9797678,1.47223759,-9.9797678,1.50980473,0.840388298,-9.9797678,1.29784489,1.76519299,1.70868301,-9.9797678,1.17130184,0.979777336,0.977996826,0.969171524,0.85554409,0.801608086,1.15131474,1.31109428,1.31396961,1.31413651,1.10373116,1.01732445,0.929578781,0.749197006,1.14544868,1.40623569,1.31512642,1.12392521,1.09322453,3.14372683,2.90007782,1.00891399,0.978507996,0.624973297,1.30721188,1.29457378,1.03694248,1.54829788,0.704447746,1.07530117,1.33936501,1.05639172,0.931920052,1.05840683,1.27125072,1.15174961,0.747275352,1.65686703,0.985267639,0.841791153,0.642796516,0.80996418,1.10229492,1.17445755,0.837177277,2.39996862,0.445709229,0.107145309,0.483369827,0.377587318,0.0518264771,-0.194337845,0.519535065,0.392017365,0.458714485,-0.013710022,0.845141411,0.176591873,0.0376443863,0.12112999,0.275377274,0.440728188,0.48443985,0.648424149,0.386123657,0.321191788,0.310713768,0.279493332,0.73064518,0.5812006,0.758957863,1.08194828,0.922465324,0.571022034,0.287197113,0.198105812,0.2868433,1.0862112,0.419365883,0.617506981
2026-08-26T14:41:29.309+00:00	1007.437	SUBSEG96 protocol=asd-research-v1.0.0 session=1 phase=DET window=16 group=4 segments=7 dims=96 fnv1a=033fa77b values=-9.98837662,-9.98837662,1.29513359,-9.98837662,-9.98837662,1.29654312,-9.98837662,1.3014822,-9.98837662,1.03575993,0.756556511,-9.98837662,1.2588501,1.86011505,1.7071867,-9.98837662,1.08084488,1.02151299,0.853971481,0.971934319,0.940398216,0.949611664,0.633708954,0.916989326,1.12411022,1.53687763,0.908416748,1.07637787,0.839169502,0.964683533,0.969649315,1.29837322,1.32495117,1.19877625,1.07802868,3.14480925,2.82763767,1.01989937,1.79978466,1.06145763,1.26561069,1.36964226,1.17159939,1.42570877,0.575469017,0.975239754,1.44585705,1.15312958,1.07663631,1.17776108,1.1216898,1.05697823,0.879656792,1.70348454,0.974894524,0.716958046,0.716711044,0.977601051,1.17181873,1.07789516,0.940448761,2.39612675,0.3568573,0.142616272,0.54004097,0.425947189,0.127019882,-0.0245256424,0.412548065,0.377882957,0.542584419,0.0341625214,0.900424004,0.180704117,0.132546425,0.109239578,0.186519623,0.351512909,0.461503983,0.571043015,0.385442734,0.370472908,0.211807251,0.347620964,0.671482086,0.583064079,0.735024452,1.00572872,0.958614349,0.543196678,0.25382328,0.233381271,0.308567047,1.07209682,0.38919735,0.584517479
2026-08-26T14:41:29.416+00:00	1007.547	SUBSEG96 protocol=asd-research-v1.0.0 session=1 phase=DET window=16 group=5 segments=7 dims=96 fnv1a=5e74e2ba values=-10.0128965,-10.0128965,0.717441559,-10.0128965,-10.0128965,1.2916708,-10.0128965,1.76937199,-10.0128965,1.66799259,1.06690693,-10.0128965,1.02164078,1.4765873,1.42003822,-10.0128965,0.635639191,1.03892517,1.40891361,1.43222713,1.10133553,1.75823879,1.42661476,1.03898335,1.15786934,1.38476372,1.06475353,0.837562561,0.758781433,0.799599648,1.1055584,1.47869968,1.23213768,1.50926208,1.33795547,3.11462355,2.81949806,0.70840168,1.72496223,0.852698326,1.46575546,1.25344944,1.05929661,1.29061222,0.761411667,0.912755966,1.43325138,0.991477013,0.847343445,0.942951202,1.08307171,0.998518944,0.776341438,1.72128677,0.785131454,0.656121254,0.781625748,0.878500938,1.05644798,1.00751972,0.796200752,2.35675669,0.481247902,0.0858097076,0.517244339,0.400731087,0.135197639,-0.0134859085,0.378299713,0.419489861,0.348670006,0.105733871,0.955379486,0.143344879,0.0229291916,0.0093421936,0.20083046,0.369002342,0.504777908,0.562828064,0.394236565,0.313550949,0.251008987,0.330560684,0.654613495,0.598981857,0.718370438,1.01159,0.964863777,0.48674202,0.238019943,0.199485779,0.283330917,1.09431648,0.356421471,0.564173698
2026-08-26T14:41:29.427+00:00	1007.547	FLAGS protocol=asd-quality-v1.6.0 mode=READY state=CALIBRATED_NORMAL waiting=0 learning=0 learned=1 anomaly=0 hold=0 fault=0 green=on red=off guided25_available=1 workflow_pending=DEFAULT research_telemetry=1 profile_persistence_allowed=0 dropped=0
2026-08-26T14:41:34.355+00:00	1012.484	FLAGS protocol=asd-quality-v1.6.0 mode=READY state=CALIBRATED_NORMAL waiting=0 learning=0 learned=1 anomaly=0 hold=0 fault=0 green=on red=off guided25_available=1 workflow_pending=DEFAULT research_telemetry=1 profile_persistence_allowed=0 dropped=0
2026-08-26T14:41:38.719+00:00	1016.843	QUALITY protocol=asd-quality-v1.6.0 phase=DET index=17 total=0 result=OK metrics_valid=1 samples=159744 expected=159744 rms_dbfs=-49.998 dc=-0.561 peak=395 clipped=0 zeros=644 stuck=365 dropped_delta=0 feature_valid=1 tonalness_valid=1 tonalness_proxy=3.155601 tonal_gate=pending_normal_only
2026-08-26T14:41:38.844+00:00	1016.968	DET 17 score=1448.08533 lo=0 hi=2832.83325 led=1 anom=0 total_anom=0 hold=0 normal (uzastopnih=0 nivo=-50.0 dBFS racun=727 ms)
2026-08-26T14:41:38.858+00:00	1016.984	FEATURE96 protocol=asd-research-v1.0.0 session=1 phase=DET window=17 window_start_ms=1006352 window_end_ms=1015621 score=1448.08533 level_dbfs=-49.9978409 quality=OK tonalness_proxy=3.15560055 dims=96 fnv1a=a64468cd values=-9.96732426,-9.96732426,1.162076,-9.96732426,-9.96732426,1.16941738,-9.96732426,1.44372177,-9.96732426,1.39611053,0.963143349,-9.96732426,1.18458748,1.55546951,1.45499992,-9.96732426,0.921039581,0.974220276,0.977758408,0.937678337,0.785515785,0.845502853,0.861831665,0.979890823,1.28166294,1.44785404,1.10375595,1.11434269,0.876315117,0.859735489,1.01658058,1.14245129,1.34403706,1.05533028,1.11560535,3.15560055,2.83905029,1.34315586,1.39735699,0.760375023,1.40973568,1.16361618,0.916313171,1.2954464,0.735144615,0.955971718,1.35944939,1.17649937,0.987714767,1.00808525,1.10436726,1.04545975,0.89582634,1.79400349,0.929837227,0.742458344,0.733157158,0.952275276,1.11462688,1.13993168,0.937407494,2.41911602,0.478384018,0.144901276,0.569812775,0.453229904,0.121146202,0.047044754,0.441746712,0.436510086,0.550285339,0.0396823883,0.877327919,0.253624916,0.0549039841,0.105075836,0.215907097,0.445527077,0.520915031,0.621095657,0.39554882,0.418997765,0.274055481,0.344197273,0.72303009,0.574219704,0.797722816,1.08392715,0.962141991,0.548496246,0.271193504,0.262996674,0.335520744,1.04681683,0.423839569,0.616175652
2026-08-26T14:41:38.962+00:00	1017.093	SUBSEG96 protocol=asd-research-v1.0.0 session=1 phase=DET window=17 group=1 segments=8 dims=96 fnv1a=57b9c3db values=-9.99684238,-9.99684238,1.14359379,-9.99684238,-9.99684238,0.926013947,-9.99684238,1.40472031,-9.99684238,1.4175787,0.86341095,-9.99684238,1.05301285,1.62907982,1.62953186,-9.99684238,0.968478203,1.03051758,0.880356789,0.855664253,0.904336929,1.14076328,1.11745548,1.09064007,1.38080692,1.68948841,1.03672218,1.25820827,1.09581947,0.810149193,1.1099205,1.17110729,1.33175087,1.0161314,0.95115757,3.10441351,2.84434795,1.49166679,1.63156986,0.855736732,1.32578754,1.08627701,0.913049698,1.4458189,0.688401222,1.03012085,1.29032135,1.2088089,0.929656982,0.91308403,1.03565025,1.09408665,1.00228691,1.74883461,0.906272888,0.77099514,0.626485825,0.935317039,1.17612362,1.12353516,0.926974297,2.38542557,0.434657097,0.0721321106,0.431419373,0.503664017,0.0932435989,-0.00912761688,0.4587183,0.448479652,0.516424179,-0.0273971558,0.921495438,0.225056648,0.0433969498,0.0499038696,0.20316124,0.388113022,0.484140396,0.616682053,0.396211624,0.393652916,0.255152702,0.30704689,0.722887993,0.523873329,0.789993286,1.07917213,0.94871521,0.534124374,0.231464386,0.237692833,0.29004097,1.05033398,0.353962898,0.608769417
2026-08-26T14:41:39.071+00:00	1017.203	SUBSEG96 protocol=asd-research-v1.0.0 session=1 phase=DET window=17 group=2 segments=8 dims=96 fnv1a=b069bee6 values=-9.95143795,-9.95143795,1.30214882,-9.95143795,-9.95143795,1.46826935,-9.95143795,1.82756615,-9.95143795,1.67131042,1.03345394,-9.95143795,1.15792561,1.48236656,1.39939308,-9.95143795,0.893730164,1.18727875,1.06593513,0.871524811,0.761630058,0.540056229,0.72794342,1.01185703,1.27866173,1.47802353,1.02807903,1.00732613,0.764719009,0.70863533,1.02881432,1.05288792,1.16128254,1.15710163,1.11001968,3.1725378,2.90867233,0.613605499,1.15586853,0.805315971,1.30680847,1.12489796,0.913638115,1.13701248,0.80797863,0.960979462,1.45321655,1.04942703,0.831685066,1.01546669,1.15604973,1.0872097,0.972125053,1.78436184,0.964332581,0.710752487,0.750359535,1.0037365,1.13651562,1.16775227,0.939744949,2.40491629,0.413154602,0.0906419754,0.52799511,0.488954544,0.133906364,0.121442795,0.433784485,0.481642723,0.543933868,0.0909481049,0.923192978,0.269831657,0.0773582458,0.139492035,0.24834919,0.471208572,0.547308922,0.611195564,0.394644737,0.422973633,0.325448036,0.410820961,0.725576401,0.609687805,0.847379684,1.06946278,0.95002079,0.581385612,0.281642914,0.296170235,0.380141258,1.11076546,0.444671631,0.633571625
2026-08-26T14:41:39.176+00:00	1017.297	SUBSEG96 protocol=asd-research-v1.0.0 session=1 phase=DET window=17 group=3 segments=8 dims=96 fnv1a=ad9f5fbc values=-9.94087887,-9.94087887,0.977786064,-9.94087887,-9.94087887,0.932354927,-9.94087887,0.986328125,-9.94087887,1.03307629,0.894618034,-9.94087887,1.03757763,1.61101151,1.54263783,-9.94087887,1.09221935,0.798713684,1.03334522,1.10902309,0.815585136,0.888084412,0.747117996,0.82461834,1.15259266,1.34938145,1.23353386,1.07044697,0.848672867,0.822437286,0.893410683,1.02938271,1.40530586,1.0875597,1.16800022,3.18374586,2.91400528,0.972782135,1.38388824,0.738955498,1.35561752,1.33955669,1.01319408,1.26549339,0.744921684,0.927536964,1.39215755,1.24544811,1.13189793,1.08347702,1.1120472,1.02709007,0.826651573,1.78069592,0.936127663,0.782475471,0.885515213,1.02285767,1.16571617,1.09686184,0.991789818,2.48691273,0.585078239,0.217021942,0.545906067,0.399598122,0.147022247,0.0654201508,0.422822952,0.323001862,0.623547554,0.0739612579,0.872418404,0.309662819,0.100094795,0.0952272415,0.220129967,0.479138374,0.543133736,0.655552864,0.408655167,0.462244034,0.321287155,0.362382889,0.76431942,0.593752861,0.804317474,1.1387949,0.992378235,0.551974297,0.293669701,0.290162086,0.394706726,1.14164448,0.447870255,0.688136101
2026-08-26T14:41:39.283+00:00	1017.406	SUBSEG96 protocol=asd-research-v1.0.0 session=1 phase=DET window=17 group=4 segments=7 dims=96 fnv1a=17582768 values=-9.9700613,-9.9700613,1.14823055,-9.9700613,-9.9700613,1.17004299,-9.9700613,1.35207558,-9.9700613,1.40279961,1.12110138,-9.9700613,1.32667351,1.51947212,1.35692692,-9.9700613,0.849478722,0.959634781,0.970182419,0.939907074,0.719677925,0.562648773,0.703854561,0.953150749,1.35244274,1.31653404,1.31251621,1.31703281,0.849572182,0.946534157,1.04388809,1.26210785,1.47175503,1.01008034,1.12619591,3.14433908,2.76423645,1.76148033,1.47541332,0.753373146,1.39077759,1.01205921,0.914759636,1.3045845,0.747039795,0.948680878,1.39960766,1.20927048,1.00223637,0.970593452,1.13924122,0.876255989,0.826005936,1.83215809,0.915112495,0.706685066,0.723435402,0.961838722,0.96717453,1.16934013,0.939231873,2.43170071,0.494652748,0.230880737,0.686882973,0.444805145,0.169264793,0.00579452515,0.393997192,0.471828461,0.521370888,-0.00861167908,0.884471893,0.231176376,0.0305967331,0.081609726,0.14306736,0.402659416,0.54284668,0.563681602,0.423704147,0.409351349,0.283112526,0.380846024,0.713931084,0.54263401,0.761852264,1.10017109,0.97418499,0.568180084,0.313347816,0.263750076,0.327051163,1.01900387,0.429684639,0.607481956
2026-08-26T14:41:39.389+00:00	1017.515	SUBSEG96 protocol=asd-research-v1.0.0 session=1 phase=DET window=17 group=5 segments=7 dims=96 fnv1a=5ce0e443 values=-9.91120243,-9.91120243,1.24223137,-9.91120243,-9.91120243,1.18305302,-9.91120243,1.15677738,-9.91120243,1.21483421,0.919494629,-9.91120243,1.36341953,1.56581497,1.22057724,-9.91120243,0.741464615,0.767162323,0.983348846,0.929673195,0.722653389,0.781451225,0.867486,1.02086926,1.24846363,1.21395493,0.736693382,0.628313065,0.705809593,1.04408646,1.02565765,1.22837162,1.36745453,1.04251385,1.2716856,3.24021721,2.78275919,1.00802898,1.10875797,0.642066956,1.6802578,1.25103188,0.860412598,1.30716419,0.742154121,0.949741364,1.29336834,1.20713139,1.06496429,1.11446762,1.14199829,1.15658188,0.843053818,1.89424706,0.991669655,0.795150757,0.699972153,0.864480019,1.14123631,1.20691395,0.946453094,2.44713688,0.514427185,0.167354584,0.706218719,0.473625183,0.122344017,0.107100487,0.55620575,0.505084038,0.605027199,0.127807617,0.816307068,0.292214394,0.0805540085,0.223392487,0.31994915,0.54864502,0.551812172,0.716589928,0.416372299,0.471012115,0.228242874,0.306049347,0.747354507,0.665019989,0.842095375,1.08851624,1.01107979,0.5682621,0.301491737,0.288757324,0.339419365,0.907179832,0.511249542,0.588053703
2026-08-26T14:41:39.401+00:00	1017.531	FLAGS protocol=asd-quality-v1.6.0 mode=READY state=CALIBRATED_NORMAL waiting=0 learning=0 learned=1 anomaly=0 hold=0 fault=0 green=on red=off guided25_available=1 workflow_pending=DEFAULT research_telemetry=1 profile_persistence_allowed=0 dropped=0
2026-08-26T14:41:44.365+00:00	1022.484	FLAGS protocol=asd-quality-v1.6.0 mode=READY state=CALIBRATED_NORMAL waiting=0 learning=0 learned=1 anomaly=0 hold=0 fault=0 green=on red=off guided25_available=1 workflow_pending=DEFAULT research_telemetry=1 profile_persistence_allowed=0 dropped=0
2026-08-26T14:41:48.694+00:00	1026.828	QUALITY protocol=asd-quality-v1.6.0 phase=DET index=18 total=0 result=OK metrics_valid=1 samples=159744 expected=159744 rms_dbfs=-50.373 dc=-0.494 peak=372 clipped=0 zeros=663 stuck=411 dropped_delta=0 feature_valid=1 tonalness_valid=1 tonalness_proxy=3.141046 tonal_gate=pending_normal_only
2026-08-26T14:41:48.820+00:00	1026.953	DET 18 score=1081.83557 lo=0 hi=2832.83325 led=1 anom=0 total_anom=0 hold=0 normal (uzastopnih=0 nivo=-50.4 dBFS racun=716 ms)
2026-08-26T14:41:48.836+00:00	1026.968	FEATURE96 protocol=asd-research-v1.0.0 session=1 phase=DET window=18 window_start_ms=1016322 window_end_ms=1025595 score=1081.83557 level_dbfs=-50.3725204 quality=OK tonalness_proxy=3.14104557 dims=96 fnv1a=0bbd504f values=-9.98666382,-9.98666382,1.17546272,-9.98666382,-9.98666382,1.14333534,-9.98666382,1.44988441,-9.98666382,1.5236187,1.00265694,-9.98666382,1.13999462,1.83975029,1.95109844,-9.98666382,1.37393856,0.842383385,0.974217415,1.22794151,1.13468838,0.774050713,0.813486099,0.859370232,1.15925407,1.43337822,1.10043621,0.938271523,0.946790695,1.08559799,1.39063358,1.66534519,1.89160538,1.35930252,1.10409451,3.14104557,2.70200157,0.917442322,1.01570415,0.657552719,1.13931751,1.15310383,0.913472176,1.25650311,0.853563309,0.946145058,1.27813053,1.12824535,0.963983536,0.966443062,1.05360794,0.99557209,0.83751297,1.80527687,0.911951065,0.668808937,0.705134392,0.957824707,1.10208225,1.15816689,0.835639954,2.3714819,0.470294952,0.0788993835,0.529511452,0.378376961,0.0973415375,0.00703620911,0.474668503,0.338638306,0.525180817,0.0322942734,0.824728012,0.217750549,0.0290813446,0.0978899002,0.207256317,0.371951103,0.492269516,0.616498947,0.350458145,0.361614227,0.190929413,0.297567368,0.651659012,0.546703339,0.76984787,1.05368423,0.944304466,0.52450943,0.243156433,0.25374794,0.272907257,0.92411232,0.399971962,0.582191467
2026-08-26T14:41:49.045+00:00	1027.172	SUBSEG96 protocol=asd-research-v1.0.0 session=1 phase=DET window=18 group=1 segments=8 dims=96 fnv1a=bf43b5a2 values=-9.9152422,-9.9152422,1.2300024,-9.9152422,-9.9152422,1.28826237,-9.9152422,1.3492794,-9.9152422,1.40457153,0.849351883,-9.9152422,0.890270233,1.37913609,1.51588631,-9.9152422,1.30247593,1.01172447,0.972445488,0.986170769,1.0673933,0.818324089,0.860518456,0.723822594,1.03450298,1.4180603,1.22662735,1.02114105,0.817816734,1.02747726,1.01661873,1.17936134,1.24922562,0.995177269,0.895664215,3.20516872,2.75448513,0.734722137,0.898323059,0.68553257,1.27422237,1.22213268,0.913237572,1.27606678,0.925253868,1.0830164,1.34743023,1.00924873,0.793073654,1.1330595,1.04629803,1.01590443,0.826507568,1.80378151,0.975528717,0.710124016,0.80249691,1.01900768,1.11132622,1.30774879,0.960924149,2.45087624,0.516393661,0.149975777,0.582678795,0.36869812,0.194605827,0.268115044,0.603189468,0.405496597,0.563996315,0.088727951,0.890695572,0.276898384,0.113798141,0.168506622,0.276120186,0.45235157,0.497032166,0.636958122,0.440520287,0.394551277,0.278129578,0.353463173,0.735607147,0.590751648,0.839379311,1.13139248,1.01663208,0.598874092,0.354967117,0.324802399,0.339506149,0.97105217,0.447029114,0.634305954
2026-08-26T14:41:49.060+00:00	1027.187	SUBSEG96 protocol=asd-research-v1.0.0 session=1 phase=DET window=18 group=2 segments=8 dims=96 fnv1a=8a4d9984 values=-9.94036007,-9.94036007,1.11366749,-9.94036007,-9.94036007,1.02268791,-9.94036007,1.53870678,-9.94036007,1.74588013,0.778904915,-9.94036007,1.31812859,2.12050486,2.2380538,-9.94036007,1.51521873,0.530895233,0.503952026,0.944381714,1.02703953,0.898003578,0.913481712,0.878890991,1.12713432,1.41999149,0.924163818,0.827823639,0.631319046,0.786677361,1.08129978,1.91627407,1.78596306,1.27609825,0.873509407,3.19319534,2.75711107,0.620570183,0.654819489,0.72479248,1.17340946,1.05675983,0.743916512,1.24498177,0.796442986,0.895551682,1.20187092,1.1121769,1.0543499,0.895582199,1.06994343,0.954545975,0.993832588,1.890481,0.948653221,0.787550926,0.769062042,1.02786064,1.14525032,1.15147305,0.802414894,2.41637087,0.566141129,0.130981445,0.591734886,0.427814484,0.187627792,-0.0756788254,0.488157272,0.418215752,0.548323631,0.0885734558,0.898703575,0.24160099,0.0421800613,0.137705803,0.221222878,0.455770493,0.556324005,0.644290924,0.422511101,0.445257187,0.219651222,0.346772194,0.6935606,0.619199753,0.830005646,1.11864185,0.972931862,0.53113842,0.27838707,0.284326553,0.33002758,0.955354691,0.480338097,0.60329628
2026-08-26T14:41:49.151+00:00	1027.281	SUBSEG96 protocol=asd-research-v1.0.0 session=1 phase=DET window=18 group=3 segments=8 dims=96 fnv1a=fc195433 values=-10.0467663,-10.0467663,1.27327347,-10.0467663,-10.0467663,1.07339668,-10.0467663,1.30912399,-10.0467663,1.29507732,1.09048557,-10.0467663,1.08805084,1.93962193,2.15164948,-10.0467663,1.59303665,0.989673615,1.19641209,1.48335075,1.31299305,0.714542389,0.418522835,1.04166222,1.26202679,1.6292057,1.14650249,0.926787376,1.1177454,1.26629925,1.742733,1.9433651,2.15013266,1.31270027,1.34665871,3.07064295,2.65695,1.29241467,1.36515713,0.549373627,0.967106819,1.18607426,1.07210255,1.38636398,0.97201252,0.761996269,1.24035931,1.16264629,1.01846695,0.867451668,1.00631237,0.955113411,0.663193703,1.73780537,0.842594147,0.625751495,0.670495987,0.886774063,1.05565548,1.08279419,0.802844048,2.32916451,0.424165726,0.0261688232,0.479216576,0.311260223,0.0587358475,-0.0168018341,0.459946632,0.269145012,0.457295418,-0.115486145,0.784743309,0.227200508,-0.0541505814,0.0128927231,0.155110359,0.289351463,0.493834496,0.581076622,0.268481255,0.306098938,0.157999039,0.255025864,0.544565201,0.455828667,0.715693474,1.01319122,0.896906853,0.461074829,0.170372009,0.195155144,0.230951309,0.890259743,0.393701553,0.532280922
2026-08-26T14:41:49.260+00:00	1027.390	SUBSEG96 protocol=asd-research-v1.0.0 session=1 phase=DET window=18 group=4 segments=7 dims=96 fnv1a=b770428d values=-9.96853256,-9.96853256,0.891799927,-9.96853256,-9.96853256,1.26306057,-9.96853256,1.65420532,-9.96853256,1.62649727,1.04849911,-9.96853256,0.851466179,1.5633316,1.62436485,-9.96853256,1.13763428,0.711239815,0.953207016,1.27204132,1.22230148,0.890496254,0.972693443,0.87169838,1.27266312,1.20931244,1.14546871,0.960566521,0.935045242,1.1944046,1.44089222,1.25158501,2.07597637,1.54294395,1.10556412,3.16591597,2.64571428,0.792165756,0.915362358,0.670536995,1.22459507,1.14430332,0.809972763,1.28969383,0.771059036,1.00580311,1.43912315,1.20106602,0.988497734,1.03184509,1.03645229,1.0167923,0.851074219,1.87674713,0.947452545,0.653977394,0.764941216,1.00499249,1.14338875,1.01552391,0.853540421,2.34979105,0.51985836,0.0934009552,0.502660751,0.437398911,0.052321434,-0.0395841599,0.439861298,0.326659203,0.572646141,0.0573816299,0.799280167,0.257220268,0.0645503998,0.18104744,0.25694561,0.348473549,0.496465683,0.660751343,0.360474586,0.343349457,0.195690155,0.252156258,0.679278374,0.563163757,0.75047493,1.01473808,0.94758606,0.581664085,0.259712219,0.302894592,0.256403923,0.920823097,0.389850616,0.603252411
2026-08-26T14:41:49.365+00:00	1027.484	SUBSEG96 protocol=asd-research-v1.0.0 session=1 phase=DET window=18 group=5 segments=7 dims=96 fnv1a=b0845b5f values=-9.96382999,-9.96382999,1.31060791,-9.96382999,-9.96382999,1.1280756,-9.96382999,1.43397808,-9.96382999,1.54067898,1.19019318,-9.96382999,1.38729382,1.85055447,1.71335793,-9.96382999,1.05345631,0.840063095,1.00225544,1.21142101,0.966519356,0.567660332,0.894162178,0.702197075,1.10576153,1.39258766,1.08907318,1.02956009,1.0941925,1.03395557,1.09971237,1.31326008,1.65920448,1.56350422,1.11271,3.17021942,2.78270435,0.586143494,0.775169373,0.753696442,1.13740349,1.22251892,0.984526634,1.06377602,0.814490318,1.05756474,1.22356892,1.21047211,0.989770889,0.977413177,1.19355488,1.12391376,0.918334007,1.80952072,0.947085381,0.644166946,0.580812454,0.945269585,1.15401649,1.27958393,0.843766212,2.40392971,0.403863907,0.0904521942,0.584424019,0.444957733,0.0673446655,-0.120779037,0.457242966,0.366811752,0.586414337,0.136111259,0.83894825,0.165157318,0.0801382065,0.0850839615,0.226695061,0.404266357,0.502836227,0.658617973,0.353167534,0.410802841,0.195848465,0.370171547,0.705172539,0.603274345,0.807575226,1.07805443,0.985373497,0.550252914,0.245492935,0.260481834,0.300787926,0.97977066,0.3679142,0.638537407
2026-08-26T14:41:49.376+00:00	1027.500	FLAGS protocol=asd-quality-v1.6.0 mode=READY state=CALIBRATED_NORMAL waiting=0 learning=0 learned=1 anomaly=0 hold=0 fault=0 green=on red=off guided25_available=1 workflow_pending=DEFAULT research_telemetry=1 profile_persistence_allowed=0 dropped=0
2026-08-26T14:41:54.385+00:00	1032.515	FLAGS protocol=asd-quality-v1.6.0 mode=READY state=CALIBRATED_NORMAL waiting=0 learning=0 learned=1 anomaly=0 hold=0 fault=0 green=on red=off guided25_available=1 workflow_pending=DEFAULT research_telemetry=1 profile_persistence_allowed=0 dropped=0
2026-08-26T14:41:58.667+00:00	1036.797	QUALITY protocol=asd-quality-v1.6.0 phase=DET index=19 total=0 result=OK metrics_valid=1 samples=159744 expected=159744 rms_dbfs=-48.210 dc=-0.368 peak=1193 clipped=0 zeros=622 stuck=411 dropped_delta=0 feature_valid=1 tonalness_valid=1 tonalness_proxy=3.292717 tonal_gate=pending_normal_only
2026-08-26T14:41:58.678+00:00	1036.797	DET 19 score=19897.0859 lo=0 hi=2832.83325 led=1 anom=0 total_anom=0 hold=1 iznad praga (uzastopnih=0 nivo=-48.2 dBFS racun=716 ms)
2026-08-26T14:41:58.809+00:00	1036.937	FEATURE96 protocol=asd-research-v1.0.0 session=1 phase=DET window=19 window_start_ms=1026272 window_end_ms=1035569 score=19897.0859 level_dbfs=-48.2099762 quality=OK tonalness_proxy=3.29271746 dims=96 fnv1a=91d27a87 values=-10.5147629,-10.5147629,2.65230417,-10.5147629,-10.5147629,1.98121262,-10.5147629,2.49279308,-10.5147629,2.70196772,2.49617672,-10.5147629,2.00811863,1.72989321,1.68613434,-10.5147629,1.48318577,1.39671135,1.3192234,1.03911114,1.01282501,1.06114197,1.16390324,1.39016533,1.2950592,1.39130306,1.54904127,2.06764174,2.24816275,1.87366772,2.05004883,2.70194292,3.21659422,3.29271746,2.58210373,2.60887861,2.20683289,1.37553692,1.69313717,1.2070961,1.38743305,1.32878399,1.46873474,2.03670597,1.05973244,0.931225777,1.19555283,0.91571331,1.4047699,1.36013222,1.17938614,1.02597904,0.54802227,1.37151241,0.812876701,0.33626461,0.698871613,0.7075243,0.629572868,0.680533409,0.441685677,1.87698221,0.209644318,-0.178769112,0.0908699036,-0.0104398727,0.0877733231,-0.0524749756,-0.0719938278,-0.085442543,0.0606307983,-0.354016304,0.324624062,0.00995254517,-0.407376289,-0.324119568,-0.168644905,-0.0492191315,-0.0339794159,0.0767402649,-0.150514603,-0.0599060059,-0.168673515,-0.116053581,0.164265633,0.0903816223,0.248955727,0.520365715,0.434082985,0.0235481262,-0.223463058,-0.232803345,-0.214086533,0.413134575,-0.13915062,0.0315485001
2026-08-26T14:41:58.820+00:00	1036.953	FLAGS protocol=asd-quality-v1.6.0 mode=OBSERVATION_HOLD state=OBSERVATION_HOLD waiting=0 learning=0 learned=1 anomaly=0 hold=1 fault=0 green=pulse_1s red=off guided25_available=1 workflow_pending=DEFAULT research_telemetry=1 profile_persistence_allowed=0 dropped=0
2026-08-26T14:41:58.938+00:00	1037.062	SUBSEG96 protocol=asd-research-v1.0.0 session=1 phase=DET window=19 group=1 segments=8 dims=96 fnv1a=93d66b4e values=-9.99457741,-9.99457741,1.4028635,-9.99457741,-9.99457741,1.18628788,-9.99457741,1.41874695,-9.99457741,1.13304138,0.726242065,-9.99457741,1.47337341,2.14997339,2.18129396,-9.99457741,1.62926006,0.893877983,1.01209831,1.17722416,1.2096262,1.27975845,1.29117203,1.72516441,1.45138836,1.46552372,1.09108353,1.17154121,0.943195343,0.756725311,0.789775848,1.70646763,1.62165833,1.38076782,1.28885746,3.11092567,2.5924902,0.729230881,0.809064865,0.707713127,1.21676731,1.00127602,0.779331207,1.35389996,0.631058693,1.01152325,1.18100929,0.931816101,0.862999916,0.87271595,1.08266449,1.0132885,0.920874596,1.76016521,0.913771629,0.726389885,0.7001791,1.00311279,0.996212006,1.02020836,0.874434471,2.35870361,0.438871384,0.0869989395,0.485044479,0.364962578,0.0416278839,-0.030705452,0.356856346,0.377847672,0.41042614,0.0635385513,0.796765327,0.262109756,-0.00569629669,0.125004768,0.199921608,0.394708633,0.402744293,0.589296341,0.344398499,0.332684517,0.0933713913,0.257681847,0.670012474,0.563465118,0.782056808,1.03428173,0.920824051,0.470373154,0.233780861,0.178131104,0.262274742,0.876245499,0.366487503,0.491201401
2026-08-26T14:41:59.047+00:00	1037.172	SUBSEG96 protocol=asd-research-v1.0.0 session=1 phase=DET window=19 group=2 segments=8 dims=96 fnv1a=a919b3b1 values=-10.1671143,-10.1671143,2.22702026,-10.1671143,-10.1671143,1.82145023,-10.1671143,1.61717796,-10.1671143,1.52088737,1.03408909,-10.1671143,1.01252842,1.85732031,2.05823374,-10.1671143,1.7709465,1.86990929,1.95528126,1.47496128,1.35360718,1.15202045,0.500537872,0.715104103,1.26819515,1.35464478,1.43716812,1.36408329,0.735202789,0.992133141,1.86284828,2.14697695,2.60366297,2.36815977,1.50136566,2.98538065,2.57479763,1.35481548,1.12028503,1.31724453,1.39143372,1.51708221,1.08460045,1.25825882,0.590860367,1.35908127,1.22650337,0.973650932,0.889098167,1.09168339,0.99518013,0.802945137,0.660545349,1.63435268,0.797271729,0.510136604,0.550268173,0.715000153,0.821822166,1.0036335,0.627739906,2.20277643,0.196824074,-0.00691509247,0.329268456,0.147395134,-0.0810718536,-0.244112015,0.224668503,0.14331913,0.359647751,-0.0819778442,0.657889366,0.0209493637,-0.0946578979,-0.14611721,0.0431928635,0.238035202,0.303665161,0.402162552,0.154180527,0.218939781,-0.00273323059,0.138940811,0.422219276,0.424510956,0.560305595,0.834770203,0.782863617,0.274932861,0.0646591187,0.0119781494,0.100851059,0.754325867,0.130260468,0.421870232
2026-08-26T14:41:59.158+00:00	1037.281	SUBSEG96 protocol=asd-research-v1.0.0 session=1 phase=DET window=19 group=3 segments=8 dims=96 fnv1a=7a108bef values=-10.0392866,-10.0392866,1.70432568,-10.0392866,-10.0392866,1.47107983,-10.0392866,1.19702053,-10.0392866,1.39405727,0.980906487,-10.0392866,1.377635,1.83824921,1.50260353,-10.0392866,1.31472874,0.976931572,0.954667091,1.50648975,1.74800396,1.76099014,1.14663029,1.13787174,0.95262146,1.28493214,0.964189529,0.909050941,0.665851593,0.533821106,1.00581741,1.58422089,1.89103603,1.52266407,1.12624931,3.07562304,2.64595222,1.20127583,1.03095818,1.01043701,1.45454597,1.73853397,1.14708424,0.984537125,0.781489372,1.02915001,1.34927368,1.14403725,0.861149788,0.973614693,0.977642059,0.907939911,0.865514755,1.72240067,0.831936836,0.725785255,0.826317787,0.894420624,1.08441353,1.03152943,0.756877899,2.38477898,0.438835144,0.157637596,0.505729675,0.336298943,-0.0147304535,-0.0203371048,0.364999771,0.34431076,0.458265305,0.0223484039,0.723061562,0.21451664,-0.0681505203,0.112344742,0.129071236,0.258929253,0.374759674,0.481215477,0.269201279,0.348602295,0.1600914,0.19363308,0.580242157,0.512172699,0.671245575,1.02447033,0.888113022,0.494957924,0.250027657,0.203297615,0.235248566,0.897172928,0.370836258,0.506211281
2026-08-26T14:41:59.261+00:00	1037.390	SUBSEG96 protocol=asd-research-v1.0.0 session=1 phase=DET window=19 group=4 segments=7 dims=96 fnv1a=7438d5fd values=-10.0257912,-10.0257912,1.26832962,-10.0257912,-10.0257912,1.40804577,-10.0257912,1.79763508,-10.0257912,1.68882656,1.16144085,-10.0257912,1.45258331,2.02978849,1.9571104,-10.0257912,1.20334244,1.18906021,1.01938629,1.04223061,1.12607479,0.994980812,1.13496876,1.22411537,1.04878616,1.48448753,0.974214554,0.923769951,0.790588379,0.951171875,1.13436222,1.46555805,1.89871025,1.31687546,1.46053791,3.1254015,2.60454273,0.92233181,0.963042259,0.61536026,1.08128929,1.12345219,1.10955811,1.25421524,1.1620369,1.11441231,1.43624878,1.03670502,0.801412582,1.13710785,1.23083687,0.975799561,0.826176643,1.80105686,0.78055954,0.482432365,0.718379974,0.887263298,0.98223114,1.16712379,0.889359474,2.3763938,0.478434563,0.166919708,0.544663429,0.299787521,0.0824747086,-0.0486526489,0.299355507,0.254419327,0.367495537,-0.0851573944,0.638347626,0.145508766,-0.0176067352,0.0636920929,0.170332909,0.372701645,0.493117332,0.627192497,0.331905365,0.325407982,0.104022026,0.186130524,0.621204376,0.548316002,0.736249924,0.971430779,0.851409912,0.504554749,0.208961487,0.261622429,0.24012661,0.879336357,0.348418236,0.482756615
2026-08-26T14:41:59.371+00:00	1037.500	SUBSEG96 protocol=asd-research-v1.0.0 session=1 phase=DET window=19 group=5 segments=7 dims=96 fnv1a=8d113ad6 values=-10.9065714,-10.9065714,2.97313404,-10.9065714,-10.9065714,2.27183437,-10.9065714,2.82084036,-10.9065714,3.03730583,2.83501482,-10.9065714,2.32355738,1.76862812,1.65315723,-10.9065714,1.63795137,1.54243088,1.36045313,0.970710754,0.72195816,0.976984978,1.39365959,1.61523008,1.51538134,1.58453178,1.83171511,2.39461231,2.58668518,2.20437288,2.35739851,3.0263648,3.54585314,3.62953568,2.91706228,2.18344402,2.00000191,1.63607883,2.00912428,1.45194578,1.60533428,1.45416164,1.76014566,2.35956526,1.32244873,0.965143204,1.33959293,1.05647659,1.71042681,1.63935947,1.41197872,1.25804377,0.56098938,1.26170921,1.0005722,0.328937531,0.894316673,0.813518524,0.540213585,0.529711723,0.352406502,1.50234413,0.308481216,-0.175901413,-0.0532836914,-0.0294780731,0.313802719,0.157418251,-0.239132881,-0.217460632,-0.0253992081,-0.433236122,0.156758308,0.127339363,-0.52659893,-0.449215889,-0.195038795,-0.175995827,-0.312890053,-0.274776459,-0.420137405,-0.188308716,-0.141726494,-0.153961182,-0.0608005524,-0.169694901,-0.0663137436,0.172431946,0.152482986,-0.211813927,-0.460582733,-0.425505638,-0.479995728,0.0953884125,-0.476057053,-0.312552452
2026-08-26T14:41:59.372+00:00	1037.500	STATE protocol=asd-quality-v1.6.0 from=CALIBRATED_NORMAL to=OBSERVATION_HOLD reason=OBSERVATION_UNCERTAIN
2026-08-26T14:41:59.381+00:00	1037.515	EVENT protocol=asd-quality-v1.6.0 type=OBSERVATION_HOLD state=OBSERVATION_HOLD phase=DET reason=OBSERVATION_UNCERTAIN event=NONE capability=AVAILABLE level=DEVIATION
2026-08-26T14:42:03.706+00:00	1041.828	FLAGS protocol=asd-quality-v1.6.0 mode=OBSERVATION_HOLD state=OBSERVATION_HOLD waiting=0 learning=0 learned=1 anomaly=0 hold=1 fault=0 green=pulse_1s red=off guided25_available=1 workflow_pending=DEFAULT research_telemetry=1 profile_persistence_allowed=0 dropped=0
2026-08-26T14:42:08.642+00:00	1046.765	QUALITY protocol=asd-quality-v1.6.0 phase=DET index=20 total=0 result=OK metrics_valid=1 samples=159744 expected=159744 rms_dbfs=-49.122 dc=-0.572 peak=1534 clipped=0 zeros=663 stuck=388 dropped_delta=0 feature_valid=1 tonalness_valid=1 tonalness_proxy=2.753414 tonal_gate=pending_normal_only
2026-08-26T14:42:08.652+00:00	1046.781	DET 20 score=19452.6641 lo=0 hi=2832.83325 led=1 anom=0 total_anom=0 hold=1 iznad praga (uzastopnih=0 nivo=-49.1 dBFS racun=716 ms)
2026-08-26T14:42:08.783+00:00	1046.906	FEATURE96 protocol=asd-research-v1.0.0 session=1 phase=DET window=20 window_start_ms=1036302 window_end_ms=1045544 score=19452.6641 level_dbfs=-49.1222 quality=OK tonalness_proxy=2.75341368 dims=96 fnv1a=e0926658 values=-10.5604868,-10.5604868,2.67787409,-10.5604868,-10.5604868,1.99536419,-10.5604868,1.42705345,-10.5604868,1.65779591,1.27086639,-10.5604868,1.3864212,1.83280134,1.76244164,-10.5604868,1.36156559,1.32415581,1.4148531,1.25217819,1.02248383,1.49214077,1.78410673,1.63077784,1.60013771,1.65790462,1.3831358,1.34116745,1.62791824,1.57007122,1.38368225,1.85065937,2.48361778,2.320333,1.69360971,2.47584391,2.13920021,1.02964306,1.63508368,1.84825087,2.12159443,2.75341368,2.41559505,2.35317755,1.65995646,1.71470451,1.865592,2.06842804,1.23482037,1.2425909,1.58787251,1.28572941,0.898389816,1.34856415,0.813613892,0.363853455,0.809389114,0.587683678,0.62282753,0.77344799,0.580776215,1.76309395,0.216518402,0.143974304,0.177330017,0.0467033386,0.00845718384,-0.274719238,0.0133399963,0.0428237915,0.129536629,-0.190373421,0.463009834,-0.119832993,-0.211040497,-0.32789135,-0.235453606,-0.0869655609,0.0220556259,0.16456604,-0.106115341,-0.089384079,-0.0546388626,-0.226203918,0.161139488,0.00237751007,0.212156296,0.53204155,0.375915527,-0.0463752747,-0.250993729,-0.287825584,-0.240803719,0.457112312,-0.150709152,0.0161600113
2026-08-26T14:42:08.793+00:00	1046.922	FLAGS protocol=asd-quality-v1.6.0 mode=OBSERVATION_HOLD state=OBSERVATION_HOLD waiting=0 learning=0 learned=1 anomaly=0 hold=1 fault=0 green=pulse_1s red=off guided25_available=1 workflow_pending=DEFAULT research_telemetry=1 profile_persistence_allowed=0 dropped=0
2026-08-26T14:42:08.911+00:00	1047.031	SUBSEG96 protocol=asd-research-v1.0.0 session=1 phase=DET window=20 group=1 segments=8 dims=96 fnv1a=02aa69a5 values=-10.2329397,-10.2329397,3.10668325,-10.2329397,-10.2329397,2.43562794,-10.2329397,1.89354229,-10.2329397,2.28625917,1.7759943,-10.2329397,1.36236286,1.75401402,1.59088707,-10.2329397,1.18231297,1.58178806,1.68404961,1.57922554,1.26480579,1.33722401,1.4222517,1.32675457,1.43254948,1.72599888,1.74932575,1.86261082,1.57092762,1.88634109,1.96968365,1.6720686,1.72628593,1.58697987,1.49466419,2.81771421,2.58398628,1.40884495,1.22111988,0.676301003,1.24247169,1.01023865,1.17285824,1.15518284,0.648884773,0.779967308,1.27276134,0.926200867,0.63638401,0.790211678,0.893969536,0.829319,0.485367775,1.39577961,0.706063271,0.499450684,0.599977493,0.74758625,0.846604347,0.996395111,0.69425106,2.08301163,0.273608208,-0.160801888,0.338087082,0.0750989914,-0.102229118,-0.276454926,0.173379898,0.0925769806,0.279870033,-0.219672203,0.653230667,-0.0282526016,-0.182060242,-0.186680794,-0.0269432068,0.186291695,0.266945839,0.499997139,0.0893373489,0.0854110718,-0.0210599899,-0.0359573364,0.520902634,0.285593033,0.536073685,0.863492966,0.683184624,0.307583809,-0.0136299133,0.0375432968,0.140880585,0.834527016,0.192272186,0.319042206
2026-08-26T14:42:09.018+00:00	1047.140	SUBSEG96 protocol=asd-research-v1.0.0 session=1 phase=DET window=20 group=2 segments=8 dims=96 fnv1a=b00d86f7 values=-10.3579741,-10.3579741,2.36893368,-10.3579741,-10.3579741,1.54542065,-10.3579741,0.995959282,-10.3579741,1.39607334,1.39958858,-10.3579741,1.8280592,2.46168852,2.43163252,-10.3579741,1.93589878,1.82269192,1.61900139,1.30591297,1.12485504,0.960364342,1.41586399,1.40133667,1.10821342,1.14298248,0.982796669,1.1407814,1.08586979,1.4351511,1.33512878,1.34647369,1.67634964,1.29758835,1.1338501,2.68580484,2.30651855,1.03593159,1.35037518,1.22746181,1.89843655,2.71591711,2.23630238,1.83455706,1.38865471,1.8161087,1.44198608,1.57130051,1.12207413,1.21720123,1.64188099,1.50299835,1.32096386,1.6536479,1.02389622,0.694207191,0.995094299,0.63583374,0.83445549,0.905535698,0.658315659,1.84738731,0.295862198,0.274806023,0.281604767,0.157504082,-0.10159111,-0.322357178,0.0103006363,0.137990952,0.17884922,-0.31248951,0.49354744,-0.160388947,-0.313711166,-0.24264431,-0.137446404,0.00649452209,0.13081646,0.399185181,0.00490665436,-0.0252819061,-0.120422363,-0.0522680283,0.344477654,0.186548233,0.378175735,0.762540817,0.564934731,0.143845558,-0.132819176,-0.112360001,-0.0399703979,0.657636642,0.075717926,0.190546989
2026-08-26T14:42:09.126+00:00	1047.250	SUBSEG96 protocol=asd-research-v1.0.0 session=1 phase=DET window=20 group=3 segments=8 dims=96 fnv1a=82581d68 values=-10.7731237,-10.7731237,2.54629326,-10.7731237,-10.7731237,1.85292244,-10.7731237,1.39214516,-10.7731237,1.41107368,0.870209694,-10.7731237,1.27934647,1.563375,1.50383091,-10.7731237,1.25050163,1.09536171,1.50172567,1.43246317,1.17063141,1.88506413,2.18647385,2.02044296,1.99097919,1.98745966,1.64484358,1.52721453,2.01185608,1.84445238,1.48241949,2.25029039,2.92550516,2.76167774,2.07619095,2.20269632,1.88558054,1.16772079,2.04047823,2.28794336,2.53334522,3.14645815,2.76017284,2.77299166,2.03369522,2.0778327,2.27583981,2.49891138,1.6008625,1.5337081,1.85574055,1.51821041,1.05627823,1.39066267,0.866475105,0.357274055,1.0620985,0.687870026,0.59028244,0.626423836,0.371194839,1.6562562,0.249312401,0.314194679,0.169651985,0.019443512,-0.243341446,-0.727442741,-0.229341507,-0.221043587,-0.0161447525,-0.520877838,0.168198586,-0.362012863,-0.28622818,-0.476756096,-0.3468256,-0.257808685,-0.163598061,-0.136336327,-0.262705803,-0.259813309,-0.355566025,-0.343067169,0.00786590576,-0.199708939,0.020483017,0.310879707,0.180121422,-0.27132225,-0.446200371,-0.505092621,-0.496461868,0.178356171,-0.406072617,-0.221373558
2026-08-26T14:42:09.233+00:00	1047.359	SUBSEG96 protocol=asd-research-v1.0.0 session=1 phase=DET window=20 group=4 segments=7 dims=96 fnv1a=841f4cce values=-10.2955275,-10.2955275,3.24952173,-10.2955275,-10.2955275,2.49057865,-10.2955275,1.51043034,-10.2955275,1.95098877,1.44224548,-10.2955275,1.26008892,1.73847246,1.55891991,-10.2955275,1.33348656,1.45790482,1.40707302,0.924176216,0.913271904,0.95567131,1.19394302,0.799840927,1.01830578,1.51666641,1.12171173,0.814935684,0.989087105,1.11399269,1.11793518,1.1180048,1.30187511,1.10179996,1.32264614,2.77135754,2.36128235,0.968496323,0.678977013,0.895236969,1.29325008,2.14693785,2.56800508,2.02076912,1.64052391,0.99217701,1.22490311,1.35426807,0.984919548,1.3253336,1.77238512,1.31390858,0.706411362,1.48651886,1.12134838,0.489860535,0.604772568,0.610439301,0.775535583,1.24397182,1.14295578,2.03907394,0.404387474,0.0923395157,0.380016327,0.286775589,0.022313118,-0.0123920441,0.367856026,0.220313072,0.517028809,0.297401428,0.585113525,0.151844978,-0.138258934,-0.00741958618,0.0369920731,0.31785202,0.325428963,0.351965904,0.201348305,0.284812927,0.5434618,-0.0303077698,0.29621315,0.315572739,0.463669777,0.735850334,0.650234222,0.202606201,0.0982074738,-0.0409870148,0.0295982361,0.688188553,0.119971275,0.348937988
2026-08-26T14:42:09.339+00:00	1047.468	SUBSEG96 protocol=asd-research-v1.0.0 session=1 phase=DET window=20 group=5 segments=7 dims=96 fnv1a=59f8f509 values=-10.2093143,-10.2093143,2.39082336,-10.2093143,-10.2093143,2.15948582,-10.2093143,1.86103964,-10.2093143,1.80642509,1.70002365,-10.2093143,1.76876545,1.8739109,1.65919399,-10.2093143,1.34532928,1.22649956,1.43889904,1.20110989,1.1032095,0.719323158,0.720895767,0.910121918,0.965991974,1.32178211,1.01273441,0.914577484,1.03008461,0.884248734,0.636566162,1.02788353,1.2921257,1.55450535,1.2482729,2.83462,2.45965624,0.959769249,0.652289391,0.643071175,1.02215004,1.33689785,1.22535229,1.04266739,0.813873291,0.804883003,1.21992779,0.924206734,0.597212791,1.0085907,1.28465748,1.10457993,0.715522766,1.46383381,0.968081474,0.491023064,0.667246819,0.907128334,0.908061981,0.919794083,0.801141739,2.09258175,0.611609459,0.473374367,0.545600891,0.489095688,0.814512253,0.491293907,0.580425262,0.716192245,0.562116623,0.426384926,1.14880562,0.538510323,0.457596779,0.154270172,0.195227623,0.214910507,0.47160244,0.617869377,0.34424305,0.358055115,0.355535507,0.221040726,0.534516335,0.358983994,0.594973564,0.91144371,0.735742569,0.316914558,0.162816048,0.115543365,0.0871124268,0.8507061,0.195120811,0.379928589
2026-08-26T14:42:13.717+00:00	1051.843	FLAGS protocol=asd-quality-v1.6.0 mode=OBSERVATION_HOLD state=OBSERVATION_HOLD waiting=0 learning=0 learned=1 anomaly=0 hold=1 fault=0 green=pulse_1s red=off guided25_available=1 workflow_pending=DEFAULT research_telemetry=1 profile_persistence_allowed=0 dropped=0
2026-08-26T14:42:18.681+00:00	1056.812	QUALITY protocol=asd-quality-v1.6.0 phase=DET index=21 total=0 result=OK metrics_valid=1 samples=159744 expected=159744 rms_dbfs=-49.862 dc=-0.597 peak=1012 clipped=0 zeros=566 stuck=352 dropped_delta=0 feature_valid=1 tonalness_valid=1 tonalness_proxy=2.659829 tonal_gate=pending_normal_only
2026-08-26T14:42:18.690+00:00	1056.812	DET 21 score=8752.34375 lo=0 hi=2832.83325 led=1 anom=0 total_anom=0 hold=1 iznad praga (uzastopnih=0 nivo=-49.9 dBFS racun=716 ms)
2026-08-26T14:42:18.820+00:00	1056.953	FEATURE96 protocol=asd-research-v1.0.0 session=1 phase=DET window=21 window_start_ms=1046252 window_end_ms=1055582 score=8752.34375 level_dbfs=-49.862133 quality=OK tonalness_proxy=2.65982914 dims=96 fnv1a=63d8f2ad values=-10.3329363,-10.3329363,2.36447811,-10.3329363,-10.3329363,1.78729486,-10.3329363,1.31474304,-10.3329363,1.50002575,1.26278973,-10.3329363,1.22878361,1.62308216,1.49575138,-10.3329363,1.08076191,1.40604401,1.24622917,1.13588905,1.11203289,0.999765396,1.30964661,1.13229942,0.957253456,1.1757946,1.11580753,0.948387146,1.08623981,1.56308556,1.33223438,1.28495502,1.34903336,1.06263447,0.995923996,2.65982914,2.17491627,0.626838684,0.779541016,0.898151398,1.36323166,1.72551823,1.7794714,1.09331703,0.902792931,1.00461006,1.36419582,0.949691772,0.869981766,1.22431469,1.27586174,1.20578957,1.00061893,1.68979311,1.04976368,0.953492165,0.922725677,0.885297775,0.954057693,0.883655548,0.971031189,2.04819918,0.674467087,0.345617294,0.897727966,0.206114769,0.21144104,0.423968315,0.610870361,0.524744034,0.675714493,0.715964317,0.974300385,0.951745987,0.856565475,0.219392776,0.335573196,0.255050659,0.423491478,0.410653114,0.279957771,0.397339821,0.366537094,0.203943253,0.463018417,0.235732079,0.499346733,0.677890778,0.63333416,0.266848564,-0.0286359787,-0.0252504349,-0.0380430222,0.606876373,0.0324487686,0.251146317
2026-08-26T14:42:18.831+00:00	1056.953	FLAGS protocol=asd-quality-v1.6.0 mode=OBSERVATION_HOLD state=OBSERVATION_HOLD waiting=0 learning=0 learned=1 anomaly=0 hold=1 fault=0 green=pulse_1s red=off guided25_available=1 workflow_pending=DEFAULT research_telemetry=1 profile_persistence_allowed=0 dropped=0
2026-08-26T14:42:18.951+00:00	1057.078	SUBSEG96 protocol=asd-research-v1.0.0 session=1 phase=DET window=21 group=1 segments=8 dims=96 fnv1a=98f8be0f values=-10.2703238,-10.2703238,2.44250584,-10.2703238,-10.2703238,1.79879522,-10.2703238,1.44432545,-10.2703238,1.50449181,1.10407066,-10.2703238,1.34325409,1.53046322,1.17704582,-10.2703238,0.993206978,1.46823978,1.3263979,1.15871906,1.14617825,1.18484497,1.41490364,1.2391777,1.09023476,1.11689377,0.983324051,0.772907257,0.970673561,1.83396339,1.36895943,1.04361057,1.5051527,0.868549347,0.996463776,2.74574661,2.29985762,0.497533798,0.956292152,1.37542915,1.71545506,1.75757742,1.88844395,0.9129076,0.95494175,1.15481281,1.35804367,0.85432148,0.832653046,1.0957365,1.05651379,0.970966339,0.95958519,1.5437746,0.8453722,0.737929344,0.885000229,0.796027184,1.04192448,0.869823456,0.644418716,2.04997158,0.621628761,0.163105011,0.471097946,0.264955521,0.651861191,0.463230133,0.655543327,0.833023071,0.670835495,0.246137619,0.749175072,0.706546783,0.191197395,0.420226097,0.346050262,0.161557198,0.665839195,0.501261711,0.249991417,0.303804398,0.254858017,0.488814354,0.489131927,0.296766281,0.557174683,0.766054153,0.715332985,0.397346497,-0.0259685516,0.0393562317,0.0348243713,0.685250282,0.114987373,0.383012772
2026-08-26T14:42:19.055+00:00	1057.187	SUBSEG96 protocol=asd-research-v1.0.0 session=1 phase=DET window=21 group=2 segments=8 dims=96 fnv1a=fb2afc3c values=-10.13766,-10.13766,2.71186066,-10.13766,-10.13766,1.99384928,-10.13766,1.40276146,-10.13766,1.64603424,1.24937439,-10.13766,1.29995728,1.40825081,1.26842785,-10.13766,1.29261589,1.546278,1.43149662,1.48517704,1.43463898,1.42620468,1.83525276,1.61297131,1.22019005,1.39349747,1.03429508,0.880472183,1.53430271,1.82981586,1.6639986,1.57992554,1.69011307,1.33797646,1.2172451,2.88877487,2.47622633,0.682837486,0.938871384,0.697681427,1.31697655,1.83581161,1.60099411,1.30284786,0.89863205,1.25538731,1.76391315,0.996837616,0.643260956,0.930657387,0.898643494,0.870375633,0.670649529,1.63038921,0.81487751,0.464186668,0.522627831,0.797006607,0.953414917,0.980573654,0.851119995,2.24852753,0.325501442,0.0416297913,0.46527195,-0.0842123032,-0.297301292,0.132143021,0.352379799,0.403118134,0.312133789,-0.165579796,0.589701653,-0.039814949,-0.180357933,-0.0161828995,0.0613994598,0.16649437,0.39635849,0.498771667,0.241045952,0.122777939,-0.0485162735,0.0108795166,0.600831032,0.418113708,0.60431385,0.921140671,0.756389618,0.319310188,0.153227806,0.0922517776,0.0857543945,0.850671768,0.22022438,0.432482719
2026-08-26T14:42:19.164+00:00	1057.297	SUBSEG96 protocol=asd-research-v1.0.0 session=1 phase=DET window=21 group=3 segments=8 dims=96 fnv1a=efc5c11c values=-10.0852184,-10.0852184,2.575243,-10.0852184,-10.0852184,1.90691471,-10.0852184,1.31276131,-10.0852184,1.55805302,1.42879009,-10.0852184,1.57009315,2.20662117,2.11802959,-10.0852184,1.29395866,1.68744659,1.59029865,1.47260094,1.43131638,1.03823566,1.45293236,1.16061306,1.24956703,1.44043732,1.0083704,1.19859123,1.26744843,1.43381882,1.41193676,1.51908588,1.31670284,1.25473499,1.15144539,2.89216852,2.40955448,0.820840836,0.82759285,0.756034851,1.24782944,1.2680006,0.883608818,1.29372883,0.926263809,1.00216198,1.59327412,0.831233025,0.689590454,0.856064796,0.9593153,0.881123543,0.572356224,1.72417927,0.835141182,0.565649033,0.615418434,0.701577187,1.01120663,0.993027687,0.766451836,2.31326914,0.455011368,-0.00778388977,0.445440292,0.00188064575,-0.3117342,0.11034584,0.39512825,0.426200867,0.436577797,-0.00243854523,0.678366661,0.110573769,-0.0819044113,-0.0785732269,0.0618658066,0.349775314,0.409931183,0.524432182,0.34170723,0.259519577,-0.0933580399,0.0783786774,0.66559124,0.454509735,0.676040649,0.887968063,0.857414246,0.371927261,0.163991928,0.159420013,0.11090374,0.836885452,0.227226257,0.467721939
2026-08-26T14:42:19.270+00:00	1057.390	SUBSEG96 protocol=asd-research-v1.0.0 session=1 phase=DET window=21 group=4 segments=7 dims=96 fnv1a=d95a2666 values=-10.1539412,-10.1539412,2.16147614,-10.1539412,-10.1539412,1.73683929,-10.1539412,1.49486446,-10.1539412,1.7540493,1.45961857,-10.1539412,1.09923363,1.51338291,1.61559772,-10.1539412,1.20063972,1.3810091,1.12848759,1.159338,1.08370209,0.376656532,0.746294022,1.09523964,0.826038361,1.42720509,1.0632,1.06532669,0.866726875,1.28083801,1.18557453,0.85845089,1.456563,1.26278019,1.0946579,2.83690834,2.27277517,1.04162598,0.496857643,0.495091438,1.35129452,1.4005537,1.55928612,1.16586018,0.663719177,0.875713348,1.16419029,0.800266266,0.744171143,0.826622009,1.10412025,0.882456779,0.521705627,1.71131897,0.795219421,0.711103439,0.911375046,0.982964516,0.982120514,1.01146317,0.705275536,2.21031809,0.60779953,0.285999298,0.520655632,0.422147751,0.305761337,0.803505898,0.986394882,0.802485466,1.16654205,0.912494659,0.987102509,0.557734489,0.463569641,0.333233833,0.247236252,0.242943764,0.620087624,0.460947037,0.354183197,0.435792923,0.204859734,0.30674839,0.484946251,0.389196396,0.662822723,0.829497337,0.848214149,0.456296921,0.16353035,0.145573616,0.192234993,0.785897255,0.261025429,0.365955353
2026-08-26T14:42:19.373+00:00	1057.500	SUBSEG96 protocol=asd-research-v1.0.0 session=1 phase=DET window=21 group=5 segments=7 dims=96 fnv1a=14b00a43 values=-10.5606489,-10.5606489,2.20034266,-10.5606489,-10.5606489,1.81465197,-10.5606489,1.27923203,-10.5606489,1.44305706,1.34608459,-10.5606489,1.13869762,1.47233915,1.2419138,-10.5606489,1.03035831,1.33056927,1.09407997,0.724230766,0.817811966,0.81491375,0.890130997,0.724486351,0.726566315,0.94437027,1.36578083,1.04870892,0.953651428,1.48450899,1.29157066,1.37269688,1.1055584,0.970410347,0.935206413,2.38103485,1.79962111,0.453619003,0.812632561,0.77501297,1.28389549,1.95794535,2.05591249,1.11772251,1.07769775,0.980226517,1.18199348,1.1784029,1.1427803,1.57411861,1.62426376,1.56860638,1.34421158,1.89194775,1.38117504,1.32199287,1.20926762,1.10095596,1.03725815,0.920531273,1.30520248,1.87262106,0.961081505,0.6685009,1.30174637,0.363883972,0.14759922,0.512764931,0.676422119,0.33656311,0.681434631,1.07175255,1.29434013,1.37055874,1.31058693,0.343408585,0.605192184,0.440423965,0.32529068,0.421878815,0.415516853,0.653862953,0.707346916,0.214705467,0.452811241,0.075592041,0.428368568,0.429392815,0.445955276,0.192189217,-0.146615028,-0.120961189,-0.167711258,0.31782341,-0.205757141,0.0466871262
2026-08-26T14:42:23.737+00:00	1061.859	FLAGS protocol=asd-quality-v1.6.0 mode=OBSERVATION_HOLD state=OBSERVATION_HOLD waiting=0 learning=0 learned=1 anomaly=0 hold=1 fault=0 green=pulse_1s red=off guided25_available=1 workflow_pending=DEFAULT research_telemetry=1 profile_persistence_allowed=0 dropped=0
2026-08-26T14:42:28.655+00:00	1066.781	QUALITY protocol=asd-quality-v1.6.0 phase=DET index=22 total=0 result=OK metrics_valid=1 samples=159744 expected=159744 rms_dbfs=-37.201 dc=-0.354 peak=10112 clipped=0 zeros=612 stuck=371 dropped_delta=0 feature_valid=1 tonalness_valid=1 tonalness_proxy=3.473241 tonal_gate=pending_normal_only
2026-08-26T14:42:28.664+00:00	1066.797	DET 22 score=125562.352 lo=0 hi=2832.83325 led=1 anom=0 total_anom=0 hold=1 iznad praga (uzastopnih=0 nivo=-37.2 dBFS racun=716 ms)
2026-08-26T14:42:28.818+00:00	1066.937	FEATURE96 protocol=asd-research-v1.0.0 session=1 phase=DET window=22 window_start_ms=1056282 window_end_ms=1065556 score=125562.352 level_dbfs=-37.2005882 quality=OK tonalness_proxy=3.47324133 dims=96 fnv1a=5651c721 values=-11.5805387,-11.5805387,2.49373817,-11.5805387,-11.5805387,1.75798798,-11.5805387,1.71798992,-11.5805387,2.33927011,2.80610561,-11.5805387,2.75471401,2.90515041,2.98706865,-11.5805387,2.46370506,2.03579855,2.46842766,2.64919472,2.74239922,2.74348307,2.36182833,2.02935886,1.74541616,1.7305522,2.39673948,3.01867342,2.84137535,3.47324133,3.44352865,3.08879471,3.32889318,3.3807807,2.8264184,3.25413132,3.41247177,3.16163635,3.05628729,1.82002592,2.86405945,2.64295912,2.10429144,2.22210836,2.38899326,1.56890154,1.58396053,1.08716917,1.74069262,1.75770426,0.928259373,1.04310369,1.07871914,0.903632164,1.10729933,1.31075239,2.02556038,0.609529495,0.743264675,0.935701847,1.23089743,0.980100155,0.50178957,0.0965032578,-0.0427780151,-0.21612072,-0.376807213,-0.721262932,-0.882507324,-0.5250597,-0.412278175,-0.710858345,-0.537214279,-0.786476135,-1.0650816,-1.11571407,-1.07015419,-0.960751534,-0.963624954,-0.8468256,-0.986943245,-0.886386871,-0.979483604,-1.17008686,-0.867160797,-0.962871552,-0.748667717,-0.552867889,-0.631195068,-0.953186989,-1.01504326,-1.14175224,-1.15795231,-0.617469788,-1.19493961,-0.947557449
2026-08-26T14:42:28.821+00:00	1066.953	FLAGS protocol=asd-quality-v1.6.0 mode=OBSERVATION_HOLD state=OBSERVATION_HOLD waiting=0 learning=0 learned=1 anomaly=0 hold=1 fault=0 green=pulse_1s red=off guided25_available=1 workflow_pending=DEFAULT research_telemetry=1 profile_persistence_allowed=0 dropped=0
2026-08-26T14:42:28.924+00:00	1067.047	SUBSEG96 protocol=asd-research-v1.0.0 session=1 phase=DET window=22 group=1 segments=8 dims=96 fnv1a=f46e695c values=-10.3195677,-10.3195677,3.07541752,-10.3195677,-10.3195677,2.45148659,-10.3195677,1.41633415,-10.3195677,1.81200171,1.65444565,-10.3195677,1.44834042,1.69754314,1.73461676,-10.3195677,1.28021717,1.39002037,1.4152813,1.29197311,1.31988049,1.35897064,1.42978096,1.33752632,1.36030769,1.4538002,1.69041395,1.77373171,1.86523628,1.89210176,1.54576588,1.43785381,1.39260578,1.25026226,0.844506264,2.74437046,2.3313489,0.942200661,0.883985519,0.973777771,1.39329147,1.37381649,1.24161911,0.816275597,0.669946671,0.919439316,1.04816818,0.937599182,1.09544373,1.10074806,1.26416779,1.10316658,0.856695175,1.32057476,0.682127953,0.707582474,0.723306656,0.61048317,0.932178497,0.79779911,0.633246422,2.08631182,0.597766876,0.255110741,0.595479012,0.285189629,0.227781296,0.115169525,0.208750725,0.41594696,0.40762043,0.0338535309,0.72026825,0.206370354,0.0869827271,0.231669426,-0.0696802139,0.169776917,0.388053894,0.492993355,0.243886948,0.233602524,0.133488655,0.0629262924,0.429887772,0.252503395,0.501916885,0.754264832,0.638259888,0.238892555,0.023891449,-0.0684156418,0.0197143555,0.614626884,0.0534353256,0.244314194
2026-08-26T14:42:29.030+00:00	1067.156	SUBSEG96 protocol=asd-research-v1.0.0 session=1 phase=DET window=22 group=2 segments=8 dims=96 fnv1a=ff292669 values=-12.0860519,-12.0860519,2.6448164,-12.0860519,-12.0860519,1.90008688,-12.0860519,1.84514952,-12.0860519,2.49606705,2.97601843,-12.0860519,2.92156792,3.06643486,3.14671803,-12.0860519,2.62581873,2.20386839,2.63892078,2.82000923,2.9132123,2.91407728,2.52770233,2.1812396,1.89166451,1.87504101,2.56515265,3.1874752,3.0111022,3.64421558,3.61448097,3.25876617,3.49952745,3.55149555,2.99725008,3.4183836,3.58244085,3.33267879,3.22716951,1.98946142,3.03486347,2.81353998,2.27365208,2.39217806,2.55988979,1.7371521,1.7495079,1.24897337,1.9100008,1.92596388,1.07867956,1.20197868,1.24204588,1.00796032,1.27206278,1.47904873,2.19616032,0.761978149,0.889017105,1.09143353,1.39790487,0.807394981,0.660630703,0.250965595,0.0857067108,-0.0866761208,-0.245341778,-0.627423763,-0.946831226,-0.463530064,-0.328130245,-0.624363422,-0.683851719,-0.75041914,-1.06683874,-1.29846239,-1.10463381,-1.10716391,-1.31889582,-1.18388319,-1.15301466,-0.947142124,-0.978496075,-1.35224199,-1.18477583,-1.28047991,-1.12932444,-1.00997114,-1.01575232,-1.19179296,-1.09312296,-1.29810953,-1.40133715,-1.05174208,-1.60299921,-1.32158613
2026-08-26T14:42:29.140+00:00	1067.265	SUBSEG96 protocol=asd-research-v1.0.0 session=1 phase=DET window=22 group=3 segments=8 dims=96 fnv1a=81cd4798 values=-10.3399086,-10.3399086,1.02740288,-10.3399086,-10.3399086,1.22319794,-10.3399086,2.52497578,-10.3399086,2.65744066,1.98114824,-10.3399086,2.63335133,3.15549278,3.30865526,-10.3399086,2.67449522,1.53374767,0.98098278,0.881184578,1.06916237,1.39688778,2.20643663,2.51454115,2.31613207,2.32998037,1.86024427,2.61085224,2.06536388,1.05508327,1.4486599,2.27455139,2.22247696,2.23187733,1.26165104,2.8813982,2.17394781,1.28710461,1.70545816,0.934868813,1.06416607,1.05744934,1.18568993,0.991164207,0.588558197,0.510937691,0.929341316,0.722237587,0.576124191,0.952318192,0.735022545,0.749716759,0.569300652,1.42285156,0.62033844,0.288964272,0.401953697,0.434408188,0.77038765,0.843949318,0.571079254,2.06948137,0.0770645142,-0.119513512,0.124897957,-0.0369606018,-0.25069809,-0.387963295,0.0728387833,0.00672531128,0.121496201,-0.170893669,0.427165031,-0.122433662,-0.329093933,-0.124145508,-0.174664497,0.0421257019,0.215564728,0.275712967,0.00204277039,0.0331497192,-0.255509377,-0.142395973,0.205898285,0.227591515,0.438201904,0.633612633,0.532758713,0.153495789,-0.0215005875,-0.0693941116,-0.0363273621,0.600687027,0.0197534561,0.265670776
2026-08-26T14:42:29.246+00:00	1067.375	SUBSEG96 protocol=asd-research-v1.0.0 session=1 phase=DET window=22 group=4 segments=7 dims=96 fnv1a=bee320a2 values=-10.0408449,-10.0408449,1.23971462,-10.0408449,-10.0408449,1.59892464,-10.0408449,1.83687115,-10.0408449,1.92730999,1.27603722,-10.0408449,1.12380409,1.24278641,0.981060982,-10.0408449,0.690421104,0.860484123,0.523336411,0.665136337,0.876440048,1.40039349,1.98215437,1.87414551,1.63878632,1.49959469,1.2927351,0.642214775,0.821864128,1.7775631,2.004498,2.02736521,1.6169281,1.33509636,1.01728249,3.09510136,2.46395111,1.24205685,0.875448227,0.733466148,1.32816601,1.3148241,1.14594555,1.36019516,0.782820702,1.02770615,1.40376472,0.973339081,0.646331787,1.06128025,0.857533455,0.887849808,0.831618309,1.744771,0.894124985,0.668866158,0.674850464,0.919275284,1.0933075,1.06650066,0.792646408,2.34694386,0.431426048,0.235209465,0.345305443,0.249319077,-0.000967979431,0.0284662247,0.333447456,0.347789764,0.344200134,0.13488102,0.727327347,0.178194046,-0.100071907,0.121665955,0.124889374,0.381217957,0.441277504,0.567180634,0.3496418,0.328372955,0.0102090836,0.176757812,0.596339226,0.510209084,0.728611946,0.952169418,0.861382484,0.434213638,0.220182419,0.228978157,0.276770592,0.908334732,0.285126686,0.562856674
2026-08-26T14:42:29.352+00:00	1067.484	SUBSEG96 protocol=asd-research-v1.0.0 session=1 phase=DET window=22 group=5 segments=7 dims=96 fnv1a=09492ef2 values=-9.99556065,-9.99556065,1.47953892,-9.99556065,-9.99556065,0.823869705,-9.99556065,1.82117367,-9.99556065,1.94250774,1.2462368,-9.99556065,0.915535927,1.45071507,1.43952751,-9.99556065,0.983559608,0.91618824,0.807672501,0.826004982,0.96155262,0.992950439,0.748597145,0.981476784,1.33382034,1.4092617,0.877011299,1.05588531,0.797201157,1.03189468,1.56061268,1.71852112,1.50426102,1.59345818,1.57705212,3.11062098,2.45623779,0.813907623,0.887021065,0.687484741,1.28904819,1.25039864,1.16639519,1.36024475,0.743612289,1.07837963,1.42652416,0.994046211,0.695609093,1.1549015,1.22053528,1.04451084,1.02611828,1.77545166,0.922902107,0.768959999,0.714206696,0.997891426,1.21686459,1.23606777,0.864655495,2.40433884,0.478755951,0.226179123,0.379143715,0.430127144,0.027097702,0.0452737808,0.337967873,0.412924767,0.434414864,0.13799572,0.786394119,0.223499298,-0.048825264,0.158133507,0.169898987,0.452997208,0.453709602,0.615703583,0.375128746,0.302060127,0.107333183,0.199730873,0.625823021,0.504102707,0.796910286,1.00879955,0.907148361,0.533023834,0.304073334,0.275500298,0.296895027,0.949282646,0.363033295,0.591227531
2026-08-26T14:42:33.757+00:00	1071.890	FLAGS protocol=asd-quality-v1.6.0 mode=OBSERVATION_HOLD state=OBSERVATION_HOLD waiting=0 learning=0 learned=1 anomaly=0 hold=1 fault=0 green=pulse_1s red=off guided25_available=1 workflow_pending=DEFAULT research_telemetry=1 profile_persistence_allowed=0 dropped=0
2026-08-26T14:42:38.628+00:00	1076.750	QUALITY protocol=asd-quality-v1.6.0 phase=DET index=23 total=0 result=OK metrics_valid=1 samples=159744 expected=159744 rms_dbfs=-50.579 dc=-0.556 peak=366 clipped=0 zeros=608 stuck=358 dropped_delta=0 feature_valid=1 tonalness_valid=1 tonalness_proxy=3.153363 tonal_gate=pending_normal_only
2026-08-26T14:42:38.660+00:00	1076.781	DET 23 score=1333.65332 lo=0 hi=2832.83325 led=1 anom=0 total_anom=0 hold=0 normal (uzastopnih=0 nivo=-50.6 dBFS racun=728 ms)
2026-08-26T14:42:38.663+00:00	1076.797	FLAGS protocol=asd-quality-v1.6.0 mode=READY state=CALIBRATED_NORMAL waiting=0 learning=0 learned=1 anomaly=0 hold=0 fault=0 green=on red=off guided25_available=1 workflow_pending=DEFAULT research_telemetry=1 profile_persistence_allowed=0 dropped=0
2026-08-26T14:42:38.787+00:00	1076.906	FEATURE96 protocol=asd-research-v1.0.0 session=1 phase=DET window=23 window_start_ms=1066262 window_end_ms=1075530 score=1333.65332 level_dbfs=-50.5785675 quality=OK tonalness_proxy=3.15336275 dims=96 fnv1a=c88af373 values=-10.0113735,-10.0113735,1.44356632,-10.0113735,-10.0113735,1.29624367,-10.0113735,1.97288132,-10.0113735,2.09567833,1.24171543,-10.0113735,1.1240797,1.5889864,1.63534927,-10.0113735,1.10038471,0.998616219,1.03754807,1.11310291,1.12920475,0.871311188,1.21753979,1.25787449,1.16312981,1.41678238,1.2446394,1.0613718,0.897946358,1.142416,1.61954784,1.54336643,1.42341805,1.29412937,1.10149193,3.15336275,2.6318655,0.853000641,0.693831444,0.637386322,1.16806793,1.21966839,0.910228729,1.24883366,0.646584511,0.97297287,1.30503273,1.05784607,0.759033203,1.05742359,1.0403986,0.99414444,0.834541321,1.76441288,0.903258324,0.724147797,0.713912964,0.977149963,1.12644768,1.07788181,0.805253029,2.38631678,0.463088036,0.284349442,0.408670425,0.378918648,-0.0278997421,0.0103979111,0.369557381,0.386824608,0.404661179,0.100358963,0.852480888,0.165039062,-0.0527572632,0.161455154,0.141624451,0.358143806,0.463522911,0.60555172,0.382520676,0.356805801,0.0958871841,0.216650009,0.648048401,0.55328083,0.752636909,0.990274429,0.884140015,0.479381561,0.312229156,0.189697266,0.257899284,0.9058218,0.337292671,0.559149742
2026-08-26T14:42:38.893+00:00	1077.015	SUBSEG96 protocol=asd-research-v1.0.0 session=1 phase=DET window=23 group=1 segments=8 dims=96 fnv1a=603f08c6 values=-9.96217823,-9.96217823,1.74324989,-9.96217823,-9.96217823,1.40672588,-9.96217823,1.71789074,-9.96217823,1.98059464,1.33287525,-9.96217823,1.28103352,1.61054897,1.40954399,-9.96217823,0.941536903,0.785255432,1.07747173,0.990619659,1.12925529,0.792433739,0.823502541,1.01336861,1.03889465,1.23049068,1.04653835,1.12468529,0.940542221,1.00812721,1.24124336,1.22970581,1.50667858,1.33871651,1.15288448,3.18299294,2.59050465,0.856583595,0.471028328,0.647034645,1.23672867,1.14300728,0.922456741,1.24220562,0.654371262,0.986672401,1.38000488,1.03529549,0.805240631,1.152771,1.05561829,0.935174942,0.862181664,1.82185936,0.918646812,0.725782394,0.851103783,1.01679134,1.11843491,1.12317753,0.793540955,2.45270777,0.440587997,0.242280006,0.381323814,0.385099411,0.0296564102,0.130272865,0.454850197,0.53473568,0.421901703,0.0930042267,0.781403542,0.201210022,0.00953960419,0.196935654,0.207287788,0.422924995,0.519783974,0.689011574,0.483532906,0.385499001,0.0892801285,0.185754776,0.672413826,0.589198112,0.814190865,1.00226212,0.942593575,0.546804428,0.335261345,0.276687622,0.322566986,1.01983452,0.373332024,0.640036583
2026-08-26T14:42:39.001+00:00	1077.125	SUBSEG96 protocol=asd-research-v1.0.0 session=1 phase=DET window=23 group=2 segments=8 dims=96 fnv1a=af58eb37 values=-9.99131107,-9.99131107,1.59241486,-9.99131107,-9.99131107,1.12933636,-9.99131107,1.85685349,-9.99131107,2.02910948,1.12477303,-9.99131107,1.17175293,1.54442215,1.71869755,-9.99131107,1.17502689,1.29019737,1.08897209,1.11601257,1.12570286,0.694209099,1.03449535,0.988919258,0.917901993,1.26474953,1.11690521,1.02178764,0.871520996,0.857878685,1.83327293,1.72207165,1.41636086,1.39376736,1.20114613,3.16518354,2.64564753,0.72869873,0.681378365,0.776457787,1.12565804,1.25630951,0.995127678,1.23342228,0.701960564,0.943582535,1.14409447,1.07722569,0.797907829,1.16244125,0.98500061,1.10321617,0.926766396,1.80340576,0.783541679,0.697473526,0.663271904,0.953696251,1.13710785,1.07362747,0.870609283,2.36526442,0.546232224,0.362587929,0.418377876,0.406529427,-0.0466747284,0.0168304443,0.413573265,0.38517189,0.374595642,0.152859688,0.898568153,0.121744156,-0.0508375168,0.194957733,0.0960245132,0.427709579,0.421891212,0.651702881,0.369929314,0.356010437,0.116666794,0.180052757,0.724297523,0.517507553,0.772473335,0.967211723,0.900053978,0.48399353,0.29586792,0.174628258,0.291649818,0.950304031,0.36806488,0.573611259
2026-08-26T14:42:39.108+00:00	1077.234	SUBSEG96 protocol=asd-research-v1.0.0 session=1 phase=DET window=23 group=3 segments=8 dims=96 fnv1a=70328a89 values=-10.0410776,-10.0410776,0.851851463,-10.0410776,-10.0410776,0.8582201,-10.0410776,1.81810093,-10.0410776,2.02658415,1.17246532,-10.0410776,1.15371799,1.82250023,1.91792488,-10.0410776,1.35797596,0.9039011,1.01613426,1.10698605,1.24069691,1.04302502,1.38795662,1.49862862,1.3042717,1.44759941,1.35517406,1.1224184,0.896199226,1.4046011,1.69816017,1.78210163,1.55001354,1.25328732,1.09964371,3.11267233,2.61382389,1.07696247,0.831390381,0.667672157,1.32090473,1.27087975,0.878549576,1.22799397,0.580663681,0.902990341,1.36752319,1.07821083,0.700239182,0.848980904,1.17491245,1.04814911,0.683208466,1.75298977,0.993053436,0.730264664,0.653233528,0.925063133,1.05609322,0.997843742,0.769884109,2.33327579,0.4891119,0.258505821,0.353890419,0.340575218,0.0161886215,-0.0164403915,0.313920975,0.345370293,0.427682877,0.0244140625,0.850675583,0.111778259,-0.0850048065,0.171518326,0.153700829,0.304922104,0.500519753,0.549806595,0.412511826,0.29136467,0.0723152161,0.212201118,0.609305382,0.556415558,0.754922867,0.964446068,0.868169785,0.44167614,0.288153648,0.188614845,0.229901314,0.868591309,0.270980835,0.500441551
2026-08-26T14:42:39.215+00:00	1077.343	SUBSEG96 protocol=asd-research-v1.0.0 session=1 phase=DET window=23 group=4 segments=7 dims=96 fnv1a=55bb4b77 values=-10.0029173,-10.0029173,1.54968548,-10.0029173,-10.0029173,1.68706989,-10.0029173,2.33831644,-10.0029173,2.34370995,1.41350842,-10.0029173,0.858663559,1.22891998,1.38943958,-10.0029173,1.00064373,1.0362606,1.13111782,1.28518295,1.17211437,0.728910446,1.41971874,1.36472511,1.18162823,1.52654552,0.959406853,0.666481972,0.901611328,1.07775784,1.64293671,1.40936089,1.37724113,1.2336607,1.12047863,3.18773127,2.73433208,0.53639698,0.527242661,0.66738224,0.980443001,1.06867313,0.779504776,1.27013969,0.606636047,0.95224762,1.29738235,1.10185909,0.784243584,0.947810173,0.952284813,0.958992958,0.879294395,1.67914772,0.971193314,0.803618431,0.611207962,1.08460045,1.24073792,1.12900257,0.753857613,2.42469311,0.409046173,0.305119514,0.440301895,0.368801117,-0.0313692093,0.0877695084,0.39648056,0.368777275,0.492081642,0.165657997,0.956171036,0.209077835,-0.0652542114,0.205546379,0.163959503,0.357684135,0.420024872,0.603791237,0.36571312,0.393643379,0.184410095,0.2961483,0.641744614,0.56112957,0.738723755,1.10006714,0.912316322,0.526688576,0.326527596,0.152636528,0.25971508,0.824168205,0.372174263,0.538086891
2026-08-26T14:42:39.321+00:00	1077.453	SUBSEG96 protocol=asd-research-v1.0.0 session=1 phase=DET window=23 group=5 segments=7 dims=96 fnv1a=13d443c2 values=-9.98579884,-9.98579884,0.933206558,-9.98579884,-9.98579884,1.0303545,-9.98579884,1.94980049,-9.98579884,2.08955383,1.18956566,-9.98579884,1.10560131,1.54304409,1.43710613,-9.98579884,0.760204315,0.813185692,0.908237457,1.09102821,0.974973679,1.02008247,1.2100935,1.22562504,1.31073761,1.59422779,1.54476833,1.24779034,0.952184677,1.18066025,1.49934483,1.21767426,1.22647667,1.30104065,0.949291229,3.195508,2.63913107,0.902807236,0.868364334,0.378170013,1.13164711,1.36459255,1.010849,1.34403419,0.752796173,1.13808346,1.36633968,1.06153584,0.78110218,1.17940617,1.04023647,0.946362495,0.877456665,1.82023716,0.878876686,0.73165226,0.82567215,0.973638535,1.14840031,1.14258862,0.898073196,2.43123388,0.4766922,0.315888405,0.520925522,0.465988159,-0.0524587631,-0.148589134,0.329099655,0.34375,0.364092827,0.137290001,0.824933052,0.256515503,0.000386238098,0.0925569534,0.153213501,0.338356972,0.512610435,0.597358704,0.325109482,0.435085297,0.0839328766,0.278093338,0.657076836,0.613853455,0.746904373,0.983778,0.865431786,0.467908859,0.391001701,0.218101501,0.25318718,0.912283897,0.37789917,0.613162994
2026-08-26T14:42:39.323+00:00	1077.453	STATE protocol=asd-quality-v1.6.0 from=OBSERVATION_HOLD to=CALIBRATED_NORMAL reason=OBSERVATION_RESUMED
2026-08-26T14:42:39.333+00:00	1077.453	EVENT protocol=asd-quality-v1.6.0 type=OBSERVATION_RESUMED state=CALIBRATED_NORMAL phase=DET reason=OBSERVATION_RESUMED event=NONE capability=AVAILABLE level=DEVIATION
2026-08-26T14:42:43.645+00:00	1081.765	FLAGS protocol=asd-quality-v1.6.0 mode=READY state=CALIBRATED_NORMAL waiting=0 learning=0 learned=1 anomaly=0 hold=0 fault=0 green=on red=off guided25_available=1 workflow_pending=DEFAULT research_telemetry=1 profile_persistence_allowed=0 dropped=0
2026-08-26T14:42:48.603+00:00	1086.734	QUALITY protocol=asd-quality-v1.6.0 phase=DET index=24 total=0 result=OK metrics_valid=1 samples=159744 expected=159744 rms_dbfs=-49.812 dc=-0.452 peak=378 clipped=0 zeros=561 stuck=317 dropped_delta=0 feature_valid=1 tonalness_valid=1 tonalness_proxy=3.106430 tonal_gate=pending_normal_only
2026-08-26T14:42:48.728+00:00	1086.859	DET 24 score=1748.81946 lo=0 hi=2832.83325 led=1 anom=0 total_anom=0 hold=0 normal (uzastopnih=0 nivo=-49.8 dBFS racun=716 ms)
2026-08-26T14:42:48.744+00:00	1086.875	FEATURE96 protocol=asd-research-v1.0.0 session=1 phase=DET window=24 window_start_ms=1076262 window_end_ms=1085505 score=1748.81946 level_dbfs=-49.812233 quality=OK tonalness_proxy=3.10643005 dims=96 fnv1a=1b485a45 values=-10.0481129,-10.0481129,1.23141193,-10.0481129,-10.0481129,1.13910294,-10.0481129,1.8185997,-10.0481129,1.97665977,1.29025841,-10.0481129,1.13236237,1.49360752,1.67735577,-10.0481129,1.36748219,1.10155773,1.08179283,1.15796661,1.20627213,0.996123314,1.22295284,1.16447449,1.36046219,1.58405209,1.29739857,1.17351341,1.14462471,1.66513062,1.74589443,1.42112064,1.3445797,1.34460831,1.23831844,3.10643005,2.63304615,1.13079739,0.773504257,0.686857224,1.28890324,1.39549732,0.932743073,1.22016811,0.665527344,0.898479462,1.33752155,0.969676018,0.779031754,0.970931053,1.0718565,0.968511581,0.83928299,1.71215534,0.862711906,0.647421837,0.725337982,0.916413307,1.09759331,1.10142231,0.767924309,2.30983782,0.438770294,0.168397903,0.368108749,0.310696602,-0.0232334137,-0.0959825516,0.352272987,0.3272295,0.348412514,0.0259284973,0.89691925,0.17138958,-0.0452690125,0.0996961594,0.100574493,0.337825775,0.430293083,0.611984253,0.355502129,0.27430439,0.0624351501,0.217757225,0.558568954,0.509869576,0.728261948,1.02075005,0.873579025,0.448070526,0.246355057,0.176538467,0.222086906,0.877578735,0.303877831,0.497997284
2026-08-26T14:42:48.752+00:00	1086.875	FLAGS protocol=asd-quality-v1.6.0 mode=READY state=CALIBRATED_NORMAL waiting=0 learning=0 learned=1 anomaly=0 hold=0 fault=0 green=on red=off guided25_available=1 workflow_pending=DEFAULT research_telemetry=1 profile_persistence_allowed=0 dropped=0
2026-08-26T14:42:48.869+00:00	1087.000	SUBSEG96 protocol=asd-research-v1.0.0 session=1 phase=DET window=24 group=1 segments=8 dims=96 fnv1a=5673f67b values=-10.0508699,-10.0508699,1.13752937,-10.0508699,-10.0508699,1.05967045,-10.0508699,1.83337021,-10.0508699,2.0354414,1.31607151,-10.0508699,1.06913376,1.71837807,1.79516602,-10.0508699,1.34241867,0.695389748,0.950675964,0.962298393,0.923057556,1.15095043,1.22280598,1.28971004,1.43981075,1.70333958,1.71373844,1.48644066,1.13524151,1.19314861,1.64396191,1.36125183,1.32714367,1.14464855,0.86113739,3.13716555,2.71679258,0.975906372,0.768529892,0.403761864,1.31860065,1.56698513,1.04149055,1.03918839,0.809209824,0.932730675,1.16371059,1.10085678,0.88381958,1.0299921,1.15630817,0.94899559,0.8185606,1.75649166,0.811321259,0.573689461,0.785628319,0.975865364,1.03999043,1.14378166,0.74563694,2.38388586,0.429358482,0.27879715,0.441244125,0.421000481,-0.0424213409,-0.114098549,0.393121719,0.402339935,0.28839016,0.0611782074,0.954429626,0.142484665,0.0128688812,0.0684690475,0.15280056,0.365557671,0.446684837,0.583278656,0.389105797,0.281315804,0.0933170319,0.300474167,0.56397438,0.520806313,0.690804482,1.0539999,0.91302681,0.443803787,0.301951408,0.100871086,0.251711845,0.872787476,0.305235863,0.497449875
2026-08-26T14:42:48.975+00:00	1087.109	SUBSEG96 protocol=asd-research-v1.0.0 session=1 phase=DET window=24 group=2 segments=8 dims=96 fnv1a=a687048f values=-9.99792099,-9.99792099,1.52187729,-9.99792099,-9.99792099,1.02579403,-9.99792099,1.31599331,-9.99792099,1.50167751,1.35208416,-9.99792099,1.25278854,1.53818321,1.62174034,-9.99792099,0.995622635,0.940292358,1.06482887,1.11352062,1.10438156,1.08244228,1.37617397,1.21280575,1.27042675,1.44961357,1.05585575,0.798042297,1.11351776,1.98161602,1.69711876,1.1599741,1.38723373,1.09803104,0.909389496,3.15085173,2.60775566,1.17363834,0.647673607,0.757546425,1.29082298,1.31082249,0.888009071,1.16038513,0.726523399,1.00843048,1.03552532,1.09836769,0.851252556,1.01265335,1.15353298,1.04320145,0.861183167,1.73646164,0.888282776,0.654578209,0.680160522,1.02287006,1.21273994,1.08676815,0.780469894,2.3230443,0.52564621,0.183870316,0.389224052,0.280209541,0.0795698166,0.0168867111,0.370497704,0.346523285,0.391616821,0.0784683228,0.920295715,0.214956284,0.00487327576,0.175138474,0.157686234,0.36262989,0.446005821,0.705370903,0.40896225,0.364079475,0.0745992661,0.275602341,0.622767448,0.592423439,0.74594593,1.03507996,0.900324821,0.506845474,0.350688934,0.257825851,0.254490852,0.899692535,0.365237236,0.574718475
2026-08-26T14:42:49.083+00:00	1087.203	SUBSEG96 protocol=asd-research-v1.0.0 session=1 phase=DET window=24 group=3 segments=8 dims=96 fnv1a=56fc7a21 values=-10.0345964,-10.0345964,1.07577705,-10.0345964,-10.0345964,1.2660408,-10.0345964,2.06672096,-10.0345964,2.23116064,1.32402325,-10.0345964,1.00408173,1.56789207,1.76767063,-10.0345964,1.08538055,0.988145828,1.21249294,1.35730839,1.27981567,0.893112183,1.23580933,1.19373417,1.20572853,1.66556168,1.03709221,1.05381203,1.12412548,1.8541584,1.87291813,1.37167645,1.34631634,1.34365749,1.37517548,3.08183479,2.47126627,1.09331799,0.911808968,0.735354424,1.36883545,1.32270813,0.845638275,1.2495985,0.538920403,0.820304871,1.46513271,0.839744568,0.839111328,0.983860016,0.979771614,0.969482422,0.773510933,1.84725857,0.913546562,0.710619926,0.663968086,0.870836258,1.09785843,1.191782,0.770777702,2.24477434,0.464942932,0.0885629654,0.342831612,0.304722786,-0.102155685,-0.121827126,0.314959526,0.246180534,0.351878166,0.0669469833,0.867994308,0.204219818,-0.104118347,0.168959618,0.142116547,0.265982628,0.416138649,0.551264763,0.337863922,0.257029533,0.0636224747,0.205136299,0.524983406,0.518610954,0.782605171,0.99732399,0.861243248,0.467143059,0.208315849,0.211391449,0.242023468,0.908345222,0.297245026,0.523488045
2026-08-26T14:42:49.190+00:00	1087.312	SUBSEG96 protocol=asd-research-v1.0.0 session=1 phase=DET window=24 group=4 segments=7 dims=96 fnv1a=41a57ecf values=-10.0082855,-10.0082855,1.35611057,-10.0082855,-10.0082855,1.1823082,-10.0082855,1.83316994,-10.0082855,1.95010185,1.24967289,-10.0082855,0.897953987,1.16362572,1.20418167,-10.0082855,0.862597466,0.5160532,0.893054962,1.22691441,1.23047066,0.892718315,1.03630733,1.10870457,1.41416073,1.59215736,1.07525635,1.20414639,1.17966557,1.23440933,1.76764011,1.65457821,1.41202545,1.27690506,1.25647926,3.14353466,2.67598963,1.28848457,0.77583313,0.804946899,1.31071758,1.30759048,0.856534004,1.47166443,0.720053673,1.04694653,1.5911684,0.837776184,0.747223854,1.05949593,1.15646839,0.952528954,1.03486729,1.6502943,0.976327896,0.719741821,0.914345741,0.913379669,1.04002285,1.10668564,0.707509041,2.36225271,0.481018066,0.215021133,0.353182793,0.335724831,0.0196475983,-0.104837418,0.374910355,0.359595299,0.396772385,0.067199707,0.915763855,0.223278999,-0.0438308716,0.0946235657,0.118713379,0.404603004,0.534183502,0.641841888,0.381004333,0.308779716,0.126345634,0.211247444,0.611479759,0.543556213,0.759080887,1.04625607,0.896504402,0.478946686,0.257363319,0.233441353,0.240505219,0.902937889,0.356534958,0.481013298
2026-08-26T14:42:49.297+00:00	1087.422	SUBSEG96 protocol=asd-research-v1.0.0 session=1 phase=DET window=24 group=5 segments=7 dims=96 fnv1a=1c74b31d values=-10.0658922,-10.0658922,0.933552742,-10.0658922,-10.0658922,1.19855404,-10.0658922,1.80667686,-10.0658922,1.92355156,1.27496529,-10.0658922,1.35375023,1.274683,1.79102039,-10.0658922,1.83351707,1.58683968,1.24339294,1.11975193,1.43085957,0.956451416,1.24466991,1.03238106,1.49256229,1.52133465,1.11820316,1.06717682,1.24394035,1.59193039,1.79467487,1.52328205,1.33649254,1.67701244,1.52136421,3.09968233,2.73014212,1.18185711,0.792730331,0.746441841,1.21724319,1.45751953,1.04871559,1.18900013,0.547384262,0.702243805,1.33151817,0.955700874,0.568870544,0.816491127,0.956064224,1.00383854,0.764854431,1.58353996,0.797395706,0.656557083,0.620256424,0.855415344,1.15406322,1.03239536,0.889704704,2.30572176,0.364124298,0.129674911,0.380482674,0.264923096,0.00325012207,-0.0854568481,0.385810852,0.348751068,0.397230148,-0.0827035904,0.901101112,0.155317307,-0.0263729095,0.0577106476,-0.0141553879,0.36991787,0.389006615,0.654537201,0.339076996,0.236715317,0.035323143,0.153759003,0.552672386,0.447058678,0.74312973,1.05118656,0.876014709,0.424537659,0.171103477,0.156210899,0.199270248,0.886476517,0.277849197,0.485762596
2026-08-26T14:42:53.654+00:00	1091.781	FLAGS protocol=asd-quality-v1.6.0 mode=READY state=CALIBRATED_NORMAL waiting=0 learning=0 learned=1 anomaly=0 hold=0 fault=0 green=on red=off guided25_available=1 workflow_pending=DEFAULT research_telemetry=1 profile_persistence_allowed=0 dropped=0
2026-08-26T14:42:58.577+00:00	1096.703	QUALITY protocol=asd-quality-v1.6.0 phase=DET index=25 total=0 result=OK metrics_valid=1 samples=159744 expected=159744 rms_dbfs=-49.774 dc=-0.456 peak=481 clipped=0 zeros=579 stuck=341 dropped_delta=0 feature_valid=1 tonalness_valid=1 tonalness_proxy=2.923934 tonal_gate=pending_normal_only
2026-08-26T14:42:58.587+00:00	1096.718	DET 25 score=4153.80273 lo=0 hi=2832.83325 led=1 anom=0 total_anom=0 hold=1 iznad praga (uzastopnih=0 nivo=-49.8 dBFS racun=716 ms)
2026-08-26T14:42:58.717+00:00	1096.843	FEATURE96 protocol=asd-research-v1.0.0 session=1 phase=DET window=25 window_start_ms=1086212 window_end_ms=1095479 score=4153.80273 level_dbfs=-49.7739792 quality=OK tonalness_proxy=2.92393398 dims=96 fnv1a=66e454ed values=-10.253686,-10.253686,1.13530254,-10.253686,-10.253686,1.14418888,-10.253686,1.74965477,-10.253686,1.86757517,1.23880386,-10.253686,1.38795853,2.30403852,2.4400959,-10.253686,1.83923721,1.39405823,1.65070724,1.77120399,1.45619965,1.23644543,1.38875008,1.46249771,1.47688007,1.86960649,2.39065742,2.45977402,1.87529516,1.54137897,1.89291239,1.73935127,2.06885004,2.01508617,1.69102287,2.92393398,2.66954803,1.18651295,0.905851364,0.820298195,1.77788591,1.57180405,0.8932724,1.1082983,0.665934563,0.812726021,1.26159573,0.942529678,0.580080986,0.768819809,0.85392952,0.777859688,0.691103935,1.4343996,0.624461174,0.470190048,0.532143593,0.72877121,0.892008781,0.892421722,0.548368454,2.20016003,0.210468292,0.0111026764,0.193311691,0.102272034,-0.193079948,-0.247467995,0.168347359,0.100590706,0.239555359,-0.176250458,0.807382584,-0.0113744736,-0.225450516,-0.115876198,-0.11496067,0.200501442,0.183742523,0.339855194,0.128077507,0.109899521,-0.0222520828,0.0988883972,0.430529594,0.299777985,0.491208076,0.857663155,0.664693832,0.244122505,0.02876091,-0.0391817093,0.0197477341,0.769032478,0.108345985,0.344748497
2026-08-26T14:42:58.728+00:00	1096.859	FLAGS protocol=asd-quality-v1.6.0 mode=OBSERVATION_HOLD state=OBSERVATION_HOLD waiting=0 learning=0 learned=1 anomaly=0 hold=1 fault=0 green=pulse_1s red=off guided25_available=1 workflow_pending=DEFAULT research_telemetry=1 profile_persistence_allowed=0 dropped=0
2026-08-26T14:42:58.847+00:00	1096.968	SUBSEG96 protocol=asd-research-v1.0.0 session=1 phase=DET window=25 group=1 segments=8 dims=96 fnv1a=ac6c03a1 values=-10.1126652,-10.1126652,0.955066681,-10.1126652,-10.1126652,1.18250084,-10.1126652,1.51693344,-10.1126652,1.55800343,1.14668083,-10.1126652,1.54046249,2.86948061,3.04741001,-10.1126652,2.3207016,1.41139603,1.49413204,1.86483097,1.58082008,0.806339264,0.998985291,1.20674324,1.35221672,1.23916721,0.974502563,0.886652946,1.18443966,1.12917233,1.15115738,1.35923004,1.47934628,1.37844467,1.38454151,3.05429316,2.79711437,0.954910278,0.847854614,0.809776306,1.17195034,1.68245792,1.02260208,1.14256763,0.735046387,0.843981743,1.10887527,1.01863861,0.747819901,1.00767708,0.991008759,0.778791428,0.770061493,1.57637119,0.824709892,0.487330437,0.589722633,0.84363842,1.14586449,1.08500671,0.723975182,2.28275299,0.313007355,0.20020771,0.369848251,0.229818344,-0.0847330093,-0.0929841995,0.286499023,0.203479767,0.407168388,-0.0653905869,0.91534996,0.156363487,-0.109150887,0.0500278473,0.00682830811,0.342103958,0.332265854,0.467211723,0.304645538,0.232486725,0.203089714,0.320423126,0.584335327,0.443260193,0.557385445,0.954521179,0.781106949,0.388208389,0.169787407,0.137043953,0.194630623,0.917245865,0.260263443,0.460515976
2026-08-26T14:42:58.957+00:00	1097.078	SUBSEG96 protocol=asd-research-v1.0.0 session=1 phase=DET window=25 group=2 segments=8 dims=96 fnv1a=f968c460 values=-10.3962374,-10.3962374,0.786165237,-10.3962374,-10.3962374,0.970052719,-10.3962374,1.91529608,-10.3962374,1.99612093,1.40642643,-10.3962374,1.67606306,2.38671732,2.49837065,-10.3962374,2.02063179,1.62241554,1.74023151,1.70631599,1.4911499,1.51278782,1.53912067,1.71920347,1.78204536,2.20972919,2.8772788,2.96876717,2.31790733,1.87766027,2.294734,2.10292339,2.52425623,2.50277567,2.14309168,2.78202486,2.51501799,1.58147907,1.20855618,1.15312672,2.24742651,1.84168959,0.97556591,1.20188808,0.571907997,0.890246391,1.55246258,0.999703407,0.561121941,0.639256477,0.754302979,0.76414299,0.535216331,1.36329365,0.434956551,0.311850548,0.40132618,0.686431885,0.66792202,0.768627167,0.355201721,2.05668259,0.0699005127,-0.119734764,0.00834941864,-0.0750646591,-0.378599167,-0.448318481,-0.0145902634,-0.100287437,0.0212001801,-0.272144318,0.671926498,-0.15291214,-0.322994232,-0.204855919,-0.268115997,0.0878410339,0.0308275223,0.115249634,-0.0362329483,0.00230026245,-0.195077896,-0.0933589935,0.279232979,0.15358448,0.377418518,0.747023582,0.558063507,0.0562229156,-0.119903564,-0.217528343,-0.166406631,0.598432541,-0.0212192535,0.190090179
2026-08-26T14:42:59.062+00:00	1097.187	SUBSEG96 protocol=asd-research-v1.0.0 session=1 phase=DET window=25 group=3 segments=8 dims=96 fnv1a=227c560b values=-10.1387424,-10.1387424,1.43251514,-10.1387424,-10.1387424,1.27917004,-10.1387424,1.80487251,-10.1387424,1.99710274,1.28436375,-10.1387424,0.994013786,1.75338173,1.65486717,-10.1387424,1.43797493,1.61717701,2.09427595,2.25079393,1.81870651,1.06429672,1.01877308,1.28968334,1.48204899,2.05357838,1.88390493,1.73655701,1.59346581,0.900356293,1.35939217,1.65340519,1.73018169,1.14582443,1.00300503,3.05759382,2.7473712,0.906184196,0.743476868,0.52832222,1.23579597,1.34257603,1.02751827,1.152174,0.75565052,0.814834595,1.16031647,1.06372547,0.735196114,0.852049828,0.882385254,0.840028763,0.797926903,1.58874035,0.666325569,0.635696411,0.656887054,0.805737495,1.07766819,1.03676224,0.759407997,2.35522318,0.339277267,0.0688028336,0.279034615,0.283022881,0.010518074,-0.137986183,0.324316978,0.247585297,0.308810234,-0.118886948,0.882832527,0.0349740982,-0.12963295,-0.0229949951,-0.0155954361,0.315792084,0.31733799,0.466954231,0.208116531,0.193199158,0.0474853516,0.140781403,0.518457413,0.381596565,0.575359344,0.978880882,0.79474926,0.370833397,0.137460709,0.0928478241,0.0930538177,0.931954384,0.198015213,0.433955193
2026-08-26T14:42:59.173+00:00	1097.297	SUBSEG96 protocol=asd-research-v1.0.0 session=1 phase=DET window=25 group=4 segments=7 dims=96 fnv1a=354ddf62 values=-10.0562286,-10.0562286,1.28946304,-10.0562286,-10.0562286,1.29178905,-10.0562286,1.95651579,-10.0562286,2.12460852,1.29578018,-10.0562286,0.910560608,1.34389114,1.49597836,-10.0562286,0.813111305,1.04030895,0.973984718,0.779186249,0.737433434,1.00084305,1.39228535,1.27869225,1.30476761,1.49241447,1.58540154,1.47406864,1.50361156,1.49357605,1.85043907,1.51542664,1.32861519,1.13795662,1.07790661,3.10165644,2.96945906,0.908402443,0.683056831,0.502539635,1.13005733,1.57411003,0.810494423,1.21493435,0.794937134,0.946557045,1.28048897,1.02816105,0.606122971,0.909156799,0.959546089,1.08522797,0.97455883,1.56813717,0.869615555,0.6772089,0.759063721,0.978717804,1.0118084,1.03567696,0.686845779,2.41374445,0.481105804,0.203389168,0.412581444,0.304960251,0.0668878555,-0.0192146301,0.395962715,0.318699837,0.507987976,0.0455770493,1.01375198,0.222818375,-0.029294014,0.044342041,0.114877701,0.380475998,0.409105301,0.643702507,0.365568161,0.298189163,0.207350731,0.361543655,0.688057899,0.494532585,0.731895447,0.997200012,0.819738388,0.459867477,0.238944054,0.118725777,0.304210663,0.960802078,0.283699989,0.632722855
2026-08-26T14:42:59.278+00:00	1097.406	SUBSEG96 protocol=asd-research-v1.0.0 session=1 phase=DET window=25 group=5 segments=7 dims=96 fnv1a=5ceeba63 values=-10.0753651,-10.0753651,1.49801731,-10.0753651,-10.0753651,1.46092224,-10.0753651,1.70872593,-10.0753651,1.79502678,1.27947807,-10.0753651,1.35082722,1.67479038,1.34813881,-10.0753651,1.05190372,0.709259987,1.35171795,1.46312809,1.30288315,1.48086929,1.83057308,1.68204021,1.11756039,1.24223042,1.76903534,1.35301018,1.18460751,1.67286873,1.71839142,1.42334366,1.47760677,1.38997364,1.15348816,3.1109066,2.79897547,0.685778618,0.81362915,0.656036377,1.13551712,1.1538229,0.903338432,1.18129349,0.941031456,0.944749832,1.03051567,0.967064857,0.6429739,0.891751289,1.14235783,0.838820457,0.864591599,1.52710533,0.807553291,0.713360786,0.74074173,0.774794579,0.983184814,0.996455193,0.668669701,2.37754965,0.328843117,0.184142113,0.385227203,0.246160507,-0.124418259,-0.0486288071,0.335660934,0.321667671,0.438012123,0.0154304504,1.04395485,0.16847229,-0.051199913,0.0268659592,0.080365181,0.359087944,0.31170845,0.482965469,0.284153938,0.310612679,0.0946931839,0.234212875,0.567520142,0.516789436,0.701436043,1.08967209,0.850327492,0.43562603,0.208182335,0.154122353,0.151907921,0.916723251,0.308062553,0.491557121
2026-08-26T14:42:59.280+00:00	1097.406	STATE protocol=asd-quality-v1.6.0 from=CALIBRATED_NORMAL to=OBSERVATION_HOLD reason=OBSERVATION_UNCERTAIN
2026-08-26T14:42:59.308+00:00	1097.437	EVENT protocol=asd-quality-v1.6.0 type=OBSERVATION_HOLD state=OBSERVATION_HOLD phase=DET reason=OBSERVATION_UNCERTAIN event=NONE capability=AVAILABLE level=DEVIATION
2026-08-26T14:43:03.617+00:00	1101.750	FLAGS protocol=asd-quality-v1.6.0 mode=OBSERVATION_HOLD state=OBSERVATION_HOLD waiting=0 learning=0 learned=1 anomaly=0 hold=1 fault=0 green=pulse_1s red=off guided25_available=1 workflow_pending=DEFAULT research_telemetry=1 profile_persistence_allowed=0 dropped=0
2026-08-26T14:43:08.551+00:00	1106.672	QUALITY protocol=asd-quality-v1.6.0 phase=DET index=26 total=0 result=OK metrics_valid=1 samples=159744 expected=159744 rms_dbfs=-50.411 dc=-0.603 peak=442 clipped=0 zeros=671 stuck=372 dropped_delta=0 feature_valid=1 tonalness_valid=1 tonalness_proxy=3.105051 tonal_gate=pending_normal_only
2026-08-26T14:43:08.583+00:00	1106.703	DET 26 score=1234.91321 lo=0 hi=2832.83325 led=1 anom=0 total_anom=0 hold=0 normal (uzastopnih=0 nivo=-50.4 dBFS racun=716 ms)
2026-08-26T14:43:08.586+00:00	1106.718	FLAGS protocol=asd-quality-v1.6.0 mode=READY state=CALIBRATED_NORMAL waiting=0 learning=0 learned=1 anomaly=0 hold=0 fault=0 green=on red=off guided25_available=1 workflow_pending=DEFAULT research_telemetry=1 profile_persistence_allowed=0 dropped=0
2026-08-26T14:43:08.712+00:00	1106.843	FEATURE96 protocol=asd-research-v1.0.0 session=1 phase=DET window=26 window_start_ms=1096212 window_end_ms=1105453 score=1234.91321 level_dbfs=-50.4110336 quality=OK tonalness_proxy=3.10505104 dims=96 fnv1a=cb059b10 values=-10.0702257,-10.0702257,1.10710526,-10.0702257,-10.0702257,1.11281013,-10.0702257,1.81899643,-10.0702257,2.02045727,1.21763325,-10.0702257,1.19290257,1.86217022,1.82912254,-10.0702257,1.28377819,0.978634834,1.06611252,1.04358387,0.925600052,1.58635521,1.75759315,1.66936874,1.38343143,1.42350674,1.26161194,1.39635468,1.23562622,1.01139641,1.37032795,1.41496277,1.58028126,1.25108147,0.98618412,3.10505104,2.91346169,0.945835114,0.81709671,0.792323112,1.05905056,1.19033718,0.975324631,1.15932655,0.704974174,0.942672729,1.22758389,0.972083092,0.733681679,0.993190765,0.942378998,0.927160263,0.869912148,1.48377991,0.841086388,0.606262207,0.723049164,0.912853241,1.15481567,1.09877014,0.791113853,2.37647533,0.398797035,0.145863533,0.426832199,0.298518181,-0.0108795166,-0.133850098,0.333324432,0.331466675,0.429793358,0.00178813934,1.02641678,0.166853905,-0.064447403,0.0478601456,0.0975475311,0.36984539,0.413733482,0.540509224,0.341070175,0.300097466,0.204076767,0.292086601,0.612511635,0.48897934,0.700837135,1.04619408,0.820538521,0.460386276,0.201997757,0.167107582,0.22649765,0.989961624,0.291405678,0.551452637
2026-08-26T14:43:08.817+00:00	1106.937	SUBSEG96 protocol=asd-research-v1.0.0 session=1 phase=DET window=26 group=1 segments=8 dims=96 fnv1a=8fbcec95 values=-10.0498343,-10.0498343,1.15176964,-10.0498343,-10.0498343,1.08398914,-10.0498343,1.86150169,-10.0498343,2.11709881,1.30819988,-10.0498343,0.796309471,1.31562138,1.09806156,-10.0498343,0.775457382,0.852200508,0.841549873,0.748224258,1.03237438,2.04242182,2.21046352,2.02028084,1.39531708,0.963168144,1.39520645,1.45524979,1.23198509,1.20637894,1.51657772,1.62053967,1.51072788,1.30236721,1.1467905,3.13584661,2.82665634,0.915066719,0.850070953,0.83432579,1.10084057,1.12411308,1.15912819,1.15272522,0.908823013,0.95327282,1.24544907,1.01556587,0.829456329,1.09682465,0.883522034,0.929495811,0.735153198,1.58502865,0.93907547,0.473905563,0.65144825,0.913461685,1.08110046,1.02488995,0.819213867,2.36864996,0.405329704,0.19466877,0.467068672,0.316692352,-0.0728120804,-0.117899895,0.38175869,0.350375175,0.353054047,0.0639848709,1.02710247,0.209087372,-0.0602407455,0.105988503,0.115080833,0.329133987,0.469593048,0.475423813,0.301584244,0.34340477,0.145577431,0.299749374,0.56344986,0.51479435,0.674251556,1.11925507,0.895887375,0.484021187,0.201234818,0.242958069,0.195750237,0.960669518,0.358561516,0.531195641
2026-08-26T14:43:08.924+00:00	1107.047	SUBSEG96 protocol=asd-research-v1.0.0 session=1 phase=DET window=26 group=2 segments=8 dims=96 fnv1a=d46590a7 values=-10.0791235,-10.0791235,1.1232357,-10.0791235,-10.0791235,1.22266865,-10.0791235,1.94187927,-10.0791235,2.06598759,1.24233246,-10.0791235,1.37739468,1.70697403,1.38474464,-10.0791235,1.3187542,1.10968113,1.03946018,1.01386166,1.03849697,1.49895763,1.51496124,1.46175575,1.32636356,1.47119522,1.27248955,1.64876175,1.53270149,0.86746788,1.51336861,1.18471432,1.52100945,1.32976246,0.885521889,3.12370872,2.97008896,1.18275166,0.917463303,0.775216103,0.9083395,1.38685226,0.991445541,1.16972446,0.741150856,0.980464935,1.24430466,1.0676899,0.824791908,0.881855011,0.841245651,1.01047039,0.925272942,1.4639883,0.845805168,0.705172539,0.710433006,0.912478447,1.10460758,1.07624149,0.709339142,2.40023899,0.306818962,0.188642502,0.48013401,0.275951385,0.0244312286,-0.177550316,0.278144836,0.353475571,0.377913475,-0.0051279068,1.07105255,0.207320213,-0.0710868835,0.00177383423,0.15158844,0.338683128,0.376698494,0.554244995,0.338875771,0.262507439,0.180433273,0.279894829,0.613016129,0.463600159,0.71026516,0.937764168,0.762612343,0.415467262,0.223672867,0.0934705734,0.272500992,0.973713875,0.295292854,0.591273308
2026-08-26T14:43:09.029+00:00	1107.156	SUBSEG96 protocol=asd-research-v1.0.0 session=1 phase=DET window=26 group=3 segments=8 dims=96 fnv1a=7f84c707 values=-10.075532,-10.075532,1.09716225,-10.075532,-10.075532,1.13055706,-10.075532,1.80811501,-10.075532,2.0251112,1.25793266,-10.075532,1.20205784,1.95997524,2.04265118,-10.075532,1.54923916,1.14142132,1.24710178,1.22342396,0.83650589,1.54800892,1.75770569,1.59886456,1.42996693,1.31507111,1.36388302,1.48140335,1.16455173,0.8655653,1.32179546,1.35229969,1.46809006,1.09982109,1.15443611,3.08640623,2.88021421,1.01967049,0.882840157,0.86608696,1.12144947,1.00055122,0.830006599,1.2143774,0.425082207,1.0196991,1.15367985,0.896934509,0.687132835,0.998760223,1.05446625,0.968495369,0.987387657,1.44147778,0.810269356,0.611098289,0.716605186,0.85731411,1.12018204,1.07991314,0.736017227,2.35561514,0.471952438,0.0879173279,0.439459801,0.21505928,0.00887393951,-0.102304459,0.320821762,0.282168388,0.502048492,-0.0303888321,1.01945686,0.151966095,-0.0626630783,0.0362586975,0.0846567154,0.36670208,0.373220444,0.47061348,0.360308647,0.235375404,0.17830658,0.30346489,0.599270821,0.474723816,0.70940876,1.08927155,0.856035233,0.451365471,0.15063858,0.224789619,0.22394371,1.02879238,0.269423485,0.548615456
2026-08-26T14:43:09.137+00:00	1107.265	SUBSEG96 protocol=asd-research-v1.0.0 session=1 phase=DET window=26 group=4 segments=7 dims=96 fnv1a=9b9ce98c values=-10.0456095,-10.0456095,1.19523811,-10.0456095,-10.0456095,0.984416008,-10.0456095,1.69614029,-10.0456095,1.92246437,1.07751179,-10.0456095,1.455616,2.29593849,2.23372698,-10.0456095,1.34121227,0.857624054,0.858183861,0.809055328,0.949015617,0.693108559,1.30596733,1.74465942,1.56051731,1.62323856,1.17945385,0.96737957,1.18044758,1.23838711,1.27560711,1.60499763,1.82324886,1.0649538,0.782898903,3.1206212,3.00445223,0.72734642,0.751211166,0.68301487,1.07502174,1.23030376,1.02011395,1.14636612,0.595184326,0.874047279,1.2582531,0.897616386,0.555966377,1.04553318,0.978456497,0.846143723,0.804970741,1.47642612,0.893491745,0.634461403,0.886104584,0.849106789,1.29859829,1.19886494,0.891435623,2.41420507,0.454134941,0.147497177,0.425719261,0.378598213,0.0495738983,-0.084936142,0.361588478,0.384553909,0.536898613,0.00450611115,0.998206139,0.109850883,-0.0233297348,0.0233879089,0.128382683,0.407889366,0.411513329,0.634281158,0.370756149,0.379837036,0.322930336,0.297903061,0.681485176,0.509208679,0.698649406,1.06300735,0.800925255,0.484153748,0.257974625,0.137300491,0.27845192,0.979636192,0.292178154,0.583753586
2026-08-26T14:43:09.244+00:00	1107.375	SUBSEG96 protocol=asd-research-v1.0.0 session=1 phase=DET window=26 group=5 segments=7 dims=96 fnv1a=6dc096d3 values=-9.98858929,-9.98858929,1.04676914,-9.98858929,-9.98858929,1.19342899,-9.98858929,1.82369804,-9.98858929,2.03024054,1.25195789,-9.98858929,0.744859695,1.40363503,1.62372112,-9.98858929,1.15470505,0.8651371,1.27513313,1.29718113,0.772029877,0.918992043,1.08599281,0.932066917,1.22598267,1.63578129,1.04495811,1.00275993,0.661557198,0.757898331,1.13829422,1.2179575,1.63272381,1.46977329,0.866484642,3.16560268,2.98184252,0.687623024,0.69422245,0.874059677,1.17714214,1.21399212,0.88789463,1.20918274,0.818413734,0.953941345,1.34670258,1.0539093,0.799121857,1.03088474,1.03594685,0.944578171,0.940109253,1.54711437,0.791449547,0.679820061,0.73688221,1.12067795,1.27198124,1.22322083,0.909953117,2.45470285,0.451374054,0.209917068,0.400520325,0.418866158,0.0350046158,-0.0786781311,0.436003685,0.396250725,0.467637062,0.0821323395,1.11650467,0.248380661,0.00766563416,0.176135063,0.100682259,0.519670486,0.545889854,0.674593925,0.444402695,0.391159058,0.302022934,0.390440941,0.718242645,0.596558571,0.820159912,1.11453247,0.88084507,0.581071854,0.288420677,0.222797394,0.262722969,1.11211109,0.342640877,0.607177734
2026-08-26T14:43:09.245+00:00	1107.375	STATE protocol=asd-quality-v1.6.0 from=OBSERVATION_HOLD to=CALIBRATED_NORMAL reason=OBSERVATION_RESUMED
2026-08-26T14:43:09.257+00:00	1107.390	EVENT protocol=asd-quality-v1.6.0 type=OBSERVATION_RESUMED state=CALIBRATED_NORMAL phase=DET reason=OBSERVATION_RESUMED event=NONE capability=AVAILABLE level=DEVIATION
2026-08-26T14:43:13.566+00:00	1111.687	FLAGS protocol=asd-quality-v1.6.0 mode=READY state=CALIBRATED_NORMAL waiting=0 learning=0 learned=1 anomaly=0 hold=0 fault=0 green=on red=off guided25_available=1 workflow_pending=DEFAULT research_telemetry=1 profile_persistence_allowed=0 dropped=0
2026-08-26T14:43:18.575+00:00	1116.703	FLAGS protocol=asd-quality-v1.6.0 mode=READY state=CALIBRATED_NORMAL waiting=0 learning=0 learned=1 anomaly=0 hold=0 fault=0 green=on red=off guided25_available=1 workflow_pending=DEFAULT research_telemetry=1 profile_persistence_allowed=0 dropped=0
2026-08-26T14:43:18.601+00:00	1116.734	QUALITY protocol=asd-quality-v1.6.0 phase=DET index=27 total=0 result=OK metrics_valid=1 samples=159744 expected=159744 rms_dbfs=-48.821 dc=-0.441 peak=513 clipped=0 zeros=518 stuck=353 dropped_delta=0 feature_valid=1 tonalness_valid=1 tonalness_proxy=3.224640 tonal_gate=pending_normal_only
2026-08-26T14:43:18.611+00:00	1116.734	DET 27 score=3643.66699 lo=0 hi=2832.83325 led=1 anom=0 total_anom=0 hold=1 iznad praga (uzastopnih=0 nivo=-48.8 dBFS racun=727 ms)
2026-08-26T14:43:18.741+00:00	1116.875	FEATURE96 protocol=asd-research-v1.0.0 session=1 phase=DET window=27 window_start_ms=1106182 window_end_ms=1115502 score=3643.66699 level_dbfs=-48.8205681 quality=OK tonalness_proxy=3.22464037 dims=96 fnv1a=d7551e79 values=-10.1143541,-10.1143541,1.36650467,-10.1143541,-10.1143541,1.07771873,-10.1143541,1.85848904,-10.1143541,2.00562525,1.23836422,-10.1143541,0.949620247,1.44705296,1.60374165,-10.1143541,1.28433037,1.09434795,0.859630585,0.778943062,0.807369232,0.772592545,0.967142105,0.973525047,1.25994301,1.49463654,1.08810425,1.11258125,1.02785778,1.47239494,1.57782745,1.62436295,1.60646439,1.33281326,2.20968151,3.22464037,2.4879427,1.01629353,0.879255295,0.703370094,1.54035759,1.05688,0.821265221,1.11183643,0.549465179,0.832748413,1.2518158,0.888705254,0.665283203,0.829284668,0.932881355,0.968997955,1.45031834,1.53202438,0.818127632,0.605222702,0.865812302,0.919035912,1.07570267,1.10777283,1.73505116,2.43648386,0.138497353,0.215291023,0.571352005,0.187500954,-0.004529953,0.0257053375,0.320203781,0.318349838,0.497112274,0.172338486,0.748049736,0.103876114,-0.156018257,0.0499401093,0.181065559,0.271478653,0.637504578,0.614562035,0.473545074,0.229138374,0.244430542,0.490044594,0.520021439,0.49387455,0.881655693,1.01277924,0.803500175,0.796992302,0.193167686,0.258590698,0.387301445,0.71640873,0.538407326,0.784493446
2026-08-26T14:43:18.752+00:00	1116.875	FLAGS protocol=asd-quality-v1.6.0 mode=OBSERVATION_HOLD state=OBSERVATION_HOLD waiting=0 learning=0 learned=1 anomaly=0 hold=1 fault=0 green=pulse_1s red=off guided25_available=1 workflow_pending=DEFAULT research_telemetry=1 profile_persistence_allowed=0 dropped=0
2026-08-26T14:43:18.869+00:00	1117.000	SUBSEG96 protocol=asd-research-v1.0.0 session=1 phase=DET window=27 group=1 segments=8 dims=96 fnv1a=3544eeb9 values=-10.049798,-10.049798,1.60002995,-10.049798,-10.049798,1.10371971,-10.049798,1.97727108,-10.049798,2.17533255,1.49783421,-10.049798,1.19158936,1.63415718,1.64784908,-10.049798,1.22860909,1.07625866,1.05077934,1.08708954,1.05056667,0.927768707,1.28331089,1.21032524,1.36044025,1.60179043,1.03092384,0.855082512,0.707759857,1.20475769,1.26674461,1.54204082,1.52351952,1.34305763,1.19664764,3.07546091,2.82508326,0.818369865,0.886229515,0.855740547,1.22850418,1.16803551,1.02638245,1.27775192,0.591590881,0.983438492,1.23136711,0.876255989,0.674462318,0.979511261,0.942107201,0.960834503,0.968920708,1.56546116,0.860584259,0.660135269,0.770413399,0.946601868,1.12369347,1.13814735,0.914736748,2.30797243,0.423822403,0.203019142,0.466193199,0.284633636,0.0134105682,0.0334386826,0.307847977,0.342920303,0.38034153,0.0335426331,0.984786987,0.197076797,-0.0345563889,0.184306145,0.137150764,0.345786095,0.501893997,0.590611458,0.290771484,0.293831825,0.168910027,0.280288696,0.634739876,0.571568489,0.717130661,1.09322834,0.851008415,0.496338844,0.194654465,0.232572556,0.22226429,1.03420925,0.338490486,0.549350739
2026-08-26T14:43:18.976+00:00	1117.109	SUBSEG96 protocol=asd-research-v1.0.0 session=1 phase=DET window=27 group=2 segments=8 dims=96 fnv1a=e3df2d5a values=-10.1128073,-10.1128073,1.62408638,-10.1128073,-10.1128073,1.22678471,-10.1128073,1.9252944,-10.1128073,1.96588802,1.13058472,-10.1128073,0.84127903,1.15536213,1.43225002,-10.1128073,1.14746189,1.10252285,1.02272034,0.634580612,0.824550629,0.932160378,0.986496925,1.02009583,1.28697109,1.54896355,1.21975327,1.41889572,1.33461285,1.81902313,1.95884323,1.91308355,1.85969353,1.51848125,1.16761875,3.02005386,2.58683872,0.997179985,0.706874847,0.827298164,1.25766277,1.17205334,0.940440178,1.13718128,0.6714077,0.817287445,1.25140476,0.985990524,0.665082932,0.858350754,1.06298351,0.957845688,0.849931717,1.46945953,0.979547501,0.730677605,0.766518593,0.752774239,1.06501579,1.19213104,0.792851448,2.54248714,0.147860527,0.391212463,0.669297218,0.325431824,0.221055031,0.191609383,0.470322609,0.404509544,0.537806511,0.315402031,0.869484901,0.154737473,-0.09877491,-0.0243053436,0.117870331,0.29364109,0.508953094,0.661387444,0.29696846,0.232427597,0.263594627,0.186783791,0.597427368,0.519525528,0.716731071,1.16289997,0.824570656,0.539229393,0.263671875,0.200919151,0.25847435,0.860145569,0.208528519,0.537840843
2026-08-26T14:43:19.083+00:00	1117.203	SUBSEG96 protocol=asd-research-v1.0.0 session=1 phase=DET window=27 group=3 segments=8 dims=96 fnv1a=bdf0c0cc values=-10.0299196,-10.0299196,1.16459656,-10.0299196,-10.0299196,0.965919495,-10.0299196,1.76960945,-10.0299196,1.93150234,1.23476982,-10.0299196,1.04241276,1.62675667,1.53626537,-10.0299196,0.803411484,0.96030426,0.701980591,0.719922066,0.481304169,0.647313118,1.01391792,0.894482613,1.24735355,1.50985813,1.15744305,0.912659645,0.907162666,0.791708946,0.786935806,1.29176426,1.20852852,1.38793564,1.47031498,3.09810448,2.75213099,1.13463116,1.11154461,0.553371429,1.81509686,0.973747253,0.686725616,1.00616455,0.643342972,0.773436546,1.26156712,1.04859924,0.698994637,0.976351738,0.946491241,1.02115345,0.754255295,1.60348034,0.923599243,0.706079483,1.07139492,1.08417702,1.39273834,1.29849434,0.961183548,2.67263556,0.231075287,0.362254143,0.790102005,0.306165695,0.0173273087,0.136792183,0.371424675,0.419663429,0.658742905,0.276042938,0.818733215,0.192566872,-0.0491399765,0.140803337,0.319021225,0.393859863,0.546532631,0.908526421,0.640462875,0.334472656,0.398650169,0.532595634,0.624422073,0.62393856,0.79624176,1.17840767,0.923117638,0.802339554,0.409700394,0.333639145,0.496269226,0.776806831,0.519116402,0.873121262
2026-08-26T14:43:19.191+00:00	1117.312	SUBSEG96 protocol=asd-research-v1.0.0 session=1 phase=DET window=27 group=4 segments=7 dims=96 fnv1a=ad6e3b53 values=-10.1408472,-10.1408472,0.944692612,-10.1408472,-10.1408472,1.07924461,-10.1408472,1.88919878,-10.1408472,2.07616663,1.27931881,-10.1408472,0.97496891,1.58948135,1.85830975,-10.1408472,1.6690197,1.33770561,0.903736115,0.816176414,0.846549034,0.735907555,0.911697388,1.06086063,1.20023823,1.42315197,1.11604214,1.34238529,1.16208744,1.69886875,1.80129147,1.79308414,1.86399889,1.4040699,2.52379608,3.34815645,1.20933914,1.2068758,0.989136696,0.768809319,1.75019169,1.11539173,0.768456459,1.11013412,0.537215233,0.925404549,1.2259264,0.866703033,0.624095917,0.771453857,0.744478226,0.865707397,1.66373634,1.67592144,0.67791748,0.481363297,0.86257267,1.03586006,0.860978127,1.01996231,2.05443382,2.38109922,-0.079659462,0.0724658966,0.484022141,-0.0437021255,-0.0876331329,-0.192007065,0.241166115,0.222445488,0.485229492,0.198390961,0.470814705,-0.0128164291,-0.305600166,-0.00932407379,0.170639992,0.172287941,0.831181526,0.486587524,0.568286896,0.243329048,0.18392849,0.669039726,0.453529358,0.439870834,0.99412632,0.868878365,0.795817375,0.884600639,0.118278503,0.348478317,0.535876274,0.273472786,0.810938835,0.99048996
2026-08-26T14:43:19.299+00:00	1117.422	SUBSEG96 protocol=asd-research-v1.0.0 session=1 phase=DET window=27 group=5 segments=7 dims=96 fnv1a=f8347e4f values=-10.0150881,-10.0150881,1.30329895,-10.0150881,-10.0150881,1.1698246,-10.0150881,1.91102695,-10.0150881,2.05416346,1.14963627,-10.0150881,0.773033142,1.18253994,1.63514709,-10.0150881,1.30937767,1.08056736,0.571802139,0.677466393,0.866669655,0.713329315,0.39795208,0.649933815,1.41411495,1.59446907,1.08263588,0.468630791,0.816376686,1.15171814,1.12235165,1.31990719,1.1451025,0.979979515,2.76642418,3.60340643,1.45044994,1.03476143,0.815247536,0.589996338,1.57400227,0.987648964,0.777317047,1.20303822,0.450800896,0.834857941,1.49330521,0.818284035,0.878709793,0.683160782,1.1207056,1.23055363,2.01059723,1.52841663,0.775782585,0.610046387,1.03185558,0.940107346,0.964959145,1.02737236,2.27735567,2.37201023,-0.0161819458,0.146199226,0.574877739,0.17407608,-0.112621307,0.0783720016,0.382035255,0.398574829,0.607419014,0.178260803,0.591488838,0.185837746,-0.117330551,0.165971756,0.367861748,0.356743813,0.894345284,0.480884552,0.693277359,0.252941132,0.402070045,0.796560287,0.449344635,0.514537811,1.24222946,0.80503273,0.832565308,1.20876122,0.109992027,0.390445709,0.566742897,0.335264206,0.778596878,1.01348019
2026-08-26T14:43:19.301+00:00	1117.422	STATE protocol=asd-quality-v1.6.0 from=CALIBRATED_NORMAL to=OBSERVATION_HOLD reason=OBSERVATION_UNCERTAIN
2026-08-26T14:43:19.310+00:00	1117.437	EVENT protocol=asd-quality-v1.6.0 type=OBSERVATION_HOLD state=OBSERVATION_HOLD phase=DET reason=OBSERVATION_UNCERTAIN event=NONE capability=AVAILABLE level=DEVIATION
2026-08-26T14:43:23.636+00:00	1121.765	FLAGS protocol=asd-quality-v1.6.0 mode=OBSERVATION_HOLD state=OBSERVATION_HOLD waiting=0 learning=0 learned=1 anomaly=0 hold=1 fault=0 green=pulse_1s red=off guided25_available=1 workflow_pending=DEFAULT research_telemetry=1 profile_persistence_allowed=0 dropped=0
2026-08-26T14:43:28.565+00:00	1126.687	QUALITY protocol=asd-quality-v1.6.0 phase=DET index=28 total=0 result=OK metrics_valid=1 samples=159744 expected=159744 rms_dbfs=-48.564 dc=-0.446 peak=463 clipped=0 zeros=557 stuck=289 dropped_delta=0 feature_valid=1 tonalness_valid=1 tonalness_proxy=3.548600 tonal_gate=pending_normal_only
2026-08-26T14:43:28.574+00:00	1126.703	DET 28 score=4594.91992 lo=0 hi=2832.83325 led=1 anom=0 total_anom=0 hold=0 iznad praga (uzastopnih=1 nivo=-48.6 dBFS racun=716 ms)
2026-08-26T14:43:28.704+00:00	1126.828	FEATURE96 protocol=asd-research-v1.0.0 session=1 phase=DET window=28 window_start_ms=1116232 window_end_ms=1125465 score=4594.91992 level_dbfs=-48.5640526 quality=OK tonalness_proxy=3.54859972 dims=96 fnv1a=dd032998 values=-10.0390387,-10.0390387,1.23329163,-10.0390387,-10.0390387,1.17839146,-10.0390387,1.65868473,-10.0390387,1.83915138,1.2535944,-10.0390387,1.14263344,1.59081173,1.59373951,-10.0390387,0.992765427,0.861199379,0.81142807,0.862521172,0.911205292,0.744294167,0.753232956,0.889858246,1.25435734,1.51731586,0.954732895,0.935548782,0.956171989,1.21576405,1.12305164,1.13778496,1.20210743,1.13121414,1.42438316,3.54859972,2.362957,0.997890472,0.826828957,0.728110313,1.36616898,1.17604733,0.87710762,1.17158318,0.707911491,0.80633831,1.405653,0.863946915,0.75353241,0.895939827,1.01541901,1.09477329,1.06404591,1.90024567,0.864393234,0.709524155,0.947451591,1.00114441,1.13737869,1.13724518,1.05209732,2.79498339,0.00269317627,0.238224983,0.600996017,0.195409775,-0.0367584229,0.0261068344,0.444714546,0.366383553,0.608423233,0.200458527,0.547606468,0.195593834,-0.108481407,0.152301788,0.315254211,0.35365963,0.622616768,0.704807281,0.548835754,0.326176643,0.393162727,0.520673752,0.495035172,0.505641937,0.731626511,1.30222511,0.860918045,0.922708511,0.508724213,0.309605598,0.662056923,0.710693359,0.779801369,0.927912712
2026-08-26T14:43:28.715+00:00	1126.843	FLAGS protocol=asd-quality-v1.6.0 mode=OBSERVATION_HOLD state=OBSERVATION_HOLD waiting=0 learning=0 learned=1 anomaly=0 hold=1 fault=0 green=pulse_1s red=off guided25_available=1 workflow_pending=DEFAULT research_telemetry=1 profile_persistence_allowed=0 dropped=0
2026-08-26T14:43:28.833+00:00	1126.953	SUBSEG96 protocol=asd-research-v1.0.0 session=1 phase=DET window=28 group=1 segments=8 dims=96 fnv1a=8582728c values=-9.93930435,-9.93930435,0.897886276,-9.93930435,-9.93930435,0.963160515,-9.93930435,1.8150835,-9.93930435,2.08707619,1.50331593,-9.93930435,0.745528221,1.07505131,1.08206844,-9.93930435,0.983977318,1.02927113,0.828411102,0.908219337,0.890023232,0.828782082,0.797149658,0.848237991,1.3246603,1.58692646,0.921321869,0.817546844,0.552084923,0.871206284,0.984162331,1.04462433,1.28995991,1.01859379,1.46378231,3.59747505,1.6010952,1.037714,0.625611305,0.851260185,1.59320354,1.19660282,0.865834236,1.15932369,0.642508507,0.811214447,1.62094021,0.94348526,0.884780884,0.969586372,0.919745445,1.07184219,1.21474838,2.01998806,0.947732925,0.651041985,0.991166115,1.02399254,1.10514736,1.15797043,0.898020744,2.81215525,0.0191955566,0.27628231,0.591809273,0.19844532,-0.0911026001,0.109070778,0.606546402,0.416852951,0.715327263,0.223631859,0.613471985,0.221104622,-0.0525283813,0.165858269,0.403488159,0.311795235,0.873705864,0.519992828,0.569896698,0.321641922,0.423065186,0.671532631,0.661439896,0.554961205,0.689612389,1.0997715,0.892748833,1.21696472,0.603268623,0.475174904,0.703240395,0.489654541,0.788686752,0.85751915
2026-08-26T14:43:28.940+00:00	1127.062	SUBSEG96 protocol=asd-research-v1.0.0 session=1 phase=DET window=28 group=2 segments=8 dims=96 fnv1a=2690a20a values=-10.0625525,-10.0625525,0.87993145,-10.0625525,-10.0625525,1.07355595,-10.0625525,1.20532799,-10.0625525,1.23375034,0.704299927,-10.0625525,1.46669292,1.95398951,1.94165659,-10.0625525,1.09729576,0.848680496,1.00331593,1.06569481,0.896716118,0.939231873,0.675425529,1.17702961,1.30927086,1.53174114,1.11482143,1.1437521,1.29920578,1.36520195,1.23519039,1.20342827,1.18247986,1.22541142,1.65736866,3.41224957,2.42161608,1.06520653,0.918899536,0.68115139,1.38835621,1.09520149,0.633925438,1.20918655,0.639389038,0.732229233,1.23573875,0.757424355,0.65325737,0.816539764,0.93699646,1.07151794,1.30085564,1.78063107,0.847798347,0.686938286,0.94128418,1.02074337,1.04741478,1.0790453,1.31490231,2.77999878,-0.0130729675,0.23020649,0.591290474,0.103259087,-0.0735502243,0.110966682,0.424352646,0.299678802,0.55200386,0.256580353,0.589072227,0.200673103,-0.148724556,0.0502958298,0.302728653,0.316940308,0.703817368,0.761116982,0.514105797,0.323764801,0.323219299,0.621383667,0.41498661,0.472806931,0.832499504,1.42482185,0.842264175,0.894094467,0.454447746,0.245838165,0.69835186,0.6616745,0.658776283,0.960639954
2026-08-26T14:43:29.047+00:00	1127.172	SUBSEG96 protocol=asd-research-v1.0.0 session=1 phase=DET window=28 group=3 segments=8 dims=96 fnv1a=018f7e0f values=-10.0193872,-10.0193872,1.63610458,-10.0193872,-10.0193872,1.3474102,-10.0193872,1.67880249,-10.0193872,1.77704048,1.35827065,-10.0193872,1.13343811,1.51695061,1.57749271,-10.0193872,1.07491207,0.991222382,0.775295258,0.66226387,1.10006523,0.674755096,0.643196106,0.763138771,1.27315426,1.51879597,0.880782127,0.930233955,0.706542015,0.600327492,0.687994003,1.06950569,1.20424175,0.957972527,1.17435169,3.56169701,1.93301678,0.754550934,0.642290115,0.707397461,1.29448032,1.0723238,0.974992752,1.22355843,0.904001236,0.932788849,1.52248573,0.991428375,0.7781353,0.906603813,1.20822239,1.21167564,0.873730659,1.87303066,0.913042068,0.824371338,1.02421856,1.1131382,1.22025776,1.24548435,1.00500393,2.82639503,0.0228900909,0.28339386,0.656065941,0.193318367,0.0426492691,-0.0206871033,0.474216461,0.376226425,0.632305145,0.199568748,0.546572685,0.210490227,-0.0963945389,0.233852386,0.375592232,0.371400833,0.512805939,0.737974167,0.614767075,0.392089844,0.406461716,0.556254387,0.496520042,0.600520134,0.768702507,1.43115044,0.954482079,0.842057228,0.519849777,0.30152607,0.585531235,0.690486908,0.827944756,1.16183662
2026-08-26T14:43:29.156+00:00	1127.281	SUBSEG96 protocol=asd-research-v1.0.0 session=1 phase=DET window=28 group=4 segments=7 dims=96 fnv1a=5facd71a values=-10.0438862,-10.0438862,1.18385506,-10.0438862,-10.0438862,1.17201042,-10.0438862,1.70759869,-10.0438862,1.93048668,1.19989395,-10.0438862,0.909538269,1.56547737,1.63407707,-10.0438862,1.07375526,0.783567429,0.872046471,1.02585602,0.998407364,0.565252304,0.467680931,0.466565132,1.33816528,1.61371613,1.01257133,0.8677845,1.03979397,1.63829517,1.46960449,1.1513586,1.17541885,1.2293539,1.25730228,3.63933182,2.64209652,1.06870937,1.09631348,0.535979271,1.31799984,1.20120525,0.881842613,1.21854305,0.779909134,0.780179024,1.31170845,0.779568672,0.762419701,0.994404793,0.99590683,1.07286167,0.930289268,2.0104475,0.860812187,0.650339127,0.810278893,0.856310844,1.19362259,1.13670063,0.977901459,2.82656336,-0.000835418701,0.144305229,0.613823891,0.265519142,0.0239706039,-0.0602378845,0.409040451,0.381472588,0.649325371,0.235060692,0.494557381,0.212156296,-0.0737113953,0.160449028,0.294397354,0.42470932,0.47179985,0.768648148,0.587176323,0.304340363,0.460772514,0.420198441,0.504999161,0.476682663,0.702801704,1.31775379,0.826688766,0.846055031,0.467433929,0.314016342,0.683135986,0.886396408,0.746269226,0.710343361
2026-08-26T14:43:29.262+00:00	1127.390	SUBSEG96 protocol=asd-research-v1.0.0 session=1 phase=DET window=28 group=5 segments=7 dims=96 fnv1a=04840d8f values=-10.0137119,-10.0137119,1.16722584,-10.0137119,-10.0137119,1.32397461,-10.0137119,1.83807182,-10.0137119,1.9873538,1.35450459,-10.0137119,1.10226345,1.3081789,1.09494591,-10.0137119,0.685909271,0.664358139,0.479720116,0.408468246,0.611555099,0.691285133,1.08887577,0.944042206,1.07520199,1.42147541,0.864703178,0.88703537,0.738685608,0.815853119,0.896479607,1.28222752,1.27463245,1.24589252,1.47849083,3.63790941,2.58184385,1.10607529,0.739087105,0.914349556,1.2922039,1.38971043,1.06784821,1.13746738,0.583051682,0.864765167,1.3742466,0.929086685,0.801661491,0.903298378,1.05069542,1.13387394,0.877741814,1.91970253,0.863839149,0.808207512,1.04969311,1.05622864,1.21634579,1.1665802,0.952171326,2.84411049,0.0977897644,0.352063179,0.658916473,0.322009087,0.00734138489,0.0736970901,0.403684616,0.474244118,0.607842445,0.185976028,0.598033905,0.247730255,-0.0509395599,0.252890587,0.306502342,0.445777893,0.546625137,0.775942802,0.567785263,0.391681671,0.46796608,0.347901344,0.503536224,0.525455475,0.732918739,1.19729137,0.888817787,0.826374054,0.611213684,0.318668365,0.744635582,0.831798553,0.961064339,0.893105507
2026-08-26T14:43:33.648+00:00	1131.781	FLAGS protocol=asd-quality-v1.6.0 mode=OBSERVATION_HOLD state=OBSERVATION_HOLD waiting=0 learning=0 learned=1 anomaly=0 hold=1 fault=0 green=pulse_1s red=off guided25_available=1 workflow_pending=DEFAULT research_telemetry=1 profile_persistence_allowed=0 dropped=0
2026-08-26T14:43:38.538+00:00	1136.672	QUALITY protocol=asd-quality-v1.6.0 phase=DET index=29 total=0 result=OK metrics_valid=1 samples=159744 expected=159744 rms_dbfs=-48.804 dc=-0.559 peak=502 clipped=0 zeros=542 stuck=299 dropped_delta=0 feature_valid=1 tonalness_valid=1 tonalness_proxy=3.576817 tonal_gate=pending_normal_only
2026-08-26T14:43:38.547+00:00	1136.672	DET 29 score=5179.23633 lo=0 hi=2832.83325 led=1 anom=0 total_anom=0 hold=1 iznad praga (uzastopnih=0 nivo=-48.8 dBFS racun=716 ms)
2026-08-26T14:43:38.676+00:00	1136.797	FEATURE96 protocol=asd-research-v1.0.0 session=1 phase=DET window=29 window_start_ms=1126172 window_end_ms=1135440 score=5179.23633 level_dbfs=-48.804184 quality=OK tonalness_proxy=3.57681704 dims=96 fnv1a=10a89310 values=-10.0743675,-10.0743675,1.14276886,-10.0743675,-10.0743675,0.888216019,-10.0743675,1.69414043,-10.0743675,1.91896343,1.26825523,-10.0743675,1.0162859,1.48912525,1.57466412,-10.0743675,1.06474209,1.13746166,1.04933071,0.88561058,0.820562363,0.724991798,0.708251953,0.928455353,1.18669128,1.58775902,0.907214165,0.707455635,0.855332375,0.784460068,1.05852699,1.20162964,1.17817879,0.920186043,1.95393181,3.57681704,2.44759321,0.887301445,0.707326889,0.902626038,1.46026421,1.19625854,0.694371223,1.11427498,0.636375427,0.831251144,1.36943626,0.852655411,0.627650261,0.8888731,1.07384777,1.047822,1.3169651,1.93610191,0.861762047,0.632307053,0.914392471,1.07965755,1.12924385,1.14301586,1.46367073,2.6704731,-0.0221948624,0.156154633,0.544278145,0.191800117,0.0120162964,0.037648201,0.363368034,0.36776638,0.591799736,0.177892685,0.96764946,0.154563904,-0.0773506165,0.214000702,0.347525597,0.334958076,0.695590973,0.844197273,0.520348549,0.34776783,0.352833748,0.532625198,0.474349976,0.532720566,1.03484917,1.44023514,0.861180305,0.842268944,0.456834793,0.198391914,0.791811943,0.717316628,0.669419289,0.804816246
2026-08-26T14:43:38.688+00:00	1136.812	FLAGS protocol=asd-quality-v1.6.0 mode=OBSERVATION_HOLD state=OBSERVATION_HOLD waiting=0 learning=0 learned=1 anomaly=0 hold=1 fault=0 green=pulse_1s red=off guided25_available=1 workflow_pending=DEFAULT research_telemetry=1 profile_persistence_allowed=0 dropped=0
2026-08-26T14:43:38.806+00:00	1136.937	SUBSEG96 protocol=asd-research-v1.0.0 session=1 phase=DET window=29 group=1 segments=8 dims=96 fnv1a=bfdef78d values=-10.0062189,-10.0062189,0.912036896,-10.0062189,-10.0062189,0.789043427,-10.0062189,1.80659962,-10.0062189,2.05728865,1.43970013,-10.0062189,1.00998783,1.56780529,1.7047987,-10.0062189,1.16517162,0.958500862,0.883105278,0.835026741,0.859838486,0.646801949,0.663882256,0.736458778,1.33666039,1.79581928,0.869429588,0.87126255,0.939279556,0.774059296,1.1932621,1.40469265,1.20610809,1.1040163,1.03847122,3.67800856,2.29302168,1.11474228,0.789002419,0.757557869,1.25324726,1.1902895,0.789765358,1.13225651,0.764507294,0.920646667,1.31816673,0.935902596,0.712272644,0.942023277,0.907940865,1.01055622,0.785037041,1.98584366,0.964780807,0.713126183,0.913160324,1.02813721,1.11594391,1.20342255,0.90119648,2.85624743,-0.0121440887,0.252045631,0.623429298,0.332209587,0.0843219757,0.145159721,0.377141953,0.424641609,0.688652992,0.209206581,0.596853256,0.1780653,-0.11430645,0.321481705,0.337949753,0.326516151,0.5055933,0.890351295,0.579182625,0.407367706,0.45814991,0.502877235,0.537653923,0.521377563,0.765999794,1.49350834,0.855811119,0.766122818,0.386548042,0.262651443,0.535004616,0.631139755,0.976849556,0.656336784
2026-08-26T14:43:38.914+00:00	1137.047	SUBSEG96 protocol=asd-research-v1.0.0 session=1 phase=DET window=29 group=2 segments=8 dims=96 fnv1a=65283849 values=-10.0281525,-10.0281525,1.11841202,-10.0281525,-10.0281525,0.950645447,-10.0281525,1.89362049,-10.0281525,2.07038593,1.34197617,-10.0281525,0.896783829,1.49463367,1.64320946,-10.0281525,0.980978966,1.07170868,1.01635647,0.842142105,0.649935722,0.585427284,0.430294991,0.685150146,1.13698673,1.40856552,1.00240231,0.828722954,0.895345688,0.957615852,1.32252598,1.44323349,1.20001221,0.894266129,1.28975391,3.62040901,2.32602978,0.657794952,0.564563751,0.872160912,1.27744293,1.36116123,0.675020218,1.06631374,0.601259232,0.863523483,1.44933414,0.804819107,0.746006966,0.834635735,1.08438969,1.05666637,0.856721878,2.01013613,0.683531761,0.71410656,0.960351944,1.19486237,1.27860165,1.21364307,0.949467659,2.79450178,0.0387248993,0.290955544,0.606199265,0.192614555,0.025510788,0.0352602005,0.392719269,0.425769806,0.657028198,0.19367218,1.01425552,0.212364197,-0.00904178619,0.317615509,0.31465435,0.345140457,0.657169342,0.996795654,0.574333191,0.358575821,0.369412422,0.634914398,0.499005318,0.529803276,0.766195297,1.49786472,0.906731606,0.777529716,0.476240158,0.259469032,0.927808762,0.760944366,0.721899033,0.888581276
2026-08-26T14:43:39.020+00:00	1137.140	SUBSEG96 protocol=asd-research-v1.0.0 session=1 phase=DET window=29 group=3 segments=8 dims=96 fnv1a=1cfd9481 values=-10.0817423,-10.0817423,1.40148258,-10.0817423,-10.0817423,0.854919434,-10.0817423,1.54972076,-10.0817423,1.74272537,1.01819801,-10.0817423,1.24345493,1.65974903,1.68292904,-10.0817423,1.32435799,1.3903141,1.20733929,0.669516563,0.610321999,0.66991806,0.84162426,0.924912453,1.28210831,1.61053181,0.91882515,0.732093811,0.841493607,0.821465492,0.934731483,1.14163876,1.14717865,0.988012314,1.06937408,3.51363039,2.64235258,0.786219597,0.847466469,0.953315735,1.50318718,1.03168488,0.639192581,1.21426296,0.581290245,0.889624596,1.53196907,0.833073616,0.626349449,1.07463455,1.35175896,1.20850372,0.887241364,1.89511204,0.906689644,0.64627552,0.866951942,1.01314926,1.17576981,1.16788101,0.966416359,2.64993334,-0.00612449646,0.126835823,0.60183239,0.285025597,0.0224227905,0.131998062,0.400627136,0.425678253,0.526039124,0.18073082,0.962944984,0.184835434,-0.0630712509,0.274301529,0.465407372,0.325036049,0.61516571,0.887974739,0.55517292,0.463754654,0.392377853,0.583446503,0.52449131,0.631299973,0.776021957,1.45599842,0.876339912,0.737552643,0.542285919,0.226044655,0.730034828,0.77973938,0.544271469,0.804656982
2026-08-26T14:43:39.128+00:00	1137.250	SUBSEG96 protocol=asd-research-v1.0.0 session=1 phase=DET window=29 group=4 segments=7 dims=96 fnv1a=129a2469 values=-10.0911837,-10.0911837,1.17300415,-10.0911837,-10.0911837,0.958636284,-10.0911837,1.46850204,-10.0911837,1.86936474,1.35200787,-10.0911837,0.952947617,1.46947956,1.59970474,-10.0911837,0.955083847,1.04490852,0.910634041,0.950351715,0.88882637,0.910514832,0.621872902,0.732618332,1.14462566,1.55910397,0.845808983,0.505430222,0.995941162,0.701560974,0.969445229,0.895611763,1.16491508,0.954257011,2.1303091,3.59617567,2.74662828,1.04963779,0.801111221,0.922153473,1.63717556,1.09971714,0.807443619,1.16165161,0.732117653,0.771491051,1.19135571,0.897506714,0.59694767,0.772649765,0.88558197,0.997416496,1.56938171,1.88095379,0.986683846,0.659523964,0.999560356,1.16232681,1.07842255,1.15982246,1.64213371,2.60730982,0.025853157,0.0933914185,0.506540298,0.093832016,-0.0173425674,-0.033118248,0.321581841,0.341917992,0.610920906,0.162258148,0.985460281,0.0624399185,-0.0979366302,0.091506958,0.313756943,0.391267776,0.798909187,0.915698051,0.509346962,0.297707558,0.309514999,0.463554382,0.504508018,0.478520393,1.23666191,1.63743782,0.818351746,1.01839924,0.561631203,0.148839951,0.83434391,0.81705761,0.579403877,0.808805466
2026-08-26T14:43:39.235+00:00	1137.359	SUBSEG96 protocol=asd-research-v1.0.0 session=1 phase=DET window=29 group=5 segments=7 dims=96 fnv1a=ae343202 values=-10.0399055,-10.0399055,0.996387482,-10.0399055,-10.0399055,0.98925972,-10.0399055,1.76387119,-10.0399055,1.92058659,1.23064137,-10.0399055,0.967597961,1.22405529,1.10677528,-10.0399055,0.73200798,1.16215706,1.22434902,1.15462208,1.09377193,0.85640049,0.939303398,1.34290791,1.09088135,1.61036873,1.00518227,0.624188423,0.633188248,0.73235321,0.781855583,0.977178574,1.29749489,0.641029358,2.51671457,3.59692812,1.37381363,0.792137146,0.530506134,1.07620525,1.6094265,1.35617352,0.66163826,1.0870924,0.599718094,0.813221931,1.37959194,0.912918091,0.545581818,0.847270966,1.02789116,1.0242691,1.74841404,2.0280118,0.81713295,0.514530182,0.951208115,1.09933758,1.07398987,1.07264996,1.96186161,2.44967651,-0.0436115265,0.105872154,0.477097511,0.117846489,0.0687665939,-0.00998783112,0.443229675,0.322893143,0.593931198,0.26940155,1.21584702,0.244582176,0.0125770569,0.125516891,0.396409035,0.41044426,0.926715851,0.447854996,0.496084213,0.290725708,0.342543602,0.576800346,0.407516479,0.600650787,1.38194656,0.96412468,0.966416359,0.973941803,0.386084557,0.209207535,0.949381828,0.67681694,0.45979023,0.945611954
2026-08-26T14:43:43.657+00:00	1141.781	FLAGS protocol=asd-quality-v1.6.0 mode=OBSERVATION_HOLD state=OBSERVATION_HOLD waiting=0 learning=0 learned=1 anomaly=0 hold=1 fault=0 green=pulse_1s red=off guided25_available=1 workflow_pending=DEFAULT research_telemetry=1 profile_persistence_allowed=0 dropped=0
2026-08-26T14:43:48.513+00:00	1146.640	QUALITY protocol=asd-quality-v1.6.0 phase=DET index=30 total=0 result=OK metrics_valid=1 samples=159744 expected=159744 rms_dbfs=-49.418 dc=-0.527 peak=540 clipped=0 zeros=617 stuck=366 dropped_delta=0 feature_valid=1 tonalness_valid=1 tonalness_proxy=3.528275 tonal_gate=pending_normal_only
2026-08-26T14:43:48.522+00:00	1146.656	DET 30 score=5774.45312 lo=0 hi=2832.83325 led=1 anom=0 total_anom=0 hold=1 iznad praga (uzastopnih=0 nivo=-49.4 dBFS racun=716 ms)
2026-08-26T14:43:48.654+00:00	1146.781	FEATURE96 protocol=asd-research-v1.0.0 session=1 phase=DET window=30 window_start_ms=1136152 window_end_ms=1145414 score=5774.45312 level_dbfs=-49.4176636 quality=OK tonalness_proxy=3.52827549 dims=96 fnv1a=040db814 values=-10.0605116,-10.0605116,1.15027714,-10.0605116,-10.0605116,1.04469013,-10.0605116,1.67480659,-10.0605116,1.87333393,1.08309841,-10.0605116,0.980360031,1.40920258,1.47286034,-10.0605116,1.11579227,0.930861473,0.761961937,0.870296478,0.892869949,0.7301054,0.99464035,0.971347809,1.14867687,1.41411495,0.939274788,0.70088768,0.678980827,0.813630104,0.907196999,1.04452801,1.32390976,1.27204037,1.62610531,3.52827549,2.28962421,1.07307339,0.777337074,0.89563942,1.33936596,1.12825775,0.83981514,1.24921417,0.704242706,0.972782135,1.46040821,0.931677818,0.742758751,1.03212547,1.03155994,1.07620525,1.0229702,2.00984621,0.947402954,0.646261215,0.930155754,1.10900497,1.18596268,1.15230942,1.23966122,2.69569588,0.0697088242,0.186496735,0.541426659,0.117627144,-0.047003746,0.0135192871,0.318299294,0.348148346,0.563707352,0.223992348,1.04096985,0.127469063,-0.0538959503,0.175356865,0.267940521,0.38297081,0.810367584,0.991127014,0.55052948,0.425570488,0.306681633,0.520144463,0.520982742,0.616210938,0.847521782,1.14487076,0.870045662,0.647978783,0.458036423,0.352230072,0.946462631,0.690936089,0.60784626,1.06255245
2026-08-26T14:43:48.758+00:00	1146.890	SUBSEG96 protocol=asd-research-v1.0.0 session=1 phase=DET window=30 group=1 segments=8 dims=96 fnv1a=2571d01f values=-10.0226173,-10.0226173,0.730483055,-10.0226173,-10.0226173,0.603876114,-10.0226173,1.60967445,-10.0226173,1.77485943,1.0331316,-10.0226173,0.967899323,1.25712109,1.21113491,-10.0226173,1.20601463,1.08088589,0.824818611,0.635215759,0.886467934,0.927189827,1.18763924,1.06644917,1.06608105,1.52783966,0.925216675,0.857063293,0.666901588,0.909183502,1.07171249,0.922057152,1.51015472,1.37709999,1.40941715,3.67567968,1.71890736,1.07637787,1.09026146,1.20466328,1.5303688,1.05672932,0.788066864,1.21131039,0.769221306,0.910558701,1.33870602,0.882181168,0.849820137,0.967381477,1.07441235,1.0824461,0.991168976,2.12706089,1.0217371,0.688998222,0.897410393,1.08271408,1.11570358,1.2378273,1.02216244,2.74213219,0.0456752777,0.279808998,0.652289391,0.102694511,-0.0442361832,0.0198059082,0.387475967,0.367168427,0.643983841,0.178430557,1.10346031,0.0967950821,-0.0896673203,0.168650627,0.329714775,0.45437336,0.815690994,0.963857651,0.557443619,0.39056015,0.386569023,0.520617485,0.503334045,0.573103905,0.967354774,1.03970909,0.895634651,0.709976196,0.334264755,0.350316048,1.09688187,0.56238842,0.394132614,1.02305412
2026-08-26T14:43:48.770+00:00	1146.890	FLAGS protocol=asd-quality-v1.6.0 mode=OBSERVATION_HOLD state=OBSERVATION_HOLD waiting=0 learning=0 learned=1 anomaly=0 hold=1 fault=0 green=pulse_1s red=off guided25_available=1 workflow_pending=DEFAULT research_telemetry=1 profile_persistence_allowed=0 dropped=0
2026-08-26T14:43:48.889+00:00	1147.015	SUBSEG96 protocol=asd-research-v1.0.0 session=1 phase=DET window=30 group=2 segments=8 dims=96 fnv1a=a4d583e6 values=-10.0158854,-10.0158854,0.918459892,-10.0158854,-10.0158854,0.887833595,-10.0158854,1.60872555,-10.0158854,1.81109428,1.07434082,-10.0158854,1.29570866,1.6232996,1.60647583,-10.0158854,1.08465385,1.01900768,0.886218071,0.889011383,0.885872841,0.662050247,0.947384834,0.959015846,1.16671276,1.36280537,0.956296921,0.731035233,0.622834206,0.719759941,0.765624046,1.32233143,1.34656429,1.41410542,1.06680965,3.65047455,1.67554665,1.15019321,0.737241745,0.52749157,1.33379459,1.09993553,0.912221909,1.40119457,0.775481224,0.813203812,1.41528416,0.892644882,0.677252769,1.01325607,1.00767422,1.2242918,0.948914528,2.23537111,0.945525169,0.719553947,0.991344452,1.2137289,1.20049191,1.12534904,0.798137665,2.72265005,-0.0110330582,0.202406883,0.523796082,0.0864524841,0.0378351212,-0.0444316864,0.456274986,0.370502472,0.696567535,0.262070656,1.12614346,0.212846756,-0.115516663,0.238928795,0.379598618,0.389590263,0.869355202,0.772981644,0.589813232,0.369665146,0.352229118,0.584651947,0.486178398,0.668473244,0.754234314,1.15898514,0.946259499,0.754802704,0.447329521,0.409499168,0.961629868,0.546214104,0.544447899,1.25594616
2026-08-26T14:43:48.996+00:00	1147.125	SUBSEG96 protocol=asd-research-v1.0.0 session=1 phase=DET window=30 group=3 segments=8 dims=96 fnv1a=e796b239 values=-10.0641222,-10.0641222,1.12246799,-10.0641222,-10.0641222,1.03789711,-10.0641222,1.78669071,-10.0641222,1.99489737,1.08995152,-10.0641222,0.842395782,1.44120693,1.51959896,-10.0641222,0.96585083,0.667494774,0.666678429,1.08617115,1.03704262,0.528030396,1.09070492,1.03587627,1.145895,1.41554737,1.01431274,0.687181473,0.513253212,0.968378067,0.968419075,1.01043415,1.2203474,1.23623085,1.68862724,3.61263704,2.19776344,0.983983994,0.666769981,0.702272415,1.28169727,1.09441566,0.875086784,1.20633793,0.769924164,1.09900475,1.61796379,0.949249268,0.667435646,0.961296082,1.00031853,1.00285244,0.792848587,2.09732294,0.875039101,0.525547028,0.987592697,1.14197159,1.23605061,1.18154526,0.975563049,2.75791311,0.0618591309,0.264428139,0.64332962,0.260268211,0.0239925385,0.00528621674,0.252789497,0.451791763,0.528205872,0.127475739,1.08203602,0.207987785,-0.0860939026,0.229467392,0.302166939,0.371788025,0.81965065,1.08607006,0.558940887,0.35399437,0.294200897,0.663261414,0.48413372,0.547829628,0.669822693,1.1502018,0.860172272,0.684910774,0.506031036,0.347962379,1.04583359,0.737134933,0.691901207,1.2422266
2026-08-26T14:43:49.102+00:00	1147.234	SUBSEG96 protocol=asd-research-v1.0.0 session=1 phase=DET window=30 group=4 segments=7 dims=96 fnv1a=bf3fb207 values=-10.0829325,-10.0829325,1.19010162,-10.0829325,-10.0829325,1.05804348,-10.0829325,1.72554493,-10.0829325,1.92810059,1.16268349,-10.0829325,0.903157234,1.37426758,1.47381592,-10.0829325,0.925618172,0.707856178,0.719352722,0.841594696,0.834354401,0.690776825,0.879165649,0.985275269,1.25068188,1.17212105,0.908713341,0.567129135,0.7361269,0.735826492,0.940464973,0.986706734,1.11971664,1.24160004,1.89483452,3.43100882,2.15246058,1.0547924,0.633961678,0.917536736,1.30019951,1.02434254,0.833677292,1.03896427,0.63068676,1.0864315,1.50444031,0.982928276,0.771450043,1.31246853,1.15186596,1.09433746,1.10736656,1.81120491,0.850963593,0.604064941,0.90758419,1.02145767,1.29888058,1.14851856,1.62883472,2.68742085,0.000631332397,0.132743835,0.451369286,0.0932416916,-0.0342531204,0.0116615295,0.367671967,0.277849197,0.534889221,0.192741394,1.09315395,0.154108047,-0.107323647,0.13415432,0.299267769,0.402037621,0.910761833,1.16983318,0.573541641,0.552373886,0.349599838,0.501170158,0.442362785,0.74994278,1.04236031,1.37180424,0.957647324,0.643445015,0.653216362,0.37560463,0.924173355,0.76909256,0.840133667,0.890805244
2026-08-26T14:43:49.212+00:00	1147.343	SUBSEG96 protocol=asd-research-v1.0.0 session=1 phase=DET window=30 group=5 segments=7 dims=96 fnv1a=82f862fa values=-10.0226278,-10.0226278,1.5286932,-10.0226278,-10.0226278,1.40685654,-10.0226278,1.69805527,-10.0226278,1.90287876,1.14171028,-10.0226278,0.765603065,1.3448019,1.55758572,-10.0226278,1.38000107,1.1232357,0.784505844,0.843827248,0.862922668,0.851698875,0.828674316,0.85316658,1.19123554,1.59563255,0.973194122,0.708236694,0.897525787,0.736129761,0.784434319,0.925250053,1.42922783,1.10327148,1.75116539,3.11075211,2.83209324,1.18771267,0.65096283,0.936723709,1.28748131,1.39124203,0.874386787,1.40518093,0.627268791,0.96386528,1.44571495,1.03647137,0.825081825,0.811849594,0.991148949,1.04072952,1.27260017,1.44098663,1.11240768,0.771866798,0.948039055,1.15813732,1.13361073,1.14808941,1.36159229,2.63814211,0.298317909,0.100097656,0.467748642,0.0904321671,-0.177021027,0.160056114,0.143395424,0.335408211,0.459479332,0.425374985,0.786688805,0.00458145142,0.179344177,0.186578751,0.0124435425,0.386342049,0.682595253,0.930959702,0.566274643,0.531017303,0.215140343,0.316561699,0.744636536,0.608262062,0.789535522,0.960077286,0.736429214,0.467568398,0.339334488,0.370959282,0.618626595,0.864970207,0.491408348,0.713802338
2026-08-26T14:43:53.677+00:00	1151.797	FLAGS protocol=asd-quality-v1.6.0 mode=OBSERVATION_HOLD state=OBSERVATION_HOLD waiting=0 learning=0 learned=1 anomaly=0 hold=1 fault=0 green=pulse_1s red=off guided25_available=1 workflow_pending=DEFAULT research_telemetry=1 profile_persistence_allowed=0 dropped=0
2026-08-26T14:43:58.487+00:00	1156.609	QUALITY protocol=asd-quality-v1.6.0 phase=DET index=31 total=0 result=OK metrics_valid=1 samples=159744 expected=159744 rms_dbfs=-49.177 dc=-0.524 peak=481 clipped=0 zeros=561 stuck=372 dropped_delta=0 feature_valid=1 tonalness_valid=1 tonalness_proxy=3.607855 tonal_gate=pending_normal_only
2026-08-26T14:43:58.497+00:00	1156.625	DET 31 score=13715.3223 lo=0 hi=2832.83325 led=1 anom=0 total_anom=0 hold=1 iznad praga (uzastopnih=0 nivo=-49.2 dBFS racun=716 ms)
2026-08-26T14:43:58.627+00:00	1156.750	FEATURE96 protocol=asd-research-v1.0.0 session=1 phase=DET window=31 window_start_ms=1146122 window_end_ms=1155388 score=13715.3223 level_dbfs=-49.1766815 quality=OK tonalness_proxy=3.60785532 dims=96 fnv1a=99175868 values=-10.0365181,-10.0365181,1.18950558,-10.0365181,-10.0365181,1.08339214,-10.0365181,1.49633217,-10.0365181,1.61384201,0.980987549,-10.0365181,0.770897865,1.07963371,1.18715096,-10.0365181,0.792516708,0.702905655,0.747886658,0.812821388,0.867485046,0.56638813,0.597090721,0.805370331,1.2024374,1.45334625,0.894262314,0.931822777,0.727707863,0.865816116,0.955775261,1.08852863,1.42660713,1.00260735,2.29299641,3.60785532,2.12755251,1.07565594,0.854850769,0.876349449,1.29130936,1.26950073,0.814479828,1.12453079,0.670062065,0.874202728,1.37115479,0.954166412,0.727893829,0.859827995,0.993452072,1.03796101,1.92160225,1.70768261,0.908068657,0.624591827,0.876517296,1.18520164,1.12258244,0.976341248,1.48694134,2.59578466,0.250528336,0.0325899124,0.340989113,-0.0575065613,-0.231855392,0.274588585,0.286351204,0.274918556,0.602668762,0.228656769,1.49121952,-0.0093126297,0.0910520554,0.361959457,0.0476093292,0.45016098,0.899927139,0.543166161,0.416784286,0.425561905,0.258685112,0.821871758,0.589199066,0.527301788,1.58451176,0.999873161,0.797650337,1.19566822,0.256732941,0.623369217,1.33323479,0.788469315,0.92446804,0.798510551
2026-08-26T14:43:58.733+00:00	1156.859	SUBSEG96 protocol=asd-research-v1.0.0 session=1 phase=DET window=31 group=1 segments=8 dims=96 fnv1a=5a0aba2f values=-10.011548,-10.011548,1.19202232,-10.011548,-10.011548,1.28354645,-10.011548,1.74076843,-10.011548,1.90910149,1.10155487,-10.011548,0.775104523,1.1596384,1.23754978,-10.011548,0.883626938,0.670725822,0.503142357,0.6130867,0.749734879,0.69314003,0.765291214,0.964614868,1.2754612,1.18326283,0.830338478,0.862815857,0.770157814,1.09927177,1.21315289,0.98549366,1.21540165,1.12417316,1.79693222,3.59739017,2.71123123,1.08720303,0.915218353,0.973061562,1.57045269,1.2046051,0.976263046,1.00420475,0.720115662,0.893877983,1.51952076,1.0440197,0.689943314,0.758329391,1.09577084,1.06294918,1.56298828,1.87363052,0.911509514,0.56507206,0.890163422,1.11308002,1.19243622,0.966519356,0.82390213,2.64270735,0.307666779,0.0622644424,0.329357147,-0.123954773,-0.260212898,0.245644569,0.32878685,0.327762604,0.561851501,0.309776306,1.42186546,-0.00104427338,0.059844017,0.217084885,0.0980167389,0.474466324,0.677440643,0.778351784,0.474427223,0.506101608,0.160899162,0.487491608,0.614376068,0.683789253,1.43671036,1.23345661,0.917233467,0.7134161,0.312962532,0.872768402,0.787252426,0.935628891,0.561151505,0.614476204
2026-08-26T14:43:58.744+00:00	1156.875	FLAGS protocol=asd-quality-v1.6.0 mode=OBSERVATION_HOLD state=OBSERVATION_HOLD waiting=0 learning=0 learned=1 anomaly=0 hold=1 fault=0 green=pulse_1s red=off guided25_available=1 workflow_pending=DEFAULT research_telemetry=1 profile_persistence_allowed=0 dropped=0
2026-08-26T14:43:58.865+00:00	1156.984	SUBSEG96 protocol=asd-research-v1.0.0 session=1 phase=DET window=31 group=2 segments=8 dims=96 fnv1a=2b494b79 values=-9.99299335,-9.99299335,0.746347427,-9.99299335,-9.99299335,0.87260437,-9.99299335,1.32571602,-9.99299335,1.39613819,0.885715485,-9.99299335,0.724462509,1.22320175,1.26597214,-9.99299335,0.95453167,0.670790672,0.398322105,0.783582687,1.06909943,0.388766289,0.61612606,0.843473434,1.39048481,1.61084175,0.896524429,0.971993446,0.579315186,0.586525917,0.907885551,0.986256599,1.38799381,1.03003311,2.61015415,3.65944767,1.75457668,0.856649399,0.701150894,0.646080017,1.29574394,1.30953407,0.758145332,1.08288765,0.592434883,0.91806221,1.42201519,0.977622032,0.833940506,0.922693253,0.957866669,1.16357422,2.1255765,1.37485409,0.858106613,0.724924088,1.0190773,1.21012211,1.17238045,0.957511902,1.86285019,2.49583769,0.368294716,0.126785278,0.424525261,-0.0640172958,-0.223607063,0.328392982,0.38676548,0.281625748,0.560241699,0.248438835,1.60127831,0.0437393188,0.169977188,0.467035294,0.094748497,0.456916809,0.738292694,0.500597,0.440153122,0.389387131,0.323394775,0.915150642,0.615345955,0.62601757,1.48457909,0.701406479,0.939695358,1.25875187,0.285369873,0.756720543,1.0949564,0.979594231,0.921239853,0.925610542
2026-08-26T14:43:58.971+00:00	1157.093	SUBSEG96 protocol=asd-research-v1.0.0 session=1 phase=DET window=31 group=3 segments=8 dims=96 fnv1a=3274b39f values=-10.0111189,-10.0111189,1.42336178,-10.0111189,-10.0111189,0.97665596,-10.0111189,1.48129272,-10.0111189,1.669137,1.13653564,-10.0111189,0.737291336,0.914108276,1.0821209,-10.0111189,0.675111771,0.953101158,1.01172352,0.980150223,0.868976593,0.529140472,0.339938164,0.57316494,1.1503706,1.61766243,1.04464531,0.732340813,0.782051086,0.82069397,0.764947891,1.30627537,1.46495056,1.05077076,2.49651241,3.67383146,1.59345055,0.97526741,0.617750168,0.824472427,1.24918175,1.42997837,0.870067596,0.993958473,0.637770653,0.800620079,1.37676716,0.831214905,0.67599678,0.878712654,0.855522156,1.00146008,2.09319496,1.50436687,0.902498245,0.575066566,0.89738369,1.32682705,1.13027859,0.960202217,1.71541309,2.5230484,0.195378304,0.105336189,0.359988213,0.0275039673,-0.138338089,0.352500916,0.304735184,0.28277874,0.672945023,0.281201363,1.62449074,-0.00484657288,0.0883979797,0.377570152,0.0561695099,0.546299934,0.971704483,0.468788147,0.427497864,0.441824913,0.330475807,0.98358345,0.589873314,0.436674118,1.77156734,0.693332672,0.730086327,1.39637375,0.23809433,0.370051384,1.1089716,0.704551697,0.950155258,0.845659256
2026-08-26T14:43:59.076+00:00	1157.203	SUBSEG96 protocol=asd-research-v1.0.0 session=1 phase=DET window=31 group=4 segments=7 dims=96 fnv1a=ca2e6b8d values=-10.0513067,-10.0513067,1.22519779,-10.0513067,-10.0513067,1.21380806,-10.0513067,1.42853165,-10.0513067,1.44255733,1.02874947,-10.0513067,0.804052353,1.13446617,1.3657732,-10.0513067,0.792297363,0.726461411,0.93110466,1.03222466,1.02920151,0.630996704,0.682919502,0.814401627,1.23590088,1.497509,0.885439873,1.08872986,0.555430412,0.941340446,0.952430725,1.02095795,1.66010761,0.843549728,2.28515291,3.62030363,1.36610603,1.39005661,1.08360195,0.92685318,1.16761303,1.05958843,0.512277603,1.3285141,0.795542717,1.0100832,1.26083469,0.918774605,0.821125031,0.894728661,0.927150726,1.0072403,2.06377411,1.66453171,0.989577293,0.696325302,0.791348457,1.27139568,1.08615017,0.977350235,1.29456902,2.55618763,0.160938263,-0.0294084549,0.360496521,-0.0168857574,-0.252734184,0.167060852,0.260246277,0.291900635,0.608364105,0.14084816,1.55136776,-0.0237197876,0.0667362213,0.414904594,0.0242376328,0.36043644,1.10976601,0.441436768,0.381902695,0.399477005,0.282944679,0.984230042,0.596815109,0.398921967,1.7996006,0.678064346,0.677822113,1.38703156,0.274022102,0.360289574,1.37853432,0.667703629,1.01757526,0.758477211
2026-08-26T14:43:59.184+00:00	1157.312	SUBSEG96 protocol=asd-research-v1.0.0 session=1 phase=DET window=31 group=5 segments=7 dims=96 fnv1a=21f64bfb values=-9.98761463,-9.98761463,1.23860741,-9.98761463,-9.98761463,1.05732727,-9.98761463,1.50422859,-9.98761463,1.53841305,0.708379745,-9.98761463,0.93228817,1.0218544,0.991754532,-9.98761463,0.710449219,0.411162376,0.697469711,0.544293404,0.493945122,0.659485817,0.601218224,0.877557755,0.936396599,1.31139374,0.907040596,1.06286049,0.977099419,0.836584091,0.92357254,1.17695808,1.41526222,1.04187679,1.6426239,3.60686541,1.73164654,0.973765373,0.939775467,1.05662251,1.10037136,1.38575268,0.947379112,1.25922394,0.706263542,0.842794418,1.35118008,1.09806252,0.72183609,0.96276474,1.19999599,1.06459045,1.39673519,2.00092506,1.00113297,0.674786568,0.878774643,1.0565443,1.15067291,1.14186573,0.93164444,2.834723,0.320936203,-0.00602722168,0.352085114,0.00720787048,-0.165472984,0.384730339,0.258070946,0.31790638,0.728265762,0.270604134,1.25890446,0.0692453384,0.194876671,0.433123589,0.0897464752,0.520597458,0.998250008,0.551096916,0.485115051,0.509926796,0.308176041,0.633806229,0.661183357,0.548873901,1.31777,1.35748291,0.784003258,0.99192524,0.299853325,0.645811081,1.81874466,0.641467094,1.15214634,0.923624039
2026-08-26T14:44:03.697+00:00	1161.828	FLAGS protocol=asd-quality-v1.6.0 mode=OBSERVATION_HOLD state=OBSERVATION_HOLD waiting=0 learning=0 learned=1 anomaly=0 hold=1 fault=0 green=pulse_1s red=off guided25_available=1 workflow_pending=DEFAULT research_telemetry=1 profile_persistence_allowed=0 dropped=0
2026-08-26T14:44:08.461+00:00	1166.593	QUALITY protocol=asd-quality-v1.6.0 phase=DET index=32 total=0 result=OK metrics_valid=1 samples=159744 expected=159744 rms_dbfs=-49.225 dc=-0.419 peak=441 clipped=0 zeros=569 stuck=335 dropped_delta=0 feature_valid=1 tonalness_valid=1 tonalness_proxy=3.546563 tonal_gate=pending_normal_only
2026-08-26T14:44:08.471+00:00	1166.593	DET 32 score=9383.51074 lo=0 hi=2832.83325 led=1 anom=0 total_anom=0 hold=1 iznad praga (uzastopnih=0 nivo=-49.2 dBFS racun=716 ms)
2026-08-26T14:44:08.599+00:00	1166.718	FEATURE96 protocol=asd-research-v1.0.0 session=1 phase=DET window=32 window_start_ms=1156092 window_end_ms=1165362 score=9383.51074 level_dbfs=-49.2253647 quality=OK tonalness_proxy=3.54656267 dims=96 fnv1a=b8b6f41c values=-10.0748854,-10.0748854,1.44592476,-10.0748854,-10.0748854,1.12433529,-10.0748854,1.68013382,-10.0748854,1.92582703,1.32757378,-10.0748854,1.08309174,1.50511646,1.60414505,-10.0748854,1.23844337,0.870943069,0.889074326,0.972157478,0.885962486,0.887787819,1.20469666,1.25674152,1.33859158,1.4898243,1.24057579,0.866350174,0.882992744,0.925498962,1.19163609,1.26321983,1.32778072,1.07880306,1.30853558,3.54656267,2.57978773,0.986258507,0.790089607,0.767656326,1.22747707,1.20847225,0.80068779,1.04036808,0.606160164,0.844950676,1.34508324,0.906350136,0.660718918,0.971113205,1.08325577,0.98757267,0.912911415,1.65926933,0.903079033,0.634106636,0.7763834,0.998085022,1.04260445,1.0607481,0.808963776,2.74035645,0.191165924,0.0359621048,0.363485336,-0.0137834549,-0.154268265,0.253590584,0.184055328,0.264976501,0.545372009,0.254639626,0.8586092,0.00708580017,0.0695791245,0.378468513,0.0504112244,0.403539658,0.700574875,0.544484138,0.382354736,0.447007179,0.239285469,0.381799698,0.644777298,0.525761604,0.758548737,1.18505764,0.760977745,0.64610672,0.457951546,0.413547516,1.46672821,0.828544617,0.9760952,0.841828346
2026-08-26T14:44:08.704+00:00	1166.828	SUBSEG96 protocol=asd-research-v1.0.0 session=1 phase=DET window=32 group=1 segments=8 dims=96 fnv1a=19690a62 values=-10.181469,-10.181469,1.30385303,-10.181469,-10.181469,1.28671169,-10.181469,1.79496288,-10.181469,1.99799347,1.57111835,-10.181469,1.30086422,1.82306099,2.00786304,-10.181469,1.64181614,1.19269753,1.11639404,1.15510368,0.904052734,1.08996964,1.55513382,1.65199757,1.59852028,1.62234688,1.56981373,0.962426186,1.1549902,0.992033005,1.5306406,1.44788933,1.14585686,0.724074364,1.40539551,3.49493933,1.48195744,1.08106041,0.999587059,0.525277138,1.34409523,1.28458691,0.815167427,1.02767754,0.574157715,0.807685852,1.22265911,0.667391777,0.601018906,1.13610458,1.1377182,0.916619301,1.019701,1.6636076,0.801854134,0.563457489,0.721744537,0.993927956,0.909526825,0.853890419,0.752810478,2.6479435,-0.0169858932,-0.146698952,0.26931572,-0.155967712,-0.373635292,0.349787712,0.111076355,0.200966835,0.552300453,0.0790109634,0.990935326,-0.113508224,0.0125370026,0.461606026,-0.0862865448,0.251533508,0.754024506,0.378362656,0.295928001,0.383192062,0.126790047,0.367153168,0.491282463,0.47762394,0.712676048,1.01038933,0.693741798,0.81850338,0.300092697,0.564354897,1.5155983,0.567173004,1.10952473,0.905460358
2026-08-26T14:44:08.719+00:00	1166.843	FLAGS protocol=asd-quality-v1.6.0 mode=OBSERVATION_HOLD state=OBSERVATION_HOLD waiting=0 learning=0 learned=1 anomaly=0 hold=1 fault=0 green=pulse_1s red=off guided25_available=1 workflow_pending=DEFAULT research_telemetry=1 profile_persistence_allowed=0 dropped=0
2026-08-26T14:44:08.836+00:00	1166.968	SUBSEG96 protocol=asd-research-v1.0.0 session=1 phase=DET window=32 group=2 segments=8 dims=96 fnv1a=e8f1754f values=-10.0138464,-10.0138464,1.06800938,-10.0138464,-10.0138464,1.11035633,-10.0138464,1.73050022,-10.0138464,1.95120716,1.03419876,-10.0138464,0.705156326,1.27989197,1.32638168,-10.0138464,0.86469841,0.557500839,0.850276947,1.04866695,1.10853958,0.947678566,1.1466589,1.10361958,1.07318878,1.16231918,0.792813301,0.850086212,0.746243477,0.970615387,0.974224091,1.24241924,1.37798119,0.883453369,1.46334267,3.65092802,1.67880154,0.891612053,0.715483665,0.924634933,1.19729805,1.15976906,0.901132584,0.98995018,0.696093559,0.919290543,1.52159405,1.06315899,0.728328705,0.857187271,1.21971798,1.05829811,0.820964813,1.86498737,0.981911659,0.68808651,0.769757271,1.06384754,1.15079212,1.07401371,0.94879818,2.81986237,0.301098824,0.0206260681,0.434988022,-0.068526268,-0.138806343,0.333006859,0.328712463,0.253606796,0.732171059,0.302284241,0.778266907,0.029050827,0.0908613205,0.504081726,0.146845818,0.485473633,0.78948307,0.521454811,0.412398338,0.587176323,0.293640137,0.399380684,0.753032684,0.657221794,0.743163109,1.21868515,0.791581154,0.713967323,0.649483681,0.508987427,1.75680351,0.758159637,1.15363503,1.142313
2026-08-26T14:44:08.941+00:00	1167.062	SUBSEG96 protocol=asd-research-v1.0.0 session=1 phase=DET window=32 group=3 segments=8 dims=96 fnv1a=01da13d1 values=-9.9647007,-9.9647007,1.81267357,-9.9647007,-9.9647007,1.01116943,-9.9647007,1.55326366,-9.9647007,1.8142767,1.22293091,-9.9647007,1.24263,1.43835735,1.21507263,-9.9647007,0.848697662,0.736903191,0.766153336,0.853269577,0.570057869,0.567489624,0.999335289,0.726325035,1.21584415,1.58246231,1.03868294,0.745611191,0.720801353,0.783089638,0.833621979,1.13069153,1.35796261,1.28767967,1.38835144,3.70629406,1.75013733,1.03968716,0.603809357,0.906773567,1.26848125,1.13020039,0.744059563,1.28386307,0.704293251,0.849107742,1.49777126,0.924020767,0.681466103,0.963984489,1.20056629,0.982348442,0.922289848,1.86276245,0.969665527,0.766103745,0.995934486,1.11808777,1.09083366,1.10482311,0.860930443,2.93494654,0.320053101,0.108472824,0.433200836,0.0522842407,-0.120915413,0.25780201,0.222204208,0.285877228,0.597287178,0.43048954,0.60984993,0.0616769791,0.189582825,0.425606728,0.102027893,0.568840981,0.765989304,0.471906662,0.506193161,0.528580666,0.274025917,0.422080994,0.732898712,0.524102211,0.932400703,1.46805191,0.713127136,0.554305077,0.644080162,0.294763565,1.70464039,0.540620804,1.13763905,0.631232262
2026-08-26T14:44:09.052+00:00	1167.172	SUBSEG96 protocol=asd-research-v1.0.0 session=1 phase=DET window=32 group=4 segments=7 dims=96 fnv1a=dfcd6c83 values=-9.98387623,-9.98387623,1.17301464,-9.98387623,-9.98387623,0.782529831,-9.98387623,1.7684412,-9.98387623,2.08558846,1.4727602,-9.98387623,1.03795433,1.40388775,1.41129112,-9.98387623,1.11919594,0.733113289,0.939360619,0.918266296,0.801311493,0.72724247,0.815987587,1.02537918,1.30323029,1.41409302,0.968024254,0.788913727,0.796746254,0.864048958,0.831810951,1.21148586,1.43627167,1.50733471,1.34723759,3.36927032,2.54699993,0.977757454,0.742245674,0.88228035,1.30997086,1.23475361,0.917417526,0.985563278,0.628195763,0.79064846,1.33466816,1.07129192,0.760726929,0.988734245,0.982180595,1.25488472,1.01939583,1.56825447,0.97248745,0.66813755,0.748571396,0.934668541,1.05753613,1.17898846,0.83767128,2.85202789,0.305288315,0.0910024643,0.468071938,-0.0249824524,-0.0521020889,0.196374893,0.234723091,0.339572906,0.478219986,0.38771534,0.832600594,0.0236873627,0.161020279,0.306051254,0.151200294,0.516375542,0.768083572,0.802954674,0.483090401,0.524870872,0.223473549,0.409154892,0.668473244,0.573731422,0.826685905,1.32126045,0.861645699,0.609146118,0.416797638,0.293838501,0.927536964,1.04515648,0.766899109,0.633645058
2026-08-26T14:44:09.155+00:00	1167.281	SUBSEG96 protocol=asd-research-v1.0.0 session=1 phase=DET window=32 group=5 segments=7 dims=96 fnv1a=77c6f5a6 values=-10.0041628,-10.0041628,1.68206215,-10.0041628,-10.0041628,1.30615997,-10.0041628,1.62862396,-10.0041628,1.89613247,1.1259985,-10.0041628,0.924314499,1.17474461,1.18241978,-10.0041628,0.831715584,0.747891426,0.63768959,0.840547562,1.01818275,0.94861412,0.879962921,0.888282776,1.32098675,1.63997364,1.29665089,1.05087662,0.796281815,1.10392761,1.21427727,1.27532482,1.53248501,0.88199234,0.745449066,3.63792753,3.28438139,1.06338215,0.825622559,0.787642479,1.10190678,1.35775471,0.789189339,1.04430103,0.624010086,1.02915382,1.3099041,0.999083519,0.750170708,0.951396942,0.938399315,0.866149902,0.894629478,1.1834631,1.01349258,0.697796822,0.816407204,1.04955006,1.20996094,1.29324055,0.83822155,2.60245943,0.260662079,0.294878006,0.438061714,0.281599045,0.10242939,0.231253624,0.22269249,0.452061653,0.475540161,0.28651619,1.06232929,0.23295784,0.110994339,0.267901421,0.162892342,0.404178619,0.534480095,0.718883514,0.437731743,0.396250725,0.466315269,0.511562347,0.789566994,0.591246605,0.775622368,1.00977707,0.943998337,0.51787281,0.415555,0.405519485,0.488562584,1.1984663,0.252791405,0.761143684
2026-08-26T14:44:13.706+00:00	1171.828	FLAGS protocol=asd-quality-v1.6.0 mode=OBSERVATION_HOLD state=OBSERVATION_HOLD waiting=0 learning=0 learned=1 anomaly=0 hold=1 fault=0 green=pulse_1s red=off guided25_available=1 workflow_pending=DEFAULT research_telemetry=1 profile_persistence_allowed=0 dropped=0
2026-08-26T14:44:18.436+00:00	1176.562	QUALITY protocol=asd-quality-v1.6.0 phase=DET index=33 total=0 result=OK metrics_valid=1 samples=159744 expected=159744 rms_dbfs=-50.261 dc=-0.516 peak=362 clipped=0 zeros=598 stuck=428 dropped_delta=0 feature_valid=1 tonalness_valid=1 tonalness_proxy=3.750077 tonal_gate=pending_normal_only
2026-08-26T14:44:18.467+00:00	1176.593	DET 33 score=1929.60657 lo=0 hi=2832.83325 led=1 anom=0 total_anom=0 hold=0 normal (uzastopnih=0 nivo=-50.3 dBFS racun=716 ms)
2026-08-26T14:44:18.470+00:00	1176.593	FLAGS protocol=asd-quality-v1.6.0 mode=READY state=CALIBRATED_NORMAL waiting=0 learning=0 learned=1 anomaly=0 hold=0 fault=0 green=on red=off guided25_available=1 workflow_pending=DEFAULT research_telemetry=1 profile_persistence_allowed=0 dropped=0
2026-08-26T14:44:18.596+00:00	1176.718	FEATURE96 protocol=asd-research-v1.0.0 session=1 phase=DET window=33 window_start_ms=1166072 window_end_ms=1175337 score=1929.60657 level_dbfs=-50.2607307 quality=OK tonalness_proxy=3.75007677 dims=96 fnv1a=758e05c3 values=-10.0325079,-10.0325079,1.36983204,-10.0325079,-10.0325079,1.25660801,-10.0325079,1.77057266,-10.0325079,2.00617695,1.36207771,-10.0325079,1.04101372,1.33990669,1.32747173,-10.0325079,1.04234219,0.748768806,0.781829834,1.10551548,1.1452179,0.728100777,1.02988529,1.10014534,1.43318844,1.58485794,1.17906952,1.08626938,1.10794926,1.19947433,1.17809486,1.31687641,1.50537014,1.27986431,1.22334862,3.75007677,3.44122267,0.963935852,0.77930069,0.633655548,1.15978432,1.23798466,1.01991653,1.13451195,0.716596603,1.07931519,1.38549805,1.15378952,0.769416809,0.949651718,1.03451443,1.01291084,0.971808434,1.30528641,0.871085167,0.669935226,0.702422142,0.894989967,1.10922909,1.14102936,0.785142899,2.39425993,0.442790031,0.185182571,0.398687363,0.30922699,0.0425739288,-0.0819034576,0.140524864,0.355919838,0.534363747,0.0258398056,0.990801811,0.380497932,-0.0301551819,0.303362846,0.137557983,0.325705528,0.47659111,0.610048294,0.378872871,0.3826828,0.240916252,0.295609474,0.735136032,0.471673965,0.703690529,1.02339458,0.869238853,0.447073936,0.215408325,0.271513939,0.473167419,1.09633923,0.225801468,0.564697266
2026-08-26T14:44:18.701+00:00	1176.828	SUBSEG96 protocol=asd-research-v1.0.0 session=1 phase=DET window=33 group=1 segments=8 dims=96 fnv1a=be6d99da values=-10.0146475,-10.0146475,1.57981968,-10.0146475,-10.0146475,1.18560314,-10.0146475,1.74644661,-10.0146475,1.87257004,1.36644936,-10.0146475,1.14261818,1.187006,1.1459198,-10.0146475,1.16033936,0.971690178,0.680307388,1.04590511,0.978403091,0.590958595,0.932120323,1.19449902,1.72511196,1.76616096,1.18964386,1.08624363,0.834077835,1.09455299,1.00719643,1.34056091,1.41979313,1.16954899,1.20557213,3.74958467,3.21000624,0.908638954,0.849948883,0.442499161,1.09151363,1.1288662,1.07530117,1.15072441,0.51964283,1.07141304,1.4113369,1.0931673,0.869187355,1.00587177,1.23636913,1.09797955,0.970986366,1.24558544,0.915524483,0.703290939,0.814151764,0.916258812,1.00832272,1.14091301,0.812072754,2.39058971,0.325790405,0.145178795,0.335386276,0.224516869,0.112838745,0.0755519867,0.21575737,0.398271561,0.610043526,0.153502464,0.962470055,0.416672707,0.0941133499,0.318956375,0.225212097,0.324459076,0.465425491,0.583358765,0.409606934,0.384097099,0.208212852,0.283601761,0.780404091,0.489858627,0.749604225,0.973720551,0.85943222,0.506390572,0.306012154,0.30208683,0.476309776,1.14441299,0.260843277,0.546086311
2026-08-26T14:44:18.809+00:00	1176.937	SUBSEG96 protocol=asd-research-v1.0.0 session=1 phase=DET window=33 group=2 segments=8 dims=96 fnv1a=acdda7e2 values=-9.97435856,-9.97435856,1.36490154,-9.97435856,-9.97435856,1.464571,-9.97435856,1.7195673,-9.97435856,1.95776081,1.27830124,-9.97435856,0.737747192,0.992249489,1.2311821,-9.97435856,1.06136036,0.614198685,0.611984253,0.805821419,0.767269135,0.695761681,1.20406532,1.27075768,1.60663986,1.61331081,1.21098042,0.935207367,0.681088448,0.844862938,1.18210316,1.05328941,1.62380123,0.914140701,1.26472378,3.8462162,3.39230776,0.902898788,0.728812218,0.562973022,1.30883217,1.25420761,1.07996082,1.10062027,0.785521507,1.12523842,1.51617146,1.29743099,0.839814186,0.939660072,0.988776207,0.984715462,0.949334145,1.47537613,0.873663902,0.772960663,0.742316246,0.983979225,1.19140434,1.26559353,0.748431206,2.49518633,0.56401062,0.163806915,0.424054146,0.373451233,0.0046710968,-0.112745285,0.0385780334,0.381388664,0.505771637,0.0287408829,0.956063271,0.483779907,-0.0100774765,0.250452042,0.184226036,0.366789818,0.551745415,0.601791382,0.400245667,0.493337631,0.240488052,0.280241966,0.750870705,0.524237633,0.743199348,1.07386684,0.971396446,0.510293007,0.333303452,0.337945938,0.486058235,1.16672325,0.248222351,0.617872238
2026-08-26T14:44:18.914+00:00	1177.047	SUBSEG96 protocol=asd-research-v1.0.0 session=1 phase=DET window=33 group=3 segments=8 dims=96 fnv1a=c569d0c7 values=-10.0175219,-10.0175219,1.3044796,-10.0175219,-10.0175219,1.31538486,-10.0175219,1.6900816,-10.0175219,1.88385773,1.18207836,-10.0175219,1.13787556,1.42516899,0.998113632,-10.0175219,0.821391106,0.598203659,0.830218315,1.17478371,1.24578953,1.00961018,1.3616581,1.24044418,1.1080904,1.4060297,1.06497955,0.711405754,0.878066063,1.02136898,1.1197958,1.40699768,1.39776897,1.1560421,1.19514751,3.73146439,3.54542542,0.978946686,0.831394196,0.693320274,1.32925129,1.32527924,1.12289429,1.30811119,0.821228981,1.14417458,1.41055489,1.12005615,0.781495094,1.00730133,1.01149464,0.987469673,1.0947094,1.22441387,0.867002487,0.565105438,0.698908806,0.926247597,1.24001598,1.14459991,0.88924408,2.39159775,0.426272392,0.166417122,0.40625,0.328398705,0.0390911102,-0.128377914,0.185623169,0.337251663,0.516225815,-0.019159317,1.05623913,0.329366684,-0.0197000504,0.366595268,0.154691696,0.362980843,0.534613609,0.723106384,0.378522873,0.412541389,0.258151054,0.34029007,0.743733406,0.461771965,0.714204788,1.04473114,0.875962257,0.42255497,0.204979897,0.231156349,0.525660515,1.01606655,0.241028786,0.626494408
2026-08-26T14:44:19.022+00:00	1177.140	SUBSEG96 protocol=asd-research-v1.0.0 session=1 phase=DET window=33 group=4 segments=7 dims=96 fnv1a=67b52d4f values=-10.0650129,-10.0650129,1.44758987,-10.0650129,-10.0650129,1.22337532,-10.0650129,2.04727793,-10.0650129,2.2936492,1.51291084,-10.0650129,0.977138519,1.24005795,1.40353298,-10.0650129,1.04614353,0.822199821,0.820189476,1.23593044,1.45440197,0.709702492,0.47508049,0.673168182,1.09518909,1.41182899,1.19195652,1.4070034,1.21794415,1.49459934,1.42012501,1.55352688,1.55608177,1.44863796,1.16817093,3.69275188,3.51306009,0.998860359,0.78276825,0.596067429,0.970064163,1.22563171,1.03244114,1.16545486,0.774636269,1.06509304,1.27150726,1.17879391,0.642348289,0.91374588,0.849648476,0.942067146,0.851529121,1.33302498,0.895055771,0.760443687,0.697779655,0.847980499,1.10505486,1.14484978,0.784163475,2.38079596,0.485621452,0.194560051,0.422270775,0.375785828,0.0363759995,-0.079044342,0.178956985,0.362577438,0.548908234,0.029176712,1.06109142,0.349393845,-0.0627803802,0.338464737,0.0233469009,0.302965164,0.462457657,0.611603737,0.462244987,0.329031944,0.283330917,0.259502411,0.714994431,0.465355873,0.696000099,1.01457214,0.791859627,0.43133831,0.111476898,0.256784439,0.471842766,1.08400154,0.222374916,0.520636559
2026-08-26T14:44:19.129+00:00	1177.250	SUBSEG96 protocol=asd-research-v1.0.0 session=1 phase=DET window=33 group=5 segments=7 dims=96 fnv1a=0cfdf4cf values=-10.0168667,-10.0168667,1.01138306,-10.0168667,-10.0168667,1.06542778,-10.0168667,1.5240593,-10.0168667,1.92802811,1.471735,-10.0168667,1.14836788,1.65839195,1.66625214,-10.0168667,1.13496399,0.670678139,0.965630531,1.20782661,0.990030289,0.489373207,0.6359272,0.933098793,1.33696842,1.69433117,1.2984066,1.05839157,1.50955677,1.31767654,1.11418533,1.03862572,1.57863712,1.53289509,1.3503809,3.80052376,3.54190731,1.0879488,0.757277489,0.858205795,1.05338669,1.31067276,0.756497383,0.899488449,0.697627068,1.05660343,1.3627367,1.13321209,0.755117416,0.943131447,1.06379032,1.10804176,1.02977753,1.28868675,0.875889778,0.578886986,0.59468174,0.862989426,1.02348614,1.05971336,0.737567902,2.38195038,0.465747833,0.320739746,0.478565216,0.30579567,0.0856990814,-0.139676094,0.125336647,0.374761581,0.555898666,-0.0194168091,0.973775864,0.38903904,-0.116471291,0.301774979,0.151634216,0.345795631,0.42974472,0.581058502,0.293383598,0.354162216,0.288203239,0.383617401,0.759248734,0.493889809,0.685316086,1.08503532,0.913600922,0.432183266,0.155158997,0.303772926,0.477217674,1.13833714,0.230117798,0.580883026
2026-08-26T14:44:19.130+00:00	1177.250	STATE protocol=asd-quality-v1.6.0 from=OBSERVATION_HOLD to=CALIBRATED_NORMAL reason=OBSERVATION_RESUMED
2026-08-26T14:44:19.140+00:00	1177.265	EVENT protocol=asd-quality-v1.6.0 type=OBSERVATION_RESUMED state=CALIBRATED_NORMAL phase=DET reason=OBSERVATION_RESUMED event=NONE capability=AVAILABLE level=DEVIATION
2026-08-26T14:44:23.455+00:00	1181.578	FLAGS protocol=asd-quality-v1.6.0 mode=READY state=CALIBRATED_NORMAL waiting=0 learning=0 learned=1 anomaly=0 hold=0 fault=0 green=on red=off guided25_available=1 workflow_pending=DEFAULT research_telemetry=1 profile_persistence_allowed=0 dropped=0
2026-08-26T14:44:28.465+00:00	1186.593	FLAGS protocol=asd-quality-v1.6.0 mode=READY state=CALIBRATED_NORMAL waiting=0 learning=0 learned=1 anomaly=0 hold=0 fault=0 green=on red=off guided25_available=1 workflow_pending=DEFAULT research_telemetry=1 profile_persistence_allowed=0 dropped=0
2026-08-26T14:44:28.491+00:00	1186.625	QUALITY protocol=asd-quality-v1.6.0 phase=DET index=34 total=0 result=OK metrics_valid=1 samples=159744 expected=159744 rms_dbfs=-49.590 dc=-0.528 peak=476 clipped=0 zeros=612 stuck=404 dropped_delta=0 feature_valid=1 tonalness_valid=1 tonalness_proxy=3.754399 tonal_gate=pending_normal_only
2026-08-26T14:44:28.617+00:00	1186.750	DET 34 score=2134.71338 lo=0 hi=2832.83325 led=1 anom=0 total_anom=0 hold=0 normal (uzastopnih=0 nivo=-49.6 dBFS racun=727 ms)
2026-08-26T14:44:28.632+00:00	1186.765	FEATURE96 protocol=asd-research-v1.0.0 session=1 phase=DET window=34 window_start_ms=1176062 window_end_ms=1185386 score=2134.71338 level_dbfs=-49.5895233 quality=OK tonalness_proxy=3.7543993 dims=96 fnv1a=ba9f0c47 values=-10.0290136,-10.0290136,1.41548157,-10.0290136,-10.0290136,1.31921005,-10.0290136,1.88850307,-10.0290136,2.03644753,1.3660984,-10.0290136,1.1120472,1.43038273,1.32048416,-10.0290136,0.994903564,0.753738403,0.747860909,0.860992432,0.828406334,0.762470245,0.956357002,0.944722176,1.11891651,1.38626385,1.24337387,1.31761456,1.03060532,1.21297073,1.01902008,1.27024078,1.47314644,1.31676102,1.19779491,3.7543993,3.62517309,0.986075401,0.762728691,0.774466515,1.23798561,1.38605881,0.982485771,1.06180573,0.674953461,0.877809525,1.33019638,1.15375614,0.79942131,0.951248169,1.02750683,1.07611179,0.888982773,1.37285328,0.914105415,0.678300858,0.728446007,0.970467567,1.08821583,1.16969967,0.815886497,2.37963343,0.454066277,0.155525208,0.39295578,0.346081734,0.0335540771,-0.0535697937,0.221256256,0.396188736,0.5812006,0.00822162628,1.04793739,0.396881104,-0.0509328842,0.337844849,0.16328907,0.330574989,0.458064079,0.667078018,0.38492012,0.392500877,0.342592239,0.311027527,0.759190559,0.501559258,0.715513229,1.0512476,0.837906837,0.438977242,0.19648838,0.255681992,0.496985435,1.06428242,0.210474014,0.592803955
2026-08-26T14:44:28.736+00:00	1186.859	SUBSEG96 protocol=asd-research-v1.0.0 session=1 phase=DET window=34 group=1 segments=8 dims=96 fnv1a=55eb5dff values=-10.0311108,-10.0311108,0.930029869,-10.0311108,-10.0311108,1.11080265,-10.0311108,1.77297974,-10.0311108,1.99470186,1.31347561,-10.0311108,0.903338432,1.27532005,1.42904186,-10.0311108,1.29897499,0.969063759,0.947072029,0.872085571,0.763290405,0.584788322,0.73433876,0.761879921,1.1964674,1.55481815,1.58305454,1.66666794,1.37824726,1.71140289,1.15598202,1.12153816,1.40296936,1.34138298,0.988746643,3.75257921,3.56782436,0.935893059,0.70819664,0.694970131,1.28480244,1.51768303,1.09315395,1.11229515,0.634846687,0.903597832,1.1119957,1.17897511,0.948469162,0.898618698,1.04012203,0.998713493,0.863008499,1.38672733,0.925761223,0.693973541,0.653902054,0.87051487,1.06829548,1.23370934,0.803214073,2.37504721,0.520086288,0.222786903,0.399711609,0.344908714,-0.0132064819,-0.127362251,0.251961708,0.35771656,0.520697594,-0.0220384598,1.06234646,0.302472115,-0.0504665375,0.235095978,0.167920113,0.272377014,0.4059515,0.6593256,0.401439667,0.412739754,0.402018547,0.367365837,0.736372948,0.503141403,0.72349453,1.04885578,0.88717556,0.421884537,0.191437721,0.271080971,0.485301971,1.07069588,0.194527626,0.601618767
2026-08-26T14:44:28.844+00:00	1186.968	SUBSEG96 protocol=asd-research-v1.0.0 session=1 phase=DET window=34 group=2 segments=8 dims=96 fnv1a=ce62986d values=-10.0118284,-10.0118284,1.14710236,-10.0118284,-10.0118284,0.995530128,-10.0118284,1.55454826,-10.0118284,1.81929207,1.22889614,-10.0118284,0.992366791,1.20026779,1.04944706,-10.0118284,1.1400528,0.781329155,0.691976547,0.976507187,0.996236801,0.785984039,0.887201309,0.903867722,1.16104889,1.50097561,1.37839031,1.44290257,0.821059227,0.886286736,0.861785889,1.32018757,1.46029854,1.47597504,1.36450672,3.77999878,3.65573645,1.1496973,0.902739525,0.865803719,1.27700615,1.27633476,1.00926304,1.11290359,0.574753761,0.872274399,1.43493652,1.07264805,0.817141533,0.864387512,0.905112267,1.11101723,0.931792259,1.40349197,0.921243668,0.628544807,0.750961304,0.977327347,1.1500082,1.17417717,0.903556824,2.40559149,0.397572517,0.218503952,0.406635284,0.377446175,0.149403572,-0.0747528076,0.270976067,0.452719688,0.638912201,0.0564365387,1.05085945,0.526459694,-0.0604991913,0.456913948,0.204931259,0.298098564,0.466025352,0.711362839,0.429854393,0.406319618,0.337902069,0.330641747,0.797280312,0.549333572,0.700527191,1.0500946,0.853402138,0.478014946,0.204781532,0.28223896,0.511886597,1.06403637,0.213942528,0.583625793
2026-08-26T14:44:28.951+00:00	1187.078	SUBSEG96 protocol=asd-research-v1.0.0 session=1 phase=DET window=34 group=3 segments=8 dims=96 fnv1a=50962946 values=-10.0042524,-10.0042524,1.73319244,-10.0042524,-10.0042524,1.62055492,-10.0042524,1.8564806,-10.0042524,1.79916668,1.27099514,-10.0042524,1.26049614,1.62666607,1.48805523,-10.0042524,0.784171104,0.73828125,0.737444878,0.857618332,1.02223301,0.854679108,0.880099297,0.961986542,1.02028561,1.40414906,0.990562439,1.06497574,0.57515049,0.714684486,1.03513241,1.38704395,1.41094589,1.26338196,1.2416296,3.81242514,3.62718582,1.0463686,0.754682541,0.692289352,1.15825176,1.30751896,0.938017845,1.08181953,0.833256721,0.899100304,1.43729115,1.1703968,0.708865166,1.02648544,1.0363903,0.942516327,0.87310791,1.41068935,1.00956059,0.60617733,0.673974037,1.0569849,1.05717278,1.17435646,0.729848862,2.41094494,0.538825035,0.0774421692,0.430587769,0.321461678,-0.00853347778,-0.0216627121,0.15297699,0.450466156,0.613676071,0.0356931686,1.07487202,0.379600525,-0.0181846619,0.402919769,0.185612679,0.383351326,0.500761032,0.651935577,0.448093414,0.358210564,0.319229126,0.300750732,0.695731163,0.556376457,0.706967354,1.02600765,0.873838425,0.475479126,0.230541229,0.268141747,0.529520988,1.11125469,0.263736725,0.642591476
2026-08-26T14:44:29.059+00:00	1187.187	SUBSEG96 protocol=asd-research-v1.0.0 session=1 phase=DET window=34 group=4 segments=7 dims=96 fnv1a=792d1dea values=-10.0282698,-10.0282698,1.30516434,-10.0282698,-10.0282698,1.36289406,-10.0282698,2.13242531,-10.0282698,2.35353231,1.64671135,-10.0282698,1.36107063,1.63650799,1.35285854,-10.0282698,0.716909409,0.649535179,0.730038643,0.830423355,0.627847672,0.834197998,1.22028637,1.10676098,1.19918537,1.14901829,0.986020088,0.820196152,0.644591331,0.785252571,0.842235565,1.24472141,1.55280113,1.42067528,1.27053547,3.73212671,3.64157772,0.916292191,0.663256645,0.828615189,1.28851032,1.47876072,1.01503181,0.924222946,0.571228981,0.831463814,1.17953777,1.23209286,0.754090309,1.11280537,1.16022015,1.26432896,0.878940582,1.37489414,0.904501915,0.861591339,0.840918541,0.911008835,1.11144924,1.20251942,0.816131592,2.36585999,0.469451904,0.173208237,0.386910439,0.38041687,-0.000597000122,0.00457763672,0.223923683,0.341966629,0.597096443,-0.0275325775,1.13834476,0.360381126,-0.0712919235,0.315896988,0.150456429,0.39719677,0.484744072,0.662225723,0.345870972,0.428186417,0.373373985,0.321799278,0.813790321,0.486658096,0.754956245,1.08786201,0.79377079,0.420982361,0.216106415,0.271719933,0.487120628,1.00928783,0.172493935,0.610415459
2026-08-26T14:44:29.167+00:00	1187.297	SUBSEG96 protocol=asd-research-v1.0.0 session=1 phase=DET window=34 group=5 segments=7 dims=96 fnv1a=2a2db4c4 values=-9.98843765,-9.98843765,1.61531353,-9.98843765,-9.98843765,1.3292017,-9.98843765,2.03828621,-9.98843765,2.08659887,1.33001328,-9.98843765,0.926244736,1.30174541,1.20749474,-9.98843765,0.626934052,0.531070709,0.590414047,0.813054085,0.574419022,0.800308228,1.0239687,1.02741909,1.05385876,1.20644093,0.705290794,1.03618145,1.21880913,1.01457977,1.17512989,1.32228851,1.61073971,0.965233803,1.10280704,3.76696968,3.71588945,0.880326271,0.822688103,0.853409767,1.24600506,1.37289715,0.885235786,1.12160873,0.783273697,0.957529068,1.46716595,1.18681622,0.789401054,0.88392067,1.05066299,1.09152222,0.978114128,1.35954094,0.863638878,0.633525848,0.79378891,1.09462357,1.13181591,1.12414074,0.89173317,2.41965199,0.387102127,0.138713837,0.418859482,0.387550354,0.0996198654,0.0324401855,0.27777195,0.446199417,0.611243248,0.0743341446,0.967950821,0.466395378,0.0261611938,0.319927216,0.18301487,0.380616188,0.515090942,0.730630875,0.358177185,0.437411308,0.351870537,0.303043365,0.831159592,0.476816177,0.775597572,1.12773705,0.846661568,0.475507736,0.220140457,0.26200676,0.552266121,1.13941765,0.284146309,0.602255821
2026-08-26T14:44:33.476+00:00	1191.609	FLAGS protocol=asd-quality-v1.6.0 mode=READY state=CALIBRATED_NORMAL waiting=0 learning=0 learned=1 anomaly=0 hold=0 fault=0 green=on red=off guided25_available=1 workflow_pending=DEFAULT research_telemetry=1 profile_persistence_allowed=0 dropped=0
2026-08-26T14:44:38.448+00:00	1196.578	QUALITY protocol=asd-quality-v1.6.0 phase=DET index=35 total=0 result=OK metrics_valid=1 samples=159744 expected=159744 rms_dbfs=-50.144 dc=-0.468 peak=400 clipped=0 zeros=633 stuck=415 dropped_delta=0 feature_valid=1 tonalness_valid=1 tonalness_proxy=3.817590 tonal_gate=pending_normal_only
2026-08-26T14:44:38.573+00:00	1196.703	DET 35 score=2496.90381 lo=0 hi=2832.83325 led=1 anom=0 total_anom=0 hold=0 normal (uzastopnih=0 nivo=-50.1 dBFS racun=716 ms)
2026-08-26T14:44:38.588+00:00	1196.718	FEATURE96 protocol=asd-research-v1.0.0 session=1 phase=DET window=35 window_start_ms=1186072 window_end_ms=1195349 score=2496.90381 level_dbfs=-50.1442108 quality=OK tonalness_proxy=3.81759024 dims=96 fnv1a=f2625edf values=-10.0349092,-10.0349092,1.7179451,-10.0349092,-10.0349092,1.36483002,-10.0349092,1.94495487,-10.0349092,2.10434198,1.3991251,-10.0349092,1.11480904,1.41676712,1.48515797,-10.0349092,0.962892532,0.465071678,0.648771286,0.840165138,0.814306259,0.892290115,1.08323574,1.00003242,1.12647629,1.34678078,1.07955265,1.14749908,1.07480431,0.969649315,0.956130028,1.35011387,1.77436924,1.26842976,1.23654652,3.81759024,3.60523462,0.895927429,1.12534809,0.731637001,1.29904842,1.18636417,0.915642738,1.2433176,0.719707489,0.98388195,1.32228374,1.15322113,0.740241051,0.985677719,0.983088493,0.999993324,0.910121918,1.49334621,0.902448654,0.688352585,0.674184799,0.902342796,1.06330872,1.05762386,0.709558487,2.40482855,0.453536034,0.157343864,0.422578812,0.326834679,0.0355119705,-0.0956993103,0.235006332,0.364079475,0.531308174,0.0109291077,1.05603409,0.396279335,-0.0317144394,0.310031891,0.0789089203,0.332533836,0.467183113,0.588086128,0.393922806,0.349897385,0.277722359,0.354681015,0.70745945,0.499101639,0.711338043,1.01673126,0.87366581,0.45408535,0.17553997,0.283724785,0.461466789,1.15572357,0.209564209,0.616524696
2026-08-26T14:44:38.596+00:00	1196.718	FLAGS protocol=asd-quality-v1.6.0 mode=READY state=CALIBRATED_NORMAL waiting=0 learning=0 learned=1 anomaly=0 hold=0 fault=0 green=on red=off guided25_available=1 workflow_pending=DEFAULT research_telemetry=1 profile_persistence_allowed=0 dropped=0
2026-08-26T14:44:38.713+00:00	1196.843	SUBSEG96 protocol=asd-research-v1.0.0 session=1 phase=DET window=35 group=1 segments=8 dims=96 fnv1a=e136f8b1 values=-10.0364771,-10.0364771,1.7713089,-10.0364771,-10.0364771,1.60620403,-10.0364771,2.1721077,-10.0364771,2.28328228,1.58485222,-10.0364771,1.11049366,1.31511402,1.41768551,-10.0364771,1.0341959,0.466302872,0.685627937,0.756977081,0.887569427,0.578650475,0.896795273,0.737146378,1.22277164,1.45059204,0.903072357,0.86981678,0.975618362,0.563929558,1.07305908,1.63798141,1.93042374,1.35196686,1.34684086,3.79343557,3.63335848,1.02363777,1.03451061,1.01980114,1.34985352,1.17814827,1.12152004,1.28702068,0.698597908,0.984410286,1.1926527,1.10701752,0.626205444,1.02766895,0.953282356,0.984075546,0.856039047,1.47817898,0.901726723,0.572556496,0.691320419,0.941650391,1.14623833,1.07481861,0.693786621,2.4082675,0.382149696,0.0535154343,0.434738159,0.269832611,0.0471401215,-0.11280632,0.307559013,0.39801693,0.479877472,-0.0129432678,1.06851292,0.436384201,-0.0767221451,0.295383453,0.0903701782,0.361123085,0.436673164,0.551506042,0.378487587,0.39776516,0.304605484,0.31833744,0.694777489,0.486296654,0.720048904,0.942543983,0.877486229,0.444104195,0.217129707,0.251761436,0.486431122,1.08397484,0.214076042,0.653676033
2026-08-26T14:44:38.820+00:00	1196.953	SUBSEG96 protocol=asd-research-v1.0.0 session=1 phase=DET window=35 group=2 segments=8 dims=96 fnv1a=d9e369eb values=-10.0348387,-10.0348387,1.51419544,-10.0348387,-10.0348387,1.14196396,-10.0348387,1.85024452,-10.0348387,2.02341938,1.47341824,-10.0348387,1.22723007,1.44042969,1.59026527,-10.0348387,1.11547375,0.399165154,0.566110611,0.872267723,0.809696198,1.01245403,1.08373928,0.921043396,1.18854332,1.28717995,1.29257774,1.32564545,1.32214165,1.26902485,1.05826378,1.25369453,2.12260437,1.35459423,1.22436523,3.81595087,3.59154701,0.805234909,0.919821739,0.62054348,1.33868694,1.20602226,0.776286125,1.20268822,0.707369804,1.03176022,1.15904617,1.03171444,0.627013206,0.975089073,0.965353012,0.969407082,0.958535194,1.48479366,0.840975761,0.583078384,0.688987732,0.929268837,1.0142765,0.962439537,0.686121941,2.429842,0.491687775,0.194788933,0.320603371,0.239269257,0.0609350204,-0.0177698135,0.212120056,0.341671944,0.594412804,0.000126838684,1.02168846,0.398990631,-0.0553255081,0.343610764,0.0940732956,0.360378265,0.473875999,0.582095146,0.43174839,0.335224152,0.246319771,0.406270027,0.680710793,0.53958416,0.72170639,0.990595818,0.870243073,0.4565382,0.154891014,0.293045998,0.440612793,1.17136765,0.220170975,0.600605965
2026-08-26T14:44:38.928+00:00	1197.047	SUBSEG96 protocol=asd-research-v1.0.0 session=1 phase=DET window=35 group=3 segments=8 dims=96 fnv1a=a86dac34 values=-10.0114985,-10.0114985,1.5420351,-10.0114985,-10.0114985,1.0887022,-10.0114985,1.93194103,-10.0114985,2.12948132,1.27906132,-10.0114985,1.1186552,1.53542805,1.39477062,-10.0114985,0.699696541,0.502057076,0.827759743,0.994926453,0.974453926,0.982586861,1.35399246,1.28479195,1.04940128,1.42145061,1.00848866,0.987204552,0.90658474,1.08589554,0.871114731,0.877215385,1.29291439,1.25355053,1.4114399,3.8494339,3.60339355,0.957018852,0.919881821,0.468169212,1.16038036,1.21612549,0.820336342,1.21045876,0.76388073,1.01395893,1.49256229,1.23526192,0.866254807,0.996785164,1.02746201,0.988636971,0.949816704,1.47735882,0.993293762,0.821790695,0.617613792,0.887375832,1.10128593,1.04368401,0.77253437,2.40219212,0.405555725,0.251709938,0.476650238,0.329426765,0.0492610931,-0.139371872,0.217965126,0.372712135,0.544457436,0.023349762,1.08517456,0.387376785,0.00107860565,0.313301086,0.065826416,0.320420265,0.52438736,0.611497879,0.408758163,0.370215416,0.270689011,0.372359276,0.725399971,0.472724915,0.711352348,1.06865025,0.860025406,0.473337173,0.215754509,0.324320793,0.464143753,1.19697285,0.239419937,0.61452198
2026-08-26T14:44:39.034+00:00	1197.156	SUBSEG96 protocol=asd-research-v1.0.0 session=1 phase=DET window=35 group=4 segments=7 dims=96 fnv1a=e50e9e59 values=-9.98659134,-9.98659134,2.12317562,-9.98659134,-9.98659134,1.60147572,-9.98659134,1.77795792,-9.98659134,1.82745743,1.22905636,-9.98659134,1.05120277,1.41003704,1.61159992,-9.98659134,0.915312767,0.609493256,0.176728249,0.307507515,0.450118065,0.783715248,0.888019562,0.838997841,1.18404198,1.52064133,1.03967381,0.957850456,1.00057697,0.957830429,0.988441467,1.16022682,1.36717892,1.22344971,0.876318932,3.87885094,3.63748741,0.8712883,0.887019157,0.7396698,1.11134338,1.28907585,0.872444153,1.29951954,0.553504944,0.997560501,1.48310661,1.26322746,0.906744003,1.07796574,1.12435532,0.982074738,0.81923008,1.62342358,0.930065155,0.705787659,0.678917885,0.904918671,1.01674175,1.2006712,0.777447701,2.46349716,0.520655632,0.210624695,0.491296768,0.487657547,0.0588874817,-0.0270261765,0.156732559,0.394122124,0.641802788,0.122077942,1.09288788,0.410123825,0.0570487976,0.403869629,0.13284874,0.343089104,0.474313736,0.57317543,0.405643463,0.350379944,0.332310677,0.387944221,0.756620407,0.551564217,0.745161057,1.16684341,0.928604126,0.520627975,0.194467545,0.326807976,0.540960312,1.25225353,0.259451866,0.655018806
2026-08-26T14:44:39.142+00:00	1197.265	SUBSEG96 protocol=asd-research-v1.0.0 session=1 phase=DET window=35 group=5 segments=7 dims=96 fnv1a=1e14fa4a values=-10.0291052,-10.0291052,1.34697247,-10.0291052,-10.0291052,1.16911507,-10.0291052,1.91201115,-10.0291052,2.16245461,1.35309219,-10.0291052,1.09710789,1.42698383,1.452178,-10.0291052,0.994264603,0.410255432,0.767991066,1.00501823,0.81470108,1.02345943,1.06548595,1.06507301,1.00752926,0.90222168,1.11180973,1.40236855,1.08360958,0.593862534,0.759477615,1.48483086,1.50460625,1.17284012,1.16074848,3.82760859,3.63455391,0.841416359,1.54523277,0.648611069,1.48662186,1.1029892,0.953831673,1.28942394,0.876667023,0.953689575,1.27965641,1.1895752,0.703102112,0.911870003,0.904127121,1.1343317,1.00447941,1.47672367,0.909703255,0.79092598,0.758440971,0.912870407,1.08362961,1.07417774,0.689359665,2.39362526,0.536338806,0.128221512,0.458143234,0.375440598,0.0312080383,-0.120779037,0.320228577,0.38680172,0.44997406,-0.0017375946,1.08729553,0.417521477,-0.00601577759,0.262059212,0.0863847733,0.344967842,0.49587822,0.687255859,0.414784431,0.36121273,0.311013222,0.357460022,0.758461952,0.51856041,0.733325005,0.977369308,0.910065651,0.452736855,0.160975456,0.29749012,0.449819565,1.14537239,0.186233521,0.63180542
2026-08-26T14:44:43.485+00:00	1201.609	FLAGS protocol=asd-quality-v1.6.0 mode=READY state=CALIBRATED_NORMAL waiting=0 learning=0 learned=1 anomaly=0 hold=0 fault=0 green=on red=off guided25_available=1 workflow_pending=DEFAULT research_telemetry=1 profile_persistence_allowed=0 dropped=0
2026-08-26T14:44:48.422+00:00	1206.547	QUALITY protocol=asd-quality-v1.6.0 phase=DET index=36 total=0 result=OK metrics_valid=1 samples=159744 expected=159744 rms_dbfs=-50.152 dc=-0.500 peak=447 clipped=0 zeros=658 stuck=429 dropped_delta=0 feature_valid=1 tonalness_valid=1 tonalness_proxy=3.872054 tonal_gate=pending_normal_only
2026-08-26T14:44:48.548+00:00	1206.672	DET 36 score=2737.02539 lo=0 hi=2832.83325 led=1 anom=0 total_anom=0 hold=0 normal (uzastopnih=0 nivo=-50.2 dBFS racun=716 ms)
2026-08-26T14:44:48.563+00:00	1206.687	FEATURE96 protocol=asd-research-v1.0.0 session=1 phase=DET window=36 window_start_ms=1196052 window_end_ms=1205323 score=2737.02539 level_dbfs=-50.1516914 quality=OK tonalness_proxy=3.8720541 dims=96 fnv1a=0ac23f78 values=-10.0031872,-10.0031872,1.79465389,-10.0031872,-10.0031872,1.48241043,-10.0031872,2.00764608,-10.0031872,2.07548571,1.33672047,-10.0031872,1.23745346,1.54202175,1.67080307,-10.0031872,1.090909,0.868508339,0.887985229,0.916904449,0.88369751,0.69656086,0.887495041,1.03539753,1.12339306,1.29580593,0.923592567,0.892788887,0.674672127,0.762545586,0.935875893,1.19206333,1.27924728,1.07752705,1.02957726,3.8720541,3.6474638,0.895835876,0.789063454,0.646929741,1.11650276,1.23243332,0.867313385,1.19007587,0.726078033,0.944513321,1.2942524,1.0968504,0.780894279,0.941761017,0.962162971,1.00227642,0.933966637,1.55990219,0.909772873,0.734016418,0.73589325,0.972430229,1.07116508,1.09967136,0.812838554,2.40822601,0.431365967,0.223650932,0.433184624,0.380316734,0.0331878662,-0.0317029953,0.217567444,0.366802216,0.587207794,0.0464401245,1.09972572,0.429056168,-0.00167751312,0.348909378,0.187606812,0.366434097,0.477621078,0.599199295,0.399815559,0.369919777,0.340643883,0.34341526,0.737471581,0.493499756,0.733213425,1.06210613,0.910853386,0.496979713,0.222870827,0.307897568,0.507104874,1.18114376,0.254327774,0.622992516
2026-08-26T14:44:48.571+00:00	1206.703	FLAGS protocol=asd-quality-v1.6.0 mode=READY state=CALIBRATED_NORMAL waiting=0 learning=0 learned=1 anomaly=0 hold=0 fault=0 green=on red=off guided25_available=1 workflow_pending=DEFAULT research_telemetry=1 profile_persistence_allowed=0 dropped=0
2026-08-26T14:44:48.689+00:00	1206.812	SUBSEG96 protocol=asd-research-v1.0.0 session=1 phase=DET window=36 group=1 segments=8 dims=96 fnv1a=c1a5e980 values=-9.99756145,-9.99756145,2.07658148,-9.99756145,-9.99756145,1.62604046,-9.99756145,2.02475452,-9.99756145,1.96306896,1.05122471,-9.99756145,1.13799858,1.09452915,0.87034893,-9.99756145,0.740444183,0.738102913,0.91180706,0.986650467,0.673788071,0.77189827,1.04906559,1.18923664,1.27699947,1.42298317,0.852499008,1.13791084,0.652739525,0.812438011,0.865762711,1.07502556,1.18582916,0.634181023,1.13341331,3.8645997,3.66249895,1.04266453,1.06887817,0.67781353,1.1237545,1.38236427,0.866831779,1.22545147,0.715480804,0.905017853,1.21552753,0.995279312,0.741780281,0.965835571,1.15679932,1.08594704,0.960948944,1.59599876,0.969208717,0.830098152,0.717844963,1.06654453,1.11006832,1.10714245,0.878080368,2.43086004,0.495955467,0.245305061,0.403024673,0.413970947,0.0924892426,0.0245790482,0.259758949,0.374205589,0.656485558,0.0571613312,1.13649178,0.468151093,0.0045042038,0.363506317,0.196707726,0.361714363,0.505869865,0.646444321,0.370290756,0.407771111,0.27441597,0.334909439,0.759990692,0.501529694,0.757631302,1.02717495,0.914606094,0.561066628,0.242491722,0.317914009,0.554033279,1.12643337,0.193936348,0.611522675
2026-08-26T14:44:48.796+00:00	1206.922	SUBSEG96 protocol=asd-research-v1.0.0 session=1 phase=DET window=36 group=2 segments=8 dims=96 fnv1a=6534c269 values=-10.005374,-10.005374,1.62129974,-10.005374,-10.005374,1.2324419,-10.005374,2.13792992,-10.005374,2.32685232,1.49751282,-10.005374,1.05830288,1.32921696,1.48447609,-10.005374,0.99438858,0.978064537,0.999149323,1.02789211,0.980801582,0.756803513,0.876749039,1.04578876,0.977849007,1.49976254,1.11313725,0.716527939,0.915782928,0.852392197,0.923377991,1.33383083,1.4298687,1.178442,0.98695755,3.8735981,3.63426113,0.988995552,0.453335762,0.451016426,1.11758614,1.23474598,0.837294579,1.07150269,0.687541962,0.978217125,1.39519119,1.02896404,0.800477982,1.01168633,0.832816124,1.05348492,0.862200737,1.55849171,0.895967484,0.729719162,0.793309212,0.86857605,1.12798119,1.11245251,0.776047707,2.41373062,0.430092812,0.209791183,0.431828499,0.455451965,-0.0110387802,-0.0187892914,0.172410965,0.35013485,0.581547737,0.0616779327,1.1353159,0.372379303,0.0526418686,0.372554779,0.168854713,0.393279076,0.441718102,0.554765701,0.378283501,0.386099815,0.359343529,0.340785027,0.706271172,0.474833488,0.736327171,1.05772305,0.909321785,0.507528305,0.219967842,0.334401131,0.505551338,1.22142601,0.284590721,0.601044655
2026-08-26T14:44:48.904+00:00	1207.031	SUBSEG96 protocol=asd-research-v1.0.0 session=1 phase=DET window=36 group=3 segments=8 dims=96 fnv1a=0f68063b values=-10.0131359,-10.0131359,2.02222443,-10.0131359,-10.0131359,1.6725111,-10.0131359,2.07925034,-10.0131359,1.98936462,1.52151489,-10.0131359,1.36870384,1.97071075,2.15192986,-10.0131359,1.40310478,0.73943615,0.815245628,0.923181534,0.754804611,0.488061905,0.640989304,0.985386848,1.06841755,1.15068722,1.07669163,1.00473976,0.441859245,0.73374939,1.03501034,1.17717361,1.30849934,1.23770237,1.01194382,3.86028337,3.61801386,0.651892662,0.813354492,0.677228928,1.29059124,1.16422844,0.811864853,1.15293407,0.797440529,0.912667274,1.28614044,1.15599155,0.825393677,0.976138115,0.999297142,0.993350983,0.928207397,1.5404377,0.872861862,0.746120453,0.674454689,0.975953102,1.0197382,1.1056118,0.731098175,2.37436056,0.314347267,0.238274574,0.476125717,0.271700859,-0.00504302979,-0.0136890411,0.190073013,0.350834846,0.532597542,0.0555858612,1.13862228,0.33376503,-0.0413732529,0.328087807,0.155727386,0.353224754,0.451840401,0.552709579,0.398481369,0.321392059,0.304398537,0.373109818,0.68932724,0.489519119,0.703392029,1.02620125,0.907477379,0.486765862,0.206023216,0.258431435,0.481223106,1.18689251,0.275028229,0.58549881
2026-08-26T14:44:49.010+00:00	1207.140	SUBSEG96 protocol=asd-research-v1.0.0 session=1 phase=DET window=36 group=4 segments=7 dims=96 fnv1a=dd9c7126 values=-9.95090866,-9.95090866,1.15633678,-9.95090866,-9.95090866,1.27327824,-9.95090866,1.71772385,-9.95090866,1.92118263,1.28114605,-9.95090866,1.28673267,1.43834591,1.38259888,-9.95090866,1.09330654,1.12711906,0.978811264,0.736616135,0.869728088,0.765948296,0.859858513,0.904510498,1.17687702,0.888569832,0.57291317,0.623316765,0.587225914,0.737955093,1.02546883,1.13305283,1.35741425,1.02874947,0.93570137,3.946064,3.69068575,0.906764984,0.693574905,0.765617371,1.11738968,1.2538662,1.06249428,1.30967236,0.644458771,1.03881359,1.31893826,1.15057564,0.808439255,0.792359352,0.911989212,0.992189407,0.916572571,1.60273075,0.911164284,0.719555855,0.76239872,0.996585846,0.972245216,1.17714787,0.883701324,2.47840977,0.487791061,0.262577057,0.490647316,0.400062561,0.141328812,-0.0476169586,0.264379501,0.379961014,0.621531487,0.152706146,1.05108452,0.554140091,0.0524244308,0.364667892,0.224730492,0.410136223,0.541325569,0.644784927,0.447076797,0.37864399,0.436454773,0.390911102,0.78737545,0.568104744,0.765396118,1.17900085,0.94095993,0.535367966,0.256810188,0.348742485,0.565181732,1.2694416,0.333099365,0.723114967
2026-08-26T14:44:49.118+00:00	1207.250	SUBSEG96 protocol=asd-research-v1.0.0 session=1 phase=DET window=36 group=5 segments=7 dims=96 fnv1a=482c334a values=-9.96834278,-9.96834278,1.33483696,-9.96834278,-9.96834278,1.44819832,-9.96834278,1.98246479,-9.96834278,2.07798243,1.15764141,-9.96834278,1.34998798,1.2636385,1.40888596,-9.96834278,0.9796772,0.708151817,0.749743462,0.880693436,1.11411381,0.732923508,0.992980003,1.04630756,1.14370728,1.28256226,0.760975838,0.766153336,0.685303688,0.710334778,0.870358467,1.25671196,1.07880974,1.14969254,1.11263275,3.89702559,3.71347904,0.858660698,0.72777462,0.709788322,0.846470833,1.14215183,0.811146736,1.26208305,0.826749802,0.965643883,1.30780411,1.21448326,0.796116829,0.973400116,0.869847298,0.915973663,1.0652771,1.57755089,0.969427109,0.684687614,0.80331707,1.01028061,1.16321087,1.06533051,0.868782997,2.42220068,0.496209145,0.236718178,0.435664177,0.417557716,0.0173654556,-0.048699379,0.27977562,0.456510544,0.613675117,-0.0401992798,1.08028126,0.491081238,-0.00722408295,0.390228271,0.273280144,0.390726089,0.528879166,0.67484951,0.486676216,0.428085327,0.408782959,0.351146698,0.825469017,0.514060974,0.781638145,1.10278893,0.960863113,0.452721596,0.267933846,0.357982635,0.501961708,1.17133522,0.255797386,0.678496361
2026-08-26T14:44:53.495+00:00	1211.625	FLAGS protocol=asd-quality-v1.6.0 mode=READY state=CALIBRATED_NORMAL waiting=0 learning=0 learned=1 anomaly=0 hold=0 fault=0 green=on red=off guided25_available=1 workflow_pending=DEFAULT research_telemetry=1 profile_persistence_allowed=0 dropped=0
2026-08-26T14:44:58.397+00:00	1216.515	QUALITY protocol=asd-quality-v1.6.0 phase=DET index=37 total=0 result=OK metrics_valid=1 samples=159744 expected=159744 rms_dbfs=-49.638 dc=-0.480 peak=475 clipped=0 zeros=584 stuck=392 dropped_delta=0 feature_valid=1 tonalness_valid=1 tonalness_proxy=3.564129 tonal_gate=pending_normal_only
2026-08-26T14:44:58.522+00:00	1216.656	DET 37 score=2190.26562 lo=0 hi=2832.83325 led=1 anom=0 total_anom=0 hold=0 normal (uzastopnih=0 nivo=-49.6 dBFS racun=716 ms)
2026-08-26T14:44:58.537+00:00	1216.672	FEATURE96 protocol=asd-research-v1.0.0 session=1 phase=DET window=37 window_start_ms=1206032 window_end_ms=1215298 score=2190.26562 level_dbfs=-49.6376076 quality=OK tonalness_proxy=3.56412888 dims=96 fnv1a=05b5ac62 values=-10.1564779,-10.1564779,1.72408295,-10.1564779,-10.1564779,1.58037472,-10.1564779,1.84441185,-10.1564779,1.95518446,1.39933205,-10.1564779,1.35832787,1.5932312,1.46411896,-10.1564779,1.1617384,0.812821388,0.902691841,0.970585823,0.824480057,1.05043983,1.12421036,0.985752106,1.12900829,1.37657833,1.26193619,1.28242111,1.34098053,1.48367977,1.41456604,1.56471634,1.67894459,1.35634422,1.18346119,3.56412888,3.19444656,1.34144592,0.963576317,0.808080673,1.26116562,1.27340031,0.847801208,1.29095364,0.868031502,0.9765625,1.3206749,1.09279823,0.979971886,0.941937447,1.07429123,1.01594448,0.856311798,1.56684971,0.778624535,0.646289825,0.655887604,0.852894783,0.981313705,0.989379883,0.716244698,2.39291716,0.455102921,0.193572044,0.453866959,0.15590477,-0.0533189774,-0.152305603,0.201745033,0.235098839,0.476861954,-0.0591306686,0.660662651,0.171629906,-0.0813426971,0.142522812,0.163520813,0.266704559,0.423762321,0.532821655,0.335045815,0.314692497,0.253404617,0.388599396,0.54872036,0.388615608,0.680363655,1.27987289,0.802308083,0.354784966,0.351083755,0.18228817,0.389248848,0.960769653,0.247760773,0.510055542
2026-08-26T14:44:58.546+00:00	1216.672	FLAGS protocol=asd-quality-v1.6.0 mode=READY state=CALIBRATED_NORMAL waiting=0 learning=0 learned=1 anomaly=0 hold=0 fault=0 green=on red=off guided25_available=1 workflow_pending=DEFAULT research_telemetry=1 profile_persistence_allowed=0 dropped=0
2026-08-26T14:44:58.663+00:00	1216.797	SUBSEG96 protocol=asd-research-v1.0.0 session=1 phase=DET window=37 group=1 segments=8 dims=96 fnv1a=0e9fb089 values=-10.0425568,-10.0425568,1.41487408,-10.0425568,-10.0425568,1.2533989,-10.0425568,1.72864723,-10.0425568,1.96934366,1.24344444,-10.0425568,1.46695328,2.04251337,2.01846743,-10.0425568,1.37137032,0.696528435,0.978507996,1.11588192,0.93910408,0.969885826,1.14365673,0.906494141,1.07910538,1.56382656,1.12310505,1.17220783,1.00390625,1.31127071,1.30425072,1.42562008,1.31185818,1.09273243,1.21486759,3.84111643,3.59924126,0.69010067,0.854095459,0.686205864,1.05724049,0.953001976,0.862634659,1.33981037,0.512329102,0.933531761,1.27767658,1.06764984,0.782065392,0.87714386,1.08137798,0.88890934,0.850595474,1.33626747,0.871499062,0.711442947,0.717782974,0.907928467,1.08395863,1.05471992,0.754585266,2.3496213,0.475298882,0.203731537,0.395350456,0.229093552,-0.0319023132,-0.126634598,0.153049469,0.409417152,0.574796677,0.0690355301,0.959068298,0.372774124,-0.0122098923,0.256156921,0.117063522,0.313826561,0.44880867,0.56688118,0.264390945,0.398944855,0.28686142,0.301339149,0.654149055,0.465127945,0.674362183,1.0006218,0.907733917,0.38907814,0.190800667,0.272092819,0.422316551,1.1471529,0.213758469,0.573923111
2026-08-26T14:44:58.769+00:00	1216.890	SUBSEG96 protocol=asd-research-v1.0.0 session=1 phase=DET window=37 group=2 segments=8 dims=96 fnv1a=445af48b values=-10.263195,-10.263195,2.12940264,-10.263195,-10.263195,1.82573986,-10.263195,1.85467911,-10.263195,1.9405365,1.51625443,-10.263195,1.56742001,1.40704441,1.12483883,-10.263195,1.31993771,0.942900658,1.10946655,1.22434616,1.03415298,1.40024757,1.40161037,0.98312664,1.25792694,1.443223,1.36561108,1.39543343,1.65178013,1.70624924,1.64419365,1.76394129,1.88324451,1.50020599,1.05829811,3.62992907,3.3134532,1.41996288,1.04612637,0.850183487,1.25244999,1.35916328,0.976122856,1.35297394,1.04025936,1.18856144,1.31124783,1.19062138,1.05793476,0.9515028,1.0398283,0.956595421,0.799628258,1.38651085,0.671942711,0.696162224,0.650339127,0.77076149,0.870643616,0.900894165,0.617313385,2.19311666,0.255094528,0.149243355,0.272629738,0.0350065231,-0.0388622284,-0.0538911819,0.215838432,0.171497345,0.364544868,0.0447702408,0.715063095,0.114156723,-0.101788521,0.131790161,0.0286045074,0.16862011,0.467423439,0.422025681,0.251253128,0.267552376,0.155282974,0.21989727,0.613844872,0.289025307,0.547523499,0.77691555,0.605098724,0.241333961,0.108565331,0.0931959152,0.250283241,0.912528992,0.0857868195,0.379746437
2026-08-26T14:44:58.875+00:00	1217.000	SUBSEG96 protocol=asd-research-v1.0.0 session=1 phase=DET window=37 group=3 segments=8 dims=96 fnv1a=9ecf6429 values=-10.1678743,-10.1678743,1.16619778,-10.1678743,-10.1678743,1.06059742,-10.1678743,1.76651955,-10.1678743,1.93302965,1.25905895,-10.1678743,1.04524994,1.12528038,0.864152908,-10.1678743,1.01819134,0.908872604,0.671012878,0.748747826,0.75512886,0.718895912,0.97121048,1.19684029,1.03907967,1.38573742,1.49986362,1.57990742,1.49927902,1.71147919,1.61077404,1.7741251,1.88364506,1.60028934,1.25783443,3.30393171,3.18034267,1.71756172,1.10587502,0.9463377,1.44264412,1.37266827,0.948497772,1.24311352,1.08485222,1.09314537,1.45546246,1.24498749,1.17085552,1.11124325,1.16757584,1.12826252,0.948018074,1.24162865,0.888132095,0.682416916,0.663856506,0.935323715,1.06010723,1.08363724,0.750632286,2.48635101,0.527807236,0.1531744,0.588708878,0.152033806,0.00523281097,-0.204539299,0.212774277,0.122459412,0.465651512,-0.114409447,0.651981354,0.16358757,-0.0188903809,0.229161263,0.150336266,0.216294289,0.358138084,0.624619484,0.3478508,0.322434425,0.287884712,0.252469063,0.619115829,0.367383957,0.763587952,1.15557861,0.733490944,0.340283394,0.157641411,0.164025307,0.35651207,0.950984001,0.18072319,0.550460815
2026-08-26T14:44:58.982+00:00	1217.109	SUBSEG96 protocol=asd-research-v1.0.0 session=1 phase=DET window=37 group=4 segments=7 dims=96 fnv1a=cfe5d0d7 values=-9.9985075,-9.9985075,1.32890415,-9.9985075,-9.9985075,1.48320675,-9.9985075,1.88441181,-9.9985075,2.03454399,1.42168522,-9.9985075,1.16765022,1.57633972,1.28042316,-9.9985075,0.751614571,0.82092762,0.90089035,0.815062523,0.645209312,0.663584709,0.866944313,0.983777046,1.28604698,1.30500698,1.10747528,0.952043533,0.816975594,0.75139904,0.876951218,1.18340397,1.32349968,0.91335392,1.17164135,3.49863338,2.32376671,1.0639658,0.928836823,0.67198658,1.25662613,1.16331291,0.758363724,1.40279102,0.557785034,0.662136078,1.5048914,0.915409088,0.881225586,0.941590309,1.15759277,1.22704124,1.00043678,1.84972,0.682559013,0.617787361,0.796836853,1.03503704,0.997988701,1.16180134,0.939932823,2.56605721,0.568790436,0.375466347,0.626197815,0.353010178,0.0545492172,-0.0809402466,0.331936836,0.377511024,0.622903824,-0.0730905533,0.452811241,0.193173409,0.00195407867,0.210357666,0.382264137,0.43792057,0.518585205,0.708450317,0.538614273,0.426117897,0.41088295,0.597892761,0.473367691,0.511015892,0.884482384,1.68165874,1.05984783,0.591795921,0.700792313,0.372479439,0.495632172,1.09852695,0.520004272,0.68608284
2026-08-26T14:44:59.088+00:00	1217.218	SUBSEG96 protocol=asd-research-v1.0.0 session=1 phase=DET window=37 group=5 segments=7 dims=96 fnv1a=01de4f18 values=-10.052165,-10.052165,1.65903282,-10.052165,-10.052165,1.87034893,-10.052165,2.12948847,-10.052165,2.12328386,1.62445736,-10.052165,1.42457581,1.66840553,1.50227928,-10.052165,1.16215706,0.704348564,0.819298744,0.665143013,0.58754158,0.930321693,0.954638481,0.89908886,1.094841,1.24748421,0.988022804,0.684963226,0.584914207,1.04580975,0.866028786,1.13076973,1.50409508,1.24334049,1.40812969,3.58356476,1.9470129,0.95810318,0.918199539,0.926685333,1.35537338,1.46191883,0.659902573,1.30328465,0.747197151,0.660802841,1.15734768,1.00390339,0.95824337,0.921556473,1.12741661,1.04873657,0.895522118,1.98479176,0.936004639,0.675998688,0.671650887,0.829666138,1.10829639,0.953044891,0.760795593,2.58360434,0.671854019,0.332720757,0.584937096,0.270837784,-0.0677986145,-0.142986298,0.30248642,0.331979752,0.61562252,-0.118897438,0.412276268,0.215110779,-0.0701675415,0.0364789963,0.374781609,0.452800751,0.531580925,0.568904877,0.502897263,0.400175095,0.376517296,0.732363701,0.463400841,0.564676285,0.76338768,1.65673923,0.95621109,0.466662407,0.680243492,0.266744614,0.652744293,0.890503883,0.466979027,0.613327026
2026-08-26T14:45:03.516+00:00	1221.640	FLAGS protocol=asd-quality-v1.6.0 mode=READY state=CALIBRATED_NORMAL waiting=0 learning=0 learned=1 anomaly=0 hold=0 fault=0 green=on red=off guided25_available=1 workflow_pending=DEFAULT research_telemetry=1 profile_persistence_allowed=0 dropped=0
2026-08-26T14:45:08.370+00:00	1226.500	QUALITY protocol=asd-quality-v1.6.0 phase=DET index=38 total=0 result=OK metrics_valid=1 samples=159744 expected=159744 rms_dbfs=-48.191 dc=-0.508 peak=645 clipped=0 zeros=488 stuck=294 dropped_delta=0 feature_valid=1 tonalness_valid=1 tonalness_proxy=3.493327 tonal_gate=pending_normal_only
2026-08-26T14:45:08.380+00:00	1226.500	DET 38 score=13891.874 lo=0 hi=2832.83325 led=1 anom=0 total_anom=0 hold=1 iznad praga (uzastopnih=0 nivo=-48.2 dBFS racun=716 ms)
2026-08-26T14:45:08.404+00:00	1226.531	FLAGS protocol=asd-quality-v1.6.0 mode=OBSERVATION_HOLD state=OBSERVATION_HOLD waiting=0 learning=0 learned=1 anomaly=0 hold=1 fault=0 green=pulse_1s red=off guided25_available=1 workflow_pending=DEFAULT research_telemetry=1 profile_persistence_allowed=0 dropped=0
2026-08-26T14:45:08.532+00:00	1226.656	FEATURE96 protocol=asd-research-v1.0.0 session=1 phase=DET window=38 window_start_ms=1216002 window_end_ms=1225272 score=13891.874 level_dbfs=-48.191185 quality=OK tonalness_proxy=3.49332666 dims=96 fnv1a=ba9aeb65 values=-10.0982389,-10.0982389,1.48399162,-10.0982389,-10.0982389,1.36530495,-10.0982389,1.86347485,-10.0982389,2.03727579,1.33367729,-10.0982389,1.34154606,1.64992142,1.49103355,-10.0982389,1.00425434,0.753577232,0.783696175,0.970092773,0.969382286,0.746376991,0.801075935,0.948800087,1.15914631,1.43487358,0.958443642,0.880748749,0.768809319,0.890193939,1.06987095,1.27681255,1.55351639,1.389081,2.39432907,3.49332666,1.56455898,0.89706707,0.668642998,0.669315338,1.31703949,1.28714752,0.871814728,1.1045475,0.631418228,0.749590874,1.13610935,0.850642204,0.789292336,0.933023453,0.996977806,0.937355042,1.75740814,1.68402481,0.814252853,0.644102097,0.659474373,0.894698143,0.967907906,0.956442833,1.81477928,2.37069893,0.423190117,0.174278259,0.453146935,0.186896324,-0.0921297073,-0.232597351,0.17831707,0.211435318,0.464508057,-0.204202652,0.298772812,0.265519142,-0.148302078,0.018119812,0.313080788,0.348483086,0.655479431,0.732461929,0.479346275,0.402587891,0.665340424,0.706395149,0.584617615,0.519633293,0.983769417,1.19622517,0.873064995,0.711026192,0.340078354,0.374601364,1.08302593,0.818678856,1.28617287,0.933922768
2026-08-26T14:45:08.639+00:00	1226.765	SUBSEG96 protocol=asd-research-v1.0.0 session=1 phase=DET window=38 group=1 segments=8 dims=96 fnv1a=bf905a99 values=-10.0879316,-10.0879316,2.02727652,-10.0879316,-10.0879316,1.84499454,-10.0879316,2.09187841,-10.0879316,2.11127663,1.7048912,-10.0879316,1.70725727,1.88090706,1.61944199,-10.0879316,1.24187946,0.991848946,0.914114952,1.18646336,1.15953732,0.832624435,0.911388397,0.800066948,1.21643734,1.46608734,0.806349754,0.911213875,0.598018646,0.906485558,1.15183353,1.4350071,1.50072479,1.47521496,1.61486435,3.49751711,1.51823235,0.91235733,0.687129021,0.63949585,1.41130543,1.32451725,1.03987408,1.01344109,0.615519524,0.906541824,1.31981945,0.8522892,0.697498322,0.904633522,1.1248455,0.799238205,0.891469002,1.90367889,0.874479294,0.543688774,0.69502449,0.928184509,0.925995827,0.951334,0.769411087,2.51645708,0.590445518,0.273334503,0.555678368,0.181554794,-0.0613765717,-0.189259529,0.206103325,0.272176743,0.498612404,-0.160378456,0.421097755,0.191409111,-0.139165878,0.00491142273,0.302102089,0.328780174,0.574976921,0.629933357,0.426646233,0.436465263,0.287394524,0.728405952,0.490607262,0.442731857,0.878824234,1.51881886,0.871758461,0.521365166,0.419027328,0.271961212,0.760961533,0.646020889,0.583632469,0.566050529
2026-08-26T14:45:08.746+00:00	1226.875	SUBSEG96 protocol=asd-research-v1.0.0 session=1 phase=DET window=38 group=2 segments=8 dims=96 fnv1a=9a6eb454 values=-10.0604811,-10.0604811,1.18823242,-10.0604811,-10.0604811,1.19920063,-10.0604811,1.75473118,-10.0604811,1.97545004,1.25054932,-10.0604811,1.20915318,1.5377655,1.42101288,-10.0604811,0.77712059,0.819260597,1.0049696,0.904256821,0.619002342,0.582520485,0.886455536,1.08939552,1.27571297,1.53485394,0.963459015,0.78871727,0.469433784,0.866419792,1.38486385,1.56666279,1.84611511,1.21493912,2.75249195,3.51782179,1.39719868,0.936654091,0.608407974,0.753421783,1.31934071,1.45986176,0.806859016,1.0796566,0.600475311,0.834510803,1.04670811,0.81678009,0.651453018,0.98528862,0.983712196,1.04189014,2.01139402,1.2765007,0.763412476,0.586938858,0.609368324,0.860435486,0.9210186,0.854929924,2.22711325,2.15325737,0.427527428,0.252283096,0.45104599,0.140486717,-0.0119075775,-0.221276283,0.174634933,0.265209198,0.465924263,-0.17294693,0.279206276,0.287483215,-0.115838051,-0.0154476166,0.376538277,0.345209122,0.669558525,0.746453285,0.491417885,0.462067604,0.887652397,0.768984795,0.60912323,0.376921654,1.00694656,1.0204134,0.802201271,0.855812073,0.262678146,0.510104179,1.16133976,0.70519352,1.18266296,1.04909515
2026-08-26T14:45:08.853+00:00	1226.984	SUBSEG96 protocol=asd-research-v1.0.0 session=1 phase=DET window=38 group=3 segments=8 dims=96 fnv1a=efa1b7f6 values=-10.0567865,-10.0567865,1.1364975,-10.0567865,-10.0567865,0.938155174,-10.0567865,1.91341877,-10.0567865,2.28565121,1.33327293,-10.0567865,0.980187416,1.53732967,1.44557476,-10.0567865,0.885787964,0.722799301,0.760998726,1.13657284,1.13252544,0.651679993,0.952346802,1.10080528,1.14229488,1.40284634,0.958621025,0.797785759,0.67199707,0.79938221,0.963071823,1.13036251,1.4772253,1.46273136,2.33680773,3.5694418,1.29515934,0.925556183,0.892820358,0.706806183,1.23755836,1.34271049,0.888342857,1.13736629,0.719822884,0.781527519,1.12148094,0.900343895,0.848999023,0.974470139,1.03711605,0.962222099,1.9802084,1.6653986,0.872835159,0.677227974,0.616663933,0.824510574,0.92813015,0.990486145,1.52486801,2.50324154,0.386984825,0.142092705,0.379653931,0.190144539,-0.02987957,-0.213108063,0.110034943,0.171826363,0.438549042,-0.193216324,0.268912315,0.330021858,-0.218104362,0.0297088623,0.393911362,0.411746025,0.618994713,0.78381443,0.519722939,0.468891144,0.828151703,0.776436806,0.725147247,0.548668861,1.20318508,0.944038391,0.852806091,0.782880783,0.312117577,0.411898613,1.13491249,0.603411674,1.4576416,0.900224686
2026-08-26T14:45:08.960+00:00	1227.093	SUBSEG96 protocol=asd-research-v1.0.0 session=1 phase=DET window=38 group=4 segments=7 dims=96 fnv1a=f459f5c9 values=-10.0845976,-10.0845976,1.01608944,-10.0845976,-10.0845976,0.941749573,-10.0845976,1.75812817,-10.0845976,1.87608433,0.851362228,-10.0845976,1.39370728,1.79363441,1.58634949,-10.0845976,1.10051823,0.664077759,0.605950356,0.809206963,1.07467651,0.993001938,0.658068657,0.94478035,1.1551609,1.36824226,1.28120041,1.23024082,1.06439209,0.847597122,0.927117348,1.06671047,1.58385563,1.66928291,2.05508614,3.51765299,1.92486429,0.965500832,0.603479385,0.581187248,1.46994495,1.20098019,0.86416626,1.20112705,0.661314011,0.728032112,1.17184067,0.889037132,0.726599693,1.03975582,1.07533455,1.02583027,1.51541042,1.81772518,0.812552452,0.691635132,0.670172691,0.974831581,1.13255978,1.08218479,1.32483482,2.46762323,0.486894608,0.0742731094,0.531764984,0.259724617,-0.129357338,-0.165377617,0.251141548,0.232085228,0.548632622,-0.151484489,0.262921333,0.214784622,-0.138567924,0.10759449,0.300177574,0.33589077,0.490588188,0.82298851,0.503223419,0.360291481,0.565684319,0.705481529,0.635281563,0.571228027,0.92491436,1.23150444,0.953829765,0.662711143,0.392057419,0.3265028,0.920877457,0.944495201,1.31335831,0.877966881
2026-08-26T14:45:09.068+00:00	1227.187	SUBSEG96 protocol=asd-research-v1.0.0 session=1 phase=DET window=38 group=5 segments=7 dims=96 fnv1a=ee1a4592 values=-10.0545607,-10.0545607,0.834135056,-10.0545607,-10.0545607,1.18124104,-10.0545607,1.80959511,-10.0545607,1.9182272,1.14283371,-10.0545607,1.10189915,1.44865704,1.48623657,-10.0545607,0.991578102,0.514665604,0.566346169,0.711243629,0.698261261,0.695131302,0.581646919,0.869646072,1.11948109,1.525527,0.705916405,0.479113579,0.959953308,1.12605667,0.723050117,0.965023994,1.27342892,0.891975403,2.61393929,3.50571871,1.57791328,0.885783195,0.602878571,0.789058685,1.23321247,1.16179466,0.845803261,1.22870827,0.702655792,0.502948761,1.09121323,0.941884995,1.07143021,0.890285492,0.828941345,0.979142189,1.84487534,1.65930557,0.883410454,0.840709686,0.833241463,1.0195837,1.05729771,1.03283501,2.10741806,2.20074368,0.28117466,0.234316826,0.467272758,0.306860924,-0.102986336,-0.233598709,0.288788795,0.25278759,0.514858246,-0.202170372,0.378204346,0.429169655,0.00399398804,0.11042881,0.327951431,0.463712692,0.954694748,0.818449974,0.601825714,0.415306091,0.678165436,0.682918549,0.580859184,0.750100136,0.971446037,1.11589336,1.0196209,0.816310883,0.443330765,0.466199875,1.38304329,1.15112972,1.58711529,1.22584343
2026-08-26T14:45:09.070+00:00	1227.203	STATE protocol=asd-quality-v1.6.0 from=CALIBRATED_NORMAL to=OBSERVATION_HOLD reason=OBSERVATION_UNCERTAIN
2026-08-26T14:45:09.080+00:00	1227.203	EVENT protocol=asd-quality-v1.6.0 type=OBSERVATION_HOLD state=OBSERVATION_HOLD phase=DET reason=OBSERVATION_UNCERTAIN event=NONE capability=AVAILABLE level=DEVIATION
2026-08-26T14:45:13.397+00:00	1231.531	FLAGS protocol=asd-quality-v1.6.0 mode=OBSERVATION_HOLD state=OBSERVATION_HOLD waiting=0 learning=0 learned=1 anomaly=0 hold=1 fault=0 green=pulse_1s red=off guided25_available=1 workflow_pending=DEFAULT research_telemetry=1 profile_persistence_allowed=0 dropped=0
2026-08-26T14:45:18.345+00:00	1236.468	QUALITY protocol=asd-quality-v1.6.0 phase=DET index=39 total=0 result=OK metrics_valid=1 samples=159744 expected=159744 rms_dbfs=-45.443 dc=-0.516 peak=745 clipped=0 zeros=381 stuck=207 dropped_delta=0 feature_valid=1 tonalness_valid=1 tonalness_proxy=3.426613 tonal_gate=pending_normal_only
2026-08-26T14:45:18.355+00:00	1236.484	DET 39 score=36109.9219 lo=0 hi=2832.83325 led=1 anom=0 total_anom=0 hold=1 iznad praga (uzastopnih=0 nivo=-45.4 dBFS racun=716 ms)
2026-08-26T14:45:18.483+00:00	1236.609	FEATURE96 protocol=asd-research-v1.0.0 session=1 phase=DET window=39 window_start_ms=1226002 window_end_ms=1235246 score=36109.9219 level_dbfs=-45.4433899 quality=OK tonalness_proxy=3.42661333 dims=96 fnv1a=21328e0e values=-10.1366606,-10.1366606,1.1458416,-10.1366606,-10.1366606,0.935204506,-10.1366606,1.55090046,-10.1366606,1.62224388,1.09252834,-10.1366606,1.13198948,1.3200407,1.12933922,-10.1366606,0.780231476,0.520505905,0.555833817,0.750452995,1.0010004,1.03878403,1.04027081,1.17450428,1.1518383,1.35777473,0.792255402,0.64905262,0.608790398,0.626824379,0.945757866,1.14938545,1.16708755,2.46455574,3.42661333,2.33376884,1.37367439,0.762940407,0.469957352,0.401180267,0.947756767,1.05487728,0.744771957,1.00284481,0.517320633,0.816198349,0.999447823,0.79371357,0.84041214,0.766079903,0.97218895,2.08283043,1.42335224,1.03831768,0.685162544,0.547681808,0.848801613,0.847826958,0.912405014,2.50552225,2.49330807,1.14063263,0.154042244,-0.0568437576,0.188682556,0.0125522614,-0.21933651,-0.282270432,0.151019096,0.189034462,0.738600731,0.552936554,0.00225162506,-0.0163221359,-0.225390434,-0.0950717926,0.447191238,1.3906889,0.732416153,0.516107559,0.566993713,1.07041073,1.7256813,0.37268734,0.456908226,1.20213604,1.06019878,0.900830269,1.40724659,0.5837183,0.42913723,1.05911732,1.03114223,1.47537518,1.23748779,1.88143158
2026-08-26T14:45:18.495+00:00	1236.625	FLAGS protocol=asd-quality-v1.6.0 mode=OBSERVATION_HOLD state=OBSERVATION_HOLD waiting=0 learning=0 learned=1 anomaly=0 hold=1 fault=0 green=pulse_1s red=off guided25_available=1 workflow_pending=DEFAULT research_telemetry=1 profile_persistence_allowed=0 dropped=0
2026-08-26T14:45:18.613+00:00	1236.734	SUBSEG96 protocol=asd-research-v1.0.0 session=1 phase=DET window=39 group=1 segments=8 dims=96 fnv1a=f9156403 values=-10.1859236,-10.1859236,0.869318008,-10.1859236,-10.1859236,0.944839478,-10.1859236,1.88406515,-10.1859236,1.95973873,1.23374367,-10.1859236,0.975457191,0.952951431,1.02209473,-10.1859236,0.843621254,0.368498802,0.48927021,0.697187424,0.715513229,0.632431984,0.925390244,1.05515003,1.03378677,1.43588924,0.875685692,0.637503624,0.80509758,0.57190609,0.836184502,1.07516479,1.13948345,2.69326019,3.05201435,2.94946909,1.5561161,0.511252403,0.305123329,0.485211372,0.807727814,0.843788147,0.758810043,0.856841087,0.429141045,0.755440712,1.06637478,0.696797371,0.720482826,0.669242859,0.868415833,1.96023893,1.29409504,1.42584705,0.653097153,0.487218857,0.809353828,0.848924637,0.92076683,2.64093876,2.1622777,1.69545269,0.345693588,-0.102244377,0.124456406,0.0565395355,-0.247170448,-0.332756042,0.159560204,0.194700241,1.09772301,0.255953789,0.183422089,0.129057884,-0.279472351,-0.0362319946,0.618317604,1.09653282,0.988862991,0.782972336,0.550901413,1.51207066,1.46673012,0.477848053,0.527775764,1.31974506,1.15115261,1.00483036,1.59443569,0.786540031,0.685687065,1.08809376,1.29147053,1.17133522,1.37077427,1.54833031
2026-08-26T14:45:18.720+00:00	1236.843	SUBSEG96 protocol=asd-research-v1.0.0 session=1 phase=DET window=39 group=2 segments=8 dims=96 fnv1a=6b084876 values=-10.0717077,-10.0717077,1.11986637,-10.0717077,-10.0717077,0.907073021,-10.0717077,0.990433693,-10.0717077,1.22365093,0.772399902,-10.0717077,1.18275261,1.22814178,1.0264864,-10.0717077,0.886095047,0.723504066,0.821926117,1.02813435,1.03224659,1.35895729,1.19810677,1.14335155,1.06650352,1.02449322,0.574298859,0.782509804,0.627041817,0.707103729,0.909395218,1.09366417,1.24090576,2.7131114,3.48187065,0.895653725,1.3932991,0.807608604,0.450294495,0.242574692,0.949540138,1.06551266,0.70917511,1.15019131,0.505833626,1.04235458,0.95680809,0.861894608,0.806274414,0.742424011,0.977939606,2.29472494,0.830226898,0.839634895,0.652241707,0.743051529,0.983347893,0.861624718,0.899869919,2.71793604,2.64484692,0.423289299,0.227683067,0.0192518234,0.269650459,0.106250763,-0.117243767,-0.271069527,0.183740616,0.229984283,0.853416443,0.66709137,-0.0863647461,0.0486211777,-0.156329155,-0.0218877792,0.379324913,1.41582108,0.699357033,0.391217232,0.458666801,1.11385441,1.83066177,0.556715012,0.468102455,1.29089069,1.10899448,0.906285286,1.61333084,0.481216431,0.500108719,1.1673193,1.11601257,1.59697533,1.44142914,1.77239704
2026-08-26T14:45:18.828+00:00	1236.953	SUBSEG96 protocol=asd-research-v1.0.0 session=1 phase=DET window=39 group=3 segments=8 dims=96 fnv1a=e88f35f5 values=-10.0633011,-10.0633011,1.0952282,-10.0633011,-10.0633011,1.12688351,-10.0633011,1.41259861,-10.0633011,1.39192581,1.20071411,-10.0633011,1.28422451,1.32846642,0.941207886,-10.0633011,0.628055573,0.345236778,0.480293274,0.675109863,1.38994408,1.39392471,1.28634167,1.45001793,1.29196453,1.49560356,0.722383499,0.530862808,0.626232147,0.499549866,0.926887512,0.878903389,0.971758842,2.5634613,3.56338549,0.865182877,1.34852314,0.685846329,0.544507027,0.330848694,1.01680946,1.18017864,0.614112854,0.908502579,0.520990372,0.923399925,1.02031803,0.955150604,1.06467152,0.831057549,1.13382339,2.26201725,1.52279377,0.885428429,0.787498474,0.501059532,0.920391083,0.915675163,0.98939991,2.79939365,2.43013954,0.550621033,0.0375423431,-0.00186824799,0.302459717,0.0816068649,-0.225542068,-0.182267189,0.242012024,0.225481033,0.445179939,0.632304192,-0.0277280807,-0.0517807007,-0.200060844,-0.048453331,0.454525948,1.4059782,0.687486649,0.462255478,0.599197388,0.6655159,1.90066528,0.230750084,0.398580551,1.13165569,0.951272964,0.904525757,1.37865448,0.624300957,0.295481682,1.20449257,1.15980625,1.59269047,1.18774414,2.03241587
2026-08-26T14:45:18.933+00:00	1237.062	SUBSEG96 protocol=asd-research-v1.0.0 session=1 phase=DET window=39 group=4 segments=7 dims=96 fnv1a=3222a4f7 values=-10.04251,-10.04251,1.57065582,-10.04251,-10.04251,0.853574753,-10.04251,1.62868881,-10.04251,1.69233513,1.27836227,-10.04251,0.892235756,1.29913425,1.24756336,-10.04251,0.63896656,0.738692284,0.612553596,0.679355621,1.00156212,0.764712334,0.841942787,1.24266815,1.36690235,1.22942734,0.88257885,0.649876595,0.643777847,0.901374817,1.26110554,1.41299629,1.36023998,1.70922947,3.62366009,0.77436924,1.4445591,0.98993206,0.68459034,0.508271217,1.11675262,1.20589066,0.895485878,1.22650051,0.760728836,0.794330597,1.10614491,0.887544632,0.948801994,0.990249634,1.06296635,2.11514759,1.53755569,0.912214279,0.790316582,0.537397385,0.905667305,0.829388618,1.0241642,0.936290741,2.6855011,0.442035675,0.165127754,0.0367116928,0.228207588,0.0743322372,-0.13231945,-0.188631058,0.106755257,0.256014824,0.405905724,0.692235947,0.0539960861,-0.0209693909,-0.121039391,-0.0580224991,0.463763237,1.51022148,0.555909157,0.517902374,0.710891724,0.485836029,1.8961916,0.371742249,0.592337608,1.27953339,0.96561718,0.89022541,1.20617676,0.421067238,0.324614525,0.982745171,0.388474464,1.69868088,1.23268318,2.21017933
2026-08-26T14:45:19.041+00:00	1237.172	SUBSEG96 protocol=asd-research-v1.0.0 session=1 phase=DET window=39 group=5 segments=7 dims=96 fnv1a=1709a5ae values=-10.0666676,-10.0666676,1.131814,-10.0666676,-10.0666676,1.01780128,-10.0666676,1.48771763,-10.0666676,1.55966759,1.01521111,-10.0666676,1.40493393,1.75757599,1.49359608,-10.0666676,1.00557709,0.582042694,0.521095276,0.791722298,0.801710129,0.514462471,1.0238924,1.13538742,1.21780396,1.60803413,1.02912712,0.833662033,0.388995171,0.642086983,0.98910141,1.39223766,1.31233692,1.74768066,3.56876087,1.13422489,1.21579361,0.995718002,0.599320412,0.598592758,1.09455395,1.20577908,0.943865776,1.07635021,0.605059624,0.704427719,1.06988525,0.795175552,0.863012314,0.837083817,1.0552702,1.88098907,1.78692532,0.710609436,0.788547516,0.666279793,0.854385376,1.00746059,0.970783234,1.76448631,2.69311285,0.586972237,0.0742759705,0.0169668198,0.259757042,-0.053437233,-0.129077911,-0.184876442,0.279668808,0.284795761,0.358311653,0.714323044,0.0145015717,-0.0375480652,-0.114936829,-0.0974149704,0.456892967,1.68484211,0.705245972,0.407445908,0.739850998,0.467063904,1.71673107,0.342969894,0.512823105,1.15308762,1.26066208,0.990506172,1.14609337,0.651917458,0.288926125,1.01747131,0.72385788,1.48980808,0.968037605,1.94513607
2026-08-26T14:45:23.407+00:00	1241.531	FLAGS protocol=asd-quality-v1.6.0 mode=OBSERVATION_HOLD state=OBSERVATION_HOLD waiting=0 learning=0 learned=1 anomaly=0 hold=1 fault=0 green=pulse_1s red=off guided25_available=1 workflow_pending=DEFAULT research_telemetry=1 profile_persistence_allowed=0 dropped=0
2026-08-26T14:45:28.384+00:00	1246.515	QUALITY protocol=asd-quality-v1.6.0 phase=DET index=40 total=0 result=OK metrics_valid=1 samples=159744 expected=159744 rms_dbfs=-46.117 dc=-0.501 peak=805 clipped=0 zeros=423 stuck=239 dropped_delta=0 feature_valid=1 tonalness_valid=1 tonalness_proxy=3.457238 tonal_gate=pending_normal_only
2026-08-26T14:45:28.393+00:00	1246.515	DET 40 score=34369.6797 lo=0 hi=2832.83325 led=1 anom=0 total_anom=0 hold=1 iznad praga (uzastopnih=0 nivo=-46.1 dBFS racun=716 ms)
2026-08-26T14:45:28.524+00:00	1246.656	FEATURE96 protocol=asd-research-v1.0.0 session=1 phase=DET window=40 window_start_ms=1235952 window_end_ms=1245284 score=34369.6797 level_dbfs=-46.1165657 quality=OK tonalness_proxy=3.45723772 dims=96 fnv1a=ca25546b values=-10.1174707,-10.1174707,1.20574093,-10.1174707,-10.1174707,1.10103989,-10.1174707,1.32038879,-10.1174707,1.32243252,0.941200256,-10.1174707,0.92522049,1.28545284,1.33937454,-10.1174707,0.928607941,0.555798531,0.635562897,0.792045593,0.718504906,0.827425003,0.767979622,0.888278008,1.13860035,1.41098881,0.843585968,0.845490456,0.749586105,0.72287178,0.741547585,0.942264557,1.32067394,2.26446342,3.45723772,2.32306719,1.51195335,0.90103817,0.552764893,0.476945877,1.06754303,1.21589565,0.699334145,1.13800144,0.505591393,0.844200134,1.13677883,0.838564873,0.884567261,0.762932777,0.892392159,1.97478962,1.48463345,1.03732586,0.711290359,0.511870384,0.876418114,0.856157303,0.937859535,2.51598167,2.76391792,1.25729179,0.279510498,0.102463722,0.19110775,0.014090538,-0.239459038,-0.27780056,0.155575752,0.25363636,0.736974716,0.859523773,0.00482368469,-0.0200357437,-0.178722382,-0.104057312,0.41135025,1.30524254,0.800439835,0.434306145,0.518362045,1.09730911,1.81007481,0.385033607,0.46726799,1.1428566,1.02369785,0.875152588,1.06670666,0.966341019,0.460679054,1.27464008,0.886111259,1.16193008,0.840986252,1.56241131
2026-08-26T14:45:28.534+00:00	1246.656	FLAGS protocol=asd-quality-v1.6.0 mode=OBSERVATION_HOLD state=OBSERVATION_HOLD waiting=0 learning=0 learned=1 anomaly=0 hold=1 fault=0 green=pulse_1s red=off guided25_available=1 workflow_pending=DEFAULT research_telemetry=1 profile_persistence_allowed=0 dropped=0
2026-08-26T14:45:28.653+00:00	1246.781	SUBSEG96 protocol=asd-research-v1.0.0 session=1 phase=DET window=40 group=1 segments=8 dims=96 fnv1a=74b783e4 values=-10.0827475,-10.0827475,1.07122803,-10.0827475,-10.0827475,1.02946091,-10.0827475,1.18837261,-10.0827475,1.06301689,0.873241425,-10.0827475,0.836072922,1.00638676,1.01758003,-10.0827475,0.754057884,0.53937149,0.7129879,0.727710724,0.567884445,0.461402893,0.770515442,0.87573719,1.30772877,1.55819798,0.946103096,0.912587166,0.880662918,0.949733734,0.840950966,0.836289406,1.17794704,2.6521492,3.44953108,1.94026852,1.40552616,0.976047516,0.595248222,0.418964386,1.23961067,1.34851933,0.719144821,0.919021606,0.555311203,0.996993065,1.12621593,0.989508629,0.939415932,0.884770393,0.932646751,1.79376316,1.66142464,0.85731411,0.683717728,0.560368538,0.894165039,0.90128994,0.980354309,2.64823246,2.59497976,0.535323143,0.209590912,0.0407867432,0.237832069,0.187493324,-0.290037155,-0.234910965,0.0912752151,0.217213631,1.28075027,0.521816254,-0.113335609,0.153629303,-0.235098839,-0.0641841888,0.414938927,1.27184582,1.12961006,0.507017136,0.550775528,1.70632553,1.28635979,0.0920152664,0.338287354,1.02517033,1.25569344,0.943676949,1.37725639,0.818131447,0.44661808,0.883454323,1.17749977,1.32820797,1.21151543,1.78967953
2026-08-26T14:45:28.761+00:00	1246.890	SUBSEG96 protocol=asd-research-v1.0.0 session=1 phase=DET window=40 group=2 segments=8 dims=96 fnv1a=ed54b3a4 values=-10.0507498,-10.0507498,1.27247524,-10.0507498,-10.0507498,1.07469463,-10.0507498,1.39689445,-10.0507498,1.35950089,0.856703758,-10.0507498,0.682627678,1.24505424,1.34353924,-10.0507498,0.989658356,0.419591904,0.351653099,0.618831635,0.667190552,1.06178951,0.843332291,0.750795364,1.10429287,1.40881157,0.806480408,0.683039665,0.756807327,0.789204597,0.697584152,0.928389549,1.38018227,2.00217342,3.50597477,2.68422461,1.47545338,0.65299511,0.577287674,0.537936211,1.10380936,1.30611897,0.711556435,1.39907932,0.348193169,0.84678936,1.18148804,0.807008743,0.958107948,0.719296455,0.916796684,1.92594147,1.78439617,1.08912849,0.812756538,0.664375305,0.867300987,0.985028267,1.04386902,2.40253544,2.63527966,1.59684849,0.28553009,0.10922718,0.280111313,0.0695610046,-0.153064728,-0.20376873,0.186537743,0.377782822,0.388442993,0.643304825,-0.0145730972,0.0110692978,-0.20277977,0.00553512573,0.490021706,1.47380829,0.601433754,0.351981163,0.602131844,0.620717049,1.86216068,0.313954353,0.336526871,1.09917355,1.09108257,1.03489399,1.08286381,0.713651657,0.223761559,0.959997177,0.944993019,1.33056164,0.695159912,1.76346302
2026-08-26T14:45:28.869+00:00	1247.000	SUBSEG96 protocol=asd-research-v1.0.0 session=1 phase=DET window=40 group=3 segments=8 dims=96 fnv1a=23aa92ec values=-10.1149664,-10.1149664,1.41645145,-10.1149664,-10.1149664,1.18954563,-10.1149664,1.19131756,-10.1149664,1.34738541,0.761545181,-10.1149664,0.932696342,1.20400047,1.33907604,-10.1149664,1.00108814,0.611750603,0.871647835,1.03009605,0.950896263,1.08340263,0.62134552,0.856122971,0.991018295,1.42518616,0.902080536,0.771027565,0.623634338,0.77169323,0.619551659,1.10853386,1.28086662,1.99752617,3.41417837,2.68633938,1.34222031,0.802149773,0.534175873,0.484760284,1.05981159,1.17750454,0.682385445,1.05249596,0.581150055,0.832594872,1.11395931,0.835833549,0.867903709,0.732899666,0.875888824,1.99907923,1.19446087,1.30574989,0.750940323,0.330221176,0.919549942,0.779644966,0.857326508,2.25201178,2.92580462,1.64774132,0.38101387,0.114911079,0.188269615,-0.0602712631,-0.262067795,-0.246069908,0.314464569,0.248558998,0.369445801,0.965605736,0.186899185,-0.0460443497,-0.0909137726,-0.106589317,0.395499229,1.32518864,1.01042461,0.617692947,0.514930725,0.475301743,1.86625576,0.68875885,0.529816628,1.20250511,0.842614174,0.889092445,0.97994709,0.998028755,0.507708549,1.35973072,0.793054581,1.06966209,0.775772095,1.18231106
2026-08-26T14:45:28.975+00:00	1247.109	SUBSEG96 protocol=asd-research-v1.0.0 session=1 phase=DET window=40 group=4 segments=7 dims=96 fnv1a=9902ad98 values=-10.0350037,-10.0350037,1.14540768,-10.0350037,-10.0350037,1.27667904,-10.0350037,0.989391327,-10.0350037,0.758911133,0.987483978,-10.0350037,1.23780632,1.50115395,1.46491241,-10.0350037,1.13188553,0.662528038,0.618125916,0.71681118,0.753047943,0.732065201,0.658110619,0.913825989,1.23642921,1.21533585,0.699054718,1.26033497,1.05578423,0.622322083,0.921935081,1.09668732,1.70133781,1.83908272,3.61759663,0.910739899,1.4470892,0.649894714,0.662055969,0.531997681,0.982070923,1.25160789,0.882147789,1.17643833,0.661586761,0.880365372,1.20422173,0.819900513,0.913920403,0.918185234,1.01041317,2.12733221,1.56513023,0.905445099,0.780377388,0.571413994,0.979084969,0.955755234,0.973737717,1.57928371,2.91759729,0.476892471,0.335689545,0.270864487,0.241721153,-0.0141801834,-0.0844249725,-0.16344738,0.1889534,0.3808918,0.421031952,1.10828972,0.070857048,-0.0512151718,0.0147075653,-0.00232124329,0.426157951,1.32864571,0.36794281,0.452355385,0.635512352,0.502859116,1.95890808,0.44108963,0.731739044,1.33513737,1.01719952,0.864091873,0.867610931,1.01453495,0.594909668,1.44966793,0.681492805,1.14242172,0.641540527,1.56023788
2026-08-26T14:45:29.082+00:00	1247.203	SUBSEG96 protocol=asd-research-v1.0.0 session=1 phase=DET window=40 group=5 segments=7 dims=96 fnv1a=42e973bb values=-10.1099348,-10.1099348,1.1891737,-10.1099348,-10.1099348,1.09936428,-10.1099348,1.68031693,-10.1099348,1.70124626,1.2600975,-10.1099348,0.994949341,1.51820087,1.57643223,-10.1099348,0.90523243,0.692528725,0.600447655,0.878675461,0.715484619,0.598742485,1.01822472,1.1405983,1.19558811,1.52284241,0.964982033,0.472190857,0.439411163,0.494074821,0.792648315,0.856231689,1.04525375,2.41552544,3.49420452,1.26276016,1.86598492,1.26118565,0.59198761,0.592292786,1.07491112,1.15399551,0.690716743,1.2124691,0.524583817,0.823717117,1.24756432,0.888363838,0.930391312,0.725976944,0.923214912,2.15275526,0.98489666,1.00324154,0.712620735,0.583852768,0.912218094,0.839733124,1.01424026,2.9264226,2.83475876,0.461111069,0.351474762,0.16292572,0.195373535,0.0258369446,-0.21774292,-0.365456581,0.133852005,0.226031303,0.359498978,1.02264118,0.0108852386,-0.0293416977,-0.220492363,-0.174519539,0.51186657,1.28783703,0.419838905,0.331109047,0.476592064,0.625247955,2.00776529,0.312368393,0.51080513,1.2097187,0.99519062,0.784568787,0.977892876,1.27151108,0.628474236,1.56212616,0.801576614,1.03084278,0.724385262,1.47002697
2026-08-26T14:45:33.417+00:00	1251.547	FLAGS protocol=asd-quality-v1.6.0 mode=OBSERVATION_HOLD state=OBSERVATION_HOLD waiting=0 learning=0 learned=1 anomaly=0 hold=1 fault=0 green=pulse_1s red=off guided25_available=1 workflow_pending=DEFAULT research_telemetry=1 profile_persistence_allowed=0 dropped=0
2026-08-26T14:45:38.357+00:00	1256.484	QUALITY protocol=asd-quality-v1.6.0 phase=DET index=41 total=0 result=OK metrics_valid=1 samples=159744 expected=159744 rms_dbfs=-45.885 dc=-0.511 peak=677 clipped=0 zeros=386 stuck=239 dropped_delta=0 feature_valid=1 tonalness_valid=1 tonalness_proxy=3.540144 tonal_gate=pending_normal_only
2026-08-26T14:45:38.367+00:00	1256.500	DET 41 score=40452.2383 lo=0 hi=2832.83325 led=1 anom=0 total_anom=0 hold=0 iznad praga (uzastopnih=1 nivo=-45.9 dBFS racun=716 ms)
2026-08-26T14:45:38.496+00:00	1256.625	FEATURE96 protocol=asd-research-v1.0.0 session=1 phase=DET window=41 window_start_ms=1245992 window_end_ms=1255259 score=40452.2383 level_dbfs=-45.8853989 quality=OK tonalness_proxy=3.54014444 dims=96 fnv1a=b9c69387 values=-10.0929146,-10.0929146,0.950656891,-10.0929146,-10.0929146,0.907813072,-10.0929146,1.33228588,-10.0929146,1.34044361,0.94665432,-10.0929146,1.01957893,1.37277889,1.37255955,-10.0929146,0.896278381,0.514077187,0.665200233,0.909778595,0.779623032,0.615427017,0.914681435,1.09262657,1.20716095,1.42036057,0.778100014,0.696614265,0.617338181,0.552318573,0.793365479,1.06072235,1.26624966,2.05589676,3.54014444,1.20212364,1.32081032,0.691712379,0.597698212,0.403481483,1.05143929,1.17512131,0.885712624,1.12826347,0.561286926,0.918560028,1.11423206,0.950680733,0.91532135,0.809846878,0.940319061,2.00958252,1.48609447,0.85832119,0.732671738,0.580722809,0.822504044,0.904714584,0.904766083,2.34492683,2.90608931,0.43916893,0.255321503,0.201951027,0.236832619,0.041595459,-0.130774498,-0.206194878,0.156290054,0.310608864,0.33088398,1.07457447,0.00735473633,-0.0424795151,-0.0112018585,-0.0983228683,0.454434395,1.52402973,0.732920647,0.532764435,0.596793175,0.680912971,1.99138737,0.326603889,0.588404655,1.14063549,1.30761909,0.937602043,1.22335148,1.17323112,0.595786095,1.51091766,0.885442734,1.2955904,1.00031757,1.84316254
2026-08-26T14:45:38.508+00:00	1256.640	FLAGS protocol=asd-quality-v1.6.0 mode=OBSERVATION_HOLD state=OBSERVATION_HOLD waiting=0 learning=0 learned=1 anomaly=0 hold=1 fault=0 green=pulse_1s red=off guided25_available=1 workflow_pending=DEFAULT research_telemetry=1 profile_persistence_allowed=0 dropped=0
2026-08-26T14:45:38.627+00:00	1256.750	SUBSEG96 protocol=asd-research-v1.0.0 session=1 phase=DET window=41 group=1 segments=8 dims=96 fnv1a=167b01ac values=-10.0743189,-10.0743189,1.08565903,-10.0743189,-10.0743189,1.00515461,-10.0743189,1.28375053,-10.0743189,1.36238003,1.08928871,-10.0743189,0.858495712,1.11929893,1.03121567,-10.0743189,0.918463707,0.589066505,0.629642487,0.952108383,0.829648018,0.713859558,0.749390602,0.939865112,1.28458595,1.59645462,0.96320343,0.758328438,0.341366768,0.519965172,0.763866425,0.960309029,1.35471249,2.47210884,3.56839466,0.962230682,1.35514736,0.74657917,0.662267685,0.39751339,1.07077408,1.27095413,1.04888153,1.31331539,0.723250389,1.06302261,1.08489895,0.829650879,0.937038422,0.792427063,0.901323318,2.24580193,1.16462898,0.930939674,0.588861465,0.511860847,0.867290497,0.919900894,0.909556389,2.81672478,2.96351051,0.438006401,0.436851501,0.177175522,0.163433075,-0.0243825912,-0.0464277267,-0.188741684,0.18747139,0.279614449,0.343539238,1.09433174,-0.0372667313,-0.0445613861,-0.0277929306,-0.0658769608,0.574653625,1.43190956,0.469543457,0.372868538,0.555334091,0.629937172,2.00191212,0.379897118,0.581572533,1.33601475,1.08754158,0.839491844,0.915974617,1.22631454,0.738740921,1.51220989,0.850996017,1.15516186,0.784322739,1.64577961
2026-08-26T14:45:38.733+00:00	1256.859	SUBSEG96 protocol=asd-research-v1.0.0 session=1 phase=DET window=41 group=2 segments=8 dims=96 fnv1a=2535671c values=-10.1046944,-10.1046944,0.786104202,-10.1046944,-10.1046944,0.790024757,-10.1046944,1.42854786,-10.1046944,1.43503952,0.960999489,-10.1046944,1.25591946,1.56913662,1.53738403,-10.1046944,0.694422722,0.615013123,0.975852013,1.21341515,1.06626987,0.764461517,0.949936867,1.19508934,1.21170616,1.38339329,0.723909378,0.800088882,0.819570541,0.468455315,0.899969101,1.26093674,1.35549164,1.71073723,3.4830327,1.42034054,1.1412096,0.750807762,0.548542023,0.208602905,1.09986401,1.13733864,0.72062397,1.09089279,0.615755081,0.861112595,1.05164719,1.07567883,0.90875721,0.820425987,0.838147163,1.86735058,1.60621166,0.912204742,0.687168121,0.594307899,0.85280323,0.799902916,0.814840317,1.88624668,2.87283087,0.45635891,0.219168663,0.259037018,0.335963249,0.11548996,-0.257089615,-0.253807068,0.139351845,0.303197861,0.355732918,1.00168228,0.014875412,-0.0190763474,0.0281791687,-0.149009705,0.477478027,1.48162079,0.864890099,0.608468056,0.57349968,0.748633385,1.90031099,0.286600113,0.615588188,1.030653,1.3341732,0.951717377,1.18175983,1.0900631,0.603072166,1.37710094,0.831894875,1.14421558,0.878135681,1.76909161
2026-08-26T14:45:38.842+00:00	1256.968	SUBSEG96 protocol=asd-research-v1.0.0 session=1 phase=DET window=41 group=3 segments=8 dims=96 fnv1a=7856aff6 values=-10.070262,-10.070262,0.845967293,-10.070262,-10.070262,0.905942917,-10.070262,1.38302708,-10.070262,1.21841812,0.914318085,-10.070262,0.910774231,1.49866581,1.48801994,-10.070262,0.90645504,0.559238434,0.466924667,0.750927925,0.657193184,0.405108452,1.0587225,1.28414249,1.38595009,1.55341339,0.821873665,0.690555573,0.641817093,0.753481865,0.711475372,1.00217342,1.31519508,1.48006153,3.58482885,1.4330101,1.23735332,0.67108345,0.511435509,0.463764191,1.02297878,1.19376469,0.763601303,1.18061924,0.438391685,0.929404259,1.21750736,1.04583836,0.897429466,0.790437698,1.10327148,1.8279829,1.64704227,0.815721512,0.908502579,0.610003471,0.847078323,1.01937199,0.951845169,0.980882645,2.85694122,0.439232826,0.138049126,0.237592697,0.243175507,0.0663471222,0.0131034851,-0.145116806,0.11574173,0.343074799,0.32169342,1.10156345,0.0626182556,0.0642433167,-0.00412845612,0.00971698761,0.404979706,1.60904694,0.989656448,0.753274918,0.634986877,0.800652504,2.00332689,0.327250481,0.668976784,0.882060051,1.41089249,1.01194763,1.2636404,1.12747192,0.527711868,1.55106258,0.878820419,1.31288052,0.989330292,1.84707069
2026-08-26T14:45:38.948+00:00	1257.078	SUBSEG96 protocol=asd-research-v1.0.0 session=1 phase=DET window=41 group=4 segments=7 dims=96 fnv1a=17f8e76e values=-10.0546827,-10.0546827,1.12700558,-10.0546827,-10.0546827,0.983843803,-10.0546827,1.43237686,-10.0546827,1.56788635,1.05270386,-10.0546827,0.903805733,1.29143715,1.46146297,-10.0546827,1.10622501,0.445540428,0.335758209,0.515846252,0.6840868,0.670928001,0.985178947,1.04808712,0.882516861,0.836093903,0.537568092,0.51778698,0.587280273,0.416260719,0.836690903,1.05148888,1.24713802,1.71482086,3.58102942,0.816366196,1.44866562,0.731283188,0.76812458,0.523864746,1.17347813,1.15027237,0.902573586,1.01756859,0.452246666,1.02941704,1.2078619,0.996656418,1.08698559,0.962347031,0.952459335,1.90512371,1.66754246,0.873742104,0.731813431,0.688939095,0.790159225,1.03331852,0.997619629,1.60811424,2.92301369,0.538640022,0.226124763,0.283670425,0.32756424,0.0166254044,-0.203426361,-0.176659584,0.189118385,0.335613251,0.379349709,1.15708923,0.0310382843,-0.0607690811,-0.0282516479,-0.0732927322,0.414890289,1.77160072,0.53144455,0.487779617,0.658862114,0.703148842,2.10760069,0.390717506,0.620967865,1.02486992,1.41217709,0.976764679,1.38966751,1.20659447,0.602590561,1.61551666,0.890678406,1.40190411,1.10793877,1.91889763
2026-08-26T14:45:39.054+00:00	1257.187	SUBSEG96 protocol=asd-research-v1.0.0 session=1 phase=DET window=41 group=5 segments=7 dims=96 fnv1a=f4d403a2 values=-10.0522127,-10.0522127,0.947358131,-10.0522127,-10.0522127,0.945085526,-10.0522127,1.15934277,-10.0522127,1.03606987,0.701901436,-10.0522127,1.1030798,1.29619789,1.24219322,-10.0522127,0.91149807,0.374344826,0.66133976,0.817750931,0.39399147,0.495669365,0.86819458,0.95229435,1.18355179,1.45911217,0.814023972,0.737239838,0.647358894,0.61455822,0.831623077,1.03246784,1.05013561,2.22290564,3.59029007,1.04547119,1.4894743,0.637227058,0.575081825,0.502728462,0.962637901,1.21131325,1.02694607,1.03877163,0.592194557,0.721558571,1.09763622,0.814538956,0.813444138,0.772287369,0.971884727,2.15130663,1.12427044,0.839876175,0.792366028,0.59790802,0.844392776,0.807731628,0.955691338,2.57890415,3.01508904,0.423606873,0.296322823,0.130394936,0.180231094,0.116886139,-0.119042397,-0.162202835,0.256566048,0.398836136,0.359211922,1.12732601,0.0678825378,-0.0802850723,0.0731983185,-0.132033348,0.46922493,1.29646015,0.621958733,0.382992744,0.67069149,0.560117722,2.05034304,0.354931831,0.536325455,1.35755634,1.3393774,1.00052166,1.3742218,1.31309128,0.568482399,1.59792805,1.06723595,1.51494789,1.25730228,2.07660007
2026-08-26T14:45:43.437+00:00	1261.562	FLAGS protocol=asd-quality-v1.6.0 mode=OBSERVATION_HOLD state=OBSERVATION_HOLD waiting=0 learning=0 learned=1 anomaly=0 hold=1 fault=0 green=pulse_1s red=off guided25_available=1 workflow_pending=DEFAULT research_telemetry=1 profile_persistence_allowed=0 dropped=0
2026-08-26T14:45:48.332+00:00	1266.453	QUALITY protocol=asd-quality-v1.6.0 phase=DET index=42 total=0 result=OK metrics_valid=1 samples=159744 expected=159744 rms_dbfs=-45.963 dc=-0.371 peak=738 clipped=0 zeros=456 stuck=263 dropped_delta=0 feature_valid=1 tonalness_valid=1 tonalness_proxy=3.185257 tonal_gate=pending_normal_only
2026-08-26T14:45:48.341+00:00	1266.468	DET 42 score=32438.3477 lo=0 hi=2832.83325 led=1 anom=0 total_anom=0 hold=1 iznad praga (uzastopnih=0 nivo=-46.0 dBFS racun=716 ms)
2026-08-26T14:45:48.493+00:00	1266.625	FEATURE96 protocol=asd-research-v1.0.0 session=1 phase=DET window=42 window_start_ms=1255972 window_end_ms=1265233 score=32438.3477 level_dbfs=-45.9628677 quality=OK tonalness_proxy=3.18525696 dims=96 fnv1a=1e088069 values=-10.1709347,-10.1709347,0.932578087,-10.1709347,-10.1709347,0.859260559,-10.1709347,1.13888168,-10.1709347,1.22090721,0.935081482,-10.1709347,0.815028191,1.34547806,1.5803175,-10.1709347,1.40799713,0.807025909,0.768345833,0.691673279,0.739357948,0.885174751,0.863057137,0.720754623,1.0384388,1.23692894,0.999861717,1.01334858,1.04687977,0.937013626,0.779639244,0.912801743,1.10428715,2.56059408,3.18525696,2.58452559,2.28934765,0.891082764,0.612527847,0.492409706,1.0423851,1.08535004,0.660352707,1.03455353,0.554125786,0.795742035,0.993117332,0.82667923,0.797288895,0.745735168,0.929318428,1.99884796,0.849085808,0.961075783,0.665531158,0.464090347,0.760260582,0.88071537,0.956619263,2.89793873,2.17799139,2.00981474,0.292650223,0.0160417557,0.244151115,0.0519208908,-0.27395916,-0.337429047,0.0650558472,0.252875328,0.72146225,0.52425766,0.51589489,0.0898141861,-0.311408997,-0.118794441,0.420309067,1.19416046,0.548739433,0.363420486,0.457791328,0.572124481,1.55116749,0.13113308,0.391028404,1.33104897,1.10911942,0.933556557,1.09358311,1.36636734,0.585158348,1.52523708,0.780684471,1.18749523,0.848154068,1.76223183
2026-08-26T14:45:48.498+00:00	1266.625	FLAGS protocol=asd-quality-v1.6.0 mode=OBSERVATION_HOLD state=OBSERVATION_HOLD waiting=0 learning=0 learned=1 anomaly=0 hold=1 fault=0 green=pulse_1s red=off guided25_available=1 workflow_pending=DEFAULT research_telemetry=1 profile_persistence_allowed=0 dropped=0
2026-08-26T14:45:48.600+00:00	1266.734	SUBSEG96 protocol=asd-research-v1.0.0 session=1 phase=DET window=42 group=1 segments=8 dims=96 fnv1a=341868b2 values=-10.1722717,-10.1722717,0.981841087,-10.1722717,-10.1722717,0.749792099,-10.1722717,1.20998955,-10.1722717,1.29841614,1.08365822,-10.1722717,0.949378967,1.54961205,2.02889347,-10.1722717,2.00323296,1.34131908,1.14866257,0.716238022,0.75433445,1.26110458,1.20279312,0.876214981,0.823574066,1.36906624,1.41552639,1.42925835,1.36954784,1.00296116,0.839774132,1.2008152,1.13247967,2.66053772,3.39843321,1.12211227,1.37102604,0.722476959,0.614343643,0.540457726,0.912172318,1.14742947,0.634914398,1.19458103,0.487563133,0.748204231,0.895255089,0.778533936,0.713903427,0.656302452,0.927235603,2.19228458,0.646225929,0.840241432,0.534187317,0.448801994,0.705051422,0.787353516,0.868110657,3.13255215,2.20265102,0.212687492,0.221862793,-0.16009903,0.0468816757,0.0977430344,-0.246886253,-0.31968689,0.0946369171,0.194993019,0.311107635,0.74952507,0.0354614258,-0.000765800476,-0.415587425,-0.225657463,0.493966103,1.30632114,0.651157379,0.31221962,0.350988388,0.723288536,1.72082615,-0.0585184097,0.246627808,1.57424164,1.25232315,0.680272102,1.11294937,1.54693222,0.489606857,1.85859728,0.832316399,1.20105171,0.880351067,1.9847455
2026-08-26T14:45:48.709+00:00	1266.828	SUBSEG96 protocol=asd-research-v1.0.0 session=1 phase=DET window=42 group=2 segments=8 dims=96 fnv1a=6e018eb5 values=-10.0734272,-10.0734272,1.07573795,-10.0734272,-10.0734272,1.17670536,-10.0734272,1.18814182,-10.0734272,1.26471901,1.09180069,-10.0734272,1.01391125,1.74145222,1.79230499,-10.0734272,1.14894772,0.399437904,0.796992302,1.00122356,1.05438805,1.04982281,0.799739838,0.662157059,0.907460213,0.837209702,0.739768028,0.785635948,0.933030128,0.806188583,0.613186836,0.85172081,1.22894096,3.04605389,3.37793446,0.792830467,1.50845528,0.778483391,0.371686935,0.318987846,1.14211655,1.19186306,0.750660896,1.04502869,0.637827873,1.00710773,1.05607986,0.857113838,0.817736626,0.757821083,0.964100838,2.27990437,0.792713165,0.928262711,0.593176842,0.510725975,0.9503479,0.936189651,0.958485603,3.19965553,0.977745056,0.347715378,0.287799835,-0.036028862,0.142700195,0.0785675049,-0.343504906,-0.192538261,0.0333690643,0.259539604,1.30896091,-0.131462097,0.199304581,0.24520874,-0.341356277,-0.0909795761,0.673666954,1.53214169,0.735406876,0.385914803,0.770689964,0.715408325,1.75934029,-0.0752782822,0.286985397,1.21267319,1.18587303,0.753516197,1.49434757,1.67003822,1.07628632,1.60004711,0.923834801,1.39177799,1.24588013,1.97182369
2026-08-26T14:45:48.817+00:00	1266.937	SUBSEG96 protocol=asd-research-v1.0.0 session=1 phase=DET window=42 group=3 segments=8 dims=96 fnv1a=99f8b3d0 values=-10.0578661,-10.0578661,1.10527325,-10.0578661,-10.0578661,1.02445221,-10.0578661,1.04447365,-10.0578661,1.17705345,1.02904892,-10.0578661,0.969415665,0.878851891,0.773292542,-10.0578661,0.573144913,0.303080559,0.451295853,0.53245163,0.678032875,0.792191505,0.827019691,0.899329185,1.34339809,1.54024029,0.801914215,0.67080307,0.981259346,1.0156908,0.884239197,0.847732544,1.17891693,2.58602762,3.51178885,0.836812973,1.58146667,0.995227814,0.550539017,0.615012169,0.999097824,1.08955669,0.667143822,1.07593632,0.545046806,0.922748566,0.910932541,0.888080597,0.742228508,0.664839745,0.953511238,2.2486701,0.774096489,0.841532707,0.781032562,0.556290627,0.855974197,1.0467205,0.798067093,3.08382034,2.79448795,0.389821053,0.413594246,0.0200138092,0.293614388,0.0873260498,-0.168787956,-0.399017334,0.172222137,0.322190285,0.403700829,1.00562477,0.0418071747,0.0499591827,-0.0755748749,-0.0460577011,0.580124855,1.45668983,0.755714417,0.372508049,0.536523819,0.755497932,1.90415955,0.245915413,0.443867683,1.76533031,1.40697098,0.879302979,1.12708473,1.57734585,0.590941429,1.78706741,1.13174629,1.38584995,0.965672493,2.0448842
2026-08-26T14:45:48.924+00:00	1267.047	SUBSEG96 protocol=asd-research-v1.0.0 session=1 phase=DET window=42 group=4 segments=7 dims=96 fnv1a=548e1287 values=-10.0458889,-10.0458889,1.01747894,-10.0458889,-10.0458889,0.973611832,-10.0458889,1.42770004,-10.0458889,1.35426331,0.967206955,-10.0458889,0.80960083,1.09008408,0.934280396,-10.0458889,0.768389702,0.575694084,0.685667038,0.644329071,0.47402668,0.598644257,0.913172722,0.851097107,1.21022224,1.22057343,1.02391624,1.03988552,0.882897377,0.898146629,0.733001709,0.684285164,1.28309155,2.0618577,2.70755577,2.8917985,2.43162489,0.968838692,0.942494392,0.575313568,1.2330246,1.26797581,0.754217148,1.05074978,0.832018852,0.711287498,1.11077785,1.03839302,1.12467003,1.04602528,0.949668884,1.49179268,1.26817417,1.26703358,0.831338882,0.672602654,0.892104149,1.06950855,1.23884296,2.44771147,1.97979641,2.38446426,0.364685059,0.217741013,0.421193123,0.199022293,-0.171107292,-0.187002182,0.228729248,0.37365818,0.55333519,0.266942024,0.526022911,0.229071617,-0.161862373,0.175432205,0.334013939,0.690377235,0.44691658,0.452593803,0.447446823,0.514614105,1.05599976,0.342808723,0.698272705,0.776651382,0.987930298,1.22148037,0.965126038,0.977889061,0.327706337,0.973861694,0.634287834,1.18150997,0.653168678,1.34569359
2026-08-26T14:45:49.029+00:00	1267.156	SUBSEG96 protocol=asd-research-v1.0.0 session=1 phase=DET window=42 group=5 segments=7 dims=96 fnv1a=3194521f values=-10.0049076,-10.0049076,0.912986755,-10.0049076,-10.0049076,0.601563454,-10.0049076,1.25367832,-10.0049076,1.47777462,0.881933212,-10.0049076,0.610268593,1.29310036,1.3632164,-10.0049076,0.619022369,0.608671188,0.751924515,0.887225151,0.97879982,0.485075951,0.710907936,0.699560165,1.26999187,1.41054535,0.937212944,1.02677917,1.23195362,1.32761955,1.1749239,1.16122246,1.17928791,1.05981541,1.52467537,3.33456802,3.04931641,1.3426857,0.920424461,0.822759628,1.3757515,1.2094593,0.971840858,1.23754883,0.742781639,1.01028347,1.4011507,1.0673933,1.02626228,1.0351162,1.29438019,1.14637756,1.09387684,1.31132889,1.02490044,0.631924629,0.876059532,1.05423546,1.30706978,1.2290554,0.944954872,2.73125267,0.635595322,0.43065834,0.680513382,0.288357735,0.0249958038,-0.11633873,0.284988403,0.587556839,0.602080345,0.0284662247,1.2316246,0.387869835,-0.103888512,0.0646839142,0.324045181,0.396724701,0.464632034,0.74106884,0.561999321,0.466114044,0.25201416,0.54070282,0.694356918,0.586462021,0.907307625,1.39030933,0.886043549,0.595383644,0.322370529,0.42015934,0.49792099,1.16913605,0.460255623,0.702777863
2026-08-26T14:45:53.447+00:00	1271.578	FLAGS protocol=asd-quality-v1.6.0 mode=OBSERVATION_HOLD state=OBSERVATION_HOLD waiting=0 learning=0 learned=1 anomaly=0 hold=1 fault=0 green=pulse_1s red=off guided25_available=1 workflow_pending=DEFAULT research_telemetry=1 profile_persistence_allowed=0 dropped=0
2026-08-26T14:45:58.307+00:00	1276.437	QUALITY protocol=asd-quality-v1.6.0 phase=DET index=43 total=0 result=OK metrics_valid=1 samples=159744 expected=159744 rms_dbfs=-51.128 dc=-0.594 peak=436 clipped=0 zeros=652 stuck=483 dropped_delta=0 feature_valid=1 tonalness_valid=1 tonalness_proxy=3.607981 tonal_gate=pending_normal_only
2026-08-26T14:45:58.316+00:00	1276.437	DET 43 score=3142.65234 lo=0 hi=2832.83325 led=1 anom=0 total_anom=0 hold=1 iznad praga (uzastopnih=0 nivo=-51.1 dBFS racun=716 ms)
2026-08-26T14:45:58.444+00:00	1276.578	FEATURE96 protocol=asd-research-v1.0.0 session=1 phase=DET window=43 window_start_ms=1265942 window_end_ms=1275207 score=3142.65234 level_dbfs=-51.1279488 quality=OK tonalness_proxy=3.6079812 dims=96 fnv1a=d23e6a4a values=-10.1138067,-10.1138067,1.2418251,-10.1138067,-10.1138067,0.954483986,-10.1138067,1.37364006,-10.1138067,1.5176878,1.1043539,-10.1138067,1.15323448,1.57843494,1.5576992,-10.1138067,1.08654499,0.886245728,0.774452209,0.833285332,0.80298233,1.09137249,1.23431015,1.06318188,1.30470085,1.65252399,1.81417847,1.68320084,1.52556038,1.8418808,1.92934895,1.87420654,1.70052052,1.31280804,1.04933357,3.6079812,3.20638466,1.01292038,1.10580158,0.876382828,1.40847111,1.27015972,0.875905037,1.22967625,0.949251175,1.02676296,1.33532333,1.14182949,0.758605003,0.952687263,1.05406666,0.9929533,0.881695747,1.45336819,0.842238426,0.602608681,0.707994461,0.913162231,0.997982979,1.0812254,0.765507698,2.31525469,0.357814789,0.178443909,0.36123848,0.197873116,-0.0465049744,-0.0871553421,0.210702896,0.325915337,0.436216354,-0.00947189331,0.843501091,0.250255585,-0.0532617569,0.153522491,0.0886459351,0.255102158,0.384835243,0.508051872,0.279732704,0.313845634,0.111765862,0.283240318,0.51499176,0.40844059,0.640622139,0.955200195,0.755788803,0.379370689,0.20390892,0.217961311,0.32611084,1.1409626,0.201761246,0.512672424
2026-08-26T14:45:58.552+00:00	1276.672	SUBSEG96 protocol=asd-research-v1.0.0 session=1 phase=DET window=43 group=1 segments=8 dims=96 fnv1a=15f6ae5e values=-10.0943069,-10.0943069,1.34532261,-10.0943069,-10.0943069,0.995128632,-10.0943069,1.29529476,-10.0943069,1.28205013,0.6795578,-10.0943069,0.947605133,1.18903542,0.977775574,-10.0943069,0.573543549,0.526510239,0.732963562,0.784798622,1.05762005,0.931778908,0.822428703,0.611405373,1.38409328,1.50484753,1.12116623,1.11378574,1.57035732,1.51694298,1.45879745,1.68283749,1.76390648,0.967386246,1.06535435,3.45326471,2.93967581,1.45702362,1.61458874,1.3144083,1.88252163,1.43262482,0.998002052,1.43348122,1.48685551,1.3866415,1.35873222,1.33265877,0.921283722,1.30514812,1.30614853,1.17268562,0.989038467,1.48750591,0.970833778,0.690242767,0.736262321,1.04970455,1.0789175,1.13914871,0.836230278,2.42947102,0.29554081,0.182588577,0.352779388,0.143614769,-0.0493793488,-0.106468201,0.268128395,0.302268982,0.373802185,-0.0255203247,0.807953835,0.304507256,-0.0567684174,0.158886909,0.191146851,0.262797356,0.409098625,0.557108879,0.303262711,0.454756737,0.13547039,0.393774986,0.534352303,0.464440346,0.725914955,1.13149071,0.782670975,0.39577198,0.247587204,0.314995766,0.350767136,1.19580173,0.310773849,0.534941673
2026-08-26T14:45:58.562+00:00	1276.687	FLAGS protocol=asd-quality-v1.6.0 mode=OBSERVATION_HOLD state=OBSERVATION_HOLD waiting=0 learning=0 learned=1 anomaly=0 hold=1 fault=0 green=pulse_1s red=off guided25_available=1 workflow_pending=DEFAULT research_telemetry=1 profile_persistence_allowed=0 dropped=0
2026-08-26T14:45:58.682+00:00	1276.812	SUBSEG96 protocol=asd-research-v1.0.0 session=1 phase=DET window=43 group=2 segments=8 dims=96 fnv1a=ae57e31b values=-10.1590433,-10.1590433,1.29385567,-10.1590433,-10.1590433,1.07723141,-10.1590433,1.34017658,-10.1590433,1.66618156,1.43646717,-10.1590433,1.42087746,1.66963959,1.66305828,-10.1590433,1.41369152,1.15118217,0.679633141,0.950283051,0.801175117,1.55371666,1.76695061,1.56682873,1.60014725,2.03008223,2.32800293,2.06049919,1.95437098,2.24307728,2.14552307,2.14800262,1.86795759,1.50798988,1.08046818,3.5307126,3.14567852,0.811950684,0.666054726,0.555681229,0.928807259,1.12594795,0.661017418,1.1739378,0.525415421,0.832601547,1.27761459,1.10684299,0.696440697,0.710273743,0.885255814,0.903635025,0.860601425,1.31461525,0.689155579,0.45606041,0.698060989,0.835507393,0.849571228,0.932837486,0.60332489,2.12567329,0.28372097,0.141434669,0.212702751,0.142952919,-0.0988140106,-0.0128507614,0.141634941,0.307850838,0.3462286,0.0519742966,0.785396576,0.156532288,0.044470787,0.180987358,-0.0315446854,0.204575539,0.362869263,0.385861397,0.255581856,0.187428474,0.109663963,0.217380524,0.407046318,0.343055725,0.599079132,0.755163193,0.693907738,0.355209351,0.207056046,0.133142471,0.318526268,1.14285469,0.155999184,0.464959145
2026-08-26T14:45:58.788+00:00	1276.922	SUBSEG96 protocol=asd-research-v1.0.0 session=1 phase=DET window=43 group=3 segments=8 dims=96 fnv1a=eda57834 values=-10.0920057,-10.0920057,1.32699394,-10.0920057,-10.0920057,1.03971481,-10.0920057,1.39749241,-10.0920057,1.47798824,1.0290947,-10.0920057,1.29927063,2.01148844,2.00278664,-10.0920057,1.29660988,1.0078249,0.859459877,0.85718441,0.784369469,0.685480118,0.614559174,0.705841064,0.796138763,1.1287508,1.68628788,1.91392756,1.13242054,2.00847101,2.33631134,1.9490304,1.59654808,1.482337,1.21434212,3.62043238,3.34172297,0.689204216,0.977051735,0.732028008,1.33628368,1.37248707,1.0656538,1.28980827,0.590847969,0.866776466,1.35940838,1.10350132,0.782567024,0.758575439,1.01326942,0.92563343,0.868153572,1.37624264,0.879056931,0.602683067,0.707832336,0.896733284,1.07445526,1.14278221,0.810222626,2.29512501,0.413632393,0.192203522,0.416810036,0.345852852,0.0331439972,-0.0179166794,0.222858429,0.345871925,0.449762344,-0.0484437943,0.934505463,0.316137314,-0.107193947,0.181168556,0.117068291,0.31460762,0.430478096,0.523326874,0.35394001,0.343472481,0.17575264,0.38940239,0.560354233,0.408276558,0.607930183,0.967026711,0.801026344,0.405187607,0.1194067,0.232390404,0.343722343,1.13621902,0.211753845,0.497175217
2026-08-26T14:45:58.894+00:00	1277.015	SUBSEG96 protocol=asd-research-v1.0.0 session=1 phase=DET window=43 group=4 segments=7 dims=96 fnv1a=0fcfffc3 values=-9.95567989,-9.95567989,1.18682098,-9.95567989,-9.95567989,0.827760696,-9.95567989,1.44989967,-9.95567989,1.4268961,0.839277267,-9.95567989,0.723615646,0.893792152,0.881653786,-9.95567989,0.783668518,0.849187851,1.04326153,1.03046131,0.820918083,0.753410339,0.67890358,0.715229034,1.29098034,1.69804764,0.997341156,0.864733696,0.975538254,0.881173134,1.16070843,1.92275906,1.69931507,1.36133289,1.06562996,3.85622978,3.40487862,0.932474136,0.817723274,0.772528648,1.3493576,1.21933174,1.00192165,1.18259907,0.540441513,0.987598419,1.47562885,1.0985384,0.664877892,1.04171371,1.14874363,1.10150623,0.887235641,1.72992516,1.02972794,0.795366287,0.823086739,1.04850388,1.06413937,1.15693378,0.894451141,2.50667524,0.489095688,0.324374199,0.553462982,0.295128822,0.11605072,0.00398635864,0.346096992,0.450831413,0.598140717,0.110630035,0.948544502,0.410881042,0.0766429901,0.296298027,0.229027748,0.382692337,0.545167923,0.721286774,0.409406662,0.47057724,0.224643707,0.35009861,0.610204697,0.572563171,0.807943344,1.08357525,0.90390873,0.536126137,0.35013485,0.357265472,0.454610825,1.26728725,0.327775002,0.666800499
2026-08-26T14:45:59.002+00:00	1277.125	SUBSEG96 protocol=asd-research-v1.0.0 session=1 phase=DET window=43 group=5 segments=7 dims=96 fnv1a=da8ff749 values=-9.96457005,-9.96457005,1.22200298,-9.96457005,-9.96457005,0.951633453,-9.96457005,1.65817738,-9.96457005,1.82901478,1.25423813,-9.96457005,1.09441662,1.24408817,1.25004578,-9.96457005,0.698801041,0.768625259,0.828794479,0.721615791,0.591856003,0.63556385,0.739929199,0.531864166,1.23372555,1.52474499,1.142169,1.02558613,0.923674583,0.650996208,0.980053902,1.46209431,1.72531414,1.21369743,0.992066383,3.8550458,3.41734076,0.860183716,0.695709229,0.724663734,0.912716866,1.39088631,0.800904274,1.22042561,0.737459183,1.03820229,1.50830746,1.26365948,0.921408653,0.943673134,1.08570385,1.10609531,1.05789375,1.64459991,0.902516365,0.758918762,0.870326996,1.00496006,1.19079304,1.30934906,0.967746735,2.49394131,0.599224091,0.355644226,0.567032814,0.324459076,0.0583057404,-0.0648298264,0.373971939,0.521551132,0.706385612,0.141787529,1.02899075,0.352606773,0.0300798416,0.230942726,0.221485138,0.408110619,0.46599102,0.651535034,0.358048439,0.370842934,0.191394806,0.296396255,0.752423286,0.555095673,0.752070427,1.07660103,0.897488594,0.503500938,0.384573936,0.339317322,0.457509995,1.24947071,0.276171684,0.704250336
2026-08-26T14:46:03.467+00:00	1281.593	FLAGS protocol=asd-quality-v1.6.0 mode=OBSERVATION_HOLD state=OBSERVATION_HOLD waiting=0 learning=0 learned=1 anomaly=0 hold=1 fault=0 green=pulse_1s red=off guided25_available=1 workflow_pending=DEFAULT research_telemetry=1 profile_persistence_allowed=0 dropped=0
2026-08-26T14:46:08.280+00:00	1286.406	QUALITY protocol=asd-quality-v1.6.0 phase=DET index=44 total=0 result=OK metrics_valid=1 samples=159744 expected=159744 rms_dbfs=-51.138 dc=-0.442 peak=409 clipped=0 zeros=710 stuck=437 dropped_delta=0 feature_valid=1 tonalness_valid=1 tonalness_proxy=3.831149 tonal_gate=pending_normal_only
2026-08-26T14:46:08.289+00:00	1286.422	DET 44 score=2138.6792 lo=0 hi=2832.83325 led=1 anom=0 total_anom=0 hold=0 normal (uzastopnih=0 nivo=-51.1 dBFS racun=716 ms)
2026-08-26T14:46:08.313+00:00	1286.437	FLAGS protocol=asd-quality-v1.6.0 mode=READY state=CALIBRATED_NORMAL waiting=0 learning=0 learned=1 anomaly=0 hold=0 fault=0 green=on red=off guided25_available=1 workflow_pending=DEFAULT research_telemetry=1 profile_persistence_allowed=0 dropped=0
2026-08-26T14:46:08.441+00:00	1286.562	FEATURE96 protocol=asd-research-v1.0.0 session=1 phase=DET window=44 window_start_ms=1275912 window_end_ms=1285181 score=2138.6792 level_dbfs=-51.1384048 quality=OK tonalness_proxy=3.83114862 dims=96 fnv1a=1f52f330 values=-9.97657871,-9.97657871,0.97023201,-9.97657871,-9.97657871,1.17717743,-9.97657871,1.50226974,-9.97657871,1.54454803,1.06573772,-9.97657871,0.958206177,1.32000065,1.26895523,-9.97657871,0.780569077,0.687559128,0.842522621,0.967218399,0.997282028,0.65836525,0.816890717,0.931714058,1.22979927,1.44680119,1.01201057,0.842183113,0.739287376,0.929769516,0.92804718,1.19201183,1.35774136,1.10999489,1.09824276,3.83114862,3.54416037,0.966258049,0.828795433,0.72547245,1.48351002,1.38448048,1.02732563,1.2629509,0.845666885,1.03831673,1.50820446,1.21186638,0.873639107,1.06000137,1.07624912,1.04548359,0.951921463,1.65093136,0.930315971,0.725746155,0.803871155,1.0533123,1.15497875,1.19895649,0.943629265,2.46706581,0.470239639,0.215917587,0.495005608,0.290057182,0.0997486115,-0.0329933167,0.321849823,0.431221008,0.604483604,0.0640687943,1.08509159,0.364965439,0.0777359009,0.231194496,0.238349915,0.399139404,0.490924835,0.672554016,0.455426216,0.431170464,0.238258362,0.388613701,0.709547997,0.549811363,0.756132126,1.10049152,0.890487671,0.521447182,0.317218781,0.290667534,0.464226723,1.19032478,0.318482399,0.701187134
2026-08-26T14:46:08.546+00:00	1286.672	SUBSEG96 protocol=asd-research-v1.0.0 session=1 phase=DET window=44 group=1 segments=8 dims=96 fnv1a=04568e21 values=-9.95883465,-9.95883465,0.980437279,-9.95883465,-9.95883465,1.17074203,-9.95883465,1.46038532,-9.95883465,1.38858604,0.962630272,-9.95883465,0.847670555,1.40781212,1.35766506,-9.95883465,0.750908852,0.771810532,0.861116409,0.890862465,0.589048386,0.700867653,0.695835114,0.553816795,1.16281986,1.25453568,1.02888775,0.949199677,0.842570305,1.08676624,0.827064514,1.24822617,1.43245316,1.20177174,1.01395321,3.816257,3.57231855,0.950249672,0.674848557,0.651102066,1.70541668,1.37742043,1.07391071,1.19584465,0.867225647,1.00644398,1.52357483,1.29332542,0.897954941,0.963432312,1.1633091,1.04787254,0.946658134,1.57965469,0.981575012,0.645427704,0.771695137,1.12148571,1.17876244,1.30114937,1.04427242,2.50246334,0.482282639,0.276432037,0.502126694,0.281704903,0.147058487,0.023938179,0.279449463,0.439385414,0.633414268,-0.01537323,1.07071686,0.413794518,0.169206619,0.234532356,0.199222565,0.451504707,0.495541573,0.738097191,0.483481407,0.385251999,0.271702766,0.409563065,0.75317955,0.538843155,0.791343689,1.11454964,0.898122787,0.552026749,0.302073479,0.286375046,0.491329193,1.24310684,0.316976547,0.717428207
2026-08-26T14:46:08.652+00:00	1286.781	SUBSEG96 protocol=asd-research-v1.0.0 session=1 phase=DET window=44 group=2 segments=8 dims=96 fnv1a=b727c360 values=-9.97380352,-9.97380352,0.928505898,-9.97380352,-9.97380352,0.878735542,-9.97380352,1.45968056,-9.97380352,1.5328989,0.876473427,-9.97380352,1.14260483,1.4258194,1.28005314,-9.97380352,0.827272415,0.535718918,0.71844101,0.978224754,1.3140192,0.776109695,0.888111115,1.0158577,1.16198826,1.41302109,0.936652184,0.685118675,0.602327347,0.884762764,0.877705574,1.13977337,1.39786625,0.921118736,1.13212681,3.78898573,3.60730076,1.04333401,0.81894207,0.784720421,1.34175587,1.25457478,0.92615509,1.48808765,0.857890129,1.01597309,1.37204647,1.23832703,0.835808754,1.08406162,1.1463232,1.12550735,1.05886364,1.56799698,1.0254631,0.783514023,0.836608887,1.05504131,1.28819561,1.05761814,0.909362793,2.439188,0.481343269,0.278346062,0.513666153,0.363944054,0.0543003082,-0.0356988907,0.332986832,0.558488846,0.59509182,0.045375824,1.09911728,0.357948303,0.00932312012,0.253026962,0.263932228,0.452859879,0.494463921,0.669592857,0.506986618,0.472727776,0.347513199,0.450500488,0.68717289,0.557872772,0.768234253,1.15031242,0.906672478,0.536599159,0.230347633,0.290483475,0.469994545,1.197999,0.301269531,0.644947052
2026-08-26T14:46:08.761+00:00	1286.890	SUBSEG96 protocol=asd-research-v1.0.0 session=1 phase=DET window=44 group=3 segments=8 dims=96 fnv1a=a9a78dbb values=-9.99011612,-9.99011612,1.18923664,-9.99011612,-9.99011612,1.41465569,-9.99011612,1.67528629,-9.99011612,1.53874207,1.01134968,-9.99011612,0.987389565,1.3494072,1.22061443,-9.99011612,0.708174706,0.649861336,1.01401043,1.26523876,1.17802906,0.673415184,0.792534828,0.88994503,1.28602791,1.64932728,1.06875896,0.81262207,0.56537056,0.798469543,0.748401642,1.27227497,1.24303055,1.24117279,1.07712841,3.81612587,3.53025961,1.03437138,0.970118523,0.801872253,1.25384426,1.40857506,1.08189392,1.22917271,0.908952713,0.973472595,1.41488361,1.13475609,0.778907776,1.10108757,1.01524448,0.898391724,0.962504387,1.68286514,0.811346054,0.669649124,0.811909676,1.00909805,1.12319088,1.16805172,0.957578659,2.45336008,0.468659401,0.130800247,0.49115181,0.386029243,0.159311295,-0.0487413406,0.326768875,0.341378212,0.629480362,0.103413582,1.08078957,0.403924942,0.0817804337,0.180153847,0.192214966,0.339859009,0.451971054,0.690830231,0.412195206,0.404194832,0.230754852,0.405191422,0.690663338,0.511377335,0.748365402,1.11592674,0.838614464,0.498504639,0.327735901,0.30327034,0.480068207,1.21162128,0.335744858,0.675171852
2026-08-26T14:46:08.866+00:00	1287.000	SUBSEG96 protocol=asd-research-v1.0.0 session=1 phase=DET window=44 group=4 segments=7 dims=96 fnv1a=fd38288f values=-9.97336197,-9.97336197,0.836089134,-9.97336197,-9.97336197,1.21617889,-9.97336197,1.55626869,-9.97336197,1.80613518,1.39452553,-9.97336197,0.865166664,1.03226185,1.20488739,-9.97336197,0.797821999,0.874768257,0.761680603,0.558270454,0.462313652,0.484629631,0.859427452,1.06622887,1.47790527,1.51907444,0.997950554,0.984120369,0.984167099,0.870033264,1.05278015,1.26875305,1.36687469,1.08899879,1.03333664,3.8674798,3.49636841,0.932429314,0.926220894,0.675715446,1.60379505,1.4756546,1.05290508,1.16296768,0.805110931,1.16994095,1.64550591,1.18642521,0.94648838,1.06827164,0.985805511,0.987425804,0.824235916,1.73693943,0.91693306,0.749100685,0.843525887,1.0990591,1.06649494,1.19939041,0.894365311,2.47505331,0.431861877,0.196076393,0.483176231,0.167675018,0.0528144836,-0.0404863358,0.332494736,0.444890022,0.615977287,0.144739151,1.16254616,0.300896645,0.0417585373,0.283323288,0.280405045,0.414222717,0.542852402,0.595579147,0.424807549,0.404787064,0.126410484,0.333853722,0.704461098,0.582108498,0.695425034,1.08699608,0.925458908,0.519906044,0.349378586,0.281627655,0.432460785,1.16126156,0.34337616,0.749209404
2026-08-26T14:46:08.972+00:00	1287.093	SUBSEG96 protocol=asd-research-v1.0.0 session=1 phase=DET window=44 group=5 segments=7 dims=96 fnv1a=ded9c8a5 values=-9.9336195,-9.9336195,0.786054611,-9.9336195,-9.9336195,1.0353508,-9.9336195,1.26347637,-9.9336195,1.35144138,0.936301231,-9.9336195,0.893001556,1.29914665,1.31475258,-9.9336195,0.86827755,0.567797661,0.818041801,0.79885006,0.79457283,0.627400398,0.88141346,1.04164219,0.893267632,1.28313446,1.06725407,0.763756752,0.610940933,1.01151943,1.13096428,0.990942001,1.38340664,1.05475998,1.26156807,3.92322874,3.54788208,0.865089417,0.700449944,0.728227615,1.41649246,1.4429512,1.03308868,1.1523838,0.812653542,1.06846428,1.61156082,1.24375725,0.960183144,1.12090969,1.08440781,1.18582344,0.969914436,1.7274456,0.937671661,0.824063301,0.799495697,1.01904202,1.11227989,1.29446507,0.937067032,2.51856852,0.535302162,0.231456757,0.535054207,0.228827477,0.115444183,-0.018491745,0.38958931,0.380158424,0.590183258,0.0806379318,1.05258465,0.379833221,0.12087059,0.257040024,0.309776306,0.371249199,0.524349213,0.699487686,0.492771149,0.534747124,0.214272499,0.369998932,0.764090538,0.615421295,0.820226669,1.06659603,0.938263893,0.550312996,0.425571442,0.342747688,0.491539955,1.17140484,0.346320152,0.774682999
2026-08-26T14:46:08.973+00:00	1287.093	STATE protocol=asd-quality-v1.6.0 from=OBSERVATION_HOLD to=CALIBRATED_NORMAL reason=OBSERVATION_RESUMED
2026-08-26T14:46:08.985+00:00	1287.109	EVENT protocol=asd-quality-v1.6.0 type=OBSERVATION_RESUMED state=CALIBRATED_NORMAL phase=DET reason=OBSERVATION_RESUMED event=NONE capability=AVAILABLE level=DEVIATION
2026-08-26T14:46:13.296+00:00	1291.422	FLAGS protocol=asd-quality-v1.6.0 mode=READY state=CALIBRATED_NORMAL waiting=0 learning=0 learned=1 anomaly=0 hold=0 fault=0 green=on red=off guided25_available=1 workflow_pending=DEFAULT research_telemetry=1 profile_persistence_allowed=0 dropped=0
2026-08-26T14:46:18.255+00:00	1296.375	QUALITY protocol=asd-quality-v1.6.0 phase=DET index=45 total=0 result=OK metrics_valid=1 samples=159744 expected=159744 rms_dbfs=-50.810 dc=-0.500 peak=389 clipped=0 zeros=733 stuck=486 dropped_delta=0 feature_valid=1 tonalness_valid=1 tonalness_proxy=3.833234 tonal_gate=pending_normal_only
2026-08-26T14:46:18.380+00:00	1296.500	DET 45 score=2515.66748 lo=0 hi=2832.83325 led=1 anom=0 total_anom=0 hold=0 normal (uzastopnih=0 nivo=-50.8 dBFS racun=716 ms)
2026-08-26T14:46:18.394+00:00	1296.515	FEATURE96 protocol=asd-research-v1.0.0 session=1 phase=DET window=45 window_start_ms=1285912 window_end_ms=1295156 score=2515.66748 level_dbfs=-50.8104095 quality=OK tonalness_proxy=3.83323383 dims=96 fnv1a=6ee9ab06 values=-9.98136139,-9.98136139,0.917489052,-9.98136139,-9.98136139,0.921171188,-9.98136139,1.33708286,-9.98136139,1.3342638,0.901855469,-9.98136139,1.01500797,1.4642067,1.39345837,-9.98136139,0.942331314,0.554196358,0.744511604,0.911213875,0.853173256,0.705598831,0.969457626,1.0885973,1.25519466,1.47316551,1.00666046,0.872444153,0.75808239,0.892946243,0.852309227,1.27789688,1.68589401,1.29485798,1.15725899,3.83323383,3.59125423,0.960396767,0.687361717,0.725035667,1.38933563,1.35220146,0.993875504,1.21193218,0.881711006,1.15934944,1.67421436,1.28349781,0.897380829,1.01249599,1.08997345,1.07463455,1.00904369,1.69364834,0.957117081,0.727786064,0.790094376,1.01629448,1.13732243,1.1475935,0.853492737,2.41623211,0.547048569,0.219335556,0.519994736,0.271448135,0.0520553589,-0.0352554321,0.369538307,0.45089817,0.579131126,0.0482540131,1.07872486,0.308693886,0.0518112183,0.183838844,0.251571655,0.395664215,0.474520683,0.719263077,0.429098129,0.421666145,0.222129822,0.404429436,0.678639412,0.537642479,0.744307518,1.07482719,0.901368141,0.496999741,0.296140671,0.319153786,0.492074013,1.19530773,0.306347847,0.697449684
2026-08-26T14:46:18.403+00:00	1296.531	FLAGS protocol=asd-quality-v1.6.0 mode=READY state=CALIBRATED_NORMAL waiting=0 learning=0 learned=1 anomaly=0 hold=0 fault=0 green=on red=off guided25_available=1 workflow_pending=DEFAULT research_telemetry=1 profile_persistence_allowed=0 dropped=0
2026-08-26T14:46:18.520+00:00	1296.640	SUBSEG96 protocol=asd-research-v1.0.0 session=1 phase=DET window=45 group=1 segments=8 dims=96 fnv1a=43f37fcc values=-9.98596668,-9.98596668,0.937540054,-9.98596668,-9.98596668,0.820133209,-9.98596668,1.09991074,-9.98596668,1.22281837,1.02254486,-9.98596668,1.33155727,1.66566086,1.37193966,-9.98596668,0.94311142,0.609752655,0.814953804,0.843477249,0.680606842,0.590442657,0.836833,1.24744987,1.18716621,1.49402428,1.10175705,1.2084465,0.897494316,1.04748631,1.06282043,1.32847977,1.59867764,1.07626057,1.22396183,3.80377436,3.58752966,1.01533794,0.649211884,0.727847099,1.45232582,1.29871845,0.972158432,1.16301823,0.890230179,1.03100491,1.6033802,1.30787373,0.905893326,0.969774246,1.0502615,1.02751255,0.886951447,1.74476147,1.0298872,0.594631195,0.867146492,0.95515728,1.15063,1.20052528,0.851111412,2.3963933,0.493380547,0.166664124,0.431137085,0.253565788,0.107210159,0.0298080444,0.401064873,0.483000755,0.575060844,0.0477466583,1.01049232,0.287334442,0.0330619812,0.165849686,0.268028259,0.358386993,0.485286713,0.717804909,0.386153221,0.457483292,0.266926765,0.430327415,0.666269302,0.524309158,0.760018349,1.06812668,0.906176567,0.454048157,0.307295799,0.313856125,0.454161644,1.21334648,0.271952629,0.693941116
2026-08-26T14:46:18.627+00:00	1296.750	SUBSEG96 protocol=asd-research-v1.0.0 session=1 phase=DET window=45 group=2 segments=8 dims=96 fnv1a=dbe4f981 values=-9.98270988,-9.98270988,1.13630199,-9.98270988,-9.98270988,1.09204769,-9.98270988,1.42466831,-9.98270988,1.35662365,0.942938805,-9.98270988,0.832145691,1.26565075,1.22038746,-9.98270988,0.927481651,0.204919815,0.605020523,1.13179207,1.01317692,0.586400032,1.25867653,1.23967361,1.41676044,1.59335518,0.97470665,0.779421806,0.654884338,0.893691063,0.713335037,1.34657192,1.57959175,1.15890408,1.2900238,3.83762217,3.56247282,1.05428696,0.855233192,0.630841255,1.47381783,1.41644287,0.921131134,1.17690945,0.907006264,1.23845196,1.6502142,1.33176804,0.802906036,0.984447479,1.15778637,1.04854393,1.00349617,1.69362354,0.986805916,0.817421913,0.728383064,1.03623962,1.07955647,1.0254612,0.824863434,2.43428421,0.591870308,0.198413849,0.587331772,0.26638031,0.0794477463,-0.1236763,0.377515793,0.392751694,0.574542999,0.0813541412,1.05491924,0.313429832,0.0683069229,0.125597954,0.250929832,0.404963493,0.430169106,0.712454796,0.426634789,0.394650459,0.155607224,0.376051903,0.650294304,0.530928612,0.76484108,1.07092857,0.897141457,0.485653877,0.290131569,0.368901253,0.530759811,1.21469021,0.286252022,0.711977005
2026-08-26T14:46:18.733+00:00	1296.859	SUBSEG96 protocol=asd-research-v1.0.0 session=1 phase=DET window=45 group=3 segments=8 dims=96 fnv1a=06ea593b values=-9.92780781,-9.92780781,0.849649429,-9.92780781,-9.92780781,0.560940742,-9.92780781,1.08008003,-9.92780781,1.20714569,0.711239815,-9.92780781,0.714454651,1.28091049,1.37608719,-9.92780781,1.00624657,0.562426567,0.791122437,0.859467506,0.862856865,0.665538788,0.974490166,1.12096024,1.24157047,1.3329401,0.993019104,0.556727409,0.802210808,0.936032295,0.772297859,1.06209087,1.53522682,1.0466814,0.981263161,3.91178179,3.59897852,0.832862854,0.723324776,0.810247421,1.24234676,1.54467201,1.1147337,1.07942677,0.941142082,1.19631195,1.76362228,1.35058594,0.914086342,0.997087479,1.03765488,1.24224281,1.1458292,1.77958393,0.913156509,0.744844437,0.807002068,0.979715347,1.20868301,1.12151527,0.886507988,2.50441408,0.550415039,0.330206871,0.568047523,0.277911186,0.083363533,-0.0158348083,0.419947624,0.475183487,0.635557175,0.113091469,1.06390572,0.302571297,0.070148468,0.253622055,0.315992355,0.421843529,0.50317955,0.743991852,0.493700981,0.500527382,0.196816444,0.399240494,0.69674778,0.615894318,0.773107529,1.0921154,0.931788445,0.572795868,0.392559052,0.390839577,0.529806137,1.26864719,0.414170265,0.764351845
2026-08-26T14:46:18.840+00:00	1296.968	SUBSEG96 protocol=asd-research-v1.0.0 session=1 phase=DET window=45 group=4 segments=7 dims=96 fnv1a=6f3f4841 values=-9.9719305,-9.9719305,0.714824677,-9.9719305,-9.9719305,1.19117069,-9.9719305,1.71853638,-9.9719305,1.63781929,0.924264908,-9.9719305,0.850629807,1.57349968,1.66328621,-9.9719305,1.0536232,0.566828728,0.644731522,0.459973335,0.664577484,0.938769341,0.848127365,0.876879692,1.1506052,1.41469193,1.00900364,0.660347939,0.78237915,0.842674255,0.862737656,1.19184399,1.5692358,1.36097813,1.16705227,3.81980085,3.65888262,0.969957352,0.396214485,0.743213654,1.4091301,1.22549438,0.971101761,1.36109829,0.842246056,1.14494324,1.83547688,1.23989201,0.988248825,0.985774994,1.05601025,1.13719463,1.11031246,1.58461189,0.843891144,0.776557922,0.717692375,1.0251379,1.19531441,1.19543362,0.751077652,2.38806534,0.634838104,0.209402084,0.521033287,0.312808037,0.0422153473,-0.00372409821,0.302341461,0.518473625,0.577236176,-0.0239858627,1.17724895,0.33607769,0.047832489,0.218720436,0.230824471,0.430490494,0.567946434,0.767838478,0.446763039,0.407356262,0.270090103,0.430268288,0.721371651,0.566505432,0.74770546,1.08804131,0.913995743,0.5128088,0.245347023,0.279829025,0.500055313,1.1482439,0.273155212,0.644396782
2026-08-26T14:46:18.949+00:00	1297.078	SUBSEG96 protocol=asd-research-v1.0.0 session=1 phase=DET window=45 group=5 segments=7 dims=96 fnv1a=33f15c1b values=-9.9803915,-9.9803915,0.844688416,-9.9803915,-9.9803915,0.663559914,-9.9803915,0.984258652,-9.9803915,1.11742973,0.885848999,-9.9803915,1.05978203,1.44066143,1.27963543,-9.9803915,0.80591011,0.749949455,0.87137413,1.02352715,0.977441788,0.738430977,0.736929893,0.74342823,1.26891041,1.52258873,0.991188049,0.832746506,0.650722504,0.703012466,0.796803474,1.41582584,2.0140276,1.63470745,1.08812428,3.84786415,3.60871172,0.935045242,0.723873138,0.764834404,1.37090778,1.2417078,1.03517151,1.29741001,0.875471115,1.21988297,1.52205849,1.21976948,0.928646088,1.16325474,1.18218136,0.918530464,0.915794373,1.69040012,1.02565956,0.738950729,0.86151123,1.13040829,1.10441589,1.23298454,0.982715607,2.40632153,0.512225151,0.242516518,0.537674904,0.307967186,-0.0156793594,-0.0160236359,0.390059471,0.438879013,0.590929031,0.0646524429,1.14119053,0.363375664,0.097360611,0.214654922,0.243555069,0.423596382,0.437791824,0.713685989,0.451633453,0.395177841,0.271772385,0.443575859,0.720608711,0.504346848,0.729046822,1.11520863,0.917028427,0.518223763,0.288732529,0.282300949,0.500891685,1.17476177,0.334838867,0.720801353
2026-08-26T14:46:23.305+00:00	1301.437	FLAGS protocol=asd-quality-v1.6.0 mode=READY state=CALIBRATED_NORMAL waiting=0 learning=0 learned=1 anomaly=0 hold=0 fault=0 green=on red=off guided25_available=1 workflow_pending=DEFAULT research_telemetry=1 profile_persistence_allowed=0 dropped=0
2026-08-26T14:46:28.229+00:00	1306.359	QUALITY protocol=asd-quality-v1.6.0 phase=DET index=46 total=0 result=OK metrics_valid=1 samples=159744 expected=159744 rms_dbfs=-50.756 dc=-0.467 peak=406 clipped=0 zeros=653 stuck=492 dropped_delta=0 feature_valid=1 tonalness_valid=1 tonalness_proxy=3.871859 tonal_gate=pending_normal_only
2026-08-26T14:46:28.354+00:00	1306.484	DET 46 score=2277.09521 lo=0 hi=2832.83325 led=1 anom=0 total_anom=0 hold=0 normal (uzastopnih=0 nivo=-50.8 dBFS racun=716 ms)
2026-08-26T14:46:28.370+00:00	1306.500	FEATURE96 protocol=asd-research-v1.0.0 session=1 phase=DET window=46 window_start_ms=1295862 window_end_ms=1305130 score=2277.09521 level_dbfs=-50.7559776 quality=OK tonalness_proxy=3.87185907 dims=96 fnv1a=edc52692 values=-9.99344635,-9.99344635,0.99657917,-9.99344635,-9.99344635,1.00765228,-9.99344635,1.30992031,-9.99344635,1.36128426,0.973566055,-9.99344635,1.09033871,1.56008625,1.57162857,-9.99344635,1.06804752,0.824376106,0.863444328,1.01390743,1.10477924,1.09656525,1.35977554,1.29576874,1.41882992,1.61354542,1.21871948,0.907476425,0.917304039,0.803979874,0.928743362,1.15728378,1.44558239,1.2682333,1.15220928,3.87185907,3.53472328,0.818032265,0.789972305,0.684414864,1.31513786,1.2864151,0.838599205,1.12729168,0.713788033,1.01191616,1.45528603,1.1980505,0.784894943,0.981884956,1.01734924,0.990850449,0.936962128,1.68985653,0.883634567,0.647525787,0.787838936,0.957274437,1.10443306,1.16917038,0.856384277,2.44262886,0.430622101,0.16785717,0.482797623,0.297793388,0.126439095,-0.031917572,0.28557682,0.431818008,0.507481575,0.0349493027,1.07919884,0.309923172,0.0478944778,0.172564507,0.188423157,0.382580757,0.454417229,0.589305878,0.410406113,0.369672775,0.17767334,0.334382057,0.638266563,0.502560616,0.722600937,1.03232574,0.859424591,0.479437828,0.318040848,0.292039871,0.464379311,1.14818764,0.31949234,0.695049286
2026-08-26T14:46:28.378+00:00	1306.500	FLAGS protocol=asd-quality-v1.6.0 mode=READY state=CALIBRATED_NORMAL waiting=0 learning=0 learned=1 anomaly=0 hold=0 fault=0 green=on red=off guided25_available=1 workflow_pending=DEFAULT research_telemetry=1 profile_persistence_allowed=0 dropped=0
2026-08-26T14:46:28.497+00:00	1306.625	SUBSEG96 protocol=asd-research-v1.0.0 session=1 phase=DET window=46 group=1 segments=8 dims=96 fnv1a=86245365 values=-9.95680332,-9.95680332,0.911104202,-9.95680332,-9.95680332,0.76150322,-9.95680332,1.0481472,-9.95680332,1.16604424,1.08952427,-9.95680332,1.1928463,1.49027443,1.32008362,-9.95680332,1.04431915,0.852004051,0.836235046,1.10254669,0.816496849,0.635088921,0.71309185,0.970556259,1.12656498,1.39921284,1.09831047,0.859473228,0.873908997,0.842358589,1.00889206,1.08508873,1.52458858,1.20546436,1.04628372,3.89896154,3.57641745,0.753073692,0.779553413,0.735934258,1.35856056,1.49301147,0.949276924,1.14503098,0.705266953,1.18043232,1.6564436,1.26409149,0.854963303,0.966832161,1.0170927,1.02484798,0.893159866,1.80565357,0.98928833,0.736028671,0.749429703,0.996358871,1.19600773,1.20792389,0.878281593,2.47881031,0.508448601,0.19769001,0.585281372,0.403018951,0.164335251,-0.0410718918,0.247104645,0.48734951,0.502621651,0.139873505,1.13276196,0.392650604,0.0655069351,0.226464272,0.269441605,0.443605423,0.410243034,0.672088623,0.492085457,0.376172066,0.236274719,0.389641762,0.7287817,0.541838646,0.760751724,1.08593845,0.936175346,0.548150063,0.363323212,0.300632477,0.522192001,1.19860363,0.336038589,0.719608307
2026-08-26T14:46:28.602+00:00	1306.734	SUBSEG96 protocol=asd-research-v1.0.0 session=1 phase=DET window=46 group=2 segments=8 dims=96 fnv1a=e68c5d32 values=-9.97430611,-9.97430611,1.09118366,-9.97430611,-9.97430611,0.864276886,-9.97430611,1.19707966,-9.97430611,1.34319687,0.873301506,-9.97430611,0.745710373,1.065135,1.12487888,-9.97430611,0.987344742,0.916773796,1.1117239,1.34285069,1.15033531,0.675883293,0.752734184,1.14007092,1.48115158,1.50438595,1.15417671,0.766448021,0.838730812,0.850967407,0.898670197,1.21120262,1.74424839,1.3065033,1.1699791,3.86835527,3.56043577,0.894879341,0.891140938,0.869336128,1.43527317,1.32063198,0.914891243,1.22000027,0.693331718,0.904537201,1.42803669,1.25409985,0.91139698,0.990871429,1.11233711,1.11014843,1.17886829,1.6695919,0.908768654,0.669249535,0.894221306,0.960766792,1.11314964,1.19419765,0.828934669,2.48541689,0.388396263,0.189434052,0.438435555,0.292523384,0.0826835632,-0.025718689,0.302567482,0.395282745,0.539089203,0.033621788,1.08658314,0.289741516,0.124750137,0.202805519,0.213218689,0.441941261,0.501552582,0.589658737,0.387542725,0.376278877,0.204310417,0.321762085,0.623920441,0.517282486,0.809679985,1.05493736,0.86594677,0.499814987,0.337579727,0.3775177,0.482133865,1.18941021,0.33703804,0.730921745
2026-08-26T14:46:28.707+00:00	1306.828	SUBSEG96 protocol=asd-research-v1.0.0 session=1 phase=DET window=46 group=3 segments=8 dims=96 fnv1a=da614433 values=-9.97589397,-9.97589397,0.986399651,-9.97589397,-9.97589397,1.2136755,-9.97589397,1.59983349,-9.97589397,1.38134766,0.934268951,-9.97589397,1.19372845,1.40439606,1.36905956,-9.97589397,0.939697266,0.865365982,0.90103054,1.00751114,1.49169254,1.52385044,0.777546883,0.7983284,1.27761364,1.61336327,1.11551571,0.823274612,1.03739929,0.756706238,0.900586128,1.00079441,1.2104702,1.19349194,0.95225811,3.88495779,3.57545376,0.751602173,0.830229759,0.629849434,1.3336792,1.28256321,0.866043091,1.23259544,0.686405182,1.10489559,1.54277992,1.28968525,0.637460709,1.09098911,1.08608818,1.00586128,0.797514915,1.63511372,0.9072752,0.655327797,0.857552528,0.970833778,1.1739378,1.22386837,0.867836952,2.43394709,0.403838158,0.172112465,0.54022789,0.357850075,0.104979515,-0.00365543365,0.370545387,0.507781982,0.493240356,0.00590991974,1.12053585,0.345588684,0.00674629211,0.176419258,0.157318115,0.388331413,0.512275696,0.609413147,0.429389,0.387272835,0.184443474,0.376130104,0.638368607,0.52172184,0.713443756,1.0291481,0.883691788,0.49446106,0.313029289,0.284331322,0.42604351,1.17062378,0.358769417,0.703050613
2026-08-26T14:46:28.815+00:00	1306.937	SUBSEG96 protocol=asd-research-v1.0.0 session=1 phase=DET window=46 group=4 segments=7 dims=96 fnv1a=4540da6a values=-9.99559402,-9.99559402,0.90233326,-9.99559402,-9.99559402,1.153162,-9.99559402,1.40654755,-9.99559402,1.5347023,0.975161552,-9.99559402,1.1879921,1.89761734,1.97595024,-9.99559402,1.29977226,0.67266655,0.679850578,0.527090073,0.806227684,1.2181263,1.97882557,1.65253925,1.50738239,1.70504475,1.07240295,1.07816219,1.05897713,0.860495567,0.991423607,1.39696503,1.34135437,1.19450855,1.22258568,3.88232517,3.50609875,0.853672981,0.600946426,0.546555519,1.32704639,1.07175827,0.725112915,1.01078033,0.690752029,1.04336262,1.27713394,1.09895706,0.712885857,0.878190041,0.833281517,0.959918976,0.853024483,1.68778229,0.773685455,0.560682297,0.689697266,0.969661713,1.06260014,1.192976,0.841732025,2.4549861,0.560912132,0.144824982,0.489792824,0.239280701,0.173707962,-0.0291166306,0.203197479,0.416747093,0.595360756,0.0174798965,1.04807186,0.274011612,0.0525493622,0.183304787,0.165225983,0.341671944,0.483885765,0.570315361,0.394087791,0.410604477,0.141273499,0.351854324,0.639840126,0.495307922,0.653864861,1.04539967,0.814305305,0.441487312,0.362171173,0.284406662,0.471824646,1.0827198,0.329913139,0.71094799
2026-08-26T14:46:28.921+00:00	1307.047	SUBSEG96 protocol=asd-research-v1.0.0 session=1 phase=DET window=46 group=5 segments=7 dims=96 fnv1a=60ac024c values=-9.9759016,-9.9759016,1.13634777,-9.9759016,-9.9759016,0.968562126,-9.9759016,1.1165266,-9.9759016,1.40490246,1.06199551,-9.9759016,1.08699131,1.66797161,1.672328,-9.9759016,1.08372116,0.859560013,0.693675041,0.632284164,0.814882278,0.699730873,1.03429985,1.49897003,1.64189911,1.83494663,1.55993176,1.0405674,0.795584679,0.791676521,0.926384926,1.07260418,1.21443939,1.47698021,1.37167549,3.91678858,3.53710938,0.90967083,0.875004768,0.642575264,1.14379406,1.23550415,0.773467064,1.05510044,0.868612289,0.797481537,1.33193588,1.12197971,0.842988014,1.0388298,1.06600571,0.901215553,0.930253029,1.7268219,0.897237778,0.686581612,0.796421051,0.979325294,1.03319263,1.09798336,0.952649117,2.44707537,0.346493721,0.223930359,0.423169136,0.255438805,0.196468353,0.0301446915,0.369047165,0.427770615,0.489383698,0.0563688278,1.09032631,0.326213837,0.0720176697,0.158335686,0.219025612,0.372849464,0.441050529,0.585292816,0.431757927,0.389268875,0.205812454,0.315169334,0.642706871,0.525312424,0.745678902,1.03344536,0.876338959,0.494773865,0.300035477,0.291859627,0.508138657,1.17700768,0.322857857,0.69887352
2026-08-26T14:46:33.325+00:00	1311.453	FLAGS protocol=asd-quality-v1.6.0 mode=READY state=CALIBRATED_NORMAL waiting=0 learning=0 learned=1 anomaly=0 hold=0 fault=0 green=on red=off guided25_available=1 workflow_pending=DEFAULT research_telemetry=1 profile_persistence_allowed=0 dropped=0
2026-08-26T14:46:38.267+00:00	1316.390	QUALITY protocol=asd-quality-v1.6.0 phase=DET index=47 total=0 result=OK metrics_valid=1 samples=159744 expected=159744 rms_dbfs=-50.001 dc=-0.559 peak=577 clipped=0 zeros=617 stuck=439 dropped_delta=0 feature_valid=1 tonalness_valid=1 tonalness_proxy=3.537406 tonal_gate=pending_normal_only
2026-08-26T14:46:38.277+00:00	1316.406	DET 47 score=2925.25049 lo=0 hi=2832.83325 led=1 anom=0 total_anom=0 hold=1 iznad praga (uzastopnih=0 nivo=-50.0 dBFS racun=716 ms)
2026-08-26T14:46:38.407+00:00	1316.531	FEATURE96 protocol=asd-research-v1.0.0 session=1 phase=DET window=47 window_start_ms=1305832 window_end_ms=1315168 score=2925.25049 level_dbfs=-50.0014648 quality=OK tonalness_proxy=3.53740644 dims=96 fnv1a=c90b3489 values=-10.2136288,-10.2136288,1.26646996,-10.2136288,-10.2136288,1.28123188,-10.2136288,1.4373827,-10.2136288,1.63689423,1.31202126,-10.2136288,1.03944588,1.30943108,1.38297844,-10.2136288,1.17047596,1.01815128,0.823460579,0.889640808,0.964559555,1.31791973,1.60937595,1.66466236,1.69432831,1.78170204,1.6997757,1.55959034,1.49936867,1.56909275,1.57751465,1.70064831,1.94862556,1.51589298,1.82085419,3.53740644,3.0902257,1.0962944,1.13689804,1.02190781,1.41566467,1.35562801,1.09472466,1.18420029,0.77760601,0.919616699,1.20957184,0.976813316,0.698436737,0.897222519,0.997483253,0.977856636,1.0038538,1.46328449,0.726801872,0.542596817,0.589797974,0.784371376,0.967689514,1.01182556,1.17426205,2.25623417,0.296088219,0.0402469635,0.333217621,0.106368065,-0.123139381,-0.168785095,0.132450104,0.186830521,0.359129906,-0.0115327835,0.712021828,0.169353485,-0.22469902,0.0772628784,0.138063431,0.218344688,0.599145889,0.500263214,0.270798683,0.229816437,0.346657753,0.214450836,0.464701653,0.404781342,0.658688545,0.826610565,0.655329704,0.532396317,0.085931778,0.162854195,0.335922241,0.931159973,0.280395508,0.568137169
2026-08-26T14:46:38.417+00:00	1316.547	FLAGS protocol=asd-quality-v1.6.0 mode=OBSERVATION_HOLD state=OBSERVATION_HOLD waiting=0 learning=0 learned=1 anomaly=0 hold=1 fault=0 green=pulse_1s red=off guided25_available=1 workflow_pending=DEFAULT research_telemetry=1 profile_persistence_allowed=0 dropped=0
2026-08-26T14:46:38.536+00:00	1316.656	SUBSEG96 protocol=asd-research-v1.0.0 session=1 phase=DET window=47 group=1 segments=8 dims=96 fnv1a=caaad891 values=-10.1701508,-10.1701508,0.558353424,-10.1701508,-10.1701508,0.80522728,-10.1701508,0.826918602,-10.1701508,0.96744442,0.850610733,-10.1701508,1.2064209,1.40976524,1.37323761,-10.1701508,1.40073586,1.30567455,0.954275131,0.693315506,1.20946884,1.48173809,1.73512268,1.94422197,2.00305462,1.90070581,1.79358292,1.69645691,1.56580639,1.44078541,1.54889297,2.00462294,2.49232578,2.07754993,1.77129459,3.73371935,3.2094698,1.20151234,1.6127882,1.45849419,1.58358288,1.66061592,1.60733128,1.43288422,1.01186848,0.889669418,1.15838623,0.829936981,0.617730141,0.76089859,0.790423393,0.830830574,0.918625832,1.5911026,0.66272068,0.57926178,0.467921257,0.775690079,0.843788147,1.04251766,0.607367516,2.26518679,0.2186203,0.128146172,0.316778183,0.107642174,-0.0818891525,-0.213574409,0.140311241,0.174767494,0.364427567,-0.175278664,0.725741386,0.138688087,-0.237153053,0.000732421875,0.0584259033,0.148477554,0.329414368,0.437838554,0.219281197,0.140394211,-0.0671463013,0.0526475906,0.416804314,0.40127182,0.562215805,0.798261642,0.698745728,0.360466003,0.176160812,0.0657052994,0.270991325,0.980811119,0.0707645416,0.469807625
2026-08-26T14:46:38.644+00:00	1316.765	SUBSEG96 protocol=asd-research-v1.0.0 session=1 phase=DET window=47 group=2 segments=8 dims=96 fnv1a=96ccaf44 values=-9.98622131,-9.98622131,1.28403664,-9.98622131,-9.98622131,1.28723526,-9.98622131,1.47780895,-9.98622131,1.62716293,1.15448666,-9.98622131,1.00533676,1.36534595,1.28949642,-9.98622131,0.933318138,0.962505341,0.982646942,1.14947414,1.16975403,1.05032825,1.08364677,1.13442993,1.1437664,1.45906162,0.846027374,0.944117546,0.857211113,0.909320831,1.30563736,1.64213943,1.52727413,0.914114952,0.965748787,3.91622257,3.39766264,0.770425797,0.63465786,0.513753891,1.28278446,1.23603725,0.87434864,1.37232018,0.815505981,0.98741436,1.40680504,1.05188942,0.732391357,1.12448692,1.10182381,1.07454777,0.904014587,1.82373714,0.995753288,0.779051781,0.627990723,0.936748505,1.03499317,1.07179642,0.843969345,2.4013958,0.498548508,0.166730881,0.469760895,0.235292435,0.0505542755,0.0672197342,0.378742218,0.406279564,0.589436531,0.0721235275,0.985864639,0.389395714,0.0406131744,0.256579399,0.125854492,0.362483978,0.522198677,0.603155136,0.453451157,0.366959572,0.127094269,0.239439011,0.666399002,0.51722908,0.722976685,0.941893578,0.875212669,0.51717186,0.295989037,0.252540588,0.455131531,1.17524815,0.245225906,0.632595062
2026-08-26T14:46:38.752+00:00	1316.875	SUBSEG96 protocol=asd-research-v1.0.0 session=1 phase=DET window=47 group=3 segments=8 dims=96 fnv1a=38a65918 values=-10.0841894,-10.0841894,1.43952274,-10.0841894,-10.0841894,1.6004076,-10.0841894,1.64797688,-10.0841894,1.82243824,1.59306526,-10.0841894,1.25017071,1.34065056,1.57358551,-10.0841894,1.17689419,0.989151955,0.969292641,0.960762024,0.64348793,1.34092617,1.78337479,1.49575233,1.01202774,0.845032692,1.19962597,1.21307373,1.23741627,1.46563816,1.24911022,1.6278429,1.47436142,1.08360672,0.866192818,3.78298569,3.38757467,1.02172375,0.675885201,0.731266975,1.29567528,1.35669136,0.888121605,1.26451683,0.662727356,0.928321838,1.41392708,0.961937904,0.775346756,0.901288033,0.899468422,1.04212189,0.797592163,1.70886803,0.791985512,0.737987518,0.772901535,0.875844955,1.10084438,1.10929108,0.758831978,2.36407375,0.288410187,0.0831899643,0.428900719,0.299448967,-0.034869194,0.0281505585,0.256420135,0.353415489,0.412510872,0.0276508331,0.830760002,0.27021122,0.00300884247,0.217442513,0.191845894,0.288319588,0.464021683,0.617889404,0.330391884,0.404067993,0.121498108,0.285774231,0.577250481,0.463751793,0.67075634,0.891079903,0.778782845,0.452360153,0.210892677,0.209490776,0.382328987,1.15191078,0.283039093,0.524061203
2026-08-26T14:46:38.858+00:00	1316.984	SUBSEG96 protocol=asd-research-v1.0.0 session=1 phase=DET window=47 group=4 segments=7 dims=96 fnv1a=309ce1a1 values=-10.3068933,-10.3068933,1.56010056,-10.3068933,-10.3068933,1.51443577,-10.3068933,1.7651186,-10.3068933,1.99766541,1.629426,-10.3068933,0.995530128,1.36342144,1.50213814,-10.3068933,1.35887909,1.01232052,0.631097794,1.06835651,0.964905739,1.61856365,1.8982172,1.96895075,2.03659296,2.19037342,2.14787912,1.97350693,1.91651773,2.02174139,2.00163603,1.83043385,1.81991768,1.30936432,1.1142416,3.15709782,2.79609299,1.30004787,1.15334702,1.09870148,1.60825539,1.3803215,0.791628838,0.976480484,0.846801758,1.0565567,1.15209675,1.06552601,0.789897919,1.02200603,1.22852612,0.98462677,0.821737289,1.11090183,0.723869324,0.433924675,0.709685326,0.66956234,0.955775261,0.976865768,0.725193977,2.26474285,0.342250824,0.0305652618,0.349193573,0.0200595856,-0.188632965,-0.26295948,0.134860992,0.0930509567,0.304491043,-0.122976303,0.70108223,0.129018784,-0.436593056,0.0730237961,0.24992466,0.18888092,0.4497118,0.519404411,0.187443733,0.151116371,0.111274719,0.125965118,0.415142059,0.241314888,0.550136566,0.796840668,0.58650589,0.240192413,-0.0238313675,0.0341396332,0.176153183,0.822604179,0.079665184,0.374341965
2026-08-26T14:46:38.963+00:00	1317.093	SUBSEG96 protocol=asd-research-v1.0.0 session=1 phase=DET window=47 group=5 segments=7 dims=96 fnv1a=eccce46b values=-10.1683931,-10.1683931,1.22569656,-10.1683931,-10.1683931,1.03143883,-10.1683931,1.10377598,-10.1683931,1.28427792,0.96526432,-10.1683931,0.979845047,1.37198353,1.39437389,-10.1683931,0.919610977,0.972842216,0.898740768,0.760513306,0.954206467,0.627646446,0.881871223,0.983870506,1.10270786,1.50089931,1.22791195,1.00357056,1.10837364,1.12952328,1.23432159,1.30960846,1.53773117,1.17044544,2.47609329,2.82440281,2.71727943,1.18109226,0.915781021,0.74766922,1.3816061,1.2237978,0.848329544,1.11165428,0.732275009,1.00922871,1.25457764,1.21135044,0.855981827,0.952012062,1.09916878,1.22805023,1.48018169,1.15621185,0.798142433,0.512708664,0.626955986,0.992389679,1.18961525,1.18293476,1.82857418,2.33323383,0.44596386,0.130045891,0.443847656,0.208964348,-0.00744628906,-0.124733925,0.0845880508,0.256173134,0.475923538,0.337148666,0.641381264,0.272164345,-0.187037468,0.17924881,0.312260628,0.42492485,1.09242439,0.648427963,0.487218857,0.407770157,0.922789574,0.558174133,0.596390724,0.681340218,1.00013447,1.0288868,0.690703392,1.01552582,0.115186691,0.487634659,0.647238731,0.82524395,0.729074478,0.967283249
2026-08-26T14:46:38.965+00:00	1317.093	STATE protocol=asd-quality-v1.6.0 from=CALIBRATED_NORMAL to=OBSERVATION_HOLD reason=OBSERVATION_UNCERTAIN
2026-08-26T14:46:38.975+00:00	1317.109	EVENT protocol=asd-quality-v1.6.0 type=OBSERVATION_HOLD state=OBSERVATION_HOLD phase=DET reason=OBSERVATION_UNCERTAIN event=NONE capability=AVAILABLE level=DEVIATION
2026-08-26T14:46:43.307+00:00	1321.437	FLAGS protocol=asd-quality-v1.6.0 mode=OBSERVATION_HOLD state=OBSERVATION_HOLD waiting=0 learning=0 learned=1 anomaly=0 hold=1 fault=0 green=pulse_1s red=off guided25_available=1 workflow_pending=DEFAULT research_telemetry=1 profile_persistence_allowed=0 dropped=0
2026-08-26T14:46:48.241+00:00	1326.375	QUALITY protocol=asd-quality-v1.6.0 phase=DET index=48 total=0 result=OK metrics_valid=1 samples=159744 expected=159744 rms_dbfs=-47.041 dc=-0.491 peak=693 clipped=0 zeros=432 stuck=266 dropped_delta=0 feature_valid=1 tonalness_valid=1 tonalness_proxy=3.271791 tonal_gate=pending_normal_only
2026-08-26T14:46:48.251+00:00	1326.375	DET 48 score=41369.6875 lo=0 hi=2832.83325 led=1 anom=0 total_anom=0 hold=1 iznad praga (uzastopnih=0 nivo=-47.0 dBFS racun=716 ms)
2026-08-26T14:46:48.380+00:00	1326.500	FEATURE96 protocol=asd-research-v1.0.0 session=1 phase=DET window=48 window_start_ms=1315902 window_end_ms=1325142 score=41369.6875 level_dbfs=-47.0413818 quality=OK tonalness_proxy=3.27179146 dims=96 fnv1a=60a7c19e values=-10.1178713,-10.1178713,1.17505169,-10.1178713,-10.1178713,1.08090019,-10.1178713,1.40971661,-10.1178713,1.50654602,1.07745934,-10.1178713,1.08153915,1.59779358,1.66675758,-10.1178713,1.19671059,0.860469818,0.791994095,0.803049088,0.794638634,0.650149345,0.954228401,1.11428833,1.21247387,1.35888863,0.991039276,0.762578011,0.851851463,1.12853813,1.29399586,1.42839909,1.58382416,1.90558815,3.27179146,1.90710688,1.41115093,0.920842171,0.588736534,0.64607048,1.13040638,1.13869953,0.776411057,1.0996809,0.487534523,0.769871712,1.0333004,0.715079308,0.661067009,0.819997787,0.979919434,2.11003971,1.55268002,0.828220367,0.692013741,0.449608803,0.568384171,0.775211334,0.852812767,2.03391266,2.48126841,0.306027412,0.0476579666,0.0787906647,0.270125389,0.0915584564,-0.179938316,-0.227139473,0.0943803787,0.118684769,0.280545235,0.789916992,-0.0433654785,0.0327615738,-0.344591141,-0.0770492554,0.412982941,1.61208534,0.966007233,0.390203476,0.48539257,0.350151062,1.3425808,0.0153255463,0.16823101,1.45282459,0.989250183,0.709422112,1.41103363,0.955245972,0.23257637,1.32893562,1.01337624,1.61564159,1.08303928,2.19002867
2026-08-26T14:46:48.392+00:00	1326.515	FLAGS protocol=asd-quality-v1.6.0 mode=OBSERVATION_HOLD state=OBSERVATION_HOLD waiting=0 learning=0 learned=1 anomaly=0 hold=1 fault=0 green=pulse_1s red=off guided25_available=1 workflow_pending=DEFAULT research_telemetry=1 profile_persistence_allowed=0 dropped=0
2026-08-26T14:46:48.508+00:00	1326.640	SUBSEG96 protocol=asd-research-v1.0.0 session=1 phase=DET window=48 group=1 segments=8 dims=96 fnv1a=e68dea70 values=-10.0748634,-10.0748634,1.26476574,-10.0748634,-10.0748634,1.15683842,-10.0748634,1.36524391,-10.0748634,1.70438194,1.18228912,-10.0748634,0.916521072,1.30937386,1.47221851,-10.0748634,1.1060257,1.09762859,0.998398781,0.879671097,0.771152496,0.772313118,1.03079796,0.892139435,0.859987259,0.994750977,0.874652863,0.802507401,0.78623867,0.717422485,1.08191395,1.16802025,1.3056078,1.53332329,3.32110977,2.56399536,1.45704746,0.652928352,0.366067886,0.566750526,1.23436069,1.06276894,0.815574646,1.20039177,0.41574192,0.771383286,1.09219551,0.832925797,0.678421021,0.885507584,0.780058861,1.69356632,1.81506538,0.907026291,0.655612946,0.534137726,0.639867783,0.869698524,1.01543808,1.63460827,2.56313419,0.395905495,0.168794632,0.244194031,0.36579895,0.211933136,-0.0519218445,-0.17192173,0.276159286,0.264698029,0.477257729,1.17400551,-0.0063533783,0.148101807,-0.232731819,-0.0165338516,0.530323029,1.19425201,1.53689671,0.396910667,0.605951309,0.357151031,1.3382864,0.0820007324,0.229159355,1.09382439,1.2876091,0.860895157,1.12277603,1.265872,0.0285558701,1.13982296,0.906339645,1.56810188,0.864559174,1.87276554
2026-08-26T14:46:48.617+00:00	1326.750	SUBSEG96 protocol=asd-research-v1.0.0 session=1 phase=DET window=48 group=2 segments=8 dims=96 fnv1a=1b4318b2 values=-10.1067734,-10.1067734,1.30750084,-10.1067734,-10.1067734,1.07949448,-10.1067734,1.25476265,-10.1067734,1.34202957,0.935617447,-10.1067734,0.936301231,1.64753914,1.75005054,-10.1067734,1.16288471,0.808389664,0.807254791,0.896380424,1.01652431,0.612599373,0.931759834,1.25018406,1.37366009,1.58542061,1.01989555,0.96245575,0.830001831,1.53786469,1.77083206,1.69852066,1.77445126,2.34235907,3.23816967,1.35148907,1.58334446,1.15246773,0.589123726,0.690992355,1.28504086,1.21578598,1.011446,0.90490818,0.509678841,0.84737587,0.983485222,0.561907768,0.578899384,0.788338661,0.866458893,2.40212297,0.539913177,0.797020912,0.755607605,0.450354576,0.584112167,0.757839203,0.812697411,2.66192532,2.31417847,0.0967674255,0.0419254303,-0.0845651627,0.206433296,0.0545482635,-0.26120472,-0.189803123,-0.0333480835,0.0768680573,0.254396439,0.872706413,-0.101138115,0.0725078583,-0.286840439,-0.0588521957,0.440731049,0.936768532,0.62494278,0.316856384,0.443454742,0.29737854,1.09880257,-0.0924682617,0.10726738,1.67432117,0.583251953,0.778382301,1.33164883,0.832950592,0.247497559,1.40939617,1.3678093,1.66756821,1.04675674,2.21117449
2026-08-26T14:46:48.724+00:00	1326.843	SUBSEG96 protocol=asd-research-v1.0.0 session=1 phase=DET window=48 group=3 segments=8 dims=96 fnv1a=912b5200 values=-10.0890474,-10.0890474,1.09030533,-10.0890474,-10.0890474,1.1578064,-10.0890474,1.70157719,-10.0890474,1.69869804,1.00601292,-10.0890474,1.11375999,1.63792229,1.5412159,-10.0890474,1.37251091,0.974845886,0.622074127,0.800898552,0.858716011,0.800234795,1.16345596,1.38712788,1.22393513,1.16420364,1.16301537,0.752746582,1.09928608,1.17964554,1.1378231,1.54378986,1.79005051,1.83501244,3.30288219,0.99328804,1.32977581,1.00462437,0.502703667,0.837246895,1.11851501,1.18415737,0.731499672,1.06927109,0.521278381,0.75663662,1.05370522,0.8173666,0.644823074,0.987207413,1.20300388,2.29804659,1.25482559,0.884448051,0.76529026,0.503332138,0.562380791,0.782680511,0.90729332,1.01622105,2.54749107,0.362707138,0.0650348663,0.0641136169,0.297637939,0.00903129578,-0.120940208,-0.267677307,0.130857468,0.093091011,0.238384247,0.36008358,-0.0423746109,0.00504779816,-0.349224091,-0.0342311859,0.397127151,1.24811554,0.490038872,0.301220894,0.546087265,0.20326519,1.44727707,0.0209760666,0.206546783,1.42101383,0.489186287,0.712240219,1.64263153,0.682258606,0.408624649,1.53088856,1.08471584,1.85188389,1.43305969,2.38715601
2026-08-26T14:46:48.832+00:00	1326.953	SUBSEG96 protocol=asd-research-v1.0.0 session=1 phase=DET window=48 group=4 segments=7 dims=96 fnv1a=4a896cff values=-10.0365715,-10.0365715,1.26453781,-10.0365715,-10.0365715,1.21059799,-10.0365715,1.42271519,-10.0365715,1.33432484,1.09374523,-10.0365715,1.15562916,1.29244423,1.30820656,-10.0365715,0.963790894,0.947864532,0.945007324,0.905941963,0.680616379,0.513777733,0.655471802,1.01071072,1.39317036,1.31330109,0.741959572,0.720417976,0.95188427,0.983707428,0.832496643,1.49123669,1.39979935,1.76921463,3.35956573,1.26494503,1.534132,0.860744476,0.700099945,0.663580894,1.07426929,1.07668877,0.716319084,1.13819695,0.569759369,0.882622719,1.06410694,0.884765625,0.815648079,0.780020714,1.07009792,1.95342827,1.82526398,0.854645729,0.7009058,0.55575943,0.616848946,0.870819092,0.835298538,0.876576424,2.55770302,0.456650734,0.134959221,0.122961998,0.328065872,0.210735321,-0.0882530212,-0.0749988556,0.146525383,0.216733932,0.336320877,0.649185181,0.0886459351,0.0807161331,-0.312703133,0.0218696594,0.441982269,1.94408512,0.553119659,0.550515175,0.507963181,0.560682297,1.36219215,0.0960035324,0.223834991,1.41909981,1.1443634,0.730934143,1.52937126,0.976039886,0.368086815,1.36865807,0.720009804,1.63461018,1.07537079,2.36268997
2026-08-26T14:46:48.939+00:00	1327.062	SUBSEG96 protocol=asd-research-v1.0.0 session=1 phase=DET window=48 group=5 segments=7 dims=96 fnv1a=4cdfe2fa values=-10.0658979,-10.0658979,1.09963608,-10.0658979,-10.0658979,0.972178459,-10.0658979,1.34578991,-10.0658979,1.46754837,1.31668758,-10.0658979,1.38586807,1.96427059,2.07158136,-10.0658979,1.41594696,0.306092262,0.69343853,0.698554039,0.700192451,0.665302277,1.00088406,0.963393211,1.26398849,1.63473225,1.18597889,0.678221703,0.63986969,0.749556541,0.969752312,1.11576939,1.58658791,1.58993244,3.35480881,0.966049194,1.26557064,0.951406479,0.882434845,0.604667664,1.05960274,1.31213093,0.670571327,1.33022022,0.626180649,0.797599792,1.17823505,0.617493629,0.797712326,0.807053566,1.07689667,1.9559207,1.72993565,0.902259827,0.775206566,0.396965981,0.650225639,0.804924965,0.858386993,1.18253517,2.60733271,0.389718056,0.0208024979,0.208814621,0.359230995,0.170603752,-0.190736771,-0.226869583,0.113447189,0.134664536,0.255779266,0.602934837,0.0618209839,0.0524559021,-0.35492897,-0.0929479599,0.450460434,2.07128811,0.607953072,0.577494621,0.513904572,0.509654045,1.58194542,0.171274185,0.28420639,1.63809395,1.19051552,0.611382484,1.48655319,1.02053833,0.234683037,1.2876606,0.686084747,1.39715862,0.889989853,2.16754627
2026-08-26T14:46:53.317+00:00	1331.437	FLAGS protocol=asd-quality-v1.6.0 mode=OBSERVATION_HOLD state=OBSERVATION_HOLD waiting=0 learning=0 learned=1 anomaly=0 hold=1 fault=0 green=pulse_1s red=off guided25_available=1 workflow_pending=DEFAULT research_telemetry=1 profile_persistence_allowed=0 dropped=0
2026-08-26T14:46:58.215+00:00	1336.343	QUALITY protocol=asd-quality-v1.6.0 phase=DET index=49 total=0 result=OK metrics_valid=1 samples=159744 expected=159744 rms_dbfs=-47.196 dc=-0.485 peak=612 clipped=0 zeros=443 stuck=274 dropped_delta=0 feature_valid=1 tonalness_valid=1 tonalness_proxy=3.376311 tonal_gate=pending_normal_only
2026-08-26T14:46:58.225+00:00	1336.359	DET 49 score=35503.0977 lo=0 hi=2832.83325 led=1 anom=0 total_anom=0 hold=1 iznad praga (uzastopnih=0 nivo=-47.2 dBFS racun=716 ms)
2026-08-26T14:46:58.355+00:00	1336.484	FEATURE96 protocol=asd-research-v1.0.0 session=1 phase=DET window=49 window_start_ms=1325852 window_end_ms=1335117 score=35503.0977 level_dbfs=-47.1961632 quality=OK tonalness_proxy=3.3763113 dims=96 fnv1a=16065cf9 values=-10.0537758,-10.0537758,1.19994736,-10.0537758,-10.0537758,1.14066601,-10.0537758,1.42208767,-10.0537758,1.47451401,1.11647892,-10.0537758,1.0955019,1.5520277,1.38979149,-10.0537758,0.8620224,0.738642693,0.780592918,0.977912903,0.875246048,0.676237106,0.874324799,1.03771782,1.37011623,1.45587444,1.07398319,0.846902847,0.644492149,0.883591652,0.85815239,1.04699612,1.33811951,1.49652576,3.3763113,1.04662704,1.55446053,1.13672256,0.708359718,0.649276733,1.09826565,1.24802494,0.912940025,1.18309021,0.631999016,0.775107384,1.12516022,0.76674366,0.826602936,0.808627129,0.997877121,1.87487411,1.9139328,0.868721962,0.777449608,0.530865669,0.679868698,0.79664135,0.888725281,1.26900291,2.59098053,0.391769409,0.0617027283,0.278657913,0.262226105,0.100805283,-0.127317429,-0.0661945343,0.1757164,0.242685318,0.362250328,0.0604705811,0.098572731,0.0178089142,-0.31094265,0.00381183624,0.480210304,2.27709627,0.373644829,0.521175385,0.526304245,0.727761269,2.02457476,0.427453995,0.262887001,1.5479002,1.53415203,0.835299492,1.73862553,0.986256599,0.187445641,0.945593834,0.556453705,1.29879665,0.57055378,1.79006863
2026-08-26T14:46:58.365+00:00	1336.484	FLAGS protocol=asd-quality-v1.6.0 mode=OBSERVATION_HOLD state=OBSERVATION_HOLD waiting=0 learning=0 learned=1 anomaly=0 hold=1 fault=0 green=pulse_1s red=off guided25_available=1 workflow_pending=DEFAULT research_telemetry=1 profile_persistence_allowed=0 dropped=0
2026-08-26T14:46:58.484+00:00	1336.609	SUBSEG96 protocol=asd-research-v1.0.0 session=1 phase=DET window=49 group=1 segments=8 dims=96 fnv1a=a42ae45c values=-10.0301561,-10.0301561,1.36104202,-10.0301561,-10.0301561,1.28165531,-10.0301561,1.49040604,-10.0301561,1.59594727,1.2473774,-10.0301561,1.03970051,1.27398872,1.10926533,-10.0301561,0.853657722,0.791687012,0.776872635,0.778849602,0.437399864,0.388991356,1.01525497,1.1900177,1.20430565,1.07662868,0.788286209,1.11745644,0.644932747,0.947747231,0.910215378,1.25068665,1.53669453,1.97990942,3.39040327,1.1395216,1.58671093,0.998303413,0.694475174,0.362701416,1.27817726,1.35467911,1.0325079,1.25900078,0.427201271,0.962617874,1.19198608,0.788859367,0.862839699,0.64881134,0.980495453,2.27709818,1.48757362,0.840744972,0.828927994,0.563673973,0.714341164,0.703355789,0.919025421,1.83140945,2.6265173,0.397674561,0.189291,0.21657753,0.169698715,-0.0163660049,-0.0489349365,-0.0538806915,0.141518593,0.306194305,0.361326218,0.458024979,0.0899486542,0.0445451736,-0.169487,0.0272045135,0.534611702,1.57981777,0.398039818,0.443092346,0.666578293,0.599599838,1.88025284,0.489890099,0.240413666,1.94274044,0.553851128,0.668717384,1.77794266,0.835632324,0.0926837921,1.01183128,0.768675804,1.22391891,0.511514664,2.06723452
2026-08-26T14:46:58.591+00:00	1336.718	SUBSEG96 protocol=asd-research-v1.0.0 session=1 phase=DET window=49 group=2 segments=8 dims=96 fnv1a=2288385a values=-10.0189161,-10.0189161,1.15769196,-10.0189161,-10.0189161,1.07334614,-10.0189161,1.01875019,-10.0189161,1.18003654,1.00572205,-10.0189161,1.1386137,1.51357555,1.38380432,-10.0189161,0.981571198,0.957661629,1.06389904,1.06711578,0.869475365,0.64999485,0.689964294,1.03072739,1.39332867,1.47389889,0.924340248,0.719890594,0.767663002,0.879448891,0.731766701,1.00046921,1.21908188,1.51466942,3.43420792,0.95122242,1.56565189,1.02246475,0.918041229,0.715704918,1.10295486,1.36964226,1.10056305,1.1065588,0.705711365,0.854228973,1.21816063,0.851668358,0.931160927,0.853078842,1.13351917,2.12314177,1.81888676,0.953516006,0.802787781,0.555678368,0.671739578,0.875518799,0.926747322,0.735104561,2.50861645,0.376086235,0.0479440689,0.219994545,0.298563957,0.218633652,-0.132632256,0.0945396423,0.239543915,0.249113083,0.389094353,-0.0365056992,0.0398302078,0.0127458572,-0.289656639,0.062458992,0.505467415,1.85627079,0.330644608,0.564249039,0.684519768,0.775607109,1.98472214,0.616756439,0.281100273,1.74494457,0.884108543,0.805894852,1.86834908,0.999650955,0.0694360733,1.09195137,0.517110825,1.27032757,0.271956444,2.02558184
2026-08-26T14:46:58.699+00:00	1336.828	SUBSEG96 protocol=asd-research-v1.0.0 session=1 phase=DET window=49 group=3 segments=8 dims=96 fnv1a=ff4a73d9 values=-10.0595236,-10.0595236,1.17663288,-10.0595236,-10.0595236,0.934639931,-10.0595236,1.64338875,-10.0595236,1.68142414,1.374856,-10.0595236,1.12517834,1.74145603,1.6375351,-10.0595236,0.790688515,0.77528286,0.811944008,0.992566109,0.90528965,0.749631882,0.912250519,1.14434719,1.33849239,1.45557022,1.28009987,0.856724739,0.79838562,0.966197014,1.00389004,1.14530468,1.37061501,1.24875546,3.34801483,1.23749065,1.62352753,1.21045494,0.751377106,0.751646042,1.03903866,1.06723499,0.912396431,1.19604588,0.756399155,0.648843765,1.12049007,0.647127151,0.719027519,0.844908714,0.978782654,1.32447052,2.07080078,0.918522835,0.779880524,0.590750694,0.782369614,0.7681427,0.911753654,0.794166565,2.60559082,0.421709061,0.0871582031,0.446990013,0.269841194,0.0428352356,-0.0796604156,-0.178704262,0.16275692,0.278715134,0.316354752,-0.193508148,0.151455879,0.0296239853,-0.438996315,-0.0230522156,0.481443405,2.44660187,0.390778542,0.585440636,0.441627502,0.80739975,2.06374073,0.334122658,0.315354347,1.01762199,1.70811081,0.860854149,1.61807537,0.853165627,0.218899727,0.841128349,0.495036125,1.31017685,0.548967361,1.58350182
2026-08-26T14:46:58.806+00:00	1336.937	SUBSEG96 protocol=asd-research-v1.0.0 session=1 phase=DET window=49 group=4 segments=7 dims=96 fnv1a=7f92fa46 values=-10.0072765,-10.0072765,1.02442169,-10.0072765,-10.0072765,1.17871284,-10.0072765,1.57871819,-10.0072765,1.63471699,0.999713898,-10.0072765,1.32548904,1.86615849,1.57223606,-10.0072765,0.953667641,0.459440231,0.657114983,1.26640797,1.20876694,0.693311691,1.04115295,1.03312588,1.55324268,1.54439163,1.02875423,0.809137344,0.406983376,0.85722065,0.835597992,1.01323414,1.04548264,0.60863781,3.43425608,0.876813889,1.44846535,1.14467621,0.482068062,0.635525703,1.17203903,1.3063736,0.674508095,1.3009758,0.572462082,0.76461792,1.09805393,0.78381443,0.885956764,0.885848999,1.08115292,1.35643482,2.01289797,0.869083405,0.656924248,0.453304291,0.645798683,0.850196838,0.892454147,0.896349907,2.65874195,0.448411942,0.0398378372,0.314477921,0.324721336,0.16305542,-0.127504349,-0.0579576492,0.211188316,0.230266571,0.423434258,-0.126712799,0.121341705,0.042509079,-0.256957054,0.083656311,0.518602371,2.47459126,0.369746208,0.610118866,0.512290001,0.822031975,2.26488972,0.401795387,0.340708733,1.14617252,1.79196453,0.965057373,1.79191494,0.727169037,0.317854881,0.972452164,0.490766525,1.46003151,0.65955925,1.55117702
2026-08-26T14:46:58.914+00:00	1337.047	SUBSEG96 protocol=asd-research-v1.0.0 session=1 phase=DET window=49 group=5 segments=7 dims=96 fnv1a=01821b14 values=-9.99448967,-9.99448967,1.34054565,-9.99448967,-9.99448967,1.32265186,-9.99448967,1.20466614,-9.99448967,1.00727463,0.734517097,-9.99448967,0.892127991,1.00815201,1.05618095,-9.99448967,0.868601799,0.65931797,0.452112198,0.740787506,0.845845222,0.931776047,0.752096176,0.782148361,1.48272991,1.72422695,1.2945118,0.695121765,0.592514038,0.888829231,0.893835068,0.775978088,1.48049736,0.976971626,3.43283558,1.02835369,1.66254902,1.3844986,0.7015028,0.823730469,0.969976425,1.24077415,0.81918335,1.18851852,0.762347221,0.71139431,1.12386799,0.902820587,0.875421524,0.939341545,0.932614326,1.29465675,2.11477423,0.898180008,0.932467461,0.61698246,0.705114365,0.931381226,0.943400383,0.929732323,2.70470047,0.472132683,0.0617198944,0.285800934,0.397445679,0.227683067,-0.113901138,-0.0163288116,0.279354095,0.290507317,0.482316017,-0.0658187866,0.233897209,0.116085052,-0.277583122,0.0224695206,0.513096809,2.56279325,0.523990631,0.541498184,0.358216286,0.759161949,2.01843166,0.371473312,0.285643578,1.191329,1.82994366,0.996939659,1.76576233,1.39355373,0.359479904,0.920929909,0.580991745,1.37454414,0.872559547,1.36454391
2026-08-26T14:47:03.337+00:00	1341.468	FLAGS protocol=asd-quality-v1.6.0 mode=OBSERVATION_HOLD state=OBSERVATION_HOLD waiting=0 learning=0 learned=1 anomaly=0 hold=1 fault=0 green=pulse_1s red=off guided25_available=1 workflow_pending=DEFAULT research_telemetry=1 profile_persistence_allowed=0 dropped=0
2026-08-26T14:47:08.190+00:00	1346.312	QUALITY protocol=asd-quality-v1.6.0 phase=DET index=50 total=0 result=OK metrics_valid=1 samples=159744 expected=159744 rms_dbfs=-46.814 dc=-0.484 peak=582 clipped=0 zeros=381 stuck=226 dropped_delta=0 feature_valid=1 tonalness_valid=1 tonalness_proxy=3.272572 tonal_gate=pending_normal_only
2026-08-26T14:47:08.199+00:00	1346.328	DET 50 score=38359.5859 lo=0 hi=2832.83325 led=1 anom=0 total_anom=0 hold=1 iznad praga (uzastopnih=0 nivo=-46.8 dBFS racun=716 ms)
2026-08-26T14:47:08.330+00:00	1346.453	FEATURE96 protocol=asd-research-v1.0.0 session=1 phase=DET window=50 window_start_ms=1335822 window_end_ms=1345091 score=38359.5859 level_dbfs=-46.8135147 quality=OK tonalness_proxy=3.27257156 dims=96 fnv1a=150b679a values=-10.1058893,-10.1058893,1.06570911,-10.1058893,-10.1058893,1.01414776,-10.1058893,1.24746609,-10.1058893,1.25444221,0.819752693,-10.1058893,0.954341888,1.29893208,1.16413593,-10.1058893,0.916644096,0.890852928,0.917070389,1.01634693,1.01318073,0.746323586,0.973217964,1.21994972,1.53073597,1.70100212,1.48950005,1.11985302,0.817206383,1.24378777,1.6306324,1.6444006,1.26408195,0.986433983,3.27257156,1.73135853,1.49781799,0.936393738,0.734759331,0.634738922,1.12333393,1.08350658,0.69581604,1.10527706,0.579994202,0.742565155,0.998084068,0.768806458,0.849627495,0.74331665,0.909943581,0.926656723,1.81193256,0.848195076,0.748774529,0.473546982,0.613799095,0.687226295,0.850987434,0.778029442,2.69270992,0.331887245,0.0774993896,0.369376183,0.220677376,0.12180233,-0.21189785,-0.189527512,0.110771179,0.291160583,0.337280273,0.401910782,-0.0221891403,0.0661067963,-0.398704529,-0.000690460205,0.402597427,1.91767502,1.755867,0.756262779,0.33349514,0.79907608,1.20479202,0.370861053,0.293658257,1.01211452,1.77972031,1.15559864,1.40801239,2.07486057,0.106740952,1.17171192,0.796626091,1.34581089,0.708042145,1.16854191
2026-08-26T14:47:08.435+00:00	1346.562	SUBSEG96 protocol=asd-research-v1.0.0 session=1 phase=DET window=50 group=1 segments=8 dims=96 fnv1a=e477594d values=-10.0403605,-10.0403605,1.29858494,-10.0403605,-10.0403605,1.2022028,-10.0403605,1.03366184,-10.0403605,1.11348057,1.01548767,-10.0403605,1.23219109,1.48059559,1.3309269,-10.0403605,0.81635952,0.850871086,0.767849922,0.96281147,1.07631779,0.776069641,0.780824661,1.14690685,1.46051216,1.8469944,1.23503399,0.736351967,0.678481102,0.789275169,0.630135536,0.967404366,1.16124535,0.856071472,3.3737011,1.14931679,1.56361771,0.934456825,0.838740349,0.746501923,1.32578468,1.26159573,0.724638939,1.18366337,0.742083549,0.736994743,1.07776833,0.830786705,0.884045601,0.829316139,0.899600983,1.02285004,1.9739418,0.870254517,0.804367065,0.47304821,0.674106598,0.744204521,0.844305038,0.919829369,2.70704985,0.348443985,0.209791183,0.34373951,0.231906891,0.134368896,-0.167114258,-0.0453996658,0.125491142,0.401613235,0.426212311,0.0985994339,0.133160591,0.172476768,-0.363869667,-0.00841903687,0.471338272,2.40327406,1.33751869,0.57291317,0.322810173,0.766046524,1.40580654,0.40678215,0.332969666,1.23925209,1.6966753,1.06616211,1.65662193,1.72194386,0.0753564835,1.19259453,0.773701668,1.26211739,0.976135254,1.2186985
2026-08-26T14:47:08.448+00:00	1346.578	FLAGS protocol=asd-quality-v1.6.0 mode=OBSERVATION_HOLD state=OBSERVATION_HOLD waiting=0 learning=0 learned=1 anomaly=0 hold=1 fault=0 green=pulse_1s red=off guided25_available=1 workflow_pending=DEFAULT research_telemetry=1 profile_persistence_allowed=0 dropped=0
2026-08-26T14:47:08.566+00:00	1346.687	SUBSEG96 protocol=asd-research-v1.0.0 session=1 phase=DET window=50 group=2 segments=8 dims=96 fnv1a=621b835d values=-10.0108299,-10.0108299,1.0810833,-10.0108299,-10.0108299,1.16091251,-10.0108299,1.35631752,-10.0108299,1.19122982,0.900033951,-10.0108299,0.500142097,1.08205795,1.0826292,-10.0108299,0.819250107,0.934898376,0.838298798,0.827263832,0.775093079,0.818956375,0.843636513,1.14388561,1.34737682,1.54133034,1.07653522,0.553072929,0.383741379,0.992713928,1.11504936,0.863891602,1.10301876,0.8722229,3.38859272,1.97922802,1.57054043,0.97664547,0.718544006,0.592666626,1.18293571,1.19529247,0.908017159,1.26774406,0.533120155,0.822629929,1.22105312,0.833057404,0.760702133,0.868260384,1.10265827,0.860643387,1.86598206,0.85084343,0.839219093,0.573912621,0.673516273,0.755348206,1.00362587,0.856953621,2.79427242,0.42822361,0.109228134,0.534197807,0.359457016,0.265031815,-0.112214088,-0.182723045,0.212815285,0.412069321,0.518861771,0.281787872,0.0531339645,0.188186646,-0.233694077,0.102797508,0.535038948,1.03575325,1.92415047,0.791599274,0.480760574,1.04275513,1.32705307,0.551153183,0.412142754,1.10609055,1.87876129,1.04274178,1.54448223,1.82117367,0.0745649338,1.10670567,0.918374062,0.984715462,1.00751114,1.363204
2026-08-26T14:47:08.673+00:00	1346.797	SUBSEG96 protocol=asd-research-v1.0.0 session=1 phase=DET window=50 group=3 segments=8 dims=96 fnv1a=0bb44bd4 values=-10.1623783,-10.1623783,0.58907032,-10.1623783,-10.1623783,0.895277023,-10.1623783,1.38294411,-10.1623783,1.30367184,0.420754433,-10.1623783,0.846971512,1.41684437,1.28254318,-10.1623783,1.04230213,0.97276783,1.04788208,1.00210857,0.925298691,0.833217621,1.24257565,1.48367596,1.84055567,1.79653358,1.89271021,1.54855442,1.12703323,1.58930302,2.18431234,2.16154575,1.26632118,1.14998436,3.20467997,1.68226814,1.60317898,0.996717453,0.797021866,0.769295692,1.0876236,1.03311062,0.649077415,1.06343937,0.517030716,0.734417915,0.927055359,0.679104805,0.629836082,0.652172089,0.80670929,0.877299309,1.77911282,0.785358429,0.727558136,0.484434128,0.617952347,0.617650986,0.801142693,0.742366791,2.65779591,0.245400429,-0.041806221,0.2076931,0.171996117,-0.0336580276,-0.261751175,-0.234142303,-0.0109605789,0.163022995,0.219802856,0.439489365,-0.170555115,-0.00837516785,-0.445379257,0.021648407,0.366573334,1.74692154,1.76227093,0.803253174,0.327035904,0.748292923,1.14317322,0.304396629,0.269499779,0.926393509,1.83359623,1.20770359,1.4049387,2.19320774,0.10898304,1.10687351,0.802669525,1.20178127,0.415516853,1.1955471
2026-08-26T14:47:08.779+00:00	1346.906	SUBSEG96 protocol=asd-research-v1.0.0 session=1 phase=DET window=50 group=4 segments=7 dims=96 fnv1a=bcb5fa8b values=-10.0849838,-10.0849838,1.12985802,-10.0849838,-10.0849838,0.963218689,-10.0849838,1.0342207,-10.0849838,1.27366066,0.830216408,-10.0849838,0.722554207,1.03383064,0.70546627,-10.0849838,0.878505707,0.907342911,0.849311829,1.19464111,1.08099842,0.336117744,0.66819191,1.09775639,1.43062878,1.8171072,1.4615221,1.16811466,0.936548233,1.41093349,1.10632038,1.40545464,1.63228798,1.17803001,3.23745394,1.91218281,1.57688713,1.138484,0.89624691,0.431556702,1.1193943,1.05954933,0.674414635,1.19302559,0.699139595,0.870809555,0.999314308,0.73908329,1.03843212,0.796040535,0.857498169,0.999670029,1.75357151,1.05003834,0.826025963,0.462489128,0.633835793,0.796471596,0.899563789,0.831103325,2.72601366,0.404046059,0.183897972,0.529434204,0.201955795,0.146617889,-0.158242226,-0.214430809,0.165135384,0.364385605,0.240348816,0.516479492,0.0177679062,0.142124176,-0.447879791,0.0386781693,0.350701332,1.76340008,1.87267494,0.808594704,0.328228951,0.883323669,0.921422005,0.293003082,0.247489929,0.948698044,1.71607113,1.30817986,1.23001575,2.12427092,0.1295681,1.22598267,0.765128136,1.5672226,0.596298218,0.99823761
2026-08-26T14:47:08.886+00:00	1347.015	SUBSEG96 protocol=asd-research-v1.0.0 session=1 phase=DET window=50 group=5 segments=7 dims=96 fnv1a=51921cdd values=-10.0452394,-10.0452394,1.22608471,-10.0452394,-10.0452394,0.971522331,-10.0452394,1.41762257,-10.0452394,1.48252773,0.989618301,-10.0452394,1.23695946,1.4213562,1.29795837,-10.0452394,1.09238911,0.931207657,1.12112045,1.18055058,1.27360535,0.93091011,1.12162399,1.13733673,1.35277843,1.50235939,1.08095551,0.513548851,0.545480728,0.757809639,0.723650932,1.0817728,1.01147747,0.836987495,3.33169699,1.76458645,1.1574192,0.630033493,0.409125328,0.674329758,1.00720119,0.988625526,0.66261673,0.920404434,0.542169571,0.704360008,0.873407364,0.937256813,1.04378128,0.74601078,1.03768253,1.03812313,1.83707428,0.826691628,0.71397686,0.545471191,0.64466095,0.701810837,0.879952431,0.677050591,2.76309061,0.42172718,0.0931138992,0.377166748,0.314652443,0.269171715,-0.175747871,-0.106919289,0.245865822,0.281812668,0.428182602,0.662174225,0.0213012695,-0.0128889084,-0.337557793,0.00647068024,0.457996368,1.85628223,1.87063599,0.918255806,0.375016212,0.633185387,1.27610588,0.455529213,0.378956795,0.941115379,1.90738201,1.25721169,1.17134285,2.36681843,0.297366142,1.38030624,0.888616562,1.63621426,0.344189644,1.16320038
2026-08-26T14:47:13.356+00:00	1351.484	FLAGS protocol=asd-quality-v1.6.0 mode=OBSERVATION_HOLD state=OBSERVATION_HOLD waiting=0 learning=0 learned=1 anomaly=0 hold=1 fault=0 green=pulse_1s red=off guided25_available=1 workflow_pending=DEFAULT research_telemetry=1 profile_persistence_allowed=0 dropped=0
2026-08-26T14:47:18.165+00:00	1356.297	QUALITY protocol=asd-quality-v1.6.0 phase=DET index=51 total=0 result=OK metrics_valid=1 samples=159744 expected=159744 rms_dbfs=-47.033 dc=-0.569 peak=586 clipped=0 zeros=425 stuck=253 dropped_delta=0 feature_valid=1 tonalness_valid=1 tonalness_proxy=3.174910 tonal_gate=pending_normal_only
2026-08-26T14:47:18.174+00:00	1356.297	DET 51 score=41181.4219 lo=0 hi=2832.83325 led=1 anom=0 total_anom=0 hold=0 iznad praga (uzastopnih=1 nivo=-47.0 dBFS racun=716 ms)
2026-08-26T14:47:18.302+00:00	1356.422	FEATURE96 protocol=asd-research-v1.0.0 session=1 phase=DET window=51 window_start_ms=1345802 window_end_ms=1355065 score=41181.4219 level_dbfs=-47.0325928 quality=OK tonalness_proxy=3.17490959 dims=96 fnv1a=3d4338aa values=-10.0704718,-10.0704718,1.10227203,-10.0704718,-10.0704718,1.04496193,-10.0704718,1.39587688,-10.0704718,1.51535034,1.12222862,-10.0704718,1.10381603,1.38326073,1.40216446,-10.0704718,1.06831455,1.08334351,1.09283352,0.757641792,0.779995918,0.690061569,0.844873428,0.989915848,1.40657425,1.67004585,1.54238319,0.997411728,0.787430763,0.731365204,0.751166344,0.952479362,1.3983078,1.06096649,3.17490959,2.66709948,1.43170547,0.892534256,0.545722961,0.508957863,1.13097,1.06487942,0.802544594,1.11954784,0.516880035,0.72298336,0.99220562,0.783740997,0.870943069,0.852338791,1.02921486,0.96487999,1.78585148,0.847640991,0.75144577,0.492980957,0.68292141,0.784427643,0.897068024,0.804430962,2.76513672,0.33466053,0.203554153,0.533669472,0.331295013,0.209219933,-0.125654221,-0.205610275,0.338647842,0.188247681,0.433407784,0.509138107,0.045712471,0.0790777206,-0.267999649,0.187160492,0.423447609,0.484288216,1.90325356,0.649835587,0.371304512,0.503643036,0.898079872,0.399586678,0.270112991,0.66772747,1.70822525,1.53330135,1.05058575,1.92775631,0.126491547,1.58129978,0.61655426,1.30243492,0.974240303,1.81800747
2026-08-26T14:47:18.408+00:00	1356.531	SUBSEG96 protocol=asd-research-v1.0.0 session=1 phase=DET window=51 group=1 segments=8 dims=96 fnv1a=87210edd values=-10.0216455,-10.0216455,1.1720438,-10.0216455,-10.0216455,1.03943253,-10.0216455,1.50297451,-10.0216455,1.81060791,1.36520672,-10.0216455,0.885425568,1.51543045,1.58164597,-10.0216455,1.23877048,0.726848602,0.715690613,0.726157188,0.737436295,0.597969055,0.673789024,0.754564285,1.43975735,1.6279335,1.21360779,0.865932465,0.58506012,0.643356323,0.735077858,1.20610809,1.58966541,1.10279369,3.28198862,2.18301487,1.45085621,0.801377296,0.5091362,0.498221397,1.19720745,1.11315155,0.844662666,0.93564415,0.463103294,0.683111191,0.945194244,0.826646805,1.0241642,0.874465942,1.04721069,1.00389481,1.75541782,0.868000984,0.756679535,0.502383232,0.695324898,0.821814537,1.02858353,0.91693306,2.84506559,0.439767838,0.253515244,0.659140587,0.415349007,0.179395676,-0.0578632355,-0.208528519,0.330897331,0.308423996,0.557068825,0.397426605,0.0821733475,0.143486023,-0.309129715,0.17420578,0.414633751,0.466227531,1.99485636,0.812719345,0.408312798,0.878304482,0.8523283,0.262129784,0.305953979,0.859910965,1.49553776,1.41747952,1.00217819,2.02463818,0.114861488,1.35379505,0.640824318,1.56432724,0.516475677,1.49582958
2026-08-26T14:47:18.421+00:00	1356.547	FLAGS protocol=asd-quality-v1.6.0 mode=OBSERVATION_HOLD state=OBSERVATION_HOLD waiting=0 learning=0 learned=1 anomaly=0 hold=1 fault=0 green=pulse_1s red=off guided25_available=1 workflow_pending=DEFAULT research_telemetry=1 profile_persistence_allowed=0 dropped=0
2026-08-26T14:47:18.537+00:00	1356.656	SUBSEG96 protocol=asd-research-v1.0.0 session=1 phase=DET window=51 group=2 segments=8 dims=96 fnv1a=93a2a8bc values=-10.0212536,-10.0212536,1.01724625,-10.0212536,-10.0212536,1.01694965,-10.0212536,1.28091621,-10.0212536,1.3732338,1.06846333,-10.0212536,1.27799702,1.37522888,1.34621048,-10.0212536,1.10496521,1.07142735,1.02532482,0.757171631,0.76102829,0.408528328,0.849937439,1.0199728,1.34802532,1.55280972,1.13673687,0.607496262,0.927774429,0.859463692,0.711873055,0.771084785,1.42869282,1.19463253,3.22118425,2.62340355,1.30067539,0.651423454,0.432434082,0.477495193,1.17506886,1.13205624,0.80301857,1.27537537,0.576500893,0.861232758,1.00796318,0.820204735,0.854465485,0.933825493,1.06916046,0.928303719,1.81523895,0.830966949,0.613497734,0.692217827,0.755719185,0.823252678,0.967770576,0.723653793,2.79668474,0.433934212,0.222705841,0.576530457,0.333024979,0.21432209,-0.0891485214,-0.207651138,0.377625465,0.194486618,0.518039703,0.350447655,0.0961866379,0.183168411,-0.228736877,0.401297569,0.461679459,0.537090302,2.02752447,0.801017761,0.36137867,0.407197952,0.871710777,0.261674881,0.320209503,0.725520134,1.5079565,1.60682774,1.03881073,1.90966129,0.106611252,1.3302393,0.771765709,1.51530266,1.0651598,1.71044827
2026-08-26T14:47:18.646+00:00	1356.765	SUBSEG96 protocol=asd-research-v1.0.0 session=1 phase=DET window=51 group=3 segments=8 dims=96 fnv1a=51dff4d3 values=-10.0401125,-10.0401125,0.732089043,-10.0401125,-10.0401125,0.844804764,-10.0401125,1.341959,-10.0401125,1.48210335,0.97826004,-10.0401125,1.18035412,1.59307575,1.57353878,-10.0401125,1.11964321,1.21125126,1.23430061,0.558033943,0.634380341,0.918409348,0.821917534,0.918684959,1.40706444,1.45135021,1.47031975,0.863147736,0.783138275,0.94628334,0.868220329,0.797502518,1.02475452,0.96466732,3.22790575,2.7084856,1.4314146,0.840097427,0.564623833,0.631917953,1.03619671,0.929280281,0.755764008,1.26850224,0.730849266,0.778283119,0.999207497,0.732431412,0.849401474,0.805815697,0.994570732,0.901522636,1.74890423,0.956109047,0.78741169,0.430330276,0.71527195,0.707163811,0.886370659,0.737154007,2.81276464,0.308470726,0.27953434,0.514442444,0.36564827,0.3210783,-0.0697488785,-0.21796608,0.40779686,0.157238007,0.359056473,0.601739883,0.0958976746,0.0959911346,-0.306158066,0.263525009,0.484994888,0.551733971,1.93548679,0.695727348,0.419891357,0.412343979,0.99090004,0.271391869,0.27710247,0.661927223,1.74754715,1.52531242,1.10744667,1.87911797,0.00917816162,1.6436348,0.737044334,1.23143101,1.00672722,1.86848259
2026-08-26T14:47:18.751+00:00	1356.875	SUBSEG96 protocol=asd-research-v1.0.0 session=1 phase=DET window=51 group=4 segments=7 dims=96 fnv1a=f72c3637 values=-10.0707245,-10.0707245,1.20856762,-10.0707245,-10.0707245,1.01245689,-10.0707245,1.31826305,-10.0707245,1.4325819,1.09554386,-10.0707245,1.15936184,1.09729958,0.960410118,-10.0707245,0.826477051,1.35913563,1.3597784,0.862936974,0.584545135,0.568131447,1.09427834,1.16719246,1.21285629,1.50587559,1.74064827,1.24248505,0.929643631,0.567753792,0.723088264,0.964828491,1.48234558,0.888162613,3.17371559,2.72421551,1.41263866,1.07085037,0.56456089,0.446826935,0.992494583,1.19817924,0.872735977,1.16833591,0.536511421,0.61558342,1.07263851,0.917752266,0.894350052,0.88082695,1.16064453,0.975399017,1.84952259,0.891492844,0.851909637,0.466406822,0.648394585,0.843193054,0.832360268,0.868163109,2.77558661,0.29685688,0.182303429,0.537891388,0.24415493,0.231689453,-0.214182854,-0.127262115,0.368286133,0.238394737,0.410834312,0.514917374,0.034201622,0.0823640823,-0.268192291,0.12505722,0.42927742,0.538572311,1.88569736,0.537740707,0.370359421,0.355398178,0.951898575,0.355203629,0.275585175,0.582305908,1.81620884,1.59139633,1.10767078,1.9202919,-0.0589847565,1.65188217,0.451957703,1.12044334,0.898386002,2.0570097
2026-08-26T14:47:18.859+00:00	1356.984	SUBSEG96 protocol=asd-research-v1.0.0 session=1 phase=DET window=51 group=5 segments=7 dims=96 fnv1a=2af3f78c values=-10.1128035,-10.1128035,1.27947617,-10.1128035,-10.1128035,1.27281952,-10.1128035,1.5467844,-10.1128035,1.40910244,1.09439659,-10.1128035,1.00537586,1.24220181,1.37870693,-10.1128035,1.04022217,0.865447044,0.953774452,0.89464283,1.06516457,0.826757431,0.766195297,1.07193851,1.6015377,2.00664568,1.81524086,1.18977737,0.715696335,0.586423874,0.780328751,0.970773697,1.39032841,1.16163349,3.02727413,2.89366007,1.58911991,1.04384518,0.692491531,0.546317101,1.27200222,1.00306702,0.820433617,0.908278465,0.226257324,0.722901344,1.01684761,0.686971664,0.793639183,0.850214005,0.944554329,1.07700634,1.83944416,0.760187149,0.800230026,0.408144951,0.681508064,0.807311058,0.829419136,0.83637619,2.67190599,0.258288383,0.158639908,0.449889183,0.365447998,0.17124176,-0.127914429,-0.181892395,0.291161537,0.114947319,0.383601189,0.670341492,0.00380516052,-0.0436582565,-0.162227631,-0.0567359924,0.411067009,0.40478611,1.70615864,0.339686394,0.381588936,0.251200676,0.895894051,0.708447456,0.260379791,0.528283119,1.89877844,1.58705044,1.07493401,1.97776604,0.383723259,1.80471611,0.476434708,0.782616615,1.19337845,1.85981274
2026-08-26T14:47:23.367+00:00	1361.500	FLAGS protocol=asd-quality-v1.6.0 mode=OBSERVATION_HOLD state=OBSERVATION_HOLD waiting=0 learning=0 learned=1 anomaly=0 hold=1 fault=0 green=pulse_1s red=off guided25_available=1 workflow_pending=DEFAULT research_telemetry=1 profile_persistence_allowed=0 dropped=0
2026-08-26T14:47:28.138+00:00	1366.265	QUALITY protocol=asd-quality-v1.6.0 phase=DET index=52 total=0 result=OK metrics_valid=1 samples=159744 expected=159744 rms_dbfs=-46.815 dc=-0.476 peak=600 clipped=0 zeros=425 stuck=279 dropped_delta=0 feature_valid=1 tonalness_valid=1 tonalness_proxy=3.014461 tonal_gate=pending_normal_only
2026-08-26T14:47:28.148+00:00	1366.281	DET 52 score=20345.5156 lo=0 hi=2832.83325 led=1 anom=0 total_anom=0 hold=1 iznad praga (uzastopnih=0 nivo=-46.8 dBFS racun=716 ms)
2026-08-26T14:47:28.276+00:00	1366.406	FEATURE96 protocol=asd-research-v1.0.0 session=1 phase=DET window=52 window_start_ms=1355772 window_end_ms=1365039 score=20345.5156 level_dbfs=-46.8150024 quality=OK tonalness_proxy=3.01446056 dims=96 fnv1a=8a7cca94 values=-10.1971893,-10.1971893,1.11009026,-10.1971893,-10.1971893,1.13004303,-10.1971893,1.37047958,-10.1971893,1.37035179,0.909286499,-10.1971893,0.941718102,1.56039047,1.64230251,-10.1971893,1.15936565,0.886984825,0.799681664,1.05025005,1.11078358,0.955254555,1.07133865,1.133605,1.24522591,1.31078148,1.13697815,1.08539391,1.03529072,1.18305206,1.13386345,1.27192307,1.56461239,1.42653751,2.36377573,3.01446056,1.91406727,1.21810246,1.00362206,0.725539207,1.23393822,1.34831524,0.845403671,1.05222321,0.751785278,0.850908279,1.1794405,0.94004631,0.859927177,0.868850708,1.03334999,0.983390808,1.66222,1.21989918,0.761406898,0.515670776,0.567389488,0.737598419,0.87490654,0.861894608,2.13929939,2.10325241,0.172730446,0.194160461,0.373503685,0.0438375473,-0.179198265,-0.232233047,0.171755791,0.134034157,0.390533447,0.151587486,0.544651985,0.161572456,-0.249082565,0.0618886948,0.282569885,0.271401405,0.863012314,0.618785858,0.365615845,0.247092247,0.19818306,0.800904274,0.36199379,0.469792366,1.39622593,1.35056973,0.783064842,1.53368473,0.585295677,0.559947014,1.43877697,1.07003117,1.11922646,1.29527092
2026-08-26T14:47:28.384+00:00	1366.515	SUBSEG96 protocol=asd-research-v1.0.0 session=1 phase=DET window=52 group=1 segments=8 dims=96 fnv1a=372a6928 values=-10.1200991,-10.1200991,0.862258911,-10.1200991,-10.1200991,1.05543041,-10.1200991,1.42051506,-10.1200991,1.4107542,1.05054188,-10.1200991,0.959699631,1.36535454,1.50969982,-10.1200991,1.14488125,1.05310249,0.884752274,0.914605141,0.83302021,0.810472488,0.844186783,0.879919052,1.1760664,1.03000164,1.12759972,1.10973072,0.886462212,0.868304253,0.802774429,1.14447689,1.70172405,1.38078308,2.81162834,3.02573729,1.53968525,1.1041069,0.898383141,0.765144348,1.06650734,1.22501183,0.676091194,1.17431545,0.692186356,0.812430382,1.22122288,0.790881157,0.893298149,0.843567848,1.00858784,0.864518166,1.8594265,0.793223381,0.763429642,0.548568726,0.722844124,0.818727493,0.897776604,0.793244362,2.60448408,0.441055298,0.105928421,0.413518906,0.342144966,0.111038208,-0.0716962814,-0.201043129,0.233868599,0.0665807724,0.404286385,0.697292328,0.410441399,0.150173187,-0.128941536,0.0141649246,0.369688034,0.37110424,1.39133453,0.534154892,0.384954453,0.393039703,0.222105026,1.13872719,0.22551918,0.621003151,1.58479691,1.48258972,0.778143883,1.91089344,0.656469345,0.922258377,1.72927952,1.0956583,1.38974571,1.32810497
2026-08-26T14:47:28.395+00:00	1366.515	FLAGS protocol=asd-quality-v1.6.0 mode=OBSERVATION_HOLD state=OBSERVATION_HOLD waiting=0 learning=0 learned=1 anomaly=0 hold=1 fault=0 green=pulse_1s red=off guided25_available=1 workflow_pending=DEFAULT research_telemetry=1 profile_persistence_allowed=0 dropped=0
2026-08-26T14:47:28.511+00:00	1366.640	SUBSEG96 protocol=asd-research-v1.0.0 session=1 phase=DET window=52 group=2 segments=8 dims=96 fnv1a=ef7bfbc1 values=-10.1450434,-10.1450434,1.04090881,-10.1450434,-10.1450434,1.1237278,-10.1450434,1.35004234,-10.1450434,1.31168842,0.611728668,-10.1450434,1.08199692,1.55324268,1.61267376,-10.1450434,1.26179886,1.08305454,1.01989651,1.29293346,1.32757854,1.04070091,1.07898617,0.903021812,1.37342358,1.26842308,1.37938023,1.10885239,0.834570885,0.894586563,1.01741123,1.04136658,1.36733055,1.6823101,2.494133,3.14568138,1.3350668,0.860916138,0.702142715,0.580225945,1.03106594,1.23829937,0.770026207,1.05838585,0.558838844,0.49124527,1.10850334,0.773424149,0.73486042,0.658622742,0.962107658,0.980437279,1.88588667,0.887662888,0.83116436,0.57910347,0.524529457,0.742949486,0.80991745,0.909640312,2.38559246,1.87167025,0.206459999,0.314066887,0.357170105,0.0980978012,-0.145392418,-0.261471748,0.223292351,0.208051682,0.369072914,-0.114738464,0.580040932,0.13019371,-0.193874359,0.10922718,0.31837368,0.324651718,0.591243744,0.560648918,0.459687233,0.340946198,0.284028053,1.02640152,0.361656189,0.455854416,1.65900993,1.56711578,0.862973213,1.66802025,0.869431496,0.559713364,1.66191006,1.15588379,1.38314915,1.59580612
2026-08-26T14:47:28.618+00:00	1366.750	SUBSEG96 protocol=asd-research-v1.0.0 session=1 phase=DET window=52 group=3 segments=8 dims=96 fnv1a=1a642783 values=-10.1236734,-10.1236734,1.25298309,-10.1236734,-10.1236734,1.14783573,-10.1236734,1.40856838,-10.1236734,1.55291367,1.03888893,-10.1236734,1.04342461,1.56797981,1.62850189,-10.1236734,1.30807877,0.667010307,0.780434608,1.04594898,1.05437946,0.91512394,1.01112366,1.0327301,1.16165543,1.28247547,1.22274971,1.13546276,0.811717987,1.01204014,1.047369,1.30604839,1.43970776,1.16051483,2.34499168,3.21607971,1.28981876,0.932915688,0.499620438,0.55290699,1.07649326,1.37093067,0.976742744,1.10493279,0.567853928,0.695299149,1.1507597,0.719576836,0.752893448,0.919843674,1.06834984,0.977377892,1.84910011,1.39584446,0.70402813,0.461395264,0.637726784,0.662717819,0.860287666,0.863607407,2.04532242,2.26054668,0.0925970078,0.213641167,0.464338303,0.122152328,-0.237922668,-0.179993629,0.231800079,0.122513771,0.433339119,-0.118387222,0.563251495,0.222167969,-0.175916672,0.0938644409,0.322055817,0.348116875,0.644519806,0.756085396,0.49881649,0.256361008,0.275921822,0.826986313,0.463945389,0.516551018,1.4801836,1.51930523,0.938207626,1.56926918,0.759487152,0.563036919,1.48367023,1.15894318,1.21991348,1.54674911
2026-08-26T14:47:28.725+00:00	1366.843	SUBSEG96 protocol=asd-research-v1.0.0 session=1 phase=DET window=52 group=4 segments=7 dims=96 fnv1a=2019b1a5 values=-10.1854544,-10.1854544,0.859955788,-10.1854544,-10.1854544,0.823789597,-10.1854544,1.20117855,-10.1854544,1.29858685,0.921355247,-10.1854544,1.02313709,1.86733198,1.83188581,-10.1854544,1.06994247,0.73968792,0.738916397,1.01783848,1.34794521,1.17312717,0.735129356,1.2522974,1.38814449,1.52343082,1.04830265,1.02502251,1.37159061,1.57536793,1.15229034,1.28945255,1.75274372,1.58170414,1.8110075,2.99678087,1.55154419,1.52913094,1.39556122,0.99908638,1.33590508,1.36250877,0.985082626,1.2377615,1.00127316,1.09055424,1.36862087,1.3177681,1.04824352,0.999032974,1.18332577,1.23666954,1.36842537,1.63580608,0.695841789,0.629823685,0.499298096,0.80009079,0.874281883,0.903372765,0.608719826,2.34605932,0.260775566,0.0433511734,0.53458786,0.0403261185,-0.189245224,-0.168685913,0.0972557068,0.166203499,0.543805122,-0.190960884,0.547744751,0.227080345,-0.348792076,0.00772094727,0.253409386,0.232134819,0.595066071,0.776184082,0.363616943,0.168806076,0.209937096,0.358222008,0.463191986,0.523406982,1.2827034,1.24633789,0.802225113,1.36027622,0.377966881,0.46295166,1.29625034,0.990157127,0.738456726,0.989518166
2026-08-26T14:47:28.832+00:00	1366.953	SUBSEG96 protocol=asd-research-v1.0.0 session=1 phase=DET window=52 group=5 segments=7 dims=96 fnv1a=95186482 values=-10.1717215,-10.1717215,1.46504498,-10.1717215,-10.1717215,1.48544693,-10.1717215,1.62004852,-10.1717215,1.47451591,1.04592609,-10.1717215,0.771738052,1.5231514,1.79354382,-10.1717215,1.21369648,0.976529121,0.734865189,1.11605453,0.99731636,0.990084648,1.5018158,1.51218128,1.3129797,1.51684475,1.03853321,1.26217556,1.21389866,1.35167217,1.53967667,1.61161995,1.68630505,1.36925507,1.64391232,2.82230043,2.55291319,1.48780441,1.19611073,0.822587013,1.6096611,1.65236759,0.978178024,0.819146156,0.976940155,1.11830521,1.24875164,1.02837467,1.02508736,1.07111549,1.15355301,1.00818539,1.07980633,1.03472137,0.989514351,0.58483696,0.662819862,0.881288528,1.11582088,1.04590321,0.794053078,2.36541462,0.379533768,0.12808609,0.382299423,0.0871505737,-0.0353717804,-0.114098549,0.295986176,0.311658859,0.42715168,-0.0770397186,0.784696579,0.305078506,-0.182195663,0.275749207,0.384137154,0.313220024,0.627019882,0.65806675,0.340100288,0.286582947,0.235754013,0.251358986,0.490563393,0.457004547,0.664536476,0.814098358,0.746879578,0.382008553,0.0972652435,0.249360085,0.442893982,1.16900158,0.353377342,0.547475815
2026-08-26T14:47:33.387+00:00	1371.515	FLAGS protocol=asd-quality-v1.6.0 mode=OBSERVATION_HOLD state=OBSERVATION_HOLD waiting=0 learning=0 learned=1 anomaly=0 hold=1 fault=0 green=pulse_1s red=off guided25_available=1 workflow_pending=DEFAULT research_telemetry=1 profile_persistence_allowed=0 dropped=0
2026-08-26T14:47:38.113+00:00	1376.234	QUALITY protocol=asd-quality-v1.6.0 phase=DET index=53 total=0 result=OK metrics_valid=1 samples=159744 expected=159744 rms_dbfs=-48.976 dc=-0.451 peak=493 clipped=0 zeros=546 stuck=350 dropped_delta=0 feature_valid=1 tonalness_valid=1 tonalness_proxy=3.637822 tonal_gate=pending_normal_only
2026-08-26T14:47:38.122+00:00	1376.250	DET 53 score=3181.55005 lo=0 hi=2832.83325 led=1 anom=0 total_anom=0 hold=1 iznad praga (uzastopnih=0 nivo=-49.0 dBFS racun=716 ms)
2026-08-26T14:47:38.252+00:00	1376.375	FEATURE96 protocol=asd-research-v1.0.0 session=1 phase=DET window=53 window_start_ms=1365742 window_end_ms=1375014 score=3181.55005 level_dbfs=-48.975811 quality=OK tonalness_proxy=3.63782167 dims=96 fnv1a=82c044cc values=-10.1488867,-10.1488867,1.39882851,-10.1488867,-10.1488867,1.3148489,-10.1488867,1.43514729,-10.1488867,1.54270172,1.11623764,-10.1488867,1.10867023,1.52911949,1.58358765,-10.1488867,1.23219967,0.784443855,0.774215698,1.42607594,2.24834156,2.05707788,2.33989477,2.20068216,2.43814278,1.58436298,1.18322659,0.96207428,0.951709747,1.05987263,1.17589378,1.82942867,1.57543945,1.33358669,1.16976929,3.63782167,3.10546494,1.22729588,0.9355793,0.704087257,1.2257452,1.316082,1.29939938,1.17542267,0.782371521,0.923665047,1.44417953,0.990493774,0.705055237,0.934669495,1.05851555,0.907909393,0.786972046,1.17459965,0.799019814,0.564252853,0.616591454,0.837096214,0.985776901,0.948914528,0.683556557,2.32419825,0.271794319,0.115347862,0.377835274,0.227612495,-0.0623435974,0.0364599228,0.388206482,0.332227707,0.272248268,0.130145073,0.590446472,-0.137515068,-0.0195684433,-0.13475132,0.153372765,0.2324543,0.475111961,0.603318214,0.207401276,0.176435471,0.0582113266,0.0804538727,0.267951965,0.337850571,0.610178947,0.789750099,0.718795776,0.297053337,0.200801849,0.0423278809,0.155328751,0.960122108,0.411206245,0.57447052
2026-08-26T14:47:38.358+00:00	1376.484	SUBSEG96 protocol=asd-research-v1.0.0 session=1 phase=DET window=53 group=1 segments=8 dims=96 fnv1a=46ffcb3c values=-10.1638241,-10.1638241,1.49707413,-10.1638241,-10.1638241,1.40923309,-10.1638241,1.73522377,-10.1638241,1.98293304,1.47936726,-10.1638241,0.999121666,1.56139755,1.7137394,-10.1638241,1.19136524,0.678220749,0.569179535,0.775039673,0.487663269,0.980002403,0.971207619,1.94695711,2.078578,1.53720474,1.43146324,0.954435349,1.30978298,1.36768436,1.45785236,1.86332417,1.55569172,1.45740223,1.33059502,3.37440729,2.85678482,1.48911476,1.31909466,0.663028717,1.39924335,1.27713108,1.23611164,1.24554539,1.11459064,1.0774765,1.43839931,1.23594475,0.868848801,1.18946838,1.10452747,1.05341816,0.974244118,1.11019325,0.762816429,0.536888123,0.68732357,0.858854294,1.01560307,1.03665543,0.689414978,2.45759535,0.442332268,0.161464691,0.425750732,0.155486107,-0.0584020615,0.0745897293,0.371957779,0.357845306,0.384056091,0.10381794,0.650579453,-0.0576181412,-0.168370247,-0.173020363,0.29932785,0.339122772,0.619829178,0.69997406,0.250494003,0.217676163,0.16889286,0.119574547,0.271435738,0.346347809,0.669595718,0.829135895,0.711150169,0.297291756,0.165074348,0.0623178482,0.156852722,1.01581573,0.417289734,0.588615417
2026-08-26T14:47:38.468+00:00	1376.593	SUBSEG96 protocol=asd-research-v1.0.0 session=1 phase=DET window=53 group=2 segments=8 dims=96 fnv1a=850298ad values=-10.0793133,-10.0793133,1.61393261,-10.0793133,-10.0793133,1.59938622,-10.0793133,1.32309341,-10.0793133,1.37360096,1.16097832,-10.0793133,0.911605835,1.31251812,1.4523077,-10.0793133,1.20962048,0.902053833,1.1240921,1.3875227,1.25164795,0.940979958,1.15758705,1.44522381,2.61130142,1.80175114,1.27306366,1.16685295,1.05666924,1.2461729,1.25577736,1.88601017,1.54506683,1.25593948,1.12535381,3.77350569,3.04752398,1.0734396,0.768115044,0.833164215,1.04656219,1.28891563,1.61426258,1.29039764,0.615225792,1.01755238,1.73138618,0.929510117,0.62197113,0.854988098,1.11057854,0.909025192,0.750282288,1.32233047,0.89914608,0.702754974,0.668452263,0.84819603,1.05979252,0.920976639,0.661282539,2.3673811,0.228838921,0.234479904,0.372097969,0.296679497,0.0275478363,0.0885152817,0.42024231,0.324867249,0.28011322,0.242188454,0.598532677,-0.0564079285,0.0993871689,-0.0667152405,0.148283005,0.244265556,0.455988884,0.719799995,0.259338379,0.255693436,0.0716581345,0.145888329,0.307146072,0.394780159,0.649310112,0.885996819,0.78875351,0.392374039,0.351119995,0.0947036743,0.260694504,0.942852974,0.424646378,0.633815765
2026-08-26T14:47:38.476+00:00	1376.609	FLAGS protocol=asd-quality-v1.6.0 mode=OBSERVATION_HOLD state=OBSERVATION_HOLD waiting=0 learning=0 learned=1 anomaly=0 hold=1 fault=0 green=pulse_1s red=off guided25_available=1 workflow_pending=DEFAULT research_telemetry=1 profile_persistence_allowed=0 dropped=0
2026-08-26T14:47:38.594+00:00	1376.718	SUBSEG96 protocol=asd-research-v1.0.0 session=1 phase=DET window=53 group=3 segments=8 dims=96 fnv1a=93fa28e5 values=-10.0572453,-10.0572453,1.26821327,-10.0572453,-10.0572453,1.36690331,-10.0572453,1.44499207,-10.0572453,1.40700531,1.07711697,-10.0572453,1.32261658,1.60519314,1.73438454,-10.0572453,1.32348537,0.646858215,0.957674026,1.03738976,0.676119804,0.911475182,1.3674736,2.009233,2.98655605,1.93897438,1.14673519,0.846157074,0.653279305,0.964556694,1.1088028,1.47889996,1.51024532,1.24975681,1.09601498,3.8209343,3.16069269,0.948729515,0.75100708,0.584223747,1.11360931,1.62087154,1.57664204,1.30495262,0.856921196,0.975223541,1.50199318,0.906617165,0.808628082,0.840159416,1.264328,1.0155611,0.832996368,1.22497654,0.818576813,0.574738503,0.631492615,0.838703156,0.991300583,1.01673222,0.813619614,2.3440547,0.369853973,0.145503998,0.47791481,0.383788109,0.0434150696,0.0761957169,0.458170891,0.36131382,0.376998901,0.187682152,0.652917862,-0.113347054,0.101560593,0.0129289627,0.167380333,0.316480637,0.52722168,0.63211441,0.305077553,0.244630814,0.133322716,0.146170616,0.34786129,0.44315052,0.652047157,0.862892151,0.783246994,0.360302925,0.251935005,0.106989861,0.241589546,0.940522194,0.45072937,0.735046387
2026-08-26T14:47:38.701+00:00	1376.828	SUBSEG96 protocol=asd-research-v1.0.0 session=1 phase=DET window=53 group=4 segments=7 dims=96 fnv1a=584ab2f9 values=-10.067771,-10.067771,1.32351971,-10.067771,-10.067771,1.19331169,-10.067771,1.43325424,-10.067771,1.34296131,0.833366394,-10.067771,1.38085175,1.71417236,1.47620106,-10.067771,1.07843399,0.721469879,0.604671478,0.803079605,1.79531193,2.51429224,3.13681793,2.87945414,1.69400978,1.25467014,1.02363014,1.10193539,0.814227104,0.620486259,0.810360909,1.07482815,1.50722599,1.2954607,1.30866623,3.73432589,3.3436842,0.820678711,0.661812782,0.858823776,1.49787617,1.22244549,1.00571918,1.21919918,0.56556797,0.727596283,1.34020138,0.960041046,0.583425522,0.945611954,0.965338707,0.796383858,0.823004723,1.30945873,0.930576324,0.658248901,0.757105827,0.934148788,0.900784492,0.997502327,0.794653893,2.35022783,0.306315422,0.128091812,0.476340294,0.316192627,0.0701684952,0.119034767,0.49843502,0.464891434,0.283029556,0.211009026,0.700943947,-0.108416557,0.118461609,-0.00609874725,0.208025932,0.276115417,0.485807419,0.601372719,0.259414673,0.195437431,0.107391357,0.161401749,0.385256767,0.397342682,0.662858963,0.811019897,0.809660912,0.353972435,0.268283844,0.089799881,0.213588715,1.0993576,0.515117645,0.621350288
2026-08-26T14:47:38.808+00:00	1376.937	SUBSEG96 protocol=asd-research-v1.0.0 session=1 phase=DET window=53 group=5 segments=7 dims=96 fnv1a=cebd7893 values=-10.0777712,-10.0777712,1.45448875,-10.0777712,-10.0777712,1.00230312,-10.0777712,1.24116421,-10.0777712,1.10302162,0.720905304,-10.0777712,1.09555054,1.67583275,1.7173605,-10.0777712,1.53461361,1.11896801,0.576322556,2.06511402,3.01780462,2.57712078,0.659202576,0.904561996,1.1097765,1.10102558,1.10612392,0.963932991,0.647035599,0.817312241,1.17317677,2.29528952,1.92184353,1.58607101,1.20152187,3.71153879,3.32964277,1.5467062,0.940784454,0.837697029,1.17368698,1.33991241,0.716082573,1.02828693,0.647102356,0.978876114,1.33798504,1.04594231,0.81678009,0.958112717,1.06407928,0.966349602,0.751802444,1.18500996,0.87998867,0.635521889,0.609398842,0.994503975,1.19914532,1.04459095,0.747935295,2.34729815,0.210209846,0.180287361,0.422402382,0.272736549,-0.127251625,0.117033005,0.494509697,0.445115089,0.287139893,0.200856209,0.63444519,-0.0806732178,0.0270738602,-0.16560173,0.185549736,0.245834351,0.525079727,0.61037159,0.247433662,0.251756668,0.0682439804,0.118163109,0.326399803,0.400848389,0.702934265,0.839373589,0.801184654,0.375090599,0.25082016,0.151682854,0.191651344,1.08059311,0.545742989,0.562915802
2026-08-26T14:47:43.407+00:00	1381.531	FLAGS protocol=asd-quality-v1.6.0 mode=OBSERVATION_HOLD state=OBSERVATION_HOLD waiting=0 learning=0 learned=1 anomaly=0 hold=1 fault=0 green=pulse_1s red=off guided25_available=1 workflow_pending=DEFAULT research_telemetry=1 profile_persistence_allowed=0 dropped=0
2026-08-26T14:47:48.150+00:00	1386.281	QUALITY protocol=asd-quality-v1.6.0 phase=DET index=54 total=0 result=OK metrics_valid=1 samples=159744 expected=159744 rms_dbfs=-48.375 dc=-0.516 peak=763 clipped=0 zeros=494 stuck=358 dropped_delta=0 feature_valid=1 tonalness_valid=1 tonalness_proxy=3.519894 tonal_gate=pending_normal_only
2026-08-26T14:47:48.160+00:00	1386.281	DET 54 score=9730.69531 lo=0 hi=2832.83325 led=1 anom=0 total_anom=0 hold=1 iznad praga (uzastopnih=0 nivo=-48.4 dBFS racun=716 ms)
2026-08-26T14:47:48.291+00:00	1386.422	FEATURE96 protocol=asd-research-v1.0.0 session=1 phase=DET window=54 window_start_ms=1375722 window_end_ms=1385052 score=9730.69531 level_dbfs=-48.3746796 quality=OK tonalness_proxy=3.51989365 dims=96 fnv1a=548ac4d8 values=-10.2979708,-10.2979708,0.903219223,-10.2979708,-10.2979708,0.977362633,-10.2979708,1.3605032,-10.2979708,1.35111809,1.29365063,-10.2979708,1.76225805,2.01321697,2.31949425,-10.2979708,2.43939638,1.96770811,1.18789291,1.25298214,1.18166256,1.5283947,1.29475975,1.661479,1.87306929,1.86445284,2.19827509,2.61484528,1.80794716,1.18685818,1.98048973,3.05247927,2.60164261,2.21786785,2.35000277,3.51989365,3.16380787,1.23241711,1.49695492,0.505153656,1.14189053,1.35398769,0.941691399,1.18105316,0.910334587,1.04761791,1.1449194,0.79989624,0.506249428,0.750689507,0.768057823,0.728622437,0.744373322,1.02718258,0.645031929,0.419550896,0.49917984,0.77869606,0.898461342,0.848196983,0.592341423,2.16021919,0.145978928,-0.0152235031,0.265563965,0.0583333969,-0.146224022,-0.127934456,0.222673416,0.212258339,0.0802097321,-0.0241451263,0.423276901,-0.358334541,-0.177371025,-0.364154816,-0.0960559845,0.132661819,0.21246624,0.40310955,0.0560331345,0.0460205078,-0.124858856,-0.111530304,0.149906158,0.212294579,0.451856613,0.647873878,0.562721252,0.156327248,0.0520505905,-0.105103493,-0.0604190826,0.837879181,0.314855576,0.401022911
2026-08-26T14:47:48.397+00:00	1386.531	SUBSEG96 protocol=asd-research-v1.0.0 session=1 phase=DET window=54 group=1 segments=8 dims=96 fnv1a=5085e2a2 values=-10.1066895,-10.1066895,0.932917595,-10.1066895,-10.1066895,1.04841995,-10.1066895,1.34352493,-10.1066895,1.41638184,1.00336266,-10.1066895,1.03922653,1.65285778,1.96678925,-10.1066895,1.90834379,1.56783676,0.920753479,0.938414574,1.60433769,1.98022985,1.32339191,1.07995224,1.17202187,1.21067619,1.55065346,1.72497082,1.17631435,1.10127926,1.38622475,2.04726171,1.86982918,1.11151695,1.4247818,3.72644329,3.33126974,0.852813721,0.586096764,0.556829453,1.11557961,1.39667034,0.910676003,1.39435673,0.788383484,1.14783287,1.31986237,1.0918808,0.847105026,0.976735115,1.0173912,0.836922646,0.900373459,1.13162136,0.844368935,0.620387077,0.752960205,0.994161606,1.07904625,1.08490467,0.752971649,2.35648203,0.252132416,0.207605362,0.493052483,0.290219307,0.00336933136,0.0887269974,0.39547348,0.39124012,0.311979294,0.185154915,0.626068115,-0.192206383,0.0359249115,-0.15700531,0.146772385,0.323750496,0.44775486,0.566892624,0.243009567,0.230557442,0.0723829269,0.0593824387,0.315203667,0.361948967,0.612462044,0.85995388,0.750492096,0.326556206,0.268519402,0.073802948,0.130970001,1.05498409,0.514322281,0.645766258
2026-08-26T14:47:48.502+00:00	1386.625	SUBSEG96 protocol=asd-research-v1.0.0 session=1 phase=DET window=54 group=2 segments=8 dims=96 fnv1a=60dcf732 values=-10.0551386,-10.0551386,1.1030798,-10.0551386,-10.0551386,0.696396828,-10.0551386,0.98772049,-10.0551386,1.2374754,1.10581112,-10.0551386,1.28654957,2.13184929,2.26458597,-10.0551386,1.85294724,1.2594471,0.85697937,0.990477562,1.04330254,0.918588638,1.59818459,1.71976089,1.40934086,1.08010864,1.04648781,1.03322124,1.19240665,0.90849781,1.72883129,1.8307724,1.32479858,1.24302006,1.20449352,3.75216818,3.42533827,0.758712769,0.873047829,0.735259056,1.02549362,1.30622768,0.915213585,1.31639099,0.912591934,1.06416035,1.17871761,0.949025154,0.706653595,0.917308807,0.88737011,0.923443794,0.922243118,1.25077057,0.937994003,0.637413025,0.721494675,1.0557785,1.12122631,1.06465054,0.910120964,2.41149426,0.398692131,0.224187851,0.619366646,0.320580482,0.127327919,0.0775899887,0.49545002,0.369487762,0.329051018,0.154668808,0.689005852,-0.100785255,0.0178747177,-0.120847702,0.0874176025,0.336031914,0.45984745,0.672613144,0.383738518,0.323121071,0.131362915,0.165915489,0.399657249,0.499755859,0.705098152,0.92743206,0.759270668,0.360107422,0.311798096,0.133829117,0.156992912,1.09559822,0.568681717,0.625741005
2026-08-26T14:47:48.516+00:00	1386.640	FLAGS protocol=asd-quality-v1.6.0 mode=OBSERVATION_HOLD state=OBSERVATION_HOLD waiting=0 learning=0 learned=1 anomaly=0 hold=1 fault=0 green=pulse_1s red=off guided25_available=1 workflow_pending=DEFAULT research_telemetry=1 profile_persistence_allowed=0 dropped=0
2026-08-26T14:47:48.634+00:00	1386.765	SUBSEG96 protocol=asd-research-v1.0.0 session=1 phase=DET window=54 group=3 segments=8 dims=96 fnv1a=495679c5 values=-10.2640295,-10.2640295,1.12734795,-10.2640295,-10.2640295,1.10161877,-10.2640295,1.10754108,-10.2640295,1.45473385,1.70814896,-10.2640295,1.85220385,2.11871099,2.26253414,-10.2640295,2.16222239,1.9177928,1.7139864,1.22471428,0.984924316,1.17811584,1.54584122,1.62440395,2.02880859,1.66856861,1.69180965,1.67127514,0.898940086,1.28568172,1.59207058,2.31628656,2.50727129,2.50839949,2.39277267,3.55855179,3.23161125,1.64507294,1.55329037,0.474562645,1.05511189,1.34409142,0.892053604,1.04526997,1.0209589,1.08871746,1.23948765,0.848697662,0.492288589,0.816857338,0.797142029,0.899641991,0.828354836,1.14610863,0.674141884,0.462241173,0.5017519,0.945213318,0.940431595,0.883103371,0.617119789,2.17589092,0.132501602,0.00717830658,0.258599281,0.00325965881,-0.0985012054,-0.144837379,0.269573212,0.251420021,0.0999259949,0.0378952026,0.507156372,-0.344796181,-0.138612747,-0.301987648,-0.0781011581,0.196022034,0.229755402,0.482638359,0.0201625824,0.0509090424,-0.082324028,-0.082072258,0.237952232,0.226483345,0.49994278,0.658956528,0.609191895,0.232512474,0.059876442,-0.0499572754,-0.0432567596,0.833600044,0.335158348,0.411481857
2026-08-26T14:47:48.744+00:00	1386.875	SUBSEG96 protocol=asd-research-v1.0.0 session=1 phase=DET window=54 group=4 segments=7 dims=96 fnv1a=0615c26b values=-10.4639549,-10.4639549,0.831273079,-10.4639549,-10.4639549,1.12359619,-10.4639549,1.69972086,-10.4639549,1.49392414,1.33277225,-10.4639549,2.1599865,2.29466486,2.7053504,-10.4639549,2.92391396,2.40901327,1.0130825,1.63986015,1.36367512,1.78591824,1.18538189,2.02042913,2.24518347,2.30590343,2.71430063,3.16357946,2.33321667,1.49065685,2.45588303,3.59454298,3.07580948,2.5513339,2.79302216,3.33023691,2.96164227,1.30836487,1.91498756,0.560188293,1.40017509,1.60921812,1.16732979,1.33826733,1.13002396,1.19641972,1.16523933,0.606129646,0.226305962,0.670291901,0.702101707,0.568123817,0.720146179,0.807304382,0.411933899,0.309951782,0.304502487,0.385555267,0.774326324,0.683162689,0.393823624,2.01288986,-0.0522022247,-0.210760117,0.0270271301,-0.0848350525,-0.342292786,-0.254324913,-0.0171852112,0.075050354,-0.0967140198,-0.221199989,0.156798363,-0.51112175,-0.365750313,-0.514476776,-0.275856972,0.0106048584,0.10604763,0.152971268,-0.125318527,-0.139557838,-0.350668907,-0.283872604,-0.0611801147,0.0491456985,0.273712158,0.508183479,0.404022217,0.0130310059,-0.092420578,-0.252286911,-0.211565971,0.679886818,0.133852005,0.220308304
2026-08-26T14:47:48.850+00:00	1386.984	SUBSEG96 protocol=asd-research-v1.0.0 session=1 phase=DET window=54 group=5 segments=7 dims=96 fnv1a=2de03f4b values=-9.98620224,-9.98620224,0.988037109,-9.98620224,-9.98620224,1.17034721,-9.98620224,1.48746681,-9.98620224,1.50351143,1.0508194,-9.98620224,1.11044598,1.32397175,1.18731976,-9.98620224,0.842511177,0.511007309,0.7934618,0.74968338,0.518901825,0.635308266,1.09126186,1.20093727,1.15085316,1.81460476,1.40821648,0.992682457,0.868891716,0.807202339,1.09923172,1.59541607,1.51999855,1.43313503,1.46555805,3.84328413,3.47469521,1.17063808,0.962081909,0.741975784,1.3077116,1.22299576,1.11209297,1.15188408,0.847683907,1.13532162,1.34424591,1.08743572,0.812173843,0.956132889,1.02092648,0.985625267,0.914922714,1.39062405,0.954449654,0.674090385,0.819299698,1.014781,1.19111156,1.13152313,0.885766029,2.45766973,0.593449593,0.304550171,0.493522644,0.367316246,0.187110901,0.207542419,0.571008682,0.586249352,0.362376213,0.32936573,0.723937988,-0.0268192291,0.17448616,-0.126685143,0.246954918,0.405013084,0.406229973,0.734992981,0.354160309,0.375595093,0.209864616,0.193154335,0.459510803,0.534801483,0.780653,0.883544922,0.905641556,0.460198402,0.319160461,0.180206299,0.282050133,1.13544846,0.63449192,0.708636284
2026-08-26T14:47:53.427+00:00	1391.547	FLAGS protocol=asd-quality-v1.6.0 mode=OBSERVATION_HOLD state=OBSERVATION_HOLD waiting=0 learning=0 learned=1 anomaly=0 hold=1 fault=0 green=pulse_1s red=off guided25_available=1 workflow_pending=DEFAULT research_telemetry=1 profile_persistence_allowed=0 dropped=0
2026-08-26T14:47:58.125+00:00	1396.250	QUALITY protocol=asd-quality-v1.6.0 phase=DET index=55 total=0 result=OK metrics_valid=1 samples=159744 expected=159744 rms_dbfs=-48.914 dc=-0.466 peak=729 clipped=0 zeros=553 stuck=345 dropped_delta=0 feature_valid=1 tonalness_valid=1 tonalness_proxy=3.581201 tonal_gate=pending_normal_only
2026-08-26T14:47:58.134+00:00	1396.265	DET 55 score=5657.93262 lo=0 hi=2832.83325 led=1 anom=0 total_anom=0 hold=1 iznad praga (uzastopnih=0 nivo=-48.9 dBFS racun=716 ms)
2026-08-26T14:47:58.269+00:00	1396.390	FEATURE96 protocol=asd-research-v1.0.0 session=1 phase=DET window=55 window_start_ms=1385762 window_end_ms=1395026 score=5657.93262 level_dbfs=-48.9139709 quality=OK tonalness_proxy=3.5812006 dims=96 fnv1a=51536991 values=-10.1982069,-10.1982069,1.01887989,-10.1982069,-10.1982069,0.996952057,-10.1982069,1.35214329,-10.1982069,1.41255379,0.990571022,-10.1982069,0.785407066,1.34189796,1.54495239,-10.1982069,1.22812271,0.67045784,0.780327797,0.807661057,0.795138359,1.75113297,2.12346554,2.02574492,1.84415627,2.0470295,2.42820072,2.20938683,2.08820105,2.41090012,2.42202187,2.33156204,2.22050381,1.78013134,1.27348042,3.5812006,3.17463589,0.8314991,0.803193092,0.615818977,1.15428543,1.10852146,0.817996979,1.00038147,0.572834969,0.822133064,1.16955757,0.803239822,0.620118141,0.738772392,0.899777412,0.854546547,0.679214478,1.19386101,0.750515938,0.521370888,0.582500458,0.825382233,0.938310623,0.95480442,0.652944565,2.28762674,0.252821922,0.0328722,0.291162491,0.178600311,-0.0579977036,-0.0694589615,0.313903809,0.354316711,0.299529076,0.0197620392,0.546471596,0.081076622,-0.0759773254,-0.125117302,0.0479078293,0.317481995,0.396430969,0.510172844,0.280899048,0.185174942,0.150488853,0.0530033112,0.36382103,0.471346855,0.745406151,0.974707603,0.755928993,0.421439171,0.205391884,0.0525045395,0.216966629,0.928529739,0.35071373,0.479314804
2026-08-26T14:47:58.373+00:00	1396.500	SUBSEG96 protocol=asd-research-v1.0.0 session=1 phase=DET window=55 group=1 segments=8 dims=96 fnv1a=42e3a9f3 values=-9.97287941,-9.97287941,1.41951275,-9.97287941,-9.97287941,1.13697243,-9.97287941,1.19797039,-9.97287941,1.21786213,0.586835861,-9.97287941,1.24287987,1.655653,1.4903574,-9.97287941,1.0203371,0.640977859,0.745699883,0.851722717,0.641248703,0.527850151,0.894980431,1.06336117,1.24429035,1.67014217,1.45741844,1.26046085,0.612779617,0.792226791,0.928984642,1.18383789,1.93796349,1.25643635,0.905564308,3.90708971,3.44039631,1.11041927,1.09191799,0.785585403,1.45828724,1.41861248,1.18784809,1.30798149,0.677351952,1.13789463,1.33966064,0.958909035,0.774381638,0.90401268,1.17638874,1.07039356,0.928679466,1.46839619,0.991229057,0.745736122,0.713825226,0.980500221,1.15371323,1.15384579,0.803344727,2.51666212,0.451468468,0.321714401,0.55566597,0.345479012,0.109204292,0.169565201,0.556556702,0.582076073,0.44403553,0.230247498,0.729694366,0.0207939148,0.175169945,-0.0501251221,0.264876366,0.459691048,0.591183662,0.656676292,0.418408394,0.338998795,0.206007004,0.227410316,0.432585716,0.514061928,0.762238503,0.953118324,0.875842094,0.441204071,0.351826668,0.149515152,0.332126617,1.13572407,0.561149597,0.681383133
2026-08-26T14:47:58.478+00:00	1396.609	SUBSEG96 protocol=asd-research-v1.0.0 session=1 phase=DET window=55 group=2 segments=8 dims=96 fnv1a=313df4eb values=-10.0102224,-10.0102224,0.738404274,-10.0102224,-10.0102224,0.55828476,-10.0102224,1.1868763,-10.0102224,1.45621109,1.06729317,-10.0102224,0.74892807,1.33035755,1.70001602,-10.0102224,1.39915276,0.942894936,0.868585587,0.912140846,0.748031616,0.623187065,0.759021759,1.07330227,1.47808743,1.20301151,1.22394371,1.3745327,1.26757336,1.38762379,1.21672058,1.38990688,1.71073151,1.5974369,1.12983418,3.8349247,3.4897604,0.887197495,1.05040073,0.983368874,1.61208439,1.42214584,1.05574799,1.27138901,0.839774132,0.970174789,1.31503391,0.966311455,0.848678589,0.956112862,1.15663147,0.936944962,0.966955185,1.43451405,1.02602673,0.717988968,0.889061928,0.888674736,1.1053648,1.1296978,0.818745613,2.39307165,0.336613655,0.148935318,0.583507538,0.377661705,0.116279602,0.109271049,0.51439476,0.58039093,0.422268867,0.249120712,0.70800972,-0.052438736,0.202795982,-0.0809202194,0.203944206,0.437205315,0.510702133,0.748743057,0.338047028,0.320825577,0.226291656,0.174186707,0.415405273,0.429254532,0.727441788,0.889936447,0.837011337,0.43450737,0.352402687,0.20730114,0.187205315,1.13082123,0.588841438,0.646765709
2026-08-26T14:47:58.490+00:00	1396.609	FLAGS protocol=asd-quality-v1.6.0 mode=OBSERVATION_HOLD state=OBSERVATION_HOLD waiting=0 learning=0 learned=1 anomaly=0 hold=1 fault=0 green=pulse_1s red=off guided25_available=1 workflow_pending=DEFAULT research_telemetry=1 profile_persistence_allowed=0 dropped=0
2026-08-26T14:47:58.609+00:00	1396.734	SUBSEG96 protocol=asd-research-v1.0.0 session=1 phase=DET window=55 group=3 segments=8 dims=96 fnv1a=3bb86573 values=-9.94604588,-9.94604588,1.33391571,-9.94604588,-9.94604588,1.14305973,-9.94604588,1.53063965,-9.94604588,1.45157433,0.945076942,-9.94604588,0.836263657,1.04855728,1.36776352,-9.94604588,1.17218781,0.69166851,0.727762222,0.734584808,0.827568054,0.68696785,0.83126545,1.04527569,1.34031677,1.51103783,1.20733261,0.91731739,0.666527748,0.899542809,0.941804886,1.08746529,1.34782505,1.16428471,0.845452309,3.89213705,3.53109741,1.02064514,0.847758293,0.734797478,1.25417233,1.2341013,1.06390285,1.08845997,0.847507477,1.03929329,1.57548714,1.09018326,0.938412666,1.0637598,1.02007294,1.13420963,0.927312851,1.34799767,0.943159103,0.729225159,0.696609497,1.08037567,1.10655499,1.23324203,0.932696342,2.48059416,0.479486465,0.221777916,0.578931808,0.603924751,0.262619972,0.237877846,0.548789978,0.579070091,0.399578094,0.325836182,0.801602364,0.12494278,0.120865822,-7.62939453e-06,0.329291344,0.523000717,0.505865097,0.747228622,0.427526474,0.393603325,0.29012394,0.235649109,0.450005531,0.525784492,0.810454369,0.933213234,0.894794464,0.53639698,0.465744972,0.219453812,0.291935921,1.17604351,0.626371384,0.743646622
2026-08-26T14:47:58.717+00:00	1396.843	SUBSEG96 protocol=asd-research-v1.0.0 session=1 phase=DET window=55 group=4 segments=7 dims=96 fnv1a=7d5a0c69 values=-10.3179407,-10.3179407,0.837620735,-10.3179407,-10.3179407,1.1914196,-10.3179407,1.56768703,-10.3179407,1.72571421,1.35635185,-10.3179407,0.782878876,1.62261868,1.89415932,-10.3179407,1.60477543,0.841362953,1.05560112,1.10756493,1.13677692,2.34877634,2.72713995,2.61850882,2.38633871,2.60339165,3.02840757,2.80410051,2.68791437,3.01622629,3.02900076,2.9275341,2.7602253,2.29976988,1.631073,3.57894659,3.06386757,0.847383499,0.787760735,0.518051147,0.768645287,0.793442726,0.525165558,0.811073303,0.463055611,0.766144753,1.03612804,0.650125504,0.454928398,0.599513054,0.690245628,0.656112671,0.409510612,1.14807129,0.696852684,0.368509293,0.455945015,0.662845612,0.831717491,0.737114906,0.439505577,2.01533794,0.0926427841,-0.0358133316,0.155067444,-0.0015039444,-0.206805229,-0.182516098,0.237837791,0.0941619873,0.119896889,-0.182847023,0.400393486,-0.32626915,-0.184651375,-0.33270359,-0.0715780258,0.0768251419,0.251563072,0.409945488,0.0552330017,0.0480146408,-0.0863466263,-0.07335186,0.148332596,0.258951187,0.549044609,0.739224434,0.618084908,0.241997719,0.0939426422,-0.136492729,0.0395021439,0.829435349,0.220259666,0.315186501
2026-08-26T14:47:58.824+00:00	1396.953	SUBSEG96 protocol=asd-research-v1.0.0 session=1 phase=DET window=55 group=5 segments=7 dims=96 fnv1a=3a6fece7 values=-10.0295324,-10.0295324,1.24444389,-10.0295324,-10.0295324,1.26693344,-10.0295324,1.64015675,-10.0295324,1.4650259,0.966161728,-10.0295324,0.839320183,1.17875195,1.3156786,-10.0295324,0.718216896,0.731552124,0.874480247,0.727786064,0.81135273,0.70539856,0.827334404,0.862751961,1.18015099,1.24583149,0.971315384,0.849041939,0.706335068,0.682087898,0.569393158,1.29595184,1.67598438,1.29981995,1.57708168,2.34310198,2.57043982,0.9722929,0.883670807,0.688670158,1.08980083,1.28641796,0.864653587,1.18125916,0.726344109,0.87517643,1.23504925,1.05533218,0.776451111,0.863162041,1.12779808,1.15751553,0.822044373,1.24382401,0.755297661,0.75594902,0.82687664,1.18219757,1.20378304,1.21398163,0.954239845,2.66844559,0.58761692,0.212107658,0.176672935,0.182491302,0.131162643,0.0115261078,0.416516304,0.614649773,0.72827816,0.164707184,0.802974701,0.736638069,-0.017911911,0.371843338,0.226340294,0.722872734,0.777943611,0.696566582,0.743927956,0.51583004,0.646975517,0.390042305,0.877833366,1.0331459,1.29952621,1.59427643,1.17961979,0.941882133,0.471570969,0.4585886,0.730828285,1.08485031,0.453631401,0.718790054
2026-08-26T14:48:03.439+00:00	1401.562	FLAGS protocol=asd-quality-v1.6.0 mode=OBSERVATION_HOLD state=OBSERVATION_HOLD waiting=0 learning=0 learned=1 anomaly=0 hold=1 fault=0 green=pulse_1s red=off guided25_available=1 workflow_pending=DEFAULT research_telemetry=1 profile_persistence_allowed=0 dropped=0
2026-08-26T14:48:08.099+00:00	1406.218	QUALITY protocol=asd-quality-v1.6.0 phase=DET index=56 total=0 result=OK metrics_valid=1 samples=159744 expected=159744 rms_dbfs=-50.743 dc=-0.540 peak=422 clipped=0 zeros=617 stuck=391 dropped_delta=0 feature_valid=1 tonalness_valid=1 tonalness_proxy=3.538470 tonal_gate=pending_normal_only
2026-08-26T14:48:08.108+00:00	1406.234	DET 56 score=1939.7937 lo=0 hi=2832.83325 led=1 anom=0 total_anom=0 hold=0 normal (uzastopnih=0 nivo=-50.7 dBFS racun=716 ms)
2026-08-26T14:48:08.238+00:00	1406.359	FEATURE96 protocol=asd-research-v1.0.0 session=1 phase=DET window=56 window_start_ms=1395732 window_end_ms=1405000 score=1939.7937 level_dbfs=-50.7428741 quality=OK tonalness_proxy=3.53847027 dims=96 fnv1a=e9843ae6 values=-9.95533848,-9.95533848,1.12549591,-9.95533848,-9.95533848,0.912287712,-9.95533848,1.30964756,-9.95533848,1.38178158,1.10949802,-9.95533848,1.14581013,1.53460312,1.62057495,-9.95533848,1.17612934,0.868186951,1.04648781,0.981964111,0.850310326,0.688243866,0.951878548,0.964772224,1.32983112,1.42844296,1.08655167,0.963866234,0.780594826,0.910276413,1.04143143,1.13426685,1.26308346,1.0463438,1.04759407,3.53847027,3.18130541,0.872372627,0.588150978,0.587745667,1.19074821,1.23696423,0.84568119,1.27351952,0.766280174,0.981511116,1.36470985,1.06681824,0.836959839,0.993810654,0.99905777,1.08678246,0.97059536,1.52274323,0.973210335,0.770484924,0.736129761,1.05303288,1.2120266,1.26011562,0.843016624,2.55724001,0.512726784,0.267349243,0.416217804,0.380812645,0.117951393,-0.0606241226,0.399571419,0.337183952,0.553427696,0.209135056,1.01200867,0.58701992,0.074883461,0.373289108,0.112571716,0.353595734,0.589517593,0.747980118,0.494521141,0.435744286,0.400726318,0.252678871,0.585209846,0.674777031,0.923171997,1.20208645,1.01828861,0.625455856,0.32341671,0.360726357,0.574873924,0.832935333,0.379686356,0.56426239
2026-08-26T14:48:08.247+00:00	1406.375	FLAGS protocol=asd-quality-v1.6.0 mode=READY state=CALIBRATED_NORMAL waiting=0 learning=0 learned=1 anomaly=0 hold=0 fault=0 green=on red=off guided25_available=1 workflow_pending=DEFAULT research_telemetry=1 profile_persistence_allowed=0 dropped=0
2026-08-26T14:48:08.364+00:00	1406.484	SUBSEG96 protocol=asd-research-v1.0.0 session=1 phase=DET window=56 group=1 segments=8 dims=96 fnv1a=e389d80b values=-10.0291357,-10.0291357,0.984650612,-10.0291357,-10.0291357,0.582326889,-10.0291357,1.40279102,-10.0291357,1.52684116,0.967736244,-10.0291357,1.24350929,1.6470499,1.82403851,-10.0291357,1.38063049,0.901151657,0.854892731,0.921133041,0.717508316,0.662578583,1.15258026,1.21119785,1.49455738,1.46578789,0.936231613,1.10424709,0.710185051,0.702216148,1.01076031,0.966985703,1.30138206,1.11719322,1.00243568,2.93321896,2.88689518,0.902033806,0.665721893,0.698631287,1.14577675,1.20167542,0.777331352,1.10739326,0.677408218,1.04065895,1.35855007,1.09624481,0.763875961,0.961202621,0.89393425,0.986766815,0.907710075,1.24360752,0.817650795,0.663807869,0.732073784,1.13800144,1.16218758,1.21194553,0.835957527,2.61753607,0.565830231,0.215888023,0.275812149,0.255354881,0.136538506,-0.0965576172,0.549479485,0.376739502,0.645096779,0.20225811,0.829639435,0.712608337,0.146119118,0.370965004,0.190372467,0.475427628,0.616003036,0.765303612,0.664077759,0.463212967,0.621153831,0.319573402,0.797600746,0.883795738,1.19260025,1.49175835,1.15249157,0.785980225,0.380023956,0.377280235,0.702531815,0.935069084,0.408210754,0.604483604
2026-08-26T14:48:08.476+00:00	1406.609	SUBSEG96 protocol=asd-research-v1.0.0 session=1 phase=DET window=56 group=2 segments=8 dims=96 fnv1a=167b0560 values=-9.94310951,-9.94310951,1.10086155,-9.94310951,-9.94310951,1.0336771,-9.94310951,1.1764698,-9.94310951,1.26862335,1.32675648,-9.94310951,1.18432331,1.67625427,1.71753216,-9.94310951,1.27788448,0.829714775,1.18051243,1.1683712,1.02802944,0.853229523,0.948286057,0.877670288,1.28471279,1.47205639,1.229949,0.985936165,0.758154869,1.13591862,1.23040009,1.39617252,1.22214794,1.06671524,1.10863304,3.53421736,3.17594862,0.93828392,0.320756912,0.418532372,1.09229469,1.12747383,0.972231865,1.36817074,0.796592712,0.99398613,1.46000385,0.954176903,0.875479698,1.00020409,1.10293102,1.03900909,1.03537846,1.55656528,0.915084839,0.658455849,0.664235115,1.05572605,1.28190422,1.31923199,0.841031075,2.51687717,0.487154007,0.345646858,0.45320797,0.396362305,-0.00818347931,-0.151517868,0.322525024,0.367651939,0.502780914,0.207653999,1.08230591,0.519459724,0.0343799591,0.365470886,0.0645360947,0.338189125,0.505843163,0.69697094,0.380139351,0.36627388,0.292132378,0.208445549,0.454877853,0.57734108,0.77299118,1.06332397,0.951271057,0.542276382,0.273698807,0.362921715,0.485953331,0.795386314,0.369870186,0.563744545
2026-08-26T14:48:08.578+00:00	1406.703	SUBSEG96 protocol=asd-research-v1.0.0 session=1 phase=DET window=56 group=3 segments=8 dims=96 fnv1a=8cc93cf3 values=-9.91081524,-9.91081524,1.32415104,-9.91081524,-9.91081524,1.05117226,-9.91081524,1.16782761,-9.91081524,1.3131361,1.07319832,-9.91081524,1.12400723,1.45911598,1.50183296,-9.91081524,0.796895981,0.683739662,0.748508453,0.74902916,0.839513779,0.630034447,0.795758247,0.882236481,1.43644714,1.37979507,1.01523209,0.860237122,0.954046249,0.861744881,0.843999863,1.03412342,1.3273592,0.927237511,1.17941856,3.63371944,3.26700497,0.901773453,0.640385628,0.633376122,1.31792068,1.36597157,0.927197456,1.35787487,0.833707809,0.919106483,1.41171837,1.12516117,0.875475883,1.08870697,1.04950333,1.24327946,1.10150528,1.5677557,1.12118149,0.841235161,0.82420826,0.989898682,1.29764462,1.21626282,0.875459671,2.54627466,0.541526794,0.226975441,0.460749626,0.470653534,0.108884811,0.0884056091,0.391741753,0.371147156,0.518819809,0.207398415,1.09223843,0.543262482,0.0583324432,0.462613106,0.112904549,0.323889732,0.587644577,0.736468315,0.418579102,0.440011978,0.341460228,0.230873108,0.528435707,0.644485474,0.793259621,1.12324905,0.985941887,0.574667931,0.338153839,0.379307747,0.540366173,0.784621239,0.35616684,0.570070267
2026-08-26T14:48:08.685+00:00	1406.812	SUBSEG96 protocol=asd-research-v1.0.0 session=1 phase=DET window=56 group=4 segments=7 dims=96 fnv1a=b09834dd values=-9.9190731,-9.9190731,0.978878021,-9.9190731,-9.9190731,0.739953995,-9.9190731,1.26489544,-9.9190731,1.41563034,1.09400558,-9.9190731,1.0343132,1.48400021,1.52025795,-9.9190731,1.1075983,1.10659027,1.38256454,1.12705803,0.89898777,0.501914024,0.554308891,0.76083374,1.20273972,1.51892281,1.28656387,0.938567162,0.759641647,0.995435715,1.27005768,1.13116455,1.17857933,0.965065002,0.96980381,3.6637187,3.30119038,0.923428535,0.606250763,0.570689201,1.30538273,1.253088,0.856871605,1.28199768,0.776562691,1.06365681,1.34787846,1.19127178,0.869206429,0.951140404,1.036376,1.13162708,0.901041985,1.66569805,0.996144295,0.902433395,0.74514389,0.971923828,1.18695164,1.2882185,0.776179314,2.51707458,0.462861061,0.29572773,0.485122681,0.446787834,0.239582062,-0.00381469727,0.323210716,0.297945023,0.56478405,0.239922523,1.11500835,0.505311012,0.043387413,0.361428261,0.151911736,0.311043739,0.679341316,0.794960022,0.445058823,0.456540108,0.280501366,0.29757309,0.48720932,0.558999062,0.790531158,0.990323067,0.9601717,0.572551727,0.377112389,0.348994255,0.5579319,0.730794907,0.373669624,0.540415764
2026-08-26T14:48:08.791+00:00	1406.922	SUBSEG96 protocol=asd-research-v1.0.0 session=1 phase=DET window=56 group=5 segments=7 dims=96 fnv1a=d59ab07e values=-9.87956905,-9.87956905,1.24786663,-9.87956905,-9.87956905,1.09753704,-9.87956905,1.51844311,-9.87956905,1.36361122,1.07871628,-9.87956905,1.13833714,1.26211834,1.25340652,-9.87956905,1.05711079,0.778390884,0.847033501,0.874802589,0.785096169,0.775197029,1.06429195,0.887025833,1.05176258,1.32948303,0.934110641,0.889513016,0.763323784,0.818498611,0.493041992,1.08150291,1.3321619,1.17232895,1.00570011,3.78458309,3.32694864,0.685881615,0.699941635,0.616417885,1.13654613,1.30096817,0.696634293,1.31881142,0.836179733,0.919436455,1.26980782,0.99801445,0.891231537,1.03675365,0.974057198,1.09621048,0.943239212,1.63695908,1.08636093,0.867477417,0.786149025,1.13233662,1.18610382,1.34842205,0.956072807,2.63963795,0.55602169,0.331156731,0.499464989,0.421732903,0.174344063,-0.0938272476,0.378706932,0.314510345,0.568788528,0.273073196,1.00437737,0.651357651,0.138296127,0.36699295,0.0771446228,0.313408852,0.626300812,0.824369431,0.517915726,0.525210381,0.331245422,0.254733086,0.540325165,0.584514618,0.831923485,1.02373791,1.03318501,0.614413261,0.29487133,0.406234741,0.589351654,0.928165436,0.460396767,0.602249146
2026-08-26T14:48:08.792+00:00	1406.922	STATE protocol=asd-quality-v1.6.0 from=OBSERVATION_HOLD to=CALIBRATED_NORMAL reason=OBSERVATION_RESUMED
2026-08-26T14:48:08.803+00:00	1406.937	EVENT protocol=asd-quality-v1.6.0 type=OBSERVATION_RESUMED state=CALIBRATED_NORMAL phase=DET reason=OBSERVATION_RESUMED event=NONE capability=AVAILABLE level=DEVIATION
2026-08-26T14:48:13.136+00:00	1411.265	FLAGS protocol=asd-quality-v1.6.0 mode=READY state=CALIBRATED_NORMAL waiting=0 learning=0 learned=1 anomaly=0 hold=0 fault=0 green=on red=off guided25_available=1 workflow_pending=DEFAULT research_telemetry=1 profile_persistence_allowed=0 dropped=0
2026-08-26T14:48:18.074+00:00	1416.203	QUALITY protocol=asd-quality-v1.6.0 phase=DET index=57 total=0 result=OK metrics_valid=1 samples=159744 expected=159744 rms_dbfs=-49.841 dc=-0.500 peak=715 clipped=0 zeros=593 stuck=382 dropped_delta=0 feature_valid=1 tonalness_valid=1 tonalness_proxy=3.557007 tonal_gate=pending_normal_only
2026-08-26T14:48:18.083+00:00	1416.203	DET 57 score=12509.9023 lo=0 hi=2832.83325 led=1 anom=0 total_anom=0 hold=1 iznad praga (uzastopnih=0 nivo=-49.8 dBFS racun=716 ms)
2026-08-26T14:48:18.213+00:00	1416.343	FEATURE96 protocol=asd-research-v1.0.0 session=1 phase=DET window=57 window_start_ms=1405732 window_end_ms=1414974 score=12509.9023 level_dbfs=-49.8413239 quality=OK tonalness_proxy=3.55700684 dims=96 fnv1a=2c0c1b00 values=-10.2204304,-10.2204304,0.795686722,-10.2204304,-10.2204304,0.827695847,-10.2204304,1.10809422,-10.2204304,1.14349937,0.77415657,-10.2204304,0.726790428,1.10554695,1.12471199,-10.2204304,0.857050896,0.573349953,0.646007538,0.671884537,0.454612732,0.388174057,0.509531021,0.54569912,1.00074768,1.2239809,0.783824921,0.640005112,0.658597946,0.805739403,0.953466415,1.35343456,2.25115204,2.72909689,2.87763596,3.55700684,3.11448383,2.19832897,1.67978191,0.914259911,1.30938816,1.31549835,1.03973198,1.26871014,0.896998405,0.86861515,1.52649498,1.7432003,2.38807201,1.50577927,1.167696,1.81870937,1.5141592,2.07652998,1.77799416,1.36711121,0.911563873,1.19786072,1.5636425,1.4671278,1.26601315,2.3053875,0.726568222,0.454601288,0.449017525,0.344838142,0.68056488,0.308616638,0.523321152,0.362564087,0.425402641,0.142024994,0.788825989,0.26493454,-0.0957536697,0.23307991,-0.118767738,0.0457925797,0.257518768,0.463474274,0.10479641,0.109541893,-0.00148296356,0.0118017197,0.175571442,0.363565445,0.51573658,0.642185211,0.719115257,0.29886055,0.0406723022,0.0728607178,0.20671463,0.529035568,0.156574249,0.271058083
2026-08-26T14:48:18.224+00:00	1416.343	FLAGS protocol=asd-quality-v1.6.0 mode=OBSERVATION_HOLD state=OBSERVATION_HOLD waiting=0 learning=0 learned=1 anomaly=0 hold=1 fault=0 green=pulse_1s red=off guided25_available=1 workflow_pending=DEFAULT research_telemetry=1 profile_persistence_allowed=0 dropped=0
2026-08-26T14:48:18.341+00:00	1416.468	SUBSEG96 protocol=asd-research-v1.0.0 session=1 phase=DET window=57 group=1 segments=8 dims=96 fnv1a=5ac27a99 values=-9.89867401,-9.89867401,1.01684952,-9.89867401,-9.89867401,0.986617088,-9.89867401,1.35307312,-9.89867401,1.48268604,1.40116596,-9.89867401,1.13473892,1.53077793,1.61180687,-9.89867401,1.04682732,0.702646255,0.937421799,1.07310677,0.827886581,0.692959785,0.966433525,1.00470161,1.375144,1.66761971,1.05607319,0.745234489,0.876148224,0.587700844,0.916274071,1.1930666,1.18963432,0.957531929,1.03490067,3.81831121,3.29126215,0.7528162,0.590807915,0.707362175,1.25095177,1.44680595,0.894688606,1.04462719,0.734997749,0.92178154,1.2880106,0.947978973,0.801701546,1.13902187,1.34831047,1.07183075,1.04417515,1.72715187,0.97990799,0.809188843,0.71870327,0.926196098,1.16056252,1.44048309,0.875253677,2.65098763,0.549983025,0.324949265,0.50701046,0.30235672,0.0741987228,-0.0312652588,0.372643471,0.324872971,0.480856895,0.226408005,1.06876469,0.513178825,0.00677108765,0.323101044,0.12199688,0.246747017,0.584174156,0.792845726,0.347233772,0.393563271,0.28567791,0.241633415,0.43979454,0.621744156,0.805256844,0.878720284,0.985509872,0.532094002,0.294883728,0.426393509,0.520907402,0.895294189,0.393785477,0.583999634
2026-08-26T14:48:18.447+00:00	1416.578	SUBSEG96 protocol=asd-research-v1.0.0 session=1 phase=DET window=57 group=2 segments=8 dims=96 fnv1a=3db3807d values=-9.89053059,-9.89053059,1.17587471,-9.89053059,-9.89053059,1.3007679,-9.89053059,1.37911034,-9.89053059,1.35729885,0.910243034,-9.89053059,1.14295864,1.49878693,1.56471539,-9.89053059,1.51114464,0.986813545,1.04515839,1.09854221,0.752139091,0.70619297,0.697499275,0.95158577,1.24196339,1.46345329,1.16718769,0.809607506,0.931330681,0.912034035,1.02284431,1.18366528,1.4055357,0.690954208,0.852009773,3.82166815,3.33967781,0.697128296,0.459717751,0.761395454,1.18730164,1.07462025,0.676395416,0.999132156,0.682311058,0.969755173,1.38566208,1.17984772,0.932617188,1.02818012,1.01525021,1.01965904,0.995934486,1.81147099,0.941373825,0.797730446,0.733137131,0.959127426,1.08790302,1.20187283,0.854960442,2.66990185,0.623750687,0.285102844,0.450428963,0.425357819,0.156579018,-0.13677597,0.353891373,0.358658791,0.582413673,0.208948135,1.08326244,0.510511398,-0.0104560852,0.391225815,0.16576767,0.356279373,0.503439903,0.81772995,0.359575272,0.38728714,0.338418007,0.318351746,0.473809242,0.621547699,0.836702347,0.930012703,0.997291565,0.559369087,0.33191967,0.439380646,0.535871506,0.866934776,0.400900841,0.55751133
2026-08-26T14:48:18.555+00:00	1416.687	SUBSEG96 protocol=asd-research-v1.0.0 session=1 phase=DET window=57 group=3 segments=8 dims=96 fnv1a=a45ec435 values=-9.89526081,-9.89526081,1.01574898,-9.89526081,-9.89526081,0.888604164,-9.89526081,1.20113277,-9.89526081,1.4096756,1.10461426,-9.89526081,1.08886814,1.36960602,1.21010876,-9.89526081,0.968839645,0.779535294,0.821964264,0.897592545,0.902321815,0.834693909,0.719701767,0.62029171,1.22143269,1.57337856,1.00482655,0.75831604,0.786827087,0.938596725,0.851984024,1.23544884,1.38632393,0.903190613,1.16679955,3.81048679,3.41469193,0.75310421,0.487145424,0.674987793,1.36967754,1.27570629,0.693529129,1.16313362,0.877368927,1.29327869,1.49000263,1.1850853,0.927762985,1.01573849,1.04043007,1.18322372,0.990698814,1.76190948,0.956158638,0.814222336,0.916970253,1.0316267,1.16767502,1.28162193,0.971050262,2.63269138,0.604804039,0.265169144,0.401913643,0.398986816,0.0867147446,-0.12858963,0.466618538,0.324015617,0.563384056,0.351366997,1.18460083,0.555069923,-0.00591945648,0.449583054,0.115290642,0.367529869,0.592968941,0.74925518,0.467514038,0.460705757,0.301257133,0.322422028,0.469111443,0.632411957,0.793821335,0.963543892,1.01107311,0.56470871,0.338193893,0.36286068,0.499196053,0.782059669,0.389939308,0.62003994
2026-08-26T14:48:18.672+00:00	1416.797	SUBSEG96 protocol=asd-research-v1.0.0 session=1 phase=DET window=57 group=4 segments=7 dims=96 fnv1a=5fae062c values=-9.90354824,-9.90354824,0.979956627,-9.90354824,-9.90354824,0.890496254,-9.90354824,1.41149807,-9.90354824,1.4660511,0.851884842,-9.90354824,0.995506287,1.37948132,1.32900047,-9.90354824,0.998311043,0.994060516,1.07341576,1.09457397,0.848009109,0.722079277,0.826095581,0.765177727,1.12695694,1.42601585,0.706173897,0.882925034,0.873095512,1.15143776,1.21032333,1.19633102,1.25175667,0.972629547,1.03578472,3.80527306,3.41300583,0.734017372,0.499475479,0.523505211,1.33857536,1.23405457,0.745723724,1.09227753,0.910329819,1.15053844,1.41033554,1.19839668,0.964959145,0.95223999,0.964391708,1.07835674,1.05348301,1.74622536,1.01186657,0.834525108,0.737664223,0.961759567,1.09081554,1.23356152,0.864463806,2.62578297,0.498327255,0.369383812,0.374424934,0.429825783,0.250634193,-0.150654793,0.446722984,0.402594566,0.675933838,0.246226311,1.08675003,0.557310104,0.0352649689,0.441102028,0.235182762,0.385991096,0.58972168,0.731007576,0.384902954,0.456127167,0.286043167,0.352422714,0.520648956,0.614098549,0.867839813,0.998455048,0.980687141,0.523282051,0.419786453,0.301541328,0.504482269,0.751829147,0.431177139,0.594636917
2026-08-26T14:48:18.778+00:00	1416.906	SUBSEG96 protocol=asd-research-v1.0.0 session=1 phase=DET window=57 group=5 segments=7 dims=96 fnv1a=cb009522 values=-10.5120745,-10.5120745,0.709461212,-10.5120745,-10.5120745,0.809031487,-10.5120745,1.07981205,-10.5120745,0.983253479,0.299197197,-10.5120745,0.135484695,0.693143845,0.764502525,-10.5120745,0.472639084,0.350063324,0.319115639,0.027009964,-0.265377998,-0.0798339844,0.285337448,0.278815269,0.930139542,0.937242508,0.750816345,0.726955414,0.670462608,0.931282997,1.13928795,1.65757465,2.67408323,3.16968107,3.31824446,3.47700691,3.04670763,2.63554478,2.11121988,1.24654675,1.55076551,1.56687117,1.38340187,1.58675957,1.17513752,0.826947212,1.82160282,2.14247084,2.82549477,1.88685465,1.4227581,2.2289176,1.89948273,2.42904663,2.19391012,1.760396,1.205863,1.52739429,1.93991184,1.77664423,1.63087082,1.9312129,1.03156853,0.755892754,0.686104774,0.543484688,1.07168579,0.681877136,0.811805725,0.599311829,0.521331787,0.274456978,0.512325287,0.156014442,0.0553035736,0.307031631,-0.253568649,-0.138195992,0.0169095993,0.221191406,-0.0564193726,-0.147411346,-0.219861031,-0.179710388,-0.0242786407,0.278945923,0.280226707,0.438393593,0.594439507,0.242033005,-0.179696083,-0.183197021,-0.0251369476,0.325580597,0.0997219086,0.00135135651
2026-08-26T14:48:18.780+00:00	1416.906	STATE protocol=asd-quality-v1.6.0 from=CALIBRATED_NORMAL to=OBSERVATION_HOLD reason=OBSERVATION_UNCERTAIN
2026-08-26T14:48:18.784+00:00	1416.906	EVENT protocol=asd-quality-v1.6.0 type=OBSERVATION_HOLD state=OBSERVATION_HOLD phase=DET reason=OBSERVATION_UNCERTAIN event=NONE capability=AVAILABLE level=DEVIATION
2026-08-26T14:48:23.106+00:00	1421.234	FLAGS protocol=asd-quality-v1.6.0 mode=OBSERVATION_HOLD state=OBSERVATION_HOLD waiting=0 learning=0 learned=1 anomaly=0 hold=1 fault=0 green=pulse_1s red=off guided25_available=1 workflow_pending=DEFAULT research_telemetry=1 profile_persistence_allowed=0 dropped=0
2026-08-26T14:48:28.048+00:00	1426.172	QUALITY protocol=asd-quality-v1.6.0 phase=DET index=58 total=0 result=OK metrics_valid=1 samples=159744 expected=159744 rms_dbfs=-48.469 dc=-0.446 peak=616 clipped=0 zeros=573 stuck=362 dropped_delta=0 feature_valid=1 tonalness_valid=1 tonalness_proxy=3.303822 tonal_gate=pending_normal_only
2026-08-26T14:48:28.058+00:00	1426.187	DET 58 score=24266.459 lo=0 hi=2832.83325 led=1 anom=0 total_anom=0 hold=1 iznad praga (uzastopnih=0 nivo=-48.5 dBFS racun=716 ms)
2026-08-26T14:48:28.189+00:00	1426.312	FEATURE96 protocol=asd-research-v1.0.0 session=1 phase=DET window=58 window_start_ms=1415702 window_end_ms=1424949 score=24266.459 level_dbfs=-48.469429 quality=OK tonalness_proxy=3.30382204 dims=96 fnv1a=4f4d6d27 values=-10.5358667,-10.5358667,0.620127678,-10.5358667,-10.5358667,0.396054268,-10.5358667,0.539193153,-10.5358667,0.628600121,0.333507538,-10.5358667,0.703193665,1.30114841,1.32182693,-10.5358667,0.731160164,0.543543816,0.909720421,0.889187813,0.691487312,0.428705215,0.552144051,0.676840782,1.27530956,1.401474,0.985631943,1.23104286,0.977259636,1.02511215,1.1773634,1.37213707,2.0247736,2.75782633,3.27691269,3.30382204,2.86942673,1.33799362,1.06805611,0.771383286,1.4431963,1.62646008,1.70386314,1.61864758,1.69160795,1.5659523,1.88088942,1.93084669,2.42120552,1.20540905,1.64922476,2.1880641,2.18756437,2.28785419,1.70898771,1.15975761,1.11159134,1.40493679,1.96364212,1.76194382,1.25028324,1.97732735,1.14691639,0.68803215,0.866370201,0.797124863,0.976360321,0.488679886,0.797816277,0.197402954,0.663463593,0.0182523727,0.570641518,0.101029396,-0.212144852,0.0323228836,-0.00184345245,0.112816811,0.172195435,0.330597878,0.210553169,0.0669107437,-0.130247116,-0.185804367,-0.0675382614,0.0321006775,0.211156845,0.429296494,0.375771523,0.000913619995,-0.248414993,-0.163635254,0.0493535995,0.183743477,-0.112241745,0.0278244019
2026-08-26T14:48:28.199+00:00	1426.328	FLAGS protocol=asd-quality-v1.6.0 mode=OBSERVATION_HOLD state=OBSERVATION_HOLD waiting=0 learning=0 learned=1 anomaly=0 hold=1 fault=0 green=pulse_1s red=off guided25_available=1 workflow_pending=DEFAULT research_telemetry=1 profile_persistence_allowed=0 dropped=0
2026-08-26T14:48:28.317+00:00	1426.437	SUBSEG96 protocol=asd-research-v1.0.0 session=1 phase=DET window=58 group=1 segments=8 dims=96 fnv1a=315e64f2 values=-10.2701378,-10.2701378,0.528134346,-10.2701378,-10.2701378,0.414060593,-10.2701378,0.495571136,-10.2701378,0.578905106,0.40927887,-10.2701378,0.0627698898,0.586294174,0.8253088,-10.2701378,0.425190926,0.0275020599,0.1305933,0.361270905,0.679589272,0.595506668,0.648114204,0.703590393,1.32859802,1.16887856,0.645190239,0.605853081,0.903123856,1.04696178,1.54978848,1.92212105,2.73429537,2.91340303,3.60674477,3.5463562,3.10908413,1.4196701,1.25354576,0.859873772,1.20926666,1.43345928,1.37368107,1.52204418,0.911636353,0.772977829,1.70933342,1.26826954,1.39153767,0.871228218,0.926495552,2.19842243,2.267941,1.81602907,0.917513847,0.778698921,0.755811691,1.4272728,1.35021591,0.936171532,0.976614952,2.13287354,0.718893051,0.62449646,1.28452301,1.07013607,1.25257206,0.927569389,0.994856834,0.516419411,0.564986229,0.350502014,0.921890259,0.326178551,0.204947472,0.483730316,0.495931625,0.704030991,0.664759636,0.610801697,0.355016708,0.344110489,0.191074371,0.103790283,0.134658813,0.285553932,0.43170929,0.704930305,0.588938713,0.229312897,0.0249042511,0.0482034683,0.164297104,0.443971634,0.119926453,0.240864754
2026-08-26T14:48:28.427+00:00	1426.547	SUBSEG96 protocol=asd-research-v1.0.0 session=1 phase=DET window=58 group=2 segments=8 dims=96 fnv1a=e5f088e6 values=-10.4941549,-10.4941549,0.79902935,-10.4941549,-10.4941549,0.577942848,-10.4941549,0.546658516,-10.4941549,0.79949379,0.662565231,-10.4941549,0.810030937,1.02357388,0.965193748,-10.4941549,0.484839439,0.875169754,1.20094013,1.18255234,1.07992268,0.641122818,0.519511223,0.773249626,1.07385921,1.05907345,0.864679337,1.25812817,1.02538013,1.02578735,1.18254662,1.29743862,1.72692347,3.20304108,3.71259975,3.45318222,2.88718367,1.1433115,0.762417793,0.75488472,1.29346657,1.54517412,1.68364429,1.47110844,1.99024677,1.82735252,1.77156067,2.04375505,2.05126333,0.81581974,1.41556072,2.19661188,2.31354761,2.59488058,2.10213566,1.11472988,1.33877182,0.912837982,1.5721364,0.902300835,0.764399529,1.99441338,0.478323936,0.771653175,0.242592812,0.576921463,1.41970253,0.739291191,1.16081047,0.114550591,0.637841225,-0.00323677063,0.557044029,0.183511734,-0.236303329,0.0432891846,-0.128813744,0.160593033,0.207378387,0.398184776,0.120294571,0.0812263489,-0.0628757477,-0.134661674,-0.0771932602,0.0760860443,0.234797478,0.474658966,0.425215721,0.0827302933,-0.235058784,-0.0767526627,0.325438499,0.353404045,-0.10918808,0.0637073517
2026-08-26T14:48:28.534+00:00	1426.656	SUBSEG96 protocol=asd-research-v1.0.0 session=1 phase=DET window=58 group=3 segments=8 dims=96 fnv1a=aa086d30 values=-10.5653381,-10.5653381,0.419140816,-10.5653381,-10.5653381,0.280493736,-10.5653381,0.563483238,-10.5653381,0.474780083,0.261673927,-10.5653381,0.956366539,1.62492657,1.66718006,-10.5653381,1.1606884,0.645999908,0.997177124,1.04524708,0.507023811,0.431791306,0.621951103,0.861896515,1.17595387,1.2856226,1.35229778,1.67453957,1.24375153,1.146698,1.23741627,1.36486626,1.81483364,2.26851082,2.41622829,3.22036695,2.8095746,1.19293022,1.37752342,0.85282135,1.80795717,1.77112913,2.01244974,1.96431351,1.99856615,1.48025608,1.94826841,1.93315887,2.63542891,1.58504725,2.17687559,2.49887609,2.39751482,2.39368629,1.68788958,1.39715385,1.14394093,1.29666328,0.963809967,1.46324778,1.3246336,1.96655703,0.506784439,0.99070549,1.16116524,0.750646591,0.934301376,0.268578529,0.419445038,0.0583362579,0.561968803,-0.0397863388,0.540878296,0.022439003,-0.129083633,-0.0719814301,0.0117673874,-0.108644485,0.0983085632,0.251039505,-0.104001999,-0.104802132,-0.227142334,-0.314620018,-0.120100021,-0.0374059677,0.201314926,0.434607506,0.36889267,-0.0445566177,-0.260128021,-0.0890932083,-0.0684566498,0.056019783,-0.189379692,-0.00658226013
2026-08-26T14:48:28.640+00:00	1426.765	SUBSEG96 protocol=asd-research-v1.0.0 session=1 phase=DET window=58 group=4 segments=7 dims=96 fnv1a=19f6bc1e values=-10.2702637,-10.2702637,0.867593765,-10.2702637,-10.2702637,0.547149658,-10.2702637,0.706625938,-10.2702637,1.02802563,0.395090103,-10.2702637,1.0819664,1.77106237,1.74510574,-10.2702637,0.929281235,0.807169914,1.21284771,1.00989056,0.836864471,0.599346161,1.03878975,1.0303278,1.79054117,1.97117758,1.08716297,0.955681801,0.963451385,0.80928421,1.20511532,0.937215805,1.12024498,1.25323868,1.71030617,3.48366451,3.17165709,1.20541191,0.28902626,0.363676071,1.04723167,1.19710636,0.90443325,1.06743813,0.65527153,1.00113201,1.99857044,2.06918001,2.12582731,0.844367981,1.16589069,0.985876083,1.60313225,2.3736968,1.65896034,0.564284325,0.44830513,1.69158459,1.31979847,1.24748421,1.08347702,2.25942612,1.04463768,0.55810833,1.0013752,1.02842617,0.47441864,0.404211044,0.874757767,0.702400208,1.34450531,0.353603363,0.86790657,0.410790443,-0.100261688,0.151406288,0.0518712997,0.140073776,0.233451843,0.549805641,0.754124641,0.301046371,0.139275551,0.0759887695,0.277547836,0.294102669,0.478723526,0.685390472,0.621787071,0.253163338,0.0199337006,0.0357475281,0.190841675,0.336502075,0.0721092224,0.297831535
2026-08-26T14:48:28.748+00:00	1426.875	SUBSEG96 protocol=asd-research-v1.0.0 session=1 phase=DET window=58 group=5 segments=7 dims=96 fnv1a=7918dd2d values=-10.5588741,-10.5588741,0.809466362,-10.5588741,-10.5588741,0.548763275,-10.5588741,0.751875877,-10.5588741,0.653957367,0.221126556,-10.5588741,0.352577209,1.04358101,1.09643555,-10.5588741,0.297920227,0.19053936,0.737526894,0.73332119,0.530714035,0.303294182,0.301802635,0.228925705,1.37459087,1.59408283,0.881198883,0.900835037,0.937181473,1.25463104,1.12470436,1.32833195,1.96009445,2.82626772,3.29112434,3.30230856,2.89452648,1.75302315,1.1850729,1.04539967,1.52759981,1.95788765,1.8774662,1.71940565,1.53250933,1.90118074,2.17262554,2.2026825,2.82143116,1.37281036,1.23333168,2.24386644,2.23292255,2.21545362,1.7323966,1.43437099,1.38265133,1.76911354,2.60439253,2.38355064,1.69538593,2.04425669,1.75390673,0.555315018,0.452624321,0.983118057,-0.0676956177,0.306768417,0.728391647,-0.00917339325,0.22568512,-0.0681629181,0.457759857,0.0800390244,-0.426037788,-0.0195646286,-0.107043266,-0.178295135,0.00626945496,0.355610847,0.277946472,0.198740959,-0.184936523,-0.147071838,-0.0331249237,0.063993454,0.230377197,0.355851173,0.391310692,0.00123405457,-0.272274017,-0.262233734,0.0160264969,0.195382118,0.0325870514,0.0649585724
2026-08-26T14:48:33.126+00:00	1431.250	FLAGS protocol=asd-quality-v1.6.0 mode=OBSERVATION_HOLD state=OBSERVATION_HOLD waiting=0 learning=0 learned=1 anomaly=0 hold=1 fault=0 green=pulse_1s red=off guided25_available=1 workflow_pending=DEFAULT research_telemetry=1 profile_persistence_allowed=0 dropped=0
2026-08-26T14:48:38.022+00:00	1436.140	QUALITY protocol=asd-quality-v1.6.0 phase=DET index=59 total=0 result=OK metrics_valid=1 samples=159744 expected=159744 rms_dbfs=-48.798 dc=-0.439 peak=673 clipped=0 zeros=546 stuck=403 dropped_delta=0 feature_valid=1 tonalness_valid=1 tonalness_proxy=3.349201 tonal_gate=pending_normal_only
2026-08-26T14:48:38.032+00:00	1436.156	DET 59 score=25657.8496 lo=0 hi=2832.83325 led=1 anom=0 total_anom=0 hold=1 iznad praga (uzastopnih=0 nivo=-48.8 dBFS racun=716 ms)
2026-08-26T14:48:38.164+00:00	1436.297	FEATURE96 protocol=asd-research-v1.0.0 session=1 phase=DET window=59 window_start_ms=1425662 window_end_ms=1434923 score=25657.8496 level_dbfs=-48.7981987 quality=OK tonalness_proxy=3.34920073 dims=96 fnv1a=7e7147b9 values=-10.501111,-10.501111,0.559418678,-10.501111,-10.501111,0.54863739,-10.501111,0.813106537,-10.501111,0.862837791,0.421513557,-10.501111,0.395752907,0.764389992,0.873373985,-10.501111,0.616043091,0.462834358,0.540963173,0.760870934,0.905631065,0.66027832,0.823273659,0.940327644,1.33932972,1.58340645,0.942050934,0.709814072,0.989928246,0.844192505,1.43628311,1.62184858,2.442132,2.63255692,2.92515421,3.34920073,2.94324398,1.65820169,1.13195801,1.09267902,2.24535942,2.12590122,1.93683767,1.83202076,1.96059275,1.52184248,2.18923521,1.71451044,1.98536444,1.11453724,1.85039234,2.5882349,2.50924826,2.32756662,1.04898739,1.00863647,1.15379906,1.60314846,1.21572685,1.12274837,0.999192238,2.04851198,0.693115234,0.727554321,1.19634247,1.08127594,0.548028946,0.422950745,0.523208618,0.0792922974,0.379125595,0.144073486,0.594978333,0.121759415,-0.23287487,-0.0282306671,-0.231630325,-0.0420780182,0.164250374,0.328760147,0.0367078781,0.0769319534,-0.152289391,-0.120880127,-0.0442934036,0.0511322021,0.226502419,0.492152214,0.402970314,0.038728714,-0.19743824,-0.180145264,0.0198812485,0.23494339,-0.145496368,0.105910301
2026-08-26T14:48:38.173+00:00	1436.297	FLAGS protocol=asd-quality-v1.6.0 mode=OBSERVATION_HOLD state=OBSERVATION_HOLD waiting=0 learning=0 learned=1 anomaly=0 hold=1 fault=0 green=pulse_1s red=off guided25_available=1 workflow_pending=DEFAULT research_telemetry=1 profile_persistence_allowed=0 dropped=0
2026-08-26T14:48:38.292+00:00	1436.422	SUBSEG96 protocol=asd-research-v1.0.0 session=1 phase=DET window=59 group=1 segments=8 dims=96 fnv1a=81701ba2 values=-10.2855539,-10.2855539,0.770371437,-10.2855539,-10.2855539,0.70867157,-10.2855539,1.10050964,-10.2855539,1.00946999,0.460303307,-10.2855539,0.635801315,0.917375565,0.798033714,-10.2855539,0.408636093,0.425822258,0.708282471,0.975195885,0.70261097,0.322317123,0.343632698,0.624836922,1.61891937,1.93505859,0.905704498,0.596951485,0.657258034,0.896006584,1.06576633,1.14120483,1.48219776,1.76783371,2.75860596,3.48882675,3.18291664,1.15890503,1.42836571,0.760303497,1.33935356,1.38621998,1.59480953,1.39496517,1.21987534,1.3817234,1.95046997,1.83653116,2.43378067,1.54014301,1.46740437,2.34899473,2.3715086,2.32866049,1.19928932,1.22649479,1.09813595,1.4244566,1.04550076,1.04190636,0.839508057,2.20755005,0.428767204,0.504253387,0.489840508,0.717520714,0.849515915,0.180311203,0.867042542,0.319111824,0.760486603,0.374445915,0.875766754,0.249787331,-0.265109062,0.119058609,-0.0658187866,0.186588287,0.441226959,0.554065704,0.254099846,0.212701797,0.0579538345,0.0767450333,0.232621193,0.271434784,0.42843914,0.720646858,0.656973839,0.248632431,0.0097951889,0.0043182373,0.276903152,0.399108887,0.0824289322,0.331031799
2026-08-26T14:48:38.400+00:00	1436.531	SUBSEG96 protocol=asd-research-v1.0.0 session=1 phase=DET window=59 group=2 segments=8 dims=96 fnv1a=6a164ec1 values=-10.2933302,-10.2933302,0.79634285,-10.2933302,-10.2933302,0.540710449,-10.2933302,0.897422791,-10.2933302,1.15028191,0.703045845,-10.2933302,0.832925797,1.07233429,1.11648655,-10.2933302,1.09413338,0.71074295,0.73224926,0.799757957,0.812554359,0.717066765,0.673651695,0.671295166,1.60036755,1.9593277,0.858448982,0.654664993,0.763895988,0.830656052,0.960083961,1.27789497,2.03204536,1.89919806,2.50441694,3.69006538,3.20653152,1.35734558,0.915623665,0.592483521,1.47608852,1.71483517,1.60218906,1.65184689,1.45094967,1.32142925,2.52258253,2.15552568,1.96225595,1.12579346,1.07353687,1.84076834,1.92514467,2.75475836,0.944577217,0.927798271,0.925570488,1.73340559,1.61832619,1.0855732,1.17965698,2.30856466,0.678775787,0.599011421,1.33166122,0.134925842,0.284793854,-0.100524902,0.190529823,0.0753631592,0.220787048,-0.0403394699,0.764962196,0.227594376,-0.301960945,0.0836982727,-0.27382946,-0.0057926178,0.184559822,0.481898308,0.162059784,0.437437057,0.0821466446,0.0726156235,0.139015198,0.258590698,0.405269623,0.664903641,0.600738525,0.274453163,0.00279712677,-0.0167274475,0.212990761,0.364530563,0.0717105865,0.352585793
2026-08-26T14:48:38.508+00:00	1436.640	SUBSEG96 protocol=asd-research-v1.0.0 session=1 phase=DET window=59 group=3 segments=8 dims=96 fnv1a=b495ed2e values=-10.4676027,-10.4676027,0.33377552,-10.4676027,-10.4676027,0.594911575,-10.4676027,0.872867584,-10.4676027,0.844356537,0.387716293,-10.4676027,0.15116024,0.795532227,1.05076981,-10.4676027,0.62544632,0.281845093,0.509013176,1.1382885,1.41585541,1.13673687,1.08895779,1.12159157,1.41188717,1.65849972,1.05383492,0.803322792,1.00264359,0.653274536,1.65668249,1.6142602,2.16652679,2.58008671,3.40184212,3.34519148,2.94721174,1.67578983,1.00759888,0.697450638,1.92623425,1.80807829,1.78802299,1.70803976,1.85808182,1.78561401,1.7154789,1.04669094,1.39896584,0.765395164,1.7830019,2.76685572,3.04910278,1.82000542,0.637364388,0.886860847,1.30066872,0.984482765,0.903770447,1.08525753,1.20735836,2.11237955,0.578186989,0.348492622,0.672656059,1.40244579,0.634088516,0.728422165,0.805186272,0.411577225,0.560480118,0.456908226,0.640193939,0.332876205,-0.112148285,0.147892952,-0.142825127,-0.0290470123,0.215519905,0.296121597,0.184405327,0.0458984375,-0.115670204,-0.131676674,0.000492095947,0.110147476,0.32336998,0.525538445,0.415883064,0.0510568619,-0.158847809,-0.166036606,0.0548315048,0.26968956,-0.138056755,0.160211563
2026-08-26T14:48:38.616+00:00	1436.750	SUBSEG96 protocol=asd-research-v1.0.0 session=1 phase=DET window=59 group=4 segments=7 dims=96 fnv1a=da683f5d values=-10.5468397,-10.5468397,0.643590927,-10.5468397,-10.5468397,0.438396454,-10.5468397,0.342735291,-10.5468397,0.541644096,0.445207596,-10.5468397,0.326659203,0.630614281,0.859250069,-10.5468397,0.593182564,0.29061985,0.363730431,0.124128342,0.391775131,0.243133545,0.974833488,1.19972897,1.30186749,1.34620857,1.31296921,0.748137474,0.842033386,0.747702599,1.33695507,1.57760143,1.64828396,1.84023666,2.27673864,3.23934889,2.80019426,2.10648727,1.41169548,1.63801384,2.83082819,2.69031382,2.32830143,1.66362953,1.66752768,1.63287067,2.45101738,1.95519209,2.27730417,1.34498596,2.12369823,2.98773813,2.22296238,2.43189907,1.44135952,1.03445339,1.48966789,2.06025267,1.26064587,1.43132782,1.10727882,1.96970463,0.971582413,1.20002651,1.69948292,1.38969803,0.476511955,0.759519577,0.177232742,-0.115769386,0.188110352,-0.117731094,0.505941391,-0.0597925186,-0.31084156,0.00950336456,-0.113490105,0.0744123459,0.292116165,0.369643211,-0.0490236282,-0.0364723206,-0.198709488,-0.0545578003,-0.131624222,-0.010928154,0.181119919,0.45352459,0.343529701,-0.00370693207,-0.287992477,-0.201757431,-0.0304832458,0.250566483,-0.191663742,-0.0401926041
2026-08-26T14:48:38.725+00:00	1436.859	SUBSEG96 protocol=asd-research-v1.0.0 session=1 phase=DET window=59 group=5 segments=7 dims=96 fnv1a=69d73c87 values=-10.493577,-10.493577,0.607419968,-10.493577,-10.493577,0.783666611,-10.493577,1.03278351,-10.493577,1.05683136,0.494009018,-10.493577,0.267348289,0.791708946,0.852499962,-10.493577,0.488199234,0.790816307,0.748223305,0.634672165,0.729607582,0.517534256,0.899186134,0.983653069,1.08134842,1.03926373,0.3033638,0.958530426,1.44530869,1.22954082,1.79680967,2.08188009,3.08688354,3.25137663,3.03483534,3.35906219,2.97396421,1.4672823,0.991446495,0.844673157,1.89309263,1.77977276,2.05722809,2.33886909,2.53418303,1.57136631,2.24427557,1.31385612,1.54074335,0.808432579,2.16575432,2.30922461,2.21178722,2.37470055,0.923362732,1.24999332,0.865805626,1.36956024,1.37575245,1.11674023,0.876001358,2.04898691,0.859971046,0.607872009,0.874933243,0.845221519,0.7069664,-0.139512062,0.546806335,-0.184641838,0.360019684,0.151825905,0.590949059,0.185762405,0.0425329208,-0.153557777,-0.219656944,-0.0625171661,0.00932884216,0.3574543,0.0159950256,0.0897731781,-0.17397213,-0.159247398,-0.0588197708,0.0391540527,0.201975822,0.515816689,0.412358284,0.0399713516,-0.138368607,-0.0997123718,-0.00396537781,0.307254791,-0.133858681,0.121099472
2026-08-26T14:48:43.138+00:00	1441.265	FLAGS protocol=asd-quality-v1.6.0 mode=OBSERVATION_HOLD state=OBSERVATION_HOLD waiting=0 learning=0 learned=1 anomaly=0 hold=1 fault=0 green=pulse_1s red=off guided25_available=1 workflow_pending=DEFAULT research_telemetry=1 profile_persistence_allowed=0 dropped=0
2026-08-26T14:48:48.061+00:00	1446.187	QUALITY protocol=asd-quality-v1.6.0 phase=DET index=60 total=0 result=OK metrics_valid=1 samples=159744 expected=159744 rms_dbfs=-48.721 dc=-0.540 peak=628 clipped=0 zeros=559 stuck=414 dropped_delta=0 feature_valid=1 tonalness_valid=1 tonalness_proxy=3.378799 tonal_gate=pending_normal_only
2026-08-26T14:48:48.069+00:00	1446.203	DET 60 score=24576.6211 lo=0 hi=2832.83325 led=1 anom=0 total_anom=0 hold=1 iznad praga (uzastopnih=0 nivo=-48.7 dBFS racun=716 ms)
2026-08-26T14:48:48.199+00:00	1446.328	FEATURE96 protocol=asd-research-v1.0.0 session=1 phase=DET window=60 window_start_ms=1435632 window_end_ms=1444961 score=24576.6211 level_dbfs=-48.7207947 quality=OK tonalness_proxy=3.37879896 dims=96 fnv1a=fe95576e values=-10.5500994,-10.5500994,0.58835125,-10.5500994,-10.5500994,0.571105003,-10.5500994,0.847391129,-10.5500994,0.841552734,0.553147316,-10.5500994,0.741920471,1.26145172,1.25683117,-10.5500994,0.792533875,0.481957436,0.719352722,0.704673767,0.548224449,0.307484627,0.609441757,0.68272686,1.16800499,1.49725056,1.12655258,1.54828501,1.49880409,1.14455318,1.33413982,1.54712105,1.95880127,2.58668327,2.79051399,3.37879896,3.03950596,1.98691082,1.5705204,1.71049261,2.06993103,2.01293755,1.95507383,2.00318623,1.7992568,1.64688063,1.96416521,1.56945419,2.03881311,1.19775963,1.6593523,2.64324617,2.25820589,1.71904278,1.19214058,0.957419395,1.23240852,1.26751328,1.08754921,1.23795414,1.02637863,2.00472736,0.924125671,0.469920158,1.38298798,0.806448936,0.541974068,0.473070145,0.586268425,0.122965813,0.218574524,-0.155520439,0.567494392,0.0803031921,-0.212268829,0.155900002,-0.153443336,0.0819664001,0.272322655,0.279243469,0.0301485062,-0.051320076,-0.242513657,-0.25719738,-0.0876655579,-0.00381565094,0.18066597,0.42824173,0.351381302,-0.0491886139,-0.280270576,-0.167446136,-0.0299377441,0.2255373,-0.118739128,0.0919494629
2026-08-26T14:48:48.210+00:00	1446.343	FLAGS protocol=asd-quality-v1.6.0 mode=OBSERVATION_HOLD state=OBSERVATION_HOLD waiting=0 learning=0 learned=1 anomaly=0 hold=1 fault=0 green=pulse_1s red=off guided25_available=1 workflow_pending=DEFAULT research_telemetry=1 profile_persistence_allowed=0 dropped=0
2026-08-26T14:48:48.329+00:00	1446.453	SUBSEG96 protocol=asd-research-v1.0.0 session=1 phase=DET window=60 group=1 segments=8 dims=96 fnv1a=2e7915c4 values=-10.309042,-10.309042,0.528326988,-10.309042,-10.309042,0.767739296,-10.309042,1.12637615,-10.309042,1.07588673,0.682199478,-10.309042,0.666104317,0.696828842,0.607821465,-10.309042,0.685352325,0.952013016,0.620778084,0.548600197,0.523365974,0.513296127,0.620595932,0.865208626,1.46358681,1.83331919,1.00742531,0.878190041,1.04449081,1.02232456,1.33562756,2.00405502,2.24274826,2.49406147,3.06504154,3.51960611,3.15033293,1.59170723,1.15759468,1.19946194,1.9208622,2.23318624,2.15668011,2.1137991,1.717031,1.55853081,1.35880089,1.2261591,1.76747036,1.11340141,1.40083694,2.38085222,2.14397907,1.69228697,0.974456787,0.713672638,0.891447067,0.722561836,1.01700974,1.05737877,0.80213356,2.29576969,0.641674042,0.315695763,0.182305336,0.616391182,0.148131371,0.100388527,0.356655121,0.248645782,0.449262619,0.18584156,0.746785164,0.310320854,0.0585308075,0.27238369,0.176651001,0.0845241547,0.173093796,0.434829712,0.0641784668,0.103028297,-0.0612192154,-0.0195188522,0.165014267,0.178207397,0.378407478,0.655604362,0.557163239,0.188999176,-0.0221586227,0.00361347198,0.174758911,0.46531105,0.041809082,0.348680496
2026-08-26T14:48:48.437+00:00	1446.562	SUBSEG96 protocol=asd-research-v1.0.0 session=1 phase=DET window=60 group=2 segments=8 dims=96 fnv1a=2be65888 values=-10.4789963,-10.4789963,0.530010223,-10.4789963,-10.4789963,0.582130432,-10.4789963,0.731343269,-10.4789963,0.678979874,0.44960022,-10.4789963,1.12176704,1.80370235,1.7953434,-10.4789963,1.21737099,0.715000153,1.07360458,0.89311409,0.817336082,0.418460846,0.740005493,0.912599564,1.28857613,1.68255568,1.47812176,1.62158871,1.67544603,1.48116493,1.57525682,1.5824666,2.17852306,2.96404457,2.60104847,3.35173988,3.00435877,1.54716444,1.71745205,2.14195967,2.29706669,1.98807144,1.65247822,1.90661764,2.33310175,1.88577795,2.10898399,1.14140797,1.68014526,0.913421631,2.1170969,3.05388212,1.60249758,1.64160919,0.762583733,1.15260506,1.04659176,0.749826431,0.708461761,1.51151371,0.485329628,2.04855633,1.08170795,0.0866699219,0.181436539,0.419911385,0.0649995804,-0.137911797,0.166487694,-0.087521553,0.175276756,-0.103502274,0.582760811,0.11811924,-0.329298019,-0.109707832,-0.353904724,-0.183067322,0.0509271622,0.242800713,0.0164995193,-0.0713205338,-0.143116951,-0.170464516,0.00142383575,0.100208282,0.270320892,0.548213959,0.423195839,0.00508975983,-0.274581909,-0.181529999,-0.0627784729,0.306651115,-0.157176018,0.1954813
2026-08-26T14:48:48.546+00:00	1446.672	SUBSEG96 protocol=asd-research-v1.0.0 session=1 phase=DET window=60 group=3 segments=8 dims=96 fnv1a=8240eabb values=-10.5144033,-10.5144033,0.577804565,-10.5144033,-10.5144033,0.67075634,-10.5144033,0.95663929,-10.5144033,0.951365471,0.645728111,-10.5144033,0.916245461,1.3692522,1.36063099,-10.5144033,0.923527718,0.363734245,1.00154018,1.0972805,0.711995125,0.327027321,0.834136963,0.87797451,1.27287006,1.41170406,1.44383335,2.06763458,1.92648697,1.24153137,1.54579496,1.69460821,2.17164278,2.95954609,3.2689743,3.30665398,2.94047499,1.55268526,1.11168098,1.55770302,1.81437778,1.96009254,2.09871101,2.30873299,1.84708643,2.0351963,1.73257494,1.21857738,1.68847132,0.909684181,1.25492191,3.01465034,2.79175568,1.56612349,0.690760612,1.04757023,1.65812588,1.69761848,1.33133125,1.34899616,1.52336121,2.03896952,0.733492851,0.531959534,0.344195366,0.595151901,-0.0510997772,-0.0657758713,0.00494766235,-0.0761528015,0.0733299255,-0.257243156,0.582391739,0.00246238708,-0.36265564,-0.207985878,-0.360339165,-0.142436028,0.00442028046,0.258595467,-0.091837883,-0.125655174,-0.315804482,-0.2137146,-0.0674114227,0.059305191,0.250104904,0.434279442,0.381545067,0.00963783264,-0.273902893,-0.239053726,-0.0876560211,0.201668739,-0.159481049,0.108973503
2026-08-26T14:48:48.653+00:00	1446.781	SUBSEG96 protocol=asd-research-v1.0.0 session=1 phase=DET window=60 group=4 segments=7 dims=96 fnv1a=20285ff8 values=-10.3352871,-10.3352871,1.01950455,-10.3352871,-10.3352871,0.7709198,-10.3352871,1.04802322,-10.3352871,1.1026125,0.88004303,-10.3352871,0.719543457,0.992005348,0.889091492,-10.3352871,0.680212021,0.224518776,0.353878021,0.684435844,0.785573006,0.516955376,0.572985649,0.663610458,1.34256363,1.71079302,0.824980736,0.920272827,1.33073711,1.4301939,1.62379932,1.59776306,1.99138594,1.66993046,1.3776989,3.49987364,3.16877937,1.48913097,1.41234493,1.35528755,2.47304058,2.34532642,2.22875309,2.25098324,1.39209461,0.70266819,1.51656818,1.77057791,2.3341198,1.3770647,1.62999058,1.65431976,1.3539753,1.84356737,0.799778938,1.3232975,1.23291779,1.48298931,1.34091663,1.10959911,1.08804893,2.1691947,0.751378059,0.451733589,0.696112633,0.685787201,0.553370476,-0.0833024979,0.446657181,0.00126743317,0.294387817,-0.160383224,0.803157806,0.169145584,-0.315583229,-0.0604448318,-0.287873268,-0.111579895,0.150126457,0.361742973,0.330522537,0.170307159,-0.00252151489,-0.0718364716,0.095498085,0.157731056,0.3986063,0.62035656,0.570068359,0.126791,0.0121774673,0.319872856,0.358372688,0.536313057,0.308938026,0.336226463
2026-08-26T14:48:48.760+00:00	1446.890	SUBSEG96 protocol=asd-research-v1.0.0 session=1 phase=DET window=60 group=5 segments=7 dims=96 fnv1a=6ecacd52 values=-10.5670538,-10.5670538,0.697146416,-10.5670538,-10.5670538,0.600017548,-10.5670538,0.878499985,-10.5670538,0.89207077,0.609485626,-10.5670538,0.326106071,0.525304794,0.758710861,-10.5670538,0.420271873,0.306343079,0.339299202,0.152490616,0.15233326,0.304693222,0.641011238,0.405257225,0.929530144,1.29857731,0.524149895,1.24359512,1.18814373,0.651425362,0.567520142,1.05352306,1.20220375,1.00473309,2.3482523,3.64338017,3.3295579,2.596385,2.03422499,1.89667225,2.13180399,2.06783342,2.04907513,1.76375532,0.971899986,1.38433647,2.4352479,2.07502413,2.49593306,1.64625263,1.75576544,1.15972519,2.25729227,2.09078836,1.7870574,0.855316162,1.24920273,1.29642487,1.25453758,1.35485268,0.884082794,2.00623941,1.32267761,0.895138741,2.07399225,1.3332653,1.12111568,1.103405,1.16642284,0.557559013,0.492752075,-0.00835990906,0.66235733,0.274923325,0.120705605,0.646583557,0.193763733,0.573295593,0.773284912,0.530993462,0.260222435,0.152636528,-0.157738686,-0.269029617,-0.0914144516,0.019112587,0.145551682,0.422319412,0.372964859,-0.0351524353,-0.300309181,-0.308756828,-0.0194797516,0.151045799,-0.135672569,0.00302886963
2026-08-26T14:48:53.157+00:00	1451.281	FLAGS protocol=asd-quality-v1.6.0 mode=OBSERVATION_HOLD state=OBSERVATION_HOLD waiting=0 learning=0 learned=1 anomaly=0 hold=1 fault=0 green=pulse_1s red=off guided25_available=1 workflow_pending=DEFAULT research_telemetry=1 profile_persistence_allowed=0 dropped=0
2026-08-26T14:48:58.035+00:00	1456.156	QUALITY protocol=asd-quality-v1.6.0 phase=DET index=61 total=0 result=OK metrics_valid=1 samples=159744 expected=159744 rms_dbfs=-48.250 dc=-0.456 peak=840 clipped=0 zeros=547 stuck=331 dropped_delta=0 feature_valid=1 tonalness_valid=1 tonalness_proxy=3.449461 tonal_gate=pending_normal_only
2026-08-26T14:48:58.044+00:00	1456.172	DET 61 score=24500.375 lo=0 hi=2832.83325 led=1 anom=0 total_anom=0 hold=1 iznad praga (uzastopnih=0 nivo=-48.3 dBFS racun=728 ms)
2026-08-26T14:48:58.176+00:00	1456.297	FEATURE96 protocol=asd-research-v1.0.0 session=1 phase=DET window=61 window_start_ms=1445672 window_end_ms=1454935 score=24500.375 level_dbfs=-48.2501144 quality=OK tonalness_proxy=3.44946146 dims=96 fnv1a=ca2cb012 values=-10.4587393,-10.4587393,0.826180458,-10.4587393,-10.4587393,0.718239784,-10.4587393,1.02264786,-10.4587393,1.10253143,0.6683321,-10.4587393,0.584581375,0.897889137,0.969035149,-10.4587393,0.458978653,0.215794563,0.287561417,0.521333694,0.409399033,0.422227859,0.539010048,0.580942154,0.904251099,1.23608971,0.596394539,0.629001617,0.746243477,0.916367531,1.17491245,1.51821327,1.93015718,2.36112213,2.8437705,3.44946146,3.14661741,2.11592627,1.25411701,0.843975067,1.47659492,1.80372524,2.21213531,2.38188839,1.8694768,1.99330616,2.58580542,2.39037418,2.69856167,1.10379982,1.78436375,1.99596214,2.04794931,2.24347353,1.786129,0.674211502,0.763195992,1.56070423,1.31344795,1.01764011,0.779768944,2.04348707,0.670957565,0.523192406,0.574018478,0.819531441,0.73167038,0.956038475,0.770710945,0.449570656,0.653736115,-0.0396776199,0.659925461,0.248670578,-0.138290405,-0.0299968719,-0.108675003,0.0349397659,0.16987896,0.384579659,0.149733543,0.435181618,0.00159931183,-0.0403490067,0.0322751999,0.104408264,0.29142189,0.484313011,0.451375008,0.0426416397,-0.17729187,-0.196424484,0.0223197937,0.276605606,-0.0718708038,0.115837097
2026-08-26T14:48:58.186+00:00	1456.312	FLAGS protocol=asd-quality-v1.6.0 mode=OBSERVATION_HOLD state=OBSERVATION_HOLD waiting=0 learning=0 learned=1 anomaly=0 hold=1 fault=0 green=pulse_1s red=off guided25_available=1 workflow_pending=DEFAULT research_telemetry=1 profile_persistence_allowed=0 dropped=0
2026-08-26T14:48:58.305+00:00	1456.437	SUBSEG96 protocol=asd-research-v1.0.0 session=1 phase=DET window=61 group=1 segments=8 dims=96 fnv1a=28515b35 values=-10.3261442,-10.3261442,0.823758125,-10.3261442,-10.3261442,0.860341072,-10.3261442,1.25400448,-10.3261442,1.25735188,0.534444809,-10.3261442,0.721021652,0.945720673,0.833514214,-10.3261442,0.456018448,0.194332123,0.369387627,0.731419563,0.61083889,0.540794373,0.681402206,0.781323433,0.96709919,1.08433914,0.649990082,1.00088692,1.09352112,0.828061104,1.04952621,0.988613129,1.75351143,2.90074205,3.4756813,3.51293707,3.11358213,1.51143932,1.08778286,1.27029324,1.79856539,1.96766663,1.99168539,1.72847509,1.75525427,2.30474329,2.10447073,1.24166489,0.657092094,0.681195259,1.22991943,1.67437696,2.32798624,1.58193016,0.97003746,0.557634354,0.948634148,0.684319496,0.881282806,1.15165997,1.19367981,2.19369793,0.941823006,0.784769058,0.377040863,1.06364536,0.604512215,1.65524673,0.42116642,0.82789135,0.523885727,0.114533424,0.89734745,0.408400536,-0.22035408,0.0374984741,-0.049826622,0.337135315,0.440447807,0.529841423,0.345420837,0.185512543,0.102913857,0.0216007233,0.131040573,0.15128994,0.384034157,0.593528748,0.573717117,0.144665718,-0.0344791412,-0.0407953262,0.170703888,0.431832314,0.0254745483,0.218050003
2026-08-26T14:48:58.412+00:00	1456.531	SUBSEG96 protocol=asd-research-v1.0.0 session=1 phase=DET window=61 group=2 segments=8 dims=96 fnv1a=f24fcec8 values=-10.4668055,-10.4668055,1.05336761,-10.4668055,-10.4668055,0.764468193,-10.4668055,1.056633,-10.4668055,1.1609354,0.758506775,-10.4668055,0.581138611,1.09576035,1.22101021,-10.4668055,0.459543228,0.382696152,0.157465935,0.100798607,0.183995247,0.436491966,0.383918762,0.703363419,1.03292561,1.36940384,0.627571106,0.592615128,0.778907776,1.06155109,1.48338699,1.88459253,1.88214636,2.04473782,2.18521929,3.48368931,3.283535,2.60727119,1.18465233,0.963066101,1.60839224,1.59664774,2.00622272,2.0553422,1.22811604,1.64117002,2.62119055,2.99084282,3.2876339,1.50798893,2.1978302,1.99119234,1.46504498,2.13477898,2.24790668,0.621151924,0.449402809,1.49547768,1.31334114,1.20828247,0.421366692,2.07835102,0.655173302,0.150006294,0.470993996,1.13233757,0.165314674,0.657962799,0.41461277,0.614430428,0.441566467,-0.095703125,0.688189507,0.117712975,-0.359938622,-0.116048813,-0.359996796,-0.103955269,0.141208649,0.417171478,0.301300049,0.94854641,0.251543045,0.189706802,0.119222641,0.174283981,0.338717461,0.54990387,0.505939484,0.0713672638,-0.134482384,-0.15897274,0.0228328705,0.248017311,-0.000544548035,0.143065453
2026-08-26T14:48:58.522+00:00	1456.640	SUBSEG96 protocol=asd-research-v1.0.0 session=1 phase=DET window=61 group=3 segments=8 dims=96 fnv1a=fab88aee values=-10.4107523,-10.4107523,0.761104584,-10.4107523,-10.4107523,0.959943771,-10.4107523,1.2665844,-10.4107523,1.40088177,0.754173279,-10.4107523,0.567411423,0.743136406,0.809749603,-10.4107523,0.452654839,0.222514153,0.293237686,0.483112335,0.16064167,0.581746101,0.835124969,0.691455841,0.985041618,1.32129002,0.883264542,0.760910988,0.800032616,1.23715687,1.38889217,1.70104027,2.46029711,2.59051609,2.9152298,3.47153807,3.06077862,1.30936623,0.632201195,0.515286446,1.52903652,1.86766863,2.65197372,2.84502268,2.10437107,2.35792971,2.88706684,1.76392269,1.86065865,1.09132576,1.95046568,2.16898441,2.04438305,2.16997433,1.42339706,0.7501297,1.01319218,1.15685081,1.34219265,0.906479836,0.589728355,2.05901384,0.72834301,0.443427086,0.596815109,0.661365509,0.692474365,0.562384605,0.760946274,0.0483150482,0.424842834,-0.039226532,0.695128441,0.111985207,-0.337022781,-0.0141410828,-0.211158752,-0.00769329071,0.125094414,0.391857147,0.074795723,0.110478401,-0.0150203705,-0.0426187515,0.0597896576,0.171168327,0.35525322,0.524950981,0.496302605,0.0977230072,-0.117115021,-0.146763802,0.0468006134,0.331264496,-0.0280447006,0.183088303
2026-08-26T14:48:58.627+00:00	1456.750	SUBSEG96 protocol=asd-research-v1.0.0 session=1 phase=DET window=61 group=4 segments=7 dims=96 fnv1a=619b6873 values=-10.4462805,-10.4462805,0.770030022,-10.4462805,-10.4462805,0.614762306,-10.4462805,0.768681526,-10.4462805,0.688174248,0.647929192,-10.4462805,0.492780685,0.917234421,1.12615681,-10.4462805,0.73249054,0.22509861,0.511666298,0.818835258,0.713732719,0.416936874,0.496761322,0.471083641,0.808619499,1.30838776,0.519366264,0.246030807,0.60504818,0.6151371,0.644187927,1.05341339,1.23485279,0.931414604,1.8396492,3.53807354,3.1597476,2.24065924,1.74504042,0.719563484,1.03724098,1.91979837,2.0019536,2.34741163,2.28900146,1.81839848,2.84335327,2.06412172,2.58090162,1.04376793,1.32389832,1.61945295,2.1897583,2.76816845,1.94690943,1.01761055,0.842650414,2.15028381,1.74731159,1.11771774,1.02610874,2.0756073,0.808545113,0.909804344,1.02194977,0.703611374,1.28346539,0.202466011,1.31621933,0.491455078,1.17386532,0.203895569,0.576954842,0.568018913,0.34167099,0.200886726,0.315011024,0.192282677,0.276442528,0.480275154,0.198996544,0.0352077484,-0.143262863,-0.155719757,0.0254278183,0.106775284,0.301312447,0.499299049,0.43445015,0.0554103851,-0.238092422,-0.243006706,0.0162963867,0.21777153,-0.113154411,0.112626076
2026-08-26T14:48:58.735+00:00	1456.859	SUBSEG96 protocol=asd-research-v1.0.0 session=1 phase=DET window=61 group=5 segments=7 dims=96 fnv1a=dbbabe83 values=-10.1373396,-10.1373396,1.09787178,-10.1373396,-10.1373396,0.657030106,-10.1373396,0.944892883,-10.1373396,1.11015892,1.06992817,-10.1373396,1.03639412,1.18287373,1.08831692,-10.1373396,0.553949356,0.484203339,0.555493355,0.721000671,0.665877342,0.577057838,0.592621803,0.578924179,1.16879845,1.49164486,0.551377296,0.718483925,0.710609436,0.925650597,1.16618252,1.60374546,1.4581089,1.93193674,2.58360815,3.73737097,3.55115223,1.62851143,1.35977745,0.80845356,1.5583992,2.13473177,2.42601538,2.61837339,1.50194359,1.53730392,1.81813622,1.16476727,1.07166004,0.926002502,1.63770199,2.60581064,2.43292427,1.91095543,0.996129036,0.589905739,0.852536201,1.00968838,0.979471207,1.00205612,0.65755558,2.3043766,0.359264374,0.0977420807,0.128322601,0.156003952,-0.00695610046,-0.0736503601,0.193541527,0.147561073,0.401662827,-0.039721489,0.894454002,0.330997467,-0.163021088,0.180628777,-0.158288956,0.112589836,0.271912575,0.578145981,0.176071167,0.213561058,0.111160278,0.136451721,0.309007645,0.404680252,0.571180344,0.741222382,0.73788929,0.345003128,0.123409271,0.0953998566,0.359399796,0.649277687,0.243911743,0.421345711
2026-08-26T14:49:03.176+00:00	1461.297	FLAGS protocol=asd-quality-v1.6.0 mode=OBSERVATION_HOLD state=OBSERVATION_HOLD waiting=0 learning=0 learned=1 anomaly=0 hold=1 fault=0 green=pulse_1s red=off guided25_available=1 workflow_pending=DEFAULT research_telemetry=1 profile_persistence_allowed=0 dropped=0
2026-08-26T14:49:08.009+00:00	1466.140	QUALITY protocol=asd-quality-v1.6.0 phase=DET index=62 total=0 result=OK metrics_valid=1 samples=159744 expected=159744 rms_dbfs=-48.870 dc=-0.536 peak=617 clipped=0 zeros=622 stuck=364 dropped_delta=0 feature_valid=1 tonalness_valid=1 tonalness_proxy=3.650388 tonal_gate=pending_normal_only
2026-08-26T14:49:08.019+00:00	1466.140	DET 62 score=13474.166 lo=0 hi=2832.83325 led=1 anom=0 total_anom=0 hold=1 iznad praga (uzastopnih=0 nivo=-48.9 dBFS racun=716 ms)
2026-08-26T14:49:08.151+00:00	1466.281	FEATURE96 protocol=asd-research-v1.0.0 session=1 phase=DET window=62 window_start_ms=1455642 window_end_ms=1464910 score=13474.166 level_dbfs=-48.8695946 quality=OK tonalness_proxy=3.65038824 dims=96 fnv1a=53a6ee41 values=-10.3599253,-10.3599253,1.29682922,-10.3599253,-10.3599253,1.04985714,-10.3599253,1.31884575,-10.3599253,1.44139767,0.917332649,-10.3599253,0.886703491,1.28663158,1.34325314,-10.3599253,0.854300499,0.660663605,0.849731445,1.0101757,0.799189568,0.912938118,0.982018471,1.08447838,1.11176205,1.30432606,1.19050503,1.34172916,1.07261086,1.09382725,1.20343685,1.62385654,2.16602468,2.35776567,3.19096708,3.65038824,3.1295557,1.15534496,0.888936996,1.04703712,1.63988876,1.77660561,1.54762554,1.67625332,1.47549725,1.16430855,1.91393375,1.25554657,1.34453201,0.80384922,1.08849049,1.68692827,2.1771369,2.08133078,0.777994156,0.50639534,0.857216835,1.76610899,1.08133316,0.979428291,0.870040894,2.13597679,0.739603043,0.872200012,1.0338974,0.451015472,0.636450768,-0.0651264191,0.712194443,-0.0252275467,0.280638695,-0.139588356,0.62314415,0.144132614,-0.283054352,0.0184841156,-0.225046158,-0.0794916153,0.191468239,0.485726357,0.155562401,0.174659729,-0.00123882294,-0.0770998001,0.0886058807,0.171516418,0.401737213,0.586341858,0.548434258,0.134025574,-0.12884903,-0.111763954,0.101000786,0.416693687,0.0120344162,0.207065582
2026-08-26T14:49:08.256+00:00	1466.390	SUBSEG96 protocol=asd-research-v1.0.0 session=1 phase=DET window=62 group=1 segments=8 dims=96 fnv1a=2e37b6b2 values=-10.4582548,-10.4582548,1.29699135,-10.4582548,-10.4582548,1.16692829,-10.4582548,1.44939899,-10.4582548,1.62059593,0.953924179,-10.4582548,0.646658897,0.851391792,0.900089264,-10.4582548,0.421055794,0.326586723,0.39467907,0.568810463,0.212272644,0.369121552,0.716993332,0.806004524,0.764008522,1.00231838,0.449402809,0.85795784,0.916378975,1.01395321,1.26492119,1.91223335,2.61048174,2.83753395,3.75170231,3.86601686,3.10201883,1.43362045,0.849975586,0.576011658,1.79671288,2.04396057,1.76698971,1.81945753,1.52373505,1.30448914,2.17899323,1.53815651,1.49439144,0.817254066,0.783010483,1.87661028,2.67770624,2.38850546,0.929116249,0.560681343,1.09760571,2.23320484,1.37879372,0.872452736,1.28963757,2.06786823,0.971710205,1.28419304,1.29371834,0.700908661,0.957433701,0.188167572,1.06305504,0.0194396973,0.331672668,-0.104273796,0.590823174,0.0956811905,-0.356023788,-0.0157623291,-0.202783585,-0.114237785,0.112529755,0.445097923,0.140496254,0.0927991867,0.06848526,0.0193023682,0.081410408,0.0766067505,0.288968086,0.505020142,0.477746964,0.0748023987,-0.174725533,-0.193253517,0.0692987442,0.326120377,0.057507515,0.144806862
2026-08-26T14:49:08.268+00:00	1466.390	FLAGS protocol=asd-quality-v1.6.0 mode=OBSERVATION_HOLD state=OBSERVATION_HOLD waiting=0 learning=0 learned=1 anomaly=0 hold=1 fault=0 green=pulse_1s red=off guided25_available=1 workflow_pending=DEFAULT research_telemetry=1 profile_persistence_allowed=0 dropped=0
2026-08-26T14:49:08.386+00:00	1466.515	SUBSEG96 protocol=asd-research-v1.0.0 session=1 phase=DET window=62 group=2 segments=8 dims=96 fnv1a=c9c6fa5a values=-10.2741747,-10.2741747,1.62382793,-10.2741747,-10.2741747,1.14671993,-10.2741747,1.27756786,-10.2741747,1.50082111,1.19186878,-10.2741747,0.938318253,1.18134117,1.22540283,-10.2741747,1.05823803,0.678339958,0.855966568,0.925196648,0.720903397,0.820560455,1.24245167,1.29645061,1.15142918,1.37197113,0.871925354,1.1923275,1.10997963,0.584409714,0.691903114,1.1983614,1.40493584,1.21077442,1.6377058,3.59835243,3.19101477,1.13963795,0.863786697,1.45536613,1.66770554,1.76407337,1.86192989,1.69894886,0.922970772,1.23533154,2.20987701,1.41482449,1.48365593,0.886005402,1.24649906,1.67181969,1.89003181,2.21512032,0.834765434,0.459317207,0.436966896,1.66522217,0.939001083,1.04566193,0.4970541,2.29024124,0.665714264,0.919436455,1.26476192,0.397807121,0.867038727,-0.210709572,0.909371376,0.0533781052,0.419545174,-0.0606269836,0.69285202,0.231453896,-0.00990581512,0.161784172,-0.0802469254,0.0832414627,0.361221313,0.644865036,0.32619381,0.412685394,0.0772218704,0.0196304321,0.219231606,0.280855179,0.507211685,0.636239052,0.621030807,0.228527069,-0.025595665,-0.0895690918,0.160212517,0.438055992,0.0861101151,0.289345741
2026-08-26T14:49:08.494+00:00	1466.625	SUBSEG96 protocol=asd-research-v1.0.0 session=1 phase=DET window=62 group=3 segments=8 dims=96 fnv1a=8478adf6 values=-10.2778444,-10.2778444,1.10415077,-10.2778444,-10.2778444,0.803971291,-10.2778444,0.941707611,-10.2778444,1.14125061,0.853747368,-10.2778444,0.947478294,1.23125362,1.11788654,-10.2778444,0.594937325,0.423207283,0.251505852,0.496929169,0.58853817,0.758189201,1.17672253,1.15687275,1.17105389,1.33794975,1.57613182,1.02175999,0.834230423,1.08136177,1.42186737,1.66738605,2.13739967,2.32481575,2.45988607,3.56485271,3.21161461,0.886790276,0.699913979,1.12802792,1.31663322,1.8505249,1.50861645,2.00922537,2.02973318,1.44781399,1.80011606,1.09214687,1.64921474,0.915081024,1.5051136,2.03718042,1.74157667,1.96877337,0.92602253,0.638830185,1.15234184,1.35179806,1.16252804,1.32012558,0.607648849,2.19550276,1.00727272,0.58847332,1.07493687,0.645831108,0.401495934,0.112857819,0.326562881,0.136378288,0.42185688,-0.0981254578,0.735765457,0.174884796,-0.234827995,0.0423545837,-0.194141388,-0.00708198547,0.300491333,0.55914402,0.296390533,0.316282272,0.0797262192,-0.0829162598,0.155720711,0.293858528,0.445579529,0.717809677,0.635792732,0.167060852,-0.0802202225,-0.00762176514,0.185627937,0.439783096,0.0100708008,0.315769196
2026-08-26T14:49:08.601+00:00	1466.734	SUBSEG96 protocol=asd-research-v1.0.0 session=1 phase=DET window=62 group=4 segments=7 dims=96 fnv1a=409c1495 values=-10.178462,-10.178462,1.20817184,-10.178462,-10.178462,1.26788616,-10.178462,1.69807529,-10.178462,1.66126347,1.05583572,-10.178462,0.986002922,1.53079319,1.74004364,-10.178462,1.35994148,1.29707909,1.55705261,1.71651363,1.48227596,1.59863567,1.14010239,1.4086895,1.56060886,1.5404501,1.64679909,1.63208675,1.36107826,1.6692667,1.61580276,1.87401247,1.89342403,1.70175266,1.46863937,3.71278238,3.25911474,1.36085796,1.45325565,1.03241062,1.89578152,1.63573265,1.01896954,1.38872623,0.73080349,0.779049873,1.13471889,1.01575756,0.639475822,0.953757286,0.941226006,0.967660904,0.802745819,1.69458675,0.754570961,0.604773521,0.64914608,0.745279312,0.895251274,0.976511002,0.629490852,2.27208662,0.255440712,0.0286598206,0.224918365,0.154885292,0.0117292404,-0.316287994,0.133103371,-0.0106201172,0.215130806,-0.0703296661,0.736280441,0.337379456,-0.236092567,0.152338982,-0.168676376,0.0194644928,0.244408607,0.542639732,0.128559113,0.183896065,0.0536298752,-0.0367593765,0.164112091,0.296171188,0.603577614,0.676218033,0.711546898,0.329608917,-0.0262441635,0.0966253281,0.230540276,0.678124428,0.157851219,0.308832169
2026-08-26T14:49:08.708+00:00	1466.828	SUBSEG96 protocol=asd-research-v1.0.0 session=1 phase=DET window=62 group=5 segments=7 dims=96 fnv1a=58f6c9e1 values=-10.0069418,-10.0069418,1.58383751,-10.0069418,-10.0069418,1.2804966,-10.0069418,1.49525833,-10.0069418,1.58760452,0.851460457,-10.0069418,1.45231915,1.97772026,1.9955163,-10.0069418,1.09353828,0.603721619,0.781787872,1.06177807,0.866189003,0.87313652,1.0446682,1.24271202,1.37956905,1.82197189,1.27269363,2.10214472,1.62429905,1.18658161,0.903393745,0.852290154,1.12686253,0.836389542,0.71942997,3.8512578,3.47044563,0.882983208,0.556117058,1.28392601,1.85944748,1.55594063,0.674024582,0.880217552,0.576481819,0.925729752,1.25899029,1.08409405,0.569535255,0.979549408,1.07628632,0.814498901,1.02355671,1.82238579,0.705656052,0.790612221,0.694281578,0.868330002,0.96588707,1.02128029,0.790470123,2.43311882,0.441391945,0.203302383,0.307358742,0.176934242,0.0865297318,-0.115558624,0.304680824,0.148844719,0.445936203,0.184505463,0.938098907,0.477872849,-0.106160164,0.327414513,0.0548334122,0.174604416,0.492355347,0.792525291,0.370364189,0.330629349,0.217922211,0.184884071,0.378079414,0.497058868,0.768633842,0.979690552,0.895466805,0.468396187,0.24822998,0.235485077,0.447075844,0.803048134,0.300321579,0.562444687
2026-08-26T14:49:08.712+00:00	1466.843	EVENT protocol=asd-quality-v1.6.0 type=OBSERVATION_HOLD_WARNING state=OBSERVATION_HOLD phase=DET reason=LONG_OBSERVATION_HOLD event=NONE capability=AVAILABLE level=DEVIATION
2026-08-26T14:49:13.198+00:00	1471.328	FLAGS protocol=asd-quality-v1.6.0 mode=OBSERVATION_HOLD state=OBSERVATION_HOLD waiting=0 learning=0 learned=1 anomaly=0 hold=1 fault=0 green=pulse_1s red=off guided25_available=1 workflow_pending=DEFAULT research_telemetry=1 profile_persistence_allowed=0 dropped=0
2026-08-26T14:49:17.983+00:00	1476.109	QUALITY protocol=asd-quality-v1.6.0 phase=DET index=63 total=0 result=OK metrics_valid=1 samples=159744 expected=159744 rms_dbfs=-49.967 dc=-0.511 peak=494 clipped=0 zeros=680 stuck=382 dropped_delta=0 feature_valid=1 tonalness_valid=1 tonalness_proxy=3.862763 tonal_gate=pending_normal_only
2026-08-26T14:49:18.131+00:00	1476.265	DET 63 score=1506.78857 lo=0 hi=2832.83325 led=1 anom=0 total_anom=0 hold=0 normal (uzastopnih=0 nivo=-50.0 dBFS racun=716 ms)
2026-08-26T14:49:18.145+00:00	1476.265	FEATURE96 protocol=asd-research-v1.0.0 session=1 phase=DET window=63 window_start_ms=1465632 window_end_ms=1474884 score=1506.78857 level_dbfs=-49.9672623 quality=OK tonalness_proxy=3.8627634 dims=96 fnv1a=03ea1183 values=-10.0000601,-10.0000601,1.28910923,-10.0000601,-10.0000601,1.21348858,-10.0000601,1.58898258,-10.0000601,1.61871815,1.15755653,-10.0000601,1.12814903,1.79855251,1.93103695,-10.0000601,1.31519222,0.820743561,0.977301598,0.966540337,0.989343643,0.827297211,0.744029999,0.938501358,1.17833614,1.41456699,0.871840477,1.33437061,1.11268616,1.13635254,1.12357044,1.3761158,1.46908474,1.28811646,1.26082039,3.8627634,3.48677349,1.10263634,0.716907501,0.813919067,1.27982426,1.35160637,0.919707298,1.02541733,0.794142723,1.00877571,1.32428169,1.11262512,0.846443176,0.940410614,1.04296875,0.986573219,0.939006805,1.84975719,0.802676201,0.706515312,0.698101044,0.947054863,1.07898521,1.14314556,0.747490883,2.46089697,0.389616013,0.166885376,0.391354561,0.363600731,0.116179466,-0.0918779373,0.261845589,0.265264511,0.475333214,0.161931992,0.926391602,0.440340996,-0.0788316727,0.281972885,0.0698747635,0.226023674,0.452360153,0.662502289,0.32903862,0.339031219,0.226509094,0.222811699,0.413653374,0.474855423,0.744563103,0.925375938,0.892406464,0.473936081,0.195786476,0.251454353,0.464374542,0.764800072,0.353989601,0.587315559
2026-08-26T14:49:18.150+00:00	1476.281	FLAGS protocol=asd-quality-v1.6.0 mode=READY state=CALIBRATED_NORMAL waiting=0 learning=0 learned=1 anomaly=0 hold=0 fault=0 green=on red=off guided25_available=1 workflow_pending=DEFAULT research_telemetry=1 profile_persistence_allowed=0 dropped=0
2026-08-26T14:49:18.249+00:00	1476.375	SUBSEG96 protocol=asd-research-v1.0.0 session=1 phase=DET window=63 group=1 segments=8 dims=96 fnv1a=e6f4a34d values=-10.0080538,-10.0080538,0.915822983,-10.0080538,-10.0080538,1.14698601,-10.0080538,1.71997738,-10.0080538,1.83432674,1.29820824,-10.0080538,1.1906538,2.08076191,2.35381794,-10.0080538,1.70340633,1.0558567,1.22369957,1.24486637,0.956326485,1.07832336,0.965852737,0.903549194,1.03707695,1.43938255,0.807294846,0.970527649,0.710337639,0.915225983,0.961185455,1.22397804,1.26620865,1.0357914,0.966176987,3.80468559,3.58533096,0.983080864,0.782471657,0.834712982,1.23346138,1.26198769,0.795081139,0.996155739,0.77218914,0.996196747,1.4145155,1.11776066,0.890949249,1.02063751,1.04218197,1.0828886,0.876547813,1.7611351,0.840200424,0.712698936,0.826370239,1.00222015,1.0373497,1.15360355,0.733565331,2.44566488,0.427763939,0.133447647,0.362306595,0.421040535,0.0177230835,-0.0689477921,0.220496178,0.324292183,0.451094627,0.163478851,0.991145134,0.449417114,-0.0902833939,0.298541069,0.000915527344,0.227424622,0.474657059,0.603158951,0.290513039,0.360886574,0.224370003,0.296556473,0.45674324,0.382606506,0.735369682,0.963057518,0.858460426,0.466360092,0.175839424,0.242710114,0.520314217,0.76688385,0.353778839,0.552994728
2026-08-26T14:49:18.357+00:00	1476.484	SUBSEG96 protocol=asd-research-v1.0.0 session=1 phase=DET window=63 group=2 segments=8 dims=96 fnv1a=f22b4408 values=-10.030467,-10.030467,1.24757957,-10.030467,-10.030467,1.26464367,-10.030467,1.74692154,-10.030467,1.70292759,1.21667862,-10.030467,1.15784264,1.86520195,1.7577076,-10.030467,1.09840965,0.621279716,1.07530689,0.9649086,0.957814217,0.665998459,0.736124992,1.00256157,1.24860191,1.40784454,1.06435204,1.70413303,1.35108757,1.41317272,1.36927319,1.35026264,1.47887707,1.65434074,1.60785103,3.79448223,3.47795868,1.43418026,0.882572174,0.862291336,1.15783215,1.54006767,0.830296516,0.935576439,0.83956337,0.90262413,1.33728409,1.03092194,0.802326202,0.891002655,0.906932831,0.888257027,0.973232269,1.76681614,0.664722443,0.65327549,0.662638664,0.909546852,1.0203619,1.07334614,0.600137711,2.45114088,0.419942856,0.149045944,0.352966309,0.237768173,0.10743618,-0.120192528,0.177675247,0.252407074,0.466129303,0.0910930634,0.989672661,0.413860321,-0.147292137,0.217865944,0.0539312363,0.173624039,0.42214489,0.662379265,0.331721306,0.325543404,0.206165314,0.215527534,0.350801468,0.459075928,0.713609695,0.99005127,0.855808258,0.456923485,0.171326637,0.197037697,0.440605164,0.661495209,0.314115524,0.612225533
2026-08-26T14:49:18.462+00:00	1476.593	SUBSEG96 protocol=asd-research-v1.0.0 session=1 phase=DET window=63 group=3 segments=8 dims=96 fnv1a=1cb72f49 values=-9.97932911,-9.97932911,1.49457836,-9.97932911,-9.97932911,1.33945465,-9.97932911,1.58957863,-9.97932911,1.49983692,1.09656429,-9.97932911,1.07979584,1.7393198,1.77656269,-9.97932911,1.0436058,0.839542389,0.908197403,0.811905861,1.1086235,0.871505737,0.707842827,0.782946587,1.10427094,1.44078732,0.830498695,1.44067097,1.17924118,1.0016613,1.01536751,1.47567081,1.55780411,1.23810196,1.18488789,3.8761797,3.51385927,0.984184265,0.636174202,0.613744736,1.31626987,1.19350052,0.93838501,1.17564297,0.774949074,1.06071472,1.20257187,1.06191635,0.732048035,1.01267529,0.949241638,1.00715637,1.00184345,1.94558525,0.920245171,0.717713356,0.647904396,0.929753304,1.11344242,1.21914673,0.792648315,2.47021484,0.331467628,0.125423431,0.434321404,0.449602127,0.161964417,-0.0738143921,0.28549099,0.28606987,0.486811638,0.177202225,1.00272942,0.463704109,-0.0390892029,0.328964233,0.123408318,0.228448868,0.453757286,0.737321854,0.352027893,0.294701576,0.24790287,0.154783249,0.405920029,0.517905235,0.793595314,0.959560394,0.936551094,0.54641819,0.210598946,0.242100716,0.489607811,0.726238251,0.371665001,0.654594421
2026-08-26T14:49:18.568+00:00	1476.687	SUBSEG96 protocol=asd-research-v1.0.0 session=1 phase=DET window=63 group=4 segments=7 dims=96 fnv1a=60a86270 values=-9.94624996,-9.94624996,1.43960667,-9.94624996,-9.94624996,1.07448196,-9.94624996,1.38600636,-9.94624996,1.36554432,0.913873672,-9.94624996,1.02903843,1.37191677,1.18868446,-9.94624996,0.926345825,0.83422184,0.868393898,0.955280304,1.15519428,0.879484177,0.520690918,1.07917595,1.23231411,1.08973503,0.620306969,0.821507454,1.12785912,1.29641056,1.09193039,1.63772869,1.67922688,1.11815071,1.22190762,3.94220591,3.46867847,0.91263485,0.602180481,0.835450172,1.30939388,1.35982609,1.06442547,1.12522507,0.822584152,1.12146664,1.27949524,1.2238512,0.891057014,0.839914322,1.20994473,1.00933838,0.943579674,1.96635056,0.788650513,0.688842773,0.704005241,1.03059769,1.20261383,1.23371792,0.798044205,2.52605915,0.359507561,0.298402786,0.47251606,0.420910835,0.190716743,-0.0523691177,0.403674126,0.264530182,0.542236328,0.236542702,0.858672142,0.466605186,-0.00269317627,0.330905914,0.111169815,0.216269493,0.48588562,0.700276375,0.388385773,0.415448189,0.255141258,0.234145164,0.469067574,0.545119286,0.798098564,0.900206566,0.938191414,0.511000633,0.279874802,0.366556168,0.451226234,0.876527786,0.406246185,0.605858803
2026-08-26T14:49:18.675+00:00	1476.797	SUBSEG96 protocol=asd-research-v1.0.0 session=1 phase=DET window=63 group=5 segments=7 dims=96 fnv1a=c1dd2e59 values=-9.9311161,-9.9311161,1.2738018,-9.9311161,-9.9311161,1.26156902,-9.9311161,1.30785656,-9.9311161,1.5366087,1.21051693,-9.9311161,1.23603916,1.55646706,1.77907562,-9.9311161,1.33589077,0.671311378,0.394033432,0.608130455,0.740887642,0.381280899,0.690443039,0.985608101,1.33632851,1.63381958,0.953660011,0.994474411,1.00147915,0.729279518,1.09489536,1.11686325,1.36760426,0.913964272,0.92077446,4.0029335,3.43635941,0.883213043,0.628881454,0.969814301,1.47134876,1.39013195,1.06306553,0.934494019,0.852201462,1.06204987,1.43951797,1.2324295,1.00003433,0.985502243,1.18918037,1.02145004,0.982069969,1.89760494,0.864412308,0.853619576,0.705897331,0.952813148,1.12380695,1.11845493,0.905153275,2.51499271,0.486268997,0.230599403,0.437952995,0.360006332,0.202029228,-0.0454263687,0.324316025,0.278689384,0.534731865,0.248504639,0.776678085,0.508552551,-0.00943756104,0.33262825,0.159889221,0.379461288,0.526626587,0.699730873,0.384002686,0.398691177,0.300753593,0.294033051,0.486236572,0.570543289,0.781181335,0.853973389,0.977331161,0.475503922,0.246338844,0.315312386,0.502786636,0.895557404,0.429637909,0.591097832
2026-08-26T14:49:18.678+00:00	1476.812	STATE protocol=asd-quality-v1.6.0 from=OBSERVATION_HOLD to=CALIBRATED_NORMAL reason=OBSERVATION_RESUMED
2026-08-26T14:49:18.689+00:00	1476.812	EVENT protocol=asd-quality-v1.6.0 type=OBSERVATION_RESUMED state=CALIBRATED_NORMAL phase=DET reason=OBSERVATION_RESUMED event=NONE capability=AVAILABLE level=DEVIATION
2026-08-26T14:49:23.016+00:00	1481.140	FLAGS protocol=asd-quality-v1.6.0 mode=READY state=CALIBRATED_NORMAL waiting=0 learning=0 learned=1 anomaly=0 hold=0 fault=0 green=on red=off guided25_available=1 workflow_pending=DEFAULT research_telemetry=1 profile_persistence_allowed=0 dropped=0
2026-08-26T14:49:27.957+00:00	1486.078	QUALITY protocol=asd-quality-v1.6.0 phase=DET index=64 total=0 result=OK metrics_valid=1 samples=159744 expected=159744 rms_dbfs=-49.716 dc=-0.457 peak=407 clipped=0 zeros=625 stuck=402 dropped_delta=0 feature_valid=1 tonalness_valid=1 tonalness_proxy=3.913457 tonal_gate=pending_normal_only
2026-08-26T14:49:28.082+00:00	1486.203	DET 64 score=1686.65137 lo=0 hi=2832.83325 led=1 anom=0 total_anom=0 hold=0 normal (uzastopnih=0 nivo=-49.7 dBFS racun=716 ms)
2026-08-26T14:49:28.098+00:00	1486.218	FEATURE96 protocol=asd-research-v1.0.0 session=1 phase=DET window=64 window_start_ms=1475612 window_end_ms=1484858 score=1686.65137 level_dbfs=-49.7158089 quality=OK tonalness_proxy=3.91345739 dims=96 fnv1a=57272770 values=-9.99185276,-9.99185276,1.35529518,-9.99185276,-9.99185276,1.12887955,-9.99185276,1.29037285,-9.99185276,1.32362556,0.893509865,-9.99185276,0.958385468,1.55170441,1.64479733,-9.99185276,1.10081196,0.7339468,0.848778725,0.99230957,0.848435402,0.656573296,0.831900597,1.05362415,1.3040123,1.70775604,1.51788425,1.68115711,1.32842445,1.31087303,1.10404491,1.38967896,1.42047024,1.13776207,1.06798458,3.91345739,3.49198246,1.0152874,0.815965652,0.742887497,1.4597435,1.49176693,0.924313545,1.10731125,0.7270298,0.983198166,1.36525345,1.04074383,0.73039341,0.969634056,1.06629372,1.00959015,0.928111076,1.90066433,0.887475967,0.685842514,0.626308441,0.910274506,1.03880787,1.17640209,0.789357185,2.52017498,0.420978546,0.177593231,0.379154205,0.334445,0.125631332,-0.085644722,0.257703781,0.31707859,0.497554779,0.17663002,0.872974396,0.498783112,-0.06001091,0.306240082,0.0696983337,0.213009834,0.442040443,0.778499603,0.309376717,0.334640503,0.194406509,0.17773056,0.424173355,0.495319366,0.773010254,0.894337654,0.904409409,0.464500427,0.230234146,0.281320572,0.4871912,0.760943413,0.374596596,0.604995728
2026-08-26T14:49:28.105+00:00	1486.234	FLAGS protocol=asd-quality-v1.6.0 mode=READY state=CALIBRATED_NORMAL waiting=0 learning=0 learned=1 anomaly=0 hold=0 fault=0 green=on red=off guided25_available=1 workflow_pending=DEFAULT research_telemetry=1 profile_persistence_allowed=0 dropped=0
2026-08-26T14:49:28.223+00:00	1486.343	SUBSEG96 protocol=asd-research-v1.0.0 session=1 phase=DET window=64 group=1 segments=8 dims=96 fnv1a=aaa3c8f3 values=-9.9625082,-9.9625082,1.34176636,-9.9625082,-9.9625082,0.915855408,-9.9625082,1.17718983,-9.9625082,1.17866421,0.913445473,-9.9625082,1.03957081,0.919675827,1.21769333,-9.9625082,0.980956078,0.647994041,0.832824707,0.897316933,0.687818527,0.496346474,0.358437538,0.91950798,1.30726814,1.76173782,1.2883215,1.35930061,1.56510448,1.32632446,1.22599697,1.47250557,1.42990685,0.987565994,1.21379089,3.91066885,3.61210155,1.05971146,0.906042099,0.805012703,1.6254158,1.53450108,0.946501732,0.978981018,0.828982353,0.993617058,1.41302013,1.12382984,0.724276543,0.940062523,1.08856583,1.11394501,0.981630325,1.90208244,0.941858292,0.719845772,0.601922035,0.946358681,1.15112782,1.25664234,0.752251625,2.49616575,0.492858887,0.304842949,0.38668251,0.299786568,0.21615696,-0.00173664093,0.243650436,0.382599831,0.566307068,0.207043648,1.05925465,0.515740395,0.00414276123,0.289999008,0.140746117,0.205604553,0.482358932,0.810155869,0.292210579,0.412506104,0.237811089,0.250230789,0.440246582,0.532017708,0.794641495,0.996994972,0.903528214,0.511256218,0.253397942,0.297839165,0.536643028,0.757151604,0.395957947,0.663252831
2026-08-26T14:49:28.331+00:00	1486.453	SUBSEG96 protocol=asd-research-v1.0.0 session=1 phase=DET window=64 group=2 segments=8 dims=96 fnv1a=2ddb3cf0 values=-10.0853615,-10.0853615,1.39566326,-10.0853615,-10.0853615,1.19946575,-10.0853615,1.510602,-10.0853615,1.58694363,0.954932213,-10.0853615,1.05933571,1.95674038,2.07794046,-10.0853615,1.40642738,0.847933769,1.05778217,1.26892948,1.04536438,0.828400612,0.969400406,1.10461903,1.40066051,1.77195263,1.85042095,2.14019728,1.51320648,1.65363312,1.33300018,1.51185226,1.2487669,1.44342518,1.18938065,3.80979872,3.36689091,1.04455662,0.921278954,0.745990753,1.25494671,1.53016758,1.02169514,1.2271986,0.85008812,0.945737839,1.27229023,0.993330956,0.66136837,0.991476059,0.977950096,0.942708015,0.728346825,1.86526871,0.862354279,0.573988914,0.482664108,0.82667923,0.817723274,1.06727505,0.74612236,2.50632524,0.303604126,0.0448465347,0.294398308,0.272118568,0.0703115463,-0.10496521,0.148358345,0.206888199,0.465190887,0.119172096,0.778238297,0.3738451,-0.168579102,0.201515198,-0.0554618835,0.0814638138,0.366841316,0.767132759,0.238726616,0.252533913,0.0282678604,0.0773525238,0.321139336,0.360186577,0.696445465,0.778567314,0.835242271,0.333816528,0.124032974,0.210979462,0.383500099,0.706823349,0.29925251,0.509833336
2026-08-26T14:49:28.436+00:00	1486.562	SUBSEG96 protocol=asd-research-v1.0.0 session=1 phase=DET window=64 group=3 segments=8 dims=96 fnv1a=88826175 values=-9.88879776,-9.88879776,1.10179996,-9.88879776,-9.88879776,1.13073635,-9.88879776,1.11243439,-9.88879776,1.124259,1.00801659,-9.88879776,1.02176571,1.19194508,1.04248524,-9.88879776,0.881440163,0.570326805,0.681157112,0.690402031,0.606836319,0.377669334,0.61301899,0.786153793,1.26268005,1.25293636,1.18848133,1.19668198,1.026618,0.873930931,0.779327393,1.42214966,1.502491,0.958067894,0.832641602,4.03370333,3.55566692,1.12417221,0.81439209,0.886262894,1.56703663,1.58656883,0.9008255,1.13500595,0.554297447,1.2590847,1.31562996,1.11493397,0.777563095,1.02616978,1.04305077,1.04462433,1.03990173,2.01264954,0.943491936,0.75888443,0.831624031,1.01173973,0.997244835,1.24737263,0.888237,2.60104847,0.439947128,0.256070137,0.544353485,0.452432632,0.193410873,-0.0522794724,0.3850317,0.407901764,0.610686302,0.291293144,0.913671494,0.601486206,0.0263433456,0.48428154,0.185846329,0.332592964,0.489877701,0.896101952,0.438506126,0.393826485,0.304706573,0.279020309,0.503944397,0.622447968,0.864384651,0.965475082,1.01869488,0.597997665,0.299167633,0.391359329,0.619058609,0.870271683,0.479603767,0.694941521
2026-08-26T14:49:28.545+00:00	1486.672	SUBSEG96 protocol=asd-research-v1.0.0 session=1 phase=DET window=64 group=4 segments=7 dims=96 fnv1a=c9c69fc5 values=-9.95758724,-9.95758724,1.55199242,-9.95758724,-9.95758724,1.22635269,-9.95758724,1.42053223,-9.95758724,1.47604561,0.769855499,-9.95758724,0.74649334,1.33030415,1.3557682,-9.95758724,1.0568018,0.967240334,0.953292847,0.80629921,0.782567024,0.86329174,0.930183411,0.930792809,1.30081177,1.87230206,1.34402943,1.19062519,1.00318813,0.99935627,0.832304001,1.21646309,1.66073799,0.975198746,0.910844803,3.96395206,3.49548674,0.962493896,0.796021461,0.757423401,1.54827785,1.48796558,0.87720871,1.11694145,0.794109344,0.921895981,1.50894642,1.0145874,0.726687431,1.05872059,1.18135262,0.900449753,1.02377033,1.945858,0.84813118,0.624535561,0.644896507,1.0133276,1.19188404,1.17261219,0.838684082,2.56609488,0.407546043,0.252953529,0.344617844,0.395422935,0.109708786,-0.115602493,0.270379066,0.351126671,0.466000557,0.159703255,0.790558815,0.550297737,-0.0408849716,0.35084343,0.0568742752,0.299725533,0.475398064,0.765507698,0.359980583,0.363427162,0.233634949,0.175749779,0.485631943,0.52705574,0.853387833,0.895266533,0.905243874,0.489161491,0.249419212,0.338114738,0.578856468,0.795609474,0.418718338,0.645176888
2026-08-26T14:49:28.650+00:00	1486.781	SUBSEG96 protocol=asd-research-v1.0.0 session=1 phase=DET window=64 group=5 segments=7 dims=96 fnv1a=5b0a49fb values=-9.91577148,-9.91577148,1.37647247,-9.91577148,-9.91577148,1.2240591,-9.91577148,0.975383759,-9.91577148,0.660222054,0.877486229,-9.91577148,0.904905319,1.42617893,1.40755177,-9.91577148,0.749785423,0.517199516,0.425942421,0.991812706,0.984863281,0.527012825,1.06049824,1.40079212,1.30678368,1.74270248,1.44479752,1.14905167,1.129076,1.010499,1.02000427,1.28951359,1.33325386,0.974159241,1.09432411,3.99970484,3.56013823,0.967838287,0.613814354,0.566290855,1.37630558,1.39004517,0.928564072,1.11787128,0.512291908,0.783731461,1.44187355,1.08289623,0.901658058,0.937170029,1.17928886,1.14982224,1.00745773,1.91039276,0.968090057,0.878793716,0.697861671,0.883041382,1.1399231,1.27924347,0.86436367,2.56555367,0.593518257,0.142066002,0.456718445,0.396450996,0.165669441,-0.0359725952,0.38779068,0.382623672,0.494001389,0.243273735,0.900503159,0.605192184,0.0250749588,0.33826828,0.159843445,0.295928955,0.543462753,0.76845932,0.361002922,0.391561508,0.314902306,0.246474266,0.523191452,0.582378387,0.79992485,0.97120285,1.00378513,0.534412384,0.374331474,0.311096191,0.439858437,0.818349838,0.425603867,0.656935692
2026-08-26T14:49:33.035+00:00	1491.156	FLAGS protocol=asd-quality-v1.6.0 mode=READY state=CALIBRATED_NORMAL waiting=0 learning=0 learned=1 anomaly=0 hold=0 fault=0 green=on red=off guided25_available=1 workflow_pending=DEFAULT research_telemetry=1 profile_persistence_allowed=0 dropped=0
2026-08-26T14:49:37.931+00:00	1496.062	QUALITY protocol=asd-quality-v1.6.0 phase=DET index=65 total=0 result=OK metrics_valid=1 samples=159744 expected=159744 rms_dbfs=-49.732 dc=-0.475 peak=411 clipped=0 zeros=664 stuck=337 dropped_delta=0 feature_valid=1 tonalness_valid=1 tonalness_proxy=3.970341 tonal_gate=pending_normal_only
2026-08-26T14:49:38.057+00:00	1496.187	DET 65 score=1637.42285 lo=0 hi=2832.83325 led=1 anom=0 total_anom=0 hold=0 normal (uzastopnih=0 nivo=-49.7 dBFS racun=716 ms)
2026-08-26T14:49:38.073+00:00	1496.203	FEATURE96 protocol=asd-research-v1.0.0 session=1 phase=DET window=65 window_start_ms=1485562 window_end_ms=1494832 score=1637.42285 level_dbfs=-49.7324448 quality=OK tonalness_proxy=3.97034073 dims=96 fnv1a=49a792ff values=-9.96906567,-9.96906567,0.936514854,-9.96906567,-9.96906567,0.938126564,-9.96906567,1.22390366,-9.96906567,1.27921581,0.82318306,-9.96906567,0.973473549,1.38377953,1.49158573,-9.96906567,1.04333305,0.677993774,0.790032387,0.841374397,0.736773491,0.647194862,1.00622749,1.11175156,1.43656826,1.85797977,1.49843693,1.20504856,0.816454887,1.12108231,1.40961838,1.75022507,1.46500683,1.20336056,1.19340515,3.97034073,3.45629025,1.16038227,0.819093704,0.932423592,1.35644531,1.31415462,0.851896286,1.15877628,0.737150192,0.935061455,1.33013248,1.0390501,0.803492546,0.986000061,1.0389967,1.07824039,1.00625706,1.96705532,0.923192024,0.761455536,0.757441521,0.910365105,1.13132095,1.17679882,0.840744972,2.54171801,0.459638596,0.217896461,0.396878242,0.352097511,0.131744385,-0.0672769547,0.270977974,0.281578064,0.527435303,0.217335701,0.883127213,0.469314575,-0.0516195297,0.269482613,0.0689296722,0.243283272,0.463939667,0.746858597,0.36382103,0.393548965,0.263242722,0.239506721,0.449333191,0.501692772,0.778670311,0.840389252,0.928155899,0.488862038,0.205899239,0.298348427,0.507826805,0.781462669,0.437664032,0.546465874
2026-08-26T14:49:38.081+00:00	1496.203	FLAGS protocol=asd-quality-v1.6.0 mode=READY state=CALIBRATED_NORMAL waiting=0 learning=0 learned=1 anomaly=0 hold=0 fault=0 green=on red=off guided25_available=1 workflow_pending=DEFAULT research_telemetry=1 profile_persistence_allowed=0 dropped=0
2026-08-26T14:49:38.199+00:00	1496.328	SUBSEG96 protocol=asd-research-v1.0.0 session=1 phase=DET window=65 group=1 segments=8 dims=96 fnv1a=a1e616fb values=-9.95054722,-9.95054722,0.995674133,-9.95054722,-9.95054722,0.839972496,-9.95054722,1.06590271,-9.95054722,0.917933464,0.696728706,-9.95054722,0.969211578,1.31690311,1.38548946,-9.95054722,0.874023438,0.574853897,0.857172012,0.784826279,0.889296532,0.714880943,1.11818504,1.17235851,1.40743446,1.9593277,1.96238899,1.5533123,0.814860344,0.868247986,1.01715374,1.23765659,1.51082134,1.08987617,1.07625961,3.97924185,3.49876547,1.44645977,1.19159603,0.839038849,1.40724277,1.28827667,0.796517372,1.02435207,0.774802208,0.966007233,1.27005672,1.01278973,0.883000374,0.968962669,0.926276207,1.03203869,0.990164757,1.96793652,0.913685799,0.809140205,0.771157265,0.911663055,1.1214323,1.10044575,0.813995361,2.57045746,0.499402046,0.232961655,0.405002594,0.421340942,0.120869637,-0.0926589966,0.239855766,0.365820885,0.55921936,0.239458084,0.935444832,0.528864861,-0.023276329,0.279536247,0.0791215897,0.253839493,0.474673271,0.752531052,0.353426933,0.452291489,0.302479744,0.247835159,0.479902267,0.530352592,0.832325935,0.886637688,0.953401566,0.522069931,0.22594738,0.343284607,0.533734322,0.74937439,0.406830788,0.566283226
2026-08-26T14:49:38.306+00:00	1496.437	SUBSEG96 protocol=asd-research-v1.0.0 session=1 phase=DET window=65 group=2 segments=8 dims=96 fnv1a=dc4601b6 values=-10.0264959,-10.0264959,0.981496811,-10.0264959,-10.0264959,0.952339172,-10.0264959,1.34951973,-10.0264959,1.37413406,0.939867973,-10.0264959,1.21176529,1.64437199,1.83205509,-10.0264959,1.40805149,0.86789608,0.716414452,0.827435493,0.863619804,0.770133972,1.1069231,1.32590866,1.43797016,1.95248032,1.46401215,1.34630585,0.915563583,1.54868507,1.85168552,2.23010206,1.50686073,1.33071423,1.32227039,3.89535761,3.46663666,1.17951965,0.588796616,1.12515926,1.22268677,1.15998173,0.68893528,0.916355133,0.505321503,0.863394737,1.31665516,0.937065125,0.45770359,1.05081844,1.02017212,1.0696516,0.956272125,1.85904217,0.864601135,0.75568676,0.751954079,0.838747025,1.09757042,1.20949745,0.76103878,2.47084999,0.383015633,0.170050621,0.306847572,0.316373825,0.0923309326,-0.0770902634,0.297855377,0.26656723,0.491754532,0.149276733,0.946652412,0.402894974,-0.1434021,0.220831871,-0.0308198929,0.178087234,0.427387238,0.68547821,0.269408226,0.310590744,0.216352463,0.121846199,0.350126266,0.454906464,0.686310768,0.921110153,0.828428268,0.442180634,0.158869743,0.20018959,0.452903748,0.698248863,0.373962402,0.534186363
2026-08-26T14:49:38.414+00:00	1496.547	SUBSEG96 protocol=asd-research-v1.0.0 session=1 phase=DET window=65 group=3 segments=8 dims=96 fnv1a=08113dd2 values=-9.91755867,-9.91755867,0.857714653,-9.91755867,-9.91755867,1.21948719,-9.91755867,1.15140438,-9.91755867,0.999446869,0.557780266,-9.91755867,0.722997665,1.06520176,0.776625633,-9.91755867,0.42924881,0.564333916,0.84291935,0.947164536,0.473402023,0.663517952,0.90288353,0.983401299,1.42926121,1.76871967,1.03777885,0.781731606,0.895149231,0.864570618,1.0128746,1.53393555,1.52143097,1.35818481,1.3006897,4.02861786,3.49156332,0.989447594,0.801375389,0.942760468,1.43027496,1.51234055,1.01178932,1.45156097,0.81735611,1.03331184,1.2994585,1.04402733,0.864725113,1.09064388,1.13416672,1.16121483,1.13313389,2.03927898,0.931510925,0.816122055,0.832147598,0.90503788,1.19452095,1.18046665,0.965118408,2.6245451,0.430556297,0.342684746,0.506533623,0.434926033,0.170417786,-0.0350704193,0.306452751,0.379803658,0.625674248,0.287799835,0.899852753,0.524157524,0.0124044418,0.329010963,0.167941093,0.251955986,0.526206017,0.818428993,0.490133286,0.428079605,0.310750961,0.299271584,0.543002129,0.572762489,0.800430298,0.839874268,1.00792408,0.57267952,0.254473686,0.334726334,0.569060326,0.852416039,0.481969833,0.614670753
2026-08-26T14:49:38.521+00:00	1496.640	SUBSEG96 protocol=asd-research-v1.0.0 session=1 phase=DET window=65 group=4 segments=7 dims=96 fnv1a=aee171fa values=-9.93519878,-9.93519878,0.968657494,-9.93519878,-9.93519878,0.901638985,-9.93519878,1.27960587,-9.93519878,1.40030289,0.901408195,-9.93519878,0.870806694,1.2085762,1.37096691,-9.93519878,0.822049141,0.665088654,1.00209618,1.05516529,0.683452606,0.342833519,0.851666451,0.96091938,1.57351017,1.88882828,1.26554108,0.937412262,0.768759727,0.720890999,1.34076309,1.38216209,1.501297,1.22720814,1.26037216,4.02303648,3.42800856,1.05194092,0.650686264,0.995322227,1.51529598,1.42538548,0.904566765,1.17200851,0.839139938,0.777749062,1.45728874,1.18856525,0.863865852,0.974804878,0.989315987,1.21017265,0.990584373,2.02167892,0.989758492,0.758998871,0.786839485,0.989292145,1.08921242,1.27838135,0.858416557,2.55153942,0.544272423,0.231838226,0.4251194,0.342220306,0.191941261,0.0379581451,0.257395744,0.201118469,0.502318382,0.217543602,0.84659481,0.481494904,0.0142536163,0.329674721,0.110159874,0.32614994,0.538103104,0.776540756,0.389897346,0.396345139,0.286241531,0.302480698,0.440758705,0.510036469,0.831318855,0.749340057,0.942631721,0.473909378,0.190878868,0.327792168,0.558991432,0.78121376,0.476981163,0.514250755
2026-08-26T14:49:38.628+00:00	1496.750	SUBSEG96 protocol=asd-research-v1.0.0 session=1 phase=DET window=65 group=5 segments=7 dims=96 fnv1a=3ce049a0 values=-9.88231373,-9.88231373,0.969799995,-9.88231373,-9.88231373,0.644483566,-9.88231373,1.31708431,-9.88231373,1.56281948,1.00514603,-9.88231373,0.955511093,1.47375584,1.49086094,-9.88231373,1.0663538,0.702184677,0.473926544,0.525357246,0.700957298,0.690397263,1.05604267,0.994115829,1.44231606,1.72613907,0.742796898,0.766526222,0.718220711,0.804149628,0.748253822,0.98527813,1.33972454,0.902176857,0.941615105,4.06056881,3.5056138,0.982593536,0.584130287,0.625108719,1.28970051,1.2366724,0.962779999,1.21540737,0.856762886,1.11168671,1.42755699,1.14048958,1.00197411,0.897596359,1.22124767,0.999403,1.07482815,2.08170223,1.0530901,0.77667141,0.755296707,1.04323196,1.27407074,1.22314072,0.926667213,2.61792135,0.572378159,0.217575073,0.465360641,0.347432137,0.217259407,-0.0518636703,0.367819786,0.270145416,0.569887161,0.321825027,0.860897064,0.533820152,0.0132541656,0.317623138,0.14629364,0.34241581,0.474002838,0.833265305,0.437280655,0.508543015,0.328299522,0.360987663,0.556962013,0.565737724,0.875500679,0.869447708,1.0381794,0.553383827,0.327049255,0.418477058,0.552308083,0.952718735,0.583338737,0.618963242
2026-08-26T14:49:43.046+00:00	1501.172	FLAGS protocol=asd-quality-v1.6.0 mode=READY state=CALIBRATED_NORMAL waiting=0 learning=0 learned=1 anomaly=0 hold=0 fault=0 green=on red=off guided25_available=1 workflow_pending=DEFAULT research_telemetry=1 profile_persistence_allowed=0 dropped=0
2026-08-26T14:49:47.905+00:00	1506.031	QUALITY protocol=asd-quality-v1.6.0 phase=DET index=66 total=0 result=OK metrics_valid=1 samples=159744 expected=159744 rms_dbfs=-49.535 dc=-0.544 peak=406 clipped=0 zeros=660 stuck=352 dropped_delta=0 feature_valid=1 tonalness_valid=1 tonalness_proxy=3.968268 tonal_gate=pending_normal_only
2026-08-26T14:49:48.032+00:00	1506.156	DET 66 score=1469.37463 lo=0 hi=2832.83325 led=1 anom=0 total_anom=0 hold=0 normal (uzastopnih=0 nivo=-49.5 dBFS racun=716 ms)
2026-08-26T14:49:48.047+00:00	1506.172	FEATURE96 protocol=asd-research-v1.0.0 session=1 phase=DET window=66 window_start_ms=1495542 window_end_ms=1504807 score=1469.37463 level_dbfs=-49.5347939 quality=OK tonalness_proxy=3.96826792 dims=96 fnv1a=98b661be values=-9.96213722,-9.96213722,1.18343639,-9.96213722,-9.96213722,1.19753933,-9.96213722,1.32470512,-9.96213722,1.34088707,0.951909065,-9.96213722,1.03995514,1.50153351,1.65094948,-9.96213722,1.11920929,0.475325584,0.652761459,0.879245758,0.851319313,0.754590034,0.920574188,1.00540257,1.38049412,1.75174427,1.42709446,1.38852787,1.01805115,0.915859222,1.12005806,1.29021168,1.40283871,1.09617329,1.04549026,3.96826792,3.49308109,1.10057259,0.733693123,0.993724823,1.37319851,1.32137489,0.964481354,1.21448708,0.764012337,0.949528694,1.33636856,1.10382366,0.827878952,0.978150368,1.01748848,1.04137897,0.966627121,1.95552444,0.925136566,0.701384544,0.68346405,0.898631096,1.15071011,1.22092152,0.875025749,2.51873732,0.451057434,0.141762733,0.367055893,0.302219391,0.134814262,-0.0457687378,0.305215836,0.33266449,0.540910721,0.171228409,0.965137482,0.502583504,-0.0564203262,0.284497261,0.0649290085,0.269427299,0.509090424,0.747623444,0.344883919,0.381243706,0.234636307,0.198307037,0.466440201,0.514269829,0.766137123,0.864265442,0.923719406,0.505520821,0.245098114,0.294719696,0.503477097,0.686185837,0.424479485,0.592160225
2026-08-26T14:49:48.151+00:00	1506.281	SUBSEG96 protocol=asd-research-v1.0.0 session=1 phase=DET window=66 group=1 segments=8 dims=96 fnv1a=d2bef1b2 values=-9.92169285,-9.92169285,0.743395805,-9.92169285,-9.92169285,1.11903191,-9.92169285,1.38710117,-9.92169285,1.25009823,1.02236271,-9.92169285,1.15346718,1.25893116,1.21753979,-9.92169285,0.989415169,0.49855423,0.615345955,0.675909996,0.504424095,0.708032608,0.962553978,1.04610729,1.36531448,1.7691927,1.47515106,1.21031475,0.876569748,1.07620239,1.17938042,1.36128426,1.4535017,0.912991524,0.951952934,4.02505589,3.52599335,0.987063408,0.70852375,0.74238205,1.38550186,1.37106037,0.859318733,1.2939167,0.469989777,1.01714516,1.46027756,1.09132767,0.896589279,0.980521202,1.04572487,1.12524605,1.05220985,2.05721951,0.986552238,0.703219414,0.76506424,0.972852707,1.15532494,1.37329102,0.985198021,2.54042006,0.417186737,0.169629097,0.443484306,0.420124054,0.106566429,-0.00525379181,0.332788467,0.381509781,0.571539879,0.178530693,0.861021042,0.529425621,-0.0365419388,0.31762886,0.121839523,0.292439461,0.524321556,0.766649246,0.406635284,0.444145203,0.31746006,0.270104408,0.512724876,0.569073677,0.794685364,0.85844326,0.963768959,0.570534706,0.252959251,0.340607643,0.508906364,0.777244568,0.434938431,0.59740448
2026-08-26T14:49:48.161+00:00	1506.281	FLAGS protocol=asd-quality-v1.6.0 mode=READY state=CALIBRATED_NORMAL waiting=0 learning=0 learned=1 anomaly=0 hold=0 fault=0 green=on red=off guided25_available=1 workflow_pending=DEFAULT research_telemetry=1 profile_persistence_allowed=0 dropped=0
2026-08-26T14:49:48.279+00:00	1506.406	SUBSEG96 protocol=asd-research-v1.0.0 session=1 phase=DET window=66 group=2 segments=8 dims=96 fnv1a=71663656 values=-9.93774319,-9.93774319,1.22342968,-9.93774319,-9.93774319,1.36776066,-9.93774319,1.24139309,-9.93774319,1.3499136,0.934605598,-9.93774319,1.03962135,1.23476505,1.29084492,-9.93774319,0.93721962,0.327549934,0.661764145,0.967860222,0.995584488,0.801826477,0.738332748,0.607591629,1.38771057,1.7016592,1.38412952,1.21711159,0.930187225,0.810678482,1.28243065,1.34265327,1.36211491,0.945449829,0.987128258,3.99563456,3.51497078,1.23594189,0.721514702,1.33735466,1.44096279,1.29038525,1.2278204,1.07630539,0.808168411,0.921709061,1.23243618,1.17902374,0.744729996,0.977349281,1.02944756,1.04539204,0.965741158,1.93477821,0.804540634,0.708314896,0.745663643,0.917595863,1.26436615,1.20612621,0.895159721,2.55776072,0.589723587,0.23366642,0.370816231,0.165072441,0.225779533,-0.0872478485,0.326008797,0.422577858,0.557294846,0.164241791,0.956094742,0.507094383,0.0123186111,0.309503555,0.0670976639,0.286653519,0.514980316,0.776040077,0.365586281,0.401441574,0.277429581,0.195572853,0.491024017,0.511846542,0.816387177,0.84311676,0.941226959,0.488604546,0.285234451,0.324106216,0.54610157,0.713024139,0.465237617,0.587915421
2026-08-26T14:49:48.386+00:00	1506.515	SUBSEG96 protocol=asd-research-v1.0.0 session=1 phase=DET window=66 group=3 segments=8 dims=96 fnv1a=4bf72858 values=-9.96816063,-9.96816063,1.24104881,-9.96816063,-9.96816063,1.19577122,-9.96816063,1.32521057,-9.96816063,1.33351326,1.04347515,-9.96816063,0.93788147,1.43346024,1.52919197,-9.96816063,0.92387867,0.391656876,0.712535858,0.962730408,0.559659004,0.740804672,1.03436947,1.04670334,1.38649845,1.75710869,1.59875011,1.27648354,1.07536125,0.767337799,0.736442566,1.22532558,1.44832897,1.06160069,1.02551174,3.97677422,3.47847843,1.17168331,0.909576416,0.747097015,1.244524,1.43153286,0.997470856,1.38851452,1.00806618,1.00781822,1.38780117,1.20648956,1.0193367,0.979736328,1.10869026,1.03402233,1.02408123,2.01296997,0.950110435,0.769350052,0.577116966,0.839294434,1.14011955,1.1851511,0.831828117,2.55861044,0.414564133,0.134003639,0.411977768,0.368093491,0.0456113815,-0.0339365005,0.355583191,0.312396049,0.507579803,0.228105545,0.996687889,0.518006325,-0.0784025192,0.275042534,0.100689888,0.233075142,0.543874741,0.780735016,0.317293167,0.383577347,0.228108406,0.232395172,0.412819862,0.511925697,0.756317139,0.846441269,0.955282211,0.515259743,0.237551689,0.314680099,0.490571976,0.671691895,0.433710098,0.56699276
2026-08-26T14:49:48.494+00:00	1506.625	SUBSEG96 protocol=asd-research-v1.0.0 session=1 phase=DET window=66 group=4 segments=7 dims=96 fnv1a=9eefd025 values=-9.97332954,-9.97332954,1.34180641,-9.97332954,-9.97332954,1.34801006,-9.97332954,1.49824333,-9.97332954,1.45795822,0.939851761,-9.97332954,1.09645176,1.63195992,1.7942934,-9.97332954,1.26377296,0.626383781,0.691260338,0.788394928,1.05811882,0.82889843,0.875214577,1.2539854,1.49124622,1.8964386,1.49222755,1.31073189,1.24636459,1.04521465,1.29059982,1.26089668,1.37278366,1.1644516,1.06914806,3.9428792,3.45129013,0.972797394,0.624722481,1.04133701,1.43072891,1.16589737,0.756937027,1.12992573,0.609194756,0.903019905,1.20893669,0.992804527,0.757264137,1.01946163,0.932353973,1.12615204,0.879889488,1.86794472,0.997294426,0.570562363,0.704480171,0.894162178,1.14870739,1.13389015,0.799372673,2.46575642,0.367024422,0.144506454,0.289159775,0.248199463,0.136980057,-0.0467748642,0.238129616,0.207818031,0.583421707,0.139004707,0.882857323,0.522047043,-0.0646457672,0.268217087,0.0201768875,0.285283089,0.482505798,0.734519958,0.326016426,0.346120834,0.169307709,0.131723404,0.477477074,0.507152557,0.750329971,0.899585724,0.894457817,0.469256401,0.238232613,0.257331848,0.519015312,0.686941147,0.390674591,0.622142792
2026-08-26T14:49:48.602+00:00	1506.734	SUBSEG96 protocol=asd-research-v1.0.0 session=1 phase=DET window=66 group=5 segments=7 dims=96 fnv1a=3e3e37d7 values=-9.95495415,-9.95495415,1.21800041,-9.95495415,-9.95495415,0.755618095,-9.95495415,1.14098549,-9.95495415,1.34708881,0.826497078,-9.95495415,1.00710583,1.78106499,2.01422691,-9.95495415,1.37566471,0.544188499,0.623351097,0.970930099,0.941297531,0.73876667,0.985122681,0.893136024,1.3043642,1.64927864,1.00731754,1.74916363,0.892222404,0.862060547,0.950712204,1.30853462,1.42306805,1.33663177,1.2153101,3.9493165,3.54816437,1.11707211,0.675178528,0.820156097,1.40626907,1.3474226,0.84292984,1.13433838,0.74998188,0.935056686,1.39407825,1.05036831,0.643769264,0.990355492,0.994897842,0.886425972,0.937240601,1.92704678,0.919863701,0.777038574,0.664333344,0.922092438,1.07186508,1.22746563,0.900828362,2.51426125,0.486651421,0.0586986542,0.353983879,0.318000793,0.201122284,-0.00157642365,0.314612389,0.364624977,0.541285515,0.192425728,1.13547611,0.489946365,-0.0649909973,0.307924271,0.0596876144,0.308623314,0.530947685,0.728386879,0.362830162,0.380426407,0.220422745,0.202354431,0.494872093,0.526148796,0.765117645,0.930957794,0.911563873,0.534323692,0.266975403,0.284374237,0.50805378,0.620978355,0.449627876,0.645350456
2026-08-26T14:49:53.065+00:00	1511.187	FLAGS protocol=asd-quality-v1.6.0 mode=READY state=CALIBRATED_NORMAL waiting=0 learning=0 learned=1 anomaly=0 hold=0 fault=0 green=on red=off guided25_available=1 workflow_pending=DEFAULT research_telemetry=1 profile_persistence_allowed=0 dropped=0
2026-08-26T14:49:57.944+00:00	1516.078	QUALITY protocol=asd-quality-v1.6.0 phase=DET index=67 total=0 result=OK metrics_valid=1 samples=159744 expected=159744 rms_dbfs=-49.311 dc=-0.483 peak=396 clipped=0 zeros=628 stuck=309 dropped_delta=0 feature_valid=1 tonalness_valid=1 tonalness_proxy=3.962698 tonal_gate=pending_normal_only
2026-08-26T14:49:58.070+00:00	1516.203	DET 67 score=1872.99951 lo=0 hi=2832.83325 led=1 anom=0 total_anom=0 hold=0 normal (uzastopnih=0 nivo=-49.3 dBFS racun=727 ms)
2026-08-26T14:49:58.086+00:00	1516.218	FEATURE96 protocol=asd-research-v1.0.0 session=1 phase=DET window=67 window_start_ms=1505512 window_end_ms=1514845 score=1872.99951 level_dbfs=-49.3109283 quality=OK tonalness_proxy=3.96269846 dims=96 fnv1a=ae474109 values=-9.95111847,-9.95111847,1.15580273,-9.95111847,-9.95111847,1.16052723,-9.95111847,1.41375351,-9.95111847,1.42406654,0.978409767,-9.95111847,1.01448727,1.42651176,1.42823792,-9.95111847,0.905274391,0.564900398,0.747029305,0.974886894,1.02362537,0.7015028,0.994101524,1.0049963,1.55352497,1.97672653,1.14583778,0.832553864,0.770288467,0.869292259,0.936462402,1.25745106,1.30730629,0.976210594,1.12969112,3.96269846,3.54559517,1.14679146,0.775509834,0.803120613,1.61529541,1.50193596,0.93367672,1.35207748,0.763973236,1.01981926,1.37624931,1.15178204,0.8634758,0.963716507,1.00035381,1.00690651,1.00786781,1.966609,0.934785843,0.772210121,0.700083733,0.971945763,1.10026073,1.18735027,0.753726959,2.50106525,0.448287964,0.216377258,0.357213974,0.348455429,0.168031693,-0.0420665741,0.315311432,0.301083565,0.521945953,0.202859879,0.970394135,0.539173126,-0.0203771591,0.309871674,0.0772609711,0.257727623,0.477596283,0.759051323,0.339111328,0.410634995,0.234651566,0.177614212,0.461441994,0.514312744,0.813061714,0.93953228,0.948866844,0.531516075,0.231654167,0.273162842,0.524585724,0.607207298,0.397343636,0.643877983
2026-08-26T14:49:58.094+00:00	1516.218	FLAGS protocol=asd-quality-v1.6.0 mode=READY state=CALIBRATED_NORMAL waiting=0 learning=0 learned=1 anomaly=0 hold=0 fault=0 green=on red=off guided25_available=1 workflow_pending=DEFAULT research_telemetry=1 profile_persistence_allowed=0 dropped=0
2026-08-26T14:49:58.210+00:00	1516.343	SUBSEG96 protocol=asd-research-v1.0.0 session=1 phase=DET window=67 group=1 segments=8 dims=96 fnv1a=e04bc8c3 values=-9.95729828,-9.95729828,1.03832436,-9.95729828,-9.95729828,1.0977993,-9.95729828,1.43640995,-9.95729828,1.25502396,0.759625435,-9.95729828,0.929293633,1.23806477,1.4980011,-9.95729828,1.10866165,0.560090065,0.868842125,1.19959831,1.04261208,0.63048172,1.08320618,1.10450459,1.39356899,1.84145832,0.956600189,0.756660461,0.58989048,0.862597466,0.900892258,1.35807896,1.31337452,1.03388882,1.17436314,3.93900824,3.54701138,1.24511051,0.598555565,0.903586388,1.87144852,1.63857365,1.01606846,1.29710102,0.747545242,1.04683971,1.43087006,1.16084862,0.73703289,1.06774521,1.03577137,1.04599094,1.12056732,1.94899845,1.07385826,0.747879982,0.793585777,1.01989365,1.12059212,1.17508411,0.756456375,2.49391603,0.324349403,0.210057259,0.349755287,0.396568298,0.157997131,-0.00599479675,0.274787903,0.361249924,0.505754471,0.223189354,1.06088448,0.502894402,-0.012670517,0.27747345,0.0810470581,0.271205902,0.448822021,0.735530853,0.317368507,0.374982834,0.232254028,0.157706261,0.471723557,0.491344452,0.781921387,0.948788643,0.94465065,0.570210457,0.210499763,0.204423904,0.544772148,0.549557686,0.420476913,0.663069725
2026-08-26T14:49:58.318+00:00	1516.437	SUBSEG96 protocol=asd-research-v1.0.0 session=1 phase=DET window=67 group=2 segments=8 dims=96 fnv1a=dc065a48 values=-9.95039272,-9.95039272,1.3708601,-9.95039272,-9.95039272,1.27168751,-9.95039272,1.33055973,-9.95039272,1.37688446,0.944486618,-9.95039272,1.28484344,1.74395752,1.66511631,-9.95039272,1.04880714,0.565674782,0.650495529,0.652257919,0.775150299,0.614794731,0.872649193,0.674808502,1.3880024,1.93908882,1.26140308,0.884055138,0.767476082,0.567744255,1.12656498,1.47339821,1.38955498,0.93926239,1.2229414,3.95880222,3.55129528,1.39160156,1.02266788,0.72992897,1.58785534,1.53992367,0.820569038,1.4152422,0.714079857,0.978913307,1.41216183,1.15280914,0.846654892,0.883547783,0.996488571,1.00217342,0.961853981,2.0043211,0.841724396,0.791183472,0.671086311,0.977638245,1.12237835,1.15600872,0.773963928,2.47080421,0.496903419,0.116086006,0.306537628,0.365840912,0.12452507,-0.120686531,0.254654884,0.283824921,0.550294876,0.18173027,0.997723579,0.602311134,-0.0389032364,0.279829025,0.0794639587,0.271156311,0.405524254,0.762394905,0.372644424,0.411289215,0.26467514,0.188923836,0.440587044,0.525565147,0.815449715,0.931607246,0.96733284,0.502944946,0.208406448,0.294172287,0.536140442,0.616005898,0.384710312,0.645401001
2026-08-26T14:49:58.425+00:00	1516.547	SUBSEG96 protocol=asd-research-v1.0.0 session=1 phase=DET window=67 group=3 segments=8 dims=96 fnv1a=e04daf25 values=-9.93830395,-9.93830395,1.25495911,-9.93830395,-9.93830395,1.31066895,-9.93830395,1.24994755,-9.93830395,1.4085083,1.20271015,-9.93830395,1.02305222,1.45791054,1.42882824,-9.93830395,0.809811592,0.344787598,0.707661629,0.754447937,0.867485046,0.756406784,0.967280388,0.809277534,1.75730419,2.21027851,1.24323273,0.937338829,0.868238449,0.911203384,0.759872437,0.910367966,1.31190968,1.01833153,1.13153553,3.97659922,3.54773188,1.04109764,0.76468277,0.755576134,1.39155293,1.44569397,0.944288254,1.31168652,0.86488533,1.05147839,1.31250477,1.23239231,0.988223076,0.865174294,0.969853401,1.03820038,1.05017662,1.94492054,0.953455925,0.736776352,0.607548714,0.816174507,1.11099529,1.18571281,0.757469177,2.51897955,0.509572983,0.289422035,0.372172356,0.407794952,0.194914818,-0.0149459839,0.339286804,0.322365761,0.539707184,0.214384079,0.918234825,0.557577133,0.00716686249,0.359778404,0.0573348999,0.222989082,0.593651772,0.792281151,0.358841896,0.370145798,0.210806847,0.206672668,0.4976511,0.53123951,0.827274323,0.982108116,0.938399315,0.546922684,0.2569561,0.297389984,0.516852379,0.615893364,0.407758713,0.660382271
2026-08-26T14:49:58.533+00:00	1516.656	SUBSEG96 protocol=asd-research-v1.0.0 session=1 phase=DET window=67 group=4 segments=7 dims=96 fnv1a=d25eec31 values=-9.93577385,-9.93577385,0.813336372,-9.93577385,-9.93577385,1.14136028,-9.93577385,1.65309429,-9.93577385,1.64752674,1.01432133,-9.93577385,0.855055809,1.16013622,1.14646435,-9.93577385,0.785370827,0.68548584,0.839455605,1.16182518,1.11662102,0.511932373,0.943546295,1.25026894,1.64817619,2.01779938,1.27846432,0.730813026,0.73097229,0.950224876,0.879769325,1.16330051,1.39047527,1.10627174,0.918082237,3.98729324,3.56328201,0.797207832,0.490161896,0.910006523,1.55580521,1.36353588,0.916359901,1.39604282,0.752256393,1.03104115,1.437953,1.00137615,0.864584923,0.978071213,1.05462265,0.927531242,0.984776497,1.97059441,0.884723663,0.762412071,0.755945206,1.07848263,0.97833252,1.21692562,0.701016426,2.56423903,0.429257393,0.249155998,0.441292763,0.331276894,0.163946152,0.0347681046,0.468317986,0.343154907,0.519120216,0.254951477,0.964337349,0.505003929,-0.0129928589,0.370364189,0.114969254,0.273376465,0.479142189,0.785800934,0.364948273,0.421471596,0.290421486,0.197943687,0.493303299,0.537013054,0.830844879,0.921648979,0.97954464,0.524765968,0.235933304,0.274358749,0.498496056,0.676012039,0.417972565,0.641571045
2026-08-26T14:49:58.640+00:00	1516.765	SUBSEG96 protocol=asd-research-v1.0.0 session=1 phase=DET window=67 group=5 segments=7 dims=96 fnv1a=3fa6f8ec values=-9.91561222,-9.91561222,1.11509895,-9.91561222,-9.91561222,0.858760834,-9.91561222,1.36797428,-9.91561222,1.43003368,0.897314072,-9.91561222,0.789661407,1.23438835,1.14781094,-9.91561222,0.504299164,0.678307533,0.670592308,0.907168388,1.26416302,0.948329926,1.12314987,1.05433941,1.52992916,1.76995087,0.872774124,0.865667343,0.905368805,1.02937031,0.97495842,1.20411873,1.10900021,0.737494469,1.17472744,4.01225138,3.57630634,1.00738144,0.835869789,0.727601051,1.53276634,1.50064659,1.00389004,1.39122009,0.779837608,1.0431881,1.31694317,1.22174263,0.906704903,1.05031776,0.995788574,1.05735779,0.92484951,2.0196476,0.920826912,0.877440453,0.703662872,0.993857384,1.19526196,1.26477814,0.827643394,2.51490068,0.516956329,0.263271332,0.372175217,0.256728172,0.255418777,-0.060256958,0.27240181,0.224069595,0.548182487,0.192251205,0.935200691,0.57156086,0.0112705231,0.315568924,0.112645149,0.30648613,0.494874001,0.775109291,0.332584381,0.531612396,0.226904869,0.191882133,0.45562458,0.544284821,0.869813919,0.963500023,0.971538544,0.563933372,0.305355072,0.350177765,0.578551292,0.63663578,0.410057068,0.661304474
2026-08-26T14:50:03.075+00:00	1521.203	FLAGS protocol=asd-quality-v1.6.0 mode=READY state=CALIBRATED_NORMAL waiting=0 learning=0 learned=1 anomaly=0 hold=0 fault=0 green=on red=off guided25_available=1 workflow_pending=DEFAULT research_telemetry=1 profile_persistence_allowed=0 dropped=0
2026-08-26T14:50:07.918+00:00	1526.047	QUALITY protocol=asd-quality-v1.6.0 phase=DET index=68 total=0 result=OK metrics_valid=1 samples=159744 expected=159744 rms_dbfs=-37.282 dc=-0.473 peak=10298 clipped=0 zeros=548 stuck=357 dropped_delta=0 feature_valid=1 tonalness_valid=1 tonalness_proxy=3.371743 tonal_gate=pending_normal_only
2026-08-26T14:50:07.928+00:00	1526.062	DET 68 score=115618.422 lo=0 hi=2832.83325 led=1 anom=0 total_anom=0 hold=1 iznad praga (uzastopnih=0 nivo=-37.3 dBFS racun=716 ms)
2026-08-26T14:50:08.060+00:00	1526.187	FEATURE96 protocol=asd-research-v1.0.0 session=1 phase=DET window=68 window_start_ms=1515552 window_end_ms=1524819 score=115618.422 level_dbfs=-37.2818298 quality=OK tonalness_proxy=3.37174273 dims=96 fnv1a=1e0f84a5 values=-11.5743818,-11.5743818,3.16734028,-11.5743818,-11.5743818,2.83807659,-11.5743818,2.6249094,-11.5743818,2.53401136,2.40204,-11.5743818,2.47074366,2.44356632,2.24060917,-11.5743818,2.36365795,2.32272387,2.43140697,2.58928919,2.65591431,2.51492357,2.16025209,1.89999151,1.52204132,1.72570562,2.50300026,2.78410006,2.83141899,3.30487633,3.37174273,3.19880629,3.12118578,3.37159824,2.97764874,3.34087563,3.35821915,3.1621418,2.95491457,1.87243032,2.83221006,2.53150415,1.84324026,2.41227865,2.39805651,1.40534449,1.32304859,1.35644197,1.50966263,1.97110844,1.05681801,1.24226522,0.86793232,1.00638247,0.605132103,1.13350916,1.70238829,0.633041382,0.904562473,0.685148716,0.947147846,0.967638016,0.597167492,-0.191895485,-0.373716354,-0.140360832,-0.332900047,-0.799697876,-0.588165283,-0.475553513,-0.228556633,-0.643434525,-0.342106819,-0.555838585,-0.768280029,-0.830832481,-0.840613365,-0.898816109,-0.896032333,-0.740470886,-0.947071075,-0.781080246,-0.885185242,-1.09806252,-0.974054337,-0.927522659,-0.700580597,-0.626974106,-0.618709564,-0.976443291,-1.1459322,-1.10771465,-0.991518974,-0.874292374,-1.12388802,-0.970780373
2026-08-26T14:50:08.070+00:00	1526.203	FLAGS protocol=asd-quality-v1.6.0 mode=OBSERVATION_HOLD state=OBSERVATION_HOLD waiting=0 learning=0 learned=1 anomaly=0 hold=1 fault=0 green=pulse_1s red=off guided25_available=1 workflow_pending=DEFAULT research_telemetry=1 profile_persistence_allowed=0 dropped=0
2026-08-26T14:50:08.190+00:00	1526.312	SUBSEG96 protocol=asd-research-v1.0.0 session=1 phase=DET window=68 group=1 segments=8 dims=96 fnv1a=3b125b87 values=-11.2286444,-11.2286444,3.32749128,-11.2286444,-11.2286444,2.80669975,-11.2286444,2.82553244,-11.2286444,2.86278772,2.56880903,-11.2286444,2.06604862,1.19629002,1.20869732,-11.2286444,1.47456408,1.72344875,1.96768141,1.96264887,1.78394556,1.59493589,1.61212158,1.4398818,1.27697897,1.32474518,1.77303028,1.55032015,2.38355017,2.82464647,3.681036,3.40360737,2.93398857,2.71379232,2.40341377,2.82621336,2.37507296,1.44461679,1.88204718,1.63031483,2.05293846,1.6454587,2.08361149,2.51622772,1.11848497,0.99038887,0.881673336,0.569788933,1.07703066,1.75267315,1.45453262,1.40994835,0.474611282,0.890248775,0.919131756,0.553598404,0.897015095,0.533610344,0.379805565,0.935976028,0.581941605,1.29744101,0.991004944,0.220656395,0.160559654,0.284092903,0.354388237,-0.229789734,-0.223419189,-0.27904892,0.0157756805,-0.117941856,0.272675514,0.252099991,0.00179576874,-0.0980787277,-0.0559844971,-0.222799301,-0.25846386,-0.225856781,-0.244649887,0.0186414719,-0.0670480728,-0.37784481,-0.358248711,-0.298039436,-0.159217834,-0.0401182175,-0.127521515,-0.357917786,-0.489085197,-0.458555222,-0.439711571,-0.418357849,-0.589485168,-0.470639229
2026-08-26T14:50:08.297+00:00	1526.422	SUBSEG96 protocol=asd-research-v1.0.0 session=1 phase=DET window=68 group=2 segments=8 dims=96 fnv1a=9365d993 values=-10.0020113,-10.0020113,2.65070248,-10.0020113,-10.0020113,1.88039494,-10.0020113,1.58065033,-10.0020113,1.80040455,1.50631905,-10.0020113,1.51441574,1.6198101,1.39076233,-10.0020113,1.0535717,0.868591309,0.957298279,1.07661343,1.31076241,0.896162033,1.00355339,1.08033371,1.80924988,2.20590162,1.17446041,0.69424057,0.670283318,0.824098587,0.849988937,1.29719639,1.14042377,1.01624107,0.90704155,3.87193012,3.405797,0.628078461,0.721176147,0.914167404,1.31708241,1.27000618,1.03043175,0.898845673,0.783329964,1.04915619,1.30645084,0.95274353,0.590256691,1.02597141,0.786513329,1.15294266,0.924013138,1.88727093,0.809241295,0.683818817,0.563977242,0.880725861,1.14445782,1.07373619,0.858912468,2.48099136,0.500985146,0.173700333,0.227675438,0.337884903,0.13203907,-0.0764274597,0.243015289,0.256835938,0.390979767,0.0782680511,0.975590706,0.461378098,-0.120399475,0.230251312,-0.0368900299,0.174010277,0.46575737,0.78707695,0.358467102,0.335428238,0.160252571,0.12555027,0.37185955,0.407329559,0.770733833,0.828784943,0.890743256,0.426589966,0.142820358,0.284698486,0.461827278,0.619879723,0.292480469,0.545358658
2026-08-26T14:50:08.403+00:00	1526.531	SUBSEG96 protocol=asd-research-v1.0.0 session=1 phase=DET window=68 group=3 segments=8 dims=96 fnv1a=7ef9dcc7 values=-11.9899902,-11.9899902,3.36336184,-11.9899902,-11.9899902,3.05854988,-11.9899902,2.80845594,-11.9899902,2.68207836,2.59455729,-11.9899902,2.70004892,2.67344427,2.49127579,-11.9899902,2.61886311,2.57307339,2.67778683,2.84030676,2.91117525,2.77063227,2.40695906,2.13888168,1.74600315,1.95372248,2.75488901,3.04218102,3.07740784,3.5520606,3.53933001,3.38807964,3.35439444,3.62342834,3.22747326,3.56170654,3.60636997,3.4223876,3.21240854,2.10739183,3.08605957,2.78649521,2.02437449,2.61693239,2.65673304,1.64674759,1.55987167,1.60661793,1.74957609,2.20522499,1.19164562,1.43248367,1.10295343,1.16471672,0.756963253,1.38146734,1.95637751,0.845886707,1.14237499,0.844602108,1.18460131,0.638780594,0.735443115,-0.0750846863,-0.341844559,-0.0291919708,-0.378574371,-0.78266716,-0.501141548,-0.331028938,-0.0887756348,-0.616431236,-0.584773064,-0.926134109,-0.941143036,-1.09574413,-1.08174992,-1.10439205,-1.25045872,-1.14090443,-1.34702682,-1.22163582,-1.37677574,-1.50109863,-1.30255127,-1.37187004,-1.15286636,-1.02039623,-1.06870937,-1.42460823,-1.56905746,-1.60612869,-1.39097118,-1.27603149,-1.56982708,-1.4060297
2026-08-26T14:50:08.512+00:00	1526.640	SUBSEG96 protocol=asd-research-v1.0.0 session=1 phase=DET window=68 group=4 segments=7 dims=96 fnv1a=6c647621 values=-10.2901583,-10.2901583,0.998261452,-10.2901583,-10.2901583,1.20165348,-10.2901583,2.72383404,-10.2901583,2.95316601,2.17611361,-10.2901583,3.00053644,3.25945663,2.39031601,-10.2901583,1.26429653,0.758879662,1.0349474,0.916044235,1.01817703,1.28649712,1.89817286,2.1162324,1.66646385,1.84830761,1.95057154,1.8973484,1.18098164,0.864785194,1.23841095,1.27383804,1.66753292,1.5980444,1.24649239,3.66409731,3.22105122,0.992389679,1.13044453,1.38176441,1.47143936,1.56671906,1.05642509,1.3058548,0.924707413,0.882065773,1.26211071,1.084445,1.57631207,1.22110844,0.921779633,0.776900291,0.754042625,1.68301105,0.570655823,0.350827217,0.371876717,0.671053886,0.761160851,0.803583145,0.546110153,2.17415047,0.0912494659,-0.0576286316,0.145438194,-0.0611152649,-0.137485504,-0.428848267,0.0508356094,-0.0683670044,0.189660072,-0.107186317,0.679308891,0.176952362,-0.377690315,-0.0251512527,-0.21374321,0.0282373428,0.151370049,0.439914703,0.0856075287,0.115365982,-0.00359249115,-0.0542144775,0.0936288834,0.23446846,0.507318497,0.510764122,0.626152039,0.171804428,0.0135765076,0.036397934,0.188288689,0.351668358,0.1441679,0.268482208
2026-08-26T14:50:08.618+00:00	1526.750	SUBSEG96 protocol=asd-research-v1.0.0 session=1 phase=DET window=68 group=5 segments=7 dims=96 fnv1a=1d62b494 values=-9.93644428,-9.93644428,1.0973053,-9.93644428,-9.93644428,1.12977791,-9.93644428,1.39405346,-9.93644428,1.59844017,1.11702824,-9.93644428,0.903996468,1.47747135,1.36903095,-9.93644428,0.915178299,0.495066643,0.664829254,0.980129242,1.00169754,1.15425777,0.284062386,0.745583534,1.45633125,1.86689854,1.38147068,0.951818466,0.900946617,0.936293602,1.09211159,1.1356144,1.29803658,0.980234146,1.10893059,4.01875353,3.52336836,1.00406456,0.789402962,0.697138786,1.37157631,1.28790283,0.946313858,1.23296928,0.689334869,1.16353416,1.4892416,1.01758575,0.707844734,0.98432827,1.1233387,1.08826542,1.02440739,2.07533741,0.925606728,0.589132309,0.758815765,0.968471527,1.13071728,1.1746397,0.875948906,2.64599705,0.529395103,0.222123146,0.489833832,0.278160095,0.149336815,-0.0315227509,0.266819954,0.391283035,0.598366737,0.280599594,0.920573235,0.476612091,-0.0164604187,0.339996338,0.0179510117,0.256095886,0.513932228,0.767226219,0.360149384,0.318178177,0.287133217,0.201072693,0.454574585,0.583299637,0.861989021,0.822003365,0.960310936,0.519681931,0.284924507,0.379256248,0.521718979,0.739848137,0.436637878,0.570116043
2026-08-26T14:50:08.621+00:00	1526.750	STATE protocol=asd-quality-v1.6.0 from=CALIBRATED_NORMAL to=OBSERVATION_HOLD reason=OBSERVATION_UNCERTAIN
2026-08-26T14:50:08.631+00:00	1526.750	EVENT protocol=asd-quality-v1.6.0 type=OBSERVATION_HOLD state=OBSERVATION_HOLD phase=DET reason=OBSERVATION_UNCERTAIN event=NONE capability=AVAILABLE level=DEVIATION
2026-08-26T14:50:12.958+00:00	1531.078	FLAGS protocol=asd-quality-v1.6.0 mode=OBSERVATION_HOLD state=OBSERVATION_HOLD waiting=0 learning=0 learned=1 anomaly=0 hold=1 fault=0 green=pulse_1s red=off guided25_available=1 workflow_pending=DEFAULT research_telemetry=1 profile_persistence_allowed=0 dropped=0
