Executing action: all (aliases: build)
Running cmake in directory 'C:\Users\mihajlo.zivkovic\Documents\master rad\esp32s3\results\mjerenje_2026-09-21\build'
Executing "cmake -G Ninja -DPYTHON_DEPS_CHECKED=1 -DPYTHON=C:\Users\mihajlo.zivkovic\.espressif\python_env\idf5.5_py3.13_env\Scripts\python.exe -DESP_PLATFORM=1 -DCCACHE_ENABLE=1 'C:\Users\mihajlo.zivkovic\Documents\master rad\esp32s3\firmware\esp32s3_asd'"...
-- Found Git: C:/Program Files/Git/cmd/git.exe (found version "2.52.0.windows.1")
-- Component directory C:/Espressif/frameworks/esp-idf-v5.5.5/components/esp_blockdev does not contain a CMakeLists.txt file. No component will be added
-- Minimal build - OFF
-- ccache will be used for faster recompilation
-- The C compiler identification is GNU 14.2.0
-- The CXX compiler identification is GNU 14.2.0
-- The ASM compiler identification is GNU
-- Found assembler: C:/Users/mihajlo.zivkovic/.espressif/tools/xtensa-esp-elf/esp-14.2.0_20260121/xtensa-esp-elf/bin/xtensa-esp32s3-elf-gcc.exe
-- Detecting C compiler ABI info
-- Detecting C compiler ABI info - done
-- Check for working C compiler: C:/Users/mihajlo.zivkovic/.espressif/tools/xtensa-esp-elf/esp-14.2.0_20260121/xtensa-esp-elf/bin/xtensa-esp32s3-elf-gcc.exe - skipped
-- Detecting C compile features
-- Detecting C compile features - done
-- Detecting CXX compiler ABI info
-- Detecting CXX compiler ABI info - done
-- Check for working CXX compiler: C:/Users/mihajlo.zivkovic/.espressif/tools/xtensa-esp-elf/esp-14.2.0_20260121/xtensa-esp-elf/bin/xtensa-esp32s3-elf-g++.exe - skipped
-- Detecting CXX compile features
-- Detecting CXX compile features - done
-- Building ESP-IDF components for target esp32s3
NOTICE: Dependencies lock doesn't exist, solving dependencies.

...........NOTICE: Updating lock file at C:\Users\mihajlo.zivkovic\Documents\master rad\esp32s3\firmware\esp32s3_asd\dependencies.lock

NOTICE: Processing 4 dependencies:

NOTICE: [1/4] espressif/esp-dsp (1.8.2)

NOTICE: [2/4] espressif/esp-nn (1.4.0)

NOTICE: [3/4] espressif/esp-tflite-micro (1.4.1)

NOTICE: [4/4] idf (5.5.5)

-- ESP-TEE is currently supported only on the esp32c6;esp32h2;esp32c5 SoCs
-- Project sdkconfig file C:/Users/mihajlo.zivkovic/Documents/master rad/esp32s3/firmware/esp32s3_asd/sdkconfig
Loading defaults file C:/Users/mihajlo.zivkovic/Documents/master rad/esp32s3/firmware/esp32s3_asd/sdkconfig.defaults...

Loading defaults file C:/Users/mihajlo.zivkovic/Documents/master rad/esp32s3/firmware/esp32s3_asd/sdkconfig.defaults.esp32s3...

-- Compiler supported targets: xtensa-esp-elf
-- Detecting C compiler ABI info
-- Detecting C compiler ABI info - done
-- Detecting CXX compiler ABI info
-- Detecting CXX compiler ABI info - done
-- Detecting C compiler ABI info
-- Detecting C compiler ABI info - done
-- Detecting CXX compiler ABI info
-- Detecting CXX compiler ABI info - done
-- Found Python3: C:/Users/mihajlo.zivkovic/.espressif/python_env/idf5.5_py3.13_env/Scripts/python.exe (found version "3.13.14") found components: Interpreter
-- Performing Test CMAKE_HAVE_LIBC_PTHREAD
-- Performing Test CMAKE_HAVE_LIBC_PTHREAD - Success
-- Found Threads: TRUE
-- Performing Test C_COMPILER_SUPPORTS_WFORMAT_SIGNEDNESS
-- Performing Test C_COMPILER_SUPPORTS_WFORMAT_SIGNEDNESS - Success
-- USING O3
-- App "esp32s3_asd" version: fw-final-v1.0-7-g34f4fc2-dirty
-- Adding linker script C:/Users/mihajlo.zivkovic/Documents/master rad/esp32s3/results/mjerenje_2026-09-21/build/esp-idf/esp_system/ld/memory.ld
-- Adding linker script C:/Users/mihajlo.zivkovic/Documents/master rad/esp32s3/results/mjerenje_2026-09-21/build/esp-idf/esp_system/ld/sections.ld.in
-- Adding linker script C:/Espressif/frameworks/esp-idf-v5.5.5/components/esp_rom/esp32s3/ld/esp32s3.rom.ld
-- Adding linker script C:/Espressif/frameworks/esp-idf-v5.5.5/components/esp_rom/esp32s3/ld/esp32s3.rom.api.ld
-- Adding linker script C:/Espressif/frameworks/esp-idf-v5.5.5/components/esp_rom/esp32s3/ld/esp32s3.rom.bt_funcs.ld
-- Adding linker script C:/Espressif/frameworks/esp-idf-v5.5.5/components/esp_rom/esp32s3/ld/esp32s3.rom.libgcc.ld
-- Adding linker script C:/Espressif/frameworks/esp-idf-v5.5.5/components/esp_rom/esp32s3/ld/esp32s3.rom.wdt.ld
-- Adding linker script C:/Espressif/frameworks/esp-idf-v5.5.5/components/esp_rom/esp32s3/ld/esp32s3.rom.version.ld
-- Adding linker script C:/Espressif/frameworks/esp-idf-v5.5.5/components/esp_rom/esp32s3/ld/esp32s3.rom.ble_master.ld
-- Adding linker script C:/Espressif/frameworks/esp-idf-v5.5.5/components/esp_rom/esp32s3/ld/esp32s3.rom.ble_50.ld
-- Adding linker script C:/Espressif/frameworks/esp-idf-v5.5.5/components/esp_rom/esp32s3/ld/esp32s3.rom.ble_smp.ld
-- Adding linker script C:/Espressif/frameworks/esp-idf-v5.5.5/components/esp_rom/esp32s3/ld/esp32s3.rom.ble_dtm.ld
-- Adding linker script C:/Espressif/frameworks/esp-idf-v5.5.5/components/esp_rom/esp32s3/ld/esp32s3.rom.ble_test.ld
-- Adding linker script C:/Espressif/frameworks/esp-idf-v5.5.5/components/esp_rom/esp32s3/ld/esp32s3.rom.ble_scan.ld
-- Adding linker script C:/Espressif/frameworks/esp-idf-v5.5.5/components/esp_rom/esp32s3/ld/esp32s3.rom.libc.ld
-- Adding linker script C:/Espressif/frameworks/esp-idf-v5.5.5/components/esp_rom/esp32s3/ld/esp32s3.rom.newlib.ld
-- Adding linker script C:/Espressif/frameworks/esp-idf-v5.5.5/components/soc/esp32s3/ld/esp32s3.peripherals.ld
-- Components: app_trace app_update bootloader bootloader_support bt cmock console cxx driver efuse esp-tls esp_adc esp_app_format esp_bootloader_format esp_coex esp_common esp_driver_ana_cmpr esp_driver_bitscrambler esp_driver_cam esp_driver_dac esp_driver_gpio esp_driver_gptimer esp_driver_i2c esp_driver_i2s esp_driver_isp esp_driver_jpeg esp_driver_ledc esp_driver_mcpwm esp_driver_parlio esp_driver_pcnt esp_driver_ppa esp_driver_rmt esp_driver_sdio esp_driver_sdm esp_driver_sdmmc esp_driver_sdspi esp_driver_spi esp_driver_touch_sens esp_driver_tsens esp_driver_twai esp_driver_uart esp_driver_usb_serial_jtag esp_eth esp_event esp_gdbstub esp_hal_ieee802154 esp_hid esp_http_client esp_http_server esp_https_ota esp_https_server esp_hw_support esp_lcd esp_local_ctrl esp_mm esp_netif esp_netif_stack esp_partition esp_phy esp_pm esp_psram esp_ringbuf esp_rom esp_security esp_system esp_timer esp_vfs_console esp_wifi espcoredump espressif__esp-dsp espressif__esp-nn espressif__esp-tflite-micro esptool_py fatfs freertos hal heap http_parser idf_test ieee802154 json log lwip main mbedtls mqtt newlib nvs_flash nvs_sec_provider openthread partition_table perfmon protobuf-c protocomm pthread rt sdmmc soc spi_flash spiffs tcp_transport touch_element ulp unity usb vfs wear_levelling wifi_provisioning wpa_supplicant xtensa
-- Component paths: C:/Espressif/frameworks/esp-idf-v5.5.5/components/app_trace C:/Espressif/frameworks/esp-idf-v5.5.5/components/app_update C:/Espressif/frameworks/esp-idf-v5.5.5/components/bootloader C:/Espressif/frameworks/esp-idf-v5.5.5/components/bootloader_support C:/Espressif/frameworks/esp-idf-v5.5.5/components/bt C:/Espressif/frameworks/esp-idf-v5.5.5/components/cmock C:/Espressif/frameworks/esp-idf-v5.5.5/components/console C:/Espressif/frameworks/esp-idf-v5.5.5/components/cxx C:/Espressif/frameworks/esp-idf-v5.5.5/components/driver C:/Espressif/frameworks/esp-idf-v5.5.5/components/efuse C:/Espressif/frameworks/esp-idf-v5.5.5/components/esp-tls C:/Espressif/frameworks/esp-idf-v5.5.5/components/esp_adc C:/Espressif/frameworks/esp-idf-v5.5.5/components/esp_app_format C:/Espressif/frameworks/esp-idf-v5.5.5/components/esp_bootloader_format C:/Espressif/frameworks/esp-idf-v5.5.5/components/esp_coex C:/Espressif/frameworks/esp-idf-v5.5.5/components/esp_common C:/Espressif/frameworks/esp-idf-v5.5.5/components/esp_driver_ana_cmpr C:/Espressif/frameworks/esp-idf-v5.5.5/components/esp_driver_bitscrambler C:/Espressif/frameworks/esp-idf-v5.5.5/components/esp_driver_cam C:/Espressif/frameworks/esp-idf-v5.5.5/components/esp_driver_dac C:/Espressif/frameworks/esp-idf-v5.5.5/components/esp_driver_gpio C:/Espressif/frameworks/esp-idf-v5.5.5/components/esp_driver_gptimer C:/Espressif/frameworks/esp-idf-v5.5.5/components/esp_driver_i2c C:/Espressif/frameworks/esp-idf-v5.5.5/components/esp_driver_i2s C:/Espressif/frameworks/esp-idf-v5.5.5/components/esp_driver_isp C:/Espressif/frameworks/esp-idf-v5.5.5/components/esp_driver_jpeg C:/Espressif/frameworks/esp-idf-v5.5.5/components/esp_driver_ledc C:/Espressif/frameworks/esp-idf-v5.5.5/components/esp_driver_mcpwm C:/Espressif/frameworks/esp-idf-v5.5.5/components/esp_driver_parlio C:/Espressif/frameworks/esp-idf-v5.5.5/components/esp_driver_pcnt C:/Espressif/frameworks/esp-idf-v5.5.5/components/esp_driver_ppa C:/Espressif/frameworks/esp-idf-v5.5.5/components/esp_driver_rmt C:/Espressif/frameworks/esp-idf-v5.5.5/components/esp_driver_sdio C:/Espressif/frameworks/esp-idf-v5.5.5/components/esp_driver_sdm C:/Espressif/frameworks/esp-idf-v5.5.5/components/esp_driver_sdmmc C:/Espressif/frameworks/esp-idf-v5.5.5/components/esp_driver_sdspi C:/Espressif/frameworks/esp-idf-v5.5.5/components/esp_driver_spi C:/Espressif/frameworks/esp-idf-v5.5.5/components/esp_driver_touch_sens C:/Espressif/frameworks/esp-idf-v5.5.5/components/esp_driver_tsens C:/Espressif/frameworks/esp-idf-v5.5.5/components/esp_driver_twai C:/Espressif/frameworks/esp-idf-v5.5.5/components/esp_driver_uart C:/Espressif/frameworks/esp-idf-v5.5.5/components/esp_driver_usb_serial_jtag C:/Espressif/frameworks/esp-idf-v5.5.5/components/esp_eth C:/Espressif/frameworks/esp-idf-v5.5.5/components/esp_event C:/Espressif/frameworks/esp-idf-v5.5.5/components/esp_gdbstub C:/Espressif/frameworks/esp-idf-v5.5.5/components/esp_hal_ieee802154 C:/Espressif/frameworks/esp-idf-v5.5.5/components/esp_hid C:/Espressif/frameworks/esp-idf-v5.5.5/components/esp_http_client C:/Espressif/frameworks/esp-idf-v5.5.5/components/esp_http_server C:/Espressif/frameworks/esp-idf-v5.5.5/components/esp_https_ota C:/Espressif/frameworks/esp-idf-v5.5.5/components/esp_https_server C:/Espressif/frameworks/esp-idf-v5.5.5/components/esp_hw_support C:/Espressif/frameworks/esp-idf-v5.5.5/components/esp_lcd C:/Espressif/frameworks/esp-idf-v5.5.5/components/esp_local_ctrl C:/Espressif/frameworks/esp-idf-v5.5.5/components/esp_mm C:/Espressif/frameworks/esp-idf-v5.5.5/components/esp_netif C:/Espressif/frameworks/esp-idf-v5.5.5/components/esp_netif_stack C:/Espressif/frameworks/esp-idf-v5.5.5/components/esp_partition C:/Espressif/frameworks/esp-idf-v5.5.5/components/esp_phy C:/Espressif/frameworks/esp-idf-v5.5.5/components/esp_pm C:/Espressif/frameworks/esp-idf-v5.5.5/components/esp_psram C:/Espressif/frameworks/esp-idf-v5.5.5/components/esp_ringbuf C:/Espressif/frameworks/esp-idf-v5.5.5/components/esp_rom C:/Espressif/frameworks/esp-idf-v5.5.5/components/esp_security C:/Espressif/frameworks/esp-idf-v5.5.5/components/esp_system C:/Espressif/frameworks/esp-idf-v5.5.5/components/esp_timer C:/Espressif/frameworks/esp-idf-v5.5.5/components/esp_vfs_console C:/Espressif/frameworks/esp-idf-v5.5.5/components/esp_wifi C:/Espressif/frameworks/esp-idf-v5.5.5/components/espcoredump C:/Users/mihajlo.zivkovic/Documents/master rad/esp32s3/firmware/esp32s3_asd/managed_components/espressif__esp-dsp C:/Users/mihajlo.zivkovic/Documents/master rad/esp32s3/firmware/esp32s3_asd/managed_components/espressif__esp-nn C:/Users/mihajlo.zivkovic/Documents/master rad/esp32s3/firmware/esp32s3_asd/managed_components/espressif__esp-tflite-micro C:/Espressif/frameworks/esp-idf-v5.5.5/components/esptool_py C:/Espressif/frameworks/esp-idf-v5.5.5/components/fatfs C:/Espressif/frameworks/esp-idf-v5.5.5/components/freertos C:/Espressif/frameworks/esp-idf-v5.5.5/components/hal C:/Espressif/frameworks/esp-idf-v5.5.5/components/heap C:/Espressif/frameworks/esp-idf-v5.5.5/components/http_parser C:/Espressif/frameworks/esp-idf-v5.5.5/components/idf_test C:/Espressif/frameworks/esp-idf-v5.5.5/components/ieee802154 C:/Espressif/frameworks/esp-idf-v5.5.5/components/json C:/Espressif/frameworks/esp-idf-v5.5.5/components/log C:/Espressif/frameworks/esp-idf-v5.5.5/components/lwip C:/Users/mihajlo.zivkovic/Documents/master rad/esp32s3/firmware/esp32s3_asd/main C:/Espressif/frameworks/esp-idf-v5.5.5/components/mbedtls C:/Espressif/frameworks/esp-idf-v5.5.5/components/mqtt C:/Espressif/frameworks/esp-idf-v5.5.5/components/newlib C:/Espressif/frameworks/esp-idf-v5.5.5/components/nvs_flash C:/Espressif/frameworks/esp-idf-v5.5.5/components/nvs_sec_provider C:/Espressif/frameworks/esp-idf-v5.5.5/components/openthread C:/Espressif/frameworks/esp-idf-v5.5.5/components/partition_table C:/Espressif/frameworks/esp-idf-v5.5.5/components/perfmon C:/Espressif/frameworks/esp-idf-v5.5.5/components/protobuf-c C:/Espressif/frameworks/esp-idf-v5.5.5/components/protocomm C:/Espressif/frameworks/esp-idf-v5.5.5/components/pthread C:/Espressif/frameworks/esp-idf-v5.5.5/components/rt C:/Espressif/frameworks/esp-idf-v5.5.5/components/sdmmc C:/Espressif/frameworks/esp-idf-v5.5.5/components/soc C:/Espressif/frameworks/esp-idf-v5.5.5/components/spi_flash C:/Espressif/frameworks/esp-idf-v5.5.5/components/spiffs C:/Espressif/frameworks/esp-idf-v5.5.5/components/tcp_transport C:/Espressif/frameworks/esp-idf-v5.5.5/components/touch_element C:/Espressif/frameworks/esp-idf-v5.5.5/components/ulp C:/Espressif/frameworks/esp-idf-v5.5.5/components/unity C:/Espressif/frameworks/esp-idf-v5.5.5/components/usb C:/Espressif/frameworks/esp-idf-v5.5.5/components/vfs C:/Espressif/frameworks/esp-idf-v5.5.5/components/wear_levelling C:/Espressif/frameworks/esp-idf-v5.5.5/components/wifi_provisioning C:/Espressif/frameworks/esp-idf-v5.5.5/components/wpa_supplicant C:/Espressif/frameworks/esp-idf-v5.5.5/components/xtensa
-- Configuring done (129.9s)
CMake Warning in managed_components/espressif__esp-tflite-micro/CMakeLists.txt:
  The object file directory

    C:/Users/mihajlo.zivkovic/Documents/master rad/esp32s3/results/mjerenje_2026-09-21/build/esp-idf/espressif__esp-tflite-micro/CMakeFiles/__idf_espressif__esp-tflite-micro.dir/./

  has 176 characters.  The maximum full path to an object file is 250
  characters (see CMAKE_OBJECT_PATH_MAX).  Object file

    36f25a72f50c3fce56892aa1dd1a30f4/non_persistent_arena_buffer_allocator.cc.obj

  cannot be safely placed under this directory.  The build may not work
  correctly.


-- Generating done (13.0s)
-- Build files have been written to: C:/Users/mihajlo.zivkovic/Documents/master rad/esp32s3/results/mjerenje_2026-09-21/build
Running ninja in directory 'C:\Users\mihajlo.zivkovic\Documents\master rad\esp32s3\results\mjerenje_2026-09-21\build'
Executing "ninja all"...
[1/1529] Generating project_elf_src_esp32s3.c

[2/1529] Generating C:/Users/mihajlo.zivkovic/Documents/master rad/esp32s3/results/mjerenje_2026-09-21/build/esp-idf/esp_system/ld/sections.ld.in linker script...

[3/1529] Generating C:/Users/mihajlo.zivkovic/Documents/master rad/esp32s3/results/mjerenje_2026-09-21/build/esp-idf/esp_system/ld/memory.ld linker script...

[4/1529] Generating ../../partition_table/partition-table.bin

Partition table binary generated. Contents:

*******************************************************************************

# ESP-IDF Partition Table


# Name, Type, SubType, Offset, Size, Flags


nvs,data,nvs,0x9000,24K,


phy_init,data,phy,0xf000,4K,


factory,app,factory,0x10000,4M,


storage,data,fat,0x410000,20M,


*******************************************************************************

[5/1529] Building C object esp-idf/esp_http_server/CMakeFiles/__idf_esp_http_server.dir/src/httpd_sess.c.obj

[6/1529] Building C object esp-idf/esp_https_ota/CMakeFiles/__idf_esp_https_ota.dir/src/esp_https_ota.c.obj

[7/1529] Building C object esp-idf/esp_http_client/CMakeFiles/__idf_esp_http_client.dir/lib/http_header.c.obj

[8/1529] Building C object esp-idf/esp_http_server/CMakeFiles/__idf_esp_http_server.dir/src/httpd_main.c.obj

[9/1529] Building C object esp-idf/esp_http_server/CMakeFiles/__idf_esp_http_server.dir/src/httpd_parse.c.obj

[10/1529] Building C object esp-idf/esp_http_server/CMakeFiles/__idf_esp_http_server.dir/src/util/ctrl_sock.c.obj

[11/1529] Building C object esp-idf/esp_http_server/CMakeFiles/__idf_esp_http_server.dir/src/httpd_txrx.c.obj

[12/1529] Building C object esp-idf/esp_http_server/CMakeFiles/__idf_esp_http_server.dir/src/httpd_ws.c.obj

[13/1529] Building C object esp-idf/esp_http_client/CMakeFiles/__idf_esp_http_client.dir/lib/http_utils.c.obj

[14/1529] Building C object esp-idf/esp_http_client/CMakeFiles/__idf_esp_http_client.dir/lib/http_auth.c.obj

[15/1529] Building C object esp-idf/esp_http_server/CMakeFiles/__idf_esp_http_server.dir/src/httpd_uri.c.obj

[16/1529] Building C object esp-idf/esp_http_client/CMakeFiles/__idf_esp_http_client.dir/esp_http_client.c.obj

[17/1529] Building C object esp-idf/tcp_transport/CMakeFiles/__idf_tcp_transport.dir/transport_internal.c.obj

[18/1529] Building C object esp-idf/tcp_transport/CMakeFiles/__idf_tcp_transport.dir/transport.c.obj

[19/1529] Building C object esp-idf/tcp_transport/CMakeFiles/__idf_tcp_transport.dir/transport_ssl.c.obj

[20/1529] Linking C static library esp-idf\esp_https_ota\libesp_https_ota.a

[21/1529] Building C object esp-idf/tcp_transport/CMakeFiles/__idf_tcp_transport.dir/transport_socks_proxy.c.obj

[22/1529] Building C object esp-idf/esp_adc/CMakeFiles/__idf_esp_adc.dir/adc_cali.c.obj

[23/1529] Building C object esp-idf/esp_adc/CMakeFiles/__idf_esp_adc.dir/adc_oneshot.c.obj

[24/1529] Building C object esp-idf/esp_adc/CMakeFiles/__idf_esp_adc.dir/adc_cali_curve_fitting.c.obj

[25/1529] Building C object esp-idf/esp_adc/CMakeFiles/__idf_esp_adc.dir/adc_common.c.obj

[26/1529] Building C object esp-idf/esp_adc/CMakeFiles/__idf_esp_adc.dir/deprecated/esp_adc_cal_common_legacy.c.obj

[27/1529] Building C object esp-idf/tcp_transport/CMakeFiles/__idf_tcp_transport.dir/transport_ws.c.obj

[28/1529] Building C object esp-idf/esp_adc/CMakeFiles/__idf_esp_adc.dir/adc_continuous.c.obj

[29/1529] Building C object esp-idf/esp_adc/CMakeFiles/__idf_esp_adc.dir/gdma/adc_dma.c.obj

[30/1529] Building C object esp-idf/esp_adc/CMakeFiles/__idf_esp_adc.dir/adc_monitor.c.obj

[31/1529] Building C object esp-idf/esp_adc/CMakeFiles/__idf_esp_adc.dir/adc_filter.c.obj

[32/1529] Linking C static library esp-idf\esp_http_server\libesp_http_server.a

[33/1529] Building C object esp-idf/esp_adc/CMakeFiles/__idf_esp_adc.dir/deprecated/esp32s3/esp_adc_cal_legacy.c.obj

[34/1529] Building C object esp-idf/esp_adc/CMakeFiles/__idf_esp_adc.dir/esp32s3/curve_fitting_coefficients.c.obj

[35/1529] Building C object esp-idf/esp-tls/CMakeFiles/__idf_esp-tls.dir/esp_tls_platform_port.c.obj

[36/1529] Building C object esp-idf/esp-tls/CMakeFiles/__idf_esp-tls.dir/esp_tls_error_capture.c.obj

[37/1529] Building C object esp-idf/esp-tls/CMakeFiles/__idf_esp-tls.dir/esp-tls-crypto/esp_tls_crypto.c.obj

[38/1529] Building C object esp-idf/http_parser/CMakeFiles/__idf_http_parser.dir/http_parser.c.obj

[39/1529] Building C object esp-idf/esp-tls/CMakeFiles/__idf_esp-tls.dir/esp_tls.c.obj

[40/1529] Linking C static library esp-idf\esp_http_client\libesp_http_client.a

[41/1529] Building C object esp-idf/driver/CMakeFiles/__idf_driver.dir/deprecated/timer_legacy.c.obj

[42/1529] Building C object esp-idf/driver/CMakeFiles/__idf_driver.dir/deprecated/adc_legacy.c.obj

[43/1529] Building C object esp-idf/driver/CMakeFiles/__idf_driver.dir/deprecated/adc_dma_legacy.c.obj

[44/1529] Building C object esp-idf/esp-tls/CMakeFiles/__idf_esp-tls.dir/esp_tls_mbedtls.c.obj

[45/1529] Building C object esp-idf/driver/CMakeFiles/__idf_driver.dir/i2c/i2c.c.obj

[46/1529] Building C object esp-idf/driver/CMakeFiles/__idf_driver.dir/deprecated/mcpwm_legacy.c.obj

[47/1529] Building C object esp-idf/driver/CMakeFiles/__idf_driver.dir/deprecated/sigma_delta_legacy.c.obj

[48/1529] Building C object esp-idf/driver/CMakeFiles/__idf_driver.dir/deprecated/i2s_legacy.c.obj

[49/1529] Building C object esp-idf/driver/CMakeFiles/__idf_driver.dir/deprecated/pcnt_legacy.c.obj

[50/1529] Building C object esp-idf/driver/CMakeFiles/__idf_driver.dir/deprecated/rmt_legacy.c.obj

[51/1529] Linking C static library esp-idf\tcp_transport\libtcp_transport.a

[52/1529] Building C object esp-idf/driver/CMakeFiles/__idf_driver.dir/deprecated/rtc_temperature_legacy.c.obj

[53/1529] Building C object esp-idf/driver/CMakeFiles/__idf_driver.dir/touch_sensor/touch_sensor_common.c.obj

[54/1529] Building C object esp-idf/driver/CMakeFiles/__idf_driver.dir/twai/twai.c.obj

[55/1529] Building C object esp-idf/esp_driver_twai/CMakeFiles/__idf_esp_driver_twai.dir/esp_twai.c.obj

[56/1529] Building C object esp-idf/driver/CMakeFiles/__idf_driver.dir/touch_sensor/esp32s3/touch_sensor.c.obj

[57/1529] Building C object esp-idf/esp_driver_twai/CMakeFiles/__idf_esp_driver_twai.dir/twai_frame_queue.c.obj

[58/1529] Building C object esp-idf/esp_driver_twai/CMakeFiles/__idf_esp_driver_twai.dir/esp_twai_onchip.c.obj

[59/1529] Building C object esp-idf/esp_driver_ledc/CMakeFiles/__idf_esp_driver_ledc.dir/src/ledc.c.obj

[60/1529] Linking C static library esp-idf\esp_adc\libesp_adc.a

[61/1529] Building C object esp-idf/esp_driver_i2c/CMakeFiles/__idf_esp_driver_i2c.dir/i2c_master.c.obj

[62/1529] Building C object esp-idf/esp_driver_sdm/CMakeFiles/__idf_esp_driver_sdm.dir/src/sdm.c.obj

[63/1529] Building C object esp-idf/esp_driver_i2c/CMakeFiles/__idf_esp_driver_i2c.dir/i2c_slave.c.obj

[64/1529] Building C object esp-idf/esp_driver_i2c/CMakeFiles/__idf_esp_driver_i2c.dir/i2c_common.c.obj

[65/1529] Building C object esp-idf/esp_driver_tsens/CMakeFiles/__idf_esp_driver_tsens.dir/src/temperature_sensor.c.obj

[66/1529] Building C object esp-idf/esp_driver_rmt/CMakeFiles/__idf_esp_driver_rmt.dir/src/rmt_common.c.obj

[67/1529] Building C object esp-idf/esp_driver_rmt/CMakeFiles/__idf_esp_driver_rmt.dir/src/rmt_encoder.c.obj

[68/1529] Building C object esp-idf/esp_driver_rmt/CMakeFiles/__idf_esp_driver_rmt.dir/src/rmt_encoder_bytes.c.obj

[69/1529] Building C object esp-idf/esp_driver_sdspi/CMakeFiles/__idf_esp_driver_sdspi.dir/src/sdspi_crc.c.obj

[70/1529] Linking C static library esp-idf\esp-tls\libesp-tls.a

[71/1529] Building C object esp-idf/esp_driver_rmt/CMakeFiles/__idf_esp_driver_rmt.dir/src/rmt_encoder_copy.c.obj

[72/1529] Building C object esp-idf/esp_driver_rmt/CMakeFiles/__idf_esp_driver_rmt.dir/src/rmt_encoder_simple.c.obj

[73/1529] Building C object esp-idf/esp_driver_rmt/CMakeFiles/__idf_esp_driver_rmt.dir/src/rmt_rx.c.obj

[74/1529] Building C object esp-idf/esp_driver_sdspi/CMakeFiles/__idf_esp_driver_sdspi.dir/src/sdspi_host.c.obj

[75/1529] Building C object esp-idf/esp_driver_sdspi/CMakeFiles/__idf_esp_driver_sdspi.dir/src/sdspi_transaction.c.obj

[76/1529] Building C object esp-idf/esp_driver_rmt/CMakeFiles/__idf_esp_driver_rmt.dir/src/rmt_tx.c.obj

[77/1529] Building C object esp-idf/esp_driver_sdmmc/CMakeFiles/__idf_esp_driver_sdmmc.dir/src/sdmmc_transaction.c.obj

[78/1529] Linking C static library esp-idf\http_parser\libhttp_parser.a

[79/1529] Building C object esp-idf/sdmmc/CMakeFiles/__idf_sdmmc.dir/sdmmc_common.c.obj

[80/1529] Building C object esp-idf/sdmmc/CMakeFiles/__idf_sdmmc.dir/sdmmc_init.c.obj

[81/1529] Building C object esp-idf/sdmmc/CMakeFiles/__idf_sdmmc.dir/sdmmc_cmd.c.obj

[82/1529] Building C object esp-idf/sdmmc/CMakeFiles/__idf_sdmmc.dir/sdmmc_io.c.obj

[83/1529] Building C object esp-idf/esp_driver_sdmmc/CMakeFiles/__idf_esp_driver_sdmmc.dir/src/sdmmc_host.c.obj

[84/1529] Building C object esp-idf/sdmmc/CMakeFiles/__idf_sdmmc.dir/sdmmc_mmc.c.obj

[85/1529] Building C object esp-idf/sdmmc/CMakeFiles/__idf_sdmmc.dir/sd_pwr_ctrl/sd_pwr_ctrl.c.obj

[86/1529] Building C object esp-idf/sdmmc/CMakeFiles/__idf_sdmmc.dir/sdmmc_sd.c.obj

[87/1529] Building C object esp-idf/esp_driver_i2s/CMakeFiles/__idf_esp_driver_i2s.dir/i2s_common.c.obj

[88/1529] Building C object esp-idf/esp_driver_i2s/CMakeFiles/__idf_esp_driver_i2s.dir/i2s_std.c.obj

[89/1529] Building C object esp-idf/esp_driver_i2s/CMakeFiles/__idf_esp_driver_i2s.dir/i2s_pdm.c.obj

[90/1529] Linking C static library esp-idf\driver\libdriver.a

[91/1529] Building C object esp-idf/esp_driver_i2s/CMakeFiles/__idf_esp_driver_i2s.dir/i2s_tdm.c.obj

[92/1529] Building C object esp-idf/esp_driver_mcpwm/CMakeFiles/__idf_esp_driver_mcpwm.dir/src/mcpwm_cap.c.obj

[93/1529] Building C object esp-idf/esp_driver_i2s/CMakeFiles/__idf_esp_driver_i2s.dir/i2s_platform.c.obj

[94/1529] Building C object esp-idf/esp_driver_mcpwm/CMakeFiles/__idf_esp_driver_mcpwm.dir/src/mcpwm_cmpr.c.obj

[95/1529] Building C object esp-idf/esp_driver_mcpwm/CMakeFiles/__idf_esp_driver_mcpwm.dir/src/mcpwm_com.c.obj

[96/1529] Building C object esp-idf/esp_driver_mcpwm/CMakeFiles/__idf_esp_driver_mcpwm.dir/src/mcpwm_fault.c.obj

[97/1529] Building C object esp-idf/esp_driver_mcpwm/CMakeFiles/__idf_esp_driver_mcpwm.dir/src/mcpwm_oper.c.obj

[98/1529] Building C object esp-idf/esp_driver_mcpwm/CMakeFiles/__idf_esp_driver_mcpwm.dir/src/mcpwm_gen.c.obj

[99/1529] Building C object esp-idf/esp_driver_mcpwm/CMakeFiles/__idf_esp_driver_mcpwm.dir/src/mcpwm_sync.c.obj

[100/1529] Building C object esp-idf/esp_driver_pcnt/CMakeFiles/__idf_esp_driver_pcnt.dir/src/pulse_cnt.c.obj

[101/1529] Building C object esp-idf/esp_driver_mcpwm/CMakeFiles/__idf_esp_driver_mcpwm.dir/src/mcpwm_timer.c.obj

[102/1529] Building C object esp-idf/esp_gdbstub/CMakeFiles/__idf_esp_gdbstub.dir/src/gdbstub_transport.c.obj

[103/1529] Linking C static library esp-idf\esp_driver_twai\libesp_driver_twai.a

[104/1529] Building C object esp-idf/esp_gdbstub/CMakeFiles/__idf_esp_gdbstub.dir/src/gdbstub.c.obj

[105/1529] Building ASM object esp-idf/esp_gdbstub/CMakeFiles/__idf_esp_gdbstub.dir/src/port/xtensa/gdbstub-entry.S.obj

[106/1529] Building C object esp-idf/esp_gdbstub/CMakeFiles/__idf_esp_gdbstub.dir/src/packet.c.obj

[107/1529] Building ASM object esp-idf/esp_gdbstub/CMakeFiles/__idf_esp_gdbstub.dir/src/port/xtensa/xt_debugexception.S.obj

[108/1529] Building C object esp-idf/esp_gdbstub/CMakeFiles/__idf_esp_gdbstub.dir/src/port/xtensa/gdbstub_xtensa.c.obj

[109/1529] Building C object esp-idf/esp_wifi/CMakeFiles/__idf_esp_wifi.dir/src/lib_printf.c.obj

[110/1529] Linking C static library esp-idf\esp_driver_ledc\libesp_driver_ledc.a

[111/1529] Building C object esp-idf/esp_driver_spi/CMakeFiles/__idf_esp_driver_spi.dir/src/gpspi/spi_common.c.obj

[112/1529] Building C object esp-idf/esp_driver_spi/CMakeFiles/__idf_esp_driver_spi.dir/src/gpspi/spi_master.c.obj

[113/1529] Building C object esp-idf/esp_wifi/CMakeFiles/__idf_esp_wifi.dir/src/mesh_event.c.obj

[114/1529] Building C object esp-idf/esp_driver_spi/CMakeFiles/__idf_esp_driver_spi.dir/src/gpspi/spi_slave_hd.c.obj

[115/1529] Building C object esp-idf/esp_driver_spi/CMakeFiles/__idf_esp_driver_spi.dir/src/gpspi/spi_slave.c.obj

[116/1529] Building C object esp-idf/esp_wifi/CMakeFiles/__idf_esp_wifi.dir/src/smartconfig.c.obj

[117/1529] Building C object esp-idf/esp_wifi/CMakeFiles/__idf_esp_wifi.dir/src/wifi_default.c.obj

[118/1529] Building C object esp-idf/esp_wifi/CMakeFiles/__idf_esp_wifi.dir/src/wifi_init.c.obj

[119/1529] Building C object esp-idf/esp_wifi/CMakeFiles/__idf_esp_wifi.dir/src/wifi_netif.c.obj

[120/1529] Building C object esp-idf/esp_wifi/CMakeFiles/__idf_esp_wifi.dir/src/wifi_default_ap.c.obj

[121/1529] Linking C static library esp-idf\esp_driver_i2c\libesp_driver_i2c.a

[122/1529] Building C object esp-idf/esp_wifi/CMakeFiles/__idf_esp_wifi.dir/esp32s3/esp_adapter.c.obj

[123/1529] Building C object esp-idf/esp_coex/CMakeFiles/__idf_esp_coex.dir/src/coexist_debug_diagram.c.obj

[124/1529] Building C object esp-idf/esp_wifi/CMakeFiles/__idf_esp_wifi.dir/regulatory/esp_wifi_regulatory.c.obj

[125/1529] Building C object esp-idf/esp_coex/CMakeFiles/__idf_esp_coex.dir/src/coexist_debug.c.obj

[126/1529] Building C object esp-idf/esp_wifi/CMakeFiles/__idf_esp_wifi.dir/src/smartconfig_ack.c.obj

[127/1529] Building C object esp-idf/esp_coex/CMakeFiles/__idf_esp_coex.dir/esp32s3/esp_coex_adapter.c.obj

[128/1529] Linking C static library esp-idf\esp_driver_sdm\libesp_driver_sdm.a

[129/1529] Building C object esp-idf/wpa_supplicant/CMakeFiles/__idf_wpa_supplicant.dir/port/os_xtensa.c.obj

[130/1529] Building C object esp-idf/wpa_supplicant/CMakeFiles/__idf_wpa_supplicant.dir/src/ap/pmksa_cache_auth.c.obj

[131/1529] Building C object esp-idf/wpa_supplicant/CMakeFiles/__idf_wpa_supplicant.dir/src/ap/ap_config.c.obj

[132/1529] Building C object esp-idf/wpa_supplicant/CMakeFiles/__idf_wpa_supplicant.dir/src/ap/wpa_auth_ie.c.obj

[133/1529] Building C object esp-idf/wpa_supplicant/CMakeFiles/__idf_wpa_supplicant.dir/src/ap/wpa_auth.c.obj

[134/1529] Linking C static library esp-idf\esp_driver_tsens\libesp_driver_tsens.a

[135/1529] Building C object esp-idf/wpa_supplicant/CMakeFiles/__idf_wpa_supplicant.dir/port/eloop.c.obj

[136/1529] Building C object esp-idf/wpa_supplicant/CMakeFiles/__idf_wpa_supplicant.dir/src/ap/ieee802_1x.c.obj

[137/1529] Building C object esp-idf/wpa_supplicant/CMakeFiles/__idf_wpa_supplicant.dir/src/ap/ieee802_11.c.obj

[138/1529] Building C object esp-idf/wpa_supplicant/CMakeFiles/__idf_wpa_supplicant.dir/src/ap/sta_info.c.obj

[139/1529] Building C object esp-idf/wpa_supplicant/CMakeFiles/__idf_wpa_supplicant.dir/src/ap/comeback_token.c.obj

[140/1529] Building C object esp-idf/wpa_supplicant/CMakeFiles/__idf_wpa_supplicant.dir/src/common/sae.c.obj

[141/1529] Building C object esp-idf/wpa_supplicant/CMakeFiles/__idf_wpa_supplicant.dir/src/common/dragonfly.c.obj

[142/1529] Building C object esp-idf/wpa_supplicant/CMakeFiles/__idf_wpa_supplicant.dir/src/common/wpa_common.c.obj

[143/1529] Building C object esp-idf/wpa_supplicant/CMakeFiles/__idf_wpa_supplicant.dir/src/crypto/aes-siv.c.obj

[144/1529] Building C object esp-idf/wpa_supplicant/CMakeFiles/__idf_wpa_supplicant.dir/src/utils/bitfield.c.obj

[145/1529] Linking C static library esp-idf\esp_driver_rmt\libesp_driver_rmt.a

[146/1529] Building C object esp-idf/wpa_supplicant/CMakeFiles/__idf_wpa_supplicant.dir/src/crypto/sha256-kdf.c.obj

[147/1529] Building C object esp-idf/wpa_supplicant/CMakeFiles/__idf_wpa_supplicant.dir/src/crypto/ccmp.c.obj

[148/1529] Building C object esp-idf/wpa_supplicant/CMakeFiles/__idf_wpa_supplicant.dir/src/crypto/aes-gcm.c.obj

[149/1529] Building C object esp-idf/wpa_supplicant/CMakeFiles/__idf_wpa_supplicant.dir/src/crypto/crypto_ops.c.obj

[150/1529] Building C object esp-idf/wpa_supplicant/CMakeFiles/__idf_wpa_supplicant.dir/src/crypto/sha1-tlsprf.c.obj

[151/1529] Building C object esp-idf/wpa_supplicant/CMakeFiles/__idf_wpa_supplicant.dir/src/crypto/sha256-tlsprf.c.obj

[152/1529] Linking C static library esp-idf\esp_driver_sdspi\libesp_driver_sdspi.a

[153/1529] Building C object esp-idf/wpa_supplicant/CMakeFiles/__idf_wpa_supplicant.dir/src/crypto/ms_funcs.c.obj

[154/1529] Building C object esp-idf/wpa_supplicant/CMakeFiles/__idf_wpa_supplicant.dir/src/crypto/dh_group5.c.obj

[155/1529] Building C object esp-idf/wpa_supplicant/CMakeFiles/__idf_wpa_supplicant.dir/src/crypto/dh_groups.c.obj

[156/1529] Building C object esp-idf/wpa_supplicant/CMakeFiles/__idf_wpa_supplicant.dir/src/crypto/sha256-prf.c.obj

[157/1529] Building C object esp-idf/wpa_supplicant/CMakeFiles/__idf_wpa_supplicant.dir/src/crypto/sha1-prf.c.obj

[158/1529] Building C object esp-idf/wpa_supplicant/CMakeFiles/__idf_wpa_supplicant.dir/src/crypto/sha384-tlsprf.c.obj

[159/1529] Building C object esp-idf/wpa_supplicant/CMakeFiles/__idf_wpa_supplicant.dir/src/crypto/sha1-tprf.c.obj

[160/1529] Building C object esp-idf/wpa_supplicant/CMakeFiles/__idf_wpa_supplicant.dir/src/crypto/md4-internal.c.obj

[161/1529] Linking C static library esp-idf\esp_driver_sdmmc\libesp_driver_sdmmc.a

[162/1529] Building C object esp-idf/wpa_supplicant/CMakeFiles/__idf_wpa_supplicant.dir/src/crypto/sha384-prf.c.obj

[163/1529] Building C object esp-idf/wpa_supplicant/CMakeFiles/__idf_wpa_supplicant.dir/src/eap_common/eap_wsc_common.c.obj

[164/1529] Building C object esp-idf/wpa_supplicant/CMakeFiles/__idf_wpa_supplicant.dir/src/common/ieee802_11_common.c.obj

[165/1529] Building C object esp-idf/wpa_supplicant/CMakeFiles/__idf_wpa_supplicant.dir/src/eap_peer/eap.c.obj

[166/1529] Building C object esp-idf/wpa_supplicant/CMakeFiles/__idf_wpa_supplicant.dir/src/eap_peer/eap_common.c.obj

[167/1529] Building C object esp-idf/wpa_supplicant/CMakeFiles/__idf_wpa_supplicant.dir/src/eap_peer/eap_mschapv2.c.obj

[168/1529] Building C object esp-idf/wpa_supplicant/CMakeFiles/__idf_wpa_supplicant.dir/src/eap_peer/eap_peap.c.obj

[169/1529] Building C object esp-idf/wpa_supplicant/CMakeFiles/__idf_wpa_supplicant.dir/src/eap_peer/chap.c.obj

[170/1529] Building C object esp-idf/wpa_supplicant/CMakeFiles/__idf_wpa_supplicant.dir/src/eap_peer/eap_peap_common.c.obj

[171/1529] Building C object esp-idf/wpa_supplicant/CMakeFiles/__idf_wpa_supplicant.dir/src/eap_peer/eap_tls_common.c.obj

[172/1529] Linking C static library esp-idf\sdmmc\libsdmmc.a

[173/1529] Building C object esp-idf/wpa_supplicant/CMakeFiles/__idf_wpa_supplicant.dir/src/eap_peer/mschapv2.c.obj

[174/1529] Building C object esp-idf/wpa_supplicant/CMakeFiles/__idf_wpa_supplicant.dir/src/eap_peer/eap_tls.c.obj

[175/1529] Building C object esp-idf/wpa_supplicant/CMakeFiles/__idf_wpa_supplicant.dir/src/eap_peer/eap_ttls.c.obj

[176/1529] Building C object esp-idf/wpa_supplicant/CMakeFiles/__idf_wpa_supplicant.dir/src/eap_peer/eap_fast_common.c.obj

[177/1529] Building C object esp-idf/wpa_supplicant/CMakeFiles/__idf_wpa_supplicant.dir/src/eap_peer/eap_fast.c.obj

[178/1529] Building C object esp-idf/wpa_supplicant/CMakeFiles/__idf_wpa_supplicant.dir/src/rsn_supp/pmksa_cache.c.obj

[179/1529] Building C object esp-idf/wpa_supplicant/CMakeFiles/__idf_wpa_supplicant.dir/src/rsn_supp/wpa.c.obj

[180/1529] Building C object esp-idf/wpa_supplicant/CMakeFiles/__idf_wpa_supplicant.dir/src/eap_peer/eap_fast_pac.c.obj

[181/1529] Building C object esp-idf/wpa_supplicant/CMakeFiles/__idf_wpa_supplicant.dir/src/rsn_supp/wpa_ie.c.obj

[182/1529] Building C object esp-idf/wpa_supplicant/CMakeFiles/__idf_wpa_supplicant.dir/src/utils/base64.c.obj

[183/1529] Linking C static library esp-idf\esp_driver_i2s\libesp_driver_i2s.a

[184/1529] Building C object esp-idf/wpa_supplicant/CMakeFiles/__idf_wpa_supplicant.dir/src/utils/ext_password.c.obj

[185/1529] Building C object esp-idf/wpa_supplicant/CMakeFiles/__idf_wpa_supplicant.dir/src/utils/common.c.obj

[186/1529] Building C object esp-idf/wpa_supplicant/CMakeFiles/__idf_wpa_supplicant.dir/src/utils/wpabuf.c.obj

[187/1529] Building C object esp-idf/wpa_supplicant/CMakeFiles/__idf_wpa_supplicant.dir/src/utils/uuid.c.obj

[188/1529] Building C object esp-idf/wpa_supplicant/CMakeFiles/__idf_wpa_supplicant.dir/src/utils/wpa_debug.c.obj

[189/1529] Building C object esp-idf/wpa_supplicant/CMakeFiles/__idf_wpa_supplicant.dir/src/utils/json.c.obj

[190/1529] Building C object esp-idf/wpa_supplicant/CMakeFiles/__idf_wpa_supplicant.dir/src/wps/wps.c.obj

[191/1529] Building C object esp-idf/wpa_supplicant/CMakeFiles/__idf_wpa_supplicant.dir/src/wps/wps_attr_process.c.obj

[192/1529] Linking C static library esp-idf\esp_driver_mcpwm\libesp_driver_mcpwm.a

[193/1529] Building C object esp-idf/wpa_supplicant/CMakeFiles/__idf_wpa_supplicant.dir/src/wps/wps_attr_parse.c.obj

[194/1529] Building C object esp-idf/wpa_supplicant/CMakeFiles/__idf_wpa_supplicant.dir/esp_supplicant/src/esp_wpa2_api_port.c.obj

[195/1529] Building C object esp-idf/wpa_supplicant/CMakeFiles/__idf_wpa_supplicant.dir/src/wps/wps_attr_build.c.obj

[196/1529] Building C object esp-idf/wpa_supplicant/CMakeFiles/__idf_wpa_supplicant.dir/src/wps/wps_common.c.obj

[197/1529] Building C object esp-idf/wpa_supplicant/CMakeFiles/__idf_wpa_supplicant.dir/src/wps/wps_enrollee.c.obj

[198/1529] Building C object esp-idf/wpa_supplicant/CMakeFiles/__idf_wpa_supplicant.dir/src/wps/wps_dev_attr.c.obj

[199/1529] Building C object esp-idf/wpa_supplicant/CMakeFiles/__idf_wpa_supplicant.dir/src/common/sae_pk.c.obj

[200/1529] Linking C static library esp-idf\esp_driver_pcnt\libesp_driver_pcnt.a

[201/1529] Building C object esp-idf/wpa_supplicant/CMakeFiles/__idf_wpa_supplicant.dir/esp_supplicant/src/esp_wpa_main.c.obj

[202/1529] Building C object esp-idf/wpa_supplicant/CMakeFiles/__idf_wpa_supplicant.dir/esp_supplicant/src/esp_wpas_glue.c.obj

[203/1529] Building C object esp-idf/wpa_supplicant/CMakeFiles/__idf_wpa_supplicant.dir/esp_supplicant/src/esp_eap_client.c.obj

[204/1529] Building C object esp-idf/wpa_supplicant/CMakeFiles/__idf_wpa_supplicant.dir/esp_supplicant/src/esp_common.c.obj

[205/1529] Building C object esp-idf/wpa_supplicant/CMakeFiles/__idf_wpa_supplicant.dir/esp_supplicant/src/esp_wpa3.c.obj

[206/1529] Building C object esp-idf/wpa_supplicant/CMakeFiles/__idf_wpa_supplicant.dir/esp_supplicant/src/esp_wps.c.obj

[207/1529] Building C object esp-idf/wpa_supplicant/CMakeFiles/__idf_wpa_supplicant.dir/esp_supplicant/src/esp_owe.c.obj

[208/1529] Building C object esp-idf/wpa_supplicant/CMakeFiles/__idf_wpa_supplicant.dir/esp_supplicant/src/esp_hostap.c.obj

[209/1529] Linking C static library esp-idf\esp_gdbstub\libesp_gdbstub.a

[210/1529] Building C object esp-idf/wpa_supplicant/CMakeFiles/__idf_wpa_supplicant.dir/esp_supplicant/src/crypto/fastpsk.c.obj

[211/1529] Building C object esp-idf/wpa_supplicant/CMakeFiles/__idf_wpa_supplicant.dir/esp_supplicant/src/crypto/crypto_mbedtls.c.obj

[212/1529] Building C object esp-idf/wpa_supplicant/CMakeFiles/__idf_wpa_supplicant.dir/esp_supplicant/src/crypto/tls_mbedtls.c.obj

[213/1529] Building C object esp-idf/wpa_supplicant/CMakeFiles/__idf_wpa_supplicant.dir/src/crypto/rc4.c.obj

[214/1529] Building C object esp-idf/wpa_supplicant/CMakeFiles/__idf_wpa_supplicant.dir/esp_supplicant/src/crypto/crypto_mbedtls-bignum.c.obj

[215/1529] Building C object esp-idf/wpa_supplicant/CMakeFiles/__idf_wpa_supplicant.dir/esp_supplicant/src/crypto/crypto_mbedtls-rsa.c.obj

[216/1529] Building C object esp-idf/wpa_supplicant/CMakeFiles/__idf_wpa_supplicant.dir/esp_supplicant/src/crypto/crypto_mbedtls-ec.c.obj

[217/1529] Building C object esp-idf/esp_netif/CMakeFiles/__idf_esp_netif.dir/esp_netif_handlers.c.obj

[218/1529] Building C object esp-idf/esp_netif/CMakeFiles/__idf_esp_netif.dir/esp_netif_objects.c.obj

[219/1529] Building C object esp-idf/wpa_supplicant/CMakeFiles/__idf_wpa_supplicant.dir/src/crypto/des-internal.c.obj

[220/1529] Linking C static library esp-idf\esp_driver_spi\libesp_driver_spi.a

[221/1529] Building C object esp-idf/wpa_supplicant/CMakeFiles/__idf_wpa_supplicant.dir/src/crypto/aes-wrap.c.obj

[222/1529] Building C object esp-idf/wpa_supplicant/CMakeFiles/__idf_wpa_supplicant.dir/src/crypto/aes-unwrap.c.obj

[223/1529] Building C object esp-idf/wpa_supplicant/CMakeFiles/__idf_wpa_supplicant.dir/src/crypto/aes-ccm.c.obj

[224/1529] Building C object esp-idf/esp_netif/CMakeFiles/__idf_esp_netif.dir/esp_netif_defaults.c.obj

[225/1529] Building C object esp-idf/esp_netif/CMakeFiles/__idf_esp_netif.dir/lwip/esp_netif_lwip.c.obj

[226/1529] Building C object esp-idf/esp_netif/CMakeFiles/__idf_esp_netif.dir/lwip/esp_netif_lwip_defaults.c.obj

[227/1529] Building C object esp-idf/esp_netif/CMakeFiles/__idf_esp_netif.dir/lwip/esp_netif_sntp.c.obj

[228/1529] Linking C static library esp-idf\esp_wifi\libesp_wifi.a

[229/1529] Building C object esp-idf/esp_netif/CMakeFiles/__idf_esp_netif.dir/lwip/netif/wlanif.c.obj

[230/1529] Building C object esp-idf/esp_netif/CMakeFiles/__idf_esp_netif.dir/lwip/netif/ethernetif.c.obj

[231/1529] Building C object esp-idf/lwip/CMakeFiles/__idf_lwip.dir/apps/sntp/sntp.c.obj

[232/1529] Building C object esp-idf/lwip/CMakeFiles/__idf_lwip.dir/lwip/src/api/api_msg.c.obj

[233/1529] Building C object esp-idf/esp_netif/CMakeFiles/__idf_esp_netif.dir/lwip/netif/esp_pbuf_ref.c.obj

[234/1529] Building C object esp-idf/lwip/CMakeFiles/__idf_lwip.dir/lwip/src/api/err.c.obj

[235/1529] Building C object esp-idf/lwip/CMakeFiles/__idf_lwip.dir/lwip/src/api/if_api.c.obj

[236/1529] Building C object esp-idf/lwip/CMakeFiles/__idf_lwip.dir/lwip/src/api/api_lib.c.obj

[237/1529] Building C object esp-idf/lwip/CMakeFiles/__idf_lwip.dir/lwip/src/api/netbuf.c.obj

[238/1529] Building C object esp-idf/lwip/CMakeFiles/__idf_lwip.dir/lwip/src/api/netdb.c.obj

[239/1529] Linking C static library esp-idf\esp_coex\libesp_coex.a

[240/1529] Building C object esp-idf/lwip/CMakeFiles/__idf_lwip.dir/lwip/src/api/sockets.c.obj

[241/1529] Building C object esp-idf/lwip/CMakeFiles/__idf_lwip.dir/lwip/src/api/netifapi.c.obj

[242/1529] Building C object esp-idf/lwip/CMakeFiles/__idf_lwip.dir/lwip/src/api/tcpip.c.obj

[243/1529] Building C object esp-idf/lwip/CMakeFiles/__idf_lwip.dir/lwip/src/apps/sntp/sntp.c.obj

[244/1529] Building C object esp-idf/lwip/CMakeFiles/__idf_lwip.dir/lwip/src/apps/netbiosns/netbiosns.c.obj

[245/1529] Building C object esp-idf/lwip/CMakeFiles/__idf_lwip.dir/lwip/src/core/inet_chksum.c.obj

[246/1529] Building C object esp-idf/lwip/CMakeFiles/__idf_lwip.dir/lwip/src/core/def.c.obj

[247/1529] Building C object esp-idf/lwip/CMakeFiles/__idf_lwip.dir/lwip/src/core/dns.c.obj

[248/1529] Building C object esp-idf/lwip/CMakeFiles/__idf_lwip.dir/lwip/src/core/ip.c.obj

[249/1529] Building C object esp-idf/lwip/CMakeFiles/__idf_lwip.dir/lwip/src/core/init.c.obj

[250/1529] Building C object esp-idf/lwip/CMakeFiles/__idf_lwip.dir/lwip/src/core/raw.c.obj

[251/1529] Building C object esp-idf/lwip/CMakeFiles/__idf_lwip.dir/lwip/src/core/mem.c.obj

[252/1529] Building C object esp-idf/lwip/CMakeFiles/__idf_lwip.dir/lwip/src/core/memp.c.obj

[253/1529] Building C object esp-idf/lwip/CMakeFiles/__idf_lwip.dir/lwip/src/core/pbuf.c.obj

[254/1529] Building C object esp-idf/lwip/CMakeFiles/__idf_lwip.dir/lwip/src/core/netif.c.obj

[255/1529] Building C object esp-idf/lwip/CMakeFiles/__idf_lwip.dir/lwip/src/core/sys.c.obj

[256/1529] Building C object esp-idf/lwip/CMakeFiles/__idf_lwip.dir/lwip/src/core/stats.c.obj

[257/1529] Linking C static library esp-idf\wpa_supplicant\libwpa_supplicant.a

[258/1529] Building C object esp-idf/lwip/CMakeFiles/__idf_lwip.dir/lwip/src/core/tcp.c.obj

[259/1529] Building C object esp-idf/lwip/CMakeFiles/__idf_lwip.dir/lwip/src/core/tcp_out.c.obj

[260/1529] Building C object esp-idf/lwip/CMakeFiles/__idf_lwip.dir/lwip/src/core/tcp_in.c.obj

[261/1529] Building C object esp-idf/lwip/CMakeFiles/__idf_lwip.dir/lwip/src/core/timeouts.c.obj

[262/1529] Building C object esp-idf/lwip/CMakeFiles/__idf_lwip.dir/lwip/src/core/udp.c.obj

[263/1529] Building C object esp-idf/lwip/CMakeFiles/__idf_lwip.dir/lwip/src/core/ipv4/autoip.c.obj

[264/1529] Building C object esp-idf/lwip/CMakeFiles/__idf_lwip.dir/lwip/src/core/ipv4/dhcp.c.obj

[265/1529] Building C object esp-idf/lwip/CMakeFiles/__idf_lwip.dir/lwip/src/core/ipv4/etharp.c.obj

[266/1529] Building C object esp-idf/lwip/CMakeFiles/__idf_lwip.dir/lwip/src/core/ipv4/igmp.c.obj

[267/1529] Building C object esp-idf/lwip/CMakeFiles/__idf_lwip.dir/lwip/src/core/ipv4/ip4.c.obj

[268/1529] Building C object esp-idf/lwip/CMakeFiles/__idf_lwip.dir/lwip/src/core/ipv4/ip4_addr.c.obj

[269/1529] Building C object esp-idf/lwip/CMakeFiles/__idf_lwip.dir/lwip/src/core/ipv4/icmp.c.obj

[270/1529] Building C object esp-idf/lwip/CMakeFiles/__idf_lwip.dir/lwip/src/core/ipv4/ip4_napt.c.obj

[271/1529] Building C object esp-idf/lwip/CMakeFiles/__idf_lwip.dir/lwip/src/core/ipv4/ip4_frag.c.obj

[272/1529] Building C object esp-idf/lwip/CMakeFiles/__idf_lwip.dir/lwip/src/core/ipv6/ethip6.c.obj

[273/1529] Building C object esp-idf/lwip/CMakeFiles/__idf_lwip.dir/lwip/src/core/ipv6/dhcp6.c.obj

[274/1529] Building C object esp-idf/lwip/CMakeFiles/__idf_lwip.dir/lwip/src/core/ipv6/inet6.c.obj

[275/1529] Building C object esp-idf/lwip/CMakeFiles/__idf_lwip.dir/lwip/src/core/ipv6/icmp6.c.obj

[276/1529] Building C object esp-idf/lwip/CMakeFiles/__idf_lwip.dir/lwip/src/core/ipv6/ip6.c.obj

[277/1529] Building C object esp-idf/lwip/CMakeFiles/__idf_lwip.dir/lwip/src/core/ipv6/ip6_frag.c.obj

[278/1529] Building C object esp-idf/lwip/CMakeFiles/__idf_lwip.dir/lwip/src/core/ipv6/ip6_addr.c.obj

[279/1529] Building C object esp-idf/lwip/CMakeFiles/__idf_lwip.dir/lwip/src/core/ipv6/mld6.c.obj

[280/1529] Building C object esp-idf/lwip/CMakeFiles/__idf_lwip.dir/lwip/src/core/ipv6/nd6.c.obj

[281/1529] Building C object esp-idf/lwip/CMakeFiles/__idf_lwip.dir/lwip/src/netif/ethernet.c.obj

[282/1529] Building C object esp-idf/lwip/CMakeFiles/__idf_lwip.dir/lwip/src/netif/bridgeif_fdb.c.obj

[283/1529] Building C object esp-idf/lwip/CMakeFiles/__idf_lwip.dir/lwip/src/netif/bridgeif.c.obj

[284/1529] Building C object esp-idf/lwip/CMakeFiles/__idf_lwip.dir/lwip/src/netif/slipif.c.obj

[285/1529] Building C object esp-idf/lwip/CMakeFiles/__idf_lwip.dir/lwip/src/netif/ppp/auth.c.obj

[286/1529] Building C object esp-idf/lwip/CMakeFiles/__idf_lwip.dir/lwip/src/netif/ppp/ccp.c.obj

[287/1529] Building C object esp-idf/lwip/CMakeFiles/__idf_lwip.dir/lwip/src/netif/ppp/chap-new.c.obj

[288/1529] Building C object esp-idf/lwip/CMakeFiles/__idf_lwip.dir/lwip/src/netif/ppp/demand.c.obj

[289/1529] Building C object esp-idf/lwip/CMakeFiles/__idf_lwip.dir/lwip/src/netif/ppp/chap-md5.c.obj

[290/1529] Building C object esp-idf/lwip/CMakeFiles/__idf_lwip.dir/lwip/src/netif/ppp/eap.c.obj

[291/1529] Building C object esp-idf/lwip/CMakeFiles/__idf_lwip.dir/lwip/src/netif/ppp/chap_ms.c.obj

[292/1529] Building C object esp-idf/lwip/CMakeFiles/__idf_lwip.dir/lwip/src/netif/ppp/ecp.c.obj

[293/1529] Building C object esp-idf/lwip/CMakeFiles/__idf_lwip.dir/lwip/src/netif/ppp/fsm.c.obj

[294/1529] Building C object esp-idf/lwip/CMakeFiles/__idf_lwip.dir/lwip/src/netif/ppp/eui64.c.obj

[295/1529] Building C object esp-idf/lwip/CMakeFiles/__idf_lwip.dir/lwip/src/netif/ppp/ipcp.c.obj

[296/1529] Building C object esp-idf/lwip/CMakeFiles/__idf_lwip.dir/lwip/src/netif/ppp/magic.c.obj

[297/1529] Building C object esp-idf/lwip/CMakeFiles/__idf_lwip.dir/lwip/src/netif/ppp/lcp.c.obj

[298/1529] Building C object esp-idf/lwip/CMakeFiles/__idf_lwip.dir/lwip/src/netif/ppp/ipv6cp.c.obj

[299/1529] Building C object esp-idf/lwip/CMakeFiles/__idf_lwip.dir/lwip/src/netif/ppp/mppe.c.obj

[300/1529] Building C object esp-idf/lwip/CMakeFiles/__idf_lwip.dir/lwip/src/netif/ppp/pppapi.c.obj

[301/1529] Building C object esp-idf/lwip/CMakeFiles/__idf_lwip.dir/lwip/src/netif/ppp/multilink.c.obj

[302/1529] Building C object esp-idf/lwip/CMakeFiles/__idf_lwip.dir/lwip/src/netif/ppp/ppp.c.obj

[303/1529] Building C object esp-idf/lwip/CMakeFiles/__idf_lwip.dir/lwip/src/netif/ppp/pppoe.c.obj

[304/1529] Building C object esp-idf/lwip/CMakeFiles/__idf_lwip.dir/lwip/src/netif/ppp/pppcrypt.c.obj

[305/1529] Building C object esp-idf/lwip/CMakeFiles/__idf_lwip.dir/lwip/src/netif/ppp/pppos.c.obj

[306/1529] Building C object esp-idf/lwip/CMakeFiles/__idf_lwip.dir/lwip/src/netif/ppp/pppol2tp.c.obj

[307/1529] Building C object esp-idf/lwip/CMakeFiles/__idf_lwip.dir/lwip/src/netif/ppp/utils.c.obj

[308/1529] Building C object esp-idf/lwip/CMakeFiles/__idf_lwip.dir/port/hooks/tcp_isn_default.c.obj

[309/1529] Building C object esp-idf/lwip/CMakeFiles/__idf_lwip.dir/lwip/src/netif/ppp/upap.c.obj

[310/1529] Building C object esp-idf/lwip/CMakeFiles/__idf_lwip.dir/lwip/src/netif/ppp/vj.c.obj

[311/1529] Building C object esp-idf/lwip/CMakeFiles/__idf_lwip.dir/port/debug/lwip_debug.c.obj

[312/1529] Building C object esp-idf/lwip/CMakeFiles/__idf_lwip.dir/port/if_index.c.obj

[313/1529] Building C object esp-idf/lwip/CMakeFiles/__idf_lwip.dir/port/hooks/lwip_default_hooks.c.obj

[314/1529] Building C object esp-idf/lwip/CMakeFiles/__idf_lwip.dir/port/sockets_ext.c.obj

[315/1529] Building C object esp-idf/lwip/CMakeFiles/__idf_lwip.dir/port/acd_dhcp_check.c.obj

[316/1529] Building C object esp-idf/lwip/CMakeFiles/__idf_lwip.dir/port/freertos/sys_arch.c.obj

[317/1529] Building C object esp-idf/lwip/CMakeFiles/__idf_lwip.dir/port/esp32xx/vfs_lwip.c.obj

[318/1529] Building C object esp-idf/lwip/CMakeFiles/__idf_lwip.dir/apps/ping/esp_ping.c.obj

[319/1529] Building C object esp-idf/lwip/CMakeFiles/__idf_lwip.dir/lwip/src/netif/ppp/polarssl/des.c.obj

[320/1529] Building C object esp-idf/lwip/CMakeFiles/__idf_lwip.dir/lwip/src/netif/ppp/polarssl/arc4.c.obj

[321/1529] Building C object esp-idf/lwip/CMakeFiles/__idf_lwip.dir/apps/ping/ping.c.obj

[322/1529] Building C object esp-idf/lwip/CMakeFiles/__idf_lwip.dir/apps/ping/ping_sock.c.obj

[323/1529] Linking C static library esp-idf\esp_netif\libesp_netif.a

[324/1529] Building C object esp-idf/lwip/CMakeFiles/__idf_lwip.dir/lwip/src/netif/ppp/polarssl/md4.c.obj

[325/1529] Building C object esp-idf/lwip/CMakeFiles/__idf_lwip.dir/lwip/src/netif/ppp/polarssl/md5.c.obj

[326/1529] Building C object esp-idf/lwip/CMakeFiles/__idf_lwip.dir/apps/dhcpserver/dhcpserver.c.obj

[327/1529] Building C object esp-idf/lwip/CMakeFiles/__idf_lwip.dir/lwip/src/netif/ppp/polarssl/sha1.c.obj

[328/1529] Building C object esp-idf/vfs/CMakeFiles/__idf_vfs.dir/vfs.c.obj

[329/1529] Building C object esp-idf/vfs/CMakeFiles/__idf_vfs.dir/vfs_semihost.c.obj

[330/1529] Building C object esp-idf/vfs/CMakeFiles/__idf_vfs.dir/vfs_eventfd.c.obj

[331/1529] Building C object esp-idf/esp_vfs_console/CMakeFiles/__idf_esp_vfs_console.dir/vfs_console.c.obj

[332/1529] Building C object esp-idf/esp_phy/CMakeFiles/__idf_esp_phy.dir/src/lib_printf.c.obj

[333/1529] Building C object esp-idf/vfs/CMakeFiles/__idf_vfs.dir/nullfs.c.obj

[334/1529] Building C object esp-idf/esp_driver_usb_serial_jtag/CMakeFiles/__idf_esp_driver_usb_serial_jtag.dir/src/usb_serial_jtag.c.obj

[335/1529] Building C object esp-idf/esp_phy/CMakeFiles/__idf_esp_phy.dir/src/phy_override.c.obj

[336/1529] Building C object esp-idf/esp_driver_usb_serial_jtag/CMakeFiles/__idf_esp_driver_usb_serial_jtag.dir/src/usb_serial_jtag_connection_monitor.c.obj

[337/1529] Building C object esp-idf/esp_driver_usb_serial_jtag/CMakeFiles/__idf_esp_driver_usb_serial_jtag.dir/src/usb_serial_jtag_vfs.c.obj

[338/1529] Building C object esp-idf/esp_phy/CMakeFiles/__idf_esp_phy.dir/esp32s3/phy_init_data.c.obj

[339/1529] Building C object esp-idf/esp_phy/CMakeFiles/__idf_esp_phy.dir/src/phy_common.c.obj

[340/1529] Building C object esp-idf/esp_phy/CMakeFiles/__idf_esp_phy.dir/src/btbb_init.c.obj

[341/1529] Building C object esp-idf/esp_phy/CMakeFiles/__idf_esp_phy.dir/src/phy_init.c.obj

[342/1529] Building C object esp-idf/nvs_flash/CMakeFiles/__idf_nvs_flash.dir/src/nvs_bootloader.c.obj

[343/1529] Linking C static library esp-idf\lwip\liblwip.a

[344/1529] Building C object esp-idf/nvs_flash/CMakeFiles/__idf_nvs_flash.dir/src/nvs_bootloader_aes.c.obj

[345/1529] Linking C static library esp-idf\vfs\libvfs.a

[346/1529] Linking C static library esp-idf\esp_vfs_console\libesp_vfs_console.a

[347/1529] Linking C static library esp-idf\esp_driver_usb_serial_jtag\libesp_driver_usb_serial_jtag.a

[348/1529] Building C object esp-idf/nvs_flash/CMakeFiles/__idf_nvs_flash.dir/src/nvs_bootloader_xts_aes.c.obj

[349/1529] Linking C static library esp-idf\esp_phy\libesp_phy.a

[350/1529] Building CXX object esp-idf/nvs_flash/CMakeFiles/__idf_nvs_flash.dir/src/nvs_platform.cpp.obj

[351/1529] Building C object esp-idf/esp_event/CMakeFiles/__idf_esp_event.dir/default_event_loop.c.obj

[352/1529] Building C object esp-idf/esp_event/CMakeFiles/__idf_esp_event.dir/esp_event.c.obj

[353/1529] Building C object esp-idf/esp_event/CMakeFiles/__idf_esp_event.dir/esp_event_private.c.obj

[354/1529] Building CXX object esp-idf/nvs_flash/CMakeFiles/__idf_nvs_flash.dir/src/nvs_partition.cpp.obj

[355/1529] Building CXX object esp-idf/nvs_flash/CMakeFiles/__idf_nvs_flash.dir/src/nvs_partition_lookup.cpp.obj

[356/1529] Building C object esp-idf/esp_driver_uart/CMakeFiles/__idf_esp_driver_uart.dir/src/uart.c.obj

[357/1529] Building C object esp-idf/esp_driver_uart/CMakeFiles/__idf_esp_driver_uart.dir/src/uart_wakeup.c.obj

[358/1529] Building CXX object esp-idf/nvs_flash/CMakeFiles/__idf_nvs_flash.dir/src/nvs_item_hash_list.cpp.obj

[359/1529] Building C object esp-idf/esp_driver_uart/CMakeFiles/__idf_esp_driver_uart.dir/src/uhci.c.obj

[360/1529] Building C object esp-idf/esp_driver_uart/CMakeFiles/__idf_esp_driver_uart.dir/src/uart_vfs.c.obj

[361/1529] Building CXX object esp-idf/nvs_flash/CMakeFiles/__idf_nvs_flash.dir/src/nvs_pagemanager.cpp.obj

[362/1529] Building C object esp-idf/esp_psram/CMakeFiles/__idf_esp_psram.dir/system_layer/esp_psram_mspi.c.obj

[363/1529] Building C object esp-idf/esp_psram/CMakeFiles/__idf_esp_psram.dir/system_layer/esp_psram.c.obj

[364/1529] Building C object esp-idf/esp_psram/CMakeFiles/__idf_esp_psram.dir/esp32s3/esp_psram_impl_octal.c.obj

[365/1529] Building CXX object esp-idf/nvs_flash/CMakeFiles/__idf_nvs_flash.dir/src/nvs_api.cpp.obj

[366/1529] Building C object esp-idf/esp_psram/CMakeFiles/__idf_esp_psram.dir/xip_impl/mmu_psram_flash.c.obj

[367/1529] Building CXX object esp-idf/nvs_flash/CMakeFiles/__idf_nvs_flash.dir/src/nvs_page.cpp.obj

[368/1529] Building CXX object esp-idf/nvs_flash/CMakeFiles/__idf_nvs_flash.dir/src/nvs_handle_locked.cpp.obj

[369/1529] Building C object esp-idf/esp_ringbuf/CMakeFiles/__idf_esp_ringbuf.dir/ringbuf.c.obj

[370/1529] Building CXX object esp-idf/nvs_flash/CMakeFiles/__idf_nvs_flash.dir/src/nvs_types.cpp.obj

[371/1529] Building C object esp-idf/esp_driver_gptimer/CMakeFiles/__idf_esp_driver_gptimer.dir/src/gptimer_common.c.obj

[372/1529] Building C object esp-idf/esp_driver_gptimer/CMakeFiles/__idf_esp_driver_gptimer.dir/src/gptimer.c.obj

[373/1529] Building C object esp-idf/esp_timer/CMakeFiles/__idf_esp_timer.dir/src/esp_timer_init.c.obj

[374/1529] Building C object esp-idf/esp_timer/CMakeFiles/__idf_esp_timer.dir/src/system_time.c.obj

[375/1529] Building C object esp-idf/esp_timer/CMakeFiles/__idf_esp_timer.dir/src/esp_timer.c.obj

[376/1529] Building C object esp-idf/esp_timer/CMakeFiles/__idf_esp_timer.dir/src/ets_timer_legacy.c.obj

[377/1529] Building C object esp-idf/esp_timer/CMakeFiles/__idf_esp_timer.dir/src/esp_timer_impl_common.c.obj

[378/1529] Building C object esp-idf/esp_timer/CMakeFiles/__idf_esp_timer.dir/src/esp_timer_impl_systimer.c.obj

[379/1529] Building CXX object esp-idf/nvs_flash/CMakeFiles/__idf_nvs_flash.dir/src/nvs_handle_simple.cpp.obj

[380/1529] Building CXX object esp-idf/nvs_flash/CMakeFiles/__idf_nvs_flash.dir/src/nvs_storage.cpp.obj

[381/1529] Building CXX object esp-idf/nvs_flash/CMakeFiles/__idf_nvs_flash.dir/src/nvs_cxx_api.cpp.obj

[382/1529] Building CXX object esp-idf/nvs_flash/CMakeFiles/__idf_nvs_flash.dir/src/nvs_partition_manager.cpp.obj

[383/1529] Building CXX object esp-idf/nvs_flash/CMakeFiles/__idf_nvs_flash.dir/src/nvs_encrypted_partition.cpp.obj

[384/1529] Building C object esp-idf/pthread/CMakeFiles/__idf_pthread.dir/pthread_cond_var.c.obj

[385/1529] Building C object esp-idf/pthread/CMakeFiles/__idf_pthread.dir/pthread.c.obj

[386/1529] Building C object esp-idf/pthread/CMakeFiles/__idf_pthread.dir/pthread_local_storage.c.obj

[387/1529] Building C object esp-idf/newlib/CMakeFiles/__idf_newlib.dir/src/abort.c.obj

[388/1529] Building C object esp-idf/newlib/CMakeFiles/__idf_newlib.dir/src/assert.c.obj

[389/1529] Building C object esp-idf/newlib/CMakeFiles/__idf_newlib.dir/src/init.c.obj

[390/1529] Building C object esp-idf/pthread/CMakeFiles/__idf_pthread.dir/pthread_rwlock.c.obj

[391/1529] Building C object esp-idf/newlib/CMakeFiles/__idf_newlib.dir/src/heap.c.obj

[392/1529] Building C object esp-idf/pthread/CMakeFiles/__idf_pthread.dir/pthread_semaphore.c.obj

[393/1529] Building C object esp-idf/newlib/CMakeFiles/__idf_newlib.dir/src/locks.c.obj

[394/1529] Building C object esp-idf/newlib/CMakeFiles/__idf_newlib.dir/src/poll.c.obj

[395/1529] Linking C static library esp-idf\nvs_flash\libnvs_flash.a

[396/1529] Building C object esp-idf/newlib/CMakeFiles/__idf_newlib.dir/src/random.c.obj

[397/1529] Building C object esp-idf/newlib/CMakeFiles/__idf_newlib.dir/src/getentropy.c.obj

[398/1529] Building C object esp-idf/newlib/CMakeFiles/__idf_newlib.dir/src/pthread.c.obj

[399/1529] Building C object esp-idf/newlib/CMakeFiles/__idf_newlib.dir/src/termios.c.obj

[400/1529] Building C object esp-idf/newlib/CMakeFiles/__idf_newlib.dir/src/stdatomic.c.obj

[401/1529] Building C object esp-idf/newlib/CMakeFiles/__idf_newlib.dir/src/sysconf.c.obj

[402/1529] Linking C static library esp-idf\esp_event\libesp_event.a

[403/1529] Building C object esp-idf/newlib/CMakeFiles/__idf_newlib.dir/src/time.c.obj

[404/1529] Building CXX object esp-idf/cxx/CMakeFiles/__idf_cxx.dir/cxx_init.cpp.obj

[405/1529] Building C object esp-idf/newlib/CMakeFiles/__idf_newlib.dir/src/realpath.c.obj

[406/1529] Building CXX object esp-idf/cxx/CMakeFiles/__idf_cxx.dir/cxx_guards.cpp.obj

[407/1529] Building CXX object esp-idf/cxx/CMakeFiles/__idf_cxx.dir/cxx_exception_stubs.cpp.obj

[408/1529] Building C object esp-idf/newlib/CMakeFiles/__idf_newlib.dir/src/scandir.c.obj

[409/1529] Building C object esp-idf/newlib/CMakeFiles/__idf_newlib.dir/src/reent_syscalls.c.obj

[410/1529] Building C object esp-idf/newlib/CMakeFiles/__idf_newlib.dir/src/flockfile.c.obj

[411/1529] Building C object esp-idf/newlib/CMakeFiles/__idf_newlib.dir/src/syscalls.c.obj

[412/1529] Building C object esp-idf/newlib/CMakeFiles/__idf_newlib.dir/src/port/xtensa/stdatomic_s32c1i.c.obj

[413/1529] Building C object esp-idf/newlib/CMakeFiles/__idf_newlib.dir/src/reent_init.c.obj

[414/1529] Building C object esp-idf/newlib/CMakeFiles/__idf_newlib.dir/src/port/esp_time_impl.c.obj

[415/1529] Linking C static library esp-idf\esp_driver_uart\libesp_driver_uart.a

[416/1529] Building C object esp-idf/newlib/CMakeFiles/__idf_newlib.dir/src/newlib_init.c.obj

[417/1529] Building C object esp-idf/freertos/CMakeFiles/__idf_freertos.dir/port_common.c.obj

[418/1529] Building C object esp-idf/freertos/CMakeFiles/__idf_freertos.dir/app_startup.c.obj

[419/1529] Building C object esp-idf/freertos/CMakeFiles/__idf_freertos.dir/heap_idf.c.obj

[420/1529] Building C object esp-idf/freertos/CMakeFiles/__idf_freertos.dir/port_systick.c.obj

[421/1529] Building C object esp-idf/freertos/CMakeFiles/__idf_freertos.dir/FreeRTOS-Kernel/list.c.obj

[422/1529] Linking C static library esp-idf\esp_psram\libesp_psram.a

[423/1529] Building C object esp-idf/freertos/CMakeFiles/__idf_freertos.dir/FreeRTOS-Kernel/queue.c.obj

[424/1529] Building ASM object esp-idf/freertos/CMakeFiles/__idf_freertos.dir/FreeRTOS-Kernel/portable/xtensa/portasm.S.obj

[425/1529] Building C object esp-idf/freertos/CMakeFiles/__idf_freertos.dir/FreeRTOS-Kernel/tasks.c.obj

[426/1529] Building C object esp-idf/freertos/CMakeFiles/__idf_freertos.dir/FreeRTOS-Kernel/timers.c.obj

[427/1529] Building C object esp-idf/freertos/CMakeFiles/__idf_freertos.dir/FreeRTOS-Kernel/portable/xtensa/port.c.obj

[428/1529] Building C object esp-idf/freertos/CMakeFiles/__idf_freertos.dir/FreeRTOS-Kernel/stream_buffer.c.obj

[429/1529] Building C object esp-idf/freertos/CMakeFiles/__idf_freertos.dir/FreeRTOS-Kernel/event_groups.c.obj

[430/1529] Building C object esp-idf/freertos/CMakeFiles/__idf_freertos.dir/FreeRTOS-Kernel/portable/xtensa/xtensa_init.c.obj

[431/1529] Building C object esp-idf/freertos/CMakeFiles/__idf_freertos.dir/FreeRTOS-Kernel/portable/xtensa/xtensa_overlay_os_hook.c.obj

[432/1529] Building C object esp-idf/freertos/CMakeFiles/__idf_freertos.dir/esp_additions/freertos_compatibility.c.obj

[433/1529] Linking C static library esp-idf\esp_ringbuf\libesp_ringbuf.a

[434/1529] Building C object esp-idf/freertos/CMakeFiles/__idf_freertos.dir/esp_additions/idf_additions_event_groups.c.obj

[435/1529] Building C object esp-idf/esp_hw_support/CMakeFiles/__idf_esp_hw_support.dir/port/esp32s3/cpu_region_protect.c.obj

[436/1529] Building C object esp-idf/esp_hw_support/CMakeFiles/__idf_esp_hw_support.dir/esp_memory_utils.c.obj

[437/1529] Building C object esp-idf/freertos/CMakeFiles/__idf_freertos.dir/esp_additions/idf_additions.c.obj

[438/1529] Building C object esp-idf/esp_hw_support/CMakeFiles/__idf_esp_hw_support.dir/cpu.c.obj

[439/1529] Building C object esp-idf/esp_hw_support/CMakeFiles/__idf_esp_hw_support.dir/esp_clk.c.obj

[440/1529] Building C object esp-idf/esp_hw_support/CMakeFiles/__idf_esp_hw_support.dir/port/esp32s3/esp_cpu_intr.c.obj

[441/1529] Building C object esp-idf/esp_hw_support/CMakeFiles/__idf_esp_hw_support.dir/hw_random.c.obj

[442/1529] Building C object esp-idf/esp_hw_support/CMakeFiles/__idf_esp_hw_support.dir/clk_ctrl_os.c.obj

[443/1529] Linking C static library esp-idf\esp_driver_gptimer\libesp_driver_gptimer.a

[444/1529] Building C object esp-idf/esp_hw_support/CMakeFiles/__idf_esp_hw_support.dir/revision.c.obj

[445/1529] Building C object esp-idf/esp_hw_support/CMakeFiles/__idf_esp_hw_support.dir/intr_alloc.c.obj

[446/1529] Building C object esp-idf/esp_hw_support/CMakeFiles/__idf_esp_hw_support.dir/rtc_module.c.obj

[447/1529] Building C object esp-idf/esp_hw_support/CMakeFiles/__idf_esp_hw_support.dir/esp_gpio_reserve.c.obj

[448/1529] Building C object esp-idf/esp_hw_support/CMakeFiles/__idf_esp_hw_support.dir/periph_ctrl.c.obj

[449/1529] Building C object esp-idf/esp_hw_support/CMakeFiles/__idf_esp_hw_support.dir/mac_addr.c.obj

[450/1529] Building C object esp-idf/esp_hw_support/CMakeFiles/__idf_esp_hw_support.dir/regi2c_ctrl.c.obj

[451/1529] Building C object esp-idf/esp_hw_support/CMakeFiles/__idf_esp_hw_support.dir/sar_periph_ctrl_common.c.obj

[452/1529] Building C object esp-idf/esp_hw_support/CMakeFiles/__idf_esp_hw_support.dir/port/esp32s3/io_mux.c.obj

[453/1529] Building C object esp-idf/esp_hw_support/CMakeFiles/__idf_esp_hw_support.dir/port/esp32s3/esp_clk_tree.c.obj

[454/1529] Linking C static library esp-idf\esp_timer\libesp_timer.a

[455/1529] Building C object esp-idf/esp_hw_support/CMakeFiles/__idf_esp_hw_support.dir/dma/gdma_link.c.obj

[456/1529] Building C object esp-idf/esp_hw_support/CMakeFiles/__idf_esp_hw_support.dir/port/esp_clk_tree_common.c.obj

[457/1529] Building C object esp-idf/esp_hw_support/CMakeFiles/__idf_esp_hw_support.dir/spi_bus_lock.c.obj

[458/1529] Building C object esp-idf/esp_hw_support/CMakeFiles/__idf_esp_hw_support.dir/dma/esp_dma_utils.c.obj

[459/1529] Building C object esp-idf/esp_hw_support/CMakeFiles/__idf_esp_hw_support.dir/sleep_mspi.c.obj

[460/1529] Building C object esp-idf/esp_hw_support/CMakeFiles/__idf_esp_hw_support.dir/spi_share_hw_ctrl.c.obj

[461/1529] Building C object esp-idf/esp_hw_support/CMakeFiles/__idf_esp_hw_support.dir/clk_utils.c.obj

[462/1529] Building C object esp-idf/esp_hw_support/CMakeFiles/__idf_esp_hw_support.dir/adc_share_hw_ctrl.c.obj

[463/1529] Building C object esp-idf/esp_hw_support/CMakeFiles/__idf_esp_hw_support.dir/sleep_console.c.obj

[464/1529] Building C object esp-idf/esp_hw_support/CMakeFiles/__idf_esp_hw_support.dir/sleep_usb.c.obj

[465/1529] Building C object esp-idf/esp_hw_support/CMakeFiles/__idf_esp_hw_support.dir/sleep_modem.c.obj

[466/1529] Linking C static library esp-idf\cxx\libcxx.a

[467/1529] Building C object esp-idf/esp_hw_support/CMakeFiles/__idf_esp_hw_support.dir/sleep_gpio.c.obj

[468/1529] Building C object esp-idf/esp_hw_support/CMakeFiles/__idf_esp_hw_support.dir/sleep_event.c.obj

[469/1529] Building C object esp-idf/esp_hw_support/CMakeFiles/__idf_esp_hw_support.dir/sleep_modes.c.obj

[470/1529] Building C object esp-idf/esp_hw_support/CMakeFiles/__idf_esp_hw_support.dir/dma/gdma.c.obj

[471/1529] Building C object esp-idf/esp_hw_support/CMakeFiles/__idf_esp_hw_support.dir/port/esp32s3/systimer.c.obj

[472/1529] Building C object esp-idf/esp_hw_support/CMakeFiles/__idf_esp_hw_support.dir/dma/esp_async_memcpy.c.obj

[473/1529] Building C object esp-idf/esp_hw_support/CMakeFiles/__idf_esp_hw_support.dir/deprecated/gdma_legacy.c.obj

[474/1529] Building C object esp-idf/esp_hw_support/CMakeFiles/__idf_esp_hw_support.dir/dma/async_memcpy_gdma.c.obj

[475/1529] Building C object esp-idf/esp_hw_support/CMakeFiles/__idf_esp_hw_support.dir/power_supply/brownout.c.obj

[476/1529] Linking C static library esp-idf\pthread\libpthread.a

[477/1529] Building C object esp-idf/esp_hw_support/CMakeFiles/__idf_esp_hw_support.dir/mspi_timing_tuning/mspi_timing_tuning.c.obj

[478/1529] Building C object esp-idf/esp_hw_support/CMakeFiles/__idf_esp_hw_support.dir/esp_clock_output.c.obj

[479/1529] Building C object esp-idf/esp_hw_support/CMakeFiles/__idf_esp_hw_support.dir/sleep_wake_stub.c.obj

[480/1529] Building C object esp-idf/esp_hw_support/CMakeFiles/__idf_esp_hw_support.dir/port/esp32s3/rtc_clk.c.obj

[481/1529] Building C object esp-idf/esp_hw_support/CMakeFiles/__idf_esp_hw_support.dir/port/esp32s3/rtc_clk_init.c.obj

[482/1529] Building C object esp-idf/esp_hw_support/CMakeFiles/__idf_esp_hw_support.dir/port/esp32s3/rtc_sleep.c.obj

[483/1529] Building C object esp-idf/esp_hw_support/CMakeFiles/__idf_esp_hw_support.dir/port/esp32s3/rtc_init.c.obj

[484/1529] Building C object esp-idf/esp_hw_support/CMakeFiles/__idf_esp_hw_support.dir/port/esp32s3/chip_info.c.obj

[485/1529] Building C object esp-idf/esp_hw_support/CMakeFiles/__idf_esp_hw_support.dir/port/esp_memprot_conv.c.obj

[486/1529] Building C object esp-idf/esp_hw_support/CMakeFiles/__idf_esp_hw_support.dir/mspi_timing_tuning/port/esp32s3/mspi_timing_config.c.obj

[487/1529] Building C object esp-idf/esp_hw_support/CMakeFiles/__idf_esp_hw_support.dir/port/esp32s3/rtc_time.c.obj

[488/1529] Building C object esp-idf/esp_hw_support/CMakeFiles/__idf_esp_hw_support.dir/port/esp32s3/sar_periph_ctrl.c.obj

[489/1529] Building C object esp-idf/esp_hw_support/CMakeFiles/__idf_esp_hw_support.dir/port/esp32s3/esp_memprot.c.obj

[490/1529] Linking C static library esp-idf\newlib\libnewlib.a

[491/1529] Building C object esp-idf/esp_hw_support/CMakeFiles/__idf_esp_hw_support.dir/lowpower/port/esp32s3/sleep_cpu.c.obj

[492/1529] Building C object esp-idf/esp_security/CMakeFiles/__idf_esp_security.dir/src/esp_crypto_lock.c.obj

[493/1529] Building C object esp-idf/esp_security/CMakeFiles/__idf_esp_security.dir/src/init.c.obj

[494/1529] Building C object esp-idf/esp_hw_support/CMakeFiles/__idf_esp_hw_support.dir/mspi_timing_tuning/port/esp32s3/mspi_timing_by_mspi_delay.c.obj

[495/1529] Building C object esp-idf/esp_security/CMakeFiles/__idf_esp_security.dir/src/esp_hmac.c.obj

[496/1529] Building C object esp-idf/esp_security/CMakeFiles/__idf_esp_security.dir/src/esp_crypto_periph_clk.c.obj

[497/1529] Building C object esp-idf/soc/CMakeFiles/__idf_soc.dir/lldesc.c.obj

[498/1529] Building C object esp-idf/soc/CMakeFiles/__idf_soc.dir/dport_access_common.c.obj

[499/1529] Building C object esp-idf/esp_security/CMakeFiles/__idf_esp_security.dir/src/esp_ds.c.obj

[500/1529] Building C object esp-idf/soc/CMakeFiles/__idf_soc.dir/esp32s3/interrupts.c.obj

[501/1529] Building C object esp-idf/soc/CMakeFiles/__idf_soc.dir/esp32s3/gpio_periph.c.obj

[502/1529] Building C object esp-idf/soc/CMakeFiles/__idf_soc.dir/esp32s3/uart_periph.c.obj

[503/1529] Building C object esp-idf/soc/CMakeFiles/__idf_soc.dir/esp32s3/adc_periph.c.obj

[504/1529] Building C object esp-idf/soc/CMakeFiles/__idf_soc.dir/esp32s3/dedic_gpio_periph.c.obj

[505/1529] Building C object esp-idf/soc/CMakeFiles/__idf_soc.dir/esp32s3/gdma_periph.c.obj

[506/1529] Building C object esp-idf/soc/CMakeFiles/__idf_soc.dir/esp32s3/ledc_periph.c.obj

[507/1529] Building C object esp-idf/soc/CMakeFiles/__idf_soc.dir/esp32s3/spi_periph.c.obj

[508/1529] Building C object esp-idf/soc/CMakeFiles/__idf_soc.dir/esp32s3/pcnt_periph.c.obj

[509/1529] Linking C static library esp-idf\freertos\libfreertos.a

[510/1529] Building C object esp-idf/soc/CMakeFiles/__idf_soc.dir/esp32s3/rmt_periph.c.obj

[511/1529] Building C object esp-idf/soc/CMakeFiles/__idf_soc.dir/esp32s3/sdm_periph.c.obj

[512/1529] Building C object esp-idf/soc/CMakeFiles/__idf_soc.dir/esp32s3/i2c_periph.c.obj

[513/1529] Building C object esp-idf/soc/CMakeFiles/__idf_soc.dir/esp32s3/i2s_periph.c.obj

[514/1529] Building C object esp-idf/soc/CMakeFiles/__idf_soc.dir/esp32s3/temperature_sensor_periph.c.obj

[515/1529] Building C object esp-idf/soc/CMakeFiles/__idf_soc.dir/esp32s3/timer_periph.c.obj

[516/1529] Building C object esp-idf/soc/CMakeFiles/__idf_soc.dir/esp32s3/mcpwm_periph.c.obj

[517/1529] Building C object esp-idf/soc/CMakeFiles/__idf_soc.dir/esp32s3/lcd_periph.c.obj

[518/1529] Building C object esp-idf/soc/CMakeFiles/__idf_soc.dir/esp32s3/touch_sensor_periph.c.obj

[519/1529] Building C object esp-idf/soc/CMakeFiles/__idf_soc.dir/esp32s3/sdmmc_periph.c.obj

[520/1529] Building C object esp-idf/soc/CMakeFiles/__idf_soc.dir/esp32s3/mpi_periph.c.obj

[521/1529] Building C object esp-idf/soc/CMakeFiles/__idf_soc.dir/esp32s3/twai_periph.c.obj

[522/1529] Building C object esp-idf/soc/CMakeFiles/__idf_soc.dir/esp32s3/wdt_periph.c.obj

[523/1529] Building C object esp-idf/soc/CMakeFiles/__idf_soc.dir/esp32s3/cam_periph.c.obj

[524/1529] Building C object esp-idf/soc/CMakeFiles/__idf_soc.dir/esp32s3/usb_dwc_periph.c.obj

[525/1529] Building C object esp-idf/soc/CMakeFiles/__idf_soc.dir/esp32s3/rtc_io_periph.c.obj

[526/1529] Building C object esp-idf/soc/CMakeFiles/__idf_soc.dir/esp32s3/power_supply_periph.c.obj

[527/1529] Building C object esp-idf/heap/CMakeFiles/__idf_heap.dir/port/memory_layout_utils.c.obj

[528/1529] Building C object esp-idf/heap/CMakeFiles/__idf_heap.dir/heap_caps_init.c.obj

[529/1529] Building C object esp-idf/heap/CMakeFiles/__idf_heap.dir/heap_caps.c.obj

[530/1529] Building C object esp-idf/heap/CMakeFiles/__idf_heap.dir/tlsf/tlsf.c.obj

[531/1529] Building C object esp-idf/heap/CMakeFiles/__idf_heap.dir/multi_heap.c.obj

[532/1529] Building C object esp-idf/heap/CMakeFiles/__idf_heap.dir/port/esp32s3/memory_layout.c.obj

[533/1529] Building C object esp-idf/heap/CMakeFiles/__idf_heap.dir/heap_caps_base.c.obj

[534/1529] Building C object esp-idf/log/CMakeFiles/__idf_log.dir/src/util.c.obj

[535/1529] Linking C static library esp-idf\esp_hw_support\libesp_hw_support.a

[536/1529] Building C object esp-idf/log/CMakeFiles/__idf_log.dir/src/os/log_timestamp.c.obj

[537/1529] Building C object esp-idf/log/CMakeFiles/__idf_log.dir/src/buffer/log_buffers.c.obj

[538/1529] Building C object esp-idf/log/CMakeFiles/__idf_log.dir/src/os/log_lock.c.obj

[539/1529] Building C object esp-idf/log/CMakeFiles/__idf_log.dir/src/os/util.c.obj

[540/1529] Building C object esp-idf/log/CMakeFiles/__idf_log.dir/src/log_timestamp_common.c.obj

[541/1529] Building C object esp-idf/log/CMakeFiles/__idf_log.dir/src/log_format_text.c.obj

[542/1529] Building C object esp-idf/log/CMakeFiles/__idf_log.dir/src/log_print.c.obj

[543/1529] Linking C static library esp-idf\esp_security\libesp_security.a

[544/1529] Building C object esp-idf/log/CMakeFiles/__idf_log.dir/src/os/log_write.c.obj

[545/1529] Building C object esp-idf/log/CMakeFiles/__idf_log.dir/src/log_level/log_level.c.obj

[546/1529] Building C object esp-idf/log/CMakeFiles/__idf_log.dir/src/log_level/tag_log_level/linked_list/log_linked_list.c.obj

[547/1529] Building C object esp-idf/log/CMakeFiles/__idf_log.dir/src/log.c.obj

[548/1529] Building C object esp-idf/log/CMakeFiles/__idf_log.dir/src/log_level/tag_log_level/tag_log_level.c.obj

[549/1529] Building C object esp-idf/log/CMakeFiles/__idf_log.dir/src/log_level/tag_log_level/cache/log_binary_heap.c.obj

[550/1529] Building C object esp-idf/hal/CMakeFiles/__idf_hal.dir/hal_utils.c.obj

[551/1529] Building C object esp-idf/hal/CMakeFiles/__idf_hal.dir/mpu_hal.c.obj

[552/1529] Building C object esp-idf/hal/CMakeFiles/__idf_hal.dir/esp32s3/efuse_hal.c.obj

[553/1529] Building C object esp-idf/hal/CMakeFiles/__idf_hal.dir/efuse_hal.c.obj

[554/1529] Building C object esp-idf/hal/CMakeFiles/__idf_hal.dir/cache_hal.c.obj

[555/1529] Building C object esp-idf/hal/CMakeFiles/__idf_hal.dir/color_hal.c.obj

[556/1529] Building C object esp-idf/hal/CMakeFiles/__idf_hal.dir/mmu_hal.c.obj

[557/1529] Building C object esp-idf/hal/CMakeFiles/__idf_hal.dir/spi_flash_hal.c.obj

[558/1529] Building C object esp-idf/hal/CMakeFiles/__idf_hal.dir/spi_flash_hal_iram.c.obj

[559/1529] Building C object esp-idf/hal/CMakeFiles/__idf_hal.dir/spi_flash_encrypt_hal_iram.c.obj

[560/1529] Linking C static library esp-idf\soc\libsoc.a

[561/1529] Building C object esp-idf/hal/CMakeFiles/__idf_hal.dir/esp32s3/clk_tree_hal.c.obj

[562/1529] Building C object esp-idf/hal/CMakeFiles/__idf_hal.dir/systimer_hal.c.obj

[563/1529] Building C object esp-idf/hal/CMakeFiles/__idf_hal.dir/uart_hal_iram.c.obj

[564/1529] Building C object esp-idf/hal/CMakeFiles/__idf_hal.dir/uart_hal.c.obj

[565/1529] Building C object esp-idf/hal/CMakeFiles/__idf_hal.dir/gpio_hal.c.obj

[566/1529] Building C object esp-idf/hal/CMakeFiles/__idf_hal.dir/timer_hal.c.obj

[567/1529] Building C object esp-idf/hal/CMakeFiles/__idf_hal.dir/ledc_hal.c.obj

[568/1529] Building C object esp-idf/hal/CMakeFiles/__idf_hal.dir/i2c_hal.c.obj

[569/1529] Building C object esp-idf/hal/CMakeFiles/__idf_hal.dir/rtc_io_hal.c.obj

[570/1529] Linking C static library esp-idf\heap\libheap.a

[571/1529] Building C object esp-idf/hal/CMakeFiles/__idf_hal.dir/ledc_hal_iram.c.obj

[572/1529] Building C object esp-idf/hal/CMakeFiles/__idf_hal.dir/i2c_hal_iram.c.obj

[573/1529] Building C object esp-idf/hal/CMakeFiles/__idf_hal.dir/rmt_hal.c.obj

[574/1529] Building C object esp-idf/hal/CMakeFiles/__idf_hal.dir/uhci_hal.c.obj

[575/1529] Building C object esp-idf/hal/CMakeFiles/__idf_hal.dir/pcnt_hal.c.obj

[576/1529] Building C object esp-idf/hal/CMakeFiles/__idf_hal.dir/mcpwm_hal.c.obj

[577/1529] Building C object esp-idf/hal/CMakeFiles/__idf_hal.dir/twai_hal_v1.c.obj

[578/1529] Building C object esp-idf/hal/CMakeFiles/__idf_hal.dir/gdma_hal_top.c.obj

[579/1529] Building C object esp-idf/hal/CMakeFiles/__idf_hal.dir/sdmmc_hal.c.obj

[580/1529] Building C object esp-idf/hal/CMakeFiles/__idf_hal.dir/i2s_hal.c.obj

[581/1529] Building C object esp-idf/hal/CMakeFiles/__idf_hal.dir/gdma_hal_ahb_v1.c.obj

[582/1529] Building C object esp-idf/hal/CMakeFiles/__idf_hal.dir/sdm_hal.c.obj

[583/1529] Building C object esp-idf/hal/CMakeFiles/__idf_hal.dir/adc_hal_common.c.obj

[584/1529] Building C object esp-idf/hal/CMakeFiles/__idf_hal.dir/adc_oneshot_hal.c.obj

[585/1529] Building C object esp-idf/hal/CMakeFiles/__idf_hal.dir/mpi_hal.c.obj

[586/1529] Building C object esp-idf/hal/CMakeFiles/__idf_hal.dir/adc_hal.c.obj

[587/1529] Building C object esp-idf/hal/CMakeFiles/__idf_hal.dir/sha_hal.c.obj

[588/1529] Building C object esp-idf/hal/CMakeFiles/__idf_hal.dir/lcd_hal.c.obj

[589/1529] Building C object esp-idf/hal/CMakeFiles/__idf_hal.dir/aes_hal.c.obj

[590/1529] Building C object esp-idf/hal/CMakeFiles/__idf_hal.dir/brownout_hal.c.obj

[591/1529] Building C object esp-idf/hal/CMakeFiles/__idf_hal.dir/spi_hal.c.obj

[592/1529] Building C object esp-idf/hal/CMakeFiles/__idf_hal.dir/spi_hal_iram.c.obj

[593/1529] Building C object esp-idf/hal/CMakeFiles/__idf_hal.dir/spi_slave_hal.c.obj

[594/1529] Building C object esp-idf/hal/CMakeFiles/__idf_hal.dir/spi_slave_hd_hal.c.obj

[595/1529] Building C object esp-idf/hal/CMakeFiles/__idf_hal.dir/spi_slave_hal_iram.c.obj

[596/1529] Building C object esp-idf/hal/CMakeFiles/__idf_hal.dir/ds_hal.c.obj

[597/1529] Building C object esp-idf/hal/CMakeFiles/__idf_hal.dir/spi_flash_hal_gpspi.c.obj

[598/1529] Building C object esp-idf/hal/CMakeFiles/__idf_hal.dir/cam_hal.c.obj

[599/1529] Building C object esp-idf/hal/CMakeFiles/__idf_hal.dir/usb_serial_jtag_hal.c.obj

[600/1529] Building C object esp-idf/hal/CMakeFiles/__idf_hal.dir/hmac_hal.c.obj

[601/1529] Building C object esp-idf/hal/CMakeFiles/__idf_hal.dir/usb_dwc_hal.c.obj

[602/1529] Building C object esp-idf/hal/CMakeFiles/__idf_hal.dir/usb_wrap_hal.c.obj

[603/1529] Building C object esp-idf/hal/CMakeFiles/__idf_hal.dir/esp32s3/touch_sensor_hal.c.obj

[604/1529] Building C object esp-idf/hal/CMakeFiles/__idf_hal.dir/touch_sens_hal.c.obj

[605/1529] Building C object esp-idf/hal/CMakeFiles/__idf_hal.dir/touch_sensor_hal.c.obj

[606/1529] Building C object esp-idf/hal/CMakeFiles/__idf_hal.dir/xt_wdt_hal.c.obj

[607/1529] Linking C static library esp-idf\log\liblog.a

[608/1529] Building C object esp-idf/hal/CMakeFiles/__idf_hal.dir/esp32s3/rtc_cntl_hal.c.obj

[609/1529] Building C object esp-idf/esp_rom/CMakeFiles/__idf_esp_rom.dir/patches/esp_rom_sys.c.obj

[610/1529] Building C object esp-idf/esp_rom/CMakeFiles/__idf_esp_rom.dir/patches/esp_rom_print.c.obj

[611/1529] Building C object esp-idf/esp_rom/CMakeFiles/__idf_esp_rom.dir/patches/esp_rom_crc.c.obj

[612/1529] Building C object esp-idf/esp_rom/CMakeFiles/__idf_esp_rom.dir/patches/esp_rom_uart.c.obj

[613/1529] Building ASM object esp-idf/esp_rom/CMakeFiles/__idf_esp_rom.dir/patches/esp_rom_longjmp.S.obj

[614/1529] Building C object esp-idf/esp_rom/CMakeFiles/__idf_esp_rom.dir/patches/esp_rom_spiflash.c.obj

[615/1529] Building C object esp-idf/esp_rom/CMakeFiles/__idf_esp_rom.dir/patches/esp_rom_efuse.c.obj

[616/1529] Building C object esp-idf/esp_rom/CMakeFiles/__idf_esp_rom.dir/patches/esp_rom_gpio.c.obj

[617/1529] Building ASM object esp-idf/esp_rom/CMakeFiles/__idf_esp_rom.dir/patches/esp_rom_cache_writeback_esp32s3.S.obj

[618/1529] Building C object esp-idf/esp_rom/CMakeFiles/__idf_esp_rom.dir/patches/esp_rom_systimer.c.obj

[619/1529] Building C object esp-idf/esp_rom/CMakeFiles/__idf_esp_rom.dir/patches/esp_rom_cache_esp32s2_esp32s3.c.obj

[620/1529] Building C object esp-idf/esp_rom/CMakeFiles/__idf_esp_rom.dir/patches/esp_rom_wdt.c.obj

[621/1529] Building C object esp-idf/esp_system/CMakeFiles/__idf_esp_system.dir/crosscore_int.c.obj

[622/1529] Building C object esp-idf/esp_system/CMakeFiles/__idf_esp_system.dir/esp_err.c.obj

[623/1529] Building C object esp-idf/esp_system/CMakeFiles/__idf_esp_system.dir/esp_system_console.c.obj

[624/1529] Building C object esp-idf/esp_common/CMakeFiles/__idf_esp_common.dir/src/esp_err_to_name.c.obj

[625/1529] Building C object esp-idf/esp_system/CMakeFiles/__idf_esp_system.dir/startup.c.obj

[626/1529] Building C object esp-idf/esp_system/CMakeFiles/__idf_esp_system.dir/esp_ipc.c.obj

[627/1529] Building C object esp-idf/esp_system/CMakeFiles/__idf_esp_system.dir/freertos_hooks.c.obj

[628/1529] Building C object esp-idf/esp_system/CMakeFiles/__idf_esp_system.dir/int_wdt.c.obj

[629/1529] Linking C static library esp-idf\hal\libhal.a

[630/1529] Building C object esp-idf/esp_system/CMakeFiles/__idf_esp_system.dir/esp_system.c.obj

[631/1529] Building C object esp-idf/esp_system/CMakeFiles/__idf_esp_system.dir/stack_check.c.obj

[632/1529] Building C object esp-idf/esp_system/CMakeFiles/__idf_esp_system.dir/system_time.c.obj

[633/1529] Building C object esp-idf/esp_system/CMakeFiles/__idf_esp_system.dir/panic.c.obj

[634/1529] Building C object esp-idf/esp_system/CMakeFiles/__idf_esp_system.dir/startup_funcs.c.obj

[635/1529] Building C object esp-idf/esp_system/CMakeFiles/__idf_esp_system.dir/ubsan.c.obj

[636/1529] Building C object esp-idf/esp_system/CMakeFiles/__idf_esp_system.dir/xt_wdt.c.obj

[637/1529] Building C object esp-idf/esp_system/CMakeFiles/__idf_esp_system.dir/task_wdt/task_wdt.c.obj

[638/1529] Building C object esp-idf/esp_system/CMakeFiles/__idf_esp_system.dir/task_wdt/task_wdt_impl_timergroup.c.obj

[639/1529] Linking C static library esp-idf\esp_rom\libesp_rom.a

[640/1529] Building C object esp-idf/esp_system/CMakeFiles/__idf_esp_system.dir/port/esp_system_chip.c.obj

[641/1529] Building C object esp-idf/esp_system/CMakeFiles/__idf_esp_system.dir/port/image_process.c.obj

[642/1529] Building ASM object esp-idf/esp_system/CMakeFiles/__idf_esp_system.dir/port/arch/xtensa/esp_ipc_isr_routines.S.obj

[643/1529] Building ASM object esp-idf/esp_system/CMakeFiles/__idf_esp_system.dir/port/arch/xtensa/expression_with_stack_asm.S.obj

[644/1529] Building C object esp-idf/esp_system/CMakeFiles/__idf_esp_system.dir/port/cpu_start.c.obj

[645/1529] Building C object esp-idf/esp_system/CMakeFiles/__idf_esp_system.dir/port/panic_handler.c.obj

[646/1529] Building ASM object esp-idf/esp_system/CMakeFiles/__idf_esp_system.dir/port/arch/xtensa/panic_handler_asm.S.obj

[647/1529] Building C object esp-idf/esp_system/CMakeFiles/__idf_esp_system.dir/port/esp_ipc_isr.c.obj

[648/1529] Building C object esp-idf/esp_system/CMakeFiles/__idf_esp_system.dir/port/arch/xtensa/esp_ipc_isr_port.c.obj

[649/1529] Building ASM object esp-idf/esp_system/CMakeFiles/__idf_esp_system.dir/port/arch/xtensa/esp_ipc_isr_handler.S.obj

[650/1529] Building C object esp-idf/esp_system/CMakeFiles/__idf_esp_system.dir/port/arch/xtensa/panic_arch.c.obj

[651/1529] Building ASM object esp-idf/esp_system/CMakeFiles/__idf_esp_system.dir/port/arch/xtensa/debug_helpers_asm.S.obj

[652/1529] Building C object esp-idf/esp_system/CMakeFiles/__idf_esp_system.dir/port/arch/xtensa/expression_with_stack.c.obj

[653/1529] Building C object esp-idf/esp_system/CMakeFiles/__idf_esp_system.dir/port/arch/xtensa/debug_helpers.c.obj

[654/1529] Building C object esp-idf/esp_system/CMakeFiles/__idf_esp_system.dir/port/arch/xtensa/debug_stubs.c.obj

[655/1529] Building C object esp-idf/esp_system/CMakeFiles/__idf_esp_system.dir/port/arch/xtensa/trax.c.obj

[656/1529] Building ASM object esp-idf/esp_system/CMakeFiles/__idf_esp_system.dir/port/soc/esp32s3/highint_hdl.S.obj

[657/1529] Linking C static library esp-idf\esp_common\libesp_common.a

[658/1529] Building C object esp-idf/esp_system/CMakeFiles/__idf_esp_system.dir/port/soc/esp32s3/system_internal.c.obj

[659/1529] Building C object esp-idf/esp_system/CMakeFiles/__idf_esp_system.dir/port/soc/esp32s3/reset_reason.c.obj

[660/1529] Building C object esp-idf/esp_system/CMakeFiles/__idf_esp_system.dir/port/soc/esp32s3/cache_err_int.c.obj

[661/1529] Building C object esp-idf/esp_system/CMakeFiles/__idf_esp_system.dir/port/soc/esp32s3/clk.c.obj

[662/1529] Building C object esp-idf/spi_flash/CMakeFiles/__idf_spi_flash.dir/flash_brownout_hook.c.obj

[663/1529] Building C object esp-idf/esp_system/CMakeFiles/__idf_esp_system.dir/port/soc/esp32s3/apb_backup_dma.c.obj

[664/1529] Building C object esp-idf/spi_flash/CMakeFiles/__idf_spi_flash.dir/spi_flash_hpm_enable.c.obj

[665/1529] Building C object esp-idf/spi_flash/CMakeFiles/__idf_spi_flash.dir/spi_flash_chip_issi.c.obj

[666/1529] Building C object esp-idf/spi_flash/CMakeFiles/__idf_spi_flash.dir/esp32s3/spi_flash_oct_flash_init.c.obj

[667/1529] Building C object esp-idf/spi_flash/CMakeFiles/__idf_spi_flash.dir/spi_flash_chip_drivers.c.obj

[668/1529] Building C object esp-idf/spi_flash/CMakeFiles/__idf_spi_flash.dir/spi_flash_chip_generic.c.obj

[669/1529] Building C object esp-idf/spi_flash/CMakeFiles/__idf_spi_flash.dir/spi_flash_chip_gd.c.obj

[670/1529] Building C object esp-idf/spi_flash/CMakeFiles/__idf_spi_flash.dir/spi_flash_chip_mxic.c.obj

[671/1529] Building C object esp-idf/spi_flash/CMakeFiles/__idf_spi_flash.dir/spi_flash_chip_boya.c.obj

[672/1529] Building C object esp-idf/spi_flash/CMakeFiles/__idf_spi_flash.dir/spi_flash_chip_winbond.c.obj

[673/1529] Building C object esp-idf/spi_flash/CMakeFiles/__idf_spi_flash.dir/spi_flash_chip_th.c.obj

[674/1529] Building C object esp-idf/spi_flash/CMakeFiles/__idf_spi_flash.dir/spi_flash_chip_mxic_opi.c.obj

[675/1529] Building C object esp-idf/spi_flash/CMakeFiles/__idf_spi_flash.dir/memspi_host_driver.c.obj

[676/1529] Building C object esp-idf/spi_flash/CMakeFiles/__idf_spi_flash.dir/cache_utils.c.obj

[677/1529] Building C object esp-idf/spi_flash/CMakeFiles/__idf_spi_flash.dir/spi_flash_wrap.c.obj

[678/1529] Building C object esp-idf/spi_flash/CMakeFiles/__idf_spi_flash.dir/flash_mmap.c.obj

[679/1529] Building C object esp-idf/spi_flash/CMakeFiles/__idf_spi_flash.dir/flash_ops.c.obj

[680/1529] Building C object esp-idf/spi_flash/CMakeFiles/__idf_spi_flash.dir/esp_flash_api.c.obj

[681/1529] Building C object esp-idf/esp_mm/CMakeFiles/__idf_esp_mm.dir/port/esp32s3/ext_mem_layout.c.obj

[682/1529] Building C object esp-idf/spi_flash/CMakeFiles/__idf_spi_flash.dir/spi_flash_os_func_app.c.obj

[683/1529] Building C object esp-idf/spi_flash/CMakeFiles/__idf_spi_flash.dir/spi_flash_os_func_noos.c.obj

[684/1529] Building C object esp-idf/esp_mm/CMakeFiles/__idf_esp_mm.dir/esp_mmu_map.c.obj

[685/1529] Building C object esp-idf/esp_mm/CMakeFiles/__idf_esp_mm.dir/heap_align_hw.c.obj

[686/1529] Building C object esp-idf/esp_mm/CMakeFiles/__idf_esp_mm.dir/esp_cache_msync.c.obj

[687/1529] Building C object esp-idf/spi_flash/CMakeFiles/__idf_spi_flash.dir/esp_flash_spi_init.c.obj

[688/1529] Building C object esp-idf/esp_mm/CMakeFiles/__idf_esp_mm.dir/esp_cache_utils.c.obj

[689/1529] Linking C static library esp-idf\esp_system\libesp_system.a

[690/1529] Building C object esp-idf/bootloader_support/CMakeFiles/__idf_bootloader_support.dir/src/bootloader_common.c.obj

[691/1529] Building C object esp-idf/bootloader_support/CMakeFiles/__idf_bootloader_support.dir/src/bootloader_clock_init.c.obj

[692/1529] Building C object esp-idf/bootloader_support/CMakeFiles/__idf_bootloader_support.dir/src/bootloader_common_loader.c.obj

[693/1529] Building C object esp-idf/bootloader_support/CMakeFiles/__idf_bootloader_support.dir/src/bootloader_random.c.obj

[694/1529] Building C object esp-idf/bootloader_support/CMakeFiles/__idf_bootloader_support.dir/src/flash_encrypt.c.obj

[695/1529] Building C object esp-idf/bootloader_support/CMakeFiles/__idf_bootloader_support.dir/src/bootloader_efuse.c.obj

[696/1529] Building C object esp-idf/bootloader_support/CMakeFiles/__idf_bootloader_support.dir/src/bootloader_mem.c.obj

[697/1529] Building C object esp-idf/bootloader_support/CMakeFiles/__idf_bootloader_support.dir/src/bootloader_random_esp32s3.c.obj

[698/1529] Building C object esp-idf/bootloader_support/CMakeFiles/__idf_bootloader_support.dir/src/secure_boot.c.obj

[699/1529] Building C object esp-idf/bootloader_support/CMakeFiles/__idf_bootloader_support.dir/bootloader_flash/src/bootloader_flash.c.obj

[700/1529] Building C object esp-idf/bootloader_support/CMakeFiles/__idf_bootloader_support.dir/bootloader_flash/src/bootloader_flash_config_esp32s3.c.obj

[701/1529] Building C object esp-idf/bootloader_support/CMakeFiles/__idf_bootloader_support.dir/bootloader_flash/src/flash_qio_mode.c.obj

[702/1529] Linking C static library esp-idf\spi_flash\libspi_flash.a

[703/1529] Building C object esp-idf/bootloader_support/CMakeFiles/__idf_bootloader_support.dir/src/flash_partitions.c.obj

[704/1529] Building C object esp-idf/bootloader_support/CMakeFiles/__idf_bootloader_support.dir/src/bootloader_utility.c.obj

[705/1529] Building C object esp-idf/bootloader_support/CMakeFiles/__idf_bootloader_support.dir/src/esp_image_format.c.obj

[706/1529] Building C object esp-idf/bootloader_support/CMakeFiles/__idf_bootloader_support.dir/src/bootloader_sha.c.obj

[707/1529] Building C object esp-idf/bootloader_support/CMakeFiles/__idf_bootloader_support.dir/src/esp32s3/secure_boot_secure_features.c.obj

[708/1529] Building C object esp-idf/efuse/CMakeFiles/__idf_efuse.dir/esp32s3/esp_efuse_table.c.obj

[709/1529] Building C object esp-idf/efuse/CMakeFiles/__idf_efuse.dir/esp32s3/esp_efuse_fields.c.obj

[710/1529] Building C object esp-idf/efuse/CMakeFiles/__idf_efuse.dir/esp32s3/esp_efuse_utility.c.obj

[711/1529] Building C object esp-idf/efuse/CMakeFiles/__idf_efuse.dir/esp32s3/esp_efuse_rtc_calib.c.obj

[712/1529] Linking C static library esp-idf\esp_mm\libesp_mm.a

[713/1529] Building C object esp-idf/efuse/CMakeFiles/__idf_efuse.dir/src/esp_efuse_utility.c.obj

[714/1529] Building C object esp-idf/efuse/CMakeFiles/__idf_efuse.dir/src/esp_efuse_api.c.obj

[715/1529] Building C object esp-idf/efuse/CMakeFiles/__idf_efuse.dir/src/efuse_controller/keys/with_key_purposes/esp_efuse_api_key.c.obj

[716/1529] Building C object esp-idf/efuse/CMakeFiles/__idf_efuse.dir/src/esp_efuse_fields.c.obj

[717/1529] Building C object esp-idf/esp_partition/CMakeFiles/__idf_esp_partition.dir/partition.c.obj

[718/1529] Building C object esp-idf/efuse/CMakeFiles/__idf_efuse.dir/src/esp_efuse_startup.c.obj

[719/1529] Building C object esp-idf/esp_bootloader_format/CMakeFiles/__idf_esp_bootloader_format.dir/esp_bootloader_desc.c.obj

[720/1529] Building C object esp-idf/esp_partition/CMakeFiles/__idf_esp_partition.dir/partition_target.c.obj

[721/1529] Building C object esp-idf/app_update/CMakeFiles/__idf_app_update.dir/esp_ota_app_desc.c.obj

[722/1529] Building C object esp-idf/esp_app_format/CMakeFiles/__idf_esp_app_format.dir/esp_app_desc.c.obj

[723/1529] Building C object esp-idf/mbedtls/mbedtls/library/CMakeFiles/mbedtls.dir/debug.c.obj

[724/1529] Building C object esp-idf/app_update/CMakeFiles/__idf_app_update.dir/esp_ota_ops.c.obj

[725/1529] Building C object esp-idf/mbedtls/mbedtls/library/CMakeFiles/mbedtls.dir/mps_reader.c.obj

[726/1529] Linking C static library esp-idf\bootloader_support\libbootloader_support.a

[727/1529] Building C object esp-idf/mbedtls/mbedtls/library/CMakeFiles/mbedtls.dir/mps_trace.c.obj

[728/1529] Building C object esp-idf/mbedtls/mbedtls/library/CMakeFiles/mbedtls.dir/ssl_cache.c.obj

[729/1529] Building C object esp-idf/mbedtls/mbedtls/library/CMakeFiles/mbedtls.dir/ssl_client.c.obj

[730/1529] Building C object esp-idf/mbedtls/mbedtls/library/CMakeFiles/mbedtls.dir/ssl_ciphersuites.c.obj

[731/1529] Building C object esp-idf/mbedtls/mbedtls/library/CMakeFiles/mbedtls.dir/ssl_debug_helpers_generated.c.obj

[732/1529] Building C object esp-idf/mbedtls/mbedtls/library/CMakeFiles/mbedtls.dir/ssl_cookie.c.obj

[733/1529] Building C object esp-idf/mbedtls/mbedtls/library/CMakeFiles/mbedtls.dir/ssl_msg.c.obj

[734/1529] Building C object esp-idf/mbedtls/mbedtls/library/CMakeFiles/mbedtls.dir/ssl_ticket.c.obj

[735/1529] Building C object esp-idf/mbedtls/mbedtls/library/CMakeFiles/mbedtls.dir/ssl_tls.c.obj

[736/1529] Building C object esp-idf/mbedtls/mbedtls/library/CMakeFiles/mbedtls.dir/ssl_tls12_client.c.obj

[737/1529] Linking C static library esp-idf\efuse\libefuse.a

[738/1529] Building C object esp-idf/mbedtls/mbedtls/library/CMakeFiles/mbedtls.dir/ssl_tls13_client.c.obj

[739/1529] Building C object esp-idf/mbedtls/mbedtls/library/CMakeFiles/mbedtls.dir/ssl_tls12_server.c.obj

[740/1529] Building C object esp-idf/mbedtls/mbedtls/library/CMakeFiles/mbedtls.dir/ssl_tls13_generic.c.obj

[741/1529] Building C object esp-idf/mbedtls/mbedtls/library/CMakeFiles/mbedtls.dir/ssl_tls13_keys.c.obj

[742/1529] Building C object esp-idf/mbedtls/mbedtls/library/CMakeFiles/mbedtls.dir/C_/Espressif/frameworks/esp-idf-v5.5.5/components/mbedtls/port/esp_platform_time.c.obj

[743/1529] Building C object esp-idf/mbedtls/mbedtls/library/CMakeFiles/mbedtls.dir/ssl_tls13_server.c.obj

[744/1529] Building C object esp-idf/mbedtls/mbedtls/library/CMakeFiles/mbedtls.dir/C_/Espressif/frameworks/esp-idf-v5.5.5/components/mbedtls/port/mbedtls_debug.c.obj

[745/1529] Building C object esp-idf/mbedtls/mbedtls/library/CMakeFiles/mbedx509.dir/pkcs7.c.obj

[746/1529] Linking C static library esp-idf\esp_partition\libesp_partition.a

[747/1529] Building C object esp-idf/mbedtls/mbedtls/library/CMakeFiles/mbedx509.dir/x509.c.obj

[748/1529] Building C object esp-idf/mbedtls/mbedtls/library/CMakeFiles/mbedx509.dir/x509_create.c.obj

[749/1529] Building C object esp-idf/mbedtls/mbedtls/library/CMakeFiles/mbedtls.dir/C_/Espressif/frameworks/esp-idf-v5.5.5/components/mbedtls/port/net_sockets.c.obj

[750/1529] Building C object esp-idf/mbedtls/mbedtls/library/CMakeFiles/mbedx509.dir/x509_crl.c.obj

[751/1529] Building C object esp-idf/mbedtls/mbedtls/library/CMakeFiles/mbedx509.dir/x509_csr.c.obj

[752/1529] Building C object esp-idf/mbedtls/mbedtls/library/CMakeFiles/mbedx509.dir/x509write.c.obj

[753/1529] Building C object esp-idf/mbedtls/mbedtls/library/CMakeFiles/mbedx509.dir/x509write_crt.c.obj

[754/1529] Building C object esp-idf/mbedtls/mbedtls/library/CMakeFiles/mbedx509.dir/x509_crt.c.obj

[755/1529] Building C object esp-idf/mbedtls/mbedtls/library/CMakeFiles/mbedcrypto.dir/aesni.c.obj

[756/1529] Building C object esp-idf/mbedtls/mbedtls/library/CMakeFiles/mbedx509.dir/x509write_csr.c.obj

[757/1529] Linking C static library esp-idf\app_update\libapp_update.a

[758/1529] Building C object esp-idf/mbedtls/mbedtls/library/CMakeFiles/mbedcrypto.dir/aesce.c.obj

[759/1529] Building C object esp-idf/mbedtls/mbedtls/library/CMakeFiles/mbedcrypto.dir/aes.c.obj

[760/1529] Building C object esp-idf/mbedtls/mbedtls/library/CMakeFiles/mbedcrypto.dir/aria.c.obj

[761/1529] Building C object esp-idf/mbedtls/mbedtls/library/CMakeFiles/mbedcrypto.dir/asn1parse.c.obj

[762/1529] Building C object esp-idf/mbedtls/mbedtls/library/CMakeFiles/mbedcrypto.dir/asn1write.c.obj

[763/1529] Building C object esp-idf/mbedtls/mbedtls/library/CMakeFiles/mbedcrypto.dir/base64.c.obj

[764/1529] Building C object esp-idf/mbedtls/mbedtls/library/CMakeFiles/mbedcrypto.dir/bignum.c.obj

[765/1529] Linking C static library esp-idf\esp_bootloader_format\libesp_bootloader_format.a

[766/1529] Building C object esp-idf/mbedtls/mbedtls/library/CMakeFiles/mbedcrypto.dir/bignum_mod_raw.c.obj

[767/1529] Building C object esp-idf/mbedtls/mbedtls/library/CMakeFiles/mbedcrypto.dir/bignum_mod.c.obj

[768/1529] Building C object esp-idf/mbedtls/mbedtls/library/CMakeFiles/mbedcrypto.dir/block_cipher.c.obj

[769/1529] Building C object esp-idf/mbedtls/mbedtls/library/CMakeFiles/mbedcrypto.dir/camellia.c.obj

[770/1529] Building C object esp-idf/mbedtls/mbedtls/library/CMakeFiles/mbedcrypto.dir/bignum_core.c.obj

[771/1529] Building C object esp-idf/mbedtls/mbedtls/library/CMakeFiles/mbedcrypto.dir/chacha20.c.obj

[772/1529] Building C object esp-idf/mbedtls/mbedtls/library/CMakeFiles/mbedcrypto.dir/ccm.c.obj

[773/1529] Building C object esp-idf/mbedtls/mbedtls/library/CMakeFiles/mbedcrypto.dir/chachapoly.c.obj

[774/1529] Building C object esp-idf/mbedtls/mbedtls/library/CMakeFiles/mbedcrypto.dir/cipher.c.obj

[775/1529] Building C object esp-idf/mbedtls/mbedtls/library/CMakeFiles/mbedcrypto.dir/cipher_wrap.c.obj

[776/1529] Building C object esp-idf/mbedtls/mbedtls/library/CMakeFiles/mbedcrypto.dir/constant_time.c.obj

[777/1529] Building C object esp-idf/mbedtls/mbedtls/library/CMakeFiles/mbedcrypto.dir/cmac.c.obj

[778/1529] Building C object esp-idf/mbedtls/mbedtls/library/CMakeFiles/mbedcrypto.dir/ctr_drbg.c.obj

[779/1529] Building C object esp-idf/mbedtls/mbedtls/library/CMakeFiles/mbedcrypto.dir/des.c.obj

[780/1529] Linking C static library esp-idf\esp_app_format\libesp_app_format.a

[781/1529] Building C object esp-idf/mbedtls/mbedtls/library/CMakeFiles/mbedcrypto.dir/dhm.c.obj

[782/1529] Building C object esp-idf/mbedtls/mbedtls/library/CMakeFiles/mbedcrypto.dir/ecdsa.c.obj

[783/1529] Building C object esp-idf/mbedtls/mbedtls/library/CMakeFiles/mbedcrypto.dir/ecp.c.obj

[784/1529] Building C object esp-idf/mbedtls/mbedtls/library/CMakeFiles/mbedcrypto.dir/ecdh.c.obj

[785/1529] Building C object esp-idf/mbedtls/mbedtls/library/CMakeFiles/mbedcrypto.dir/ecjpake.c.obj

[786/1529] Building C object esp-idf/mbedtls/mbedtls/library/CMakeFiles/mbedcrypto.dir/ecp_curves_new.c.obj

[787/1529] Building C object esp-idf/mbedtls/mbedtls/library/CMakeFiles/mbedcrypto.dir/ecp_curves.c.obj

[788/1529] Building C object esp-idf/mbedtls/mbedtls/library/CMakeFiles/mbedcrypto.dir/entropy.c.obj

[789/1529] Building C object esp-idf/mbedtls/mbedtls/library/CMakeFiles/mbedcrypto.dir/hkdf.c.obj

[790/1529] Building C object esp-idf/mbedtls/mbedtls/library/CMakeFiles/mbedcrypto.dir/entropy_poll.c.obj

[791/1529] Building C object esp-idf/mbedtls/mbedtls/library/CMakeFiles/mbedcrypto.dir/gcm.c.obj

[792/1529] Building C object esp-idf/mbedtls/mbedtls/library/CMakeFiles/mbedcrypto.dir/error.c.obj

[793/1529] Building C object esp-idf/mbedtls/mbedtls/library/CMakeFiles/mbedcrypto.dir/hmac_drbg.c.obj

[794/1529] Linking CXX static library esp-idf\mbedtls\mbedtls\library\libmbedtls.a

[795/1529] Building C object esp-idf/mbedtls/mbedtls/library/CMakeFiles/mbedcrypto.dir/lmots.c.obj

[796/1529] Building C object esp-idf/mbedtls/mbedtls/library/CMakeFiles/mbedcrypto.dir/nist_kw.c.obj

[797/1529] Building C object esp-idf/mbedtls/mbedtls/library/CMakeFiles/mbedcrypto.dir/memory_buffer_alloc.c.obj

[798/1529] Building C object esp-idf/mbedtls/mbedtls/library/CMakeFiles/mbedcrypto.dir/md5.c.obj

[799/1529] Building C object esp-idf/mbedtls/mbedtls/library/CMakeFiles/mbedcrypto.dir/md.c.obj

[800/1529] Building C object esp-idf/mbedtls/mbedtls/library/CMakeFiles/mbedcrypto.dir/lms.c.obj

[801/1529] Building C object esp-idf/mbedtls/mbedtls/library/CMakeFiles/mbedcrypto.dir/padlock.c.obj

[802/1529] Building C object esp-idf/mbedtls/mbedtls/library/CMakeFiles/mbedcrypto.dir/pem.c.obj

[803/1529] Building C object esp-idf/mbedtls/mbedtls/library/CMakeFiles/mbedcrypto.dir/oid.c.obj

[804/1529] Building C object esp-idf/mbedtls/mbedtls/library/CMakeFiles/mbedcrypto.dir/pk.c.obj

[805/1529] Building C object esp-idf/mbedtls/mbedtls/library/CMakeFiles/mbedcrypto.dir/pkcs5.c.obj

[806/1529] Building C object esp-idf/mbedtls/mbedtls/library/CMakeFiles/mbedcrypto.dir/pk_ecc.c.obj

[807/1529] Building C object esp-idf/mbedtls/mbedtls/library/CMakeFiles/mbedcrypto.dir/pkcs12.c.obj

[808/1529] Building C object esp-idf/mbedtls/mbedtls/library/CMakeFiles/mbedcrypto.dir/pk_wrap.c.obj

[809/1529] Building C object esp-idf/mbedtls/mbedtls/library/CMakeFiles/mbedcrypto.dir/platform_util.c.obj

[810/1529] Building C object esp-idf/mbedtls/mbedtls/library/CMakeFiles/mbedcrypto.dir/platform.c.obj

[811/1529] Building C object esp-idf/mbedtls/mbedtls/library/CMakeFiles/mbedcrypto.dir/poly1305.c.obj

[812/1529] Building C object esp-idf/mbedtls/mbedtls/library/CMakeFiles/mbedcrypto.dir/pkwrite.c.obj

[813/1529] Building C object esp-idf/mbedtls/mbedtls/library/CMakeFiles/mbedcrypto.dir/pkparse.c.obj

[814/1529] Building C object esp-idf/mbedtls/mbedtls/library/CMakeFiles/mbedcrypto.dir/psa_crypto_aead.c.obj

[815/1529] Building C object esp-idf/mbedtls/mbedtls/library/CMakeFiles/mbedcrypto.dir/psa_crypto_client.c.obj

[816/1529] Building C object esp-idf/mbedtls/mbedtls/library/CMakeFiles/mbedcrypto.dir/psa_crypto_cipher.c.obj

[817/1529] Building C object esp-idf/mbedtls/mbedtls/library/CMakeFiles/mbedcrypto.dir/psa_crypto.c.obj

[818/1529] Building C object esp-idf/mbedtls/mbedtls/library/CMakeFiles/mbedcrypto.dir/psa_crypto_driver_wrappers_no_static.c.obj

[819/1529] Building C object esp-idf/mbedtls/mbedtls/library/CMakeFiles/mbedcrypto.dir/psa_crypto_ecp.c.obj

[820/1529] Building C object esp-idf/mbedtls/mbedtls/library/CMakeFiles/mbedcrypto.dir/psa_crypto_ffdh.c.obj

[821/1529] Building C object esp-idf/mbedtls/mbedtls/library/CMakeFiles/mbedcrypto.dir/psa_crypto_rsa.c.obj

[822/1529] Building C object esp-idf/mbedtls/mbedtls/library/CMakeFiles/mbedcrypto.dir/psa_crypto_hash.c.obj

[823/1529] Building C object esp-idf/mbedtls/mbedtls/library/CMakeFiles/mbedcrypto.dir/psa_crypto_pake.c.obj

[824/1529] Building C object esp-idf/mbedtls/mbedtls/library/CMakeFiles/mbedcrypto.dir/psa_crypto_mac.c.obj

[825/1529] Building C object esp-idf/mbedtls/mbedtls/library/CMakeFiles/mbedcrypto.dir/psa_crypto_random.c.obj

[826/1529] Building C object esp-idf/mbedtls/mbedtls/library/CMakeFiles/mbedcrypto.dir/psa_crypto_se.c.obj

[827/1529] Building C object esp-idf/mbedtls/mbedtls/library/CMakeFiles/mbedcrypto.dir/psa_its_file.c.obj

[828/1529] Building C object esp-idf/mbedtls/mbedtls/library/CMakeFiles/mbedcrypto.dir/ripemd160.c.obj

[829/1529] Building C object esp-idf/mbedtls/mbedtls/library/CMakeFiles/mbedcrypto.dir/psa_util.c.obj

[830/1529] Building C object esp-idf/mbedtls/mbedtls/library/CMakeFiles/mbedcrypto.dir/psa_crypto_slot_management.c.obj

[831/1529] Building C object esp-idf/mbedtls/mbedtls/library/CMakeFiles/mbedcrypto.dir/rsa_alt_helpers.c.obj

[832/1529] Building C object esp-idf/mbedtls/mbedtls/library/CMakeFiles/mbedcrypto.dir/sha1.c.obj

[833/1529] Building C object esp-idf/mbedtls/mbedtls/library/CMakeFiles/mbedcrypto.dir/rsa.c.obj

[834/1529] Building C object esp-idf/mbedtls/mbedtls/library/CMakeFiles/mbedcrypto.dir/psa_crypto_storage.c.obj

[835/1529] Building C object esp-idf/mbedtls/mbedtls/library/CMakeFiles/mbedcrypto.dir/sha256.c.obj

[836/1529] Building C object esp-idf/mbedtls/mbedtls/library/CMakeFiles/mbedcrypto.dir/sha512.c.obj

[837/1529] Building C object esp-idf/mbedtls/mbedtls/library/CMakeFiles/mbedcrypto.dir/version.c.obj

[838/1529] Building C object esp-idf/mbedtls/mbedtls/library/CMakeFiles/mbedcrypto.dir/threading.c.obj

[839/1529] Building C object esp-idf/mbedtls/mbedtls/library/CMakeFiles/mbedcrypto.dir/timing.c.obj

[840/1529] Building C object esp-idf/mbedtls/mbedtls/library/CMakeFiles/mbedcrypto.dir/sha3.c.obj

[841/1529] Building C object esp-idf/mbedtls/mbedtls/library/CMakeFiles/mbedcrypto.dir/version_features.c.obj

[842/1529] Building C object esp-idf/mbedtls/mbedtls/library/CMakeFiles/mbedcrypto.dir/C_/Espressif/frameworks/esp-idf-v5.5.5/components/mbedtls/port/sha/core/esp_sha_gdma_impl.c.obj

[843/1529] Building C object esp-idf/mbedtls/mbedtls/library/CMakeFiles/mbedcrypto.dir/C_/Espressif/frameworks/esp-idf-v5.5.5/components/mbedtls/port/aes/dma/esp_aes_gdma_impl.c.obj

[844/1529] Building C object esp-idf/mbedtls/mbedtls/library/CMakeFiles/mbedcrypto.dir/C_/Espressif/frameworks/esp-idf-v5.5.5/components/mbedtls/port/esp_mem.c.obj

[845/1529] Building C object esp-idf/mbedtls/mbedtls/library/CMakeFiles/mbedcrypto.dir/f7a4aa3bf4bd1d25a762385ad9e5d5d0/mbedtls/port/crypto_shared_gdma/esp_crypto_shared_gdma.c.obj

[846/1529] Building C object esp-idf/mbedtls/mbedtls/library/CMakeFiles/mbedcrypto.dir/C_/Espressif/frameworks/esp-idf-v5.5.5/components/mbedtls/port/esp_hardware.c.obj

[847/1529] Building C object esp-idf/mbedtls/mbedtls/library/CMakeFiles/mbedcrypto.dir/C_/Espressif/frameworks/esp-idf-v5.5.5/components/mbedtls/port/esp_timing.c.obj

[848/1529] Building C object esp-idf/mbedtls/mbedtls/library/CMakeFiles/mbedcrypto.dir/C_/Espressif/frameworks/esp-idf-v5.5.5/components/mbedtls/port/aes/esp_aes_xts.c.obj

[849/1529] Building C object esp-idf/mbedtls/mbedtls/library/CMakeFiles/mbedcrypto.dir/C_/Espressif/frameworks/esp-idf-v5.5.5/components/mbedtls/port/aes/dma/esp_aes_dma_core.c.obj

[850/1529] Building C object esp-idf/mbedtls/mbedtls/library/CMakeFiles/mbedcrypto.dir/C_/Espressif/frameworks/esp-idf-v5.5.5/components/mbedtls/port/aes/esp_aes_common.c.obj

[851/1529] Building C object esp-idf/mbedtls/mbedtls/library/CMakeFiles/mbedcrypto.dir/C_/Espressif/frameworks/esp-idf-v5.5.5/components/mbedtls/port/sha/esp_sha.c.obj

[852/1529] Building C object esp-idf/mbedtls/mbedtls/library/CMakeFiles/mbedcrypto.dir/C_/Espressif/frameworks/esp-idf-v5.5.5/components/mbedtls/port/aes/dma/esp_aes.c.obj

[853/1529] Building C object esp-idf/mbedtls/mbedtls/library/CMakeFiles/mbedcrypto.dir/C_/Espressif/frameworks/esp-idf-v5.5.5/components/mbedtls/port/esp_ds/esp_rsa_sign_alt.c.obj

[854/1529] Building C object esp-idf/mbedtls/mbedtls/library/CMakeFiles/mbedcrypto.dir/C_/Espressif/frameworks/esp-idf-v5.5.5/components/mbedtls/port/esp_hmac_pbkdf2.c.obj

[855/1529] Building C object esp-idf/mbedtls/mbedtls/library/CMakeFiles/mbedcrypto.dir/C_/Espressif/frameworks/esp-idf-v5.5.5/components/mbedtls/port/esp_ds/esp_rsa_dec_alt.c.obj

[856/1529] Building C object esp-idf/mbedtls/mbedtls/library/CMakeFiles/mbedcrypto.dir/C_/Espressif/frameworks/esp-idf-v5.5.5/components/mbedtls/port/esp_ds/esp_ds_common.c.obj

[857/1529] Building C object esp-idf/mbedtls/mbedtls/library/CMakeFiles/mbedcrypto.dir/C_/Espressif/frameworks/esp-idf-v5.5.5/components/mbedtls/port/sha/core/sha.c.obj

[858/1529] Building C object esp-idf/mbedtls/mbedtls/library/CMakeFiles/mbedcrypto.dir/C_/Espressif/frameworks/esp-idf-v5.5.5/components/mbedtls/port/bignum/bignum_alt.c.obj

[859/1529] Building C object esp-idf/mbedtls/mbedtls/library/CMakeFiles/mbedcrypto.dir/C_/Espressif/frameworks/esp-idf-v5.5.5/components/mbedtls/port/bignum/esp_bignum.c.obj

[860/1529] Creating directories for 'bootloader'

[861/1529] Building C object esp-idf/mbedtls/mbedtls/library/CMakeFiles/mbedcrypto.dir/C_/Espressif/frameworks/esp-idf-v5.5.5/components/mbedtls/port/sha/core/esp_sha1.c.obj

[862/1529] Building C object esp-idf/mbedtls/mbedtls/library/CMakeFiles/mbedcrypto.dir/C_/Espressif/frameworks/esp-idf-v5.5.5/components/mbedtls/port/sha/core/esp_sha256.c.obj

[863/1529] Linking CXX static library esp-idf\mbedtls\mbedtls\library\libmbedx509.a

[864/1529] Building C object esp-idf/mbedtls/mbedtls/library/CMakeFiles/mbedcrypto.dir/C_/Espressif/frameworks/esp-idf-v5.5.5/components/mbedtls/port/sha/core/esp_sha512.c.obj

[865/1529] Building C object esp-idf/mbedtls/mbedtls/library/CMakeFiles/mbedcrypto.dir/C_/Espressif/frameworks/esp-idf-v5.5.5/components/mbedtls/port/md/esp_md.c.obj

[866/1529] No download step for 'bootloader'

[867/1529] Building C object esp-idf/mbedtls/mbedtls/library/CMakeFiles/mbedcrypto.dir/C_/Espressif/frameworks/esp-idf-v5.5.5/components/mbedtls/port/aes/esp_aes_gcm.c.obj

[868/1529] No update step for 'bootloader'

[869/1529] Building C object esp-idf/mbedtls/mbedtls/3rdparty/everest/CMakeFiles/everest.dir/library/x25519.c.obj

[870/1529] Building C object esp-idf/mbedtls/mbedtls/3rdparty/p256-m/CMakeFiles/p256m.dir/p256-m_driver_entrypoints.c.obj

[871/1529] Building C object esp-idf/mbedtls/mbedtls/3rdparty/p256-m/CMakeFiles/p256m.dir/p256-m/p256-m.c.obj

[872/1529] No patch step for 'bootloader'

[873/1529] Building C object esp-idf/mbedtls/mbedtls/3rdparty/everest/CMakeFiles/everest.dir/library/Hacl_Curve25519_joined.c.obj

[874/1529] Building C object esp-idf/mbedtls/mbedtls/3rdparty/everest/CMakeFiles/everest.dir/library/everest.c.obj

[875/1529] Linking CXX static library esp-idf\mbedtls\mbedtls\library\libmbedcrypto.a

[876/1529] Linking CXX static library esp-idf\mbedtls\mbedtls\3rdparty\p256-m\libp256m.a

[877/1529] Linking CXX static library esp-idf\mbedtls\mbedtls\3rdparty\everest\libeverest.a

[878/1529] Generating x509_crt_bundle

[879/1529] Generating ../../x509_crt_bundle.S

[880/1529] Building ASM object esp-idf/mbedtls/CMakeFiles/__idf_mbedtls.dir/__/__/x509_crt_bundle.S.obj

[881/1529] Building C object esp-idf/esp_pm/CMakeFiles/__idf_esp_pm.dir/pm_locks.c.obj

[882/1529] Building C object esp-idf/mbedtls/CMakeFiles/__idf_mbedtls.dir/esp_crt_bundle/esp_crt_bundle.c.obj

[883/1529] Building ASM object esp-idf/xtensa/CMakeFiles/__idf_xtensa.dir/xtensa_context.S.obj

[884/1529] Building C object esp-idf/xtensa/CMakeFiles/__idf_xtensa.dir/eri.c.obj

[885/1529] Building C object esp-idf/esp_pm/CMakeFiles/__idf_esp_pm.dir/pm_trace.c.obj

[886/1529] Building C object esp-idf/esp_driver_gpio/CMakeFiles/__idf_esp_driver_gpio.dir/src/gpio_glitch_filter_ops.c.obj

[887/1529] Building C object esp-idf/esp_pm/CMakeFiles/__idf_esp_pm.dir/pm_impl.c.obj

[888/1529] Building C object esp-idf/esp_driver_gpio/CMakeFiles/__idf_esp_driver_gpio.dir/src/gpio.c.obj

[889/1529] Building C object esp-idf/xtensa/CMakeFiles/__idf_xtensa.dir/xt_trax.c.obj

[890/1529] Building ASM object esp-idf/xtensa/CMakeFiles/__idf_xtensa.dir/xtensa_intr_asm.S.obj

[891/1529] Building C object esp-idf/esp_driver_gpio/CMakeFiles/__idf_esp_driver_gpio.dir/src/rtc_io.c.obj

[892/1529] Building C object esp-idf/esp_driver_gpio/CMakeFiles/__idf_esp_driver_gpio.dir/src/dedic_gpio.c.obj

[893/1529] Building C object esp-idf/esp_driver_gpio/CMakeFiles/__idf_esp_driver_gpio.dir/src/gpio_pin_glitch_filter.c.obj

[894/1529] Building ASM object esp-idf/xtensa/CMakeFiles/__idf_xtensa.dir/xtensa_vectors.S.obj

[895/1529] Building C object esp-idf/xtensa/CMakeFiles/__idf_xtensa.dir/xtensa_intr.c.obj

[896/1529] Linking C static library esp-idf\mbedtls\libmbedtls.a

[897/1529] Building C object esp-idf/console/CMakeFiles/__idf_console.dir/commands.c.obj

[898/1529] Building C object esp-idf/console/CMakeFiles/__idf_console.dir/split_argv.c.obj

[899/1529] Building C object esp-idf/console/CMakeFiles/__idf_console.dir/esp_console_repl_internal.c.obj

[900/1529] Building C object esp-idf/console/CMakeFiles/__idf_console.dir/esp_console_common.c.obj

[901/1529] Building C object esp-idf/console/CMakeFiles/__idf_console.dir/argtable3/arg_cmd.c.obj

[902/1529] Building C object esp-idf/console/CMakeFiles/__idf_console.dir/argtable3/arg_dbl.c.obj

[903/1529] Building C object esp-idf/console/CMakeFiles/__idf_console.dir/argtable3/arg_date.c.obj

[904/1529] Linking C static library esp-idf\esp_pm\libesp_pm.a

[905/1529] Building C object esp-idf/console/CMakeFiles/__idf_console.dir/esp_console_repl_chip.c.obj

[906/1529] Building C object esp-idf/console/CMakeFiles/__idf_console.dir/linenoise/linenoise.c.obj

[907/1529] Building C object esp-idf/console/CMakeFiles/__idf_console.dir/argtable3/arg_end.c.obj

[908/1529] Building C object esp-idf/console/CMakeFiles/__idf_console.dir/argtable3/arg_dstr.c.obj

[909/1529] Building C object esp-idf/console/CMakeFiles/__idf_console.dir/argtable3/arg_hashtable.c.obj

[910/1529] Building C object esp-idf/console/CMakeFiles/__idf_console.dir/argtable3/arg_file.c.obj

[911/1529] Building C object esp-idf/console/CMakeFiles/__idf_console.dir/argtable3/arg_int.c.obj

[912/1529] Building C object esp-idf/console/CMakeFiles/__idf_console.dir/argtable3/arg_lit.c.obj

[913/1529] Building C object esp-idf/console/CMakeFiles/__idf_console.dir/argtable3/arg_rem.c.obj

[914/1529] Building C object esp-idf/console/CMakeFiles/__idf_console.dir/argtable3/arg_rex.c.obj

[915/1529] Building C object esp-idf/console/CMakeFiles/__idf_console.dir/argtable3/arg_str.c.obj

[916/1529] Linking C static library esp-idf\esp_driver_gpio\libesp_driver_gpio.a

[917/1529] Building C object esp-idf/console/CMakeFiles/__idf_console.dir/argtable3/arg_utils.c.obj

[918/1529] Building C object esp-idf/protobuf-c/CMakeFiles/__idf_protobuf-c.dir/protobuf-c/protobuf-c/protobuf-c.c.obj

[919/1529] Building C object esp-idf/console/CMakeFiles/__idf_console.dir/argtable3/argtable3.c.obj

[920/1529] Building C object esp-idf/espressif__esp-nn/CMakeFiles/__idf_espressif__esp-nn.dir/src/activation_functions/esp_nn_relu_ansi.c.obj

[921/1529] Linking C static library esp-idf\xtensa\libxtensa.a

[922/1529] Building C object esp-idf/espressif__esp-nn/CMakeFiles/__idf_espressif__esp-nn.dir/src/activation_functions/esp_nn_hard_swish_ansi.c.obj

[923/1529] Building C object esp-idf/espressif__esp-nn/CMakeFiles/__idf_espressif__esp-nn.dir/src/common/esp_nn_mean_ansi.c.obj

[924/1529] Building C object esp-idf/espressif__esp-nn/CMakeFiles/__idf_espressif__esp-nn.dir/src/convolution/esp_nn_conv_opt.c.obj

[925/1529] Building C object esp-idf/espressif__esp-nn/CMakeFiles/__idf_espressif__esp-nn.dir/src/convolution/esp_nn_conv_ansi.c.obj

[926/1529] Building C object esp-idf/espressif__esp-nn/CMakeFiles/__idf_espressif__esp-nn.dir/src/basic_math/esp_nn_mul_ansi.c.obj

[927/1529] Building C object esp-idf/espressif__esp-nn/CMakeFiles/__idf_espressif__esp-nn.dir/src/basic_math/esp_nn_add_ansi.c.obj

[928/1529] Building C object esp-idf/espressif__esp-nn/CMakeFiles/__idf_espressif__esp-nn.dir/src/convolution/esp_nn_depthwise_conv_ansi.c.obj

[929/1529] Building C object esp-idf/espressif__esp-nn/CMakeFiles/__idf_espressif__esp-nn.dir/src/convolution/esp_nn_depthwise_conv_opt.c.obj

[930/1529] Building C object esp-idf/espressif__esp-nn/CMakeFiles/__idf_espressif__esp-nn.dir/src/fully_connected/esp_nn_fully_connected_ansi.c.obj

[931/1529] Building C object esp-idf/espressif__esp-nn/CMakeFiles/__idf_espressif__esp-nn.dir/src/logistic/esp_nn_logistic_ansi.c.obj

[932/1529] Building C object esp-idf/espressif__esp-nn/CMakeFiles/__idf_espressif__esp-nn.dir/src/pooling/esp_nn_avg_pool_ansi.c.obj

[933/1529] Building C object esp-idf/espressif__esp-nn/CMakeFiles/__idf_espressif__esp-nn.dir/src/softmax/esp_nn_softmax_opt.c.obj

[934/1529] Building CXX object esp-idf/wear_levelling/CMakeFiles/__idf_wear_levelling.dir/crc32.cpp.obj

[935/1529] Building C object esp-idf/espressif__esp-nn/CMakeFiles/__idf_espressif__esp-nn.dir/src/softmax/esp_nn_softmax_ansi.c.obj

[936/1529] Building C object esp-idf/espressif__esp-nn/CMakeFiles/__idf_espressif__esp-nn.dir/src/pooling/esp_nn_max_pool_ansi.c.obj

[937/1529] Building CXX object esp-idf/wear_levelling/CMakeFiles/__idf_wear_levelling.dir/Partition.cpp.obj

[938/1529] Building CXX object esp-idf/wear_levelling/CMakeFiles/__idf_wear_levelling.dir/WL_Flash.cpp.obj

[939/1529] Building CXX object esp-idf/wear_levelling/CMakeFiles/__idf_wear_levelling.dir/wear_levelling.cpp.obj

[940/1529] Building CXX object esp-idf/wear_levelling/CMakeFiles/__idf_wear_levelling.dir/SPI_Flash.cpp.obj

[941/1529] Building CXX object esp-idf/wear_levelling/CMakeFiles/__idf_wear_levelling.dir/WL_Ext_Safe.cpp.obj

[942/1529] Building CXX object esp-idf/wear_levelling/CMakeFiles/__idf_wear_levelling.dir/WL_Ext_Perf.cpp.obj

[943/1529] Building C object esp-idf/espressif__esp-nn/CMakeFiles/__idf_espressif__esp-nn.dir/src/common/esp_nn_multicore.c.obj

[944/1529] Building C object esp-idf/espressif__esp-nn/CMakeFiles/__idf_espressif__esp-nn.dir/src/basic_math/esp_nn_mul_mt.c.obj

[945/1529] Building C object esp-idf/espressif__esp-nn/CMakeFiles/__idf_espressif__esp-nn.dir/src/convolution/esp_nn_conv_mt_split.c.obj

[946/1529] Building ASM object esp-idf/espressif__esp-nn/CMakeFiles/__idf_espressif__esp-nn.dir/src/common/esp_nn_multiply_by_quantized_mult_esp32s3.S.obj

[947/1529] Building ASM object esp-idf/espressif__esp-nn/CMakeFiles/__idf_espressif__esp-nn.dir/src/common/esp_nn_common_functions_esp32s3.S.obj

[948/1529] Building ASM object esp-idf/espressif__esp-nn/CMakeFiles/__idf_espressif__esp-nn.dir/src/common/esp_nn_dot_s8_esp32s3.S.obj

[949/1529] Building ASM object esp-idf/espressif__esp-nn/CMakeFiles/__idf_espressif__esp-nn.dir/src/common/esp_nn_multiply_by_quantized_mult_ver1_esp32s3.S.obj

[950/1529] Building ASM object esp-idf/espressif__esp-nn/CMakeFiles/__idf_espressif__esp-nn.dir/src/convolution/esp_nn_depthwise_conv_s8_kx1_esp32s3.S.obj

[951/1529] Building ASM object esp-idf/espressif__esp-nn/CMakeFiles/__idf_espressif__esp-nn.dir/src/activation_functions/esp_nn_relu_s8_esp32s3.S.obj

[952/1529] Building C object esp-idf/espressif__esp-nn/CMakeFiles/__idf_espressif__esp-nn.dir/src/activation_functions/esp_nn_hard_swish_s8_esp32s3.c.obj

[953/1529] Building ASM object esp-idf/espressif__esp-nn/CMakeFiles/__idf_espressif__esp-nn.dir/src/basic_math/esp_nn_add_s8_esp32s3.S.obj

[954/1529] Building C object esp-idf/espressif__esp-nn/CMakeFiles/__idf_espressif__esp-nn.dir/src/basic_math/esp_nn_add_mt_esp32s3.c.obj

[955/1529] Building C object esp-idf/espressif__esp-nn/CMakeFiles/__idf_espressif__esp-nn.dir/src/common/esp_nn_mean_s8_esp32s3.c.obj

[956/1529] Building ASM object esp-idf/espressif__esp-nn/CMakeFiles/__idf_espressif__esp-nn.dir/src/basic_math/esp_nn_mul_broadcast_s8_esp32s3.S.obj

[957/1529] Building ASM object esp-idf/espressif__esp-nn/CMakeFiles/__idf_espressif__esp-nn.dir/src/basic_math/esp_nn_mul_s8_esp32s3.S.obj

[958/1529] Building C object esp-idf/espressif__esp-nn/CMakeFiles/__idf_espressif__esp-nn.dir/src/convolution/esp_nn_conv_esp32s3.c.obj

[959/1529] Building C object esp-idf/espressif__esp-nn/CMakeFiles/__idf_espressif__esp-nn.dir/src/convolution/esp_nn_conv_s8_1x1_esp32s3.c.obj

[960/1529] Building ASM object esp-idf/espressif__esp-nn/CMakeFiles/__idf_espressif__esp-nn.dir/src/convolution/esp_nn_conv_s16_mult8_esp32s3.S.obj

[961/1529] Building C object esp-idf/espressif__esp-nn/CMakeFiles/__idf_espressif__esp-nn.dir/src/convolution/esp_nn_conv_s8_3x3_opt_esp32s3.c.obj

[962/1529] Building ASM object esp-idf/espressif__esp-nn/CMakeFiles/__idf_espressif__esp-nn.dir/src/convolution/esp_nn_conv_s8_mult8_1x1_esp32s3.S.obj

[963/1529] Building ASM object esp-idf/espressif__esp-nn/CMakeFiles/__idf_espressif__esp-nn.dir/src/convolution/esp_nn_depthwise_conv_s16_mult1_esp32s3.S.obj

[964/1529] Building C object esp-idf/espressif__esp-nn/CMakeFiles/__idf_espressif__esp-nn.dir/src/convolution/esp_nn_depthwise_conv_s8_esp32s3.c.obj

[965/1529] Building ASM object esp-idf/espressif__esp-nn/CMakeFiles/__idf_espressif__esp-nn.dir/src/convolution/esp_nn_conv_s8_filter_aligned_input_padded_esp32s3.S.obj

[966/1529] Building ASM object esp-idf/espressif__esp-nn/CMakeFiles/__idf_espressif__esp-nn.dir/src/convolution/esp_nn_depthwise_conv_s8_mult1_3x3_padded_esp32s3.S.obj

[967/1529] Building ASM object esp-idf/espressif__esp-nn/CMakeFiles/__idf_espressif__esp-nn.dir/src/convolution/esp_nn_conv_s16_mult4_1x1_esp32s3.S.obj

[968/1529] Building ASM object esp-idf/espressif__esp-nn/CMakeFiles/__idf_espressif__esp-nn.dir/src/convolution/esp_nn_depthwise_conv_s16_mult1_3x3_esp32s3.S.obj

[969/1529] Building ASM object esp-idf/espressif__esp-nn/CMakeFiles/__idf_espressif__esp-nn.dir/src/convolution/esp_nn_depthwise_conv_s16_mult1_3x3_no_pad_esp32s3.S.obj

[970/1529] Building ASM object esp-idf/espressif__esp-nn/CMakeFiles/__idf_espressif__esp-nn.dir/src/convolution/esp_nn_depthwise_conv_s16_mult4_esp32s3.S.obj

[971/1529] Building ASM object esp-idf/espressif__esp-nn/CMakeFiles/__idf_espressif__esp-nn.dir/src/convolution/esp_nn_depthwise_conv_s16_mult8_3x3_esp32s3.S.obj

[972/1529] Building ASM object esp-idf/espressif__esp-nn/CMakeFiles/__idf_espressif__esp-nn.dir/src/convolution/esp_nn_depthwise_conv_s16_mult8_esp32s3.S.obj

[973/1529] Building ASM object esp-idf/espressif__esp-nn/CMakeFiles/__idf_espressif__esp-nn.dir/src/fully_connected/esp_nn_fully_connected_s8_esp32s3.S.obj

[974/1529] Building C object esp-idf/espressif__esp-nn/CMakeFiles/__idf_espressif__esp-nn.dir/src/fully_connected/esp_nn_fully_connected_esp32s3.c.obj

[975/1529] Building ASM object esp-idf/espressif__esp-nn/CMakeFiles/__idf_espressif__esp-nn.dir/src/fully_connected/esp_nn_fc_s8_mac16_esp32s3.S.obj

[976/1529] Building ASM object esp-idf/espressif__esp-nn/CMakeFiles/__idf_espressif__esp-nn.dir/src/fully_connected/esp_nn_fully_connected_per_ch_s8_esp32s3.S.obj

[977/1529] Building ASM object esp-idf/espressif__esp-nn/CMakeFiles/__idf_espressif__esp-nn.dir/src/pooling/esp_nn_max_pool_s8_esp32s3.S.obj

[978/1529] Building C object esp-idf/espressif__esp-nn/CMakeFiles/__idf_espressif__esp-nn.dir/src/softmax/esp_nn_softmax_s8_esp32s3.c.obj

[979/1529] Building ASM object esp-idf/espressif__esp-nn/CMakeFiles/__idf_espressif__esp-nn.dir/src/pooling/esp_nn_avg_pool_s8_esp32s3.S.obj

[980/1529] Building C object esp-idf/espressif__esp-nn/CMakeFiles/__idf_espressif__esp-nn.dir/src/pooling/esp_nn_avg_pool_s8_esp32s3.c.obj

[981/1529] Building C object esp-idf/unity/CMakeFiles/__idf_unity.dir/unity/src/unity.c.obj

[982/1529] Linking C static library esp-idf\protobuf-c\libprotobuf-c.a

[983/1529] Building C object esp-idf/unity/CMakeFiles/__idf_unity.dir/unity_compat.c.obj

[984/1529] Building C object esp-idf/unity/CMakeFiles/__idf_unity.dir/unity_utils_freertos.c.obj

[985/1529] Linking C static library esp-idf\console\libconsole.a

[986/1529] Building C object esp-idf/unity/CMakeFiles/__idf_unity.dir/unity_runner.c.obj

[987/1529] Building C object esp-idf/unity/CMakeFiles/__idf_unity.dir/unity_utils_memory.c.obj

[988/1529] Building C object esp-idf/unity/CMakeFiles/__idf_unity.dir/unity_utils_cache.c.obj

[989/1529] Building C object esp-idf/unity/CMakeFiles/__idf_unity.dir/port/esp/unity_utils_memory_esp.c.obj

[990/1529] Building C object esp-idf/unity/CMakeFiles/__idf_unity.dir/unity_port_esp32.c.obj

[991/1529] Building C object esp-idf/protocomm/CMakeFiles/__idf_protocomm.dir/src/common/protocomm.c.obj

[992/1529] Building C object esp-idf/esp_https_server/CMakeFiles/__idf_esp_https_server.dir/src/https_server.c.obj

[993/1529] Building C object esp-idf/protocomm/CMakeFiles/__idf_protocomm.dir/proto-c/sec2.pb-c.c.obj

[994/1529] Building C object esp-idf/protocomm/CMakeFiles/__idf_protocomm.dir/proto-c/sec0.pb-c.c.obj

[995/1529] Building C object esp-idf/protocomm/CMakeFiles/__idf_protocomm.dir/proto-c/sec1.pb-c.c.obj

[996/1529] Building C object esp-idf/protocomm/CMakeFiles/__idf_protocomm.dir/proto-c/constants.pb-c.c.obj

[997/1529] Building C object esp-idf/protocomm/CMakeFiles/__idf_protocomm.dir/proto-c/session.pb-c.c.obj

[998/1529] Building C object esp-idf/protocomm/CMakeFiles/__idf_protocomm.dir/src/security/security0.c.obj

[999/1529] Building C object esp-idf/protocomm/CMakeFiles/__idf_protocomm.dir/src/transports/protocomm_console.c.obj

[1000/1529] Linking C static library esp-idf\wear_levelling\libwear_levelling.a

[1001/1529] Building C object esp-idf/protocomm/CMakeFiles/__idf_protocomm.dir/src/transports/protocomm_httpd.c.obj

[1002/1529] Building C object esp-idf/protocomm/CMakeFiles/__idf_protocomm.dir/src/security/security1.c.obj

[1003/1529] Building C object esp-idf/protocomm/CMakeFiles/__idf_protocomm.dir/src/security/security2.c.obj

[1004/1529] Building C object esp-idf/protocomm/CMakeFiles/__idf_protocomm.dir/src/crypto/srp6a/esp_srp.c.obj

[1005/1529] Building C object esp-idf/protocomm/CMakeFiles/__idf_protocomm.dir/src/crypto/srp6a/esp_srp_mpi.c.obj

[1006/1529] Building C object esp-idf/fatfs/CMakeFiles/__idf_fatfs.dir/diskio/diskio_rawflash.c.obj

[1007/1529] Building C object esp-idf/fatfs/CMakeFiles/__idf_fatfs.dir/diskio/diskio.c.obj

[1008/1529] Building C object esp-idf/fatfs/CMakeFiles/__idf_fatfs.dir/src/ff.c.obj

[1009/1529] Building C object esp-idf/fatfs/CMakeFiles/__idf_fatfs.dir/src/ffunicode.c.obj

[1010/1529] Building C object esp-idf/fatfs/CMakeFiles/__idf_fatfs.dir/diskio/diskio_sdmmc.c.obj

[1011/1529] Building C object esp-idf/fatfs/CMakeFiles/__idf_fatfs.dir/diskio/diskio_wl.c.obj

[1012/1529] Building C object esp-idf/fatfs/CMakeFiles/__idf_fatfs.dir/port/freertos/ffsystem.c.obj

[1013/1529] Building C object esp-idf/fatfs/CMakeFiles/__idf_fatfs.dir/vfs/vfs_fat_spiflash.c.obj

[1014/1529] Building C object esp-idf/json/CMakeFiles/__idf_json.dir/cJSON/cJSON_Utils.c.obj

[1015/1529] Building C object esp-idf/fatfs/CMakeFiles/__idf_fatfs.dir/vfs/vfs_fat_sdmmc.c.obj

[1016/1529] Building C object esp-idf/fatfs/CMakeFiles/__idf_fatfs.dir/vfs/vfs_fat.c.obj

[1017/1529] Building C object esp-idf/json/CMakeFiles/__idf_json.dir/cJSON/cJSON.c.obj

[1018/1529] Building ASM object esp-idf/espressif__esp-dsp/CMakeFiles/__idf_espressif__esp-dsp.dir/modules/dotprod/float/dsps_dotprod_f32_m_ae32.S.obj

[1019/1529] Building ASM object esp-idf/espressif__esp-dsp/CMakeFiles/__idf_espressif__esp-dsp.dir/modules/dotprod/float/dsps_dotprod_f32_ae32.S.obj

[1020/1529] Building C object esp-idf/espressif__esp-dsp/CMakeFiles/__idf_espressif__esp-dsp.dir/modules/common/misc/aes3_tie_log.c.obj

[1021/1529] Building ASM object esp-idf/espressif__esp-dsp/CMakeFiles/__idf_espressif__esp-dsp.dir/modules/dotprod/float/dsps_dotprode_f32_ae32.S.obj

[1022/1529] Building ASM object esp-idf/espressif__esp-dsp/CMakeFiles/__idf_espressif__esp-dsp.dir/modules/dotprod/float/dsps_dotprode_f32_m_ae32.S.obj

[1023/1529] Building C object esp-idf/espressif__esp-dsp/CMakeFiles/__idf_espressif__esp-dsp.dir/modules/dotprod/float/dsps_dotprode_f32_ansi.c.obj

[1024/1529] Building ASM object esp-idf/espressif__esp-dsp/CMakeFiles/__idf_espressif__esp-dsp.dir/modules/dotprod/float/dsps_dotprode_f32_arp4.S.obj

[1025/1529] Building ASM object esp-idf/espressif__esp-dsp/CMakeFiles/__idf_espressif__esp-dsp.dir/modules/dotprod/float/dsps_dotprod_f32_aes3.S.obj

[1026/1529] Building C object esp-idf/espressif__esp-dsp/CMakeFiles/__idf_espressif__esp-dsp.dir/modules/dotprod/float/dsps_dotprod_f32_ansi.c.obj

[1027/1529] Building ASM object esp-idf/espressif__esp-dsp/CMakeFiles/__idf_espressif__esp-dsp.dir/modules/dotprod/float/dsps_dotprod_f32_arp4.S.obj

[1028/1529] Building ASM object esp-idf/espressif__esp-dsp/CMakeFiles/__idf_espressif__esp-dsp.dir/modules/dotprod/fixed/dsps_dotprod_s16_ae32.S.obj

[1029/1529] Building ASM object esp-idf/espressif__esp-dsp/CMakeFiles/__idf_espressif__esp-dsp.dir/modules/dotprod/fixed/dsps_dotprod_s16_m_ae32.S.obj

[1030/1529] Building ASM object esp-idf/espressif__esp-dsp/CMakeFiles/__idf_espressif__esp-dsp.dir/modules/dotprod/fixed/dsps_dotprod_s16_arp4.S.obj

[1031/1529] Building C object esp-idf/espressif__esp-dsp/CMakeFiles/__idf_espressif__esp-dsp.dir/modules/dotprod/fixed/dsps_dotprod_s16_ansi.c.obj

[1032/1529] Building CXX object esp-idf/espressif__esp-dsp/CMakeFiles/__idf_espressif__esp-dsp.dir/modules/common/misc/dsps_pwroftwo.cpp.obj

[1033/1529] Building ASM object esp-idf/espressif__esp-dsp/CMakeFiles/__idf_espressif__esp-dsp.dir/modules/dotprod/fixed/dsps_dp_s8_aes3.S.obj

[1034/1529] Building C object esp-idf/espressif__esp-dsp/CMakeFiles/__idf_espressif__esp-dsp.dir/modules/dotprod/fixed/dsps_dp_s8_ansi.c.obj

[1035/1529] Building C object esp-idf/espressif__esp-dsp/CMakeFiles/__idf_espressif__esp-dsp.dir/modules/dotprod/float/dspi_dotprod_off_f32_ansi.c.obj

[1036/1529] Building C object esp-idf/espressif__esp-dsp/CMakeFiles/__idf_espressif__esp-dsp.dir/modules/dotprod/float/dspi_dotprod_f32_ansi.c.obj

[1037/1529] Building C object esp-idf/espressif__esp-dsp/CMakeFiles/__idf_espressif__esp-dsp.dir/modules/dotprod/fixed/dspi_dotprod_u16_ansi.c.obj

[1038/1529] Building C object esp-idf/espressif__esp-dsp/CMakeFiles/__idf_espressif__esp-dsp.dir/modules/dotprod/fixed/dspi_dotprod_s8_ansi.c.obj

[1039/1529] Building C object esp-idf/espressif__esp-dsp/CMakeFiles/__idf_espressif__esp-dsp.dir/modules/dotprod/fixed/dspi_dotprod_u8_ansi.c.obj

[1040/1529] Building C object esp-idf/espressif__esp-dsp/CMakeFiles/__idf_espressif__esp-dsp.dir/modules/dotprod/fixed/dspi_dotprod_s16_ansi.c.obj

[1041/1529] Building C object esp-idf/espressif__esp-dsp/CMakeFiles/__idf_espressif__esp-dsp.dir/modules/dotprod/fixed/dspi_dotprod_off_s16_ansi.c.obj

[1042/1529] Building ASM object esp-idf/espressif__esp-dsp/CMakeFiles/__idf_espressif__esp-dsp.dir/modules/dotprod/fixed/dspi_dotprod_s16_aes3.S.obj

[1043/1529] Building C object esp-idf/espressif__esp-dsp/CMakeFiles/__idf_espressif__esp-dsp.dir/modules/dotprod/fixed/dspi_dotprod_off_s8_ansi.c.obj

[1044/1529] Building ASM object esp-idf/espressif__esp-dsp/CMakeFiles/__idf_espressif__esp-dsp.dir/modules/dotprod/fixed/dspi_dotprod_u16_aes3.S.obj

[1045/1529] Building C object esp-idf/espressif__esp-dsp/CMakeFiles/__idf_espressif__esp-dsp.dir/modules/dotprod/fixed/dspi_dotprod_off_u16_ansi.c.obj

[1046/1529] Building ASM object esp-idf/espressif__esp-dsp/CMakeFiles/__idf_espressif__esp-dsp.dir/modules/dotprod/fixed/dspi_dotprod_off_s16_aes3.S.obj

[1047/1529] Building ASM object esp-idf/espressif__esp-dsp/CMakeFiles/__idf_espressif__esp-dsp.dir/modules/dotprod/fixed/dspi_dotprod_off_u16_aes3.S.obj

[1048/1529] Building ASM object esp-idf/espressif__esp-dsp/CMakeFiles/__idf_espressif__esp-dsp.dir/modules/dotprod/fixed/dspi_dotprod_u8_aes3.S.obj

[1049/1529] Building C object esp-idf/espressif__esp-dsp/CMakeFiles/__idf_espressif__esp-dsp.dir/modules/dotprod/fixed/dspi_dotprod_off_u8_ansi.c.obj

[1050/1529] Building ASM object esp-idf/espressif__esp-dsp/CMakeFiles/__idf_espressif__esp-dsp.dir/modules/dotprod/fixed/dspi_dotprod_s8_aes3.S.obj

[1051/1529] Building ASM object esp-idf/espressif__esp-dsp/CMakeFiles/__idf_espressif__esp-dsp.dir/modules/dotprod/fixed/dspi_dotprod_off_u8_aes3.S.obj

[1052/1529] Building ASM object esp-idf/espressif__esp-dsp/CMakeFiles/__idf_espressif__esp-dsp.dir/modules/dotprod/fixed/dspi_dotprod_off_s8_aes3.S.obj

[1053/1529] Building ASM object esp-idf/espressif__esp-dsp/CMakeFiles/__idf_espressif__esp-dsp.dir/modules/dotprod/fixed/dspi_dotprod_s16_arp4.S.obj

[1054/1529] Building ASM object esp-idf/espressif__esp-dsp/CMakeFiles/__idf_espressif__esp-dsp.dir/modules/dotprod/fixed/dspi_dotprod_s8_arp4.S.obj

[1055/1529] Building ASM object esp-idf/espressif__esp-dsp/CMakeFiles/__idf_espressif__esp-dsp.dir/modules/dotprod/fixed/dspi_dotprod_u16_arp4.S.obj

[1056/1529] Building ASM object esp-idf/espressif__esp-dsp/CMakeFiles/__idf_espressif__esp-dsp.dir/modules/dotprod/fixed/dspi_dotprod_u8_arp4.S.obj

[1057/1529] Building ASM object esp-idf/espressif__esp-dsp/CMakeFiles/__idf_espressif__esp-dsp.dir/modules/dotprod/fixed/dspi_dotprod_off_s16_arp4.S.obj

[1058/1529] Building ASM object esp-idf/espressif__esp-dsp/CMakeFiles/__idf_espressif__esp-dsp.dir/modules/dotprod/fixed/dspi_dotprod_off_s8_arp4.S.obj

[1059/1529] Building ASM object esp-idf/espressif__esp-dsp/CMakeFiles/__idf_espressif__esp-dsp.dir/modules/dotprod/fixed/dspi_dotprod_off_u8_arp4.S.obj

[1060/1529] Building ASM object esp-idf/espressif__esp-dsp/CMakeFiles/__idf_espressif__esp-dsp.dir/modules/dotprod/fixed/dspi_dotprod_off_u16_arp4.S.obj

[1061/1529] Building ASM object esp-idf/espressif__esp-dsp/CMakeFiles/__idf_espressif__esp-dsp.dir/modules/matrix/mul/float/dspm_mult_3x3x1_f32_ae32.S.obj

[1062/1529] Building ASM object esp-idf/espressif__esp-dsp/CMakeFiles/__idf_espressif__esp-dsp.dir/modules/matrix/mul/float/dspm_mult_4x4x1_f32_ae32.S.obj

[1063/1529] Building ASM object esp-idf/espressif__esp-dsp/CMakeFiles/__idf_espressif__esp-dsp.dir/modules/matrix/mul/float/dspm_mult_ex_f32_aes3.S.obj

[1064/1529] Building ASM object esp-idf/espressif__esp-dsp/CMakeFiles/__idf_espressif__esp-dsp.dir/modules/matrix/mul/float/dspm_mult_4x4x4_f32_ae32.S.obj

[1065/1529] Building ASM object esp-idf/espressif__esp-dsp/CMakeFiles/__idf_espressif__esp-dsp.dir/modules/matrix/mul/fixed/dspm_mult_s16_ae32.S.obj

[1066/1529] Building ASM object esp-idf/espressif__esp-dsp/CMakeFiles/__idf_espressif__esp-dsp.dir/modules/matrix/mul/float/dspm_mult_3x3x3_f32_ae32.S.obj

[1067/1529] Building ASM object esp-idf/espressif__esp-dsp/CMakeFiles/__idf_espressif__esp-dsp.dir/modules/matrix/mul/fixed/dspm_mult_s16_m_ae32_vector.S.obj

[1068/1529] Building ASM object esp-idf/espressif__esp-dsp/CMakeFiles/__idf_espressif__esp-dsp.dir/modules/matrix/mul/float/dspm_mult_f32_ae32.S.obj

[1069/1529] Building ASM object esp-idf/espressif__esp-dsp/CMakeFiles/__idf_espressif__esp-dsp.dir/modules/matrix/mul/float/dspm_mult_f32_aes3.S.obj

[1070/1529] Building ASM object esp-idf/espressif__esp-dsp/CMakeFiles/__idf_espressif__esp-dsp.dir/modules/matrix/mul/fixed/dspm_mult_s16_m_ae32.S.obj

[1071/1529] Building ASM object esp-idf/espressif__esp-dsp/CMakeFiles/__idf_espressif__esp-dsp.dir/modules/matrix/mul/float/dspm_mult_f32_arp4.S.obj

[1072/1529] Building C object esp-idf/espressif__esp-dsp/CMakeFiles/__idf_espressif__esp-dsp.dir/modules/matrix/mul/fixed/dspm_mult_s16_ansi.c.obj

[1073/1529] Building ASM object esp-idf/espressif__esp-dsp/CMakeFiles/__idf_espressif__esp-dsp.dir/modules/matrix/mul/fixed/dspm_mult_s16_aes3.S.obj

[1074/1529] Building C object esp-idf/espressif__esp-dsp/CMakeFiles/__idf_espressif__esp-dsp.dir/modules/matrix/mul/float/dspm_mult_ex_f32_ansi.c.obj

[1075/1529] Building ASM object esp-idf/espressif__esp-dsp/CMakeFiles/__idf_espressif__esp-dsp.dir/modules/matrix/mul/float/dspm_mult_ex_f32_ae32.S.obj

[1076/1529] Building ASM object esp-idf/espressif__esp-dsp/CMakeFiles/__idf_espressif__esp-dsp.dir/modules/matrix/mul/float/dspm_mult_ex_f32_arp4.S.obj

[1077/1529] Building C object esp-idf/espressif__esp-dsp/CMakeFiles/__idf_espressif__esp-dsp.dir/modules/matrix/mul/float/dspm_mult_f32_ansi.c.obj

[1078/1529] Building ASM object esp-idf/espressif__esp-dsp/CMakeFiles/__idf_espressif__esp-dsp.dir/modules/matrix/mul/fixed/dspm_mult_s16_arp4.S.obj

[1079/1529] Building C object esp-idf/espressif__esp-dsp/CMakeFiles/__idf_espressif__esp-dsp.dir/modules/matrix/add/float/dspm_add_f32_ansi.c.obj

[1080/1529] Building ASM object esp-idf/espressif__esp-dsp/CMakeFiles/__idf_espressif__esp-dsp.dir/modules/matrix/add/float/dspm_add_f32_ae32.S.obj

[1081/1529] Building C object esp-idf/espressif__esp-dsp/CMakeFiles/__idf_espressif__esp-dsp.dir/modules/matrix/addc/float/dspm_addc_f32_ansi.c.obj

[1082/1529] Building ASM object esp-idf/espressif__esp-dsp/CMakeFiles/__idf_espressif__esp-dsp.dir/modules/matrix/addc/float/dspm_addc_f32_ae32.S.obj

[1083/1529] Building C object esp-idf/espressif__esp-dsp/CMakeFiles/__idf_espressif__esp-dsp.dir/modules/matrix/mulc/float/dspm_mulc_f32_ansi.c.obj

[1084/1529] Building ASM object esp-idf/espressif__esp-dsp/CMakeFiles/__idf_espressif__esp-dsp.dir/modules/matrix/mulc/float/dspm_mulc_f32_ae32.S.obj

[1085/1529] Building C object esp-idf/espressif__esp-dsp/CMakeFiles/__idf_espressif__esp-dsp.dir/modules/matrix/sub/float/dspm_sub_f32_ansi.c.obj

[1086/1529] Building ASM object esp-idf/espressif__esp-dsp/CMakeFiles/__idf_espressif__esp-dsp.dir/modules/matrix/sub/float/dspm_sub_f32_ae32.S.obj

[1087/1529] Building C object esp-idf/espressif__esp-dsp/CMakeFiles/__idf_espressif__esp-dsp.dir/modules/math/mulc/float/dsps_mulc_f32_ansi.c.obj

[1088/1529] Building C object esp-idf/espressif__esp-dsp/CMakeFiles/__idf_espressif__esp-dsp.dir/modules/math/addc/float/dsps_addc_f32_ansi.c.obj

[1089/1529] Building C object esp-idf/espressif__esp-dsp/CMakeFiles/__idf_espressif__esp-dsp.dir/modules/math/mulc/fixed/dsps_mulc_s16_ansi.c.obj

[1090/1529] Building ASM object esp-idf/espressif__esp-dsp/CMakeFiles/__idf_espressif__esp-dsp.dir/modules/math/mulc/fixed/dsps_mulc_s16_ae32.S.obj

[1091/1529] Building C object esp-idf/espressif__esp-dsp/CMakeFiles/__idf_espressif__esp-dsp.dir/modules/math/add/float/dsps_add_f32_ansi.c.obj

[1092/1529] Building C object esp-idf/espressif__esp-dsp/CMakeFiles/__idf_espressif__esp-dsp.dir/modules/math/add/fixed/dsps_add_s16_ansi.c.obj

[1093/1529] Building ASM object esp-idf/espressif__esp-dsp/CMakeFiles/__idf_espressif__esp-dsp.dir/modules/math/add/fixed/dsps_add_s16_ae32.S.obj

[1094/1529] Building ASM object esp-idf/espressif__esp-dsp/CMakeFiles/__idf_espressif__esp-dsp.dir/modules/math/add/fixed/dsps_add_s16_aes3.S.obj

[1095/1529] Building C object esp-idf/espressif__esp-dsp/CMakeFiles/__idf_espressif__esp-dsp.dir/modules/math/add/fixed/dsps_add_s8_ansi.c.obj

[1096/1529] Building ASM object esp-idf/espressif__esp-dsp/CMakeFiles/__idf_espressif__esp-dsp.dir/modules/math/add/fixed/dsps_add_s8_aes3.S.obj

[1097/1529] Building C object esp-idf/espressif__esp-dsp/CMakeFiles/__idf_espressif__esp-dsp.dir/modules/math/sub/float/dsps_sub_f32_ansi.c.obj

[1098/1529] Building C object esp-idf/espressif__esp-dsp/CMakeFiles/__idf_espressif__esp-dsp.dir/modules/math/sub/fixed/dsps_sub_s16_ansi.c.obj

[1099/1529] Building ASM object esp-idf/espressif__esp-dsp/CMakeFiles/__idf_espressif__esp-dsp.dir/modules/math/sub/fixed/dsps_sub_s16_ae32.S.obj

[1100/1529] Building ASM object esp-idf/espressif__esp-dsp/CMakeFiles/__idf_espressif__esp-dsp.dir/modules/math/sub/fixed/dsps_sub_s16_aes3.S.obj

[1101/1529] Building C object esp-idf/espressif__esp-dsp/CMakeFiles/__idf_espressif__esp-dsp.dir/modules/math/sub/fixed/dsps_sub_s8_ansi.c.obj

[1102/1529] Building ASM object esp-idf/espressif__esp-dsp/CMakeFiles/__idf_espressif__esp-dsp.dir/modules/math/sub/fixed/dsps_sub_s8_aes3.S.obj

[1103/1529] Building C object esp-idf/espressif__esp-dsp/CMakeFiles/__idf_espressif__esp-dsp.dir/modules/math/mul/float/dsps_mul_f32_ansi.c.obj

[1104/1529] Building C object esp-idf/espressif__esp-dsp/CMakeFiles/__idf_espressif__esp-dsp.dir/modules/math/mul/fixed/dsps_mul_s16_ansi.c.obj

[1105/1529] Building ASM object esp-idf/espressif__esp-dsp/CMakeFiles/__idf_espressif__esp-dsp.dir/modules/math/mul/fixed/dsps_mul_s16_ae32.S.obj

[1106/1529] Building ASM object esp-idf/espressif__esp-dsp/CMakeFiles/__idf_espressif__esp-dsp.dir/modules/math/mul/fixed/dsps_mul_s16_aes3.S.obj

[1107/1529] Building C object esp-idf/espressif__esp-dsp/CMakeFiles/__idf_espressif__esp-dsp.dir/modules/math/mul/fixed/dsps_mul_s8_ansi.c.obj

[1108/1529] Building ASM object esp-idf/espressif__esp-dsp/CMakeFiles/__idf_espressif__esp-dsp.dir/modules/math/mul/fixed/dsps_mul_s8_aes3.S.obj

[1109/1529] Building C object esp-idf/espressif__esp-dsp/CMakeFiles/__idf_espressif__esp-dsp.dir/modules/matrix/mul/fixed/dspm_mult_mxn_1xm_int8_ansi.c.obj

[1110/1529] Building ASM object esp-idf/espressif__esp-dsp/CMakeFiles/__idf_espressif__esp-dsp.dir/modules/math/mulc/float/dsps_mulc_f32_ae32.S.obj

[1111/1529] Building ASM object esp-idf/espressif__esp-dsp/CMakeFiles/__idf_espressif__esp-dsp.dir/modules/math/addc/float/dsps_addc_f32_ae32.S.obj

[1112/1529] Building ASM object esp-idf/espressif__esp-dsp/CMakeFiles/__idf_espressif__esp-dsp.dir/modules/math/add/float/dsps_add_f32_ae32.S.obj

[1113/1529] Building ASM object esp-idf/espressif__esp-dsp/CMakeFiles/__idf_espressif__esp-dsp.dir/modules/math/sub/float/dsps_sub_f32_ae32.S.obj

[1114/1529] Building ASM object esp-idf/espressif__esp-dsp/CMakeFiles/__idf_espressif__esp-dsp.dir/modules/math/mul/float/dsps_mul_f32_ae32.S.obj

[1115/1529] Building C object esp-idf/espressif__esp-dsp/CMakeFiles/__idf_espressif__esp-dsp.dir/modules/math/sqrt/float/dsps_sqrt_f32_ansi.c.obj

[1116/1529] Building ASM object esp-idf/espressif__esp-dsp/CMakeFiles/__idf_espressif__esp-dsp.dir/modules/fft/float/dsps_fft2r_fc32_ae32_.S.obj

[1117/1529] Building ASM object esp-idf/espressif__esp-dsp/CMakeFiles/__idf_espressif__esp-dsp.dir/modules/fft/float/dsps_fft2r_fc32_aes3_.S.obj

[1118/1529] Building ASM object esp-idf/espressif__esp-dsp/CMakeFiles/__idf_espressif__esp-dsp.dir/modules/fft/float/dsps_fft2r_fc32_arp4.S.obj

[1119/1529] Building C object esp-idf/espressif__esp-dsp/CMakeFiles/__idf_espressif__esp-dsp.dir/modules/fft/float/dsps_fft2r_fc32_ansi.c.obj

[1120/1529] Building C object esp-idf/espressif__esp-dsp/CMakeFiles/__idf_espressif__esp-dsp.dir/modules/fft/float/dsps_fft2r_fc32_ae32.c.obj

[1121/1529] Building ASM object esp-idf/espressif__esp-dsp/CMakeFiles/__idf_espressif__esp-dsp.dir/modules/fft/float/dsps_bit_rev_lookup_fc32_aes3.S.obj

[1122/1529] Building C object esp-idf/espressif__esp-dsp/CMakeFiles/__idf_espressif__esp-dsp.dir/modules/fft/float/dsps_fft4r_fc32_ansi.c.obj

[1123/1529] Building C object esp-idf/espressif__esp-dsp/CMakeFiles/__idf_espressif__esp-dsp.dir/modules/fft/float/dsps_fft4r_fc32_ae32.c.obj

[1124/1529] Building ASM object esp-idf/espressif__esp-dsp/CMakeFiles/__idf_espressif__esp-dsp.dir/modules/fft/float/dsps_fft4r_fc32_ae32_.S.obj

[1125/1529] Building ASM object esp-idf/espressif__esp-dsp/CMakeFiles/__idf_espressif__esp-dsp.dir/modules/fft/float/dsps_fft4r_fc32_aes3_.S.obj

[1126/1529] Building ASM object esp-idf/espressif__esp-dsp/CMakeFiles/__idf_espressif__esp-dsp.dir/modules/fft/float/dsps_fft4r_fc32_arp4.S.obj

[1127/1529] Building C object esp-idf/espressif__esp-dsp/CMakeFiles/__idf_espressif__esp-dsp.dir/modules/fft/float/dsps_fft2r_bitrev_tables_fc32.c.obj

[1128/1529] Building C object esp-idf/espressif__esp-dsp/CMakeFiles/__idf_espressif__esp-dsp.dir/modules/fft/float/dsps_fft4r_bitrev_tables_fc32.c.obj

[1129/1529] Building ASM object esp-idf/espressif__esp-dsp/CMakeFiles/__idf_espressif__esp-dsp.dir/modules/fft/fixed/dsps_fft2r_sc16_ae32.S.obj

[1130/1529] Building C object esp-idf/espressif__esp-dsp/CMakeFiles/__idf_espressif__esp-dsp.dir/modules/fft/fixed/dsps_fft2r_sc16_ansi.c.obj

[1131/1529] Building ASM object esp-idf/espressif__esp-dsp/CMakeFiles/__idf_espressif__esp-dsp.dir/modules/fft/fixed/dsps_fft2r_sc16_aes3.S.obj

[1132/1529] Building ASM object esp-idf/espressif__esp-dsp/CMakeFiles/__idf_espressif__esp-dsp.dir/modules/fft/fixed/dsps_fft2r_sc16_arp4.S.obj

[1133/1529] Building C object esp-idf/espressif__esp-dsp/CMakeFiles/__idf_espressif__esp-dsp.dir/modules/dct/float/dsps_dct_f32.c.obj

[1134/1529] Building C object esp-idf/espressif__esp-dsp/CMakeFiles/__idf_espressif__esp-dsp.dir/modules/dct/float/dsps_dctiv_f32.c.obj

[1135/1529] Building C object esp-idf/espressif__esp-dsp/CMakeFiles/__idf_espressif__esp-dsp.dir/modules/dct/float/dsps_dstiv_f32.c.obj

[1136/1529] Building C object esp-idf/espressif__esp-dsp/CMakeFiles/__idf_espressif__esp-dsp.dir/modules/support/misc/dsps_d_gen.c.obj

[1137/1529] Building CXX object esp-idf/espressif__esp-dsp/CMakeFiles/__idf_espressif__esp-dsp.dir/modules/matrix/mat/mat.cpp.obj

[1138/1529] Building C object esp-idf/espressif__esp-dsp/CMakeFiles/__idf_espressif__esp-dsp.dir/modules/support/misc/dsps_h_gen.c.obj

[1139/1529] Building C object esp-idf/espressif__esp-dsp/CMakeFiles/__idf_espressif__esp-dsp.dir/modules/support/misc/dsps_tone_gen.c.obj

[1140/1529] Building C object esp-idf/espressif__esp-dsp/CMakeFiles/__idf_espressif__esp-dsp.dir/modules/support/cplx_gen/dsps_cplx_gen.c.obj

[1141/1529] Building ASM object esp-idf/espressif__esp-dsp/CMakeFiles/__idf_espressif__esp-dsp.dir/modules/support/cplx_gen/dsps_cplx_gen.S.obj

[1142/1529] Building C object esp-idf/espressif__esp-dsp/CMakeFiles/__idf_espressif__esp-dsp.dir/modules/support/cplx_gen/dsps_cplx_gen_init.c.obj

[1143/1529] Building ASM object esp-idf/espressif__esp-dsp/CMakeFiles/__idf_espressif__esp-dsp.dir/modules/support/mem/esp32s3/dsps_memset_aes3.S.obj

[1144/1529] Building ASM object esp-idf/espressif__esp-dsp/CMakeFiles/__idf_espressif__esp-dsp.dir/modules/support/mem/esp32s3/dsps_memcpy_aes3.S.obj

[1145/1529] Building C object esp-idf/espressif__esp-dsp/CMakeFiles/__idf_espressif__esp-dsp.dir/modules/windows/hann/float/dsps_wind_hann_f32.c.obj

[1146/1529] Building C object esp-idf/espressif__esp-dsp/CMakeFiles/__idf_espressif__esp-dsp.dir/modules/windows/blackman/float/dsps_wind_blackman_f32.c.obj

[1147/1529] Building C object esp-idf/espressif__esp-dsp/CMakeFiles/__idf_espressif__esp-dsp.dir/modules/windows/blackman_harris/float/dsps_wind_blackman_harris_f32.c.obj

[1148/1529] Building C object esp-idf/espressif__esp-dsp/CMakeFiles/__idf_espressif__esp-dsp.dir/modules/windows/blackman_nuttall/float/dsps_wind_blackman_nuttall_f32.c.obj

[1149/1529] Building C object esp-idf/espressif__esp-dsp/CMakeFiles/__idf_espressif__esp-dsp.dir/modules/windows/nuttall/float/dsps_wind_nuttall_f32.c.obj

[1150/1529] Building C object esp-idf/espressif__esp-dsp/CMakeFiles/__idf_espressif__esp-dsp.dir/modules/windows/flat_top/float/dsps_wind_flat_top_f32.c.obj

[1151/1529] Building C object esp-idf/espressif__esp-dsp/CMakeFiles/__idf_espressif__esp-dsp.dir/modules/conv/float/dsps_conv_f32_ansi.c.obj

[1152/1529] Building C object esp-idf/espressif__esp-dsp/CMakeFiles/__idf_espressif__esp-dsp.dir/modules/conv/float/dspi_conv_f32_ansi.c.obj

[1153/1529] Building ASM object esp-idf/espressif__esp-dsp/CMakeFiles/__idf_espressif__esp-dsp.dir/modules/conv/float/dsps_conv_f32_ae32.S.obj

[1154/1529] Building C object esp-idf/espressif__esp-dsp/CMakeFiles/__idf_espressif__esp-dsp.dir/modules/conv/float/dsps_corr_f32_ansi.c.obj

[1155/1529] Building ASM object esp-idf/espressif__esp-dsp/CMakeFiles/__idf_espressif__esp-dsp.dir/modules/conv/float/dsps_corr_f32_ae32.S.obj

[1156/1529] Building C object esp-idf/espressif__esp-dsp/CMakeFiles/__idf_espressif__esp-dsp.dir/modules/conv/float/dsps_ccorr_f32_ansi.c.obj

[1157/1529] Building ASM object esp-idf/espressif__esp-dsp/CMakeFiles/__idf_espressif__esp-dsp.dir/modules/conv/float/dsps_ccorr_f32_ae32.S.obj

[1158/1529] Building ASM object esp-idf/espressif__esp-dsp/CMakeFiles/__idf_espressif__esp-dsp.dir/modules/iir/biquad/dsps_biquad_f32_ae32.S.obj

[1159/1529] Building ASM object esp-idf/espressif__esp-dsp/CMakeFiles/__idf_espressif__esp-dsp.dir/modules/iir/biquad/dsps_biquad_sf32_ae32.S.obj

[1160/1529] Building ASM object esp-idf/espressif__esp-dsp/CMakeFiles/__idf_espressif__esp-dsp.dir/modules/iir/biquad/dsps_biquad_f32_aes3.S.obj

[1161/1529] Building ASM object esp-idf/espressif__esp-dsp/CMakeFiles/__idf_espressif__esp-dsp.dir/modules/iir/biquad/dsps_biquad_f32_arp4.S.obj

[1162/1529] Building ASM object esp-idf/espressif__esp-dsp/CMakeFiles/__idf_espressif__esp-dsp.dir/modules/iir/biquad/dsps_biquad_sf32_arp4.S.obj

[1163/1529] Building C object esp-idf/espressif__esp-dsp/CMakeFiles/__idf_espressif__esp-dsp.dir/modules/iir/biquad/dsps_biquad_f32_ansi.c.obj

[1164/1529] Building C object esp-idf/espressif__esp-dsp/CMakeFiles/__idf_espressif__esp-dsp.dir/modules/iir/biquad/dsps_biquad_sf32_ansi.c.obj

[1165/1529] Building C object esp-idf/espressif__esp-dsp/CMakeFiles/__idf_espressif__esp-dsp.dir/modules/iir/biquad/dsps_biquad_gen_f32.c.obj

[1166/1529] Building ASM object esp-idf/espressif__esp-dsp/CMakeFiles/__idf_espressif__esp-dsp.dir/modules/fir/float/dsps_fir_f32_ae32.S.obj

[1167/1529] Building ASM object esp-idf/espressif__esp-dsp/CMakeFiles/__idf_espressif__esp-dsp.dir/modules/fir/float/dsps_fir_f32_aes3.S.obj

[1168/1529] Building ASM object esp-idf/espressif__esp-dsp/CMakeFiles/__idf_espressif__esp-dsp.dir/modules/fir/float/dsps_fird_f32_ae32.S.obj

[1169/1529] Building ASM object esp-idf/espressif__esp-dsp/CMakeFiles/__idf_espressif__esp-dsp.dir/modules/fir/float/dsps_fird_f32_aes3.S.obj

[1170/1529] Building ASM object esp-idf/espressif__esp-dsp/CMakeFiles/__idf_espressif__esp-dsp.dir/modules/fir/float/dsps_fird_f32_arp4.S.obj

[1171/1529] Building CXX object esp-idf/espressif__esp-dsp/CMakeFiles/__idf_espressif__esp-dsp.dir/modules/support/sfdr/float/dsps_sfdr_f32.cpp.obj

[1172/1529] Building C object esp-idf/espressif__esp-dsp/CMakeFiles/__idf_espressif__esp-dsp.dir/modules/fir/float/dsps_fir_f32_ansi.c.obj

[1173/1529] Building C object esp-idf/espressif__esp-dsp/CMakeFiles/__idf_espressif__esp-dsp.dir/modules/fir/float/dsps_fir_init_f32.c.obj

[1174/1529] Building C object esp-idf/espressif__esp-dsp/CMakeFiles/__idf_espressif__esp-dsp.dir/modules/fir/float/dsps_fird_f32_ansi.c.obj

[1175/1529] Building C object esp-idf/espressif__esp-dsp/CMakeFiles/__idf_espressif__esp-dsp.dir/modules/fir/float/dsps_fird_init_f32.c.obj

[1176/1529] Building C object esp-idf/espressif__esp-dsp/CMakeFiles/__idf_espressif__esp-dsp.dir/modules/fir/fixed/dsps_fird_init_s16.c.obj

[1177/1529] Building C object esp-idf/espressif__esp-dsp/CMakeFiles/__idf_espressif__esp-dsp.dir/modules/fir/fixed/dsps_fird_s16_ansi.c.obj

[1178/1529] Building ASM object esp-idf/espressif__esp-dsp/CMakeFiles/__idf_espressif__esp-dsp.dir/modules/fir/fixed/dsps_fird_s16_ae32.S.obj

[1179/1529] Building ASM object esp-idf/espressif__esp-dsp/CMakeFiles/__idf_espressif__esp-dsp.dir/modules/fir/fixed/dsps_fir_s16_m_ae32.S.obj

[1180/1529] Building ASM object esp-idf/espressif__esp-dsp/CMakeFiles/__idf_espressif__esp-dsp.dir/modules/fir/fixed/dsps_fird_s16_aes3.S.obj

[1181/1529] Building CXX object esp-idf/espressif__esp-dsp/CMakeFiles/__idf_espressif__esp-dsp.dir/modules/support/snr/float/dsps_snr_f32.cpp.obj

[1182/1529] Building ASM object esp-idf/espressif__esp-dsp/CMakeFiles/__idf_espressif__esp-dsp.dir/modules/fir/fixed/dsps_fird_s16_arp4.S.obj

[1183/1529] Building C object esp-idf/espressif__esp-dsp/CMakeFiles/__idf_espressif__esp-dsp.dir/modules/fir/float/dsps_firmr_init_f32.c.obj

[1184/1529] Building C object esp-idf/espressif__esp-dsp/CMakeFiles/__idf_espressif__esp-dsp.dir/modules/fir/float/dsps_firmr_f32_ansi.c.obj

[1185/1529] Building C object esp-idf/espressif__esp-dsp/CMakeFiles/__idf_espressif__esp-dsp.dir/modules/fir/fixed/dsps_firmr_init_s16.c.obj

[1186/1529] Building C object esp-idf/espressif__esp-dsp/CMakeFiles/__idf_espressif__esp-dsp.dir/modules/fir/fixed/dsps_firmr_s16_ansi.c.obj

[1187/1529] Building C object esp-idf/espressif__esp-dsp/CMakeFiles/__idf_espressif__esp-dsp.dir/modules/fir/resampler/dsps_resampler_mr.c.obj

[1188/1529] Building CXX object esp-idf/espressif__esp-dsp/CMakeFiles/__idf_espressif__esp-dsp.dir/modules/support/view/dsps_view.cpp.obj

[1189/1529] Building C object esp-idf/espressif__esp-dsp/CMakeFiles/__idf_espressif__esp-dsp.dir/modules/fir/resampler/dsps_resampler_ph.c.obj

[1190/1529] Linking C static library esp-idf\espressif__esp-nn\libespressif__esp-nn.a

[1191/1529] Building CXX object esp-idf/espressif__esp-tflite-micro/CMakeFiles/__idf_espressif__esp-tflite-micro.dir/tensorflow/lite/micro/debug_log.cc.obj

[1192/1529] Performing configure step for 'bootloader'

-- Found Git: C:/Program Files/Git/cmd/git.exe (found version "2.52.0.windows.1")
-- Component directory C:/Espressif/frameworks/esp-idf-v5.5.5/components/esp_blockdev does not contain a CMakeLists.txt file. No component will be added
-- Minimal build - OFF
-- The C compiler identification is GNU 14.2.0
-- The CXX compiler identification is GNU 14.2.0
-- The ASM compiler identification is GNU
-- Found assembler: C:/Users/mihajlo.zivkovic/.espressif/tools/xtensa-esp-elf/esp-14.2.0_20260121/xtensa-esp-elf/bin/xtensa-esp32s3-elf-gcc.exe
-- Detecting C compiler ABI info
-- Detecting C compiler ABI info - done
-- Check for working C compiler: C:/Users/mihajlo.zivkovic/.espressif/tools/xtensa-esp-elf/esp-14.2.0_20260121/xtensa-esp-elf/bin/xtensa-esp32s3-elf-gcc.exe - skipped
-- Detecting C compile features
-- Detecting C compile features - done
-- Detecting CXX compiler ABI info
-- Detecting CXX compiler ABI info - done
-- Check for working CXX compiler: C:/Users/mihajlo.zivkovic/.espressif/tools/xtensa-esp-elf/esp-14.2.0_20260121/xtensa-esp-elf/bin/xtensa-esp32s3-elf-g++.exe - skipped
-- Detecting CXX compile features
-- Detecting CXX compile features - done
-- Building ESP-IDF components for target esp32s3
-- ESP-TEE is currently supported only on the esp32c6;esp32h2;esp32c5 SoCs
-- Project sdkconfig file C:/Users/mihajlo.zivkovic/Documents/master rad/esp32s3/firmware/esp32s3_asd/sdkconfig
-- Compiler supported targets: xtensa-esp-elf
-- Detecting C compiler ABI info
-- Detecting C compiler ABI info - done
-- Detecting CXX compiler ABI info
-- Detecting CXX compiler ABI info - done
-- Detecting C compiler ABI info
-- Detecting C compiler ABI info - done
-- Detecting CXX compiler ABI info
-- Detecting CXX compiler ABI info - done
-- Adding linker script C:/Espressif/frameworks/esp-idf-v5.5.5/components/soc/esp32s3/ld/esp32s3.peripherals.ld
-- Bootloader project name: "bootloader" version: 1
-- Adding linker script C:/Espressif/frameworks/esp-idf-v5.5.5/components/esp_rom/esp32s3/ld/esp32s3.rom.ld
-- Adding linker script C:/Espressif/frameworks/esp-idf-v5.5.5/components/esp_rom/esp32s3/ld/esp32s3.rom.api.ld
-- Adding linker script C:/Espressif/frameworks/esp-idf-v5.5.5/components/esp_rom/esp32s3/ld/esp32s3.rom.bt_funcs.ld
-- Adding linker script C:/Espressif/frameworks/esp-idf-v5.5.5/components/esp_rom/esp32s3/ld/esp32s3.rom.libgcc.ld
-- Adding linker script C:/Espressif/frameworks/esp-idf-v5.5.5/components/esp_rom/esp32s3/ld/esp32s3.rom.wdt.ld
-- Adding linker script C:/Espressif/frameworks/esp-idf-v5.5.5/components/esp_rom/esp32s3/ld/esp32s3.rom.version.ld
-- Adding linker script C:/Espressif/frameworks/esp-idf-v5.5.5/components/esp_rom/esp32s3/ld/esp32s3.rom.libc.ld
-- Adding linker script C:/Espressif/frameworks/esp-idf-v5.5.5/components/esp_rom/esp32s3/ld/esp32s3.rom.newlib.ld
-- Adding linker script C:/Espressif/frameworks/esp-idf-v5.5.5/components/bootloader/subproject/main/ld/esp32s3/bootloader.rom.ld
-- Components: bootloader bootloader_support efuse esp_app_format esp_bootloader_format esp_common esp_hw_support esp_rom esp_security esp_system esptool_py freertos hal log main micro-ecc newlib partition_table soc spi_flash xtensa
-- Component paths: C:/Espressif/frameworks/esp-idf-v5.5.5/components/bootloader C:/Espressif/frameworks/esp-idf-v5.5.5/components/bootloader_support C:/Espressif/frameworks/esp-idf-v5.5.5/components/efuse C:/Espressif/frameworks/esp-idf-v5.5.5/components/esp_app_format C:/Espressif/frameworks/esp-idf-v5.5.5/components/esp_bootloader_format C:/Espressif/frameworks/esp-idf-v5.5.5/components/esp_common C:/Espressif/frameworks/esp-idf-v5.5.5/components/esp_hw_support C:/Espressif/frameworks/esp-idf-v5.5.5/components/esp_rom C:/Espressif/frameworks/esp-idf-v5.5.5/components/esp_security C:/Espressif/frameworks/esp-idf-v5.5.5/components/esp_system C:/Espressif/frameworks/esp-idf-v5.5.5/components/esptool_py C:/Espressif/frameworks/esp-idf-v5.5.5/components/freertos C:/Espressif/frameworks/esp-idf-v5.5.5/components/hal C:/Espressif/frameworks/esp-idf-v5.5.5/components/log C:/Espressif/frameworks/esp-idf-v5.5.5/components/bootloader/subproject/main C:/Espressif/frameworks/esp-idf-v5.5.5/components/bootloader/subproject/components/micro-ecc C:/Espressif/frameworks/esp-idf-v5.5.5/components/newlib C:/Espressif/frameworks/esp-idf-v5.5.5/components/partition_table C:/Espressif/frameworks/esp-idf-v5.5.5/components/soc C:/Espressif/frameworks/esp-idf-v5.5.5/components/spi_flash C:/Espressif/frameworks/esp-idf-v5.5.5/components/xtensa
-- Adding linker script C:/Espressif/frameworks/esp-idf-v5.5.5/components/bootloader/subproject/main/ld/esp32s3/bootloader.ld

-- Configuring done (642.2s)

-- Generating done (10.0s)

-- Build files have been written to: C:/Users/mihajlo.zivkovic/Documents/master rad/esp32s3/results/mjerenje_2026-09-21/build/bootloader

[1193/1529] Building CXX object esp-idf/espressif__esp-tflite-micro/CMakeFiles/__idf_espressif__esp-tflite-micro.dir/tensorflow/lite/micro/micro_log.cc.obj

[1194/1529] Building CXX object esp-idf/espressif__esp-tflite-micro/CMakeFiles/__idf_espressif__esp-tflite-micro.dir/tensorflow/lite/micro/system_setup.cc.obj

[1195/1529] Building CXX object esp-idf/espressif__esp-dsp/CMakeFiles/__idf_espressif__esp-dsp.dir/modules/kalman/ekf/common/ekf.cpp.obj

[1196/1529] Building CXX object esp-idf/espressif__esp-dsp/CMakeFiles/__idf_espressif__esp-dsp.dir/modules/kalman/ekf_imu13states/ekf_imu13states.cpp.obj

[1197/1529] Building CXX object esp-idf/espressif__esp-tflite-micro/CMakeFiles/__idf_espressif__esp-tflite-micro.dir/tensorflow/lite/micro/esp/micro_time.cc.obj

[1198/1529] Building CXX object esp-idf/espressif__esp-tflite-micro/CMakeFiles/__idf_espressif__esp-tflite-micro.dir/tensorflow/lite/micro/micro_profiler.cc.obj

[1199/1529] Building CXX object esp-idf/espressif__esp-tflite-micro/CMakeFiles/__idf_espressif__esp-tflite-micro.dir/tensorflow/lite/micro/flatbuffer_utils.cc.obj

[1200/1529] Building CXX object esp-idf/espressif__esp-tflite-micro/CMakeFiles/__idf_espressif__esp-tflite-micro.dir/tensorflow/lite/micro/memory_helpers.cc.obj

[1201/1529] Building CXX object esp-idf/espressif__esp-tflite-micro/CMakeFiles/__idf_espressif__esp-tflite-micro.dir/tensorflow/lite/micro/micro_context.cc.obj

[1202/1529] Building CXX object esp-idf/espressif__esp-tflite-micro/CMakeFiles/__idf_espressif__esp-tflite-micro.dir/tensorflow/lite/micro/micro_interpreter_context.cc.obj

[1203/1529] Building CXX object esp-idf/espressif__esp-tflite-micro/CMakeFiles/__idf_espressif__esp-tflite-micro.dir/tensorflow/lite/micro/micro_allocation_info.cc.obj

[1204/1529] Building CXX object esp-idf/espressif__esp-tflite-micro/CMakeFiles/__idf_espressif__esp-tflite-micro.dir/tensorflow/lite/micro/micro_interpreter_graph.cc.obj

[1205/1529] Building CXX object esp-idf/espressif__esp-tflite-micro/CMakeFiles/__idf_espressif__esp-tflite-micro.dir/tensorflow/lite/micro/micro_allocator.cc.obj

[1206/1529] Building CXX object esp-idf/espressif__esp-tflite-micro/CMakeFiles/__idf_espressif__esp-tflite-micro.dir/tensorflow/lite/micro/micro_op_resolver.cc.obj

[1207/1529] Building CXX object esp-idf/espressif__esp-tflite-micro/CMakeFiles/__idf_espressif__esp-tflite-micro.dir/tensorflow/lite/micro/micro_utils.cc.obj

[1208/1529] Building CXX object esp-idf/espressif__esp-tflite-micro/CMakeFiles/__idf_espressif__esp-tflite-micro.dir/tensorflow/lite/micro/micro_interpreter.cc.obj

[1209/1529] Building CXX object esp-idf/espressif__esp-tflite-micro/CMakeFiles/__idf_espressif__esp-tflite-micro.dir/tensorflow/lite/micro/recording_micro_allocator.cc.obj

[1210/1529] Building CXX object esp-idf/espressif__esp-tflite-micro/CMakeFiles/__idf_espressif__esp-tflite-micro.dir/tensorflow/lite/micro/micro_resource_variable.cc.obj

[1211/1529] Building CXX object esp-idf/espressif__esp-tflite-micro/CMakeFiles/__idf_espressif__esp-tflite-micro.dir/tensorflow/lite/micro/kernels/activations.cc.obj

[1212/1529] Building CXX object esp-idf/espressif__esp-tflite-micro/CMakeFiles/__idf_espressif__esp-tflite-micro.dir/tensorflow/lite/micro/kernels/activations_common.cc.obj

[1213/1529] Building CXX object esp-idf/espressif__esp-tflite-micro/CMakeFiles/__idf_espressif__esp-tflite-micro.dir/tensorflow/lite/micro/kernels/add_common.cc.obj

[1214/1529] Building CXX object esp-idf/espressif__esp-tflite-micro/CMakeFiles/__idf_espressif__esp-tflite-micro.dir/tensorflow/lite/micro/kernels/add_n.cc.obj

[1215/1529] Building CXX object esp-idf/espressif__esp-tflite-micro/CMakeFiles/__idf_espressif__esp-tflite-micro.dir/tensorflow/lite/micro/kernels/arg_min_max.cc.obj

[1216/1529] Building CXX object esp-idf/espressif__esp-tflite-micro/CMakeFiles/__idf_espressif__esp-tflite-micro.dir/tensorflow/lite/micro/kernels/assign_variable.cc.obj

[1217/1529] Building CXX object esp-idf/espressif__esp-tflite-micro/CMakeFiles/__idf_espressif__esp-tflite-micro.dir/tensorflow/lite/micro/kernels/batch_matmul_common.cc.obj

[1218/1529] Building CXX object esp-idf/espressif__esp-tflite-micro/CMakeFiles/__idf_espressif__esp-tflite-micro.dir/tensorflow/lite/micro/kernels/broadcast_args.cc.obj

[1219/1529] Building CXX object esp-idf/espressif__esp-tflite-micro/CMakeFiles/__idf_espressif__esp-tflite-micro.dir/tensorflow/lite/micro/kernels/batch_matmul.cc.obj

[1220/1529] Building CXX object esp-idf/espressif__esp-tflite-micro/CMakeFiles/__idf_espressif__esp-tflite-micro.dir/tensorflow/lite/micro/kernels/batch_to_space_nd.cc.obj

[1221/1529] Building CXX object esp-idf/espressif__esp-tflite-micro/CMakeFiles/__idf_espressif__esp-tflite-micro.dir/tensorflow/lite/micro/kernels/call_once.cc.obj

[1222/1529] Building CXX object esp-idf/espressif__esp-tflite-micro/CMakeFiles/__idf_espressif__esp-tflite-micro.dir/tensorflow/lite/micro/kernels/broadcast_to.cc.obj

[1223/1529] Building CXX object esp-idf/espressif__esp-tflite-micro/CMakeFiles/__idf_espressif__esp-tflite-micro.dir/tensorflow/lite/micro/kernels/cast.cc.obj

[1224/1529] Building CXX object esp-idf/espressif__esp-tflite-micro/CMakeFiles/__idf_espressif__esp-tflite-micro.dir/tensorflow/lite/micro/kernels/circular_buffer_common.cc.obj

[1225/1529] Building CXX object esp-idf/espressif__esp-tflite-micro/CMakeFiles/__idf_espressif__esp-tflite-micro.dir/tensorflow/lite/micro/kernels/decompress.cc.obj

[1226/1529] Building CXX object esp-idf/espressif__esp-tflite-micro/CMakeFiles/__idf_espressif__esp-tflite-micro.dir/tensorflow/lite/micro/kernels/decompress_common.cc.obj

[1227/1529] Building CXX object esp-idf/espressif__esp-tflite-micro/CMakeFiles/__idf_espressif__esp-tflite-micro.dir/tensorflow/lite/micro/kernels/ceil.cc.obj

[1228/1529] Building CXX object esp-idf/espressif__esp-tflite-micro/CMakeFiles/__idf_espressif__esp-tflite-micro.dir/tensorflow/lite/micro/kernels/circular_buffer.cc.obj

[1229/1529] Building CXX object esp-idf/espressif__esp-tflite-micro/CMakeFiles/__idf_espressif__esp-tflite-micro.dir/tensorflow/lite/micro/kernels/concatenation.cc.obj

[1230/1529] Building CXX object esp-idf/espressif__esp-tflite-micro/CMakeFiles/__idf_espressif__esp-tflite-micro.dir/tensorflow/lite/micro/kernels/conv_common.cc.obj

[1231/1529] Building CXX object esp-idf/espressif__esp-tflite-micro/CMakeFiles/__idf_espressif__esp-tflite-micro.dir/tensorflow/lite/micro/kernels/comparisons.cc.obj

[1232/1529] Building CXX object esp-idf/espressif__esp-tflite-micro/CMakeFiles/__idf_espressif__esp-tflite-micro.dir/tensorflow/lite/micro/kernels/cumsum.cc.obj

[1233/1529] Building CXX object esp-idf/espressif__esp-tflite-micro/CMakeFiles/__idf_espressif__esp-tflite-micro.dir/tensorflow/lite/micro/kernels/ethosu.cc.obj

[1234/1529] Building CXX object esp-idf/espressif__esp-tflite-micro/CMakeFiles/__idf_espressif__esp-tflite-micro.dir/tensorflow/lite/micro/kernels/decode_state.cc.obj

[1235/1529] Building CXX object esp-idf/espressif__esp-tflite-micro/CMakeFiles/__idf_espressif__esp-tflite-micro.dir/tensorflow/lite/micro/kernels/decode_state_huffman.cc.obj

[1236/1529] Building CXX object esp-idf/espressif__esp-tflite-micro/CMakeFiles/__idf_espressif__esp-tflite-micro.dir/tensorflow/lite/micro/kernels/decode.cc.obj

[1237/1529] Building CXX object esp-idf/espressif__esp-tflite-micro/CMakeFiles/__idf_espressif__esp-tflite-micro.dir/tensorflow/lite/micro/kernels/decode_state_prune.cc.obj

[1238/1529] Building CXX object esp-idf/espressif__esp-tflite-micro/CMakeFiles/__idf_espressif__esp-tflite-micro.dir/tensorflow/lite/micro/kernels/decode_state_lut.cc.obj

[1239/1529] Building CXX object esp-idf/espressif__esp-tflite-micro/CMakeFiles/__idf_espressif__esp-tflite-micro.dir/tensorflow/lite/micro/kernels/depth_to_space.cc.obj

[1240/1529] Building CXX object esp-idf/espressif__esp-tflite-micro/CMakeFiles/__idf_espressif__esp-tflite-micro.dir/tensorflow/lite/micro/kernels/depthwise_conv_common.cc.obj

[1241/1529] Building CXX object esp-idf/espressif__esp-tflite-micro/CMakeFiles/__idf_espressif__esp-tflite-micro.dir/tensorflow/lite/micro/kernels/dequantize_common.cc.obj

[1242/1529] Building CXX object esp-idf/espressif__esp-tflite-micro/CMakeFiles/__idf_espressif__esp-tflite-micro.dir/tensorflow/lite/micro/kernels/dequantize.cc.obj

[1243/1529] Building CXX object esp-idf/espressif__esp-tflite-micro/CMakeFiles/__idf_espressif__esp-tflite-micro.dir/tensorflow/lite/micro/kernels/detection_postprocess.cc.obj

[1244/1529] Building CXX object esp-idf/espressif__esp-tflite-micro/CMakeFiles/__idf_espressif__esp-tflite-micro.dir/tensorflow/lite/micro/kernels/div.cc.obj

[1245/1529] Building CXX object esp-idf/espressif__esp-tflite-micro/CMakeFiles/__idf_espressif__esp-tflite-micro.dir/tensorflow/lite/micro/kernels/dynamic_update_slice.cc.obj

[1246/1529] Building CXX object esp-idf/espressif__esp-tflite-micro/CMakeFiles/__idf_espressif__esp-tflite-micro.dir/tensorflow/lite/micro/kernels/embedding_lookup.cc.obj

[1247/1529] Building CXX object esp-idf/espressif__esp-tflite-micro/CMakeFiles/__idf_espressif__esp-tflite-micro.dir/tensorflow/lite/micro/kernels/elu.cc.obj

[1248/1529] Building CXX object esp-idf/espressif__esp-tflite-micro/CMakeFiles/__idf_espressif__esp-tflite-micro.dir/tensorflow/lite/micro/kernels/elementwise.cc.obj

[1249/1529] Building CXX object esp-idf/espressif__esp-tflite-micro/CMakeFiles/__idf_espressif__esp-tflite-micro.dir/tensorflow/lite/micro/kernels/expand_dims.cc.obj

[1250/1529] Building CXX object esp-idf/espressif__esp-tflite-micro/CMakeFiles/__idf_espressif__esp-tflite-micro.dir/tensorflow/lite/micro/kernels/fill.cc.obj

[1251/1529] Building CXX object esp-idf/espressif__esp-tflite-micro/CMakeFiles/__idf_espressif__esp-tflite-micro.dir/tensorflow/lite/micro/kernels/exp.cc.obj

[1252/1529] Building CXX object esp-idf/espressif__esp-tflite-micro/CMakeFiles/__idf_espressif__esp-tflite-micro.dir/tensorflow/lite/micro/kernels/floor.cc.obj

[1253/1529] Building CXX object esp-idf/espressif__esp-tflite-micro/CMakeFiles/__idf_espressif__esp-tflite-micro.dir/tensorflow/lite/micro/kernels/gather.cc.obj

[1254/1529] Building CXX object esp-idf/espressif__esp-tflite-micro/CMakeFiles/__idf_espressif__esp-tflite-micro.dir/tensorflow/lite/micro/kernels/gather_nd.cc.obj

[1255/1529] Building CXX object esp-idf/espressif__esp-tflite-micro/CMakeFiles/__idf_espressif__esp-tflite-micro.dir/tensorflow/lite/micro/kernels/hard_swish.cc.obj

[1256/1529] Building CXX object esp-idf/espressif__esp-tflite-micro/CMakeFiles/__idf_espressif__esp-tflite-micro.dir/tensorflow/lite/micro/kernels/floor_mod.cc.obj

[1257/1529] Building CXX object esp-idf/espressif__esp-tflite-micro/CMakeFiles/__idf_espressif__esp-tflite-micro.dir/tensorflow/lite/micro/kernels/hard_swish_common.cc.obj

[1258/1529] Building CXX object esp-idf/espressif__esp-tflite-micro/CMakeFiles/__idf_espressif__esp-tflite-micro.dir/tensorflow/lite/micro/kernels/floor_div.cc.obj

[1259/1529] Building CXX object esp-idf/espressif__esp-tflite-micro/CMakeFiles/__idf_espressif__esp-tflite-micro.dir/tensorflow/lite/micro/kernels/fully_connected_common.cc.obj

[1260/1529] Building CXX object esp-idf/espressif__esp-tflite-micro/CMakeFiles/__idf_espressif__esp-tflite-micro.dir/tensorflow/lite/micro/kernels/kernel_runner.cc.obj

[1261/1529] Building CXX object esp-idf/espressif__esp-tflite-micro/CMakeFiles/__idf_espressif__esp-tflite-micro.dir/tensorflow/lite/micro/kernels/if.cc.obj

[1262/1529] Building CXX object esp-idf/espressif__esp-tflite-micro/CMakeFiles/__idf_espressif__esp-tflite-micro.dir/tensorflow/lite/micro/kernels/l2_pool_2d.cc.obj

[1263/1529] Building CXX object esp-idf/espressif__esp-tflite-micro/CMakeFiles/__idf_espressif__esp-tflite-micro.dir/tensorflow/lite/micro/kernels/leaky_relu_common.cc.obj

[1264/1529] Building CXX object esp-idf/espressif__esp-tflite-micro/CMakeFiles/__idf_espressif__esp-tflite-micro.dir/tensorflow/lite/micro/kernels/leaky_relu.cc.obj

[1265/1529] Building CXX object esp-idf/espressif__esp-tflite-micro/CMakeFiles/__idf_espressif__esp-tflite-micro.dir/tensorflow/lite/micro/kernels/l2norm.cc.obj

[1266/1529] Building CXX object esp-idf/espressif__esp-tflite-micro/CMakeFiles/__idf_espressif__esp-tflite-micro.dir/tensorflow/lite/micro/kernels/micro_tensor_utils.cc.obj

[1267/1529] Building CXX object esp-idf/espressif__esp-tflite-micro/CMakeFiles/__idf_espressif__esp-tflite-micro.dir/tensorflow/lite/micro/kernels/kernel_util.cc.obj

[1268/1529] Building CXX object esp-idf/espressif__esp-tflite-micro/CMakeFiles/__idf_espressif__esp-tflite-micro.dir/tensorflow/lite/micro/kernels/log_softmax.cc.obj

[1269/1529] Building CXX object esp-idf/espressif__esp-tflite-micro/CMakeFiles/__idf_espressif__esp-tflite-micro.dir/tensorflow/lite/micro/kernels/logical.cc.obj

[1270/1529] Building CXX object esp-idf/espressif__esp-tflite-micro/CMakeFiles/__idf_espressif__esp-tflite-micro.dir/tensorflow/lite/micro/kernels/logistic.cc.obj

[1271/1529] Building CXX object esp-idf/espressif__esp-tflite-micro/CMakeFiles/__idf_espressif__esp-tflite-micro.dir/tensorflow/lite/micro/kernels/maximum_minimum.cc.obj

[1272/1529] Building CXX object esp-idf/espressif__esp-tflite-micro/CMakeFiles/__idf_espressif__esp-tflite-micro.dir/tensorflow/lite/micro/kernels/logical_common.cc.obj

[1273/1529] Building CXX object esp-idf/espressif__esp-tflite-micro/CMakeFiles/__idf_espressif__esp-tflite-micro.dir/tensorflow/lite/micro/kernels/lstm_eval.cc.obj

[1274/1529] Building CXX object esp-idf/espressif__esp-tflite-micro/CMakeFiles/__idf_espressif__esp-tflite-micro.dir/tensorflow/lite/micro/kernels/lstm_eval_common.cc.obj

[1275/1529] Building CXX object esp-idf/espressif__esp-tflite-micro/CMakeFiles/__idf_espressif__esp-tflite-micro.dir/tensorflow/lite/micro/kernels/logistic_common.cc.obj

[1276/1529] Building CXX object esp-idf/espressif__esp-tflite-micro/CMakeFiles/__idf_espressif__esp-tflite-micro.dir/tensorflow/lite/micro/kernels/neg.cc.obj

[1277/1529] Building CXX object esp-idf/espressif__esp-tflite-micro/CMakeFiles/__idf_espressif__esp-tflite-micro.dir/tensorflow/lite/micro/kernels/mirror_pad.cc.obj

[1278/1529] Building CXX object esp-idf/espressif__esp-tflite-micro/CMakeFiles/__idf_espressif__esp-tflite-micro.dir/tensorflow/lite/micro/kernels/pack.cc.obj

[1279/1529] Building CXX object esp-idf/espressif__esp-tflite-micro/CMakeFiles/__idf_espressif__esp-tflite-micro.dir/tensorflow/lite/micro/kernels/mul_common.cc.obj

[1280/1529] Building CXX object esp-idf/espressif__esp-tflite-micro/CMakeFiles/__idf_espressif__esp-tflite-micro.dir/tensorflow/lite/micro/kernels/pad.cc.obj

[1281/1529] Building CXX object esp-idf/espressif__esp-tflite-micro/CMakeFiles/__idf_espressif__esp-tflite-micro.dir/tensorflow/lite/micro/kernels/pooling_common.cc.obj

[1282/1529] Building CXX object esp-idf/espressif__esp-tflite-micro/CMakeFiles/__idf_espressif__esp-tflite-micro.dir/tensorflow/lite/micro/kernels/pad_common.cc.obj

[1283/1529] Building CXX object esp-idf/espressif__esp-tflite-micro/CMakeFiles/__idf_espressif__esp-tflite-micro.dir/tensorflow/lite/micro/kernels/quantize.cc.obj

[1284/1529] Building CXX object esp-idf/espressif__esp-tflite-micro/CMakeFiles/__idf_espressif__esp-tflite-micro.dir/tensorflow/lite/micro/kernels/prelu_common.cc.obj

[1285/1529] Building CXX object esp-idf/espressif__esp-tflite-micro/CMakeFiles/__idf_espressif__esp-tflite-micro.dir/tensorflow/lite/micro/kernels/prelu.cc.obj

[1286/1529] Building CXX object esp-idf/espressif__esp-tflite-micro/CMakeFiles/__idf_espressif__esp-tflite-micro.dir/tensorflow/lite/micro/kernels/quantize_common.cc.obj

[1287/1529] Building CXX object esp-idf/espressif__esp-tflite-micro/CMakeFiles/__idf_espressif__esp-tflite-micro.dir/tensorflow/lite/micro/kernels/read_variable.cc.obj

[1288/1529] Building CXX object esp-idf/espressif__esp-tflite-micro/CMakeFiles/__idf_espressif__esp-tflite-micro.dir/tensorflow/lite/micro/kernels/reduce_common.cc.obj

[1289/1529] Building CXX object esp-idf/espressif__esp-tflite-micro/CMakeFiles/__idf_espressif__esp-tflite-micro.dir/tensorflow/lite/micro/kernels/reduce.cc.obj

[1290/1529] Building CXX object esp-idf/espressif__esp-tflite-micro/CMakeFiles/__idf_espressif__esp-tflite-micro.dir/tensorflow/lite/micro/kernels/reshape.cc.obj

[1291/1529] Building CXX object esp-idf/espressif__esp-tflite-micro/CMakeFiles/__idf_espressif__esp-tflite-micro.dir/tensorflow/lite/micro/kernels/reshape_common.cc.obj

[1292/1529] Building CXX object esp-idf/espressif__esp-tflite-micro/CMakeFiles/__idf_espressif__esp-tflite-micro.dir/tensorflow/lite/micro/kernels/resize_nearest_neighbor.cc.obj

[1293/1529] Building CXX object esp-idf/espressif__esp-tflite-micro/CMakeFiles/__idf_espressif__esp-tflite-micro.dir/tensorflow/lite/micro/kernels/resize_bilinear.cc.obj

[1294/1529] Building CXX object esp-idf/espressif__esp-tflite-micro/CMakeFiles/__idf_espressif__esp-tflite-micro.dir/tensorflow/lite/micro/kernels/round.cc.obj

[1295/1529] Building CXX object esp-idf/espressif__esp-tflite-micro/CMakeFiles/__idf_espressif__esp-tflite-micro.dir/tensorflow/lite/micro/kernels/reverse.cc.obj

[1296/1529] Building CXX object esp-idf/espressif__esp-tflite-micro/CMakeFiles/__idf_espressif__esp-tflite-micro.dir/tensorflow/lite/micro/kernels/shape.cc.obj

[1297/1529] Building CXX object esp-idf/espressif__esp-tflite-micro/CMakeFiles/__idf_espressif__esp-tflite-micro.dir/tensorflow/lite/micro/kernels/select.cc.obj

[1298/1529] Building CXX object esp-idf/espressif__esp-tflite-micro/CMakeFiles/__idf_espressif__esp-tflite-micro.dir/tensorflow/lite/micro/kernels/slice.cc.obj

[1299/1529] Building CXX object esp-idf/espressif__esp-tflite-micro/CMakeFiles/__idf_espressif__esp-tflite-micro.dir/tensorflow/lite/micro/kernels/softmax_common.cc.obj

[1300/1529] Building CXX object esp-idf/espressif__esp-tflite-micro/CMakeFiles/__idf_espressif__esp-tflite-micro.dir/tensorflow/lite/micro/kernels/space_to_depth.cc.obj

[1301/1529] Building CXX object esp-idf/espressif__esp-tflite-micro/CMakeFiles/__idf_espressif__esp-tflite-micro.dir/tensorflow/lite/micro/kernels/space_to_batch_nd.cc.obj

[1302/1529] Building CXX object esp-idf/espressif__esp-tflite-micro/CMakeFiles/__idf_espressif__esp-tflite-micro.dir/tensorflow/lite/micro/kernels/split_v.cc.obj

[1303/1529] Building CXX object esp-idf/espressif__esp-tflite-micro/CMakeFiles/__idf_espressif__esp-tflite-micro.dir/tensorflow/lite/micro/kernels/split.cc.obj

[1304/1529] Building CXX object esp-idf/espressif__esp-tflite-micro/CMakeFiles/__idf_espressif__esp-tflite-micro.dir/tensorflow/lite/micro/kernels/squared_difference.cc.obj

[1305/1529] Building CXX object esp-idf/espressif__esp-tflite-micro/CMakeFiles/__idf_espressif__esp-tflite-micro.dir/tensorflow/lite/micro/kernels/squeeze.cc.obj

[1306/1529] Building CXX object esp-idf/espressif__esp-tflite-micro/CMakeFiles/__idf_espressif__esp-tflite-micro.dir/tensorflow/lite/micro/kernels/strided_slice.cc.obj

[1307/1529] Building CXX object esp-idf/espressif__esp-tflite-micro/CMakeFiles/__idf_espressif__esp-tflite-micro.dir/tensorflow/lite/micro/kernels/strided_slice_common.cc.obj

[1308/1529] Building CXX object esp-idf/espressif__esp-tflite-micro/CMakeFiles/__idf_espressif__esp-tflite-micro.dir/tensorflow/lite/micro/kernels/sub_common.cc.obj

In file included from C:/Users/mihajlo.zivkovic/Documents/master rad/esp32s3/firmware/esp32s3_asd/managed_components/espressif__esp-tflite-micro/tensorflow/lite/micro/kernels/sub_common.cc:22:
C:/Users/mihajlo.zivkovic/Documents/master rad/esp32s3/firmware/esp32s3_asd/managed_components/espressif__esp-tflite-micro/tensorflow/lite/kernels/internal/reference/sub.h: In lambda function:
C:/Users/mihajlo.zivkovic/Documents/master rad/esp32s3/firmware/esp32s3_asd/managed_components/espressif__esp-tflite-micro/tensorflow/lite/kernels/internal/reference/sub.h:56:62: warning: declaration of 'const tflite::ArithmeticParams& params' shadows a parameter [-Wshadow]
   56 |       [](T input1_val, T input2_val, const ArithmeticParams& params) {
      |                                      ~~~~~~~~~~~~~~~~~~~~~~~~^~~~~~
C:/Users/mihajlo.zivkovic/Documents/master rad/esp32s3/firmware/esp32s3_asd/managed_components/espressif__esp-tflite-micro/tensorflow/lite/kernels/internal/reference/sub.h:48:47: note: shadowed declaration is here
   48 | void BroadcastSubSlow(const ArithmeticParams& params,
      |                       ~~~~~~~~~~~~~~~~~~~~~~~~^~~~~~
C:/Users/mihajlo.zivkovic/Documents/master rad/esp32s3/firmware/esp32s3_asd/managed_components/espressif__esp-tflite-micro/tensorflow/lite/kernels/internal/reference/sub.h: In lambda function:
C:/Users/mihajlo.zivkovic/Documents/master rad/esp32s3/firmware/esp32s3_asd/managed_components/espressif__esp-tflite-micro/tensorflow/lite/kernels/internal/reference/sub.h:76:34: warning: declaration of 'const tflite::ArithmeticParams& params' shadows a parameter [-Wshadow]
   76 |          const ArithmeticParams& params) {
      |          ~~~~~~~~~~~~~~~~~~~~~~~~^~~~~~
C:/Users/mihajlo.zivkovic/Documents/master rad/esp32s3/firmware/esp32s3_asd/managed_components/espressif__esp-tflite-micro/tensorflow/lite/kernels/internal/reference/sub.h:64:59: note: shadowed declaration is here
   64 | inline void BroadcastSub16POTSlow(const ArithmeticParams& params,
      |                                   ~~~~~~~~~~~~~~~~~~~~~~~~^~~~~~
C:/Users/mihajlo.zivkovic/Documents/master rad/esp32s3/firmware/esp32s3_asd/managed_components/espressif__esp-tflite-micro/tensorflow/lite/kernels/internal/reference/sub.h: In lambda function:
C:/Users/mihajlo.zivkovic/Documents/master rad/esp32s3/firmware/esp32s3_asd/managed_components/espressif__esp-tflite-micro/tensorflow/lite/kernels/internal/reference/sub.h:100:62: warning: declaration of 'const tflite::ArithmeticParams& params' shadows a parameter [-Wshadow]
  100 |       [](T input1_val, T input2_val, const ArithmeticParams& params) {
      |                                      ~~~~~~~~~~~~~~~~~~~~~~~~^~~~~~
C:/Users/mihajlo.zivkovic/Documents/master rad/esp32s3/firmware/esp32s3_asd/managed_components/espressif__esp-tflite-micro/tensorflow/lite/kernels/internal/reference/sub.h:90:52: note: shadowed declaration is here
   90 | void BroadcastQuantSubSlow(const ArithmeticParams& params,
      |                            ~~~~~~~~~~~~~~~~~~~~~~~~^~~~~~
C:/Users/mihajlo.zivkovic/Documents/master rad/esp32s3/firmware/esp32s3_asd/managed_components/espressif__esp-tflite-micro/tensorflow/lite/kernels/internal/reference/sub.h: In lambda function:
C:/Users/mihajlo.zivkovic/Documents/master rad/esp32s3/firmware/esp32s3_asd/managed_components/espressif__esp-tflite-micro/tensorflow/lite/kernels/internal/reference/sub.h:212:62: warning: declaration of 'const tflite::ArithmeticParams& params' shadows a parameter [-Wshadow]
  212 |       [](T input1_val, T input2_val, const ArithmeticParams& params) {

      |                                      ~~~~~~~~~~~~~~~~~~~~~~~~^~~~~~

C:/Users/mihajlo.zivkovic/Documents/master rad/esp32s3/firmware/esp32s3_asd/managed_components/espressif__esp-tflite-micro/tensorflow/lite/kernels/internal/reference/sub.h:205:34: note: shadowed declaration is here

  205 | void Sub(const ArithmeticParams& params, const RuntimeShape& input1_shape,

      |          ~~~~~~~~~~~~~~~~~~~~~~~~^~~~~~

[1309/1529] Building CXX object esp-idf/espressif__esp-tflite-micro/CMakeFiles/__idf_espressif__esp-tflite-micro.dir/tensorflow/lite/micro/kernels/sub.cc.obj

In file included from C:/Users/mihajlo.zivkovic/Documents/master rad/esp32s3/firmware/esp32s3_asd/managed_components/espressif__esp-tflite-micro/tensorflow/lite/micro/kernels/sub.cc:24:
C:/Users/mihajlo.zivkovic/Documents/master rad/esp32s3/firmware/esp32s3_asd/managed_components/espressif__esp-tflite-micro/tensorflow/lite/kernels/internal/reference/sub.h: In lambda function:
C:/Users/mihajlo.zivkovic/Documents/master rad/esp32s3/firmware/esp32s3_asd/managed_components/espressif__esp-tflite-micro/tensorflow/lite/kernels/internal/reference/sub.h:56:62: warning: declaration of 'const tflite::ArithmeticParams& params' shadows a parameter [-Wshadow]
   56 |       [](T input1_val, T input2_val, const ArithmeticParams& params) {
      |                                      ~~~~~~~~~~~~~~~~~~~~~~~~^~~~~~
C:/Users/mihajlo.zivkovic/Documents/master rad/esp32s3/firmware/esp32s3_asd/managed_components/espressif__esp-tflite-micro/tensorflow/lite/kernels/internal/reference/sub.h:48:47: note: shadowed declaration is here
   48 | void BroadcastSubSlow(const ArithmeticParams& params,
      |                       ~~~~~~~~~~~~~~~~~~~~~~~~^~~~~~
C:/Users/mihajlo.zivkovic/Documents/master rad/esp32s3/firmware/esp32s3_asd/managed_components/espressif__esp-tflite-micro/tensorflow/lite/kernels/internal/reference/sub.h: In lambda function:
C:/Users/mihajlo.zivkovic/Documents/master rad/esp32s3/firmware/esp32s3_asd/managed_components/espressif__esp-tflite-micro/tensorflow/lite/kernels/internal/reference/sub.h:76:34: warning: declaration of 'const tflite::ArithmeticParams& params' shadows a parameter [-Wshadow]
   76 |          const ArithmeticParams& params) {
      |          ~~~~~~~~~~~~~~~~~~~~~~~~^~~~~~
C:/Users/mihajlo.zivkovic/Documents/master rad/esp32s3/firmware/esp32s3_asd/managed_components/espressif__esp-tflite-micro/tensorflow/lite/kernels/internal/reference/sub.h:64:59: note: shadowed declaration is here
   64 | inline void BroadcastSub16POTSlow(const ArithmeticParams& params,
      |                                   ~~~~~~~~~~~~~~~~~~~~~~~~^~~~~~
C:/Users/mihajlo.zivkovic/Documents/master rad/esp32s3/firmware/esp32s3_asd/managed_components/espressif__esp-tflite-micro/tensorflow/lite/kernels/internal/reference/sub.h: In lambda function:
C:/Users/mihajlo.zivkovic/Documents/master rad/esp32s3/firmware/esp32s3_asd/managed_components/espressif__esp-tflite-micro/tensorflow/lite/kernels/internal/reference/sub.h:100:62: warning: declaration of 'const tflite::ArithmeticParams& params' shadows a parameter [-Wshadow]
  100 |       [](T input1_val, T input2_val, const ArithmeticParams& params) {
      |                                      ~~~~~~~~~~~~~~~~~~~~~~~~^~~~~~
C:/Users/mihajlo.zivkovic/Documents/master rad/esp32s3/firmware/esp32s3_asd/managed_components/espressif__esp-tflite-micro/tensorflow/lite/kernels/internal/reference/sub.h:90:52: note: shadowed declaration is here
   90 | void BroadcastQuantSubSlow(const ArithmeticParams& params,
      |                            ~~~~~~~~~~~~~~~~~~~~~~~~^~~~~~
C:/Users/mihajlo.zivkovic/Documents/master rad/esp32s3/firmware/esp32s3_asd/managed_components/espressif__esp-tflite-micro/tensorflow/lite/kernels/internal/reference/sub.h: In lambda function:
C:/Users/mihajlo.zivkovic/Documents/master rad/esp32s3/firmware/esp32s3_asd/managed_components/espressif__esp-tflite-micro/tensorflow/lite/kernels/internal/reference/sub.h:212:62: warning: declaration of 'const tflite::ArithmeticParams& params' shadows a parameter [-Wshadow]
  212 |       [](T input1_val, T input2_val, const ArithmeticParams& params) {

      |                                      ~~~~~~~~~~~~~~~~~~~~~~~~^~~~~~

C:/Users/mihajlo.zivkovic/Documents/master rad/esp32s3/firmware/esp32s3_asd/managed_components/espressif__esp-tflite-micro/tensorflow/lite/kernels/internal/reference/sub.h:205:34: note: shadowed declaration is here

  205 | void Sub(const ArithmeticParams& params, const RuntimeShape& input1_shape,

      |          ~~~~~~~~~~~~~~~~~~~~~~~~^~~~~~

[1310/1529] Building CXX object esp-idf/espressif__esp-tflite-micro/CMakeFiles/__idf_espressif__esp-tflite-micro.dir/tensorflow/lite/micro/tflite_bridge/micro_error_reporter.cc.obj

[1311/1529] Building CXX object esp-idf/espressif__esp-tflite-micro/CMakeFiles/__idf_espressif__esp-tflite-micro.dir/tensorflow/lite/micro/kernels/svdf_common.cc.obj

[1312/1529] Building CXX object esp-idf/espressif__esp-tflite-micro/CMakeFiles/__idf_espressif__esp-tflite-micro.dir/tensorflow/lite/micro/kernels/svdf.cc.obj

[1313/1529] Building CXX object esp-idf/espressif__esp-tflite-micro/CMakeFiles/__idf_espressif__esp-tflite-micro.dir/tensorflow/lite/micro/kernels/transpose.cc.obj

[1314/1529] Building CXX object esp-idf/espressif__esp-tflite-micro/CMakeFiles/__idf_espressif__esp-tflite-micro.dir/tensorflow/lite/micro/kernels/transpose_common.cc.obj

[1315/1529] Building CXX object esp-idf/espressif__esp-tflite-micro/CMakeFiles/__idf_espressif__esp-tflite-micro.dir/tensorflow/lite/micro/kernels/tanh.cc.obj

[1316/1529] Building CXX object esp-idf/espressif__esp-tflite-micro/CMakeFiles/__idf_espressif__esp-tflite-micro.dir/tensorflow/lite/micro/kernels/transpose_conv.cc.obj

[1317/1529] Building CXX object esp-idf/espressif__esp-tflite-micro/CMakeFiles/__idf_espressif__esp-tflite-micro.dir/tensorflow/lite/micro/kernels/unidirectional_sequence_lstm.cc.obj

[1318/1529] Building CXX object esp-idf/espressif__esp-tflite-micro/CMakeFiles/__idf_espressif__esp-tflite-micro.dir/tensorflow/lite/micro/kernels/unpack.cc.obj

[1319/1529] Building CXX object esp-idf/espressif__esp-tflite-micro/CMakeFiles/__idf_espressif__esp-tflite-micro.dir/tensorflow/lite/micro/kernels/while.cc.obj

[1320/1529] Building CXX object esp-idf/espressif__esp-tflite-micro/CMakeFiles/__idf_espressif__esp-tflite-micro.dir/tensorflow/lite/micro/kernels/zeros_like.cc.obj

[1321/1529] Building CXX object esp-idf/espressif__esp-tflite-micro/CMakeFiles/__idf_espressif__esp-tflite-micro.dir/tensorflow/lite/micro/tflite_bridge/flatbuffer_conversions_bridge.cc.obj

[1322/1529] Building CXX object esp-idf/espressif__esp-tflite-micro/CMakeFiles/__idf_espressif__esp-tflite-micro.dir/tensorflow/lite/micro/kernels/var_handle.cc.obj

[1323/1529] Building CXX object esp-idf/espressif__esp-tflite-micro/CMakeFiles/__idf_espressif__esp-tflite-micro.dir/tensorflow/lite/micro/kernels/esp_nn/conv.cc.obj

[1324/1529] Building CXX object esp-idf/espressif__esp-tflite-micro/CMakeFiles/__idf_espressif__esp-tflite-micro.dir/tensorflow/lite/micro/kernels/esp_nn/add.cc.obj

[1325/1529] Building CXX object esp-idf/espressif__esp-tflite-micro/CMakeFiles/__idf_espressif__esp-tflite-micro.dir/tensorflow/lite/micro/kernels/esp_nn/depthwise_conv.cc.obj

[1326/1529] Building CXX object esp-idf/espressif__esp-tflite-micro/CMakeFiles/__idf_espressif__esp-tflite-micro.dir/tensorflow/lite/micro/kernels/esp_nn/fully_connected.cc.obj

[1327/1529] Building CXX object esp-idf/espressif__esp-tflite-micro/CMakeFiles/__idf_espressif__esp-tflite-micro.dir/tensorflow/lite/micro/kernels/esp_nn/pooling.cc.obj

[1328/1529] Building CXX object esp-idf/espressif__esp-tflite-micro/CMakeFiles/__idf_espressif__esp-tflite-micro.dir/tensorflow/lite/micro/kernels/esp_nn/mul.cc.obj

[1329/1529] Building CXX object esp-idf/espressif__esp-tflite-micro/CMakeFiles/__idf_espressif__esp-tflite-micro.dir/signal/micro/kernels/energy.cc.obj

[1330/1529] Building CXX object esp-idf/espressif__esp-tflite-micro/CMakeFiles/__idf_espressif__esp-tflite-micro.dir/signal/micro/kernels/delay.cc.obj

[1331/1529] Building CXX object esp-idf/espressif__esp-tflite-micro/CMakeFiles/__idf_espressif__esp-tflite-micro.dir/tensorflow/lite/micro/kernels/esp_nn/softmax.cc.obj

[1332/1529] Building CXX object esp-idf/espressif__esp-tflite-micro/CMakeFiles/__idf_espressif__esp-tflite-micro.dir/signal/micro/kernels/fft_auto_scale_common.cc.obj

[1333/1529] Building CXX object esp-idf/espressif__esp-tflite-micro/CMakeFiles/__idf_espressif__esp-tflite-micro.dir/signal/src/energy.cc.obj

[1334/1529] Building CXX object esp-idf/espressif__esp-tflite-micro/CMakeFiles/__idf_espressif__esp-tflite-micro.dir/signal/micro/kernels/filter_bank.cc.obj

[1335/1529] Building CXX object esp-idf/espressif__esp-tflite-micro/CMakeFiles/__idf_espressif__esp-tflite-micro.dir/signal/src/fft_auto_scale.cc.obj

[1336/1529] Building CXX object esp-idf/espressif__esp-tflite-micro/CMakeFiles/__idf_espressif__esp-tflite-micro.dir/signal/micro/kernels/fft_auto_scale_kernel.cc.obj

[1337/1529] Building CXX object esp-idf/espressif__esp-tflite-micro/CMakeFiles/__idf_espressif__esp-tflite-micro.dir/signal/src/circular_buffer.cc.obj

[1338/1529] Building CXX object esp-idf/espressif__esp-tflite-micro/CMakeFiles/__idf_espressif__esp-tflite-micro.dir/signal/src/filter_bank.cc.obj

[1339/1529] Building CXX object esp-idf/espressif__esp-tflite-micro/CMakeFiles/__idf_espressif__esp-tflite-micro.dir/signal/src/filter_bank_log.cc.obj

[1340/1529] Building CXX object esp-idf/espressif__esp-tflite-micro/CMakeFiles/__idf_espressif__esp-tflite-micro.dir/signal/src/filter_bank_spectral_subtraction.cc.obj

[1341/1529] Building CXX object esp-idf/espressif__esp-tflite-micro/CMakeFiles/__idf_espressif__esp-tflite-micro.dir/signal/src/filter_bank_square_root.cc.obj

[1342/1529] Building CXX object esp-idf/espressif__esp-tflite-micro/CMakeFiles/__idf_espressif__esp-tflite-micro.dir/signal/micro/kernels/filter_bank_log.cc.obj

[1343/1529] Building CXX object esp-idf/espressif__esp-tflite-micro/CMakeFiles/__idf_espressif__esp-tflite-micro.dir/signal/micro/kernels/filter_bank_spectral_subtraction.cc.obj

[1344/1529] Building CXX object esp-idf/espressif__esp-tflite-micro/CMakeFiles/__idf_espressif__esp-tflite-micro.dir/signal/micro/kernels/filter_bank_square_root.cc.obj

[1345/1529] Building CXX object esp-idf/espressif__esp-tflite-micro/CMakeFiles/__idf_espressif__esp-tflite-micro.dir/signal/micro/kernels/filter_bank_square_root_common.cc.obj

[1346/1529] Building CXX object esp-idf/espressif__esp-tflite-micro/CMakeFiles/__idf_espressif__esp-tflite-micro.dir/signal/src/max_abs.cc.obj

[1347/1529] Building CXX object esp-idf/espressif__esp-tflite-micro/CMakeFiles/__idf_espressif__esp-tflite-micro.dir/signal/src/log.cc.obj

[1348/1529] Building CXX object esp-idf/espressif__esp-tflite-micro/CMakeFiles/__idf_espressif__esp-tflite-micro.dir/signal/src/msb_32.cc.obj

[1349/1529] Building CXX object esp-idf/espressif__esp-tflite-micro/CMakeFiles/__idf_espressif__esp-tflite-micro.dir/signal/src/irfft_float.cc.obj

[1350/1529] Building CXX object esp-idf/espressif__esp-tflite-micro/CMakeFiles/__idf_espressif__esp-tflite-micro.dir/signal/src/irfft_int16.cc.obj

[1351/1529] Building CXX object esp-idf/espressif__esp-tflite-micro/CMakeFiles/__idf_espressif__esp-tflite-micro.dir/signal/src/msb_64.cc.obj

[1352/1529] Building CXX object esp-idf/espressif__esp-tflite-micro/CMakeFiles/__idf_espressif__esp-tflite-micro.dir/signal/micro/kernels/framer.cc.obj

[1353/1529] Building CXX object esp-idf/espressif__esp-tflite-micro/CMakeFiles/__idf_espressif__esp-tflite-micro.dir/signal/src/overlap_add.cc.obj

[1354/1529] Building CXX object esp-idf/espressif__esp-tflite-micro/CMakeFiles/__idf_espressif__esp-tflite-micro.dir/signal/src/irfft_int32.cc.obj

[1355/1529] Building CXX object esp-idf/espressif__esp-tflite-micro/CMakeFiles/__idf_espressif__esp-tflite-micro.dir/signal/micro/kernels/overlap_add.cc.obj

[1356/1529] Building CXX object esp-idf/espressif__esp-tflite-micro/CMakeFiles/__idf_espressif__esp-tflite-micro.dir/signal/src/pcan_argc_fixed.cc.obj

[1357/1529] Building CXX object esp-idf/espressif__esp-tflite-micro/CMakeFiles/__idf_espressif__esp-tflite-micro.dir/signal/micro/kernels/irfft.cc.obj

[1358/1529] Building CXX object esp-idf/espressif__esp-tflite-micro/CMakeFiles/__idf_espressif__esp-tflite-micro.dir/signal/src/square_root_32.cc.obj

[1359/1529] Building CXX object esp-idf/espressif__esp-tflite-micro/CMakeFiles/__idf_espressif__esp-tflite-micro.dir/signal/micro/kernels/pcan.cc.obj

[1360/1529] Building CXX object esp-idf/espressif__esp-tflite-micro/CMakeFiles/__idf_espressif__esp-tflite-micro.dir/signal/micro/kernels/rfft.cc.obj

[1361/1529] Building CXX object esp-idf/espressif__esp-tflite-micro/CMakeFiles/__idf_espressif__esp-tflite-micro.dir/signal/src/square_root_64.cc.obj

[1362/1529] Building CXX object esp-idf/espressif__esp-tflite-micro/CMakeFiles/__idf_espressif__esp-tflite-micro.dir/signal/src/window.cc.obj

[1363/1529] Building CXX object esp-idf/espressif__esp-tflite-micro/CMakeFiles/__idf_espressif__esp-tflite-micro.dir/signal/micro/kernels/stacker.cc.obj

[1364/1529] Building CXX object esp-idf/espressif__esp-tflite-micro/CMakeFiles/__idf_espressif__esp-tflite-micro.dir/signal/micro/kernels/window.cc.obj

[1365/1529] Building CXX object esp-idf/espressif__esp-tflite-micro/CMakeFiles/__idf_espressif__esp-tflite-micro.dir/signal/src/rfft_int16.cc.obj

[1366/1529] Building CXX object esp-idf/espressif__esp-tflite-micro/CMakeFiles/__idf_espressif__esp-tflite-micro.dir/signal/src/rfft_float.cc.obj

[1367/1529] Building CXX object esp-idf/espressif__esp-tflite-micro/CMakeFiles/__idf_espressif__esp-tflite-micro.dir/signal/src/rfft_int32.cc.obj

[1368/1529] Building CXX object esp-idf/espressif__esp-tflite-micro/CMakeFiles/__idf_espressif__esp-tflite-micro.dir/signal/src/kiss_fft_wrappers/kiss_fft_int32.cc.obj

[1369/1529] Building CXX object esp-idf/espressif__esp-tflite-micro/CMakeFiles/__idf_espressif__esp-tflite-micro.dir/tensorflow/lite/micro/memory_planner/greedy_memory_planner.cc.obj

[1370/1529] Building CXX object esp-idf/espressif__esp-tflite-micro/CMakeFiles/__idf_espressif__esp-tflite-micro.dir/tensorflow/lite/micro/memory_planner/linear_memory_planner.cc.obj

[1371/1529] Building CXX object esp-idf/espressif__esp-tflite-micro/CMakeFiles/__idf_espressif__esp-tflite-micro.dir/signal/src/kiss_fft_wrappers/kiss_fft_float.cc.obj

[1372/1529] Building CXX object esp-idf/espressif__esp-tflite-micro/CMakeFiles/__idf_espressif__esp-tflite-micro.dir/signal/src/kiss_fft_wrappers/kiss_fft_int16.cc.obj

[1373/1529] Building CXX object esp-idf/espressif__esp-tflite-micro/CMakeFiles/__idf_espressif__esp-tflite-micro.dir/36f25a72f50c3fce56892aa1dd1a30f4/recording_single_arena_buffer_allocator.cc.obj

[1374/1529] Building CXX object esp-idf/espressif__esp-tflite-micro/CMakeFiles/__idf_espressif__esp-tflite-micro.dir/tensorflow/lite/core/c/common.cc.obj

[1375/1529] Building C object esp-idf/app_trace/CMakeFiles/__idf_app_trace.dir/app_trace.c.obj

[1376/1529] Building C object esp-idf/app_trace/CMakeFiles/__idf_app_trace.dir/app_trace_util.c.obj

[1377/1529] Building CXX object esp-idf/espressif__esp-tflite-micro/CMakeFiles/__idf_espressif__esp-tflite-micro.dir/tensorflow/lite/core/api/tensor_utils.cc.obj

[1378/1529] Linking C static library esp-idf\unity\libunity.a

[1379/1529] Building C object esp-idf/app_trace/CMakeFiles/__idf_app_trace.dir/host_file_io.c.obj

[1380/1529] Building CXX object esp-idf/espressif__esp-tflite-micro/CMakeFiles/__idf_espressif__esp-tflite-micro.dir/tensorflow/compiler/mlir/lite/core/api/error_reporter.cc.obj

[1381/1529] Building C object esp-idf/app_trace/CMakeFiles/__idf_app_trace.dir/port/port_uart.c.obj

[1382/1529] Building C object esp-idf/cmock/CMakeFiles/__idf_cmock.dir/CMock/src/cmock.c.obj

[1383/1529] Building C object esp-idf/esp_driver_cam/CMakeFiles/__idf_esp_driver_cam.dir/esp_cam_ctlr.c.obj

[1384/1529] Building CXX object esp-idf/espressif__esp-tflite-micro/CMakeFiles/__idf_espressif__esp-tflite-micro.dir/tensorflow/lite/kernels/internal/portable_tensor_utils.cc.obj

[1385/1529] Building CXX object esp-idf/espressif__esp-tflite-micro/CMakeFiles/__idf_espressif__esp-tflite-micro.dir/tensorflow/lite/kernels/internal/quantization_util.cc.obj

[1386/1529] Building C object esp-idf/esp_driver_cam/CMakeFiles/__idf_esp_driver_cam.dir/dvp_share_ctrl.c.obj

[1387/1529] Building C object esp-idf/esp_driver_cam/CMakeFiles/__idf_esp_driver_cam.dir/dvp/src/esp_cam_ctlr_dvp_gdma.c.obj

[1388/1529] Building C object esp-idf/esp_driver_cam/CMakeFiles/__idf_esp_driver_cam.dir/dvp/src/esp_cam_ctlr_dvp_cam.c.obj

[1389/1529] Building C object esp-idf/esp_driver_touch_sens/CMakeFiles/__idf_esp_driver_touch_sens.dir/common/touch_sens_common.c.obj

[1390/1529] Building C object esp-idf/esp_driver_touch_sens/CMakeFiles/__idf_esp_driver_touch_sens.dir/hw_ver2/touch_version_specific.c.obj

[1391/1529] Building C object esp-idf/esp_eth/CMakeFiles/__idf_esp_eth.dir/src/esp_eth.c.obj

[1392/1529] Building CXX object esp-idf/espressif__esp-tflite-micro/CMakeFiles/__idf_espressif__esp-tflite-micro.dir/tensorflow/lite/kernels/internal/tensor_utils.cc.obj

[1393/1529] Building C object esp-idf/esp_eth/CMakeFiles/__idf_esp_eth.dir/src/phy/esp_eth_phy_802_3.c.obj

[1394/1529] Building C object esp-idf/esp_eth/CMakeFiles/__idf_esp_eth.dir/src/esp_eth_netif_glue.c.obj

[1395/1529] Building CXX object esp-idf/espressif__esp-tflite-micro/CMakeFiles/__idf_espressif__esp-tflite-micro.dir/tensorflow/lite/kernels/kernel_util.cc.obj

[1396/1529] Linking C static library esp-idf\esp_https_server\libesp_https_server.a

[1397/1529] Building CXX object esp-idf/espressif__esp-tflite-micro/CMakeFiles/__idf_espressif__esp-tflite-micro.dir/tensorflow/lite/kernels/internal/tensor_ctypes.cc.obj

[1398/1529] Building C object esp-idf/esp_hid/CMakeFiles/__idf_esp_hid.dir/src/esp_hidd.c.obj

[1399/1529] Building CXX object esp-idf/espressif__esp-tflite-micro/CMakeFiles/__idf_espressif__esp-tflite-micro.dir/tensorflow/lite/kernels/internal/common.cc.obj

[1400/1529] Building C object esp-idf/esp_hid/CMakeFiles/__idf_esp_hid.dir/src/esp_hid_common.c.obj

[1401/1529] Building C object esp-idf/esp_hid/CMakeFiles/__idf_esp_hid.dir/src/esp_hidh.c.obj

[1402/1529] Building C object esp-idf/esp_lcd/CMakeFiles/__idf_esp_lcd.dir/src/esp_lcd_common.c.obj

[1403/1529] Building C object esp-idf/esp_lcd/CMakeFiles/__idf_esp_lcd.dir/src/esp_lcd_panel_io.c.obj

[1404/1529] Building C object esp-idf/esp_lcd/CMakeFiles/__idf_esp_lcd.dir/src/esp_lcd_panel_nt35510.c.obj

[1405/1529] Building C object esp-idf/esp_lcd/CMakeFiles/__idf_esp_lcd.dir/src/esp_lcd_panel_ssd1306.c.obj

[1406/1529] Building C object esp-idf/esp_lcd/CMakeFiles/__idf_esp_lcd.dir/src/esp_lcd_panel_st7789.c.obj

[1407/1529] Building C object esp-idf/esp_lcd/CMakeFiles/__idf_esp_lcd.dir/src/esp_lcd_panel_ops.c.obj

[1408/1529] Building C object esp-idf/esp_lcd/CMakeFiles/__idf_esp_lcd.dir/i2c/esp_lcd_panel_io_i2c_v1.c.obj

[1409/1529] Building C object esp-idf/esp_lcd/CMakeFiles/__idf_esp_lcd.dir/i2c/esp_lcd_panel_io_i2c_v2.c.obj

[1410/1529] Building CXX object esp-idf/espressif__esp-tflite-micro/CMakeFiles/__idf_espressif__esp-tflite-micro.dir/36f25a72f50c3fce56892aa1dd1a30f4/non_persistent_arena_buffer_allocator.cc.obj

[1411/1529] Linking C static library esp-idf\protocomm\libprotocomm.a

[1412/1529] Building C object esp-idf/esp_lcd/CMakeFiles/__idf_esp_lcd.dir/spi/esp_lcd_panel_io_spi.c.obj

[1413/1529] Building C object esp-idf/esp_lcd/CMakeFiles/__idf_esp_lcd.dir/i80/esp_lcd_panel_io_i80.c.obj

[1414/1529] Building CXX object esp-idf/espressif__esp-tflite-micro/CMakeFiles/__idf_espressif__esp-tflite-micro.dir/tensorflow/lite/kernels/internal/reference/portable_tensor_utils.cc.obj

[1415/1529] Building C object esp-idf/espcoredump/CMakeFiles/__idf_espcoredump.dir/src/core_dump_init.c.obj

[1416/1529] Building C object esp-idf/esp_lcd/CMakeFiles/__idf_esp_lcd.dir/rgb/esp_lcd_panel_rgb.c.obj

[1417/1529] Building C object esp-idf/esp_local_ctrl/CMakeFiles/__idf_esp_local_ctrl.dir/proto-c/esp_local_ctrl.pb-c.c.obj

[1418/1529] Building C object esp-idf/esp_local_ctrl/CMakeFiles/__idf_esp_local_ctrl.dir/src/esp_local_ctrl.c.obj

[1419/1529] Building C object esp-idf/esp_local_ctrl/CMakeFiles/__idf_esp_local_ctrl.dir/src/esp_local_ctrl_handler.c.obj

[1420/1529] Building C object esp-idf/esp_local_ctrl/CMakeFiles/__idf_esp_local_ctrl.dir/src/esp_local_ctrl_transport_httpd.c.obj

[1421/1529] Building C object esp-idf/espcoredump/CMakeFiles/__idf_espcoredump.dir/src/core_dump_common.c.obj

[1422/1529] Building CXX object esp-idf/espressif__esp-tflite-micro/CMakeFiles/__idf_espressif__esp-tflite-micro.dir/36f25a72f50c3fce56892aa1dd1a30f4/persistent_arena_buffer_allocator.cc.obj

[1423/1529] Building C object esp-idf/espcoredump/CMakeFiles/__idf_espcoredump.dir/src/core_dump_sha.c.obj

[1424/1529] Building C object esp-idf/espcoredump/CMakeFiles/__idf_espcoredump.dir/src/core_dump_flash.c.obj

[1425/1529] Building C object esp-idf/espcoredump/CMakeFiles/__idf_espcoredump.dir/src/core_dump_uart.c.obj

[1426/1529] Building C object esp-idf/espcoredump/CMakeFiles/__idf_espcoredump.dir/src/core_dump_crc.c.obj

[1427/1529] Linking C static library esp-idf\json\libjson.a

[1428/1529] Linking C static library esp-idf\fatfs\libfatfs.a

[1429/1529] Building C object esp-idf/espcoredump/CMakeFiles/__idf_espcoredump.dir/src/core_dump_elf.c.obj

[1430/1529] Building C object esp-idf/espcoredump/CMakeFiles/__idf_espcoredump.dir/src/core_dump_binary.c.obj

[1431/1529] Building ASM object esp-idf/espcoredump/CMakeFiles/__idf_espcoredump.dir/src/port/xtensa/core_dump_stack_switch.S.obj

[1432/1529] Building C object esp-idf/espcoredump/CMakeFiles/__idf_espcoredump.dir/src/port/xtensa/core_dump_port.c.obj

[1433/1529] Building C object esp-idf/mqtt/CMakeFiles/__idf_mqtt.dir/esp-mqtt/lib/mqtt_msg.c.obj

[1434/1529] Building C object esp-idf/nvs_sec_provider/CMakeFiles/__idf_nvs_sec_provider.dir/nvs_sec_provider.c.obj

[1435/1529] Building C object esp-idf/perfmon/CMakeFiles/__idf_perfmon.dir/xtensa_perfmon_access.c.obj

[1436/1529] Building C object esp-idf/perfmon/CMakeFiles/__idf_perfmon.dir/xtensa_perfmon_masks.c.obj

[1437/1529] Building C object esp-idf/mqtt/CMakeFiles/__idf_mqtt.dir/esp-mqtt/lib/mqtt_outbox.c.obj

[1438/1529] Building C object esp-idf/perfmon/CMakeFiles/__idf_perfmon.dir/xtensa_perfmon_apis.c.obj

[1439/1529] Building CXX object esp-idf/espressif__esp-tflite-micro/CMakeFiles/__idf_espressif__esp-tflite-micro.dir/tensorflow/lite/micro/arena_allocator/single_arena_buffer_allocator.cc.obj

[1440/1529] Building C object esp-idf/mqtt/CMakeFiles/__idf_mqtt.dir/esp-mqtt/lib/platform_esp32_idf.c.obj

[1441/1529] Building C object esp-idf/mqtt/CMakeFiles/__idf_mqtt.dir/esp-mqtt/mqtt_client.c.obj

[1442/1529] Building C object esp-idf/rt/CMakeFiles/__idf_rt.dir/FreeRTOS_POSIX_mqueue.c.obj

[1443/1529] Building C object esp-idf/rt/CMakeFiles/__idf_rt.dir/FreeRTOS_POSIX_utils.c.obj

[1444/1529] Building C object esp-idf/spiffs/CMakeFiles/__idf_spiffs.dir/spiffs_api.c.obj

[1445/1529] Building C object esp-idf/spiffs/CMakeFiles/__idf_spiffs.dir/spiffs/src/spiffs_cache.c.obj

[1446/1529] Building C object esp-idf/spiffs/CMakeFiles/__idf_spiffs.dir/spiffs/src/spiffs_check.c.obj

[1447/1529] Building C object esp-idf/spiffs/CMakeFiles/__idf_spiffs.dir/spiffs/src/spiffs_hydrogen.c.obj

[1448/1529] Building C object esp-idf/spiffs/CMakeFiles/__idf_spiffs.dir/spiffs/src/spiffs_gc.c.obj

[1449/1529] Building C object esp-idf/spiffs/CMakeFiles/__idf_spiffs.dir/spiffs/src/spiffs_nucleus.c.obj

[1450/1529] Building C object esp-idf/spiffs/CMakeFiles/__idf_spiffs.dir/esp_spiffs.c.obj

[1451/1529] Building C object esp-idf/touch_element/CMakeFiles/__idf_touch_element.dir/touch_element.c.obj

[1452/1529] Building C object esp-idf/touch_element/CMakeFiles/__idf_touch_element.dir/touch_button.c.obj

[1453/1529] Building C object esp-idf/touch_element/CMakeFiles/__idf_touch_element.dir/touch_slider.c.obj

[1454/1529] Building C object esp-idf/touch_element/CMakeFiles/__idf_touch_element.dir/touch_matrix.c.obj

[1455/1529] Building C object esp-idf/usb/CMakeFiles/__idf_usb.dir/hcd_dwc.c.obj

[1456/1529] Building C object esp-idf/usb/CMakeFiles/__idf_usb.dir/usb_private.c.obj

[1457/1529] Building C object esp-idf/usb/CMakeFiles/__idf_usb.dir/enum.c.obj

[1458/1529] Building C object esp-idf/usb/CMakeFiles/__idf_usb.dir/hub.c.obj

[1459/1529] Building C object esp-idf/usb/CMakeFiles/__idf_usb.dir/usb_helpers.c.obj

[1460/1529] Building C object esp-idf/usb/CMakeFiles/__idf_usb.dir/usb_host.c.obj

[1461/1529] Building C object esp-idf/usb/CMakeFiles/__idf_usb.dir/usbh.c.obj

[1462/1529] Building CXX object esp-idf/espressif__esp-tflite-micro/CMakeFiles/__idf_espressif__esp-tflite-micro.dir/tensorflow/compiler/mlir/lite/schema/schema_utils.cc.obj

[1463/1529] Building C object esp-idf/wifi_provisioning/CMakeFiles/__idf_wifi_provisioning.dir/src/wifi_scan.c.obj

[1464/1529] Building C object esp-idf/usb/CMakeFiles/__idf_usb.dir/usb_phy.c.obj

[1465/1529] Building C object esp-idf/wifi_provisioning/CMakeFiles/__idf_wifi_provisioning.dir/src/wifi_ctrl.c.obj

[1466/1529] Building C object esp-idf/wifi_provisioning/CMakeFiles/__idf_wifi_provisioning.dir/src/wifi_config.c.obj

[1467/1529] Building CXX object esp-idf/espressif__esp-tflite-micro/CMakeFiles/__idf_espressif__esp-tflite-micro.dir/tensorflow/lite/core/api/flatbuffer_conversions.cc.obj

[1468/1529] Building C object esp-idf/wifi_provisioning/CMakeFiles/__idf_wifi_provisioning.dir/src/manager.c.obj

[1469/1529] Building C object esp-idf/wifi_provisioning/CMakeFiles/__idf_wifi_provisioning.dir/proto-c/wifi_scan.pb-c.c.obj

[1470/1529] Building C object esp-idf/wifi_provisioning/CMakeFiles/__idf_wifi_provisioning.dir/proto-c/wifi_config.pb-c.c.obj

[1471/1529] Building C object esp-idf/wifi_provisioning/CMakeFiles/__idf_wifi_provisioning.dir/src/handlers.c.obj

[1472/1529] Building C object esp-idf/main/CMakeFiles/__idf_main.dir/asd_profile_runtime.c.obj

[1473/1529] Building C object esp-idf/wifi_provisioning/CMakeFiles/__idf_wifi_provisioning.dir/proto-c/wifi_constants.pb-c.c.obj

[1474/1529] Building C object esp-idf/wifi_provisioning/CMakeFiles/__idf_wifi_provisioning.dir/src/scheme_console.c.obj

[1475/1529] Building C object esp-idf/main/CMakeFiles/__idf_main.dir/asd_profile_store.c.obj

[1476/1529] Building C object esp-idf/wifi_provisioning/CMakeFiles/__idf_wifi_provisioning.dir/proto-c/wifi_ctrl.pb-c.c.obj

[1477/1529] Building C object esp-idf/main/CMakeFiles/__idf_main.dir/asd_profile_nvs.c.obj

[1478/1529] Building C object esp-idf/main/CMakeFiles/__idf_main.dir/asd_commissioning.c.obj

[1479/1529] Building C object esp-idf/main/CMakeFiles/__idf_main.dir/asd_interference.c.obj

[1480/1529] Building C object esp-idf/main/CMakeFiles/__idf_main.dir/app_main.c.obj

[1481/1529] Building C object esp-idf/main/CMakeFiles/__idf_main.dir/audio_quality_state.c.obj

[1482/1529] Building C object esp-idf/wifi_provisioning/CMakeFiles/__idf_wifi_provisioning.dir/src/scheme_softap.c.obj

[1483/1529] Building C object esp-idf/main/CMakeFiles/__idf_main.dir/audio_i2s.c.obj

[1484/1529] Building C object esp-idf/main/CMakeFiles/__idf_main.dir/asd_calibration_quality.c.obj

[1485/1529] Building C object esp-idf/main/CMakeFiles/__idf_main.dir/asd_cmd.c.obj

[1486/1529] Building C object esp-idf/main/CMakeFiles/__idf_main.dir/asd_operator.c.obj

[1487/1529] Building C object esp-idf/main/CMakeFiles/__idf_main.dir/asd_temporal.c.obj

[1488/1529] Building C object esp-idf/main/CMakeFiles/__idf_main.dir/features_c.c.obj

[1489/1529] Building C object esp-idf/main/CMakeFiles/__idf_main.dir/calib_gamma.c.obj

[1490/1529] Building C object esp-idf/main/CMakeFiles/__idf_main.dir/eval_mode.c.obj

[1491/1529] Building C object esp-idf/main/CMakeFiles/__idf_main.dir/mic_test.c.obj

[1492/1529] Building C object esp-idf/main/CMakeFiles/__idf_main.dir/ina226.c.obj

[1493/1529] Building C object esp-idf/main/CMakeFiles/__idf_main.dir/asd_events.c.obj

C:/Users/mihajlo.zivkovic/Documents/master rad/esp32s3/firmware/esp32s3_asd/main/asd_events.c: In function 'asd_decide':
C:/Users/mihajlo.zivkovic/Documents/master rad/esp32s3/firmware/esp32s3_asd/main/asd_events.c:221:27: warning: missing initializer for field 'observation_hold' of 'asd_decision_t' [-Wmissing-field-initializers]
  221 |                           ASD_LEVEL_SENSOR_HEALTH, 1, 0};
      |                           ^~~~~~~~~~~~~~~~~~~~~~~
In file included from C:/Users/mihajlo.zivkovic/Documents/master rad/esp32s3/firmware/esp32s3_asd/main/asd_events.c:2:

C:/Users/mihajlo.zivkovic/Documents/master rad/esp32s3/firmware/esp32s3_asd/main/asd_events.h:126:9: note: 'observation_hold' declared here

  126 |     int observation_hold;  /* unreliable single-mic observation; no diagnosis */

      |         ^~~~~~~~~~~~~~~~

[1494/1529] Building C object esp-idf/main/CMakeFiles/__idf_main.dir/psd_features_c.c.obj

[1495/1529] Building C object esp-idf/main/CMakeFiles/__idf_main.dir/ina226_test.c.obj

[1496/1529] Building C object esp-idf/main/CMakeFiles/__idf_main.dir/live_adapt.c.obj

[1497/1529] Building C object esp-idf/main/CMakeFiles/__idf_main.dir/live_capture.c.obj

[1498/1529] Linking C static library esp-idf\cmock\libcmock.a

[1499/1529] Linking C static library esp-idf\app_trace\libapp_trace.a

[1500/1529] Linking C static library esp-idf\esp_eth\libesp_eth.a

[1501/1529] Linking C static library esp-idf\esp_driver_cam\libesp_driver_cam.a

[1502/1529] Linking C static library esp-idf\esp_driver_touch_sens\libesp_driver_touch_sens.a

[1503/1529] Linking C static library esp-idf\esp_hid\libesp_hid.a

[1504/1529] Building C object esp-idf/main/CMakeFiles/__idf_main.dir/e5_measure.c.obj

FAILED: esp-idf/main/CMakeFiles/__idf_main.dir/e5_measure.c.obj 

ccache C:\Users\mihajlo.zivkovic\.espressif\tools\xtensa-esp-elf\esp-14.2.0_20260121\xtensa-esp-elf\bin\xtensa-esp32s3-elf-gcc.exe -DASD_E5_MEASURE -DASD_PSD_LIVE -DASD_RESEARCH_TELEMETRY -DESP_PLATFORM -DIDF_VER=\"v5.5.5-48479-g21f3b71cbb\" -DSOC_MMU_PAGE_SIZE=CONFIG_MMU_PAGE_SIZE -DSOC_XTAL_FREQ_MHZ=CONFIG_XTAL_FREQ -D_GLIBCXX_HAVE_POSIX_SEMAPHORE -D_GLIBCXX_USE_POSIX_SEMAPHORE -D_GNU_SOURCE -D_POSIX_READER_WRITER_LOCKS -I"C:/Users/mihajlo.zivkovic/Documents/master rad/esp32s3/results/mjerenje_2026-09-21/build/config" -I"C:/Users/mihajlo.zivkovic/Documents/master rad/esp32s3/firmware/esp32s3_asd/main" -IC:/Espressif/frameworks/esp-idf-v5.5.5/components/newlib/platform_include -IC:/Espressif/frameworks/esp-idf-v5.5.5/components/freertos/config/include -IC:/Espressif/frameworks/esp-idf-v5.5.5/components/freertos/config/include/freertos -IC:/Espressif/frameworks/esp-idf-v5.5.5/components/freertos/config/xtensa/include -IC:/Espressif/frameworks/esp-idf-v5.5.5/components/freertos/FreeRTOS-Kernel/include -IC:/Espressif/frameworks/esp-idf-v5.5.5/components/freertos/FreeRTOS-Kernel/portable/xtensa/include -IC:/Espressif/frameworks/esp-idf-v5.5.5/components/freertos/FreeRTOS-Kernel/portable/xtensa/include/freertos -IC:/Espressif/frameworks/esp-idf-v5.5.5/components/freertos/esp_additions/include -IC:/Espressif/frameworks/esp-idf-v5.5.5/components/esp_hw_support/include -IC:/Espressif/frameworks/esp-idf-v5.5.5/components/esp_hw_support/include/soc -IC:/Espressif/frameworks/esp-idf-v5.5.5/components/esp_hw_support/include/soc/esp32s3 -IC:/Espressif/frameworks/esp-idf-v5.5.5/components/esp_hw_support/dma/include -IC:/Espressif/frameworks/esp-idf-v5.5.5/components/esp_hw_support/ldo/include -IC:/Espressif/frameworks/esp-idf-v5.5.5/components/esp_hw_support/debug_probe/include -IC:/Espressif/frameworks/esp-idf-v5.5.5/components/esp_hw_support/mspi_timing_tuning/include -IC:/Espressif/frameworks/esp-idf-v5.5.5/components/esp_hw_support/mspi_timing_tuning/tuning_scheme_impl/include -IC:/Espressif/frameworks/esp-idf-v5.5.5/components/esp_hw_support/power_supply/include -IC:/Espressif/frameworks/esp-idf-v5.5.5/components/esp_hw_support/port/esp32s3/. -IC:/Espressif/frameworks/esp-idf-v5.5.5/components/esp_hw_support/port/esp32s3/include -IC:/Espressif/frameworks/esp-idf-v5.5.5/components/esp_hw_support/mspi_timing_tuning/port/esp32s3/. -IC:/Espressif/frameworks/esp-idf-v5.5.5/components/esp_hw_support/mspi_timing_tuning/port/esp32s3/include -IC:/Espressif/frameworks/esp-idf-v5.5.5/components/heap/include -IC:/Espressif/frameworks/esp-idf-v5.5.5/components/heap/tlsf -IC:/Espressif/frameworks/esp-idf-v5.5.5/components/log/include -IC:/Espressif/frameworks/esp-idf-v5.5.5/components/soc/include -IC:/Espressif/frameworks/esp-idf-v5.5.5/components/soc/esp32s3 -IC:/Espressif/frameworks/esp-idf-v5.5.5/components/soc/esp32s3/include -IC:/Espressif/frameworks/esp-idf-v5.5.5/components/soc/esp32s3/register -IC:/Espressif/frameworks/esp-idf-v5.5.5/components/hal/platform_port/include -IC:/Espressif/frameworks/esp-idf-v5.5.5/components/hal/esp32s3/include -IC:/Espressif/frameworks/esp-idf-v5.5.5/components/hal/include -IC:/Espressif/frameworks/esp-idf-v5.5.5/components/esp_rom/include -IC:/Espressif/frameworks/esp-idf-v5.5.5/components/esp_rom/esp32s3/include -IC:/Espressif/frameworks/esp-idf-v5.5.5/components/esp_rom/esp32s3/include/esp32s3 -IC:/Espressif/frameworks/esp-idf-v5.5.5/components/esp_rom/esp32s3 -IC:/Espressif/frameworks/esp-idf-v5.5.5/components/esp_common/include -IC:/Espressif/frameworks/esp-idf-v5.5.5/components/esp_system/include -IC:/Espressif/frameworks/esp-idf-v5.5.5/components/esp_system/port/soc -IC:/Espressif/frameworks/esp-idf-v5.5.5/components/esp_system/port/include/private -IC:/Espressif/frameworks/esp-idf-v5.5.5/components/xtensa/esp32s3/include -IC:/Espressif/frameworks/esp-idf-v5.5.5/components/xtensa/include -IC:/Espressif/frameworks/esp-idf-v5.5.5/components/xtensa/deprecated_include -IC:/Espressif/frameworks/esp-idf-v5.5.5/components/lwip/include -IC:/Espressif/frameworks/esp-idf-v5.5.5/components/lwip/include/apps -IC:/Espressif/frameworks/esp-idf-v5.5.5/components/lwip/include/apps/sntp -IC:/Espressif/frameworks/esp-idf-v5.5.5/components/lwip/lwip/src/include -IC:/Espressif/frameworks/esp-idf-v5.5.5/components/lwip/port/include -IC:/Espressif/frameworks/esp-idf-v5.5.5/components/lwip/port/freertos/include -IC:/Espressif/frameworks/esp-idf-v5.5.5/components/lwip/port/esp32xx/include -IC:/Espressif/frameworks/esp-idf-v5.5.5/components/lwip/port/esp32xx/include/arch -IC:/Espressif/frameworks/esp-idf-v5.5.5/components/lwip/port/esp32xx/include/sys -IC:/Espressif/frameworks/esp-idf-v5.5.5/components/driver/deprecated -IC:/Espressif/frameworks/esp-idf-v5.5.5/components/driver/i2c/include -IC:/Espressif/frameworks/esp-idf-v5.5.5/components/driver/touch_sensor/include -IC:/Espressif/frameworks/esp-idf-v5.5.5/components/driver/twai/include -IC:/Espressif/frameworks/esp-idf-v5.5.5/components/driver/touch_sensor/esp32s3/include -IC:/Espressif/frameworks/esp-idf-v5.5.5/components/esp_pm/include -IC:/Espressif/frameworks/esp-idf-v5.5.5/components/esp_ringbuf/include -IC:/Espressif/frameworks/esp-idf-v5.5.5/components/esp_driver_gpio/include -IC:/Espressif/frameworks/esp-idf-v5.5.5/components/esp_driver_pcnt/include -IC:/Espressif/frameworks/esp-idf-v5.5.5/components/esp_driver_gptimer/include -IC:/Espressif/frameworks/esp-idf-v5.5.5/components/esp_driver_spi/include -IC:/Espressif/frameworks/esp-idf-v5.5.5/components/esp_driver_mcpwm/include -IC:/Espressif/frameworks/esp-idf-v5.5.5/components/esp_driver_ana_cmpr/include -IC:/Espressif/frameworks/esp-idf-v5.5.5/components/esp_driver_i2s/include -IC:/Espressif/frameworks/esp-idf-v5.5.5/components/esp_driver_sdmmc/include -IC:/Espressif/frameworks/esp-idf-v5.5.5/components/sdmmc/include -IC:/Espressif/frameworks/esp-idf-v5.5.5/components/esp_driver_sdspi/include -IC:/Espressif/frameworks/esp-idf-v5.5.5/components/esp_driver_sdio/include -IC:/Espressif/frameworks/esp-idf-v5.5.5/components/esp_driver_dac/include -IC:/Espressif/frameworks/esp-idf-v5.5.5/components/esp_driver_rmt/include -IC:/Espressif/frameworks/esp-idf-v5.5.5/components/esp_driver_tsens/include -IC:/Espressif/frameworks/esp-idf-v5.5.5/components/esp_driver_sdm/include -IC:/Espressif/frameworks/esp-idf-v5.5.5/components/esp_driver_i2c/include -IC:/Espressif/frameworks/esp-idf-v5.5.5/components/esp_driver_uart/include -IC:/Espressif/frameworks/esp-idf-v5.5.5/components/vfs/include -IC:/Espressif/frameworks/esp-idf-v5.5.5/components/esp_driver_ledc/include -IC:/Espressif/frameworks/esp-idf-v5.5.5/components/esp_driver_parlio/include -IC:/Espressif/frameworks/esp-idf-v5.5.5/components/esp_driver_usb_serial_jtag/include -IC:/Espressif/frameworks/esp-idf-v5.5.5/components/esp_driver_twai/include -IC:/Espressif/frameworks/esp-idf-v5.5.5/components/esp_timer/include -IC:/Espressif/frameworks/esp-idf-v5.5.5/components/fatfs/diskio -IC:/Espressif/frameworks/esp-idf-v5.5.5/components/fatfs/src -IC:/Espressif/frameworks/esp-idf-v5.5.5/components/fatfs/vfs -IC:/Espressif/frameworks/esp-idf-v5.5.5/components/wear_levelling/include -IC:/Espressif/frameworks/esp-idf-v5.5.5/components/esp_partition/include -IC:/Espressif/frameworks/esp-idf-v5.5.5/components/nvs_flash/include -I"C:/Users/mihajlo.zivkovic/Documents/master rad/esp32s3/firmware/esp32s3_asd/managed_components/espressif__esp-dsp/modules/dotprod/include" -I"C:/Users/mihajlo.zivkovic/Documents/master rad/esp32s3/firmware/esp32s3_asd/managed_components/espressif__esp-dsp/modules/support/include" -I"C:/Users/mihajlo.zivkovic/Documents/master rad/esp32s3/firmware/esp32s3_asd/managed_components/espressif__esp-dsp/modules/support/mem/include" -I"C:/Users/mihajlo.zivkovic/Documents/master rad/esp32s3/firmware/esp32s3_asd/managed_components/espressif__esp-dsp/modules/windows/include" -I"C:/Users/mihajlo.zivkovic/Documents/master rad/esp32s3/firmware/esp32s3_asd/managed_components/espressif__esp-dsp/modules/windows/hann/include" -I"C:/Users/mihajlo.zivkovic/Documents/master rad/esp32s3/firmware/esp32s3_asd/managed_components/espressif__esp-dsp/modules/windows/blackman/include" -I"C:/Users/mihajlo.zivkovic/Documents/master rad/esp32s3/firmware/esp32s3_asd/managed_components/espressif__esp-dsp/modules/windows/blackman_harris/include" -I"C:/Users/mihajlo.zivkovic/Documents/master rad/esp32s3/firmware/esp32s3_asd/managed_components/espressif__esp-dsp/modules/windows/blackman_nuttall/include" -I"C:/Users/mihajlo.zivkovic/Documents/master rad/esp32s3/firmware/esp32s3_asd/managed_components/espressif__esp-dsp/modules/windows/nuttall/include" -I"C:/Users/mihajlo.zivkovic/Documents/master rad/esp32s3/firmware/esp32s3_asd/managed_components/espressif__esp-dsp/modules/windows/flat_top/include" -I"C:/Users/mihajlo.zivkovic/Documents/master rad/esp32s3/firmware/esp32s3_asd/managed_components/espressif__esp-dsp/modules/iir/include" -I"C:/Users/mihajlo.zivkovic/Documents/master rad/esp32s3/firmware/esp32s3_asd/managed_components/espressif__esp-dsp/modules/fir/include" -I"C:/Users/mihajlo.zivkovic/Documents/master rad/esp32s3/firmware/esp32s3_asd/managed_components/espressif__esp-dsp/modules/math/include" -I"C:/Users/mihajlo.zivkovic/Documents/master rad/esp32s3/firmware/esp32s3_asd/managed_components/espressif__esp-dsp/modules/math/add/include" -I"C:/Users/mihajlo.zivkovic/Documents/master rad/esp32s3/firmware/esp32s3_asd/managed_components/espressif__esp-dsp/modules/math/sub/include" -I"C:/Users/mihajlo.zivkovic/Documents/master rad/esp32s3/firmware/esp32s3_asd/managed_components/espressif__esp-dsp/modules/math/mul/include" -I"C:/Users/mihajlo.zivkovic/Documents/master rad/esp32s3/firmware/esp32s3_asd/managed_components/espressif__esp-dsp/modules/math/addc/include" -I"C:/Users/mihajlo.zivkovic/Documents/master rad/esp32s3/firmware/esp32s3_asd/managed_components/espressif__esp-dsp/modules/math/mulc/include" -I"C:/Users/mihajlo.zivkovic/Documents/master rad/esp32s3/firmware/esp32s3_asd/managed_components/espressif__esp-dsp/modules/math/sqrt/include" -I"C:/Users/mihajlo.zivkovic/Documents/master rad/esp32s3/firmware/esp32s3_asd/managed_components/espressif__esp-dsp/modules/matrix/mul/include" -I"C:/Users/mihajlo.zivkovic/Documents/master rad/esp32s3/firmware/esp32s3_asd/managed_components/espressif__esp-dsp/modules/matrix/add/include" -I"C:/Users/mihajlo.zivkovic/Documents/master rad/esp32s3/firmware/esp32s3_asd/managed_components/espressif__esp-dsp/modules/matrix/addc/include" -I"C:/Users/mihajlo.zivkovic/Documents/master rad/esp32s3/firmware/esp32s3_asd/managed_components/espressif__esp-dsp/modules/matrix/mulc/include" -I"C:/Users/mihajlo.zivkovic/Documents/master rad/esp32s3/firmware/esp32s3_asd/managed_components/espressif__esp-dsp/modules/matrix/sub/include" -I"C:/Users/mihajlo.zivkovic/Documents/master rad/esp32s3/firmware/esp32s3_asd/managed_components/espressif__esp-dsp/modules/matrix/include" -I"C:/Users/mihajlo.zivkovic/Documents/master rad/esp32s3/firmware/esp32s3_asd/managed_components/espressif__esp-dsp/modules/fft/include" -I"C:/Users/mihajlo.zivkovic/Documents/master rad/esp32s3/firmware/esp32s3_asd/managed_components/espressif__esp-dsp/modules/dct/include" -I"C:/Users/mihajlo.zivkovic/Documents/master rad/esp32s3/firmware/esp32s3_asd/managed_components/espressif__esp-dsp/modules/conv/include" -I"C:/Users/mihajlo.zivkovic/Documents/master rad/esp32s3/firmware/esp32s3_asd/managed_components/espressif__esp-dsp/modules/common/include" -I"C:/Users/mihajlo.zivkovic/Documents/master rad/esp32s3/firmware/esp32s3_asd/managed_components/espressif__esp-dsp/modules/matrix/mul/test/include" -I"C:/Users/mihajlo.zivkovic/Documents/master rad/esp32s3/firmware/esp32s3_asd/managed_components/espressif__esp-dsp/modules/kalman/ekf/include" -I"C:/Users/mihajlo.zivkovic/Documents/master rad/esp32s3/firmware/esp32s3_asd/managed_components/espressif__esp-dsp/modules/kalman/ekf_imu13states/include" -I"C:/Users/mihajlo.zivkovic/Documents/master rad/esp32s3/firmware/esp32s3_asd/managed_components/espressif__esp-tflite-micro" -I"C:/Users/mihajlo.zivkovic/Documents/master rad/esp32s3/firmware/esp32s3_asd/managed_components/espressif__esp-tflite-micro/third_party/gemmlowp" -I"C:/Users/mihajlo.zivkovic/Documents/master rad/esp32s3/firmware/esp32s3_asd/managed_components/espressif__esp-tflite-micro/third_party/flatbuffers/include" -I"C:/Users/mihajlo.zivkovic/Documents/master rad/esp32s3/firmware/esp32s3_asd/managed_components/espressif__esp-tflite-micro/third_party/ruy" -I"C:/Users/mihajlo.zivkovic/Documents/master rad/esp32s3/firmware/esp32s3_asd/managed_components/espressif__esp-tflite-micro/third_party/kissfft" @"C:/Users/mihajlo.zivkovic/Documents/master rad/esp32s3/results/mjerenje_2026-09-21/build/toolchain/cflags" -fdiagnostics-color=always -ffunction-sections -fdata-sections -Wall -Werror=all -Wno-error=unused-function -Wno-error=unused-variable -Wno-error=unused-but-set-variable -Wno-error=deprecated-declarations -Wextra -Wno-error=extra -Wno-unused-parameter -Wno-sign-compare -Wno-enum-conversion -gdwarf-4 -ggdb -Og -fno-shrink-wrap "-fmacro-prefix-map=C:/Users/mihajlo.zivkovic/Documents/master rad/esp32s3/firmware/esp32s3_asd=." -fmacro-prefix-map=C:/Espressif/frameworks/esp-idf-v5.5.5=/IDF -fstrict-volatile-bitfields -fno-jump-tables -fno-tree-switch-conversion -std=gnu17 -Wno-old-style-declaration -DTF_LITE_STATIC_MEMORY -MD -MT esp-idf/main/CMakeFiles/__idf_main.dir/e5_measure.c.obj -MF esp-idf\main\CMakeFiles\__idf_main.dir\e5_measure.c.obj.d -o esp-idf/main/CMakeFiles/__idf_main.dir/e5_measure.c.obj -c "C:/Users/mihajlo.zivkovic/Documents/master rad/esp32s3/firmware/esp32s3_asd/main/e5_measure.c"
C:/Users/mihajlo.zivkovic/Documents/master rad/esp32s3/firmware/esp32s3_asd/main/e5_measure.c:17:10: fatal error: esp_app_desc.h: No such file or directory

   17 | #include "esp_app_desc.h"

      |          ^~~~~~~~~~~~~~~~

compilation terminated.


[1505/1529] Linking C static library esp-idf\esp_local_ctrl\libesp_local_ctrl.a

[1506/1529] Building C object esp-idf/main/CMakeFiles/__idf_main.dir/psd_live.c.obj

[1507/1529] Linking C static library esp-idf\mqtt\libmqtt.a

[1508/1529] Linking C static library esp-idf\nvs_sec_provider\libnvs_sec_provider.a

[1509/1529] Linking C static library esp-idf\espressif__esp-dsp\libespressif__esp-dsp.a

[1510/1529] Linking C static library esp-idf\esp_lcd\libesp_lcd.a

[1511/1529] Building C object esp-idf/main/CMakeFiles/__idf_main.dir/psd_verify.c.obj

[1512/1529] Linking C static library esp-idf\espcoredump\libespcoredump.a

[1513/1529] Linking C static library esp-idf\perfmon\libperfmon.a

[1514/1529] Linking C static library esp-idf\rt\librt.a

[1515/1529] Linking C static library esp-idf\touch_element\libtouch_element.a

[1516/1529] Linking C static library esp-idf\spiffs\libspiffs.a

[1517/1529] Linking C static library esp-idf\usb\libusb.a

[1518/1529] Linking C static library esp-idf\espressif__esp-tflite-micro\libespressif__esp-tflite-micro.a

[1519/1529] Building CXX object esp-idf/main/CMakeFiles/__idf_main.dir/tflm_infer.cc.obj

ninja: build stopped: subcommand failed.

BUG: component_requirements.py: cannot match original component filename for source component main
ninja failed with exit code 1, output of the command is in the C:\Users\mihajlo.zivkovic\Documents\master rad\esp32s3\results\mjerenje_2026-09-21\build\log\idf_py_stderr_output_38464 and C:\Users\mihajlo.zivkovic\Documents\master rad\esp32s3\results\mjerenje_2026-09-21\build\log\idf_py_stdout_output_38464
