/* AUTO-GENERISANO: pc/tools/gen_model_header.py --tag fan_tiny32_s0 — NE EDITOVATI.
 * model=fan_tiny32_s0_int8.tflite, 69256 B, params=44840,
 * hmean(fp32)=0.5161 */
#ifndef ASD_MODEL_DATA_H
#define ASD_MODEL_DATA_H
#include <stdint.h>

#define ASD_MODEL_INPUT_DIM 640
#define ASD_SCORE_THRESHOLD 0.77862575f

static const float asd_norm_mean[640] = {
    -10.3880167f, 0.611215711f, 7.47042513f, 10.1946449f, 4.66151619f, -7.5193882f, -10.1405802f, -4.53501034f,
    -4.77025366f, -9.34797478f, -14.8454132f, -12.5106268f, -13.0563984f, -11.5547562f, -10.6166029f, -10.0023489f,
    -14.2084141f, -13.7034817f, -12.8172874f, -10.3445826f, -11.4090862f, -12.3322458f, -11.5905027f, -13.3525562f,
    -18.3307743f, -19.3417072f, -17.9081917f, -15.507515f, -14.5986319f, -10.4433079f, -10.1312904f, -14.3806629f,
    -15.3082275f, -12.4380817f, -14.9809675f, -17.441761f, -18.7257423f, -18.5974236f, -19.9688168f, -19.6162663f,
    -20.4580078f, -20.3607769f, -22.1778755f, -23.435957f, -23.6026554f, -22.4161739f, -22.5407658f, -22.9178238f,
    -21.0586662f, -19.016655f, -18.624197f, -20.5630455f, -21.9562664f, -22.6181946f, -23.1969757f, -23.2060757f,
    -21.9953918f, -25.0539284f, -25.6846256f, -25.1775627f, -24.3674393f, -24.2675667f, -22.2387867f, -23.2736435f,
    -25.3646946f, -26.2460079f, -25.6219063f, -22.2062016f, -25.5433273f, -26.2741795f, -27.0872231f, -27.8489933f,
    -28.1109543f, -28.4530659f, -29.1458988f, -30.3485832f, -31.1910839f, -31.2251301f, -31.245079f, -32.2222023f,
    -31.3140659f, -28.030489f, -30.8084202f, -32.8035469f, -33.6130943f, -34.2319336f, -35.9482002f, -34.2615814f,
    -33.4848747f, -33.4588013f, -33.011425f, -32.5523796f, -32.4700317f, -31.7725468f, -31.059433f, -30.364212f,
    -29.677309f, -28.8810234f, -28.2835445f, -27.1472149f, -26.469368f, -24.9676456f, -24.4292526f, -24.7045956f,
    -25.8126888f, -25.2357922f, -24.9706402f, -25.6279373f, -26.4828663f, -25.5451012f, -25.6109352f, -26.0143299f,
    -25.8212509f, -27.4928856f, -27.7419357f, -28.0148602f, -27.3287659f, -27.4563026f, -26.2802715f, -25.9340878f,
    -25.1241531f, -24.8938332f, -25.3115292f, -23.9698315f, -24.5290794f, -27.127058f, -32.1727486f, -42.7690887f,
    -10.3882236f, 0.610231459f, 7.46904421f, 10.194231f, 4.66236496f, -7.52010679f, -10.1409903f, -4.53535604f,
    -4.77048969f, -9.34782696f, -14.8460035f, -12.5111265f, -13.0564814f, -11.5549288f, -10.6171722f, -10.0030088f,
    -14.2083387f, -13.7039204f, -12.8180599f, -10.3450584f, -11.4089642f, -12.3319693f, -11.5905647f, -13.352581f,
    -18.3307304f, -19.3415909f, -17.9083958f, -15.507616f, -14.5984478f, -10.442318f, -10.1308985f, -14.3807802f,
    -15.3081741f, -12.4371233f, -14.9800959f, -17.4415855f, -18.7260513f, -18.5977154f, -19.9684067f, -19.6153412f,
    -20.457325f, -20.3597336f, -22.1770802f, -23.4361649f, -23.6027012f, -22.4156895f, -22.5397701f, -22.9158401f,
    -21.0560055f, -19.0135231f, -18.6219883f, -20.5625172f, -21.9555016f, -22.6176128f, -23.1972675f, -23.2052784f,
    -21.9942493f, -25.0533772f, -25.6835384f, -25.176239f, -24.3656082f, -24.265213f, -22.2364082f, -23.2701645f,
    -25.3604565f, -26.2430382f, -25.6198788f, -22.2055035f, -25.5425129f, -26.2729073f, -27.0864735f, -27.8483448f,
    -28.1107044f, -28.4523525f, -29.1449871f, -30.3479385f, -31.1898232f, -31.2230358f, -31.2434177f, -32.2212944f,
    -31.3131733f, -28.0289841f, -30.8047237f, -32.801899f, -33.6128426f, -34.2312088f, -35.9472427f, -34.2609634f,
    -33.483448f, -33.4568939f, -33.0110207f, -32.5524216f, -32.4693146f, -31.7721462f, -31.0577621f, -30.3638916f,
    -29.6777687f, -28.881525f, -28.284029f, -27.1462059f, -26.4676399f, -24.9650097f, -24.4263687f, -24.7028084f,
    -25.8103981f, -25.2303543f, -24.9654541f, -25.6250763f, -26.4808884f, -25.542696f, -25.6088085f, -26.0120163f,
    -25.8188534f, -27.490303f, -27.7395115f, -28.0113983f, -27.3271179f, -27.4539032f, -26.2767277f, -25.9341049f,
    -25.1245136f, -24.8944016f, -25.3157597f, -23.9823494f, -24.5422554f, -27.1386681f, -32.1813316f, -42.7734947f,
    -10.3892832f, 0.60763222f, 7.46785927f, 10.1932821f, 4.6621995f, -7.51988173f, -10.139452f, -4.53460932f,
    -4.76988983f, -9.34755993f, -14.8469954f, -12.5118799f, -13.0559378f, -11.5549183f, -10.617342f, -10.0026941f,
    -14.2075167f, -13.7037182f, -12.8181772f, -10.3445892f, -11.4083672f, -12.3318491f, -11.5905046f, -13.3523207f,
    -18.3295479f, -19.3411293f, -17.9091663f, -15.5075846f, -14.5982084f, -10.442071f, -10.1311092f, -14.3804884f,
    -15.3075819f, -12.4354935f, -14.9785566f, -17.4409561f, -18.7257481f, -18.5978413f, -19.9672794f, -19.6145763f,
    -20.4567261f, -20.3588619f, -22.1765194f, -23.4358406f, -23.6027756f, -22.4149151f, -22.538393f, -22.9139061f,
    -21.0515308f, -19.0083313f, -18.616396f, -20.5598335f, -21.9529362f, -22.6154442f, -23.1955204f, -23.2030029f,
    -21.9924793f, -25.0521278f, -25.6828804f, -25.1746254f, -24.3636093f, -24.2626743f, -22.2351837f, -23.2672672f,
    -25.3554611f, -26.2395496f, -25.6168232f, -22.2042027f, -25.5410252f, -26.2715359f, -27.0853977f, -27.8476772f,
    -28.1104488f, -28.4513035f, -29.1434975f, -30.347765f, -31.1896324f, -31.2210464f, -31.2415543f, -32.2190361f,
    -31.3117619f, -28.0279255f, -30.8008862f, -32.79776f, -33.6110687f, -34.2302666f, -35.9465866f, -34.2613983f,
    -33.4829292f, -33.4547424f, -33.0100937f, -32.5521317f, -32.4685173f, -31.7711926f, -31.0559845f, -30.3627491f,
    -29.6763935f, -28.8802662f, -28.2825642f, -27.1428223f, -26.4642162f, -24.9586926f, -24.4192944f, -24.6974354f,
    -25.8056202f, -25.2234344f, -24.9598103f, -25.6230335f, -26.4796829f, -25.5403843f, -25.6069508f, -26.0085106f,
    -25.8158131f, -27.4875278f, -27.7364845f, -28.0064335f, -27.3240108f, -27.4516068f, -26.2738838f, -25.9329681f,
    -25.124527f, -24.8943672f, -25.3172817f, -23.9902725f, -24.5510406f, -27.1442814f, -32.1847954f, -42.7747803f,
    -10.3901405f, 0.60857594f, 7.47062874f, 10.1937551f, 4.66204071f, -7.51960564f, -10.1392536f, -4.53528547f,
    -4.76939964f, -9.34627151f, -14.8468828f, -12.5119066f, -13.0560474f, -11.5545826f, -10.6167879f, -10.0018082f,
    -14.2069607f, -13.7039719f, -12.8175917f, -10.343956f, -11.4080524f, -12.3324118f, -11.5905457f, -13.3518801f,
    -18.3293114f, -19.3404503f, -17.9090405f, -15.5073729f, -14.5967836f, -10.4412813f, -10.131566f, -14.3803034f,
    -15.3063602f, -12.4343596f, -14.9781055f, -17.4401627f, -18.7257996f, -18.5969791f, -19.9658184f, -19.6143494f,
    -20.4568043f, -20.3584976f, -22.1759224f, -23.4344788f, -23.6019402f, -22.413908f, -22.5366497f, -22.9114914f,
    -21.0475807f, -19.0022125f, -18.609848f, -20.5561543f, -21.9489307f, -22.6114731f, -23.1915684f, -23.2000256f,
    -21.9912739f, -25.050211f, -25.6811943f, -25.1729984f, -24.362833f, -24.2612686f, -22.2335167f, -23.2633934f,
    -25.348629f, -26.2360153f, -25.614254f, -22.2029648f, -25.539629f, -26.2711945f, -27.085474f, -27.8478107f,
    -28.1096478f, -28.450449f, -29.1424522f, -30.3468819f, -31.1892281f, -31.2194138f, -31.2401505f, -32.2175751f,
    -31.31003f, -28.0275726f, -30.7989349f, -32.7935143f, -33.6096077f, -34.229393f, -35.9467926f, -34.261528f,
    -33.4826202f, -33.4528351f, -33.0093384f, -32.5515594f, -32.4664497f, -31.7693901f, -31.0529385f, -30.3595963f,
    -29.6725578f, -28.8766651f, -28.2789993f, -27.1370373f, -26.4593334f, -24.9487972f, -24.4074974f, -24.6885643f,
    -25.7990246f, -25.2154961f, -24.954649f, -25.6213627f, -26.4783974f, -25.5383663f, -25.6055336f, -26.0048065f,
    -25.8123703f, -27.4842567f, -27.7331829f, -28.001091f, -27.3202667f, -27.4498672f, -26.2714405f, -25.9307346f,
    -25.1243362f, -24.8942146f, -25.3171272f, -23.9944534f, -24.556921f, -27.1463165f, -32.1861687f, -42.7741089f,
    -10.3901415f, 0.609043717f, 7.47188854f, 10.1943913f, 4.66211033f, -7.51867437f, -10.1392031f, -4.53468418f,
    -4.76897192f, -9.3465929f, -14.8469572f, -12.5124578f, -13.0564384f, -11.5543928f, -10.6170359f, -10.0020475f,
    -14.2063971f, -13.7036715f, -12.8179083f, -10.3441591f, -11.407836f, -12.3323135f, -11.591464f, -13.3525524f,
    -18.3298607f, -19.3405914f, -17.9088688f, -15.5072346f, -14.5964155f, -10.4399681f, -10.1306667f, -14.3793001f,
    -15.3051729f, -12.4340172f, -14.9778814f, -17.4397049f, -18.7250977f, -18.5972366f, -19.9662571f, -19.6140366f,
    -20.456665f, -20.3577328f, -22.1760693f, -23.4345818f, -23.6014748f, -22.4144611f, -22.5358372f, -22.9089298f,
    -21.0424786f, -18.9951782f, -18.6023178f, -20.5517273f, -21.9440651f, -22.6069107f, -23.187048f, -23.1965351f,
    -21.9894962f, -25.0487862f, -25.6804256f, -25.1726208f, -24.362669f, -24.2611198f, -22.2333088f, -23.2602692f,
    -25.3415375f, -26.232439f, -25.6116734f, -22.2015686f, -25.538744f, -26.2710609f, -27.0857487f, -27.8487854f,
    -28.1089706f, -28.4509354f, -29.1419182f, -30.3464146f, -31.1890774f, -31.2186222f, -31.2397728f, -32.2161598f,
    -31.3086548f, -28.0275536f, -30.7973804f, -32.7896385f, -33.6085358f, -34.2290993f, -35.9468498f, -34.2620926f,
    -33.4832153f, -33.4525871f, -33.009182f, -32.5509262f, -32.4644051f, -31.7670231f, -31.0493183f, -30.3557854f,
    -29.6680355f, -28.8716087f, -28.273716f, -27.1302338f, -26.4527264f, -24.9380779f, -24.3935432f, -24.6768665f,
    -25.7907658f, -25.207098f, -24.9507885f, -25.6208763f, -26.4773693f, -25.5362988f, -25.6041622f, -26.0007744f,
    -25.8088512f, -27.4813938f, -27.7303543f, -27.9960423f, -27.3164139f, -27.4481754f, -26.2689381f, -25.9290428f,
    -25.1239586f, -24.8937988f, -25.3164845f, -23.995369f, -24.5591507f, -27.1450729f, -32.1857033f, -42.7713013f
};
static const float asd_norm_std[640] = {
    5.1779213f, 3.76843381f, 4.1374011f, 3.37088013f, 3.11764789f, 3.04535103f, 3.77451921f, 3.8532486f,
    4.21073818f, 3.71202421f, 3.87951636f, 3.74894571f, 4.00355148f, 3.4852047f, 3.89430499f, 3.78346467f,
    3.67859101f, 3.53724313f, 3.98965645f, 3.65984392f, 3.91915488f, 3.31630874f, 4.14767551f, 3.61909485f,
    3.72776008f, 3.55287814f, 3.94029331f, 3.76130819f, 3.7093184f, 3.393013f, 3.59480715f, 3.05508566f,
    3.64653635f, 3.64011693f, 3.64847636f, 3.47188425f, 3.75832224f, 3.61179566f, 3.66077876f, 3.71677589f,
    3.65058279f, 3.79095435f, 3.66790056f, 3.43568993f, 3.59110904f, 3.67068911f, 3.61556697f, 3.40858722f,
    3.71958113f, 4.00506926f, 4.23836422f, 3.72772026f, 3.63260722f, 3.58158016f, 3.67096472f, 3.28339028f,
    3.57011986f, 2.98420477f, 3.30225539f, 3.03722787f, 3.28429461f, 3.06889439f, 2.82255316f, 2.92109275f,
    3.68695188f, 3.21042013f, 2.77925014f, 3.14922261f, 2.57479668f, 3.17276573f, 2.92982078f, 2.80846763f,
    2.90318823f, 2.74903941f, 2.82781434f, 2.76030135f, 2.78803277f, 2.96034765f, 2.83434224f, 2.76262999f,
    2.60123992f, 2.94060826f, 2.7814846f, 2.87147689f, 2.59079218f, 2.66169834f, 2.49890399f, 2.58253527f,
    2.71666646f, 2.95957375f, 2.67078352f, 2.52039099f, 2.48825741f, 2.64828372f, 3.01488733f, 3.11189842f,
    3.06315851f, 3.02709341f, 3.05546522f, 3.49907041f, 3.14267111f, 4.00691795f, 4.5170331f, 4.24296618f,
    3.51456642f, 4.11397886f, 4.80721617f, 3.85018849f, 2.98020077f, 2.7989583f, 2.55452776f, 2.81323886f,
    2.77311063f, 2.80273366f, 2.60638857f, 2.58363795f, 2.72426963f, 2.57868981f, 2.81547141f, 3.42845535f,
    4.30695534f, 3.68655419f, 3.94009876f, 5.33740664f, 5.35469484f, 4.92068052f, 3.92757583f, 3.33248925f,
    5.17725277f, 3.76859236f, 4.13628244f, 3.36972284f, 3.11551571f, 3.04430032f, 3.7745676f, 3.85229969f,
    4.21003008f, 3.71132374f, 3.87966585f, 3.7492311f, 4.00377464f, 3.4846375f, 3.89363551f, 3.78265643f,
    3.67777109f, 3.53791928f, 3.98958135f, 3.65875435f, 3.91850305f, 3.31614161f, 4.14750481f, 3.61809468f,
    3.72758079f, 3.55302334f, 3.9405632f, 3.76168346f, 3.70923448f, 3.39210629f, 3.59332848f, 3.05468082f,
    3.64588666f, 3.63927364f, 3.64707398f, 3.47122145f, 3.75757122f, 3.61153507f, 3.66061735f, 3.7164557f,
    3.64959478f, 3.79042578f, 3.66785622f, 3.43509364f, 3.59043503f, 3.67033625f, 3.61552f, 3.40879297f,
    3.72106385f, 4.00725222f, 4.24109411f, 3.72728872f, 3.63207626f, 3.58068824f, 3.67029119f, 3.28354955f,
    3.56974721f, 2.98377609f, 3.30233622f, 3.0369575f, 3.28375769f, 3.06850982f, 2.82239342f, 2.92196703f,
    3.68984294f, 3.21054482f, 2.77949929f, 3.14843822f, 2.57474566f, 3.17330456f, 2.92964935f, 2.80807829f,
    2.90251327f, 2.7481122f, 2.82736635f, 2.75966477f, 2.78817677f, 2.95985866f, 2.83389759f, 2.76275945f,
    2.60104537f, 2.93928337f, 2.78093863f, 2.8716259f, 2.59116697f, 2.66179276f, 2.49871278f, 2.58221817f,
    2.71617103f, 2.95924473f, 2.67028713f, 2.51949644f, 2.48767757f, 2.64721727f, 3.01511073f, 3.1116972f,
    3.06220531f, 3.02582836f, 3.0544219f, 3.49768186f, 3.14166284f, 4.00617933f, 4.51559496f, 4.24018669f,
    3.51145196f, 4.11221695f, 4.80508184f, 3.84803057f, 2.97782564f, 2.79648924f, 2.55243874f, 2.8142314f,
    2.77235293f, 2.80098033f, 2.60503602f, 2.58424926f, 2.72400379f, 2.57596254f, 2.81302094f, 3.42824602f,
    4.30564356f, 3.68564367f, 3.94103622f, 5.33627796f, 5.35260153f, 4.91735697f, 3.92745423f, 3.33319569f,
    5.17736244f, 3.76876569f, 4.13582945f, 3.36841917f, 3.1136694f, 3.04412484f, 3.77434206f, 3.85203385f,
    4.20952559f, 3.7111845f, 3.87981677f, 3.74854732f, 4.00284767f, 3.48416471f, 3.89324713f, 3.78213859f,
    3.67695355f, 3.53729486f, 3.98937464f, 3.65766215f, 3.91762733f, 3.31520987f, 4.14665556f, 3.61775637f,
    3.72741413f, 3.55266547f, 3.93962622f, 3.76109958f, 3.70923185f, 3.3922019f, 3.59322071f, 3.05358601f,
    3.64530993f, 3.6384902f, 3.64598489f, 3.47080112f, 3.75733566f, 3.61152005f, 3.65960336f, 3.71652961f,
    3.64954281f, 3.79055953f, 3.66747308f, 3.43411064f, 3.59070086f, 3.67024755f, 3.61560607f, 3.40924573f,
    3.72317505f, 4.01008701f, 4.24421167f, 3.72742152f, 3.63221359f, 3.58019376f, 3.67092872f, 3.28386283f,
    3.57004714f, 2.98356509f, 3.30168772f, 3.03599548f, 3.28301072f, 3.06840134f, 2.82231808f, 2.92337871f,
    3.69432116f, 3.21194839f, 2.78010631f, 3.14720178f, 2.57495832f, 3.17381334f, 2.92921853f, 2.80717516f,
    2.90204597f, 2.74796104f, 2.82691455f, 2.75902557f, 2.78764486f, 2.95994163f, 2.83383036f, 2.7630868f,
    2.60112357f, 2.93820429f, 2.78041553f, 2.87346506f, 2.59097075f, 2.66168499f, 2.49823022f, 2.58214164f,
    2.71549225f, 2.95966125f, 2.6700027f, 2.51863003f, 2.48708463f, 2.64611268f, 3.01432443f, 3.11296415f,
    3.06258368f, 3.02613378f, 3.0552423f, 3.49844384f, 3.14125872f, 4.00908279f, 4.51789331f, 4.24036694f,
    3.51060367f, 4.1117115f, 4.80299902f, 3.84612632f, 2.97615099f, 2.79480314f, 2.55058527f, 2.8164773f,
    2.77312422f, 2.80047202f, 2.60389709f, 2.58591294f, 2.72401214f, 2.5734446f, 2.81117082f, 3.42817235f,
    4.30412674f, 3.68442941f, 3.94133878f, 5.33555555f, 5.35144424f, 4.91528845f, 3.92834878f, 3.33416176f,
    5.17741203f, 3.76877546f, 4.13454676f, 3.36667466f, 3.11214805f, 3.043396f, 3.7740159f, 3.8522644f,
    4.2096405f, 3.71096849f, 3.87923789f, 3.74798775f, 4.00318575f, 3.48418093f, 3.89274526f, 3.78176522f,
    3.6757741f, 3.5372479f, 3.98859715f, 3.65734506f, 3.91731954f, 3.31472182f, 4.1454215f, 3.61681604f,
    3.72688603f, 3.55172133f, 3.93878245f, 3.76033211f, 3.70952654f, 3.39217687f, 3.59256935f, 3.0527246f,
    3.64483762f, 3.63757873f, 3.64553976f, 3.47059917f, 3.7572248f, 3.61031961f, 3.6591413f, 3.71620607f,
    3.64922595f, 3.79053116f, 3.66724205f, 3.43380094f, 3.58968019f, 3.66959143f, 3.61547208f, 3.40896654f,
    3.72456861f, 4.01362133f, 4.24660683f, 3.72785354f, 3.63244295f, 3.58104253f, 3.67173648f, 3.28375983f,
    3.57025003f, 2.98320723f, 3.30201364f, 3.03596926f, 3.28215814f, 3.06792355f, 2.82162547f, 2.92412519f,
    3.69886255f, 3.21290302f, 2.78041482f, 3.14656997f, 2.57489252f, 3.17424703f, 2.92941189f, 2.80623341f,
    2.90109348f, 2.74718571f, 2.82604599f, 2.75819778f, 2.78771949f, 2.95893335f, 2.833637f, 2.76394176f,
    2.6014781f, 2.93777752f, 2.78053975f, 2.87512875f, 2.5915122f, 2.6622901f, 2.4978385f, 2.58121681f,
    2.71448755f, 2.95939755f, 2.66979003f, 2.51799679f, 2.4865222f, 2.64554286f, 3.01483369f, 3.1157515f,
    3.06500816f, 3.02785802f, 3.05698204f, 3.49965644f, 3.14199185f, 4.014925f, 4.52457142f, 4.24301338f,
    3.51168346f, 4.11218882f, 4.80136061f, 3.84448671f, 2.97439075f, 2.79325128f, 2.54840279f, 2.81804848f,
    2.77362847f, 2.79979277f, 2.6026454f, 2.58705425f, 2.72331715f, 2.57139874f, 2.80915904f, 3.42708731f,
    4.30244112f, 3.68286157f, 3.94107819f, 5.33557463f, 5.35142899f, 4.91456842f, 3.92912197f, 3.33559513f,
    5.17667913f, 3.7688756f, 4.13372374f, 3.36555219f, 3.1116221f, 3.0426898f, 3.77429104f, 3.85205555f,
    4.20885849f, 3.71106172f, 3.87895656f, 3.74794078f, 4.00275326f, 3.48429489f, 3.89333153f, 3.78187513f,
    3.67552876f, 3.53690314f, 3.98812175f, 3.65756917f, 3.91708541f, 3.31452107f, 4.14573669f, 3.61612797f,
    3.72643065f, 3.55148602f, 3.93822646f, 3.75938153f, 3.70849419f, 3.39187384f, 3.59214306f, 3.05292583f,
    3.644279f, 3.63686132f, 3.64476705f, 3.4709909f, 3.75636411f, 3.60996938f, 3.65911293f, 3.71520686f,
    3.64856148f, 3.78984499f, 3.66730809f, 3.43421841f, 3.58969903f, 3.66999221f, 3.61593509f, 3.40989947f,
    3.72651386f, 4.01680946f, 4.24885988f, 3.7285049f, 3.63316965f, 3.58198977f, 3.67305088f, 3.28436208f,
    3.57030225f, 2.98360443f, 3.30214572f, 3.03630495f, 3.28194261f, 3.068398f, 2.82198405f, 2.92576432f,
    3.7028172f, 3.21381164f, 2.78070784f, 3.14655995f, 2.5752337f, 3.17468953f, 2.92943597f, 2.80598688f,
    2.90050054f, 2.74705553f, 2.82620621f, 2.75831819f, 2.78728271f, 2.95744109f, 2.83347964f, 2.76401234f,
    2.60145807f, 2.93702626f, 2.7805357f, 2.87703323f, 2.59172273f, 2.66238451f, 2.49702334f, 2.58087301f,
    2.7135725f, 2.95858097f, 2.66935825f, 2.51820993f, 2.48703051f, 2.64652681f, 3.01626873f, 3.11921787f,
    3.06882334f, 3.03106546f, 3.06033778f, 3.5019846f, 3.14389253f, 4.02020502f, 4.53146553f, 4.24737167f,
    3.51322651f, 4.11304379f, 4.80085135f, 3.84329176f, 2.97231627f, 2.7918117f, 2.54706693f, 2.82009196f,
    2.77468467f, 2.79909134f, 2.60214162f, 2.5887475f, 2.72268677f, 2.56970263f, 2.80745196f, 3.42589879f,
    4.30089426f, 3.68108535f, 3.93974662f, 5.33573246f, 5.35086775f, 4.91426802f, 3.92921948f, 3.33767414f
};

/* .tflite flatbuffer — 16-bajtno poravnat za TFLM. Uključuje se SAMO u
 * tflm_infer.cc (#define ASD_INCLUDE_MODEL_BLOB) da se ne duplira u flash. */
#ifdef ASD_INCLUDE_MODEL_BLOB
__attribute__((aligned(16))) static const unsigned char asd_model_tflite[69256] = {
    0x20, 0x00, 0x00, 0x00, 0x54, 0x46, 0x4c, 0x33, 0x00, 0x00, 0x00, 0x00, 0x14, 0x00, 0x20, 0x00,
    0x1c, 0x00, 0x18, 0x00, 0x14, 0x00, 0x10, 0x00, 0x0c, 0x00, 0x00, 0x00, 0x08, 0x00, 0x04, 0x00,
    0x14, 0x00, 0x00, 0x00, 0x1c, 0x00, 0x00, 0x00, 0x90, 0x00, 0x00, 0x00, 0x10, 0x01, 0x00, 0x00,
    0xe8, 0xb8, 0x00, 0x00, 0xf8, 0xb8, 0x00, 0x00, 0x2c, 0x0e, 0x01, 0x00, 0x03, 0x00, 0x00, 0x00,
    0x01, 0x00, 0x00, 0x00, 0x10, 0x00, 0x00, 0x00, 0x00, 0x00, 0x0a, 0x00, 0x10, 0x00, 0x0c, 0x00,
    0x08, 0x00, 0x04, 0x00, 0x0a, 0x00, 0x00, 0x00, 0x0c, 0x00, 0x00, 0x00, 0x1c, 0x00, 0x00, 0x00,
    0x3c, 0x00, 0x00, 0x00, 0x0f, 0x00, 0x00, 0x00, 0x73, 0x65, 0x72, 0x76, 0x69, 0x6e, 0x67, 0x5f,
    0x64, 0x65, 0x66, 0x61, 0x75, 0x6c, 0x74, 0x00, 0x01, 0x00, 0x00, 0x00, 0x04, 0x00, 0x00, 0x00,
    0x70, 0xff, 0xff, 0xff, 0x12, 0x00, 0x00, 0x00, 0x04, 0x00, 0x00, 0x00, 0x08, 0x00, 0x00, 0x00,
    0x6f, 0x75, 0x74, 0x70, 0x75, 0x74, 0x5f, 0x30, 0x00, 0x00, 0x00, 0x00, 0x01, 0x00, 0x00, 0x00,
    0x04, 0x00, 0x00, 0x00, 0xa6, 0x51, 0xff, 0xff, 0x04, 0x00, 0x00, 0x00, 0x05, 0x00, 0x00, 0x00,
    0x69, 0x6e, 0x70, 0x75, 0x74, 0x00, 0x00, 0x00, 0x03, 0x00, 0x00, 0x00, 0x5c, 0x00, 0x00, 0x00,
    0x2c, 0x00, 0x00, 0x00, 0x04, 0x00, 0x00, 0x00, 0xb8, 0xff, 0xff, 0xff, 0x16, 0x00, 0x00, 0x00,
    0x04, 0x00, 0x00, 0x00, 0x13, 0x00, 0x00, 0x00, 0x43, 0x4f, 0x4e, 0x56, 0x45, 0x52, 0x53, 0x49,
    0x4f, 0x4e, 0x5f, 0x4d, 0x45, 0x54, 0x41, 0x44, 0x41, 0x54, 0x41, 0x00, 0xdc, 0xff, 0xff, 0xff,
    0x15, 0x00, 0x00, 0x00, 0x04, 0x00, 0x00, 0x00, 0x13, 0x00, 0x00, 0x00, 0x6d, 0x69, 0x6e, 0x5f,
    0x72, 0x75, 0x6e, 0x74, 0x69, 0x6d, 0x65, 0x5f, 0x76, 0x65, 0x72, 0x73, 0x69, 0x6f, 0x6e, 0x00,
    0x08, 0x00, 0x0c, 0x00, 0x08, 0x00, 0x04, 0x00, 0x08, 0x00, 0x00, 0x00, 0x14, 0x00, 0x00, 0x00,
    0x04, 0x00, 0x00, 0x00, 0x13, 0x00, 0x00, 0x00, 0x6d, 0x69, 0x6e, 0x5f, 0x72, 0x75, 0x6e, 0x74,
    0x69, 0x6d, 0x65, 0x5f, 0x76, 0x65, 0x72, 0x73, 0x69, 0x6f, 0x6e, 0x00, 0x17, 0x00, 0x00, 0x00,
    0xd4, 0xb7, 0x00, 0x00, 0xcc, 0xb7, 0x00, 0x00, 0xbc, 0xad, 0x00, 0x00, 0xa4, 0x5d, 0x00, 0x00,
    0x14, 0x5d, 0x00, 0x00, 0x04, 0x59, 0x00, 0x00, 0x74, 0x58, 0x00, 0x00, 0x64, 0x57, 0x00, 0x00,
    0x34, 0x57, 0x00, 0x00, 0x24, 0x56, 0x00, 0x00, 0x94, 0x55, 0x00, 0x00, 0x84, 0x51, 0x00, 0x00,
    0xf4, 0x50, 0x00, 0x00, 0xe4, 0x00, 0x00, 0x00, 0xdc, 0x00, 0x00, 0x00, 0xd4, 0x00, 0x00, 0x00,
    0xcc, 0x00, 0x00, 0x00, 0xc4, 0x00, 0x00, 0x00, 0xbc, 0x00, 0x00, 0x00, 0xb4, 0x00, 0x00, 0x00,
    0x94, 0x00, 0x00, 0x00, 0x74, 0x00, 0x00, 0x00, 0x04, 0x00, 0x00, 0x00, 0x9e, 0x52, 0xff, 0xff,
    0x04, 0x00, 0x00, 0x00, 0x60, 0x00, 0x00, 0x00, 0x0c, 0x00, 0x00, 0x00, 0x08, 0x00, 0x0e, 0x00,
    0x08, 0x00, 0x04, 0x00, 0x08, 0x00, 0x00, 0x00, 0x10, 0x00, 0x00, 0x00, 0x28, 0x00, 0x00, 0x00,
    0x00, 0x00, 0x06, 0x00, 0x08, 0x00, 0x04, 0x00, 0x06, 0x00, 0x00, 0x00, 0x04, 0x00, 0x00, 0x00,
    0x01, 0x00, 0x00, 0x00, 0xeb, 0x03, 0x00, 0x00, 0x0c, 0x00, 0x18, 0x00, 0x14, 0x00, 0x10, 0x00,
    0x0c, 0x00, 0x04, 0x00, 0x0c, 0x00, 0x00, 0x00, 0x4e, 0x25, 0xfc, 0xe1, 0x4e, 0x23, 0x42, 0x57,
    0x02, 0x00, 0x00, 0x00, 0x02, 0x00, 0x00, 0x00, 0x04, 0x00, 0x00, 0x00, 0x06, 0x00, 0x00, 0x00,
    0x32, 0x2e, 0x31, 0x39, 0x2e, 0x31, 0x00, 0x00, 0x0a, 0x53, 0xff, 0xff, 0x04, 0x00, 0x00, 0x00,
    0x10, 0x00, 0x00, 0x00, 0x00, 0x00, 0x00, 0x00, 0x00, 0x00, 0x00, 0x00, 0x00, 0x00, 0x00, 0x00,
    0x00, 0x00, 0x00, 0x00, 0x26, 0x53, 0xff, 0xff, 0x04, 0x00, 0x00, 0x00, 0x10, 0x00, 0x00, 0x00,
    0x31, 0x2e, 0x31, 0x34, 0x2e, 0x30, 0x00, 0x00, 0x00, 0x00, 0x00, 0x00, 0x00, 0x00, 0x00, 0x00,
    0xa8, 0x48, 0xff, 0xff, 0xac, 0x48, 0xff, 0xff, 0xb0, 0x48, 0xff, 0xff, 0xb4, 0x48, 0xff, 0xff,
    0xb8, 0x48, 0xff, 0xff, 0xbc, 0x48, 0xff, 0xff, 0x5a, 0x53, 0xff, 0xff, 0x04, 0x00, 0x00, 0x00,
    0x00, 0x50, 0x00, 0x00, 0x0c, 0xf6, 0xf1, 0x08, 0xfb, 0xfc, 0xff, 0x06, 0xfa, 0x05, 0x09, 0x02,
    0x0c, 0x0a, 0xfd, 0x08, 0x04, 0x03, 0x02, 0xff, 0xfe, 0x0a, 0x05, 0x00, 0x07, 0x0d, 0x0c, 0x0b,
    0xfa, 0xfc, 0xef, 0xfc, 0xf8, 0xff, 0x01, 0x06, 0x04, 0x08, 0xfd, 0xff, 0x03, 0xff, 0x01, 0xfe,
    0xfc, 0xfb, 0xfc, 0xfb, 0xff, 0xf5, 0xf8, 0xf9, 0xfc, 0xf6, 0x01, 0x07, 0xfe, 0xfc, 0xf9, 0xf6,
    0xf0, 0xf5, 0xfb, 0xfe, 0xfa, 0xfc, 0xeb, 0xee, 0xfb, 0x05, 0x07, 0xfc, 0x08, 0x02, 0x06, 0x01,
    0x07, 0x02, 0x06, 0x0e, 0x00, 0xf0, 0xf8, 0x07, 0x01, 0x0a, 0xfb, 0x07, 0x02, 0x07, 0x06, 0x02,
    0xfd, 0xf6, 0xfc, 0x02, 0x0b, 0x0a, 0x01, 0xf3, 0x17, 0x50, 0x55, 0x6d, 0x5e, 0x64, 0x7f, 0x52,
    0x15, 0x01, 0xee, 0xeb, 0xf1, 0xe0, 0xd9, 0xe9, 0xea, 0xf5, 0xf8, 0xef, 0xfc, 0xf0, 0xe7, 0xe4,
    0xcd, 0xea, 0xf3, 0x02, 0x07, 0xfd, 0x05, 0xf5, 0xff, 0xff, 0xfd, 0xfb, 0x09, 0x06, 0x08, 0x03,
    0x0b, 0x0b, 0x02, 0x06, 0xff, 0x0a, 0xfe, 0xfd, 0xfe, 0x03, 0xfc, 0x07, 0x07, 0x06, 0x0d, 0x0e,
    0xfd, 0xfa, 0xef, 0xfa, 0xfc, 0x01, 0x03, 0x0a, 0x07, 0x08, 0xfc, 0x06, 0xfe, 0xfc, 0xff, 0xfb,
    0xfb, 0xff, 0xf8, 0x04, 0xf8, 0xf7, 0xf3, 0xfb, 0xf5, 0xfa, 0x01, 0xfe, 0xff, 0xfd, 0x01, 0xf7,
    0xf1, 0xf9, 0xfc, 0xfe, 0xf0, 0xf1, 0xea, 0xe6, 0xf3, 0xfd, 0xfc, 0xfb, 0xec, 0xf9, 0x02, 0x04,
    0x0d, 0x0f, 0x0d, 0x04, 0xff, 0xf3, 0xff, 0xfa, 0x07, 0x07, 0x02, 0x04, 0x01, 0xff, 0x0c, 0x03,
    0xff, 0x0a, 0x10, 0x22, 0x17, 0x14, 0x1c, 0xf5, 0x17, 0x08, 0xf5, 0xfe, 0xe3, 0xd7, 0xc5, 0xe4,
    0xdf, 0xdd, 0xeb, 0xdc, 0xe3, 0xcd, 0xe0, 0xea, 0xdf, 0x03, 0x0b, 0xfa, 0xff, 0xec, 0xf4, 0x0a,
    0x0d, 0xe6, 0x0d, 0xef, 0x09, 0x00, 0xf9, 0xff, 0xf5, 0x04, 0x02, 0x02, 0x02, 0x06, 0x00, 0x0f,
    0x07, 0x0b, 0x01, 0x06, 0x01, 0x07, 0xff, 0x02, 0xfb, 0x03, 0x05, 0x09, 0x0a, 0x09, 0x09, 0x11,
    0x00, 0xfb, 0xf5, 0xf8, 0xff, 0x02, 0x03, 0x07, 0x05, 0xff, 0x04, 0x00, 0xfe, 0x00, 0x00, 0x02,
    0x00, 0xfc, 0xfb, 0x02, 0xfd, 0x00, 0xef, 0xf9, 0xf3, 0xf3, 0xfa, 0xf8, 0x02, 0x01, 0x02, 0xfc,
    0xfd, 0xff, 0x02, 0xfc, 0xf7, 0xf3, 0xe7, 0xe6, 0xfc, 0x04, 0x02, 0x02, 0xf4, 0xfd, 0x02, 0x0f,
    0x14, 0x1d, 0x16, 0x15, 0x05, 0xf8, 0x0e, 0x08, 0x0a, 0x10, 0x0c, 0x0f, 0x0a, 0x11, 0x0f, 0x09,
    0x07, 0x0e, 0xfe, 0x14, 0x02, 0xfc, 0xee, 0xf7, 0xfa, 0xd6, 0xdf, 0xbe, 0xdc, 0xe5, 0xae, 0xc3,
    0xe2, 0xe9, 0xed, 0xe3, 0xf3, 0xbe, 0xee, 0xfe, 0xfa, 0x16, 0x00, 0x06, 0x02, 0x0a, 0x03, 0x07,
    0x14, 0x09, 0x13, 0x0e, 0x09, 0xf3, 0xf8, 0xf3, 0x04, 0x00, 0x02, 0x06, 0xfb, 0x0a, 0x01, 0x06,
    0x09, 0x0c, 0x02, 0x05, 0x02, 0x06, 0xfd, 0xfd, 0xfe, 0x01, 0x02, 0x04, 0x05, 0x0b, 0x09, 0x0c,
    0x09, 0xf2, 0xf8, 0xfc, 0xfb, 0x00, 0x06, 0x01, 0x09, 0x06, 0x04, 0xfd, 0x05, 0x02, 0x04, 0xf9,
    0x02, 0xff, 0x00, 0xfb, 0x01, 0xfe, 0xf8, 0xfb, 0xf4, 0xf7, 0xfa, 0xfa, 0x00, 0x09, 0x02, 0xfe,
    0xf9, 0xfb, 0xfc, 0xff, 0xf8, 0xe8, 0xed, 0xe4, 0xf4, 0x00, 0xf7, 0xfe, 0xeb, 0xfc, 0x00, 0x0d,
    0x11, 0x1d, 0x15, 0x16, 0x03, 0xfb, 0x0c, 0x04, 0x0d, 0x14, 0x07, 0x0e, 0x04, 0x0d, 0x02, 0x06,
    0xfc, 0xff, 0xf3, 0xfd, 0xf8, 0xef, 0xf4, 0x0d, 0xf4, 0xd3, 0xd4, 0xc1, 0xcc, 0xb6, 0xcb, 0xdf,
    0xf2, 0xf8, 0xf8, 0xf5, 0xfc, 0xe6, 0xf9, 0x06, 0xfd, 0x0c, 0xec, 0xf7, 0xff, 0x1b, 0x18, 0x13,
    0x0c, 0x18, 0x0a, 0x04, 0x03, 0xfb, 0x02, 0xfe, 0x07, 0xfe, 0xff, 0x00, 0x04, 0x03, 0x08, 0x0a,
    0x10, 0x08, 0x06, 0x06, 0x04, 0x05, 0x04, 0xfb, 0xfd, 0x00, 0x07, 0x04, 0x05, 0x0b, 0x0b, 0x06,
    0x03, 0xf5, 0xf7, 0xfc, 0xf7, 0x06, 0x04, 0x01, 0x04, 0x09, 0xfe, 0xff, 0x01, 0xff, 0x0b, 0xf9,
    0xfe, 0xfc, 0x02, 0xff, 0x01, 0x01, 0xfc, 0x00, 0xf4, 0x03, 0xfa, 0xfd, 0xff, 0x06, 0x01, 0xfe,
    0xff, 0xf9, 0x01, 0xfb, 0xfc, 0xf4, 0xf0, 0xe9, 0xf1, 0xfa, 0xf3, 0xf3, 0xf1, 0xf7, 0xfa, 0x08,
    0x0c, 0x06, 0x01, 0x0a, 0xfd, 0xf3, 0xf9, 0xfb, 0x02, 0x06, 0x0a, 0x06, 0xff, 0xfa, 0xf1, 0xf9,
    0xf5, 0xe7, 0xeb, 0xe7, 0xe8, 0xea, 0xf4, 0x1f, 0xe9, 0xde, 0xb5, 0xae, 0xd5, 0xbb, 0xd5, 0xc6,
    0xf3, 0xfe, 0x05, 0xff, 0x02, 0xff, 0x00, 0xfd, 0xf5, 0xfd, 0xea, 0xf9, 0x0c, 0x18, 0x12, 0x0e,
    0x0b, 0x0f, 0x07, 0xf3, 0x0b, 0xf0, 0x13, 0xee, 0xf6, 0xfb, 0xfe, 0x00, 0xf1, 0x10, 0x03, 0x02,
    0x09, 0x0a, 0xf5, 0x09, 0xfa, 0xf7, 0xf5, 0x02, 0xf8, 0xf3, 0x05, 0xfe, 0xfb, 0x02, 0x03, 0xfd,
    0xf7, 0xf8, 0xf6, 0xfa, 0x01, 0xef, 0x09, 0xfc, 0xf4, 0x02, 0xf7, 0xf9, 0x06, 0xf0, 0x08, 0x02,
    0xfd, 0xf7, 0x07, 0xff, 0xf8, 0x08, 0x07, 0xfb, 0xfb, 0xf6, 0xfd, 0xed, 0xfc, 0xf3, 0xf9, 0xf0,
    0xfb, 0xfd, 0xf7, 0x03, 0x06, 0xf5, 0x03, 0xfc, 0xf2, 0xf8, 0xee, 0xf7, 0xf7, 0xfc, 0xf9, 0xfc,
    0xfd, 0xec, 0xf4, 0x0a, 0xfb, 0xfc, 0x00, 0x05, 0x09, 0x06, 0xf6, 0xfd, 0xf3, 0xf1, 0xf5, 0x04,
    0x12, 0x0a, 0xff, 0xf8, 0x16, 0xec, 0xe3, 0xf4, 0x09, 0x25, 0xf8, 0x18, 0x02, 0x20, 0x1c, 0x32,
    0x0e, 0x29, 0xf9, 0xfb, 0xed, 0x1c, 0x30, 0x01, 0x22, 0x02, 0x03, 0xf7, 0xfb, 0xe6, 0x28, 0x29,
    0xff, 0x23, 0xe1, 0xde, 0x06, 0xfe, 0xf6, 0xf2, 0xf9, 0xf2, 0xfb, 0xfe, 0xf9, 0x00, 0x05, 0xfe,
    0x05, 0x04, 0x08, 0xf8, 0xfb, 0x06, 0xfe, 0xf4, 0xff, 0xfc, 0xff, 0xf2, 0x02, 0x0a, 0x03, 0xfb,
    0x00, 0xfa, 0xfe, 0xfb, 0xef, 0x02, 0x00, 0xf7, 0x01, 0xf9, 0xff, 0xfa, 0x02, 0xfa, 0xfa, 0xfe,
    0xf9, 0xf8, 0x01, 0xfc, 0x06, 0x03, 0xfc, 0x02, 0xfa, 0x05, 0xf5, 0xf9, 0xf2, 0xf6, 0xf5, 0xf5,
    0xed, 0xf8, 0xf8, 0xfc, 0x09, 0xf5, 0xfa, 0xf6, 0xf6, 0xf7, 0x00, 0xf9, 0xf1, 0xf9, 0xf2, 0xf7,
    0xf3, 0xf2, 0xfc, 0x00, 0xff, 0xf4, 0xef, 0xfc, 0xff, 0xf9, 0xf9, 0xf3, 0xf4, 0xde, 0xfa, 0x07,
    0x01, 0x0a, 0x01, 0xf2, 0x0c, 0xf8, 0xe4, 0xec, 0xff, 0xfc, 0x00, 0xf6, 0xfa, 0x01, 0xf9, 0x11,
    0x09, 0x22, 0xee, 0x0e, 0xf1, 0x02, 0x24, 0x01, 0x29, 0x2e, 0x44, 0x40, 0x68, 0x1b, 0x6b, 0x27,
    0xfc, 0xf7, 0xd5, 0xd2, 0x13, 0xfa, 0xf7, 0xfb, 0xeb, 0xfb, 0xfb, 0xf6, 0xf8, 0x07, 0x07, 0x08,
    0x02, 0x05, 0xfa, 0x01, 0xfc, 0x05, 0x04, 0xf9, 0x06, 0xfb, 0x04, 0xf7, 0xfc, 0x0c, 0x02, 0x0c,
    0xfe, 0x01, 0xf4, 0xf3, 0x05, 0xf1, 0x02, 0xf6, 0x03, 0xfa, 0xfa, 0x05, 0xfc, 0xf9, 0x01, 0xfb,
    0x00, 0x07, 0xff, 0xf8, 0xfa, 0xf3, 0x07, 0xfa, 0x07, 0x00, 0xfc, 0xf4, 0xf5, 0xf5, 0xf6, 0xff,
    0xf7, 0xfc, 0xfd, 0x00, 0x01, 0x03, 0x00, 0xfa, 0xfa, 0xfc, 0xf8, 0xec, 0x04, 0xf0, 0xf0, 0xfa,
    0xfc, 0xea, 0xf0, 0x07, 0x03, 0xf3, 0xec, 0x06, 0x01, 0xfc, 0xf0, 0xf6, 0xf6, 0xe3, 0xf7, 0x03,
    0xfa, 0xff, 0x02, 0x0f, 0x1a, 0xee, 0xea, 0xe3, 0xf3, 0xfe, 0x10, 0x02, 0x03, 0xf8, 0x14, 0x15,
    0x1c, 0x18, 0xf0, 0xf1, 0xe7, 0x01, 0x18, 0x03, 0x31, 0x5e, 0x56, 0x7e, 0x7f, 0x22, 0x44, 0x3c,
    0xfe, 0x00, 0xde, 0xe7, 0x0b, 0x00, 0xfd, 0x09, 0x07, 0xf8, 0x06, 0xfb, 0xfc, 0x01, 0x00, 0x05,
    0xfc, 0x03, 0xf7, 0x00, 0xf9, 0xfd, 0xfa, 0x08, 0xfd, 0xf6, 0x03, 0xf6, 0x00, 0x0d, 0xf8, 0x01,
    0xfc, 0xf7, 0xfe, 0xf8, 0xfb, 0xfe, 0x02, 0xf7, 0x02, 0xff, 0x01, 0xff, 0x01, 0xfc, 0x09, 0xf9,
    0x00, 0xfc, 0xfd, 0xfc, 0x02, 0xf7, 0xfb, 0xfa, 0xfd, 0xfb, 0xfb, 0xfd, 0xf4, 0x01, 0xf5, 0xf8,
    0xf6, 0xf0, 0xfc, 0xf7, 0x03, 0xff, 0x06, 0xeb, 0x05, 0xea, 0xfb, 0xf4, 0x00, 0xfc, 0xf3, 0xff,
    0xf3, 0xf9, 0xf9, 0x0b, 0xf7, 0xfb, 0xf6, 0x02, 0xfd, 0x03, 0xfb, 0xf8, 0x02, 0xf1, 0x02, 0x01,
    0x03, 0xfd, 0x04, 0xfe, 0xff, 0xeb, 0xf4, 0xd4, 0xf7, 0xf0, 0x0e, 0x15, 0x02, 0x0a, 0x05, 0x1b,
    0x13, 0x06, 0xef, 0xf0, 0xf3, 0xf8, 0x0b, 0x08, 0x28, 0x55, 0x57, 0x6f, 0x79, 0x22, 0x42, 0x32,
    0x0a, 0xf5, 0xdc, 0xec, 0x10, 0x15, 0xec, 0x0a, 0x02, 0xf9, 0x01, 0xf7, 0xfa, 0x08, 0xfc, 0x08,
    0x09, 0xfe, 0x02, 0xec, 0x09, 0xf5, 0xfb, 0xfb, 0xfb, 0x04, 0xf8, 0x0a, 0xfd, 0xff, 0x06, 0xfd,
    0xfa, 0xf5, 0xfe, 0xf4, 0xf9, 0xf6, 0x05, 0xfe, 0xf8, 0x07, 0xf8, 0x05, 0xf8, 0x05, 0x00, 0xfc,
    0x03, 0x06, 0xf7, 0x06, 0x07, 0xff, 0x01, 0xff, 0x04, 0xf9, 0xfe, 0xfc, 0x01, 0xfb, 0xfe, 0xfa,
    0xf7, 0xfe, 0xf3, 0xff, 0x08, 0x04, 0xff, 0x00, 0xfc, 0xf1, 0x00, 0x00, 0xf8, 0x07, 0x03, 0xfd,
    0x00, 0xfc, 0x06, 0x0e, 0x01, 0x02, 0xfa, 0x16, 0x07, 0xfe, 0x06, 0xfc, 0xfc, 0x01, 0x07, 0x0b,
    0x02, 0x05, 0x0d, 0x00, 0x0c, 0xf2, 0xeb, 0xda, 0xf8, 0xf6, 0x09, 0xf5, 0xfa, 0x04, 0x00, 0xf8,
    0x13, 0xf8, 0xdb, 0xf5, 0xf1, 0xe1, 0xe2, 0x24, 0x18, 0x51, 0x39, 0x5b, 0x37, 0xfc, 0x17, 0x10,
    0x00, 0x18, 0x15, 0x06, 0x02, 0x07, 0xf5, 0x04, 0xf7, 0xf7, 0xfe, 0xfa, 0x02, 0x01, 0x01, 0x0c,
    0x02, 0x04, 0x03, 0xfc, 0x08, 0xfc, 0x03, 0x05, 0xf3, 0x03, 0xfb, 0xfe, 0x04, 0x06, 0xfd, 0x0a,
    0xfa, 0x03, 0xf1, 0xff, 0xf5, 0x01, 0x00, 0xff, 0x03, 0x02, 0xfa, 0x01, 0xfc, 0x02, 0xfd, 0xfb,
    0xff, 0xff, 0xfd, 0xfa, 0xf9, 0xfd, 0xf4, 0xfb, 0xfa, 0xf8, 0xf8, 0xf9, 0xf5, 0xf6, 0xf9, 0x04,
    0xf7, 0x0a, 0xf9, 0x06, 0xfc, 0x04, 0xf6, 0xeb, 0xf1, 0xfa, 0x00, 0x01, 0xf9, 0xf8, 0xf7, 0xfe,
    0x06, 0x0f, 0x0f, 0x06, 0xfa, 0xf8, 0x09, 0xff, 0x02, 0x01, 0x08, 0xfc, 0x0c, 0xf5, 0xfe, 0x00,
    0x02, 0x0a, 0xff, 0x08, 0x06, 0xfb, 0xef, 0x0e, 0x05, 0xfd, 0xff, 0xf1, 0xfd, 0x07, 0x0e, 0x0f,
    0xff, 0x10, 0xf5, 0xf4, 0xee, 0xec, 0x02, 0xf6, 0xf2, 0x03, 0x0b, 0x00, 0x28, 0x10, 0xfb, 0xec,
    0xc2, 0x9c, 0xb4, 0xbf, 0x0a, 0xf9, 0xff, 0xf7, 0xf7, 0xf6, 0x09, 0xfe, 0xfd, 0x07, 0x03, 0x06,
    0x01, 0x01, 0x01, 0xfe, 0xfe, 0x01, 0xfa, 0x00, 0xfd, 0x05, 0x00, 0xff, 0x00, 0x02, 0x03, 0x0a,
    0xfa, 0xfe, 0xeb, 0xf8, 0xf6, 0xfc, 0xfc, 0xfe, 0x03, 0xf8, 0x07, 0xfb, 0x04, 0xf7, 0x04, 0xff,
    0xfa, 0xfb, 0xf4, 0xf0, 0xf6, 0xee, 0xf0, 0xf1, 0xf5, 0xf4, 0xfb, 0xfb, 0xf5, 0xf2, 0xf6, 0xf0,
    0xf9, 0xf9, 0xf9, 0xfb, 0xea, 0xec, 0xec, 0xf2, 0xe9, 0xf2, 0xf2, 0xf8, 0xf5, 0xf8, 0xf1, 0xf6,
    0xf7, 0xff, 0x01, 0x00, 0xf9, 0xf3, 0xf5, 0xfa, 0xfc, 0x05, 0x00, 0xfd, 0xf2, 0xf4, 0xf9, 0xfb,
    0xfa, 0x03, 0xed, 0xf2, 0x01, 0xef, 0xf4, 0x17, 0x04, 0x09, 0x08, 0x04, 0x04, 0xea, 0x0d, 0x03,
    0xff, 0x02, 0xf3, 0xd9, 0xdb, 0xec, 0xfa, 0xe2, 0xde, 0xf5, 0xfe, 0x06, 0x23, 0x0a, 0x20, 0xdd,
    0xe4, 0xe9, 0xc2, 0xc3, 0x0e, 0xff, 0x00, 0xf8, 0xf5, 0xf6, 0x04, 0x02, 0x01, 0x04, 0x00, 0x08,
    0x07, 0x02, 0x04, 0xf7, 0x07, 0x02, 0xfd, 0x01, 0xf9, 0xff, 0x01, 0xfe, 0x00, 0x02, 0x08, 0x02,
    0x01, 0xf6, 0xfa, 0xf3, 0xfd, 0xfe, 0x02, 0xfa, 0x04, 0xf4, 0x00, 0xfd, 0x01, 0xf9, 0x04, 0xf8,
    0xff, 0xf5, 0xff, 0x06, 0x07, 0x00, 0xfb, 0xfc, 0xfd, 0xfe, 0xfb, 0xf9, 0xf5, 0xf5, 0xf5, 0xf9,
    0xfa, 0xf8, 0xf8, 0xf0, 0xef, 0xe3, 0xed, 0xeb, 0xe0, 0xdb, 0xe3, 0xda, 0xe9, 0xec, 0xe7, 0xf4,
    0xe8, 0xe7, 0xe8, 0xf5, 0xe3, 0xf3, 0xee, 0xf7, 0xf6, 0xf3, 0xf7, 0xf8, 0xe9, 0xce, 0xd8, 0xf0,
    0xef, 0xe4, 0xee, 0xe5, 0xe2, 0xf4, 0xf6, 0x08, 0x09, 0xf3, 0xfc, 0xf1, 0xf1, 0xfd, 0xff, 0xec,
    0xfe, 0x0d, 0xf3, 0xe6, 0xe3, 0xf2, 0x14, 0xf8, 0x0b, 0x08, 0x15, 0x13, 0x29, 0x13, 0x1f, 0xf0,
    0xdd, 0x03, 0xce, 0xdf, 0x11, 0xf5, 0xf8, 0x02, 0xfb, 0xff, 0xfd, 0xfe, 0xfd, 0xfe, 0x05, 0x03,
    0xfd, 0x04, 0xfe, 0x04, 0xfd, 0xff, 0x03, 0xf9, 0x02, 0xff, 0xfb, 0x07, 0xfe, 0x04, 0x08, 0xfb,
    0xf8, 0xfd, 0xf9, 0xf5, 0x0a, 0x05, 0xfd, 0x03, 0x03, 0x08, 0x02, 0xfe, 0x02, 0x04, 0xfe, 0xfd,
    0x05, 0x12, 0x1b, 0x32, 0x48, 0x59, 0x53, 0x22, 0x1c, 0x28, 0xff, 0x0f, 0x08, 0x08, 0x09, 0x0c,
    0x0e, 0x12, 0x0f, 0x39, 0x4e, 0x2e, 0x27, 0xfd, 0x0c, 0xfa, 0xfd, 0xf5, 0xf3, 0xf5, 0xfe, 0xff,
    0xf3, 0xf3, 0xec, 0x0a, 0xfa, 0xed, 0x0f, 0x27, 0xfd, 0xfa, 0xfb, 0xf0, 0xe9, 0xea, 0xe3, 0xeb,
    0x05, 0xe9, 0x0d, 0xd9, 0xe6, 0xd8, 0xf6, 0x08, 0xf0, 0xf0, 0xf1, 0xfb, 0xec, 0x08, 0x03, 0xd4,
    0x01, 0x0d, 0xfc, 0x27, 0x20, 0x25, 0x17, 0x45, 0x35, 0x0c, 0x1c, 0x22, 0x1f, 0x1f, 0xf3, 0x1d,
    0xf4, 0x1e, 0xef, 0x1b, 0x09, 0xfd, 0xff, 0x01, 0x03, 0xf9, 0xfa, 0x00, 0xfa, 0x06, 0x07, 0xff,
    0x00, 0x02, 0x07, 0xfb, 0x06, 0x02, 0xfe, 0xff, 0xfe, 0x02, 0xff, 0xff, 0x02, 0x05, 0x06, 0x06,
    0xfe, 0x05, 0xf7, 0xfb, 0x0c, 0xfd, 0x06, 0xff, 0x0a, 0xfe, 0x0d, 0xfa, 0x09, 0xfd, 0x02, 0xff,
    0x0c, 0x08, 0x1c, 0x12, 0x3d, 0x41, 0x60, 0x2b, 0x26, 0x22, 0x0e, 0x23, 0x13, 0x0b, 0x08, 0x03,
    0x05, 0x08, 0x0b, 0x46, 0x65, 0x49, 0x36, 0x02, 0x18, 0x1f, 0x0b, 0xfc, 0x03, 0xff, 0x0e, 0x04,
    0x08, 0xfe, 0x09, 0x1b, 0x14, 0xf6, 0x13, 0x2e, 0x0b, 0x09, 0xf6, 0xed, 0xe6, 0x10, 0xfc, 0xf2,
    0x0a, 0xe8, 0xfe, 0xf2, 0xff, 0x04, 0x01, 0x26, 0x18, 0x60, 0x7f, 0x67, 0x50, 0x59, 0x42, 0xf1,
    0xdc, 0xfd, 0xf0, 0x59, 0x24, 0x33, 0xf7, 0x47, 0x2b, 0xf1, 0x14, 0x14, 0xe8, 0xf3, 0xe2, 0xe2,
    0xc8, 0x16, 0x1d, 0x13, 0x14, 0x24, 0x28, 0xbe, 0xaa, 0xf1, 0x00, 0xf8, 0x04, 0x06, 0x02, 0x03,
    0x06, 0x06, 0x01, 0xfe, 0x04, 0x00, 0xfd, 0xf8, 0xfc, 0xfa, 0xfe, 0x04, 0x05, 0x00, 0x07, 0x01,
    0xf8, 0xf7, 0xf2, 0xf7, 0x02, 0xfa, 0x02, 0x05, 0xfd, 0x05, 0xfe, 0xfc, 0xfd, 0xf9, 0xff, 0xfc,
    0xf8, 0xf8, 0xf9, 0x04, 0xfd, 0xfc, 0xf7, 0xfd, 0xf9, 0xfc, 0xfe, 0x02, 0x02, 0xfe, 0x04, 0xf9,
    0xfe, 0xfe, 0xfe, 0xf8, 0xf9, 0xfa, 0xf5, 0xec, 0xf8, 0xfd, 0xf9, 0xfb, 0xf8, 0xf2, 0xf9, 0x03,
    0xfe, 0xfe, 0xfa, 0x03, 0xfd, 0xf4, 0xf7, 0xf7, 0x00, 0x08, 0x05, 0x0a, 0x08, 0x08, 0x04, 0x00,
    0x03, 0xf2, 0xfc, 0xfd, 0xf6, 0xfa, 0xf6, 0xde, 0xe8, 0xe2, 0xf1, 0xe3, 0xe7, 0xe7, 0xe3, 0xe9,
    0xf8, 0xfc, 0xf6, 0x01, 0x02, 0x08, 0xf5, 0xfa, 0xf5, 0xed, 0xea, 0xe8, 0xe7, 0xf1, 0xf0, 0x01,
    0xf3, 0xfa, 0x0c, 0x0d, 0x14, 0xfd, 0xe3, 0x91, 0x86, 0xf7, 0xfa, 0xfe, 0xfb, 0x04, 0x01, 0x08,
    0x05, 0x05, 0x04, 0x01, 0xff, 0x01, 0x03, 0xf4, 0xfe, 0xfa, 0x04, 0xfc, 0xfe, 0x09, 0x02, 0x06,
    0xfc, 0xf1, 0xf4, 0xf5, 0xfd, 0x00, 0x04, 0x00, 0x02, 0x04, 0xfb, 0xfe, 0xfc, 0xf9, 0xfe, 0xfb,
    0xfc, 0xf7, 0xfc, 0xfe, 0x05, 0x00, 0x00, 0xfd, 0xff, 0xfc, 0xfd, 0x03, 0x01, 0x08, 0xff, 0xfd,
    0x00, 0xfa, 0x00, 0x01, 0x06, 0x00, 0xf7, 0xed, 0x01, 0x01, 0x03, 0xff, 0xfe, 0xf8, 0x05, 0x09,
    0x08, 0x07, 0x08, 0x07, 0x00, 0xf7, 0x06, 0xfa, 0x05, 0x08, 0x10, 0x0e, 0x13, 0x13, 0x07, 0xf9,
    0xfa, 0xeb, 0xf9, 0xef, 0xf1, 0xf2, 0xf0, 0xe9, 0xe0, 0xf8, 0xfe, 0xfe, 0xff, 0x00, 0x15, 0x08,
    0x06, 0xfc, 0x04, 0x09, 0x07, 0xfd, 0xe8, 0xff, 0xf0, 0xe8, 0xe9, 0xe5, 0xe7, 0xfa, 0x0a, 0xf7,
    0xf1, 0x0f, 0x18, 0x27, 0x18, 0xdc, 0xcd, 0xc9, 0xd3, 0xfa, 0xfb, 0xf9, 0xfa, 0x02, 0x03, 0x01,
    0x05, 0x04, 0x04, 0xff, 0x00, 0xff, 0xff, 0xf8, 0xff, 0x01, 0x03, 0xfe, 0x04, 0x07, 0x03, 0x09,
    0xfc, 0xf8, 0xf2, 0xf4, 0xfd, 0xff, 0x02, 0x04, 0x05, 0x04, 0xfb, 0x01, 0xfc, 0x01, 0xfe, 0xfd,
    0xfd, 0xff, 0x00, 0xfd, 0x0a, 0x01, 0x0d, 0xfb, 0x05, 0x05, 0x03, 0x07, 0x07, 0x0b, 0x06, 0x04,
    0x00, 0xff, 0xfe, 0x04, 0x07, 0x00, 0xff, 0xf2, 0x05, 0x0e, 0x08, 0x01, 0x06, 0x00, 0x0c, 0x10,
    0x0d, 0x16, 0x15, 0x12, 0x0c, 0xfa, 0x0d, 0x11, 0x0b, 0x0b, 0x15, 0x13, 0x1e, 0x1a, 0x10, 0x00,
    0x05, 0xf9, 0xf8, 0xff, 0xf9, 0x00, 0xff, 0xf3, 0xf0, 0x07, 0x07, 0x14, 0x05, 0x0f, 0x12, 0x05,
    0xfb, 0xf3, 0x02, 0x03, 0x0e, 0xfe, 0xe2, 0x06, 0xf1, 0xeb, 0xf1, 0xed, 0xd9, 0x03, 0xe0, 0xf1,
    0x05, 0x07, 0x0f, 0x1f, 0x12, 0x25, 0x2c, 0x5e, 0x57, 0x0b, 0x00, 0xf7, 0xfe, 0xff, 0xfe, 0x06,
    0x03, 0x03, 0x01, 0xff, 0x03, 0x01, 0xfd, 0xfb, 0xf8, 0x03, 0x02, 0x05, 0x01, 0x08, 0x08, 0x01,
    0x03, 0xf4, 0xf4, 0xf7, 0xfb, 0xfc, 0x06, 0x02, 0x08, 0x06, 0xfd, 0x01, 0xff, 0xfc, 0xfc, 0x01,
    0xff, 0xfd, 0xfd, 0xfe, 0x03, 0xfb, 0x01, 0xfd, 0x01, 0xfe, 0x05, 0x07, 0x0c, 0x06, 0x05, 0x00,
    0x01, 0xfd, 0x00, 0x00, 0x01, 0xfd, 0xf7, 0xf2, 0x03, 0x07, 0x01, 0xfe, 0x00, 0xfa, 0x0b, 0x10,
    0x0c, 0x19, 0x14, 0x16, 0x0c, 0xfd, 0x10, 0x06, 0x0a, 0x16, 0x14, 0x13, 0x1c, 0x1f, 0x0a, 0xfc,
    0x02, 0xfb, 0xfa, 0x03, 0xfe, 0x06, 0x0c, 0x0a, 0x06, 0x04, 0x08, 0x0c, 0x0e, 0x0d, 0x00, 0xfb,
    0xf6, 0xfa, 0x06, 0x01, 0x0b, 0x06, 0xf9, 0x02, 0xf4, 0xf8, 0xe2, 0xdb, 0xca, 0xe2, 0xbf, 0xd5,
    0xfc, 0xe0, 0x0c, 0x0b, 0x14, 0x25, 0x26, 0x78, 0x7f, 0x0a, 0x04, 0xff, 0xf9, 0x09, 0x06, 0x01,
    0x07, 0x06, 0xfd, 0x00, 0xff, 0x06, 0xfe, 0xfc, 0xf3, 0x04, 0xfe, 0x04, 0x03, 0x07, 0x05, 0x02,
    0xfe, 0xf7, 0xf7, 0xfa, 0xfe, 0xfa, 0x05, 0x02, 0x02, 0x01, 0x03, 0xfe, 0xfa, 0xfd, 0xff, 0xff,
    0xfe, 0xfb, 0xfd, 0xfd, 0xff, 0xf9, 0xfc, 0xfc, 0xfc, 0xfe, 0x03, 0x00, 0x01, 0xfd, 0x01, 0xf9,
    0xf9, 0xff, 0xfd, 0xf9, 0xf9, 0xf5, 0xf0, 0xee, 0xf8, 0xf9, 0xf8, 0xf3, 0xef, 0xfa, 0xf9, 0x04,
    0x0a, 0x04, 0x10, 0x02, 0x04, 0xf8, 0xf9, 0xfc, 0x01, 0x07, 0x08, 0x0d, 0x00, 0x04, 0xf6, 0xfa,
    0xf9, 0xf5, 0xf2, 0xfd, 0xf9, 0x00, 0x05, 0x10, 0x06, 0x01, 0x00, 0xf4, 0x03, 0xf9, 0x03, 0xef,
    0xf5, 0x08, 0x05, 0xea, 0xfd, 0xfc, 0x02, 0xf4, 0xf3, 0xe1, 0xcd, 0xb4, 0xc3, 0xeb, 0xcd, 0xf5,
    0xf6, 0xec, 0xf8, 0xf5, 0xf6, 0xf0, 0xfe, 0x2a, 0x49, 0x06, 0x05, 0x01, 0x0d, 0x09, 0xff, 0x00,
    0x05, 0x04, 0x00, 0x04, 0x0a, 0x00, 0xff, 0xff, 0x04, 0x0a, 0x0d, 0x13, 0x05, 0xfa, 0x02, 0x02,
    0x06, 0x0d, 0xfd, 0x05, 0x01, 0x03, 0x05, 0x10, 0xf9, 0x06, 0x06, 0x03, 0x07, 0x03, 0x02, 0x00,
    0x05, 0xff, 0xfe, 0x0f, 0x07, 0x04, 0xfd, 0x03, 0xfd, 0x0b, 0xf8, 0x04, 0x07, 0xf8, 0x07, 0xf9,
    0xff, 0x06, 0x05, 0xfc, 0xfd, 0x02, 0x0b, 0x04, 0x11, 0x07, 0x02, 0x04, 0x03, 0xfd, 0x02, 0x0d,
    0xfc, 0x09, 0x03, 0xfe, 0x01, 0x0b, 0x0d, 0xf8, 0xfe, 0x01, 0xf8, 0x00, 0xfb, 0x09, 0xfe, 0xfc,
    0x0d, 0xf4, 0x0f, 0xfe, 0xf9, 0x16, 0x26, 0x24, 0x08, 0x02, 0x12, 0xf8, 0xfd, 0xfb, 0xf3, 0xe7,
    0xfc, 0x00, 0x13, 0x0e, 0x15, 0xf9, 0xf2, 0xf5, 0xbd, 0x90, 0x91, 0x84, 0x81, 0xe1, 0xc0, 0xe1,
    0xf6, 0x0a, 0x23, 0x2b, 0xf1, 0x0a, 0x0b, 0x4d, 0x53, 0x1c, 0xff, 0x09, 0x06, 0x09, 0x02, 0x06,
    0xfc, 0x01, 0x0b, 0x09, 0x04, 0x04, 0x07, 0xfe, 0x08, 0xfd, 0x0b, 0x06, 0xf9, 0x03, 0xfa, 0x05,
    0x03, 0x00, 0x05, 0x02, 0x04, 0x01, 0x09, 0x05, 0xf3, 0x08, 0xf6, 0x08, 0x02, 0xfd, 0x07, 0xfd,
    0x05, 0x03, 0xff, 0x03, 0x03, 0x08, 0xfe, 0x00, 0x09, 0xff, 0x01, 0xfb, 0xf8, 0xff, 0xf6, 0xf9,
    0x05, 0x01, 0x02, 0x08, 0x07, 0x04, 0x04, 0x0a, 0x0c, 0x04, 0x06, 0xff, 0x03, 0xf3, 0x09, 0x02,
    0x00, 0xfe, 0xfd, 0xf2, 0xff, 0x07, 0x0c, 0xf1, 0x01, 0xfc, 0x01, 0xfe, 0xff, 0x0b, 0xf9, 0xec,
    0xfe, 0xf8, 0x0d, 0xf5, 0x01, 0x07, 0x25, 0x3f, 0x10, 0x0d, 0x0b, 0xff, 0x0a, 0xf7, 0x0e, 0xf4,
    0xef, 0xfb, 0x18, 0x11, 0x04, 0x00, 0xf7, 0xef, 0xd1, 0xb4, 0xaf, 0x98, 0xb9, 0x03, 0xe6, 0xd9,
    0x01, 0x01, 0x28, 0x2b, 0xf9, 0x11, 0x13, 0x1d, 0x12, 0x0b, 0x03, 0x0e, 0x04, 0x0f, 0x04, 0xfb,
    0x0a, 0xfd, 0x10, 0x00, 0x01, 0xf8, 0x01, 0x01, 0x0f, 0x08, 0x0e, 0xfd, 0x02, 0x02, 0xf4, 0x0c,
    0xfe, 0x10, 0x00, 0x04, 0x00, 0x07, 0x0a, 0x0a, 0x06, 0x00, 0xfd, 0x0a, 0xff, 0x0d, 0x01, 0x03,
    0x04, 0x03, 0x0b, 0xf4, 0x0a, 0xf3, 0x0f, 0xf4, 0x09, 0x0a, 0x0a, 0xf6, 0xf9, 0xfa, 0xfe, 0x01,
    0x00, 0x00, 0x00, 0xfe, 0xfc, 0x06, 0x09, 0x07, 0x0a, 0x0c, 0x03, 0x00, 0x04, 0x05, 0xfb, 0xff,
    0xf7, 0x05, 0x03, 0xf5, 0x03, 0x08, 0x06, 0x06, 0xfc, 0xf6, 0x00, 0x00, 0xf8, 0xeb, 0xf4, 0xf9,
    0x09, 0x03, 0xf6, 0xfe, 0x0a, 0x08, 0x08, 0x2a, 0x0a, 0x13, 0x07, 0x08, 0x03, 0x03, 0x02, 0xfc,
    0xe7, 0xf8, 0x07, 0x00, 0xf4, 0x03, 0x01, 0xed, 0xe2, 0xd2, 0xd2, 0xc8, 0xd6, 0x21, 0xef, 0xf1,
    0x0e, 0xf3, 0x02, 0x03, 0xf3, 0xec, 0xeb, 0xba, 0xbd, 0xff, 0x05, 0xfc, 0x0a, 0xff, 0xf7, 0x0c,
    0xfa, 0x0a, 0x06, 0x00, 0x08, 0x05, 0x05, 0x05, 0x02, 0x07, 0x0a, 0x0c, 0xfe, 0x01, 0x02, 0xf6,
    0x06, 0xfe, 0x02, 0xff, 0x07, 0x06, 0x0b, 0x00, 0x0c, 0x05, 0xff, 0x07, 0x05, 0xfe, 0xfe, 0x04,
    0x09, 0xff, 0x03, 0x03, 0x02, 0xf9, 0xff, 0xfe, 0xfc, 0xfd, 0xfb, 0xf9, 0x01, 0xf6, 0xff, 0xfc,
    0x01, 0x00, 0x00, 0x02, 0xfc, 0x08, 0x04, 0x0b, 0x06, 0x03, 0x01, 0x03, 0x0d, 0xfe, 0x08, 0xfe,
    0xff, 0x0c, 0xf6, 0x00, 0x00, 0x02, 0x08, 0xf9, 0xff, 0x08, 0xfd, 0xf0, 0xfe, 0xf3, 0xf3, 0xf8,
    0x05, 0x09, 0x02, 0x0a, 0x0b, 0x0c, 0xff, 0x10, 0x0d, 0x01, 0x04, 0xff, 0x12, 0x04, 0x06, 0x0f,
    0x06, 0xfc, 0x16, 0x01, 0x04, 0x0a, 0x1d, 0xe9, 0xed, 0xe7, 0xde, 0xe4, 0xf2, 0xf5, 0xea, 0xe8,
    0xfd, 0xe5, 0x00, 0x03, 0xf7, 0x07, 0xee, 0xcb, 0xb7, 0xf1, 0x15, 0x09, 0xfa, 0x0c, 0x05, 0xfa,
    0x03, 0x0b, 0xfc, 0x06, 0xf9, 0x0a, 0x05, 0x0b, 0xfd, 0x0e, 0x02, 0xff, 0x00, 0x03, 0xfc, 0xf8,
    0xff, 0xfe, 0x03, 0x04, 0x05, 0xfa, 0x0b, 0xfd, 0xfe, 0x0c, 0x0a, 0x03, 0xff, 0x06, 0x01, 0x06,
    0x07, 0x02, 0x00, 0xfd, 0xfe, 0xfb, 0xf5, 0xff, 0x00, 0xf9, 0x00, 0xf9, 0xf9, 0xf1, 0x03, 0xf8,
    0x04, 0x09, 0x00, 0xfe, 0xf8, 0xfb, 0xf9, 0x08, 0x01, 0x06, 0xff, 0x05, 0xfe, 0x07, 0xff, 0xfa,
    0x04, 0x00, 0x06, 0xfe, 0x09, 0x09, 0x06, 0xfd, 0x04, 0x04, 0x06, 0x06, 0xf4, 0xfa, 0xf7, 0x09,
    0xff, 0x14, 0x0a, 0x08, 0x04, 0x05, 0x02, 0x05, 0x0e, 0xfc, 0x04, 0xfe, 0x11, 0xee, 0x2e, 0x1f,
    0x12, 0x0c, 0x1d, 0xf7, 0xf8, 0x10, 0x33, 0xf8, 0x10, 0xfd, 0x00, 0xfd, 0x11, 0x07, 0x10, 0xff,
    0x08, 0xee, 0xf1, 0x01, 0x8e, 0xf8, 0xfd, 0xe0, 0xd2, 0x01, 0x0f, 0x18, 0x14, 0x08, 0xef, 0xf4,
    0xfb, 0xff, 0x09, 0x06, 0xff, 0xfb, 0x09, 0x17, 0x21, 0x16, 0x11, 0x0c, 0xfc, 0xed, 0xe9, 0xf1,
    0xf8, 0x00, 0x02, 0x01, 0x0c, 0x0a, 0x0c, 0x0c, 0x02, 0x0a, 0x06, 0x01, 0x05, 0x07, 0xfb, 0xfb,
    0x04, 0x0b, 0x01, 0x06, 0x04, 0x10, 0x06, 0x05, 0x02, 0x0a, 0xff, 0xff, 0x00, 0x00, 0x03, 0x00,
    0xfe, 0xfb, 0xf6, 0x00, 0x04, 0xff, 0xed, 0xe1, 0xf8, 0x03, 0x01, 0xff, 0xfe, 0xfb, 0xf9, 0xeb,
    0xea, 0xf5, 0xec, 0xdb, 0xe1, 0xde, 0xf5, 0xe2, 0xe0, 0xdb, 0xd3, 0xdb, 0xe5, 0xea, 0xec, 0xf7,
    0xf5, 0xf8, 0x00, 0x00, 0xfe, 0x07, 0x06, 0x03, 0x03, 0xfd, 0xf2, 0xf0, 0xed, 0xeb, 0x04, 0xfc,
    0xf4, 0x0d, 0x07, 0xfc, 0xf1, 0xdf, 0xe6, 0xee, 0xe5, 0xe4, 0xed, 0xdf, 0x08, 0x1d, 0x04, 0xfd,
    0x19, 0x1c, 0x12, 0x16, 0x86, 0xf7, 0xf4, 0xdb, 0xcf, 0x07, 0x13, 0x1f, 0x22, 0x11, 0xf2, 0xf5,
    0xfb, 0x01, 0x05, 0x08, 0xff, 0x00, 0x0c, 0x1c, 0x2a, 0x21, 0x1c, 0x17, 0xff, 0xec, 0xef, 0xf1,
    0xfd, 0xff, 0x06, 0x03, 0x0d, 0x0c, 0x0f, 0x0b, 0xff, 0x09, 0x04, 0x01, 0xfe, 0x07, 0x01, 0x00,
    0x06, 0x0a, 0x01, 0x00, 0xfd, 0x03, 0x04, 0x01, 0x06, 0x01, 0xff, 0xfe, 0x01, 0x02, 0x04, 0xff,
    0xfe, 0xfb, 0xf4, 0xf9, 0x02, 0xf7, 0xe9, 0xda, 0x01, 0x01, 0xfd, 0xf8, 0xfa, 0xf8, 0xfd, 0xed,
    0xeb, 0xfb, 0xf3, 0xe4, 0xe4, 0xe3, 0xfc, 0xeb, 0xe2, 0xe6, 0xdc, 0xe4, 0xe7, 0xf8, 0xed, 0xf6,
    0xf6, 0xf9, 0xf9, 0xfa, 0x01, 0x06, 0x03, 0x09, 0x0e, 0x06, 0xff, 0x05, 0xf9, 0x03, 0x02, 0xfe,
    0xfc, 0x18, 0x16, 0x02, 0xfe, 0xf8, 0x00, 0x02, 0xfc, 0x04, 0x04, 0xf4, 0x12, 0x23, 0x06, 0x07,
    0x1b, 0x12, 0x06, 0xfd, 0x81, 0xea, 0xee, 0xf6, 0xfc, 0x08, 0x13, 0x21, 0x20, 0x0e, 0xf1, 0xf5,
    0xfe, 0x03, 0x04, 0x09, 0xfb, 0xfe, 0x0a, 0x1c, 0x2c, 0x1f, 0x1d, 0x11, 0x01, 0xec, 0xf0, 0xf7,
    0x01, 0x00, 0x01, 0x02, 0x0b, 0x09, 0x0e, 0x0d, 0x06, 0x0a, 0x08, 0x07, 0x05, 0x0c, 0x05, 0x02,
    0x0c, 0x0b, 0x0c, 0x0c, 0x0b, 0x0c, 0x0d, 0x09, 0x07, 0x0c, 0x08, 0x0a, 0x0a, 0x11, 0x14, 0x08,
    0x05, 0x01, 0xf8, 0xfc, 0x01, 0xf4, 0xf4, 0xe0, 0xf8, 0xfa, 0xfd, 0xfb, 0xfb, 0x07, 0x06, 0x02,
    0xfe, 0x01, 0xff, 0xee, 0xe7, 0xea, 0xfd, 0xf2, 0xe5, 0xe8, 0xe2, 0xef, 0xf1, 0xf8, 0xf1, 0xfd,
    0x04, 0x03, 0xf2, 0x02, 0x00, 0x06, 0x0e, 0x12, 0x11, 0x0b, 0x05, 0xfa, 0x02, 0x09, 0x09, 0x08,
    0x26, 0x31, 0x30, 0x26, 0x28, 0x2e, 0x22, 0x23, 0x2a, 0x1f, 0x0c, 0x0a, 0x22, 0x22, 0x01, 0xfd,
    0xf4, 0xf7, 0xfc, 0xf3, 0x88, 0xf7, 0x05, 0x25, 0x27, 0x0e, 0x12, 0x18, 0x1f, 0x0b, 0xed, 0xf4,
    0xfd, 0x04, 0x07, 0x09, 0x00, 0xff, 0x0b, 0x19, 0x21, 0x1d, 0x12, 0x0c, 0x02, 0xeb, 0xee, 0xf7,
    0x08, 0x05, 0xfc, 0xfe, 0x06, 0x08, 0x0f, 0x0f, 0x06, 0x09, 0x08, 0x08, 0x06, 0x0b, 0x05, 0xfe,
    0x0b, 0x09, 0x02, 0xfa, 0xfd, 0xf7, 0xfc, 0x00, 0xff, 0xf9, 0x05, 0x0a, 0x0e, 0x16, 0x19, 0x09,
    0x00, 0xfa, 0xf4, 0x01, 0xfa, 0x02, 0xeb, 0xe1, 0xfc, 0x06, 0x03, 0x08, 0x0a, 0x09, 0x0a, 0x09,
    0x05, 0x08, 0x08, 0xfc, 0xef, 0xe6, 0xf8, 0xeb, 0xeb, 0xe9, 0xe2, 0xf7, 0xfa, 0xfa, 0xf5, 0xfa,
    0x01, 0x03, 0xff, 0x03, 0x00, 0x08, 0x14, 0x20, 0x1e, 0x11, 0x16, 0x16, 0x17, 0x1c, 0x1f, 0x19,
    0x1e, 0x22, 0x21, 0x1d, 0x22, 0x23, 0x10, 0x15, 0x18, 0x14, 0x14, 0x0c, 0x22, 0x13, 0xf8, 0xe7,
    0xe5, 0xe2, 0xf5, 0xf9, 0x8f, 0xff, 0x0b, 0x27, 0x29, 0x0e, 0x11, 0x15, 0x1c, 0x06, 0xee, 0xf0,
    0xf8, 0x01, 0x04, 0x09, 0x00, 0xfd, 0x06, 0x15, 0x19, 0x12, 0x09, 0x04, 0xfb, 0xeb, 0xea, 0xf6,
    0x01, 0x01, 0xfe, 0x00, 0x01, 0x09, 0x0f, 0x0a, 0x03, 0x02, 0x0a, 0x00, 0x06, 0x07, 0x01, 0x00,
    0x00, 0x01, 0xfd, 0xf9, 0xef, 0xf1, 0xe8, 0xf9, 0xf5, 0xf1, 0x00, 0xfd, 0x05, 0x07, 0x07, 0xff,
    0xf8, 0xf3, 0xf0, 0xea, 0xe5, 0xe9, 0xe0, 0xd9, 0xfc, 0xfc, 0x03, 0xff, 0xff, 0x04, 0x00, 0xff,
    0xfa, 0xfa, 0xfa, 0xe2, 0xe4, 0xe5, 0xef, 0xe3, 0xdf, 0xdb, 0xd4, 0xe9, 0xef, 0xe5, 0xe5, 0xf3,
    0xf2, 0xf9, 0xfd, 0x04, 0x00, 0x13, 0x24, 0x20, 0x1f, 0x22, 0x1d, 0x2d, 0x1f, 0x18, 0x2d, 0x14,
    0x0e, 0x02, 0x0a, 0xf7, 0xff, 0xfc, 0xf7, 0xee, 0xef, 0x03, 0x08, 0xf7, 0x0f, 0x0f, 0xec, 0xf4,
    0xe2, 0xf7, 0xf8, 0x00, 0x2b, 0x08, 0x06, 0x03, 0xf9, 0xfe, 0xff, 0x00, 0x04, 0x03, 0x07, 0x07,
    0x07, 0xfe, 0x01, 0x05, 0x00, 0x06, 0xfd, 0x09, 0xf7, 0x06, 0xff, 0x04, 0x02, 0x09, 0x11, 0x01,
    0x07, 0xfc, 0x00, 0xf9, 0x01, 0xfc, 0x06, 0xf6, 0x04, 0xfe, 0x01, 0xfe, 0x08, 0xfa, 0x05, 0xfe,
    0x08, 0xfc, 0xf8, 0xe7, 0xf8, 0xe6, 0xf9, 0xfc, 0xf2, 0xfa, 0x00, 0xf2, 0xf4, 0xe6, 0xf8, 0xed,
    0xf9, 0xfb, 0x01, 0xf2, 0xf4, 0xfa, 0xec, 0x02, 0xee, 0xfe, 0xf2, 0xfe, 0xfb, 0xf9, 0xfa, 0xef,
    0xf0, 0x07, 0xfa, 0x02, 0x02, 0x03, 0xf7, 0xf6, 0xff, 0x01, 0xff, 0xfd, 0xf2, 0xee, 0xef, 0xf9,
    0xf4, 0xe9, 0x00, 0xea, 0xf2, 0xf8, 0xf1, 0x22, 0x08, 0x0d, 0xfd, 0xef, 0xfe, 0xe4, 0xf7, 0xf7,
    0xf2, 0xff, 0xf7, 0xf6, 0xe4, 0xea, 0xff, 0xee, 0xd0, 0xf5, 0xfa, 0x0f, 0x23, 0x08, 0xfe, 0xc9,
    0xe1, 0x00, 0xd9, 0xb8, 0x22, 0xfa, 0x04, 0xf7, 0xe8, 0xf5, 0x06, 0xfa, 0x0b, 0x06, 0x0c, 0x07,
    0x08, 0x06, 0x00, 0x04, 0xfd, 0x09, 0xff, 0x06, 0x0a, 0xff, 0xff, 0x0e, 0x08, 0x03, 0x09, 0x04,
    0x09, 0xf6, 0x01, 0xfd, 0xf6, 0x08, 0xfc, 0xfd, 0xfe, 0x07, 0xff, 0x0a, 0xf7, 0x06, 0xfe, 0xfd,
    0xff, 0xfd, 0x09, 0x1a, 0x03, 0x09, 0xf7, 0x09, 0xff, 0x06, 0xfd, 0xf8, 0xf4, 0xe3, 0xe8, 0x00,
    0x02, 0xff, 0xf6, 0xf1, 0xf6, 0xec, 0x04, 0xfe, 0xee, 0xe2, 0xed, 0xf3, 0xee, 0xff, 0xea, 0xe8,
    0xee, 0xe5, 0xed, 0xfb, 0xf1, 0xfe, 0x06, 0x13, 0x06, 0xe7, 0x00, 0xf5, 0xe3, 0xd2, 0xe7, 0xf4,
    0xfc, 0x03, 0x29, 0xfb, 0x03, 0x0a, 0x01, 0x18, 0x12, 0x04, 0xfe, 0xf5, 0xf9, 0xf8, 0xf4, 0xe7,
    0xfe, 0xfb, 0xed, 0xe0, 0xf3, 0xea, 0x0b, 0x0a, 0x00, 0x13, 0x0f, 0x10, 0x1c, 0x19, 0x1a, 0x00,
    0x0f, 0xf2, 0xdb, 0xeb, 0x25, 0xf4, 0xf7, 0xfe, 0xf4, 0xfc, 0x00, 0xfd, 0x02, 0xfb, 0x0b, 0x07,
    0x0b, 0xff, 0x05, 0xfd, 0x05, 0x02, 0xfd, 0x05, 0x02, 0x04, 0x09, 0xff, 0x09, 0x03, 0x0b, 0xf8,
    0x0a, 0xf5, 0xff, 0xf7, 0x13, 0x03, 0x05, 0x01, 0xf8, 0xff, 0x02, 0xfa, 0x0e, 0x04, 0xfa, 0x05,
    0x02, 0x20, 0x20, 0x37, 0x49, 0x5e, 0x5d, 0x27, 0x15, 0x2c, 0xef, 0x04, 0x08, 0xf9, 0x07, 0x11,
    0x0a, 0x17, 0x17, 0x54, 0x64, 0x51, 0x3c, 0x08, 0x1b, 0x1c, 0x0c, 0x02, 0xfb, 0xff, 0x0f, 0xfb,
    0xf8, 0x03, 0xf4, 0x04, 0x0c, 0x0c, 0x21, 0x20, 0x07, 0x08, 0x06, 0xf2, 0xe8, 0x06, 0x03, 0xfc,
    0x0f, 0x09, 0x1c, 0xfb, 0xfb, 0xe0, 0x01, 0x02, 0xf1, 0xde, 0xda, 0xdd, 0xd8, 0x0b, 0xca, 0xdf,
    0xe7, 0x01, 0xfe, 0x4b, 0x28, 0x23, 0x1e, 0x42, 0x20, 0xf6, 0x03, 0x17, 0x16, 0x1d, 0x2a, 0x2c,
    0x17, 0x28, 0x19, 0x14, 0x27, 0x01, 0x0e, 0x08, 0x12, 0xf7, 0xfe, 0xf7, 0x0f, 0xfa, 0x12, 0x00,
    0x10, 0x02, 0x07, 0xfd, 0x04, 0x09, 0xf9, 0x00, 0xfd, 0x03, 0xfa, 0xfb, 0x00, 0x09, 0x0e, 0x03,
    0xff, 0x01, 0xfd, 0xfc, 0xff, 0xfb, 0x02, 0x01, 0xfd, 0xff, 0x03, 0x01, 0xff, 0x0c, 0xfd, 0x03,
    0x03, 0xfc, 0xfc, 0xf9, 0x08, 0x10, 0x1c, 0x0f, 0x1d, 0x00, 0x1a, 0x0a, 0x00, 0xf8, 0xf0, 0xf0,
    0xfa, 0x06, 0xf6, 0x12, 0x20, 0x1a, 0x0c, 0x08, 0x04, 0x1a, 0xf8, 0xf7, 0x04, 0xfa, 0x06, 0xe9,
    0xeb, 0xfa, 0x01, 0x0e, 0x18, 0xfe, 0x0c, 0x13, 0x09, 0x0b, 0xfd, 0xe8, 0xe5, 0x14, 0xf7, 0xf7,
    0xee, 0xf0, 0xea, 0xf0, 0x15, 0x0e, 0x08, 0x26, 0x27, 0x71, 0x66, 0x28, 0x44, 0x2a, 0x05, 0xf4,
    0xc5, 0xea, 0xfe, 0x24, 0xea, 0x10, 0xfc, 0x05, 0xf8, 0xeb, 0x01, 0x13, 0xfd, 0xf1, 0x37, 0xc4,
    0xdb, 0x2a, 0x11, 0x24, 0x21, 0x04, 0x02, 0x1c, 0x10, 0xfc, 0x03, 0x03, 0x0e, 0xfa, 0x08, 0x09,
    0x04, 0x02, 0x05, 0xfe, 0x08, 0x09, 0x04, 0x05, 0xff, 0xfc, 0xfe, 0x07, 0xfc, 0x04, 0x04, 0x05,
    0xef, 0x00, 0xfb, 0xf8, 0x01, 0xff, 0xff, 0x01, 0x01, 0x08, 0xff, 0xff, 0xff, 0xf5, 0xfc, 0x03,
    0x02, 0xf3, 0x06, 0x06, 0x0b, 0x08, 0x01, 0x27, 0x29, 0x20, 0x3b, 0x1c, 0xfd, 0xfe, 0xfa, 0xf5,
    0xf9, 0xf5, 0xfb, 0x09, 0x0d, 0x0f, 0x0c, 0xfc, 0x15, 0xf5, 0x11, 0x06, 0x10, 0xf8, 0xfb, 0xff,
    0xf1, 0xf6, 0xf7, 0x03, 0x02, 0xfb, 0xe9, 0x09, 0x0c, 0x03, 0xfa, 0xff, 0x01, 0xfa, 0x17, 0x25,
    0x1c, 0x3a, 0x40, 0x7f, 0x68, 0x6c, 0x3e, 0x00, 0x28, 0x2f, 0x62, 0x68, 0x34, 0x1f, 0x25, 0x22,
    0x0b, 0xcb, 0x03, 0x04, 0x00, 0x06, 0xf8, 0xe5, 0xe7, 0xfd, 0xf8, 0x11, 0xfe, 0xb8, 0xf0, 0xfb,
    0xca, 0xba, 0xd5, 0xef, 0x2c, 0x06, 0xfc, 0x12, 0x11, 0x01, 0x06, 0x07, 0x08, 0x0c, 0x15, 0x18,
    0x17, 0x11, 0x08, 0x0c, 0x0c, 0x11, 0x0d, 0x0e, 0x08, 0x07, 0x08, 0x0a, 0x0b, 0x1c, 0x19, 0x12,
    0x11, 0x03, 0x0a, 0x05, 0x09, 0x0a, 0x04, 0x08, 0x0c, 0x04, 0x0e, 0x09, 0x11, 0x13, 0x0c, 0x09,
    0x0e, 0x0c, 0x0a, 0x0d, 0x0b, 0x23, 0x1b, 0x04, 0x08, 0x0d, 0xfb, 0xf7, 0xf2, 0xf1, 0xfc, 0xfa,
    0xfd, 0x00, 0x09, 0x1a, 0x15, 0x10, 0x0d, 0x13, 0x04, 0x0b, 0x0b, 0x07, 0x04, 0x0a, 0x02, 0x03,
    0x0a, 0xf9, 0xfc, 0x0c, 0x10, 0x07, 0xf9, 0x0d, 0x12, 0x08, 0x09, 0xf8, 0xe6, 0xe1, 0xeb, 0xf3,
    0xee, 0xf4, 0xe9, 0xec, 0xf1, 0xe3, 0xee, 0x21, 0x09, 0x16, 0x02, 0x0e, 0x05, 0x08, 0x03, 0x03,
    0xde, 0xcf, 0xc2, 0xd5, 0xb7, 0xbc, 0xdd, 0xda, 0xe9, 0x00, 0x21, 0x31, 0x2a, 0x0f, 0x30, 0x18,
    0x47, 0x35, 0xf0, 0xea, 0x31, 0x09, 0x00, 0x17, 0x14, 0xfb, 0x07, 0x0a, 0x07, 0x16, 0x19, 0x13,
    0x17, 0x14, 0x01, 0x06, 0x12, 0x0f, 0x0c, 0x08, 0x0d, 0x10, 0x06, 0x14, 0x12, 0x1c, 0x1f, 0x0f,
    0x05, 0x06, 0x0c, 0x03, 0x02, 0x08, 0xff, 0x07, 0x05, 0x03, 0x0c, 0x0a, 0x0b, 0x12, 0x0d, 0x0d,
    0x05, 0x07, 0x03, 0x04, 0x01, 0x01, 0x03, 0x05, 0x04, 0x01, 0x08, 0xfe, 0xf6, 0xed, 0xfc, 0xfb,
    0xfe, 0x00, 0x03, 0xfc, 0xff, 0xf6, 0x07, 0x13, 0x08, 0x06, 0xff, 0xfb, 0xfb, 0xf9, 0xf1, 0xf4,
    0xef, 0xe1, 0xe5, 0x04, 0x0f, 0x05, 0xf2, 0x07, 0x0a, 0x0d, 0x0e, 0xfb, 0xe6, 0xec, 0xf4, 0xfe,
    0xf5, 0xfa, 0xf2, 0xf9, 0xfe, 0xf4, 0xf7, 0xe8, 0xed, 0xef, 0xe7, 0xe7, 0xd2, 0xe0, 0xba, 0xbb,
    0xab, 0xb3, 0xb5, 0xdb, 0xb1, 0xde, 0xe3, 0xd4, 0xf2, 0x07, 0x1f, 0x1a, 0xff, 0xdd, 0xe4, 0xec,
    0xf1, 0xdb, 0x94, 0xa6, 0x2d, 0x0b, 0x0c, 0x02, 0x06, 0xf8, 0x03, 0x0a, 0x0c, 0x13, 0x1c, 0x1b,
    0x17, 0x1b, 0x04, 0x0c, 0x12, 0x17, 0x08, 0x0c, 0x08, 0x0f, 0x05, 0x09, 0x10, 0x1b, 0x1f, 0x0f,
    0x0a, 0xfa, 0x07, 0x04, 0x02, 0x01, 0x01, 0x06, 0x09, 0x06, 0x09, 0x0a, 0x0c, 0x0a, 0x0f, 0x09,
    0x03, 0x05, 0x08, 0x09, 0x01, 0xf9, 0xfe, 0x0b, 0x05, 0x04, 0x0d, 0x01, 0xf2, 0xf9, 0xfc, 0xfe,
    0x00, 0x09, 0x00, 0xfe, 0xf3, 0x03, 0x05, 0x0e, 0xf7, 0xe3, 0xf3, 0xee, 0xf6, 0xeb, 0xe4, 0xec,
    0xec, 0xc1, 0xcf, 0xea, 0xf8, 0x00, 0xdb, 0xe9, 0x04, 0x02, 0x10, 0xfe, 0xeb, 0xe2, 0xdf, 0xf6,
    0xf2, 0xe4, 0xee, 0xe9, 0xf9, 0xd5, 0xcf, 0xad, 0xbf, 0xcd, 0xc8, 0xdc, 0xda, 0xd0, 0xda, 0xd4,
    0xe5, 0xd3, 0xd5, 0xea, 0xdb, 0x32, 0x05, 0xdb, 0x02, 0xf6, 0xf2, 0x05, 0xe1, 0x9e, 0xe2, 0xe9,
    0xc3, 0xc9, 0xc9, 0xc6, 0x2e, 0x05, 0x01, 0xf2, 0xee, 0xf9, 0x01, 0x0a, 0x09, 0x13, 0x19, 0x17,
    0x12, 0x16, 0x08, 0x0b, 0x0f, 0x0e, 0x09, 0x0d, 0x08, 0x09, 0x05, 0x04, 0x17, 0x19, 0x16, 0x18,
    0x00, 0x0b, 0xff, 0x02, 0x02, 0x03, 0x05, 0x09, 0x06, 0x03, 0x0c, 0x0a, 0x0a, 0x0d, 0x0f, 0x04,
    0x07, 0xfa, 0x02, 0x02, 0xfe, 0xfc, 0xfb, 0x08, 0xfe, 0xfc, 0xf9, 0x00, 0xfa, 0x01, 0xfe, 0x04,
    0xfd, 0x00, 0xfb, 0x08, 0x00, 0x1d, 0x0d, 0x0c, 0x04, 0xed, 0x05, 0x07, 0x16, 0x02, 0xf5, 0xfd,
    0xf9, 0xd8, 0xea, 0xf8, 0xfe, 0xf7, 0xdc, 0x01, 0x12, 0xfe, 0x18, 0x0c, 0x0b, 0xeb, 0x01, 0x03,
    0xfc, 0xf7, 0x02, 0xf9, 0xf4, 0xce, 0xb4, 0x81, 0xac, 0xd4, 0xf2, 0x0e, 0xfa, 0x07, 0x36, 0x1e,
    0x0f, 0xda, 0xd1, 0xe6, 0xe9, 0x0b, 0xf5, 0xe7, 0xf7, 0xe6, 0xe8, 0x04, 0xcc, 0xa0, 0xe6, 0xdd,
    0xcb, 0xdd, 0xd1, 0xf3, 0x2d, 0xff, 0xf9, 0xe8, 0xdd, 0xfb, 0xfe, 0x08, 0x08, 0x0c, 0x11, 0x16,
    0x13, 0x14, 0x06, 0x0a, 0x08, 0x11, 0x0a, 0x02, 0x12, 0x06, 0x06, 0x09, 0x13, 0x11, 0x1a, 0x18,
    0x05, 0x02, 0x00, 0x02, 0xfb, 0x06, 0x00, 0x0d, 0x08, 0x04, 0x02, 0x07, 0x0c, 0x0d, 0x04, 0x05,
    0x01, 0x03, 0xff, 0x03, 0xf5, 0xf8, 0xe1, 0xf1, 0xfa, 0xe8, 0xfa, 0xff, 0x02, 0x00, 0xfb, 0x00,
    0xfb, 0xf3, 0x01, 0x03, 0xfb, 0xfa, 0x04, 0x0c, 0x0b, 0x09, 0x15, 0x16, 0x15, 0x10, 0x13, 0x0a,
    0x0e, 0x0c, 0x0e, 0x1f, 0x0c, 0x00, 0x06, 0x21, 0x1b, 0x16, 0x13, 0x1a, 0x1f, 0x16, 0x2f, 0x23,
    0x10, 0x1d, 0x26, 0x13, 0x21, 0xf8, 0xe7, 0x98, 0xdf, 0x13, 0x30, 0x56, 0x2c, 0x40, 0x40, 0x50,
    0x2d, 0xe6, 0xd8, 0xf3, 0xf7, 0xd8, 0xe5, 0x01, 0xf9, 0x12, 0x0a, 0x0d, 0xd7, 0xb1, 0xfc, 0xdf,
    0xd7, 0x03, 0xf9, 0x0b, 0x10, 0x01, 0xf7, 0xfe, 0xf6, 0xfa, 0xfe, 0xf6, 0xfc, 0x05, 0xff, 0x05,
    0x00, 0x02, 0xfe, 0xff, 0x02, 0xff, 0x02, 0xff, 0xf9, 0xf9, 0xff, 0xf5, 0x07, 0xfd, 0x01, 0xfa,
    0xf2, 0xfb, 0xf2, 0xf6, 0x04, 0xfa, 0x05, 0xff, 0xfa, 0x00, 0xf5, 0xfa, 0xff, 0xf8, 0x00, 0xff,
    0xf7, 0xfa, 0xff, 0xfe, 0xf8, 0x07, 0xfc, 0x01, 0x00, 0xff, 0xfd, 0xfe, 0xf4, 0xf0, 0xff, 0xf1,
    0xfb, 0xfb, 0xfd, 0xfb, 0x0a, 0x07, 0x04, 0xf9, 0xf8, 0x08, 0x01, 0x06, 0x02, 0x01, 0xfc, 0xfc,
    0xfa, 0xf4, 0xf3, 0xfc, 0x05, 0xf9, 0xfb, 0xfb, 0xfb, 0xfe, 0xfb, 0xfb, 0xf8, 0xf3, 0x02, 0xfc,
    0x05, 0x02, 0x11, 0xfb, 0x06, 0xf3, 0xf6, 0xce, 0xf4, 0x04, 0x0c, 0x1b, 0xfb, 0xfa, 0x36, 0x20,
    0xfc, 0xf4, 0xea, 0x09, 0xe4, 0x19, 0x04, 0xea, 0xf8, 0xef, 0x18, 0x17, 0x1e, 0xed, 0x3c, 0xe7,
    0xea, 0x0f, 0xf0, 0x09, 0x12, 0x04, 0xf8, 0xf2, 0xf9, 0xf4, 0xfa, 0xfa, 0xf4, 0x04, 0xf6, 0x04,
    0x01, 0x02, 0xfc, 0xff, 0xfd, 0xfa, 0x02, 0xf4, 0x02, 0xfb, 0x06, 0xf5, 0xfd, 0x09, 0xfc, 0xfc,
    0xfc, 0xf7, 0xfc, 0xf8, 0xf7, 0x03, 0x04, 0xf4, 0x04, 0xf9, 0xfe, 0xfb, 0x00, 0xfc, 0xf9, 0xfa,
    0xff, 0xf5, 0xfb, 0xfd, 0x04, 0x07, 0x07, 0x04, 0x00, 0xff, 0xfc, 0xff, 0xf4, 0xf4, 0xf2, 0xf7,
    0x04, 0x00, 0xfb, 0x06, 0xfe, 0x0d, 0x04, 0xf8, 0x06, 0x03, 0x00, 0x04, 0xff, 0xfd, 0x01, 0xf8,
    0xfc, 0xe8, 0xed, 0xff, 0x02, 0xf9, 0x08, 0xff, 0x04, 0xfe, 0x0e, 0xf8, 0xfc, 0xfa, 0xfd, 0xff,
    0xfa, 0x03, 0x08, 0x05, 0x0d, 0xfc, 0xf6, 0xc8, 0xe9, 0x10, 0x19, 0x29, 0x02, 0xfd, 0x46, 0x1d,
    0xe8, 0xda, 0xd8, 0xfd, 0xcf, 0xf7, 0xe2, 0xe5, 0xf1, 0xee, 0x1b, 0x22, 0xfc, 0xe9, 0x12, 0x1f,
    0x0e, 0x29, 0xf2, 0x1e, 0x16, 0xf8, 0x06, 0xef, 0xf9, 0xf3, 0xfd, 0xee, 0xfb, 0x06, 0x00, 0x02,
    0x00, 0x02, 0xff, 0xfe, 0x01, 0xfe, 0x02, 0xfd, 0x00, 0xfb, 0xf7, 0xfc, 0xfb, 0x05, 0x06, 0xfa,
    0xfd, 0x00, 0xf8, 0xf7, 0x00, 0x00, 0xf9, 0xfb, 0xff, 0x00, 0xfa, 0xfd, 0x01, 0xef, 0x03, 0xfc,
    0xfc, 0x00, 0x04, 0xfc, 0x01, 0x05, 0x0b, 0x02, 0x03, 0x05, 0x01, 0xfa, 0xf7, 0xf8, 0xfa, 0xf5,
    0xfc, 0xff, 0xf9, 0xfa, 0x00, 0xff, 0x00, 0xfe, 0x03, 0xff, 0x01, 0xf9, 0x05, 0xf8, 0xf9, 0xef,
    0xfb, 0xec, 0xf0, 0xff, 0x07, 0xfb, 0xfb, 0x04, 0x08, 0x08, 0x04, 0x01, 0x08, 0x03, 0xfa, 0x0d,
    0x05, 0x0c, 0x00, 0x11, 0x0e, 0xff, 0xee, 0xc9, 0xf1, 0x09, 0x0e, 0x33, 0x0d, 0x08, 0x28, 0x1d,
    0xf8, 0xf1, 0xdb, 0xef, 0xe1, 0x11, 0xfa, 0xfe, 0x0b, 0x11, 0x13, 0x2f, 0xf0, 0xd0, 0xfa, 0x2c,
    0x17, 0x13, 0x01, 0x0e, 0x12, 0x00, 0xff, 0x03, 0xfc, 0xf4, 0x00, 0xf8, 0xf4, 0x02, 0xfb, 0x02,
    0xf9, 0x00, 0x01, 0xfa, 0x03, 0xfa, 0xfb, 0xf7, 0xfe, 0xfd, 0xfb, 0x00, 0xff, 0x03, 0x05, 0xf7,
    0xfc, 0xfe, 0xf5, 0xff, 0xf7, 0xfc, 0x04, 0xfb, 0x01, 0x02, 0xfd, 0xfa, 0xfc, 0xfb, 0x00, 0xfc,
    0xfd, 0xf7, 0x00, 0xf6, 0x01, 0xf7, 0xfc, 0xfe, 0x00, 0xf2, 0x02, 0xfc, 0x04, 0xfc, 0xf9, 0xf6,
    0xf6, 0xf0, 0xfe, 0xf4, 0xfa, 0xf6, 0xf4, 0xfd, 0xfd, 0xf1, 0xfa, 0xf8, 0xfd, 0xf8, 0xfb, 0xff,
    0xfc, 0xf5, 0x01, 0x08, 0xfe, 0xfa, 0xf7, 0x06, 0x10, 0x11, 0xfc, 0x0c, 0x0a, 0x0b, 0x09, 0x19,
    0x0f, 0x0f, 0x03, 0x13, 0x22, 0xf0, 0xf0, 0xe0, 0xfe, 0xff, 0x02, 0x1c, 0x0c, 0x20, 0xfc, 0x2e,
    0x21, 0x1a, 0xf7, 0xfa, 0xf5, 0x12, 0x1a, 0x23, 0x2a, 0x49, 0x08, 0x1d, 0xff, 0xc8, 0x0b, 0x36,
    0xff, 0xeb, 0xf6, 0xeb, 0x0c, 0xf9, 0x07, 0x00, 0x00, 0xf5, 0xff, 0x03, 0xf7, 0x0c, 0x00, 0xfe,
    0xfc, 0x00, 0xff, 0xfb, 0xfa, 0x02, 0xfe, 0xf8, 0xfd, 0xfe, 0xfd, 0x02, 0x00, 0x00, 0x01, 0xfe,
    0xf6, 0xf6, 0xf6, 0xf5, 0xfa, 0xfa, 0x05, 0x00, 0xfb, 0xfd, 0xfe, 0xfc, 0xf8, 0xf9, 0xff, 0xf4,
    0xfb, 0xfc, 0xf6, 0xff, 0xf5, 0xff, 0xe9, 0xf7, 0xf3, 0xf4, 0xfc, 0xfc, 0xf9, 0xfe, 0xfc, 0xfb,
    0xf8, 0xf1, 0xfc, 0xf4, 0xf2, 0xf0, 0xed, 0xfe, 0xe9, 0xee, 0xf5, 0xf7, 0xef, 0xff, 0xf1, 0xfc,
    0x07, 0xf8, 0x09, 0x0e, 0xfc, 0xfb, 0xf0, 0x0b, 0x09, 0x0a, 0xf8, 0x0c, 0x03, 0xff, 0x13, 0x1d,
    0x14, 0x0f, 0xff, 0x0e, 0x1f, 0xf6, 0xee, 0xd9, 0x01, 0xf1, 0xed, 0xf1, 0x03, 0x03, 0xe3, 0x1a,
    0x50, 0x42, 0x0b, 0xfa, 0x1b, 0xfd, 0x31, 0x2b, 0x50, 0x7f, 0x36, 0x52, 0x4b, 0x09, 0x44, 0x44,
    0x01, 0x14, 0xf6, 0xdd, 0xb1, 0x4e, 0x48, 0x06, 0xc9, 0x07, 0x18, 0x2e, 0x28, 0x1e, 0x0e, 0x0c,
    0x0b, 0x16, 0x18, 0x16, 0x03, 0x12, 0x10, 0x2b, 0x38, 0x2d, 0x0f, 0x17, 0x12, 0x0a, 0xfe, 0x06,
    0x07, 0x13, 0x15, 0x09, 0x09, 0x0e, 0x16, 0x0f, 0x09, 0x1b, 0x0f, 0x16, 0x18, 0x12, 0x0d, 0x0a,
    0x0d, 0x17, 0x12, 0x04, 0xfc, 0xf3, 0xe6, 0x04, 0xfb, 0xf6, 0x11, 0xf0, 0xe7, 0xf6, 0xfc, 0xff,
    0xf1, 0xff, 0x02, 0xe9, 0xe7, 0xf0, 0xf7, 0x17, 0xfc, 0xdf, 0xea, 0xe2, 0xec, 0xee, 0xdb, 0xda,
    0xd6, 0xd5, 0xd6, 0xd5, 0xe1, 0xf4, 0xca, 0xd2, 0xe9, 0xe4, 0xd7, 0xd4, 0xb0, 0x9d, 0xad, 0xdf,
    0xe2, 0xf9, 0xe3, 0xff, 0x05, 0x05, 0x1c, 0x43, 0x36, 0x17, 0x1e, 0x2a, 0x11, 0x02, 0x0a, 0xf4,
    0xda, 0xe4, 0xe2, 0xc7, 0xce, 0xf6, 0xed, 0xc3, 0xd9, 0xdf, 0xfc, 0xf2, 0x19, 0xfa, 0xfd, 0xf7,
    0xd9, 0xd8, 0xd6, 0xda, 0xb1, 0x06, 0x0c, 0xb6, 0x9d, 0x00, 0x22, 0x33, 0x39, 0x29, 0x08, 0x12,
    0x11, 0x19, 0x18, 0x14, 0x11, 0x0e, 0x1a, 0x3c, 0x3d, 0x3c, 0x28, 0x1d, 0x1c, 0xff, 0x06, 0xf8,
    0x03, 0x0e, 0x11, 0x0f, 0x0f, 0x1c, 0x11, 0x18, 0x13, 0x0b, 0x15, 0x10, 0x1c, 0x27, 0x10, 0x0f,
    0x0c, 0x12, 0x08, 0x0b, 0x09, 0x01, 0xfe, 0x00, 0xf9, 0xff, 0xee, 0xec, 0xe2, 0xf0, 0xf2, 0x02,
    0xe8, 0x00, 0x07, 0x00, 0xfe, 0x09, 0x0b, 0x1a, 0xfa, 0xf8, 0xf8, 0x08, 0xfb, 0x02, 0xea, 0xdc,
    0xdd, 0xd0, 0xc6, 0xd0, 0xce, 0xf4, 0xc9, 0xd9, 0xd1, 0xcf, 0xb6, 0xc4, 0xaa, 0x81, 0xb4, 0xea,
    0xe4, 0xf8, 0x05, 0x11, 0xf6, 0x00, 0x0a, 0x1e, 0x1b, 0x15, 0xf1, 0xf3, 0xe8, 0xed, 0xed, 0xe3,
    0xde, 0xd9, 0xd4, 0xae, 0xbc, 0xa5, 0xcf, 0x9c, 0x97, 0xa1, 0xc7, 0xc4, 0x1b, 0xea, 0xe9, 0xe9,
    0xc6, 0xf0, 0xf0, 0xed, 0xb0, 0xab, 0xae, 0xb5, 0xea, 0xff, 0x26, 0x27, 0x3f, 0x1e, 0x05, 0x0f,
    0x0d, 0x1d, 0x0c, 0x1a, 0x0f, 0x1b, 0x27, 0x3c, 0x43, 0x36, 0x31, 0x30, 0x18, 0x03, 0x0b, 0xfe,
    0x04, 0x0a, 0x17, 0x0b, 0x12, 0x17, 0x15, 0x0e, 0x09, 0x16, 0x11, 0x1a, 0x1d, 0x1d, 0x14, 0x0a,
    0x16, 0x0e, 0x0d, 0x19, 0x0f, 0x1d, 0x09, 0x0d, 0x01, 0x02, 0xe7, 0xf1, 0xe9, 0xeb, 0xfe, 0x05,
    0x0a, 0xfd, 0x16, 0x0f, 0x21, 0x13, 0x19, 0x1e, 0x21, 0x24, 0x23, 0x2f, 0x1c, 0x15, 0x0f, 0xef,
    0xea, 0xe9, 0xdd, 0xec, 0x01, 0x01, 0x0d, 0x00, 0xee, 0xf0, 0xea, 0xcf, 0xe7, 0xe7, 0x03, 0x0d,
    0x07, 0x21, 0x42, 0x20, 0x11, 0x14, 0x02, 0xf2, 0x0a, 0x00, 0x00, 0xf0, 0xe0, 0xdd, 0xeb, 0xeb,
    0xde, 0xef, 0xdd, 0xdf, 0xba, 0x9d, 0xd0, 0xc7, 0xbd, 0xc7, 0xf1, 0xfa, 0x29, 0x06, 0x1d, 0x1d,
    0x29, 0x4f, 0xf8, 0x28, 0xac, 0x2e, 0x45, 0x4c, 0x44, 0x09, 0x1e, 0x39, 0x29, 0x31, 0x0e, 0x05,
    0x18, 0x14, 0x10, 0x19, 0x0e, 0x15, 0x26, 0x2e, 0x46, 0x30, 0x2c, 0x22, 0x14, 0x07, 0x03, 0x09,
    0x0d, 0x0f, 0x0e, 0x15, 0x16, 0x17, 0x14, 0x13, 0x0c, 0x15, 0x17, 0x1b, 0x1d, 0x1b, 0x16, 0x0b,
    0x17, 0x1f, 0x17, 0x14, 0x28, 0x20, 0x23, 0x19, 0x1c, 0x16, 0x0d, 0x09, 0x00, 0xff, 0x16, 0x0c,
    0x21, 0x11, 0x0e, 0x1d, 0x1d, 0x15, 0x1f, 0x23, 0x23, 0x29, 0x1f, 0x1b, 0x16, 0x19, 0x0e, 0xf7,
    0xf2, 0xee, 0xe8, 0xf0, 0x10, 0x1f, 0x1c, 0x09, 0x01, 0x07, 0x0b, 0xfb, 0xfa, 0x1c, 0x13, 0x1a,
    0x11, 0x18, 0x10, 0x0b, 0x1d, 0x0a, 0xe5, 0xca, 0xd5, 0xfa, 0xf0, 0xfb, 0xe7, 0xef, 0x01, 0x03,
    0xec, 0xce, 0xda, 0x04, 0xd1, 0xf4, 0xef, 0xfb, 0x09, 0x13, 0x1e, 0x4a, 0x0e, 0x23, 0x2e, 0x6f,
    0x49, 0x6d, 0x4c, 0x2c, 0xb7, 0x32, 0x59, 0x64, 0x67, 0x0e, 0x18, 0x23, 0x2a, 0x20, 0x04, 0x08,
    0x10, 0x0b, 0x10, 0x16, 0x1c, 0x04, 0x1d, 0x2a, 0x39, 0x1d, 0x1b, 0x18, 0x0f, 0x0d, 0x01, 0x03,
    0x10, 0x0e, 0x0f, 0x0c, 0x14, 0x19, 0x15, 0x17, 0x14, 0x12, 0x0e, 0x16, 0x1b, 0x14, 0x15, 0x08,
    0x0d, 0x0e, 0x0b, 0x01, 0x0c, 0x04, 0x18, 0x13, 0x09, 0x0b, 0x0d, 0x07, 0x08, 0x16, 0x17, 0x08,
    0x01, 0xfe, 0xf9, 0xf6, 0x09, 0xfa, 0x06, 0x17, 0x0b, 0xff, 0xf7, 0xf2, 0xfe, 0x00, 0xf4, 0xfa,
    0xe7, 0xda, 0xd8, 0xe9, 0xf3, 0x07, 0xe4, 0xf9, 0xff, 0xf9, 0xf6, 0xea, 0xef, 0xf0, 0xe4, 0xee,
    0xf5, 0xe2, 0xe1, 0xf4, 0x05, 0xdc, 0xc4, 0xb7, 0xc3, 0xee, 0xf3, 0xfb, 0xdf, 0xe8, 0xc9, 0xd9,
    0xc4, 0xaf, 0xac, 0xdd, 0xc2, 0xf5, 0xf1, 0x01, 0x11, 0x34, 0x20, 0x4a, 0xfc, 0xd3, 0x2d, 0x67,
    0x4d, 0x30, 0x0f, 0xd5, 0x14, 0xda, 0xd7, 0x2e, 0x4d, 0xfb, 0xfb, 0xff, 0x04, 0x0f, 0x11, 0x17,
    0x13, 0x12, 0x0b, 0xfe, 0x06, 0x0d, 0x02, 0xf5, 0x04, 0x05, 0x05, 0x0a, 0x0b, 0x1a, 0x16, 0x19,
    0xf5, 0xdd, 0xe7, 0xe6, 0xf6, 0xf7, 0x01, 0x04, 0x0a, 0x07, 0xfe, 0x00, 0xfb, 0x03, 0xf6, 0xfd,
    0xf6, 0xfa, 0xf8, 0xfe, 0x04, 0xf5, 0xf0, 0xfb, 0xf1, 0xf9, 0xff, 0xee, 0xe9, 0xf0, 0xf4, 0xfd,
    0xfd, 0xfb, 0xed, 0xed, 0xf3, 0xf0, 0xe1, 0xc5, 0xe7, 0xf3, 0xf3, 0xfb, 0xed, 0xe3, 0xec, 0xf7,
    0xfb, 0x04, 0x05, 0x05, 0x01, 0xd6, 0xfa, 0xf7, 0x0f, 0x10, 0x2b, 0x0c, 0x0d, 0xf7, 0xf7, 0x0a,
    0xfc, 0x07, 0x05, 0x16, 0x01, 0xfc, 0xfa, 0xec, 0xe6, 0xb3, 0xa1, 0x98, 0x8f, 0x8e, 0x9f, 0xaf,
    0xc3, 0xdf, 0xf7, 0xea, 0xe6, 0xf1, 0xf2, 0xd7, 0xde, 0xd4, 0xe1, 0xdd, 0xee, 0xf1, 0xe6, 0xe8,
    0xef, 0xe9, 0xfe, 0x0b, 0x13, 0x0d, 0x17, 0x58, 0x4d, 0x01, 0x05, 0x03, 0x0f, 0x13, 0x16, 0x1b,
    0x1c, 0x14, 0x06, 0x02, 0x0e, 0x0a, 0x01, 0xfd, 0xfc, 0x0c, 0x0f, 0x04, 0x12, 0x17, 0x22, 0x12,
    0xfb, 0xe3, 0xde, 0xed, 0xfa, 0xf4, 0x02, 0x0b, 0x04, 0x06, 0x0b, 0xf7, 0x04, 0x05, 0xfc, 0xfe,
    0xfb, 0xfa, 0xfa, 0xfe, 0x07, 0x01, 0x02, 0xf7, 0xfc, 0x03, 0xf2, 0xf6, 0xf0, 0xf1, 0xf2, 0xfb,
    0xf9, 0xfb, 0xf5, 0xfc, 0x01, 0x01, 0xdf, 0xc3, 0xf3, 0xff, 0xfd, 0x00, 0x08, 0xf5, 0xfa, 0x03,
    0x07, 0x14, 0x13, 0x1b, 0x06, 0xe0, 0xff, 0x0d, 0x17, 0x1f, 0x2c, 0x22, 0x1f, 0x0b, 0xfa, 0x0e,
    0x04, 0xf9, 0xed, 0xf6, 0xf5, 0xe4, 0xc2, 0xf1, 0xe7, 0xe7, 0xf6, 0xf1, 0x06, 0x16, 0x2d, 0x23,
    0x1c, 0x21, 0x0b, 0xec, 0xff, 0xfb, 0x0a, 0xf4, 0xf1, 0xdb, 0xcf, 0xe8, 0x01, 0x05, 0x09, 0x02,
    0x0d, 0x2e, 0x24, 0x25, 0x12, 0xfb, 0xfb, 0xef, 0xf3, 0xf6, 0x06, 0x01, 0x12, 0x11, 0x18, 0x18,
    0x1d, 0x16, 0x06, 0x00, 0x09, 0x0c, 0x0b, 0xf3, 0x03, 0x02, 0x0b, 0x10, 0x10, 0x15, 0x25, 0x15,
    0xfc, 0xe3, 0xe3, 0xea, 0xfb, 0xf7, 0x00, 0x06, 0x03, 0x0a, 0x04, 0x00, 0x0b, 0x09, 0xfd, 0xf8,
    0x00, 0xff, 0xfe, 0x0f, 0x07, 0x15, 0x0c, 0x00, 0x01, 0x04, 0xf5, 0x06, 0xfb, 0xfa, 0x00, 0xfa,
    0xfa, 0xf1, 0xf9, 0x04, 0x0e, 0xf1, 0xe9, 0xcb, 0xee, 0x08, 0x03, 0x0a, 0x01, 0x06, 0x0d, 0x19,
    0x18, 0x26, 0x26, 0x2a, 0x12, 0xe8, 0x0a, 0x1d, 0x20, 0x2d, 0x2e, 0x1e, 0x1f, 0x1b, 0x19, 0x16,
    0x0b, 0x0a, 0x06, 0x0d, 0xfc, 0xfe, 0xff, 0xfc, 0x03, 0x13, 0x18, 0x12, 0x06, 0x19, 0x35, 0x38,
    0x2d, 0x23, 0x09, 0x12, 0xfb, 0xf8, 0x04, 0x07, 0x05, 0xfc, 0x03, 0xf9, 0x27, 0x16, 0x18, 0x0a,
    0x05, 0x14, 0xe8, 0xfa, 0x17, 0xcb, 0xa8, 0x88, 0x81, 0xe6, 0xfb, 0x01, 0x0f, 0x12, 0x1b, 0x17,
    0x21, 0x14, 0x08, 0x05, 0x09, 0x11, 0x0a, 0xf7, 0x04, 0x04, 0x04, 0x06, 0x0e, 0x18, 0x1f, 0x16,
    0x00, 0xe6, 0xdf, 0xe6, 0xf9, 0xfc, 0xfb, 0x12, 0x03, 0x0a, 0x04, 0x06, 0x04, 0x0e, 0xff, 0x01,
    0xf8, 0x05, 0xf8, 0xff, 0x03, 0xfa, 0xfe, 0xf6, 0xff, 0xf8, 0x08, 0x05, 0xf9, 0x00, 0x06, 0xf8,
    0x03, 0xf7, 0xf6, 0xfa, 0xfb, 0xf0, 0xdb, 0xc9, 0xed, 0x0d, 0xff, 0xfb, 0xf6, 0xf7, 0x01, 0x0d,
    0x16, 0x16, 0x1d, 0x28, 0x16, 0xe3, 0x03, 0x0d, 0x11, 0x25, 0x2c, 0x25, 0x17, 0x17, 0x04, 0x05,
    0x02, 0xf4, 0xf2, 0xf6, 0xfb, 0xfc, 0x03, 0x03, 0xfe, 0x12, 0x11, 0x14, 0xfc, 0x07, 0xfc, 0xf0,
    0xe9, 0xf7, 0xe6, 0xfa, 0xeb, 0xfc, 0xe5, 0xf6, 0x05, 0x16, 0x37, 0x22, 0x32, 0x24, 0x13, 0x2a,
    0x1c, 0x05, 0xee, 0xed, 0x19, 0xf4, 0xec, 0x93, 0x87, 0xee, 0x01, 0xff, 0x0d, 0x13, 0x14, 0x15,
    0x14, 0x14, 0x09, 0x06, 0x1c, 0x04, 0x06, 0x00, 0xff, 0x03, 0x02, 0x03, 0x0b, 0x1d, 0x1b, 0x1c,
    0x00, 0xe9, 0xe0, 0xe4, 0x00, 0xf7, 0x04, 0x0b, 0x09, 0x00, 0x0b, 0xfe, 0x08, 0x0a, 0xfe, 0x04,
    0xf5, 0xfa, 0xf9, 0x02, 0x03, 0xf9, 0x04, 0x00, 0xf9, 0xfc, 0xfd, 0xfd, 0xf6, 0xf6, 0xfc, 0xf9,
    0xf2, 0xf8, 0xee, 0xf5, 0xf3, 0xf0, 0xdc, 0xc6, 0xef, 0xf3, 0xfb, 0xeb, 0xf1, 0xea, 0xee, 0x07,
    0x01, 0x01, 0x08, 0x01, 0x02, 0xe0, 0xeb, 0xfa, 0x08, 0x0c, 0x1e, 0x05, 0x07, 0xef, 0xd9, 0xe9,
    0xef, 0xdb, 0xdf, 0xfd, 0xed, 0xef, 0xed, 0xdd, 0xe4, 0xec, 0xf9, 0xf7, 0xdd, 0xfe, 0xe8, 0xdd,
    0xcc, 0xd6, 0xd3, 0xdf, 0xdf, 0x03, 0xe8, 0xdb, 0xf9, 0x06, 0x14, 0x1a, 0x10, 0x01, 0xf7, 0x09,
    0xff, 0xf0, 0xe9, 0xfb, 0x02, 0x00, 0x06, 0xfe, 0x01, 0xfb, 0xfb, 0x05, 0x00, 0x04, 0xfd, 0xff,
    0xfe, 0x03, 0x01, 0x03, 0x01, 0xfe, 0xfb, 0x04, 0x06, 0x07, 0x00, 0x03, 0x03, 0x08, 0x04, 0xf6,
    0x05, 0xf7, 0x0b, 0xf5, 0x0f, 0x04, 0x06, 0xfd, 0xfd, 0x0d, 0xf8, 0x04, 0x05, 0x03, 0x01, 0x04,
    0x0b, 0x0b, 0x13, 0x0d, 0x28, 0x30, 0x39, 0x1b, 0x0e, 0x1e, 0xfe, 0x0c, 0x0a, 0x0a, 0x06, 0x0d,
    0x14, 0x17, 0x12, 0x2f, 0x41, 0x3a, 0x20, 0x09, 0x13, 0x19, 0x0d, 0x0a, 0x10, 0x04, 0x0c, 0xfe,
    0xfe, 0xfb, 0xfe, 0x04, 0x18, 0x09, 0x23, 0x18, 0x08, 0x0d, 0x19, 0xf8, 0x06, 0x19, 0x00, 0x01,
    0x0d, 0xf8, 0xfa, 0xe5, 0xf2, 0xe3, 0xf7, 0xfb, 0xf2, 0xfa, 0xe3, 0xd3, 0xea, 0xfa, 0x04, 0xe0,
    0xe9, 0x0d, 0x06, 0x47, 0x0d, 0x3f, 0x22, 0x25, 0x17, 0xef, 0x10, 0x17, 0x0f, 0xfe, 0x28, 0xe3,
    0xf3, 0x2b, 0x12, 0x3d, 0x04, 0x00, 0xf9, 0xf7, 0xf9, 0xfe, 0xfe, 0x04, 0x03, 0x03, 0xff, 0x05,
    0xff, 0x00, 0x03, 0x04, 0xfa, 0x06, 0xf9, 0xfd, 0x07, 0x06, 0x08, 0xf8, 0x08, 0x03, 0x07, 0xfd,
    0xfc, 0x08, 0xfb, 0xfc, 0x01, 0xfb, 0x09, 0x02, 0xfe, 0x06, 0xfb, 0x07, 0xf8, 0x11, 0xf3, 0x03,
    0xff, 0x00, 0xf7, 0x01, 0xf4, 0x0a, 0x07, 0x18, 0x15, 0x0a, 0x21, 0x11, 0x04, 0xf9, 0xf7, 0xf6,
    0xf8, 0xf8, 0xf5, 0xfd, 0x05, 0x06, 0xff, 0xf7, 0x01, 0x02, 0xfa, 0xf3, 0x03, 0xf9, 0xf3, 0xf3,
    0xe6, 0xe5, 0xf0, 0xfe, 0x00, 0xfa, 0xef, 0xfa, 0x06, 0xfd, 0x04, 0xf9, 0xec, 0xfb, 0xe5, 0xff,
    0xf0, 0xe9, 0xed, 0x03, 0x16, 0x07, 0x01, 0xe9, 0x01, 0x55, 0x76, 0x7d, 0x56, 0x63, 0x7f, 0x44,
    0x13, 0x01, 0xf2, 0x06, 0xf2, 0x1c, 0x07, 0xf6, 0xf3, 0xe2, 0xf1, 0xfb, 0xf4, 0xdc, 0xfa, 0xe8,
    0xdf, 0xf6, 0xee, 0xf0, 0x01, 0xf7, 0x01, 0xfd, 0xfc, 0x01, 0x05, 0x00, 0x06, 0x03, 0x00, 0x00,
    0x05, 0x07, 0xfb, 0x06, 0x00, 0x02, 0x05, 0x06, 0x03, 0xfe, 0x08, 0x04, 0x02, 0xff, 0x01, 0xfc,
    0xf8, 0x01, 0xf6, 0xff, 0xfe, 0xff, 0x09, 0x02, 0x01, 0x02, 0xfe, 0xff, 0x04, 0xf8, 0x06, 0xfb,
    0x03, 0xfb, 0x04, 0x0b, 0x02, 0x0c, 0xff, 0x12, 0x11, 0x12, 0x16, 0x19, 0x00, 0x04, 0xf8, 0xfd,
    0xf5, 0x01, 0xfc, 0xff, 0x02, 0x06, 0x02, 0xf9, 0xf3, 0xef, 0x00, 0xf5, 0x09, 0xfa, 0xfa, 0x01,
    0xfa, 0xe1, 0xea, 0xef, 0xf0, 0xea, 0xe2, 0xf7, 0x02, 0xf6, 0xf1, 0xfc, 0xf5, 0xe8, 0xf4, 0x14,
    0x0d, 0x1e, 0x1c, 0x3c, 0x35, 0x2a, 0x31, 0xd5, 0x1e, 0x20, 0x4d, 0x54, 0x1e, 0x11, 0x2d, 0x1b,
    0x16, 0xfc, 0xf6, 0xf5, 0xf8, 0x0a, 0xf2, 0xf5, 0x02, 0x01, 0x0d, 0x0a, 0x04, 0xd1, 0xe9, 0x02,
    0xf4, 0xdd, 0xdb, 0xea, 0x0b, 0x00, 0xff, 0x0d, 0x02, 0xfb, 0x04, 0x06, 0x08, 0xfb, 0x05, 0xff,
    0x0d, 0x03, 0x08, 0xfe, 0x03, 0xff, 0x02, 0x05, 0x0b, 0x06, 0x08, 0xfa, 0x0a, 0xf9, 0x05, 0xfe,
    0xf8, 0x03, 0xfa, 0x04, 0xfa, 0x06, 0x01, 0xff, 0xfd, 0x02, 0x06, 0xf9, 0x07, 0x02, 0xff, 0xfe,
    0xfe, 0x05, 0xff, 0xf7, 0x03, 0xf6, 0xf7, 0xfc, 0xf9, 0xf9, 0x03, 0x05, 0x09, 0x01, 0x04, 0xfe,
    0xfc, 0xfd, 0xfc, 0x0a, 0x0b, 0x01, 0x03, 0xf7, 0xff, 0x09, 0x03, 0xfb, 0xff, 0x00, 0xfd, 0xff,
    0xfe, 0xf5, 0xfc, 0x08, 0xfc, 0xf3, 0xf5, 0x05, 0xfe, 0x03, 0xff, 0x04, 0x05, 0xfe, 0x03, 0x08,
    0x03, 0x0b, 0x13, 0x08, 0x12, 0xff, 0x07, 0xd7, 0x0b, 0x09, 0x00, 0x0c, 0x22, 0x1c, 0xe0, 0x11,
    0x0c, 0xec, 0xef, 0xf0, 0xf9, 0xf7, 0xec, 0x01, 0x11, 0x26, 0x15, 0x08, 0xf6, 0xd4, 0xf3, 0x33,
    0x1e, 0x0d, 0x17, 0x21, 0x0b, 0x07, 0x00, 0x07, 0x07, 0xf5, 0x02, 0x00, 0x0b, 0xfb, 0x01, 0x05,
    0x00, 0x04, 0xfc, 0x0a, 0x0a, 0xff, 0x01, 0x09, 0xf6, 0x08, 0xfa, 0x05, 0xfc, 0x06, 0x00, 0x05,
    0x01, 0x00, 0xff, 0xf6, 0xfd, 0xfe, 0x06, 0xfb, 0x01, 0x06, 0xfc, 0x01, 0xff, 0xfb, 0x00, 0xfd,
    0x01, 0x03, 0xff, 0xfc, 0xfe, 0xfd, 0xf8, 0xf8, 0xfe, 0xf3, 0xff, 0x03, 0xff, 0x06, 0xfd, 0x00,
    0xed, 0xf8, 0xf6, 0xfb, 0xfe, 0xf6, 0xf0, 0xfe, 0xfd, 0xf6, 0xf2, 0xf0, 0xf8, 0xfc, 0xff, 0xff,
    0x04, 0xfd, 0xfe, 0x02, 0xf8, 0xfa, 0xef, 0xff, 0xf7, 0x08, 0xf1, 0x03, 0xef, 0xee, 0xfc, 0x01,
    0xfc, 0xef, 0xeb, 0xf9, 0x03, 0xfe, 0xf9, 0xe1, 0xf4, 0x03, 0xf9, 0xec, 0xf9, 0x09, 0xd7, 0xed,
    0xfe, 0xee, 0xdf, 0xea, 0xf6, 0xf0, 0xe7, 0x11, 0x08, 0x1e, 0x01, 0xf8, 0xe3, 0xdb, 0x02, 0x27,
    0x0d, 0x3b, 0x2f, 0x17, 0xf6, 0x05, 0x00, 0x02, 0x0b, 0xfe, 0x05, 0xfd, 0x03, 0x05, 0xff, 0x01,
    0x06, 0x06, 0x0b, 0xfb, 0x09, 0x00, 0x0d, 0xff, 0x02, 0x06, 0xff, 0x06, 0xfc, 0x01, 0xfe, 0x04,
    0x00, 0x09, 0xf4, 0x0a, 0xfc, 0x05, 0x02, 0x00, 0x09, 0xf8, 0x06, 0xfc, 0x06, 0xfe, 0x01, 0xfa,
    0x05, 0xfd, 0x03, 0x00, 0x00, 0x04, 0xfe, 0x00, 0x00, 0xff, 0xfc, 0xff, 0x0d, 0xfd, 0x08, 0x04,
    0x07, 0x0b, 0xfb, 0x16, 0x05, 0xfd, 0x01, 0xfb, 0x0d, 0x0b, 0x0b, 0x08, 0xfb, 0x01, 0xf7, 0x09,
    0xff, 0xfd, 0x0a, 0x04, 0xfe, 0x05, 0x0b, 0xf7, 0x03, 0xf2, 0x0c, 0x02, 0x03, 0xfa, 0xfc, 0xf9,
    0xfa, 0xfd, 0xec, 0xfb, 0x03, 0xeb, 0xf9, 0xf7, 0x0d, 0x18, 0x16, 0x1a, 0x18, 0x39, 0x26, 0x31,
    0x0f, 0x04, 0xf8, 0xf4, 0xf5, 0x08, 0x15, 0xfa, 0x09, 0x01, 0x1c, 0xfc, 0x01, 0xf3, 0x0e, 0xcf,
    0xf1, 0xba, 0xb3, 0xc3, 0xf9, 0xfc, 0x0b, 0x06, 0x01, 0xfa, 0x01, 0x01, 0xfa, 0x07, 0xf6, 0x08,
    0x02, 0x07, 0xfe, 0x08, 0x03, 0x01, 0x03, 0x00, 0x07, 0x01, 0x03, 0x08, 0x05, 0x00, 0x03, 0x03,
    0x07, 0x01, 0xfb, 0x03, 0xfb, 0x06, 0x02, 0x0b, 0x04, 0x05, 0x06, 0x00, 0x05, 0x00, 0x04, 0xf9,
    0x06, 0xf7, 0xfa, 0xf6, 0x0a, 0xf8, 0xfa, 0x02, 0xf6, 0x00, 0x02, 0xff, 0x0a, 0xfc, 0x09, 0x02,
    0x08, 0x0c, 0x08, 0x10, 0xf4, 0xff, 0x03, 0x08, 0xfc, 0x0c, 0x02, 0x01, 0x05, 0xfe, 0x00, 0x08,
    0x05, 0xfb, 0x03, 0x08, 0x02, 0xff, 0xfc, 0xfd, 0x01, 0x02, 0xff, 0x05, 0xfc, 0xfb, 0xf9, 0x04,
    0xfe, 0x05, 0xf1, 0x02, 0x02, 0xf8, 0x01, 0xf5, 0xff, 0x0b, 0x0c, 0x09, 0x0d, 0x0f, 0x19, 0x0e,
    0x0e, 0xf3, 0x04, 0x02, 0xf8, 0x16, 0x01, 0xf7, 0x03, 0xff, 0x13, 0x13, 0x08, 0xfb, 0x11, 0xd4,
    0xcc, 0xe5, 0xc7, 0xdd, 0x00, 0xfb, 0x0c, 0x04, 0x06, 0xff, 0x03, 0x05, 0xfe, 0x0c, 0xfe, 0xfb,
    0x0a, 0xf3, 0x08, 0x04, 0x02, 0x00, 0xfe, 0xfe, 0xfc, 0x0c, 0xfd, 0x06, 0x04, 0x02, 0x01, 0xff,
    0x0a, 0xfd, 0x01, 0x01, 0xf7, 0x17, 0xfe, 0x02, 0x00, 0x06, 0x01, 0x0e, 0xfd, 0xff, 0x06, 0xff,
    0xfd, 0xfa, 0xfb, 0xf8, 0xf3, 0xe9, 0xf3, 0x0a, 0xff, 0xf8, 0x05, 0xfd, 0x0d, 0xfe, 0x05, 0x03,
    0x06, 0xfe, 0xfe, 0x00, 0xdc, 0x09, 0xfa, 0x07, 0xfd, 0xf7, 0x08, 0xfa, 0x0e, 0xfa, 0xfe, 0x01,
    0xff, 0x01, 0x05, 0x05, 0xfc, 0x03, 0xfa, 0xe5, 0x0d, 0x01, 0x06, 0x06, 0x17, 0xee, 0xec, 0x06,
    0xfe, 0xfe, 0xef, 0x02, 0xfd, 0xf1, 0xf2, 0xfc, 0xfb, 0xfa, 0xf3, 0x00, 0x04, 0x01, 0x30, 0x18,
    0x17, 0x0e, 0x0d, 0xf0, 0xf0, 0x2c, 0x16, 0xe1, 0x07, 0x02, 0x14, 0x0e, 0x1b, 0xe5, 0xf0, 0xe5,
    0xd3, 0xbe, 0xb8, 0xe7, 0x05, 0x05, 0xfd, 0x0b, 0xf8, 0x06, 0xfd, 0x03, 0xfc, 0x05, 0xfe, 0x06,
    0xfb, 0xff, 0xfe, 0x06, 0xfe, 0xff, 0x04, 0x02, 0x02, 0xfd, 0x01, 0x0c, 0xf9, 0x07, 0x03, 0xfb,
    0xf8, 0xf8, 0x09, 0x03, 0x01, 0x01, 0x02, 0x09, 0x04, 0x03, 0x06, 0x00, 0xf9, 0xfe, 0x03, 0x05,
    0xfb, 0xff, 0x02, 0x06, 0x09, 0xfd, 0xf6, 0xfe, 0xfb, 0x02, 0xf7, 0xff, 0xf8, 0x02, 0x00, 0xf9,
    0xfa, 0x02, 0x02, 0xf8, 0xf5, 0xf3, 0xfa, 0x04, 0x00, 0xe7, 0xf8, 0xf3, 0xfe, 0xfb, 0xfb, 0x02,
    0xff, 0xef, 0xf2, 0xf4, 0xf0, 0xfd, 0xe7, 0x00, 0xfd, 0xf8, 0xf0, 0xfe, 0xfb, 0xdc, 0xe8, 0xfe,
    0xf5, 0xf9, 0xf0, 0xe4, 0xf8, 0xd8, 0xe6, 0xee, 0xf8, 0x00, 0x07, 0x33, 0x2f, 0x31, 0x7f, 0x3b,
    0x2f, 0x03, 0xfe, 0xc7, 0xf2, 0xf5, 0x0e, 0xea, 0x07, 0x14, 0xfa, 0x07, 0x12, 0xef, 0xd6, 0x00,
    0xdd, 0xe5, 0xb8, 0xde, 0xfa, 0x06, 0x00, 0x0c, 0xfe, 0xf6, 0x00, 0xfd, 0x00, 0x06, 0x04, 0x02,
    0xfd, 0x0c, 0x05, 0x07, 0xfd, 0x06, 0xfe, 0xfb, 0x0b, 0x00, 0xfd, 0x08, 0x0a, 0x00, 0x09, 0x06,
    0xfc, 0x06, 0xfd, 0x06, 0x05, 0x08, 0xf8, 0x09, 0x08, 0x07, 0x06, 0xfe, 0xfe, 0x0e, 0xf5, 0x01,
    0xff, 0x0e, 0x0b, 0x13, 0x21, 0x1f, 0x1a, 0x05, 0xfc, 0x08, 0xf3, 0x06, 0x0c, 0xfb, 0x11, 0x05,
    0x0c, 0x01, 0x02, 0x25, 0x25, 0x14, 0x0e, 0x0f, 0xfa, 0xfd, 0x00, 0xfb, 0xfa, 0xfe, 0xfa, 0x07,
    0x03, 0x01, 0xf9, 0x0a, 0xf6, 0xfc, 0x01, 0x10, 0xfc, 0xf9, 0xf0, 0x01, 0xec, 0xe8, 0xf9, 0xf6,
    0x00, 0xf0, 0x06, 0xe7, 0xed, 0xe0, 0xe6, 0x03, 0x12, 0xf3, 0xef, 0xff, 0xec, 0x26, 0xee, 0xf8,
    0x08, 0x06, 0xe0, 0x0b, 0x0e, 0xf3, 0xfc, 0x2c, 0x23, 0x1e, 0x2a, 0x10, 0xf6, 0x07, 0xf3, 0xfd,
    0xdb, 0xf1, 0xe8, 0xe1, 0xc0, 0x00, 0xf6, 0xf4, 0xe2, 0xfc, 0x07, 0x03, 0x0c, 0x03, 0xfa, 0xf8,
    0xfd, 0xf9, 0xfd, 0x01, 0xfb, 0x07, 0x06, 0x0a, 0x06, 0x00, 0x0a, 0xf1, 0x01, 0xe9, 0xf0, 0xf4,
    0xf6, 0x06, 0xe7, 0x03, 0x02, 0xfa, 0x06, 0xff, 0x01, 0xf3, 0x03, 0xf5, 0x07, 0xfe, 0xfe, 0xf9,
    0x02, 0x0e, 0x0c, 0x18, 0x15, 0x30, 0x34, 0x07, 0x19, 0xff, 0xf4, 0x01, 0xf7, 0xf0, 0x09, 0xfc,
    0xfd, 0xfe, 0xf9, 0x16, 0x35, 0x22, 0x11, 0xf2, 0x0b, 0x17, 0xfd, 0x03, 0xfb, 0xfd, 0x0a, 0xe6,
    0xf2, 0x02, 0xf4, 0x04, 0xf1, 0xee, 0x18, 0x1b, 0xdd, 0xed, 0xbf, 0xdd, 0xe3, 0xf9, 0x08, 0xe5,
    0xe9, 0xe8, 0x0f, 0xe9, 0xee, 0xe0, 0xcd, 0xfb, 0xd4, 0x24, 0x07, 0xdf, 0x03, 0x09, 0xde, 0xe9,
    0xc6, 0xe6, 0xe3, 0x13, 0x05, 0xd9, 0xe8, 0x17, 0xfb, 0xf0, 0xf5, 0x15, 0xf5, 0x04, 0x03, 0xca,
    0xa0, 0xda, 0xf5, 0xad, 0xbd, 0xff, 0xf9, 0xe2, 0xe3, 0xf0, 0x0e, 0x06, 0x0c, 0x06, 0xf6, 0xf2,
    0x00, 0xff, 0xfc, 0xf6, 0x00, 0xfe, 0x09, 0x11, 0x1f, 0x09, 0x09, 0x0a, 0xfe, 0xf3, 0xeb, 0xef,
    0xfa, 0xef, 0x04, 0xfa, 0xfd, 0x13, 0xf1, 0x02, 0x03, 0xf3, 0x03, 0xf8, 0x0a, 0xf7, 0x03, 0xff,
    0xfe, 0x0a, 0x0d, 0x02, 0x2e, 0x1c, 0x37, 0x1c, 0x20, 0x0d, 0x20, 0x0e, 0x00, 0x08, 0x05, 0xfd,
    0x12, 0x08, 0x07, 0x1f, 0x46, 0x31, 0x23, 0x00, 0x21, 0x30, 0x1f, 0x31, 0x1d, 0x24, 0x20, 0x01,
    0x09, 0x1e, 0x0e, 0x0f, 0x19, 0xfd, 0x30, 0x34, 0xf1, 0xf6, 0xf2, 0xea, 0x14, 0x40, 0x4e, 0x1b,
    0x36, 0x57, 0x76, 0x61, 0x4e, 0x44, 0x36, 0x1d, 0x2f, 0x1f, 0x38, 0x0d, 0xfd, 0xf8, 0xaa, 0xe2,
    0xd3, 0xe7, 0xfe, 0x49, 0xfb, 0xe7, 0xed, 0x26, 0x00, 0x12, 0x1e, 0x45, 0x1f, 0x09, 0x1f, 0xf0,
    0xc4, 0xba, 0xdf, 0xec, 0xb5, 0xe1, 0xdc, 0xed, 0xe8, 0xf3, 0x06, 0x0c, 0x0e, 0x05, 0xf9, 0xf9,
    0xf8, 0xec, 0x05, 0x00, 0xf5, 0xfd, 0xfe, 0x0f, 0x1c, 0x16, 0x0d, 0x06, 0xfc, 0xed, 0xf4, 0xf7,
    0xfc, 0xff, 0x07, 0xf7, 0xff, 0x06, 0xf9, 0x00, 0xfa, 0xfc, 0xfd, 0x07, 0xfd, 0x0d, 0xf7, 0x00,
    0x01, 0x0a, 0x02, 0xfc, 0x04, 0xfb, 0x03, 0x11, 0x0a, 0x08, 0x1d, 0x0f, 0x04, 0x01, 0x0a, 0xfd,
    0x0e, 0xfa, 0xf9, 0xfc, 0x19, 0xf9, 0xf8, 0xef, 0x25, 0x1c, 0x0a, 0x0f, 0xfb, 0x11, 0x0d, 0xf2,
    0xef, 0x1e, 0x05, 0x0e, 0x14, 0x15, 0x20, 0x20, 0xfd, 0x07, 0x15, 0xfa, 0x16, 0x51, 0x3c, 0x0f,
    0x27, 0x3d, 0x53, 0x46, 0x48, 0x55, 0x21, 0x2e, 0x21, 0x25, 0x35, 0x49, 0x19, 0xee, 0xce, 0xdc,
    0xd5, 0xcd, 0xe6, 0x11, 0xf5, 0xf9, 0xed, 0x18, 0x08, 0x18, 0x05, 0x3e, 0xfb, 0x0b, 0x30, 0x1b,
    0x29, 0x01, 0x23, 0x23, 0xb4, 0xf8, 0x04, 0x0b, 0x0e, 0xfd, 0x00, 0x08, 0x0a, 0x10, 0xf3, 0xfc,
    0xf3, 0xfd, 0xfa, 0xf9, 0xfd, 0xf7, 0xfe, 0x01, 0x0e, 0x05, 0x04, 0x04, 0xef, 0xf0, 0xf3, 0xf3,
    0x07, 0xf5, 0x00, 0xf5, 0x06, 0xf3, 0x04, 0xfc, 0x01, 0xfc, 0xfd, 0x05, 0xf6, 0x07, 0x01, 0xfb,
    0x0a, 0xfb, 0x02, 0x02, 0xf3, 0x02, 0xf3, 0xff, 0xfe, 0x13, 0x0e, 0xfe, 0x09, 0x12, 0xfd, 0xfb,
    0xf0, 0xf8, 0xf1, 0xd7, 0xe6, 0xdc, 0xe0, 0xeb, 0xed, 0xdd, 0xe4, 0xe3, 0xe5, 0xed, 0xf3, 0xec,
    0xe8, 0xf4, 0xe9, 0xda, 0xee, 0xf9, 0xed, 0xe4, 0xfb, 0xf3, 0xf2, 0xf3, 0xeb, 0x01, 0xfe, 0xfe,
    0x03, 0x08, 0xfb, 0x22, 0x1d, 0x3c, 0x13, 0xfd, 0x07, 0xf5, 0x0b, 0x03, 0xd7, 0xae, 0xcb, 0xc4,
    0xe0, 0xd7, 0xdd, 0xe8, 0xea, 0x0f, 0xfd, 0xfd, 0xeb, 0xe9, 0xdb, 0xf7, 0xc0, 0xe0, 0x3c, 0xfe,
    0x43, 0x49, 0x4a, 0x4f, 0xb4, 0xfe, 0x10, 0x1e, 0x0f, 0x01, 0x05, 0x0e, 0x0c, 0x04, 0x00, 0xe8,
    0x01, 0xe9, 0x0c, 0xea, 0xf9, 0x01, 0xfb, 0x09, 0x17, 0x03, 0x00, 0xfb, 0xfa, 0xeb, 0xfe, 0xe9,
    0x00, 0xfc, 0xfb, 0xfa, 0x09, 0xfc, 0x04, 0x02, 0xfd, 0x00, 0xff, 0xff, 0x06, 0x0c, 0x07, 0xff,
    0x01, 0xf4, 0xff, 0x0d, 0xf9, 0x0c, 0x0c, 0x10, 0x04, 0x15, 0xfe, 0x05, 0x06, 0x08, 0x0a, 0x05,
    0x0b, 0xf8, 0xfa, 0xf9, 0xf8, 0x00, 0xf6, 0xeb, 0xfc, 0xf8, 0x0b, 0x0b, 0x08, 0xfc, 0xf5, 0xf4,
    0xf6, 0xea, 0xf3, 0xee, 0xf0, 0xe7, 0xf1, 0xf6, 0xf9, 0xe8, 0xf7, 0xf1, 0x0e, 0x03, 0xf8, 0x08,
    0x02, 0x1c, 0x0a, 0x1d, 0x0f, 0x10, 0xf9, 0xde, 0xea, 0xdc, 0xf5, 0xf1, 0xf6, 0xd1, 0x28, 0x10,
    0x11, 0x07, 0xff, 0xf8, 0x0f, 0x07, 0x08, 0xf0, 0xf4, 0xd2, 0xd8, 0xcc, 0xb8, 0xe3, 0x2c, 0x2d,
    0x59, 0x7f, 0x20, 0x60, 0xf3, 0xe8, 0xf1, 0x0a, 0x1b, 0x03, 0x03, 0x02, 0x02, 0x02, 0x02, 0x03,
    0x02, 0x02, 0x02, 0x01, 0xfe, 0x01, 0x04, 0x07, 0x07, 0xff, 0x00, 0xfc, 0x00, 0x02, 0x03, 0x02,
    0xff, 0xfd, 0x01, 0x01, 0x03, 0xfd, 0x03, 0xfc, 0x00, 0x01, 0xfc, 0x02, 0x02, 0xfe, 0x06, 0x03,
    0x00, 0x01, 0x03, 0xfe, 0xfb, 0xf9, 0xfd, 0xfd, 0xfd, 0xf6, 0x05, 0xf9, 0xfc, 0xff, 0xfd, 0xfe,
    0xff, 0xfd, 0xfc, 0xfc, 0xfd, 0xfb, 0xfc, 0xfa, 0xf7, 0xf6, 0xf8, 0xfc, 0xfb, 0x00, 0xf9, 0xf6,
    0xfa, 0xf8, 0xf9, 0x01, 0xf8, 0xfa, 0xf5, 0xf6, 0xfa, 0xfa, 0xf8, 0xf9, 0xf3, 0xea, 0xf7, 0xfd,
    0xfe, 0x03, 0xf6, 0xfc, 0x02, 0xf7, 0xf6, 0xf8, 0x08, 0x00, 0xf9, 0xf2, 0xfd, 0x02, 0xf6, 0x0d,
    0x0f, 0x14, 0x03, 0xff, 0xfd, 0x09, 0x0e, 0x06, 0x2d, 0x4f, 0x5e, 0x61, 0x7f, 0x4a, 0x44, 0x2c,
    0x06, 0xef, 0xfa, 0xe6, 0xf3, 0x00, 0x04, 0x21, 0x2b, 0xfe, 0x04, 0x05, 0x04, 0x02, 0x02, 0x02,
    0x04, 0x05, 0x00, 0x01, 0xfe, 0x02, 0x03, 0x04, 0x04, 0x07, 0x04, 0xfe, 0x06, 0x04, 0x03, 0x03,
    0x04, 0x00, 0xff, 0x03, 0xff, 0x04, 0x00, 0xfe, 0x07, 0xff, 0x02, 0x01, 0x03, 0x06, 0x00, 0x05,
    0x03, 0xfe, 0x04, 0x00, 0x02, 0xfe, 0x00, 0x01, 0xfa, 0xff, 0xfa, 0xfc, 0xfc, 0xfd, 0x02, 0xff,
    0xfc, 0xfd, 0xfe, 0xff, 0x00, 0x02, 0xff, 0xf9, 0xfa, 0xfc, 0xfd, 0x04, 0x00, 0x03, 0xfa, 0xfb,
    0xf9, 0xfa, 0xf9, 0xf9, 0xf8, 0xf8, 0xf6, 0xf4, 0xf4, 0xf4, 0xf4, 0xf3, 0xf1, 0xe2, 0xf1, 0xf7,
    0xf5, 0xf5, 0xf5, 0xf7, 0xef, 0xfa, 0xf4, 0xee, 0xf6, 0xfa, 0xfc, 0xf9, 0xf9, 0xf9, 0xfc, 0xff,
    0xfa, 0xee, 0xef, 0xee, 0xf3, 0xe8, 0xe7, 0xf2, 0xff, 0x1d, 0x3e, 0x4c, 0x57, 0x21, 0x23, 0x09,
    0xf2, 0x00, 0xf7, 0xfa, 0xf3, 0x09, 0x0f, 0x0f, 0x08, 0x01, 0x04, 0x01, 0x08, 0x02, 0x01, 0x06,
    0x00, 0x04, 0xfe, 0x03, 0x01, 0x04, 0x05, 0x08, 0x06, 0x03, 0x03, 0x04, 0x03, 0x01, 0x08, 0x00,
    0x04, 0x00, 0x03, 0xff, 0x05, 0xff, 0xfe, 0xfd, 0x00, 0x00, 0x01, 0x01, 0x05, 0xff, 0x02, 0x02,
    0x03, 0x07, 0x00, 0x07, 0x01, 0x09, 0x01, 0x05, 0x00, 0x00, 0xf9, 0x02, 0x00, 0x01, 0x01, 0x03,
    0x01, 0x02, 0x00, 0x04, 0x08, 0x05, 0x05, 0xfd, 0x07, 0x06, 0x09, 0x09, 0x0c, 0x04, 0x07, 0x02,
    0x04, 0x01, 0xfd, 0x02, 0x00, 0xfb, 0x06, 0x01, 0xfc, 0xfc, 0xfe, 0xfa, 0x03, 0x06, 0x04, 0xfc,
    0xfb, 0x01, 0x0d, 0x04, 0xfa, 0x05, 0x02, 0xf9, 0xfa, 0xfe, 0x01, 0x03, 0xfe, 0xf8, 0x0b, 0xf2,
    0xeb, 0xe2, 0xee, 0xef, 0xf2, 0xe2, 0xde, 0xf9, 0xee, 0x02, 0x0e, 0x1f, 0xf9, 0xf9, 0xe2, 0xeb,
    0xfc, 0x0d, 0x01, 0x12, 0xf0, 0xed, 0xeb, 0xe3, 0xe4, 0xfb, 0x04, 0x05, 0x05, 0x06, 0x06, 0xfe,
    0x06, 0xfe, 0x01, 0x05, 0x00, 0x03, 0x03, 0x09, 0x07, 0x02, 0x02, 0xff, 0x01, 0x03, 0x01, 0x08,
    0x01, 0x04, 0x01, 0x04, 0xfe, 0x02, 0x02, 0x00, 0xfe, 0x04, 0x03, 0x02, 0x06, 0x06, 0x03, 0x03,
    0x01, 0x07, 0x03, 0x02, 0x03, 0x08, 0x06, 0x02, 0x04, 0x07, 0x03, 0x05, 0x03, 0x08, 0x05, 0x05,
    0x03, 0x04, 0x03, 0x01, 0x0a, 0xfe, 0x03, 0xfb, 0x04, 0x08, 0x03, 0x03, 0x00, 0x04, 0x05, 0x08,
    0x02, 0x05, 0x04, 0x03, 0x04, 0x04, 0x0b, 0x0b, 0x01, 0x04, 0x06, 0x07, 0x06, 0x15, 0x0d, 0x04,
    0x04, 0x04, 0x07, 0x04, 0x01, 0x02, 0x08, 0x00, 0x01, 0x02, 0x04, 0x10, 0xfc, 0x01, 0x02, 0xf7,
    0xf1, 0xf1, 0xf3, 0x02, 0xf7, 0xf9, 0xef, 0x0a, 0xfb, 0xfc, 0xec, 0xf6, 0xce, 0xe9, 0xe8, 0xef,
    0x0b, 0x01, 0x04, 0x04, 0xf1, 0xf1, 0xef, 0xd8, 0xda, 0xfe, 0xfe, 0x02, 0x03, 0x04, 0x01, 0x03,
    0x03, 0xfd, 0x05, 0x00, 0x07, 0x00, 0x03, 0x01, 0x07, 0x00, 0x01, 0x02, 0x00, 0x01, 0x04, 0x04,
    0x02, 0x03, 0x00, 0xff, 0x00, 0x05, 0xff, 0x02, 0x02, 0xfe, 0x00, 0x04, 0x03, 0x05, 0x06, 0x02,
    0x05, 0x05, 0x05, 0x04, 0x07, 0x04, 0x10, 0x02, 0x04, 0x09, 0x04, 0x06, 0x07, 0x0a, 0x06, 0x05,
    0x02, 0x02, 0x00, 0xfe, 0x09, 0x03, 0x04, 0xfc, 0x00, 0xfa, 0xfe, 0xf8, 0xfd, 0x00, 0xff, 0x03,
    0x00, 0xfd, 0xfd, 0xfd, 0xfe, 0x00, 0xff, 0x07, 0xff, 0x03, 0x02, 0x01, 0x01, 0x0c, 0x01, 0xfe,
    0x04, 0xf8, 0xf9, 0xfd, 0x03, 0xfe, 0xfb, 0xfe, 0xfa, 0x03, 0xfb, 0xf2, 0xf5, 0x01, 0xde, 0xe3,
    0xef, 0xf8, 0xec, 0x02, 0xfc, 0x01, 0xf2, 0x09, 0xf5, 0xf6, 0xdd, 0xdd, 0xc4, 0xde, 0xf0, 0x03,
    0x01, 0x06, 0x08, 0xf7, 0x07, 0x06, 0x1e, 0x03, 0x08, 0x00, 0x01, 0x02, 0x07, 0xfb, 0xf1, 0x03,
    0xff, 0xfe, 0x08, 0xfc, 0xfd, 0xfc, 0x01, 0x04, 0x10, 0xf6, 0x0e, 0xfe, 0xff, 0xfe, 0xfb, 0xfd,
    0x13, 0xfa, 0x13, 0x05, 0xfd, 0x08, 0xfc, 0xff, 0x05, 0xfe, 0x01, 0x0b, 0x00, 0x04, 0x01, 0x04,
    0xf9, 0x03, 0xfb, 0xf6, 0xf8, 0xdb, 0xe2, 0xf4, 0xf6, 0xdf, 0xf4, 0xe5, 0xf8, 0xfc, 0xf3, 0xf8,
    0xf4, 0xf3, 0xfe, 0xfe, 0xe2, 0x0c, 0x01, 0x0f, 0xf3, 0xf6, 0xff, 0x03, 0xff, 0x03, 0xf6, 0xfc,
    0x08, 0xfc, 0xfe, 0xe8, 0xe2, 0x06, 0xe9, 0xde, 0xe5, 0xd1, 0xd7, 0xe4, 0xe1, 0xc0, 0xe9, 0xf4,
    0xf3, 0xfd, 0x11, 0xe9, 0xde, 0xee, 0xf0, 0x18, 0xf1, 0xbd, 0xa7, 0x81, 0xd9, 0xca, 0xa3, 0xf6,
    0x19, 0x0d, 0x27, 0x10, 0x1e, 0xf6, 0x13, 0xd5, 0x10, 0x03, 0xdb, 0x01, 0x11, 0x13, 0xe7, 0x20,
    0xec, 0x8b, 0x04, 0xac, 0xf7, 0xfc, 0x0d, 0xf4, 0x07, 0xfd, 0xfe, 0x04, 0x09, 0xfa, 0xfb, 0x03,
    0xf6, 0x02, 0x05, 0x05, 0xfe, 0xff, 0x07, 0x03, 0x05, 0x00, 0x06, 0x03, 0xfe, 0xf8, 0x01, 0x01,
    0x07, 0x08, 0x0e, 0x03, 0x08, 0xf6, 0x0b, 0xfb, 0xf9, 0x08, 0xfc, 0xfd, 0x0b, 0xfd, 0x07, 0xfb,
    0x02, 0x00, 0xfd, 0xfd, 0xec, 0xea, 0xd8, 0xf1, 0xee, 0xea, 0xef, 0xea, 0xfb, 0xe9, 0x00, 0x02,
    0x12, 0xfc, 0x0a, 0xf9, 0xf8, 0x0b, 0x0b, 0x03, 0x19, 0x28, 0x1b, 0x39, 0x1c, 0x20, 0x0c, 0x0b,
    0x0a, 0x24, 0x18, 0x05, 0x10, 0x11, 0x39, 0x01, 0x01, 0xf6, 0x09, 0xfe, 0x1f, 0x18, 0x2a, 0x0e,
    0x11, 0x2a, 0x3a, 0x06, 0xf9, 0x15, 0x22, 0x2a, 0x0f, 0xee, 0xd7, 0xb9, 0xfa, 0xc5, 0xfb, 0x06,
    0x06, 0xee, 0x23, 0x0b, 0x2c, 0xed, 0xf9, 0xe3, 0xe1, 0xf3, 0xf6, 0x17, 0x28, 0x2e, 0x03, 0xd8,
    0xd1, 0xc1, 0x39, 0x02, 0xff, 0xf4, 0x04, 0xfc, 0x04, 0x0e, 0x04, 0xfb, 0x17, 0xef, 0x06, 0xfb,
    0x01, 0xff, 0xfa, 0x08, 0xfd, 0x04, 0xf9, 0x11, 0xfa, 0x0a, 0xfc, 0x06, 0xfc, 0xf8, 0xff, 0xf5,
    0x06, 0x06, 0x00, 0x0e, 0xfd, 0x02, 0x04, 0x03, 0xfa, 0x01, 0x00, 0x06, 0x03, 0x01, 0x07, 0x02,
    0xfe, 0x0c, 0x06, 0x00, 0xef, 0xfd, 0xef, 0xf1, 0xf2, 0xfe, 0xf1, 0xec, 0xfc, 0xf8, 0xfb, 0x06,
    0x1b, 0x09, 0xff, 0x04, 0xe1, 0x07, 0x0e, 0x07, 0x14, 0x2f, 0x1b, 0x2c, 0x1f, 0x1a, 0x18, 0x01,
    0x0b, 0x1f, 0x1a, 0xf4, 0x1b, 0x1d, 0x47, 0x06, 0x0b, 0x1a, 0x1b, 0x0e, 0x39, 0x3b, 0x42, 0x08,
    0x15, 0x17, 0x2f, 0x13, 0x06, 0x22, 0x17, 0x0e, 0xfe, 0xe7, 0xc8, 0xc9, 0xe6, 0xd1, 0xed, 0x28,
    0x04, 0xd7, 0x24, 0x08, 0x06, 0xee, 0x12, 0xf0, 0xcb, 0xed, 0xf9, 0x1a, 0x04, 0x11, 0x26, 0xcb,
    0x3f, 0xe9, 0x60, 0x36, 0xfd, 0x05, 0x17, 0x11, 0x1c, 0x03, 0x00, 0xf7, 0x17, 0xee, 0x01, 0xfd,
    0xff, 0xfc, 0x08, 0x02, 0xf9, 0x06, 0xfa, 0x17, 0x03, 0x00, 0x08, 0xf9, 0x04, 0xf3, 0xfa, 0xfc,
    0xf6, 0x00, 0x11, 0x05, 0xfd, 0x06, 0x04, 0x04, 0xf4, 0x00, 0x04, 0x00, 0xfe, 0x06, 0x04, 0x04,
    0xf6, 0x07, 0x00, 0xfd, 0xf4, 0xf9, 0x07, 0xf0, 0xef, 0x04, 0xef, 0xef, 0xf1, 0xf2, 0xfe, 0xfe,
    0x15, 0x16, 0x01, 0xf3, 0xe8, 0xf7, 0x03, 0x08, 0x0d, 0x18, 0x07, 0x18, 0x05, 0x19, 0xfd, 0xf9,
    0xfc, 0x11, 0xfc, 0xec, 0x0e, 0x13, 0x2f, 0x05, 0x02, 0x0d, 0x2a, 0xff, 0x1f, 0x3b, 0x11, 0xfc,
    0x05, 0x0c, 0x1b, 0x03, 0xfb, 0x0e, 0xe8, 0xf1, 0x01, 0xda, 0xa3, 0xb8, 0xd8, 0xb5, 0xef, 0x2b,
    0xfa, 0xda, 0x14, 0xed, 0xed, 0xf9, 0x16, 0x00, 0xe7, 0xe0, 0xf0, 0xfd, 0xea, 0x26, 0x47, 0xa7,
    0x69, 0xe1, 0x2e, 0x11, 0x00, 0x0b, 0x13, 0x13, 0x16, 0x0c, 0xfc, 0xfc, 0x12, 0xed, 0xf4, 0x07,
    0xfe, 0xfa, 0xfb, 0x10, 0xf9, 0x06, 0xfb, 0x0c, 0x00, 0x03, 0x00, 0x00, 0x03, 0xf8, 0xfe, 0xfa,
    0x01, 0x04, 0x0a, 0x0a, 0xfc, 0x0e, 0xfd, 0xfe, 0xf9, 0xf9, 0x01, 0x05, 0xfe, 0x04, 0x05, 0x01,
    0x02, 0x02, 0xfd, 0xf8, 0xfb, 0x13, 0x04, 0xe5, 0xf5, 0xfb, 0xea, 0xeb, 0xfe, 0xfe, 0x00, 0xf9,
    0x05, 0x0c, 0x00, 0xfd, 0xeb, 0xf0, 0x04, 0x13, 0x07, 0x1e, 0x0d, 0x10, 0xf3, 0x0d, 0xfa, 0xf6,
    0xf5, 0x13, 0x04, 0xee, 0x04, 0x0e, 0x23, 0xeb, 0x07, 0x00, 0x06, 0x04, 0xf4, 0x24, 0x01, 0xfd,
    0xf5, 0x00, 0xe9, 0xe1, 0xf4, 0xf2, 0xd1, 0xd4, 0xf1, 0xc8, 0xab, 0xc0, 0xd7, 0xcb, 0xca, 0x28,
    0x08, 0xda, 0xfa, 0xee, 0xc2, 0xf8, 0x0f, 0xf4, 0xf5, 0xf0, 0xf8, 0xf0, 0xe2, 0x2d, 0x7a, 0xdf,
    0x65, 0xe9, 0xee, 0xc5, 0xee, 0xff, 0xfd, 0xf9, 0xf2, 0xfc, 0xfc, 0x00, 0x01, 0x01, 0xf3, 0x00,
    0xfb, 0x01, 0x02, 0xfb, 0x01, 0xfa, 0xfb, 0x02, 0x01, 0xff, 0x01, 0x0b, 0xf4, 0xff, 0xfe, 0xfa,
    0xfb, 0xfb, 0x04, 0xfd, 0x03, 0xfe, 0x02, 0x08, 0x02, 0xfc, 0x05, 0x02, 0xff, 0x03, 0xfe, 0x01,
    0x02, 0xfe, 0x06, 0x02, 0x04, 0x0d, 0x12, 0x26, 0x28, 0x22, 0x3f, 0x21, 0x0b, 0x05, 0xfa, 0xf5,
    0xfd, 0xf9, 0xf9, 0x09, 0x14, 0x08, 0xfa, 0xf2, 0x0c, 0xff, 0x07, 0xfc, 0x03, 0xfa, 0x04, 0xfd,
    0xf8, 0xf5, 0xff, 0x04, 0x0f, 0xfe, 0xfc, 0x16, 0x08, 0x03, 0x00, 0xf4, 0xfe, 0x12, 0x0f, 0x19,
    0x25, 0x3c, 0x3f, 0x6e, 0x68, 0x6a, 0x5e, 0x2f, 0x55, 0x64, 0x70, 0x7f, 0x2e, 0x27, 0xde, 0xe1,
    0xe0, 0xf0, 0xfa, 0x1d, 0xf2, 0x0e, 0xf3, 0x0c, 0x01, 0x0f, 0x0c, 0x27, 0x16, 0x02, 0x0c, 0x13,
    0x01, 0xf7, 0xf6, 0xf5, 0xf6, 0x06, 0xfc, 0xf5, 0xf0, 0xf8, 0x02, 0x00, 0x09, 0xff, 0xfa, 0x05,
    0xf5, 0xfd, 0x01, 0x00, 0xfe, 0xfd, 0x02, 0x03, 0x02, 0xfd, 0x06, 0x03, 0xfc, 0xfd, 0xfd, 0xf8,
    0x01, 0xfd, 0x00, 0xff, 0xfc, 0x01, 0x07, 0xff, 0x04, 0xfd, 0xfe, 0xff, 0xfc, 0x02, 0x01, 0xfc,
    0x01, 0xf7, 0xfe, 0x00, 0xf2, 0xf9, 0xef, 0x0c, 0x09, 0x11, 0x1c, 0x10, 0x08, 0xfc, 0xfd, 0xf4,
    0xef, 0xf6, 0xf1, 0xed, 0xf4, 0xf2, 0xe8, 0xf2, 0xf3, 0xe5, 0xfb, 0xe2, 0xfc, 0xeb, 0xed, 0xf7,
    0xe9, 0xe7, 0xed, 0xe6, 0xef, 0xe5, 0xdf, 0xf5, 0x01, 0xf8, 0xfc, 0xf8, 0xed, 0xef, 0xf6, 0x09,
    0x15, 0x22, 0x21, 0x35, 0x46, 0x44, 0x3a, 0x06, 0x25, 0x0b, 0x36, 0x3c, 0x1a, 0xfb, 0xee, 0xdd,
    0xea, 0xf0, 0xe8, 0xec, 0xf5, 0xf8, 0xeb, 0xe2, 0xfc, 0xf6, 0xeb, 0xfa, 0xe8, 0xe7, 0x15, 0x22,
    0x4f, 0x41, 0x2c, 0x46, 0xef, 0xf0, 0xfe, 0xfb, 0xf2, 0xfd, 0x01, 0x01, 0x0a, 0xff, 0xfd, 0xfb,
    0xfd, 0x01, 0xfc, 0xfd, 0xfd, 0xff, 0xfb, 0xfe, 0x04, 0xfe, 0x01, 0x02, 0xfd, 0x02, 0x02, 0xfd,
    0x00, 0xf7, 0xff, 0xfe, 0xfc, 0xfc, 0x01, 0xfe, 0x05, 0xfe, 0x01, 0x02, 0x02, 0xf9, 0xfe, 0xf7,
    0xfc, 0x03, 0xfe, 0x01, 0xf9, 0xfe, 0xf3, 0xf7, 0xfd, 0x04, 0x00, 0x01, 0x07, 0x08, 0xfd, 0x04,
    0xef, 0xfa, 0xf4, 0xf9, 0xf3, 0xf5, 0xec, 0xf4, 0xf0, 0xe7, 0xf7, 0xeb, 0xfd, 0xf7, 0xfa, 0xfe,
    0xfe, 0xea, 0xee, 0xf3, 0xee, 0xe5, 0xe1, 0xf3, 0xf9, 0xf9, 0xed, 0xf9, 0xf2, 0xe5, 0xf6, 0x00,
    0xfb, 0xf9, 0xf8, 0xff, 0x06, 0x04, 0x06, 0xed, 0xf6, 0x04, 0xf1, 0xfb, 0x03, 0xf3, 0xf8, 0xf9,
    0x19, 0x00, 0xff, 0xe4, 0x03, 0x08, 0xfd, 0xf9, 0xf9, 0xf0, 0xdf, 0xe1, 0xbc, 0xd7, 0x0d, 0x38,
    0x36, 0x53, 0x45, 0x50, 0xef, 0x01, 0xf0, 0x06, 0x05, 0xfe, 0x03, 0x00, 0x0b, 0xfc, 0xff, 0xf8,
    0x00, 0xfe, 0x01, 0x01, 0xfa, 0x03, 0xf9, 0x07, 0xfd, 0x00, 0xfd, 0x01, 0xfe, 0x03, 0xfa, 0x01,
    0x00, 0xf7, 0xf9, 0xff, 0xfe, 0x04, 0xfe, 0x02, 0xfe, 0x00, 0x07, 0xfc, 0x02, 0xff, 0xfc, 0x01,
    0xfe, 0xfc, 0x03, 0xfe, 0x0b, 0x03, 0x12, 0xff, 0x0f, 0x03, 0xfa, 0x06, 0x05, 0x0c, 0x03, 0x07,
    0xf8, 0xf7, 0xff, 0xfc, 0x0b, 0x02, 0xf7, 0xf3, 0xf7, 0xf9, 0x01, 0xf2, 0x06, 0xff, 0x04, 0x07,
    0x07, 0xf5, 0x01, 0x04, 0xf4, 0xed, 0xed, 0x09, 0xfc, 0xff, 0xf4, 0x03, 0xfb, 0xfa, 0x00, 0xf9,
    0xf9, 0xf7, 0xee, 0xef, 0xec, 0xfe, 0x01, 0xee, 0xed, 0x09, 0x07, 0x07, 0x18, 0x2b, 0x0e, 0x0e,
    0x28, 0x15, 0x10, 0x03, 0x20, 0xfa, 0xff, 0x0a, 0x0e, 0xf9, 0xf7, 0xea, 0xdf, 0xeb, 0x0e, 0x49,
    0x48, 0x71, 0x3f, 0x44, 0xf8, 0x05, 0x00, 0x10, 0x07, 0x03, 0x01, 0x01, 0xf9, 0x03, 0xf6, 0x05,
    0xfb, 0xfe, 0x00, 0x02, 0x01, 0xfe, 0xfd, 0x08, 0xfc, 0x01, 0x00, 0x02, 0xff, 0xfe, 0xf7, 0xff,
    0x03, 0xfb, 0xff, 0xfd, 0xfd, 0x00, 0x02, 0xfd, 0xfe, 0x02, 0xfb, 0x07, 0xfd, 0x01, 0xf7, 0x03,
    0xfd, 0x05, 0xfa, 0xfe, 0x0c, 0x08, 0x15, 0x01, 0x19, 0xff, 0x08, 0x00, 0x06, 0x0b, 0xfe, 0x03,
    0xf2, 0xfc, 0xfd, 0xff, 0x0c, 0x02, 0xf3, 0xee, 0xf9, 0xff, 0xff, 0xf8, 0xfa, 0xfd, 0x02, 0xfe,
    0xff, 0xfc, 0x01, 0x01, 0xf7, 0xec, 0xef, 0x01, 0xf7, 0xfe, 0xf0, 0x01, 0xf4, 0xfc, 0x04, 0xfb,
    0xf8, 0xf6, 0xf1, 0xeb, 0xfa, 0xf6, 0x03, 0x18, 0x0a, 0x12, 0x0b, 0x04, 0x19, 0x28, 0xea, 0xf9,
    0x02, 0x0f, 0xf5, 0x08, 0x10, 0xe8, 0xf7, 0x17, 0x10, 0x1a, 0x12, 0xfd, 0x04, 0x06, 0xe7, 0x29,
    0x10, 0x06, 0x32, 0x08, 0xde, 0x1d, 0x09, 0x12, 0xf4, 0xf2, 0xf0, 0xed, 0xed, 0xd7, 0xcc, 0xc6,
    0xd0, 0xce, 0xe9, 0xde, 0xe0, 0xd7, 0xe7, 0xef, 0xea, 0xe9, 0xec, 0xe5, 0xe0, 0xc1, 0xb9, 0xbd,
    0xe3, 0xf9, 0xfb, 0xf3, 0xf7, 0xf9, 0xef, 0xed, 0xe9, 0xe8, 0xea, 0xe6, 0xe0, 0xe5, 0xde, 0xe6,
    0xed, 0xed, 0xe9, 0xe6, 0xec, 0xf9, 0xf0, 0xf7, 0xfa, 0xfc, 0xea, 0xf4, 0xee, 0xe8, 0xed, 0xef,
    0xf3, 0xf0, 0xf9, 0xf1, 0xf9, 0xff, 0x05, 0x1d, 0xff, 0x01, 0xfe, 0xff, 0xff, 0xf9, 0xfa, 0xe9,
    0xe4, 0xf1, 0xec, 0xda, 0xf0, 0x09, 0xf9, 0xe6, 0xd8, 0xda, 0xbc, 0xde, 0xec, 0xf6, 0x03, 0x05,
    0xfa, 0x0d, 0x21, 0x15, 0x06, 0x1b, 0x1f, 0x22, 0x1d, 0x11, 0x14, 0x18, 0x15, 0x01, 0x15, 0x21,
    0x1a, 0x24, 0x14, 0x1d, 0x1d, 0x0e, 0x20, 0x12, 0x04, 0xf1, 0xf0, 0xf1, 0x05, 0xfa, 0x01, 0x04,
    0xf6, 0x10, 0x07, 0x12, 0xde, 0xfa, 0xfc, 0xfa, 0xeb, 0xf4, 0xf1, 0xea, 0xe1, 0xdc, 0xc8, 0xc4,
    0xce, 0xce, 0xe3, 0xea, 0xd9, 0xd3, 0xe5, 0xee, 0xee, 0xe8, 0xeb, 0xe9, 0xd8, 0xc0, 0xb3, 0xb9,
    0xdd, 0xf5, 0x01, 0xf0, 0xf5, 0xf2, 0xf2, 0xe6, 0xe6, 0xe6, 0xea, 0xe2, 0xe0, 0xd8, 0xe4, 0xe0,
    0xed, 0xef, 0xeb, 0xea, 0xef, 0xf1, 0xfc, 0xf4, 0xf6, 0xef, 0xf6, 0xee, 0xee, 0xe7, 0xe1, 0xee,
    0xfd, 0xf5, 0xf3, 0xef, 0xeb, 0xf4, 0x06, 0x17, 0x04, 0xfa, 0xf2, 0xf5, 0xf5, 0xf3, 0xf3, 0xd3,
    0xd6, 0xd6, 0xd1, 0xce, 0xe8, 0x0d, 0xf6, 0xdd, 0xd4, 0xda, 0xc2, 0xcf, 0xe4, 0xfa, 0xf6, 0xf7,
    0xf6, 0xfe, 0xf9, 0xff, 0x0e, 0x08, 0x11, 0x1a, 0x20, 0x0c, 0x16, 0x10, 0x08, 0x0b, 0x1e, 0x21,
    0x13, 0x21, 0x09, 0x0b, 0xf9, 0x0e, 0x14, 0x06, 0x0b, 0x0a, 0x13, 0x09, 0x20, 0x25, 0x23, 0x39,
    0x2e, 0x38, 0x07, 0x16, 0xdc, 0xea, 0xe5, 0xf2, 0xf6, 0xec, 0xed, 0xe4, 0xe7, 0xd8, 0xca, 0xc2,
    0xcb, 0xd1, 0xe6, 0xe9, 0xdc, 0xd4, 0xe1, 0xeb, 0xef, 0xe8, 0xe3, 0xe3, 0xd8, 0xbe, 0xb3, 0xb3,
    0xdc, 0xf4, 0xfd, 0xf5, 0xf0, 0xf4, 0xf5, 0xeb, 0xe3, 0xe5, 0xe6, 0xdf, 0xdd, 0xdc, 0xe1, 0xe5,
    0xe8, 0xe4, 0xee, 0xdc, 0xe8, 0xed, 0xf5, 0xeb, 0xef, 0xee, 0xf0, 0xe6, 0xe9, 0xdc, 0xde, 0xd9,
    0xe7, 0xe5, 0xec, 0xdf, 0xe0, 0xe4, 0xf8, 0x14, 0xe5, 0xde, 0xd9, 0xdc, 0xda, 0xdc, 0xd4, 0xb6,
    0xac, 0xae, 0xa8, 0xa0, 0xc1, 0xfd, 0xc1, 0xaa, 0xb0, 0xb5, 0x9e, 0xaf, 0xae, 0xb7, 0xb7, 0xca,
    0xcc, 0xbd, 0xbf, 0xcc, 0xd9, 0xdd, 0xeb, 0xe8, 0xf3, 0xea, 0xf7, 0xfd, 0xf4, 0xed, 0xf1, 0xf6,
    0xdd, 0xde, 0xd3, 0xd8, 0xc5, 0xdf, 0xd4, 0xcc, 0xdd, 0xe8, 0x06, 0x0a, 0x3f, 0x20, 0x30, 0x3f,
    0x32, 0x0e, 0x02, 0xe3, 0xe2, 0x0b, 0x08, 0x00, 0xf1, 0xf1, 0xec, 0xe8, 0xe6, 0xd8, 0xc9, 0xc9,
    0xcd, 0xd3, 0xe6, 0xe2, 0xdb, 0xd3, 0xe5, 0xe8, 0xeb, 0xee, 0xe9, 0xeb, 0xd9, 0xbb, 0xbe, 0xb4,
    0xdf, 0xf6, 0xf8, 0xf2, 0xf2, 0xed, 0xef, 0xec, 0xec, 0xe2, 0xe4, 0xe4, 0xdb, 0xdb, 0xde, 0xe0,
    0xe8, 0xdc, 0xe7, 0xde, 0xe0, 0xe1, 0xee, 0xe8, 0xe8, 0xe0, 0xe5, 0xe2, 0xe2, 0xd5, 0xd8, 0xdb,
    0xdd, 0xdb, 0xea, 0xdf, 0xdb, 0xdf, 0xf1, 0x19, 0xe4, 0xd9, 0xd1, 0xde, 0xd9, 0xd3, 0xcb, 0xb4,
    0xa7, 0x9a, 0x99, 0x8b, 0xb0, 0xe5, 0xac, 0x94, 0xa8, 0x9a, 0x81, 0x99, 0x93, 0x91, 0x9d, 0xaf,
    0xb1, 0xab, 0xc0, 0xc3, 0xc9, 0xc3, 0xc9, 0xc8, 0xc0, 0xd8, 0xd0, 0xd2, 0xce, 0xcf, 0xc0, 0xc1,
    0xa7, 0xa1, 0xa9, 0xa3, 0xa4, 0xae, 0xa4, 0xa7, 0xaa, 0xd3, 0xe9, 0xfa, 0xed, 0xe9, 0xcf, 0x0a,
    0xee, 0xe1, 0xdd, 0xc1, 0xdd, 0x01, 0x13, 0x00, 0xfa, 0xee, 0xf3, 0xf3, 0xeb, 0xdf, 0xcb, 0xc7,
    0xca, 0xd8, 0xe6, 0xe6, 0xd7, 0xdb, 0xe6, 0xf2, 0xee, 0xea, 0xef, 0xe5, 0xe1, 0xc0, 0xba, 0xbd,
    0xde, 0xf7, 0xf4, 0xf5, 0xf0, 0xf2, 0xf0, 0xec, 0xe6, 0xe7, 0xe9, 0xdc, 0xda, 0xd3, 0xdc, 0xe3,
    0xe5, 0xe4, 0xe2, 0xe1, 0xd9, 0xe5, 0xe0, 0xe8, 0xe4, 0xe1, 0xe3, 0xe4, 0xe4, 0xdf, 0xdc, 0xe1,
    0xe3, 0xde, 0xf2, 0xe7, 0xda, 0xe1, 0xf6, 0x11, 0xe8, 0xe7, 0xd7, 0xe2, 0xdb, 0xdd, 0xcf, 0xc4,
    0xb9, 0xb0, 0xa4, 0xa1, 0xbb, 0xea, 0xbe, 0xaf, 0xac, 0xa5, 0x87, 0xa8, 0xae, 0xa7, 0xc1, 0xc4,
    0xc1, 0xcc, 0xd6, 0xd5, 0xd1, 0xd7, 0xcd, 0xb7, 0xb5, 0xcb, 0xd9, 0xe6, 0xde, 0xd9, 0xd5, 0xdc,
    0xc6, 0xb1, 0xc8, 0xc5, 0xcf, 0xc2, 0xc6, 0xc0, 0xd3, 0xc7, 0xd2, 0xe2, 0xc2, 0xc1, 0xc0, 0xc7,
    0xcc, 0xd3, 0xc9, 0xc4, 0x0e, 0xf1, 0xdd, 0xe4, 0x11, 0xfd, 0x02, 0x0b, 0xfa, 0x15, 0x03, 0x12,
    0x08, 0x17, 0x01, 0x07, 0x05, 0x12, 0xff, 0xf2, 0x00, 0x02, 0x08, 0x0e, 0x06, 0x05, 0x13, 0x13,
    0xfa, 0xf4, 0xeb, 0xf1, 0xf5, 0xfc, 0x04, 0x08, 0x0b, 0xff, 0x0a, 0xfe, 0xff, 0x0b, 0x03, 0xfb,
    0x04, 0xef, 0xfd, 0xff, 0x05, 0xf2, 0xef, 0xe3, 0xe7, 0xef, 0xf0, 0xf5, 0xf5, 0xf2, 0x01, 0xe8,
    0xf3, 0xf9, 0x0c, 0xff, 0x01, 0xf4, 0xf0, 0xd9, 0xf3, 0xfe, 0xfc, 0xfb, 0xef, 0xf5, 0xef, 0xf8,
    0x05, 0x0d, 0x03, 0x15, 0xf2, 0xee, 0xf0, 0x01, 0x07, 0x0d, 0xfe, 0x07, 0xf5, 0xeb, 0xe7, 0xfa,
    0xee, 0xf9, 0xee, 0xfe, 0xf9, 0xfe, 0x0d, 0xe8, 0x3c, 0x43, 0x06, 0x49, 0x0a, 0x44, 0x1b, 0xff,
    0x05, 0xef, 0xd0, 0xb7, 0xbe, 0xce, 0xd4, 0xd1, 0xde, 0x08, 0x3c, 0xd3, 0x21, 0xfa, 0xd4, 0xb1,
    0x81, 0x9e, 0xb4, 0xcb, 0x01, 0x13, 0xe7, 0xff, 0xf8, 0xfb, 0x02, 0x02, 0x0f, 0x1a, 0x14, 0x00,
    0x0f, 0x16, 0x06, 0x0e, 0x14, 0xfe, 0x0a, 0xf1, 0x0c, 0x0e, 0x0d, 0x06, 0x13, 0x0b, 0x14, 0x1c,
    0xfc, 0xe5, 0xef, 0xf8, 0xf9, 0x09, 0xf8, 0x0a, 0x14, 0x00, 0x07, 0xfb, 0x05, 0x0a, 0x00, 0xfc,
    0xf8, 0xff, 0x03, 0x14, 0x05, 0x0c, 0x05, 0xfb, 0x0b, 0xea, 0xf9, 0xf4, 0xf6, 0x00, 0x02, 0x08,
    0xee, 0xf7, 0x02, 0x02, 0x0d, 0xf6, 0xea, 0xdb, 0xfd, 0xfc, 0x01, 0xf8, 0xe9, 0x03, 0xfe, 0x0f,
    0x0f, 0x20, 0x26, 0x13, 0xff, 0xf1, 0x08, 0x20, 0x0d, 0x14, 0x0d, 0x08, 0x0c, 0xf7, 0xf6, 0x05,
    0x01, 0x04, 0xe8, 0x15, 0x0c, 0xea, 0xe7, 0xe1, 0xeb, 0xed, 0xfa, 0xa0, 0xe5, 0x21, 0x91, 0xc6,
    0xe6, 0x08, 0xdf, 0xe6, 0xe3, 0xb7, 0xe8, 0xf4, 0x01, 0x0b, 0x19, 0x1e, 0x30, 0x0a, 0x03, 0xef,
    0xd2, 0xf2, 0xd4, 0xe5, 0xfd, 0xf4, 0xec, 0xf7, 0xfc, 0xfa, 0x04, 0x0f, 0xfe, 0x16, 0x06, 0x1b,
    0x13, 0x1b, 0x0d, 0x06, 0x06, 0x04, 0x06, 0xfb, 0x0d, 0x04, 0x1a, 0x03, 0x0f, 0x10, 0x0b, 0x18,
    0x01, 0xf4, 0xe2, 0xff, 0xff, 0xfc, 0x0b, 0x12, 0x0a, 0x09, 0x0b, 0xfc, 0x07, 0x00, 0x01, 0xfd,
    0xff, 0xfa, 0xf4, 0x08, 0xfa, 0x09, 0xff, 0x0b, 0x08, 0xed, 0x03, 0x00, 0xf6, 0x0a, 0x05, 0x03,
    0xf2, 0xfc, 0xf0, 0x0e, 0x01, 0xf6, 0xe7, 0xd5, 0xf0, 0xfb, 0xf1, 0xee, 0xf8, 0xf4, 0x05, 0x18,
    0x19, 0x1a, 0x27, 0x23, 0x0b, 0xe9, 0xf8, 0x0b, 0x1b, 0x19, 0x18, 0x1b, 0x08, 0xff, 0x08, 0x0a,
    0x06, 0xff, 0xe0, 0x06, 0x16, 0xe7, 0xea, 0x14, 0xf9, 0xdf, 0xfe, 0xe1, 0xf2, 0xc9, 0xcc, 0xf0,
    0xf8, 0x17, 0x14, 0xfb, 0xfc, 0xdd, 0xf1, 0x0f, 0x0c, 0x11, 0xfe, 0x39, 0x17, 0x26, 0xf7, 0xfe,
    0xdb, 0xc4, 0xe2, 0xc9, 0xff, 0xe7, 0xe3, 0xf4, 0xf1, 0xfa, 0xf1, 0x1b, 0xf5, 0x22, 0x02, 0x0c,
    0x0f, 0x18, 0x03, 0x13, 0xff, 0x10, 0xf5, 0x0c, 0x04, 0x03, 0x0d, 0xff, 0x11, 0x0b, 0x05, 0x16,
    0x05, 0xe4, 0xec, 0xf4, 0xfb, 0x06, 0x02, 0x0b, 0x0a, 0x01, 0x05, 0xfe, 0x0a, 0x08, 0x03, 0xf4,
    0xf4, 0xfb, 0xf7, 0xfa, 0xeb, 0xef, 0xd5, 0xea, 0xe3, 0xec, 0x0f, 0xfe, 0x06, 0x01, 0xf8, 0xf9,
    0xe5, 0xea, 0xf3, 0xe6, 0xc5, 0xd3, 0xc5, 0xd0, 0xd6, 0xc5, 0xe1, 0xd1, 0xdc, 0xe1, 0xeb, 0x07,
    0x0b, 0xed, 0x0f, 0x0d, 0xe6, 0xd7, 0xe6, 0xf3, 0x0d, 0x0f, 0x0b, 0x17, 0xed, 0xde, 0xdb, 0xd8,
    0xe7, 0xd2, 0xc6, 0xd7, 0xe6, 0xea, 0xea, 0x3d, 0x0c, 0xef, 0x06, 0xe1, 0xfe, 0x09, 0xbc, 0xcb,
    0x01, 0x11, 0xe4, 0xd5, 0xed, 0xda, 0x0a, 0x0d, 0x11, 0x23, 0x0f, 0x10, 0x26, 0x14, 0xf1, 0x03,
    0xf0, 0xb6, 0xe6, 0xae, 0x1c, 0xf8, 0xfc, 0xf7, 0xfd, 0x00, 0xff, 0x03, 0x0e, 0x17, 0x01, 0x0e,
    0x08, 0x15, 0x05, 0x13, 0xfd, 0x0d, 0x0d, 0xeb, 0x0c, 0x08, 0x06, 0xfc, 0x13, 0x16, 0x05, 0x0e,
    0x05, 0xf3, 0xe9, 0xfe, 0x0d, 0x03, 0x03, 0x13, 0x0b, 0x08, 0x02, 0x06, 0x0c, 0x0a, 0x08, 0xfb,
    0x0b, 0x10, 0x2a, 0x3d, 0x58, 0x43, 0x42, 0x07, 0x04, 0x2a, 0xee, 0x16, 0x16, 0x09, 0x01, 0x17,
    0xf8, 0x05, 0x11, 0x2b, 0x41, 0x14, 0x16, 0xe7, 0xfa, 0xe2, 0xf2, 0xde, 0xe2, 0xe2, 0x05, 0x05,
    0x14, 0xec, 0xf6, 0x10, 0xdc, 0xdf, 0xf8, 0x1b, 0xff, 0xee, 0xf8, 0x00, 0xd3, 0xbf, 0xdf, 0xde,
    0xf0, 0xdb, 0x1a, 0xd5, 0xea, 0xd1, 0xfa, 0x33, 0xee, 0xd2, 0xe3, 0xcb, 0xd8, 0x0c, 0xa9, 0xb0,
    0xfe, 0xf7, 0xe2, 0x0e, 0x27, 0xea, 0x04, 0x3e, 0x21, 0x20, 0x08, 0xfa, 0xf9, 0x1d, 0x09, 0xfd,
    0xe6, 0x2d, 0x0c, 0x18, 0xf1, 0xfe, 0xfb, 0x01, 0x01, 0xfd, 0x05, 0x08, 0x05, 0x07, 0xfa, 0x05,
    0x07, 0x0a, 0xff, 0x0e, 0x02, 0x02, 0x04, 0x0a, 0x08, 0x0a, 0x0e, 0x06, 0x07, 0xfe, 0x01, 0x02,
    0xfa, 0xfb, 0xf8, 0x00, 0xfe, 0x09, 0x09, 0x0c, 0x06, 0x07, 0x04, 0x04, 0xff, 0x05, 0xff, 0xfe,
    0x00, 0x01, 0xff, 0x01, 0x00, 0x03, 0x04, 0x11, 0x0a, 0x0f, 0x07, 0x07, 0xf6, 0xfe, 0xff, 0x01,
    0x0a, 0x07, 0xff, 0xfc, 0xf4, 0x05, 0xf6, 0xf0, 0xf4, 0x04, 0xfe, 0x0b, 0x12, 0xfe, 0xf8, 0xf9,
    0xf1, 0xe6, 0xea, 0xec, 0xf5, 0xf2, 0xef, 0xe8, 0xfd, 0xfd, 0x09, 0x06, 0x0f, 0xf2, 0xdf, 0xfb,
    0xf7, 0xe7, 0xe7, 0xeb, 0xed, 0xe3, 0xec, 0xea, 0xe5, 0x09, 0x16, 0x47, 0x36, 0x3b, 0x7f, 0x5d,
    0x4b, 0x26, 0x2a, 0x09, 0x0b, 0x3a, 0x0e, 0xe5, 0xfb, 0xe0, 0xee, 0x0c, 0x04, 0xf4, 0xf7, 0xf1,
    0x0c, 0x03, 0xdd, 0x06, 0xec, 0x01, 0x02, 0xfc, 0xf0, 0xfc, 0x04, 0x06, 0x10, 0x0b, 0xfe, 0xfd,
    0x08, 0x08, 0x03, 0x02, 0x04, 0xff, 0x08, 0x06, 0x0f, 0x0a, 0x0e, 0x0d, 0x09, 0xff, 0xff, 0x04,
    0xf9, 0xf7, 0xf5, 0xfd, 0x03, 0x07, 0x08, 0x0b, 0x07, 0x07, 0x03, 0x00, 0x02, 0xfd, 0xff, 0xfa,
    0xfd, 0xff, 0xfd, 0xfe, 0xfd, 0x01, 0xfc, 0x07, 0xfd, 0x06, 0xf9, 0x06, 0xfb, 0x00, 0x04, 0xff,
    0x02, 0xfa, 0xfb, 0x00, 0xf6, 0xfd, 0xf5, 0xec, 0xfa, 0x00, 0x02, 0x04, 0x0a, 0x00, 0xfb, 0xf9,
    0xf4, 0xec, 0xea, 0xef, 0xf2, 0xe8, 0xeb, 0xeb, 0xfb, 0xf8, 0x06, 0xff, 0x0a, 0xf0, 0xeb, 0xf8,
    0xf8, 0xee, 0xf6, 0xf3, 0xf2, 0xee, 0x03, 0xec, 0x07, 0x20, 0x12, 0x3e, 0x24, 0x39, 0x61, 0x47,
    0x25, 0x07, 0x02, 0xf0, 0xf1, 0x1a, 0xfd, 0xf1, 0xf8, 0xfb, 0x03, 0x00, 0xf7, 0xe7, 0xe6, 0xe4,
    0xf0, 0xd7, 0xc2, 0xe2, 0xea, 0xfa, 0xf6, 0xfc, 0xf6, 0xfe, 0x05, 0x09, 0x0d, 0x10, 0x00, 0x04,
    0x07, 0x0c, 0x02, 0x05, 0x04, 0x00, 0x05, 0x05, 0x10, 0x0d, 0x0e, 0x0f, 0x04, 0x03, 0x03, 0x03,
    0xfd, 0xfd, 0xf6, 0xfd, 0x04, 0x05, 0x08, 0x0c, 0x09, 0x08, 0x06, 0x01, 0xfe, 0x06, 0x00, 0xfb,
    0xfe, 0x02, 0x00, 0x03, 0x02, 0x00, 0xfe, 0xfa, 0xfa, 0xfc, 0xfa, 0xfe, 0x05, 0x04, 0x07, 0x00,
    0x01, 0x01, 0x00, 0x08, 0xff, 0xfa, 0xee, 0xeb, 0xfc, 0x0d, 0x03, 0xfc, 0xfa, 0x02, 0xfc, 0x00,
    0x01, 0xf9, 0xff, 0xfb, 0xf4, 0xf4, 0xf7, 0xfb, 0xfd, 0xfa, 0xfa, 0x02, 0xfe, 0xf7, 0xf5, 0xfb,
    0xf7, 0xf2, 0xf1, 0xf5, 0x00, 0xee, 0xf7, 0xe8, 0x06, 0x20, 0x0f, 0x28, 0x31, 0x52, 0x28, 0x30,
    0x17, 0x01, 0xf9, 0xf9, 0x00, 0x07, 0x0a, 0x05, 0x0c, 0x1e, 0x0d, 0x01, 0xe9, 0xd6, 0xfe, 0xe7,
    0xdb, 0xd8, 0xe3, 0xdf, 0xe6, 0xf2, 0x00, 0xfc, 0x0c, 0xfe, 0x04, 0x0a, 0x08, 0x0b, 0xf8, 0xff,
    0x07, 0x0c, 0x04, 0x09, 0x04, 0x03, 0x02, 0x07, 0x0a, 0x06, 0x0b, 0x08, 0x05, 0xff, 0x00, 0x05,
    0xff, 0x02, 0xf4, 0x00, 0x07, 0x07, 0x09, 0x0b, 0x08, 0x06, 0x05, 0x06, 0x00, 0x04, 0x02, 0xfd,
    0x02, 0x03, 0x02, 0x04, 0x05, 0x0d, 0x02, 0x06, 0xfe, 0xfb, 0xfe, 0x01, 0x0c, 0x0d, 0x09, 0x0b,
    0x03, 0x02, 0x08, 0x0c, 0x04, 0x08, 0xfa, 0xee, 0xfe, 0x0a, 0x08, 0x05, 0x02, 0x02, 0x04, 0x0c,
    0x0c, 0x0d, 0x0f, 0x0c, 0xfd, 0xf9, 0x09, 0x07, 0x09, 0x01, 0x03, 0x0b, 0x0d, 0x09, 0x07, 0x06,
    0x05, 0x05, 0xfb, 0x09, 0x03, 0xfc, 0xf5, 0xeb, 0x00, 0xfb, 0xfc, 0xec, 0xec, 0x04, 0xdc, 0x0b,
    0x09, 0x04, 0x02, 0x0e, 0x10, 0x0b, 0x12, 0x12, 0x15, 0x16, 0x0c, 0x12, 0x03, 0xe5, 0x1b, 0x0e,
    0xe2, 0xe9, 0xe8, 0xde, 0xe9, 0x0d, 0x0b, 0x0a, 0x0b, 0x05, 0x01, 0x0a, 0x04, 0x04, 0xf8, 0x02,
    0x06, 0x03, 0x01, 0x06, 0x00, 0x05, 0x04, 0x00, 0x0c, 0x07, 0x05, 0x08, 0x04, 0xfc, 0xfe, 0x02,
    0xfc, 0xf9, 0xfa, 0xfb, 0xff, 0x06, 0x0a, 0x08, 0x06, 0x09, 0x01, 0x03, 0x02, 0x00, 0x05, 0xfd,
    0x00, 0xf9, 0xfa, 0xf2, 0xf3, 0xeb, 0xec, 0xf8, 0xf9, 0xef, 0x00, 0xff, 0x05, 0x08, 0x04, 0xfb,
    0xf9, 0xf6, 0xfb, 0xfe, 0xeb, 0xf8, 0xed, 0xed, 0xf9, 0x08, 0x05, 0x08, 0x00, 0xfd, 0x00, 0x09,
    0x06, 0x0b, 0x0c, 0x06, 0xf9, 0xf2, 0xf7, 0xed, 0x01, 0xfd, 0xfa, 0x07, 0x0c, 0x00, 0x03, 0x06,
    0xfd, 0xff, 0xeb, 0xfd, 0x06, 0xf0, 0xf0, 0xf3, 0xfd, 0xfa, 0xff, 0xf0, 0x0e, 0x07, 0xfc, 0x10,
    0x06, 0xee, 0xf6, 0xed, 0xe5, 0xe3, 0xe9, 0xe0, 0xf1, 0x02, 0x01, 0x1b, 0x1c, 0xe0, 0x08, 0xf2,
    0xe2, 0xd7, 0xc7, 0xcc, 0xc8, 0x11, 0x23, 0x12, 0x15, 0x04, 0xfb, 0x02, 0xf8, 0xfb, 0xe2, 0xe5,
    0xea, 0xf0, 0xf7, 0xfb, 0xf1, 0xe9, 0xf5, 0xf9, 0x01, 0xf7, 0x04, 0xfb, 0xee, 0xe3, 0xe0, 0xe7,
    0xf4, 0xfb, 0x06, 0x00, 0xfc, 0xfe, 0x01, 0xf6, 0xf8, 0x00, 0xf6, 0xf8, 0xf3, 0xf6, 0xf6, 0xfb,
    0xfc, 0xfd, 0xff, 0xf9, 0x03, 0xed, 0x03, 0x01, 0xfd, 0xfc, 0xf9, 0xfd, 0x0c, 0x0b, 0x03, 0x0a,
    0x10, 0x07, 0xfc, 0xfc, 0xfe, 0xfc, 0x04, 0x05, 0x0c, 0x0d, 0xff, 0x09, 0x03, 0xfd, 0x0c, 0xf7,
    0xf9, 0x03, 0xfc, 0xe5, 0xf7, 0x0c, 0x1a, 0xf1, 0xe6, 0xee, 0xf1, 0xf3, 0x13, 0x1c, 0x13, 0xf8,
    0x08, 0xfa, 0x0e, 0xf8, 0xf0, 0x08, 0x02, 0xeb, 0xe2, 0xdc, 0xc4, 0xc5, 0xc7, 0xd1, 0xcf, 0xc9,
    0xe5, 0xe4, 0x1b, 0x14, 0x15, 0xf4, 0xea, 0x01, 0xec, 0xec, 0xe8, 0xdc, 0xd2, 0xfe, 0xcd, 0xea,
    0x03, 0x0e, 0x26, 0x27, 0xbd, 0x12, 0x0b, 0x08, 0x04, 0x0c, 0xf9, 0xfc, 0x07, 0xea, 0xea, 0xe4,
    0xea, 0xef, 0x00, 0xfe, 0xf3, 0xf1, 0xf8, 0x05, 0xfa, 0xfa, 0xf8, 0xf7, 0xe9, 0xdd, 0xdd, 0xe5,
    0xf8, 0x03, 0x05, 0x03, 0x02, 0xfa, 0x08, 0x01, 0xf5, 0x03, 0xf9, 0xf7, 0xfa, 0xf3, 0xf8, 0xfb,
    0xfc, 0x03, 0xfa, 0xf9, 0xf3, 0xfc, 0xf9, 0xfb, 0xff, 0x03, 0xf5, 0xfe, 0x0c, 0x08, 0x02, 0x00,
    0x01, 0xfe, 0xfa, 0xf8, 0xfd, 0xfc, 0xfb, 0x09, 0x01, 0xff, 0xfb, 0xfd, 0xff, 0xfd, 0x04, 0xf7,
    0xf2, 0x09, 0xfa, 0xdc, 0xef, 0x09, 0x03, 0xe8, 0xee, 0xe3, 0xe7, 0xef, 0x01, 0x04, 0xf1, 0xe1,
    0xf3, 0xec, 0xe8, 0xe3, 0xe1, 0xf7, 0xe2, 0x0b, 0xf0, 0xe2, 0xe6, 0xdd, 0x09, 0xf4, 0x00, 0xe8,
    0xeb, 0xe5, 0x00, 0xea, 0x07, 0xf7, 0xf7, 0x05, 0xe6, 0xe7, 0xc5, 0xe0, 0xbe, 0xe1, 0xcf, 0xfa,
    0x33, 0xea, 0x40, 0x0d, 0xba, 0xe0, 0xdb, 0xeb, 0xec, 0x0f, 0xff, 0x06, 0x00, 0xeb, 0xe5, 0xdf,
    0xea, 0xe8, 0xfa, 0xf4, 0xef, 0xeb, 0xfc, 0xff, 0x04, 0xf3, 0x08, 0xf8, 0xf0, 0xdc, 0xdc, 0xe9,
    0xf4, 0x0a, 0xfe, 0x01, 0x01, 0xfa, 0x01, 0xf9, 0xf9, 0xf6, 0xfa, 0xf6, 0xf7, 0xfd, 0xf3, 0xf3,
    0x00, 0xff, 0xf8, 0xf6, 0xf4, 0xf9, 0xf8, 0xe9, 0xf2, 0xf4, 0xee, 0xfb, 0x03, 0xff, 0xfa, 0xfa,
    0xec, 0xef, 0xf9, 0xf6, 0xf9, 0xe4, 0xf9, 0x06, 0xf5, 0xfd, 0xef, 0xf1, 0xe9, 0xff, 0xf7, 0xf8,
    0xf5, 0x03, 0xf8, 0xdd, 0xe3, 0xfb, 0xf3, 0xf1, 0xe7, 0xdd, 0xc1, 0xdf, 0xd4, 0xe6, 0xf2, 0xe4,
    0xea, 0xfb, 0xf5, 0x03, 0xf4, 0xff, 0xfd, 0x2a, 0x08, 0x06, 0x0d, 0xfc, 0x01, 0x0d, 0xf3, 0xf8,
    0xe3, 0xe0, 0xe1, 0xd9, 0xdd, 0xbd, 0xf3, 0xf7, 0xd9, 0xdd, 0xbe, 0xbd, 0x9e, 0xe8, 0xde, 0xc0,
    0xe7, 0xbb, 0xf4, 0xbb, 0xbf, 0x01, 0x02, 0xfd, 0xfe, 0x07, 0x04, 0xfd, 0x07, 0xef, 0xe3, 0xe5,
    0xec, 0xea, 0xfc, 0xf8, 0xec, 0xf5, 0xf4, 0x02, 0x00, 0xfa, 0x02, 0xf8, 0xee, 0xe2, 0xdd, 0xe4,
    0xfa, 0xfd, 0x0c, 0xfe, 0xfe, 0x03, 0x01, 0xff, 0xf4, 0xfd, 0xfb, 0xf8, 0xf6, 0xfa, 0xf6, 0xfb,
    0xf4, 0x06, 0xfc, 0xf9, 0xf8, 0xfa, 0xf3, 0xef, 0xf6, 0xf4, 0xfa, 0xf6, 0xfb, 0x02, 0xfe, 0xf9,
    0xf9, 0xf8, 0x00, 0xf2, 0xf3, 0xe6, 0xf8, 0x00, 0xfa, 0x03, 0xf1, 0xf1, 0xe5, 0xfd, 0xfa, 0xf6,
    0xfd, 0x0a, 0xf5, 0xef, 0xed, 0xff, 0x07, 0xf6, 0xe1, 0xe1, 0xc5, 0xdb, 0xd9, 0xed, 0xf4, 0x01,
    0x05, 0x15, 0x13, 0x0e, 0x05, 0x24, 0x27, 0x39, 0x32, 0x03, 0xee, 0xd4, 0xe1, 0xc5, 0x9c, 0xcf,
    0xee, 0x1a, 0x28, 0x16, 0x12, 0x03, 0x22, 0x0d, 0x05, 0xea, 0xfa, 0xc2, 0x0a, 0x18, 0x39, 0xe0,
    0xe8, 0xe4, 0xdd, 0xde, 0xc7, 0x20, 0x1b, 0x16, 0x09, 0x0c, 0x04, 0xf9, 0x06, 0xef, 0xe4, 0xed,
    0xf0, 0xec, 0xfa, 0xf9, 0xfd, 0xed, 0xf8, 0x0c, 0xfa, 0xff, 0x08, 0xf5, 0xee, 0xe3, 0xdf, 0xe5,
    0xfa, 0x00, 0x05, 0x03, 0x0a, 0x03, 0x06, 0xf8, 0xfb, 0x01, 0x01, 0xfe, 0xf8, 0xfb, 0xfb, 0xff,
    0x03, 0x00, 0x08, 0x04, 0x19, 0x17, 0x21, 0x19, 0x17, 0x18, 0x0a, 0x0a, 0x09, 0x0a, 0x12, 0x10,
    0x1d, 0x1d, 0x0a, 0x11, 0x1a, 0x20, 0x16, 0x0a, 0x1d, 0x14, 0x0c, 0x13, 0x11, 0x0d, 0x0f, 0x04,
    0x02, 0x10, 0x13, 0xf8, 0x10, 0x17, 0x2e, 0x0a, 0x02, 0xf9, 0x01, 0xf7, 0x17, 0x17, 0x09, 0x16,
    0x1f, 0x23, 0x1a, 0x20, 0x09, 0x21, 0x19, 0x2e, 0x16, 0xe7, 0xcf, 0xb5, 0xde, 0xcf, 0x03, 0xef,
    0x2a, 0x59, 0x79, 0x64, 0x51, 0x7f, 0x6a, 0x3e, 0x42, 0x11, 0x22, 0x17, 0x44, 0x49, 0x3c, 0xf4,
    0x0e, 0x13, 0x1f, 0x4d, 0x21, 0xaf, 0xb6, 0x0e, 0x32, 0xf8, 0xed, 0xe3, 0xe8, 0xde, 0xea, 0xe7,
    0xed, 0xf1, 0xe9, 0xf3, 0xe8, 0xea, 0xe8, 0xe3, 0xd5, 0xe9, 0xe7, 0xeb, 0xf0, 0xee, 0xf1, 0xea,
    0xec, 0xe9, 0xe7, 0xeb, 0xea, 0xee, 0xef, 0xee, 0xf3, 0xe7, 0xf0, 0xe6, 0xe3, 0xd9, 0xef, 0xea,
    0xe7, 0xe4, 0xea, 0xed, 0xe9, 0xf0, 0xf0, 0xe8, 0xea, 0xdc, 0xf9, 0xfb, 0x02, 0xf9, 0xea, 0xe5,
    0xd8, 0xe2, 0xee, 0xee, 0xe4, 0xd8, 0xd7, 0xdc, 0xda, 0xd3, 0xd9, 0xc4, 0xd0, 0xe2, 0xda, 0xed,
    0xe4, 0xca, 0xd2, 0xe5, 0xce, 0xdb, 0xbc, 0xde, 0xe9, 0xe0, 0xcb, 0xe6, 0xcf, 0xcf, 0xbf, 0xc9,
    0xc6, 0xb3, 0x9b, 0xbb, 0xd6, 0xb1, 0xa9, 0xb9, 0xc8, 0x06, 0x16, 0x1f, 0x29, 0x40, 0x11, 0x0b,
    0x00, 0xd7, 0xbf, 0xb3, 0xd5, 0xe2, 0xd6, 0xe8, 0x03, 0x15, 0xf8, 0x03, 0xde, 0xc8, 0xfa, 0x02,
    0xe3, 0xc4, 0xcd, 0xae, 0x26, 0xf0, 0x04, 0x40, 0x57, 0xf2, 0xe8, 0xde, 0xdf, 0xdc, 0xea, 0xe7,
    0xe8, 0xeb, 0xe7, 0xe4, 0xe9, 0xe9, 0xe5, 0xd1, 0xd2, 0xd7, 0xde, 0xe5, 0xf4, 0xee, 0xf2, 0xf4,
    0xee, 0xec, 0xde, 0xf0, 0xe9, 0xf7, 0xe8, 0xf3, 0xf9, 0xf0, 0xe8, 0xf0, 0xdd, 0xe2, 0xe2, 0xe7,
    0xe7, 0xe0, 0xee, 0xf2, 0xf4, 0xf2, 0xed, 0xf7, 0xeb, 0xed, 0xfa, 0x02, 0x04, 0xfe, 0xfd, 0xf0,
    0xde, 0xe7, 0xf6, 0xf3, 0xf6, 0xe3, 0xe3, 0xe2, 0xd4, 0xe6, 0xe7, 0xdd, 0xd6, 0xe8, 0xec, 0x01,
    0xfc, 0xec, 0xfa, 0xf1, 0xde, 0xd9, 0xd2, 0xee, 0xe8, 0xe0, 0xcb, 0xf1, 0xe4, 0xd6, 0xf0, 0xe9,
    0xe1, 0xe2, 0xf5, 0xf7, 0xe6, 0xea, 0xf9, 0xc6, 0xca, 0xf0, 0xe4, 0xde, 0xd7, 0xd4, 0xaa, 0xc7,
    0xeb, 0xdc, 0xe7, 0xfb, 0x16, 0xf4, 0xe9, 0x01, 0x12, 0x03, 0x08, 0xf5, 0xe1, 0xcb, 0xc9, 0xa0,
    0x91, 0xad, 0xba, 0xbd, 0x2f, 0x31, 0x45, 0x2f, 0x14, 0xf4, 0xeb, 0xe0, 0xda, 0xe4, 0xe6, 0xf5,
    0xec, 0xf0, 0xed, 0xef, 0xed, 0xeb, 0xe4, 0xda, 0xc7, 0xdd, 0xdb, 0xe9, 0xed, 0xf4, 0xed, 0xf5,
    0xf1, 0xe8, 0xee, 0xed, 0xf1, 0xf4, 0xef, 0xf6, 0xfd, 0xf3, 0xef, 0xf0, 0xdd, 0xd8, 0xe7, 0xe8,
    0xe6, 0xee, 0xe9, 0xf6, 0xf6, 0xf4, 0xf1, 0x07, 0xfe, 0xf6, 0x07, 0x09, 0x0b, 0x0c, 0xfb, 0x06,
    0x01, 0x04, 0x01, 0x08, 0x06, 0x14, 0xef, 0xe1, 0x01, 0x06, 0x06, 0xfc, 0x06, 0xf9, 0x0a, 0x13,
    0x1c, 0x1d, 0x24, 0x24, 0x0f, 0xf1, 0x19, 0x17, 0x12, 0x08, 0x07, 0x1e, 0x33, 0x29, 0x25, 0x17,
    0x10, 0x17, 0x28, 0x14, 0x14, 0x0c, 0x0a, 0x07, 0x00, 0x05, 0xf0, 0xe6, 0x0e, 0x00, 0xfb, 0xf6,
    0x28, 0x3c, 0x4c, 0x3b, 0x66, 0x4a, 0x40, 0x45, 0x45, 0x2d, 0x15, 0x11, 0xe8, 0xeb, 0xc3, 0xd2,
    0xd2, 0x02, 0x12, 0x3f, 0x1f, 0xc9, 0xc3, 0xaa, 0xc2, 0xe9, 0xe7, 0xe3, 0xd8, 0xe5, 0xe7, 0xec,
    0xe9, 0xee, 0xed, 0xf1, 0xed, 0xe6, 0xe5, 0xde, 0xd3, 0xd7, 0xe2, 0xe2, 0xf0, 0xef, 0xe5, 0xf8,
    0xeb, 0xed, 0xee, 0xf1, 0xf2, 0xf2, 0xf0, 0xe9, 0xf2, 0xf1, 0xf1, 0xea, 0xeb, 0xdc, 0xea, 0xec,
    0xef, 0xf1, 0xf6, 0x02, 0x02, 0x12, 0x0a, 0x0d, 0x07, 0x11, 0x01, 0x0a, 0x0b, 0x03, 0xf5, 0x01,
    0x04, 0x07, 0xfd, 0x0c, 0x1a, 0x0f, 0x06, 0xe2, 0xff, 0x02, 0x09, 0xff, 0x06, 0x05, 0x0f, 0x15,
    0x17, 0x2a, 0x2c, 0x21, 0x11, 0x03, 0x1f, 0x27, 0x18, 0x1c, 0x1a, 0x1c, 0x3b, 0x38, 0x33, 0x20,
    0x1d, 0x1a, 0x13, 0x15, 0x19, 0x1b, 0x18, 0x2f, 0x25, 0x28, 0x32, 0x33, 0x3f, 0x4b, 0x7f, 0x5e,
    0x69, 0x68, 0x52, 0x4f, 0x5d, 0x3f, 0x4e, 0x54, 0x4f, 0x22, 0xf4, 0x09, 0x0c, 0x21, 0x18, 0x21,
    0x24, 0x3b, 0x4d, 0x49, 0x20, 0xc5, 0xc0, 0x96, 0xa9, 0xe8, 0xe3, 0xe0, 0xdc, 0xe3, 0xe9, 0xec,
    0xf6, 0xe7, 0xef, 0xee, 0xe3, 0xed, 0xe7, 0xcf, 0xe1, 0xe2, 0xe8, 0xf6, 0xf0, 0xec, 0xec, 0xed,
    0xf2, 0xe7, 0xf6, 0xed, 0xe8, 0xf5, 0xe7, 0xf1, 0xf2, 0xf0, 0xe2, 0xf3, 0xe8, 0xe5, 0xf1, 0xe6,
    0xf0, 0xf3, 0xf2, 0xf4, 0xf4, 0xfe, 0xfb, 0xec, 0xf5, 0xfa, 0xf8, 0xfa, 0xfe, 0xf2, 0xeb, 0xe7,
    0xe6, 0xe5, 0xf2, 0xf8, 0x09, 0xf3, 0xf1, 0xe7, 0xe1, 0xf8, 0xf1, 0xe6, 0xe9, 0xf1, 0x00, 0xfc,
    0x02, 0x0e, 0x03, 0x11, 0xf5, 0xef, 0xef, 0xf9, 0xfa, 0x01, 0xef, 0xfd, 0xee, 0x0f, 0x05, 0xf8,
    0xf7, 0xf1, 0xf9, 0xf1, 0x0a, 0xff, 0x25, 0x5e, 0x4e, 0x52, 0x43, 0x30, 0x32, 0x38, 0x01, 0x1f,
    0x08, 0x18, 0xe9, 0xfb, 0xea, 0xc1, 0xca, 0x04, 0xdc, 0xfb, 0xf9, 0xfc, 0x29, 0x35, 0x3c, 0x25,
    0x44, 0x1e, 0x2c, 0xef, 0xec, 0xaa, 0x9f, 0x83, 0x98, 0xf5, 0x01, 0x03, 0xfe, 0xfa, 0x17, 0x0d,
    0xff, 0xfc, 0xfd, 0x03, 0x07, 0x05, 0x07, 0x0e, 0x0c, 0xfd, 0xf3, 0xf1, 0xf7, 0x11, 0x12, 0x11,
    0x0f, 0x0d, 0x0d, 0x03, 0xf7, 0xf1, 0xea, 0xe7, 0xeb, 0xf2, 0xfb, 0x02, 0x0d, 0x0e, 0x0e, 0x11,
    0x0c, 0x07, 0x03, 0xf9, 0xf2, 0xf1, 0xf7, 0xf8, 0xf9, 0xfa, 0xfa, 0xf2, 0xf8, 0x03, 0xfb, 0x04,
    0x05, 0x04, 0xf4, 0xea, 0xf9, 0x02, 0xff, 0xee, 0xeb, 0xed, 0xf1, 0xff, 0x06, 0x09, 0xf9, 0xf4,
    0xf2, 0xfc, 0xfc, 0xf7, 0xf2, 0xf3, 0x07, 0x03, 0xf4, 0xf4, 0x0f, 0xf7, 0xf7, 0x00, 0x05, 0xfd,
    0xff, 0x0c, 0x04, 0xf6, 0xfe, 0x09, 0x03, 0xff, 0x00, 0xfe, 0xfd, 0x00, 0x08, 0xf9, 0xfb, 0xfd,
    0x01, 0x02, 0x00, 0xfe, 0x01, 0x03, 0xff, 0x01, 0xfb, 0xfc, 0xf6, 0xf6, 0xfc, 0xf1, 0xf6, 0xfe,
    0xf7, 0xf8, 0xfb, 0xf2, 0xe6, 0xaa, 0xa7, 0xcb, 0xe6, 0xfa, 0x03, 0x03, 0xfb, 0xfa, 0x15, 0x0b,
    0xfe, 0xf9, 0xfd, 0x02, 0x06, 0x09, 0x05, 0x0f, 0x0c, 0xfe, 0xf6, 0xf5, 0xfa, 0x12, 0x13, 0x16,
    0x15, 0x13, 0x0f, 0x07, 0xf7, 0xf1, 0xeb, 0xe3, 0xeb, 0xf1, 0xf8, 0x04, 0x10, 0x0f, 0x0f, 0x11,
    0x09, 0x08, 0x07, 0x01, 0xf4, 0xf5, 0xf7, 0xf8, 0xfc, 0xfe, 0xf8, 0xf3, 0xf7, 0xff, 0x01, 0x04,
    0x05, 0x03, 0xf1, 0xe6, 0xf6, 0x05, 0xfe, 0xef, 0xeb, 0xe8, 0xf1, 0x00, 0x06, 0x0a, 0xfa, 0xf3,
    0xf6, 0xf4, 0xf7, 0xfa, 0xf3, 0xf2, 0x04, 0x07, 0xf4, 0xf9, 0x0a, 0xf7, 0xf7, 0x04, 0x05, 0xfa,
    0x00, 0x11, 0x08, 0xfc, 0xfb, 0x06, 0x01, 0x02, 0x07, 0xfd, 0xfc, 0x01, 0x08, 0x00, 0x02, 0x06,
    0x02, 0x02, 0xfe, 0xfc, 0x02, 0x03, 0xfd, 0x01, 0xf8, 0xfb, 0xf7, 0xf8, 0xfb, 0xf3, 0xfb, 0x02,
    0x01, 0xfd, 0x00, 0xf7, 0xea, 0x5d, 0x71, 0x6e, 0x4a, 0x0a, 0x05, 0x07, 0xfd, 0xfe, 0x15, 0x0f,
    0x00, 0xf9, 0x00, 0x06, 0x09, 0x05, 0x05, 0x0d, 0x0e, 0xfe, 0xf3, 0xf0, 0xf7, 0x0d, 0x17, 0x13,
    0x13, 0x12, 0x0b, 0x09, 0xfd, 0xf3, 0xeb, 0xe7, 0xeb, 0xef, 0xfa, 0x02, 0x0a, 0x12, 0x0d, 0x12,
    0x0c, 0x09, 0x09, 0xfe, 0xf2, 0xf1, 0xf7, 0xfc, 0xfd, 0xfd, 0xf8, 0xf4, 0xf7, 0x02, 0x02, 0x05,
    0x02, 0x05, 0xf2, 0xeb, 0xf9, 0x04, 0xff, 0xef, 0xed, 0xec, 0xf3, 0x01, 0x05, 0x0b, 0xfc, 0xf4,
    0xf4, 0xf8, 0xf9, 0x00, 0xf6, 0xf3, 0x07, 0x0a, 0xf5, 0xf9, 0x09, 0xf9, 0xfb, 0x09, 0x06, 0xf9,
    0xfe, 0x0d, 0x0c, 0xf5, 0xfd, 0x09, 0x04, 0xff, 0x07, 0x03, 0xfe, 0x09, 0x08, 0x03, 0x04, 0x06,
    0x00, 0xfe, 0xff, 0xfc, 0x00, 0xf9, 0xf9, 0xff, 0xf6, 0xfd, 0xfe, 0xf6, 0xff, 0xf9, 0x01, 0x05,
    0x07, 0x01, 0x01, 0xf6, 0xeb, 0xec, 0xfd, 0x4e, 0x5a, 0x0b, 0x03, 0x08, 0x03, 0x04, 0x17, 0x10,
    0x05, 0xfe, 0xfd, 0x04, 0x07, 0x0a, 0x08, 0x0b, 0x0b, 0xfc, 0xf4, 0xf3, 0xfc, 0x0f, 0x15, 0x15,
    0x12, 0x10, 0x0c, 0x06, 0xfa, 0xf2, 0xef, 0xe6, 0xef, 0xf2, 0xfd, 0x07, 0x0c, 0x0e, 0x0c, 0x0d,
    0x0a, 0x06, 0x05, 0xfe, 0xf1, 0xf1, 0xf9, 0xfb, 0xff, 0xfe, 0xfb, 0xf5, 0xf6, 0x00, 0x01, 0x04,
    0x01, 0x03, 0xf3, 0xe8, 0xf8, 0x00, 0xfc, 0xf1, 0xee, 0xed, 0xf5, 0xfe, 0x01, 0x09, 0xfb, 0xf2,
    0xf4, 0xfb, 0xfb, 0x00, 0xf3, 0xf6, 0x06, 0x08, 0xf9, 0xfd, 0x0a, 0xfb, 0xf9, 0x09, 0x07, 0xfc,
    0xfc, 0x10, 0x08, 0xf8, 0xff, 0x0d, 0x07, 0x01, 0x04, 0x02, 0xfd, 0x01, 0x05, 0xfe, 0xfb, 0x00,
    0xfa, 0xfe, 0xfe, 0xfc, 0xfd, 0x01, 0xfc, 0x04, 0xff, 0x04, 0x02, 0xff, 0xff, 0xfb, 0x02, 0x04,
    0x07, 0xfd, 0x02, 0xf2, 0xea, 0x86, 0x81, 0xdb, 0x0f, 0xfb, 0x00, 0x04, 0x03, 0xfd, 0x16, 0x0d,
    0xfe, 0xfa, 0xfc, 0xff, 0x03, 0x09, 0x09, 0x0c, 0x09, 0xf7, 0xf2, 0xf1, 0xf9, 0x10, 0x11, 0x14,
    0x11, 0x11, 0x0e, 0x07, 0xfa, 0xf2, 0xed, 0xe8, 0xef, 0xf4, 0xfc, 0x02, 0x0d, 0x0c, 0x0c, 0x10,
    0x0c, 0x0c, 0x08, 0xfe, 0xf0, 0xf3, 0xfb, 0xfd, 0x03, 0x04, 0xfb, 0xf4, 0xf4, 0x02, 0x03, 0x05,
    0x06, 0x04, 0xf0, 0xed, 0xf8, 0x05, 0x01, 0xf1, 0xf0, 0xec, 0xf1, 0xfe, 0x07, 0x07, 0xf9, 0xf6,
    0xf5, 0xf6, 0xf7, 0xfc, 0xf7, 0xf4, 0x07, 0x06, 0xf8, 0xfd, 0x0d, 0xfd, 0xf9, 0x06, 0x09, 0xfb,
    0x04, 0x0d, 0x04, 0xf8, 0x00, 0x09, 0x02, 0x00, 0x01, 0xfe, 0xfb, 0x03, 0x05, 0xf8, 0xfa, 0xff,
    0x01, 0x01, 0x05, 0x03, 0x03, 0x07, 0x01, 0x04, 0x06, 0x07, 0xff, 0xfc, 0x00, 0xf8, 0x02, 0x04,
    0x04, 0x00, 0xfb, 0xf3, 0xfe, 0xfb, 0xfe, 0x02, 0x05, 0xfb, 0xfd, 0xff, 0x00, 0x04, 0xfb, 0x06,
    0x02, 0xff, 0x03, 0x03, 0xfe, 0x02, 0x00, 0x06, 0xfb, 0x09, 0xfe, 0x07, 0xfd, 0xfe, 0xff, 0x07,
    0xfc, 0xfe, 0xf8, 0xfc, 0xfb, 0x03, 0x01, 0x01, 0x00, 0x02, 0xfb, 0xff, 0xff, 0x01, 0xfe, 0x00,
    0x01, 0x03, 0xff, 0xf8, 0xfe, 0xfc, 0xff, 0xfd, 0xfb, 0x0c, 0xf7, 0xfa, 0xf8, 0xfb, 0xf6, 0x00,
    0x0b, 0x0b, 0xfa, 0xf5, 0xf3, 0xf7, 0xfa, 0xf1, 0x03, 0x0e, 0x09, 0x09, 0x02, 0x06, 0x01, 0xff,
    0xff, 0x16, 0x10, 0xfb, 0x0c, 0x08, 0x22, 0xfd, 0x08, 0x0b, 0x26, 0x08, 0x1a, 0x27, 0x10, 0x05,
    0x04, 0x02, 0x07, 0x00, 0x00, 0x08, 0x03, 0x12, 0x01, 0xf7, 0xf1, 0xf1, 0xfc, 0xf0, 0x08, 0x10,
    0x04, 0x02, 0x06, 0x0d, 0xfe, 0x0b, 0x09, 0x07, 0xef, 0xf9, 0xfb, 0x07, 0x05, 0x26, 0x17, 0x0c,
    0x32, 0xf9, 0x26, 0x0a, 0xf8, 0xfa, 0x01, 0x04, 0xf1, 0x01, 0xfe, 0xfc, 0x10, 0xff, 0xfb, 0x06,
    0x04, 0x01, 0x06, 0x05, 0xff, 0x06, 0xfd, 0x07, 0x03, 0x00, 0x09, 0x03, 0x01, 0x01, 0x06, 0xff,
    0x00, 0xf9, 0xfa, 0xfb, 0xfd, 0xff, 0x03, 0x06, 0xfe, 0x02, 0x02, 0xff, 0xfe, 0x00, 0x03, 0xfa,
    0xff, 0x01, 0xfb, 0x00, 0xfb, 0x07, 0x02, 0xfc, 0xfb, 0x06, 0xf5, 0xf7, 0xf8, 0xf6, 0xfb, 0xfb,
    0x03, 0x06, 0xfa, 0x01, 0xf3, 0xf6, 0xfb, 0xef, 0xff, 0x04, 0x04, 0x01, 0xff, 0x01, 0xf9, 0xf8,
    0xff, 0x04, 0x06, 0xf6, 0xfe, 0xff, 0x0c, 0xf2, 0x03, 0xfe, 0x09, 0x02, 0x00, 0x03, 0xf7, 0xfb,
    0xfc, 0xfd, 0xfa, 0xfa, 0xff, 0xfc, 0xfb, 0x09, 0x0d, 0xf1, 0xed, 0xe3, 0x02, 0xe3, 0xf7, 0x07,
    0x04, 0xff, 0x03, 0xf6, 0xf5, 0x00, 0x00, 0xfd, 0xeb, 0xee, 0xeb, 0xfd, 0xfb, 0x19, 0x1c, 0xfe,
    0x12, 0xdb, 0x0a, 0xf1, 0xf8, 0xf4, 0x06, 0xf9, 0xfd, 0x01, 0x05, 0x03, 0x05, 0x06, 0x01, 0xff,
    0x01, 0x03, 0x03, 0x05, 0x02, 0xfd, 0x02, 0x04, 0x08, 0x01, 0x09, 0x07, 0x02, 0x00, 0x08, 0x01,
    0x00, 0xfc, 0xf8, 0xfa, 0x02, 0x06, 0x00, 0x01, 0x00, 0x01, 0x02, 0x01, 0xfc, 0x04, 0x04, 0xfd,
    0x02, 0xfc, 0x02, 0xfd, 0xfc, 0xff, 0x08, 0x00, 0xfb, 0x03, 0xfd, 0xf4, 0x02, 0xf8, 0xff, 0xfe,
    0x06, 0x05, 0x06, 0xff, 0xf9, 0xf9, 0xf8, 0xef, 0xfc, 0x17, 0x01, 0x0f, 0x02, 0x02, 0xfd, 0xfd,
    0x00, 0x0a, 0x0a, 0x00, 0x07, 0x01, 0x0d, 0xfa, 0x07, 0x07, 0x09, 0x01, 0x0e, 0x0b, 0x01, 0xfb,
    0x04, 0xff, 0xf5, 0x00, 0xf7, 0x03, 0x00, 0x00, 0xfc, 0xec, 0xf4, 0xe8, 0xfb, 0xf9, 0x01, 0x08,
    0x08, 0x05, 0x12, 0x03, 0xfd, 0x0c, 0x0f, 0xf6, 0xf3, 0xed, 0x02, 0xff, 0x0e, 0x12, 0x32, 0xe9,
    0xf6, 0xf3, 0xd4, 0xe4, 0xff, 0xf7, 0xfe, 0x01, 0xf9, 0x02, 0xfe, 0x05, 0x06, 0x03, 0x00, 0x01,
    0x05, 0x08, 0xfd, 0x07, 0x02, 0x00, 0x04, 0xfe, 0x05, 0xfd, 0x01, 0x07, 0xfe, 0x01, 0x02, 0x01,
    0xfd, 0xf9, 0xf9, 0x00, 0x00, 0x03, 0x02, 0x06, 0x01, 0x04, 0x03, 0x01, 0xfe, 0x07, 0xfe, 0x02,
    0xfc, 0x06, 0xf9, 0xfe, 0xf8, 0x01, 0xfc, 0x0c, 0x04, 0x0a, 0x11, 0x01, 0xfc, 0x02, 0x04, 0x01,
    0x15, 0x09, 0x00, 0xf7, 0xef, 0xfb, 0xf7, 0xf8, 0xf8, 0x0a, 0xf7, 0x07, 0x04, 0xff, 0xf6, 0xf7,
    0xfa, 0xee, 0xfd, 0xfa, 0x03, 0x04, 0x08, 0xef, 0x04, 0x0c, 0x18, 0x09, 0x10, 0x08, 0xec, 0x01,
    0xf9, 0xf3, 0xe5, 0xee, 0xef, 0xfe, 0x05, 0xfa, 0xfd, 0x03, 0xff, 0x0b, 0x06, 0x03, 0x3c, 0x1d,
    0x22, 0x11, 0x2a, 0x1b, 0x17, 0x48, 0x22, 0xf8, 0xff, 0xf4, 0x08, 0x08, 0x21, 0x06, 0x1c, 0xff,
    0xfd, 0x02, 0xd7, 0xff, 0xfc, 0x04, 0xfa, 0x02, 0x09, 0xff, 0x04, 0x03, 0x03, 0xfe, 0x07, 0x05,
    0xff, 0x03, 0x02, 0x03, 0x06, 0xfa, 0x05, 0x05, 0x09, 0xfe, 0x0c, 0xfd, 0xff, 0x03, 0x00, 0x02,
    0xfc, 0xfb, 0xfe, 0xfc, 0xfc, 0x06, 0xfe, 0x02, 0x07, 0x04, 0x06, 0xfe, 0x03, 0xff, 0x00, 0xff,
    0x00, 0xfb, 0xfd, 0xfa, 0xfe, 0x00, 0xfc, 0x10, 0x08, 0x10, 0x04, 0x02, 0x01, 0x04, 0x03, 0x05,
    0x09, 0x08, 0xff, 0x01, 0xf6, 0x0b, 0xff, 0xf1, 0xf7, 0xfb, 0xfc, 0xff, 0x0f, 0xfc, 0xf2, 0xfb,
    0xef, 0xea, 0xee, 0xf3, 0xf8, 0xf7, 0xee, 0xe1, 0x02, 0x00, 0x17, 0x0f, 0x10, 0xf4, 0xe3, 0xed,
    0xfb, 0xe1, 0xd6, 0xe2, 0xdc, 0xe8, 0xee, 0xe8, 0xf2, 0x03, 0x09, 0x31, 0x26, 0x3a, 0x7f, 0x50,
    0x3d, 0x0f, 0x21, 0x04, 0x09, 0x57, 0x1f, 0xf3, 0x0c, 0xea, 0x08, 0x08, 0x00, 0xe5, 0xe6, 0xc6,
    0xf8, 0xe6, 0xcb, 0x04, 0x26, 0x15, 0x09, 0xf4, 0xe8, 0x00, 0xfa, 0x00, 0xfd, 0x02, 0x08, 0x0b,
    0x09, 0x0a, 0x00, 0x04, 0x00, 0x01, 0xfa, 0xf7, 0xf8, 0xfd, 0xfe, 0x03, 0xff, 0x0f, 0x0c, 0x10,
    0x0a, 0xf6, 0xfa, 0xfe, 0xfa, 0xfb, 0xfc, 0x00, 0x04, 0xff, 0x06, 0x00, 0xff, 0xff, 0xff, 0x00,
    0x01, 0x01, 0x02, 0x02, 0x04, 0x03, 0x09, 0x01, 0x04, 0x01, 0x06, 0xfc, 0xfe, 0x00, 0xfa, 0xff,
    0xfc, 0x01, 0x00, 0x06, 0x00, 0xfa, 0xfb, 0xf6, 0xff, 0xfb, 0xfa, 0xf3, 0xf5, 0xfe, 0x05, 0x0a,
    0x0f, 0x2a, 0x2d, 0x1c, 0x0b, 0x02, 0x0c, 0x0d, 0x14, 0x11, 0x15, 0x0d, 0x05, 0x00, 0xf2, 0xf3,
    0xfa, 0xf9, 0xe7, 0xf6, 0xf4, 0x03, 0x13, 0x38, 0x1a, 0x1d, 0x06, 0xff, 0x06, 0x16, 0xfe, 0xfe,
    0x11, 0x25, 0x32, 0x0a, 0x24, 0x04, 0x0f, 0x0f, 0x02, 0xf2, 0xec, 0xdd, 0x05, 0x34, 0xf3, 0xfb,
    0x0f, 0x0f, 0x18, 0x0a, 0x25, 0x00, 0xf1, 0xd8, 0xcf, 0xfd, 0xfe, 0x02, 0x03, 0x01, 0x11, 0x0a,
    0x0b, 0x08, 0x04, 0x00, 0x07, 0x02, 0xfe, 0xfb, 0xf5, 0xff, 0xfb, 0x04, 0x09, 0x0a, 0x10, 0x0c,
    0x07, 0xf9, 0xf3, 0xfb, 0xfc, 0xfa, 0xfa, 0x04, 0xff, 0x03, 0x01, 0xff, 0xfe, 0x03, 0xff, 0x01,
    0xfc, 0xfe, 0xff, 0x01, 0xff, 0x02, 0x00, 0x03, 0x03, 0x06, 0x02, 0xf5, 0xf1, 0xee, 0xf5, 0xf7,
    0xf1, 0xfa, 0x00, 0xfd, 0x02, 0xf6, 0xf9, 0xfa, 0xf5, 0xfa, 0xfa, 0xf2, 0xf7, 0xf8, 0xfa, 0x02,
    0x04, 0x21, 0x22, 0x11, 0x06, 0xfd, 0xfb, 0x09, 0x0b, 0x0a, 0x03, 0x05, 0xed, 0xe1, 0xe1, 0xf1,
    0xf9, 0xfe, 0xfa, 0x00, 0xf6, 0x10, 0x2e, 0x5f, 0x34, 0x1b, 0x0f, 0xff, 0x10, 0x15, 0xfb, 0xee,
    0xf8, 0x19, 0x1f, 0xfe, 0x18, 0xf6, 0x09, 0xf7, 0xed, 0xe4, 0xe5, 0xe0, 0x20, 0x30, 0xd5, 0xe3,
    0xf8, 0xd8, 0xf1, 0xe9, 0x25, 0xf7, 0xe4, 0xe7, 0xe9, 0xfe, 0xff, 0x05, 0x01, 0xff, 0x0a, 0x0d,
    0x0d, 0x09, 0x03, 0x00, 0x05, 0x05, 0x00, 0xf9, 0xf8, 0xfd, 0x04, 0x02, 0x06, 0x0c, 0x0b, 0x0b,
    0x04, 0xf6, 0xf3, 0xfa, 0xfb, 0xf7, 0xfe, 0xff, 0x02, 0xff, 0x00, 0xfd, 0xfd, 0x01, 0xfe, 0xf9,
    0xfc, 0xfd, 0xfa, 0x02, 0x02, 0xfd, 0xfc, 0xfe, 0xff, 0x00, 0xfe, 0xef, 0xe0, 0xdf, 0xe8, 0xf3,
    0xef, 0xf7, 0xfe, 0x00, 0xfd, 0xfb, 0xfa, 0xf4, 0xf2, 0xf3, 0xf3, 0xf1, 0xf4, 0xf4, 0xf3, 0xfa,
    0xfc, 0x03, 0x08, 0x05, 0xfe, 0xf5, 0xf6, 0xfc, 0x06, 0x03, 0xfe, 0xf4, 0xdd, 0xd4, 0xde, 0xf4,
    0xf8, 0x09, 0x09, 0x07, 0x07, 0x13, 0x35, 0x7f, 0x4b, 0x2d, 0x11, 0xf9, 0x0c, 0xfd, 0xfe, 0xee,
    0xef, 0x20, 0x18, 0xf8, 0xfa, 0xf5, 0x13, 0xe0, 0xdd, 0xd2, 0xdb, 0xd7, 0x0f, 0x2e, 0xda, 0xda,
    0xdc, 0xda, 0xf0, 0xe3, 0x25, 0x0e, 0x08, 0x13, 0x12, 0x02, 0xfb, 0xfe, 0x04, 0x05, 0x0b, 0x0b,
    0x0e, 0x08, 0x01, 0x04, 0x02, 0x06, 0xff, 0xfb, 0xf9, 0xfc, 0x04, 0xfe, 0x07, 0x0b, 0x08, 0x0b,
    0xfd, 0xf6, 0xf6, 0xf2, 0xfa, 0xfc, 0xfc, 0x01, 0xff, 0xfd, 0x00, 0xff, 0xff, 0xff, 0xfe, 0xfc,
    0xf9, 0xfd, 0xfa, 0x02, 0xfe, 0x02, 0xfb, 0xff, 0xfa, 0xfe, 0xf9, 0xed, 0xdf, 0xde, 0xe7, 0xee,
    0xf2, 0xfb, 0xfb, 0xff, 0xff, 0x03, 0xfe, 0xf1, 0xf0, 0xf4, 0xfa, 0xf5, 0xfa, 0xf6, 0xf0, 0xf2,
    0xf5, 0xf4, 0xf2, 0xfb, 0xfd, 0xf5, 0xf1, 0xfa, 0x01, 0xff, 0xff, 0xec, 0xdf, 0xd1, 0xe4, 0xfe,
    0xfd, 0x07, 0x06, 0x06, 0x07, 0x15, 0x22, 0x5a, 0x42, 0x25, 0x13, 0x02, 0x07, 0x04, 0x06, 0xfe,
    0xf7, 0x1d, 0x14, 0xff, 0xe6, 0xf0, 0x08, 0xd4, 0xdb, 0xc2, 0xe4, 0xe1, 0x3e, 0x34, 0x1b, 0x03,
    0xe7, 0x04, 0xee, 0xf2, 0x28, 0x0d, 0x05, 0x1e, 0x1a, 0x04, 0xfc, 0xfb, 0x02, 0xff, 0x08, 0x09,
    0x0f, 0x07, 0x01, 0x02, 0x04, 0x02, 0x00, 0xf8, 0xfb, 0xfc, 0x01, 0x00, 0x03, 0x0a, 0x0b, 0x06,
    0xfe, 0xf5, 0xf8, 0xfb, 0xfc, 0xfd, 0xfa, 0x00, 0x02, 0x00, 0xfb, 0x02, 0x00, 0x01, 0xfa, 0xfe,
    0xfa, 0xfa, 0xfc, 0xfe, 0xff, 0xfc, 0xfe, 0xfc, 0xff, 0xf8, 0xf9, 0xf2, 0xeb, 0xe2, 0xee, 0xed,
    0xf2, 0xf9, 0xfb, 0xfe, 0x01, 0x04, 0xfe, 0xf6, 0xff, 0xff, 0x02, 0xff, 0x03, 0xf8, 0xff, 0xf6,
    0xf0, 0xf2, 0xf0, 0xfe, 0xff, 0xf7, 0xfa, 0xf8, 0x04, 0x00, 0x05, 0xeb, 0xeb, 0xe3, 0xed, 0xf9,
    0xf9, 0x00, 0x0b, 0x02, 0x06, 0x01, 0x0b, 0x20, 0x1c, 0x0f, 0x0f, 0x0e, 0xfb, 0xfb, 0x10, 0xff,
    0xe5, 0xf0, 0xf9, 0xf3, 0xce, 0xde, 0xe7, 0xcf, 0xc9, 0xd8, 0x00, 0x0f, 0x51, 0x2d, 0x2f, 0x08,
    0x0b, 0x0b, 0xfd, 0x0d, 0xff, 0xf5, 0xec, 0x09, 0x05, 0x0a, 0x1d, 0x1f, 0x28, 0x35, 0x4d, 0x45,
    0x45, 0x4a, 0x27, 0x2e, 0x39, 0x38, 0x33, 0x2d, 0x3f, 0x3b, 0x1c, 0x20, 0x2c, 0x4e, 0x58, 0x57,
    0x2c, 0x05, 0x10, 0x17, 0x0f, 0x1b, 0x1e, 0x1e, 0x19, 0x24, 0x22, 0x2a, 0x33, 0x49, 0x2e, 0x26,
    0x1c, 0x1e, 0x24, 0x23, 0x13, 0x08, 0xec, 0x0a, 0x0e, 0x0b, 0x0b, 0x13, 0x11, 0x26, 0x22, 0x25,
    0x04, 0x1d, 0x14, 0x03, 0xfa, 0x05, 0xef, 0xe9, 0x07, 0xfb, 0x18, 0x0f, 0x15, 0x03, 0x13, 0x38,
    0x3c, 0x2a, 0x38, 0x49, 0x26, 0xf8, 0x01, 0x26, 0x3d, 0x46, 0x69, 0x5a, 0x28, 0x0b, 0x22, 0x1f,
    0x12, 0x14, 0xfc, 0xfc, 0xf3, 0xe5, 0xcc, 0xd5, 0xcc, 0xd4, 0xc6, 0xe0, 0xfc, 0x19, 0xef, 0x03,
    0x0e, 0xd4, 0xea, 0xc8, 0x0e, 0xbd, 0xe2, 0xde, 0xfc, 0x1e, 0xde, 0xbe, 0xb2, 0xbc, 0xa7, 0x26,
    0xab, 0xcb, 0x03, 0xe8, 0xfb, 0xf9, 0xf7, 0x15, 0x0c, 0x17, 0x18, 0x27, 0x35, 0x3a, 0x54, 0x40,
    0x43, 0x46, 0x2b, 0x3c, 0x3a, 0x43, 0x3a, 0x32, 0x40, 0x3d, 0x1d, 0x2c, 0x2f, 0x58, 0x5a, 0x5e,
    0x2b, 0x09, 0x03, 0x1a, 0x16, 0x1f, 0x1f, 0x21, 0x1a, 0x21, 0x21, 0x23, 0x3f, 0x43, 0x39, 0x26,
    0x28, 0x22, 0x1c, 0x28, 0x17, 0x07, 0xfe, 0x07, 0x0a, 0x07, 0x06, 0x0f, 0x2a, 0x29, 0x35, 0x2d,
    0x16, 0x15, 0x0f, 0x12, 0x16, 0x0e, 0xfe, 0xe4, 0x0b, 0x0c, 0x12, 0x19, 0x11, 0x0f, 0x2a, 0x3d,
    0x45, 0x38, 0x4b, 0x3e, 0x2c, 0x07, 0x1a, 0x2d, 0x3e, 0x4a, 0x65, 0x50, 0x3c, 0x29, 0x3b, 0x20,
    0x16, 0x14, 0x0f, 0xff, 0xf1, 0xf1, 0xf5, 0x0a, 0xe9, 0xd5, 0xbb, 0xba, 0xd7, 0xc7, 0xce, 0xd2,
    0x04, 0xf2, 0x04, 0xfc, 0x23, 0xf9, 0x05, 0x21, 0x29, 0x2e, 0x0a, 0x0b, 0xe9, 0xde, 0xc4, 0xc6,
    0xdb, 0xa5, 0x1a, 0xeb, 0xf4, 0xef, 0xf0, 0x0a, 0x14, 0x10, 0x1e, 0x1c, 0x3a, 0x33, 0x4a, 0x47,
    0x3f, 0x47, 0x28, 0x33, 0x34, 0x3b, 0x2f, 0x32, 0x42, 0x3e, 0x27, 0x2c, 0x3d, 0x57, 0x60, 0x69,
    0x32, 0x0f, 0x0a, 0x11, 0x16, 0x15, 0x22, 0x2b, 0x19, 0x28, 0x24, 0x2b, 0x3e, 0x4b, 0x39, 0x2f,
    0x28, 0x2b, 0x2b, 0x37, 0x2d, 0x1e, 0x12, 0x0d, 0x1a, 0x13, 0x1b, 0x25, 0x27, 0x45, 0x3c, 0x39,
    0x21, 0x23, 0x16, 0x16, 0x28, 0x22, 0x0c, 0xe7, 0x19, 0x1a, 0x1d, 0x1f, 0x29, 0x26, 0x33, 0x41,
    0x51, 0x4a, 0x57, 0x59, 0x31, 0x04, 0x39, 0x41, 0x47, 0x47, 0x6f, 0x5c, 0x4b, 0x39, 0x45, 0x28,
    0x30, 0x1a, 0x28, 0x09, 0x0e, 0x0b, 0x02, 0x29, 0xfd, 0xfd, 0xd6, 0xbd, 0x12, 0x07, 0xc9, 0xea,
    0x18, 0x1d, 0x31, 0x17, 0x48, 0x00, 0x41, 0x5c, 0x4f, 0x4d, 0x15, 0x13, 0xc6, 0x2e, 0xc3, 0x83,
    0xe5, 0xb8, 0x41, 0x14, 0xfd, 0xeb, 0xed, 0xe0, 0xfc, 0x0e, 0x19, 0x28, 0x32, 0x3c, 0x48, 0x39,
    0x48, 0x41, 0x27, 0x29, 0x3e, 0x42, 0x28, 0x32, 0x42, 0x39, 0x25, 0x23, 0x39, 0x4f, 0x67, 0x65,
    0x45, 0x0e, 0x04, 0x18, 0x23, 0x11, 0x1b, 0x28, 0x28, 0x2b, 0x28, 0x30, 0x43, 0x54, 0x35, 0x2e,
    0x2d, 0x35, 0x36, 0x44, 0x46, 0x35, 0x45, 0x1e, 0x1e, 0x28, 0x17, 0x30, 0x35, 0x3f, 0x49, 0x39,
    0x2f, 0x26, 0x18, 0x3e, 0x51, 0x34, 0x33, 0xe8, 0x2f, 0x37, 0x20, 0x3d, 0x21, 0x37, 0x44, 0x4e,
    0x5a, 0x7b, 0x6a, 0x5f, 0x48, 0x09, 0x5c, 0x56, 0x4d, 0x4f, 0x69, 0x56, 0x3f, 0x4a, 0x4e, 0x33,
    0x3e, 0x39, 0x4e, 0x2a, 0x20, 0x24, 0x19, 0x4a, 0x20, 0x0f, 0x06, 0xf7, 0x05, 0x16, 0xe5, 0x1a,
    0x1e, 0x35, 0x3c, 0x54, 0x56, 0x22, 0x44, 0x7f, 0x5a, 0x36, 0x1a, 0xf9, 0xda, 0x45, 0x0f, 0xc5,
    0x0a, 0xe2, 0x3f, 0x17, 0x01, 0xf1, 0xf4, 0xd0, 0xf7, 0x0c, 0x1c, 0x1b, 0x30, 0x36, 0x43, 0x42,
    0x4a, 0x3d, 0x23, 0x25, 0x36, 0x41, 0x25, 0x1d, 0x35, 0x30, 0x1c, 0x22, 0x32, 0x5c, 0x5d, 0x67,
    0x3d, 0x0a, 0x05, 0x17, 0x19, 0x1f, 0x11, 0x24, 0x18, 0x28, 0x27, 0x2b, 0x41, 0x48, 0x42, 0x2b,
    0x2e, 0x30, 0x2d, 0x2e, 0x2c, 0x2e, 0x3d, 0x1f, 0x16, 0x24, 0x27, 0x27, 0x29, 0x38, 0x41, 0x27,
    0x2e, 0x1f, 0x16, 0x21, 0x49, 0x27, 0x1d, 0xe5, 0x2b, 0x3b, 0x23, 0x28, 0x1d, 0x29, 0x3b, 0x53,
    0x58, 0x65, 0x59, 0x63, 0x4d, 0x0f, 0x48, 0x46, 0x45, 0x48, 0x5b, 0x3c, 0x31, 0x4f, 0x3e, 0x32,
    0x2b, 0x3b, 0x3a, 0x34, 0x3a, 0x3e, 0x4e, 0x7d, 0x4e, 0x5a, 0x50, 0x0d, 0x16, 0x06, 0xad, 0xd9,
    0xd8, 0x25, 0x31, 0x65, 0x2d, 0x1e, 0x19, 0x40, 0x1a, 0xf9, 0x03, 0x02, 0x0e, 0x4b, 0x71, 0xda,
    0x39, 0x11, 0x51, 0x38, 0x42, 0xa4, 0xb9, 0xef, 0x3e, 0xef, 0xed, 0xd4, 0xdd, 0xe7, 0xf5, 0xf0,
    0xf9, 0xe9, 0xed, 0xea, 0xfc, 0xeb, 0xf4, 0xd1, 0xc6, 0xd8, 0xf1, 0xee, 0xee, 0xf6, 0x0c, 0xfa,
    0xf8, 0xf1, 0xe8, 0xeb, 0xfa, 0xf2, 0xe5, 0xf4, 0xf1, 0xf0, 0xe9, 0xe4, 0xf6, 0xec, 0xef, 0xf0,
    0xf0, 0xea, 0xf4, 0x03, 0x0a, 0x0f, 0x1d, 0x01, 0x01, 0x08, 0xeb, 0x0d, 0x17, 0x09, 0x08, 0xfd,
    0x0b, 0x02, 0x05, 0x14, 0x1b, 0x18, 0xfe, 0xdb, 0x0b, 0x1d, 0x15, 0x15, 0x0f, 0x0d, 0x1d, 0x1f,
    0x2a, 0x2c, 0x2e, 0x23, 0x1b, 0x07, 0x37, 0x2f, 0x12, 0x22, 0x29, 0x26, 0x4f, 0x68, 0x57, 0x1c,
    0x21, 0x04, 0x2c, 0x03, 0x05, 0xf8, 0xe4, 0xbf, 0xcb, 0xeb, 0xfb, 0xfb, 0x02, 0x00, 0xfe, 0x1d,
    0x31, 0x16, 0x15, 0x40, 0x36, 0x06, 0x06, 0x3a, 0x1c, 0x0f, 0x0f, 0x16, 0xcb, 0x11, 0x0d, 0xee,
    0x42, 0x34, 0x13, 0x28, 0x46, 0xf0, 0xfe, 0x3d, 0x59, 0xff, 0xd7, 0xce, 0xc0, 0xe1, 0xf0, 0xef,
    0xeb, 0xeb, 0xed, 0xea, 0xf0, 0xf2, 0xe5, 0xbf, 0xc6, 0xc7, 0xce, 0xe6, 0xe0, 0x00, 0x02, 0x02,
    0x00, 0xf0, 0xf5, 0xe8, 0xee, 0xef, 0xee, 0xeb, 0xf0, 0xf7, 0xe9, 0xee, 0xe3, 0xd8, 0xf1, 0xf1,
    0xef, 0xf7, 0xef, 0xf4, 0xf9, 0xfc, 0x06, 0x03, 0x04, 0x07, 0x14, 0x1f, 0x1c, 0x1a, 0x06, 0xfc,
    0x15, 0x01, 0xf9, 0xfc, 0x02, 0xf2, 0xf1, 0xdd, 0xfc, 0x0f, 0x07, 0xfe, 0xff, 0x04, 0x1c, 0x26,
    0x27, 0x39, 0x3d, 0x3a, 0x2a, 0x0b, 0x3b, 0x27, 0x2b, 0x33, 0x4c, 0x3c, 0x5b, 0x7f, 0x47, 0x13,
    0x15, 0x16, 0x04, 0xf0, 0x16, 0x05, 0x0b, 0xe7, 0xf5, 0xf4, 0x06, 0x14, 0x0f, 0xf0, 0x23, 0x17,
    0x22, 0x1e, 0x28, 0x4a, 0x3c, 0x57, 0x26, 0x65, 0x5e, 0x65, 0x42, 0x35, 0xef, 0x1f, 0x0d, 0x36,
    0x3f, 0x0a, 0x01, 0x27, 0x46, 0x40, 0x5e, 0x3c, 0x21, 0xff, 0xda, 0xd6, 0xcf, 0xde, 0x06, 0xea,
    0xfa, 0xeb, 0xee, 0xea, 0xf6, 0xe7, 0xe0, 0xbd, 0xcc, 0xc8, 0xd8, 0xce, 0xf0, 0x01, 0xf7, 0x0b,
    0x01, 0xef, 0xe9, 0xed, 0xed, 0xea, 0xe8, 0xf4, 0xfc, 0xec, 0xeb, 0xf0, 0xdf, 0xe0, 0xeb, 0xf1,
    0xec, 0xee, 0xfa, 0xe5, 0xf3, 0xe1, 0x03, 0xeb, 0xfe, 0x05, 0x1b, 0x0f, 0x1d, 0x1b, 0x03, 0xf9,
    0xf4, 0xfd, 0xf4, 0xf0, 0xe0, 0xe7, 0xdc, 0xd4, 0xdd, 0xe1, 0xed, 0xd2, 0xde, 0xea, 0xf6, 0x14,
    0x1f, 0x28, 0x36, 0x1c, 0x03, 0xfa, 0xf7, 0x08, 0x1d, 0x12, 0x19, 0x2b, 0x27, 0x1e, 0x02, 0xf1,
    0x02, 0xdb, 0xc1, 0xe5, 0xf4, 0xfd, 0xf2, 0x12, 0xed, 0x08, 0x0d, 0x17, 0x26, 0x2f, 0x1e, 0x1d,
    0x28, 0x19, 0x17, 0x1a, 0x34, 0x68, 0x27, 0x34, 0x3d, 0x30, 0x10, 0xf6, 0xec, 0xf6, 0xfb, 0x06,
    0xf4, 0xae, 0x09, 0xcc, 0x43, 0xc9, 0xc0, 0xb2, 0xc5, 0xf8, 0xe5, 0xd0, 0xd0, 0xd4, 0xf5, 0x00,
    0xe3, 0xf2, 0xf4, 0xeb, 0xf3, 0xef, 0xda, 0xd3, 0xbb, 0xd2, 0xd6, 0xe1, 0xed, 0xf9, 0xfb, 0xfe,
    0xf4, 0xec, 0xef, 0xe9, 0xeb, 0xe0, 0xf1, 0xe7, 0xf8, 0xea, 0xee, 0xe7, 0xe3, 0xdf, 0xed, 0xf2,
    0xe8, 0xde, 0xef, 0xec, 0xe8, 0xe5, 0xe5, 0xec, 0xe7, 0xed, 0xfe, 0xfa, 0x01, 0x01, 0xed, 0xed,
    0xe2, 0xea, 0xf0, 0xee, 0xe2, 0xec, 0xda, 0xd1, 0xdc, 0xd3, 0xe1, 0xd9, 0xed, 0xe6, 0xf8, 0x09,
    0x1a, 0x16, 0x24, 0x11, 0xf3, 0xdf, 0xf0, 0xf1, 0x01, 0xfa, 0xfc, 0x07, 0xff, 0xec, 0xe2, 0xed,
    0xea, 0xef, 0xec, 0xf1, 0xea, 0xfd, 0x25, 0x29, 0x30, 0x04, 0x09, 0x0a, 0x13, 0x0e, 0x05, 0x01,
    0x15, 0x2a, 0x2c, 0xf9, 0x3d, 0x16, 0x13, 0xfe, 0xf4, 0xe7, 0xe5, 0xaf, 0xe8, 0xf7, 0xd8, 0x8c,
    0xb7, 0xa9, 0xba, 0xea, 0x42, 0xc6, 0xb1, 0xa0, 0xa2, 0xf0, 0xf1, 0xdd, 0xd1, 0xe7, 0xfb, 0xf5,
    0xf2, 0xf6, 0xf0, 0xe8, 0xea, 0xf6, 0xe9, 0xd9, 0xc4, 0xe0, 0xf8, 0xde, 0xfb, 0xf7, 0xfc, 0xf9,
    0xf3, 0xef, 0xe8, 0xf3, 0xe3, 0xee, 0xe6, 0xf2, 0xe8, 0xfe, 0xee, 0xea, 0xe4, 0xec, 0xed, 0xf5,
    0xf1, 0xf1, 0xfa, 0xfc, 0xfd, 0xfb, 0xec, 0xf5, 0xfb, 0xfd, 0xfc, 0xf9, 0xf7, 0xf1, 0xf1, 0xf5,
    0x03, 0x03, 0x04, 0x17, 0x01, 0x0c, 0xf3, 0xe2, 0xf5, 0x08, 0x06, 0x0e, 0xfa, 0x08, 0x0a, 0x04,
    0x1b, 0x26, 0x2c, 0x1a, 0x0e, 0xef, 0x22, 0x06, 0x04, 0x07, 0x0b, 0x1c, 0x14, 0x0b, 0x16, 0x0c,
    0x07, 0x18, 0x1b, 0x0d, 0xf5, 0x1b, 0x41, 0x42, 0x47, 0x17, 0x03, 0x0f, 0x1e, 0x02, 0x39, 0x26,
    0x44, 0x55, 0x62, 0x22, 0x4b, 0x0f, 0x14, 0xf5, 0xf0, 0xc1, 0xda, 0xa6, 0xfb, 0x20, 0xb8, 0x97,
    0xa1, 0xe0, 0xe9, 0x35, 0xfc, 0x55, 0x60, 0x76, 0x64, 0x08, 0x0e, 0x0c, 0x02, 0x06, 0x21, 0x0f,
    0xf1, 0xeb, 0xfd, 0xfd, 0x02, 0x13, 0x04, 0x12, 0x0a, 0xf0, 0xee, 0xe5, 0xfa, 0x0a, 0x1b, 0x25,
    0x1a, 0x13, 0x0b, 0x05, 0xfa, 0xf0, 0xeb, 0xd6, 0xed, 0xee, 0xf4, 0xff, 0x0b, 0x0f, 0x0a, 0x0e,
    0x06, 0x07, 0x11, 0xfc, 0xe4, 0xe5, 0xf3, 0x05, 0x0d, 0x09, 0xfd, 0xf5, 0xf9, 0x05, 0x10, 0x04,
    0xf9, 0x00, 0xe7, 0xdb, 0xf7, 0x0b, 0xf8, 0xdb, 0xdd, 0xcd, 0xea, 0xf8, 0xfd, 0x05, 0xf5, 0xe7,
    0xee, 0xef, 0xef, 0x02, 0xeb, 0xeb, 0x05, 0x1f, 0xed, 0x09, 0x02, 0x02, 0xfc, 0x10, 0x09, 0xf6,
    0xff, 0x22, 0x23, 0x05, 0xfe, 0x0c, 0xfe, 0xf5, 0x0c, 0xf5, 0xf9, 0x03, 0x02, 0xfb, 0xf6, 0x01,
    0x00, 0xf9, 0x04, 0x02, 0x07, 0x01, 0xf5, 0x02, 0xff, 0x0a, 0x0e, 0x04, 0xff, 0xf6, 0x05, 0x06,
    0xf4, 0xfc, 0xf3, 0xe9, 0x13, 0x4d, 0x60, 0x2d, 0x13, 0x01, 0x05, 0x09, 0x11, 0x01, 0x25, 0x11,
    0xf6, 0xef, 0xf7, 0x04, 0x04, 0x05, 0x07, 0x0b, 0x04, 0xef, 0xe0, 0xd8, 0xf3, 0x0e, 0x23, 0x17,
    0x17, 0x0b, 0x0a, 0xff, 0xf9, 0xef, 0xe2, 0xe4, 0xe5, 0xea, 0x03, 0xfa, 0x04, 0x12, 0x0c, 0x15,
    0x18, 0x0a, 0x05, 0xeb, 0xe3, 0xe0, 0xf9, 0xfe, 0x00, 0x02, 0xff, 0xf5, 0xf9, 0x12, 0x03, 0x0b,
    0xfe, 0x04, 0xec, 0xe9, 0x02, 0x07, 0x00, 0xd4, 0xdc, 0xde, 0xe4, 0xf8, 0x02, 0x09, 0xf6, 0xee,
    0xe4, 0x05, 0xff, 0xfb, 0xe7, 0xef, 0x0e, 0x13, 0xf0, 0xfa, 0x17, 0xfd, 0xf9, 0x07, 0x0b, 0xfb,
    0x01, 0x0a, 0x10, 0xea, 0x0c, 0x15, 0x03, 0xf7, 0xfc, 0x04, 0x0f, 0x09, 0x09, 0xf7, 0x02, 0x05,
    0x0e, 0x04, 0x09, 0x0b, 0x02, 0xfe, 0xf6, 0x0a, 0x09, 0x08, 0x00, 0xff, 0x03, 0xfc, 0x03, 0x09,
    0xf5, 0x04, 0xfd, 0xe6, 0xfe, 0x95, 0x8d, 0x9a, 0xc7, 0xf5, 0x03, 0x03, 0x0f, 0xfd, 0x23, 0x0f,
    0xf4, 0xef, 0xf1, 0xf7, 0xfd, 0x0b, 0x08, 0x0e, 0x01, 0xe7, 0xea, 0xea, 0xff, 0x1f, 0x18, 0x25,
    0x18, 0x0c, 0x15, 0xfa, 0xea, 0xec, 0xe7, 0xdc, 0xe6, 0xf4, 0xf6, 0x00, 0x17, 0x01, 0x19, 0x15,
    0x14, 0x0c, 0x08, 0xfb, 0xe3, 0xf2, 0xfa, 0xf6, 0xfc, 0x03, 0x00, 0xf4, 0x00, 0x07, 0xfc, 0x05,
    0x05, 0xfc, 0xe9, 0xda, 0xff, 0x07, 0xf5, 0xd6, 0xdd, 0xd6, 0xe6, 0xf8, 0x01, 0x08, 0xf4, 0xf1,
    0xf0, 0x00, 0xfd, 0xf3, 0xe6, 0xef, 0x07, 0x0d, 0xfa, 0xfe, 0x12, 0xff, 0xf2, 0x06, 0x13, 0xfd,
    0x04, 0x18, 0x07, 0x00, 0x02, 0x08, 0x07, 0x00, 0x04, 0x01, 0x10, 0x04, 0x0e, 0xf8, 0xef, 0x03,
    0x07, 0x0a, 0x01, 0x02, 0x07, 0x08, 0xfb, 0x12, 0x08, 0x08, 0x00, 0x01, 0xfb, 0xf1, 0xfa, 0x0b,
    0x00, 0x09, 0xf4, 0xe6, 0x02, 0x14, 0x0f, 0xbb, 0xb5, 0xf3, 0x08, 0x08, 0xfd, 0xee, 0x27, 0x0b,
    0xe8, 0xe0, 0xfd, 0xf7, 0x00, 0x04, 0xfe, 0x15, 0x0c, 0xea, 0xe5, 0xdf, 0xee, 0x19, 0x1e, 0x20,
    0x15, 0x11, 0x15, 0x0a, 0xf6, 0xf1, 0xdd, 0xdf, 0xde, 0xf0, 0xed, 0xf2, 0x0f, 0x0e, 0x15, 0x1e,
    0x10, 0x16, 0x0c, 0xfa, 0xeb, 0xf3, 0xf6, 0xfc, 0x01, 0x06, 0xfe, 0xf1, 0x02, 0x14, 0x00, 0x0c,
    0x08, 0x06, 0xe8, 0xe4, 0xf9, 0x0e, 0xfd, 0xd3, 0xd9, 0xd7, 0xdf, 0xfc, 0x09, 0x0d, 0xf3, 0xf8,
    0xef, 0xfb, 0xfe, 0xec, 0xf1, 0xe8, 0x12, 0x17, 0xe5, 0xf1, 0x10, 0xfd, 0xf7, 0x07, 0x09, 0xf7,
    0x0f, 0x14, 0x0f, 0x01, 0x00, 0x08, 0x05, 0x08, 0x07, 0x01, 0x0f, 0x06, 0x08, 0xfa, 0xf0, 0xfb,
    0x10, 0x0b, 0x09, 0x10, 0x16, 0x04, 0xfe, 0x10, 0x05, 0x06, 0x06, 0xef, 0xfb, 0xff, 0x04, 0x0a,
    0xfc, 0x06, 0xfa, 0xef, 0x06, 0x76, 0x7f, 0x2e, 0xfe, 0x09, 0x02, 0x10, 0xf9, 0xff, 0x25, 0x14,
    0xfa, 0xec, 0xfc, 0x02, 0x11, 0xfc, 0xfd, 0x10, 0x08, 0xf4, 0xeb, 0xe2, 0xf5, 0x0f, 0x22, 0x1d,
    0x1d, 0x0d, 0x08, 0x04, 0xf4, 0xf1, 0xe5, 0xdb, 0xdd, 0xe7, 0xf4, 0x06, 0x07, 0x17, 0x13, 0x11,
    0x0c, 0xfb, 0x07, 0xf5, 0xf2, 0xef, 0xfe, 0xf7, 0xf2, 0xfc, 0xfc, 0xf5, 0x04, 0x0b, 0xfe, 0x0a,
    0x01, 0x03, 0xf6, 0xda, 0x01, 0x06, 0xf4, 0xd2, 0xd7, 0xdc, 0xef, 0xf7, 0xff, 0x0e, 0xf8, 0xe9,
    0xed, 0x08, 0x00, 0xf9, 0xe0, 0xe9, 0x06, 0x13, 0xf0, 0xf4, 0x10, 0xf8, 0xfc, 0x0f, 0x00, 0xf9,
    0xfa, 0x15, 0x15, 0xf9, 0xfa, 0x0d, 0x11, 0x0a, 0x19, 0x05, 0x07, 0xff, 0x01, 0x06, 0xf4, 0xfd,
    0x03, 0x0b, 0x03, 0x05, 0x12, 0x0b, 0xfe, 0x09, 0xf5, 0xee, 0xfa, 0xf2, 0xfc, 0xfc, 0xf3, 0x01,
    0xf7, 0xfe, 0x0f, 0xf7, 0x00, 0x0b, 0xfe, 0x0f, 0xf9, 0xfd, 0x01, 0x07, 0x05, 0x05, 0xff, 0x00,
    0x08, 0xfe, 0x02, 0x08, 0x00, 0x05, 0x03, 0x08, 0x04, 0x08, 0x03, 0x06, 0x01, 0x04, 0x00, 0x07,
    0x01, 0xfc, 0x09, 0xfb, 0x0a, 0x02, 0x01, 0x04, 0xfb, 0x07, 0xfc, 0x03, 0x00, 0x0b, 0xff, 0xff,
    0x00, 0x03, 0x01, 0xfe, 0x00, 0x09, 0x04, 0x03, 0xfa, 0x0e, 0xfd, 0xf9, 0xf7, 0xfb, 0xf0, 0x01,
    0x00, 0x04, 0x03, 0xfe, 0xf7, 0xf9, 0xfe, 0x01, 0x00, 0x08, 0x03, 0xf9, 0xf9, 0xfd, 0xfb, 0xf6,
    0xfe, 0x05, 0xfd, 0xf2, 0x05, 0x06, 0x0c, 0xff, 0xfa, 0xfb, 0xfe, 0xf6, 0xf2, 0x00, 0xfe, 0x03,
    0xf9, 0xff, 0x08, 0xfb, 0xf8, 0x0b, 0x10, 0x15, 0xfb, 0xf7, 0xea, 0xe2, 0xe0, 0xc8, 0xbd, 0xde,
    0xee, 0xf4, 0x04, 0x1d, 0x03, 0x0b, 0x09, 0x00, 0xfc, 0xf2, 0x01, 0x0d, 0x03, 0x24, 0x21, 0x04,
    0x15, 0x0b, 0xfc, 0xff, 0xfe, 0x03, 0xfb, 0x07, 0xf5, 0x00, 0x02, 0x01, 0x07, 0x01, 0x00, 0xfe,
    0x02, 0x04, 0x0a, 0x05, 0x00, 0x07, 0xfc, 0x07, 0x08, 0x03, 0x07, 0x06, 0x04, 0xfb, 0xff, 0xfe,
    0x02, 0x01, 0x0a, 0xf9, 0x08, 0x00, 0x08, 0x05, 0x03, 0x04, 0x06, 0x08, 0x02, 0xfe, 0x04, 0x04,
    0x03, 0x06, 0x01, 0x07, 0xfa, 0x06, 0x04, 0x1d, 0x0d, 0x0c, 0x10, 0x04, 0xfd, 0xff, 0xfd, 0x10,
    0x12, 0x12, 0x04, 0x06, 0x00, 0x0d, 0x10, 0x02, 0x06, 0x0c, 0x04, 0x10, 0x11, 0x03, 0xf8, 0xfe,
    0xf4, 0xf6, 0xf3, 0xf2, 0x0e, 0x0f, 0x0c, 0xf0, 0x0a, 0x07, 0x23, 0x06, 0x1a, 0x02, 0xf9, 0x07,
    0x07, 0x05, 0x06, 0xf9, 0xfa, 0x04, 0x0c, 0xf2, 0xf9, 0xd6, 0xe3, 0xca, 0xe6, 0xe1, 0xf1, 0xf4,
    0x03, 0x19, 0x2e, 0x2b, 0x1b, 0x55, 0x30, 0x06, 0x0a, 0xea, 0xfe, 0x0e, 0x1a, 0xf9, 0x04, 0x17,
    0x02, 0xef, 0xf5, 0x15, 0xfc, 0xf4, 0x00, 0x01, 0xf9, 0x02, 0xfe, 0x0a, 0x03, 0x02, 0x00, 0x05,
    0x00, 0xff, 0x06, 0xfd, 0x09, 0x02, 0x05, 0x0b, 0x0c, 0x02, 0x13, 0x00, 0x00, 0x03, 0xfc, 0xfa,
    0xfd, 0x03, 0x02, 0xfe, 0x06, 0xfd, 0x0b, 0xfd, 0x07, 0x02, 0x05, 0x01, 0x06, 0x08, 0x03, 0x01,
    0x05, 0xfa, 0x06, 0x00, 0x05, 0x08, 0xff, 0x0a, 0x06, 0x10, 0x09, 0x02, 0x02, 0x02, 0xfc, 0x09,
    0x03, 0x09, 0x01, 0x02, 0xfd, 0x08, 0x0a, 0xfb, 0x02, 0x06, 0x04, 0x0b, 0x12, 0x02, 0xf7, 0xfa,
    0xee, 0xe4, 0xeb, 0xf1, 0xf8, 0xff, 0xf4, 0xf8, 0x07, 0xfe, 0x0c, 0x09, 0x07, 0xfa, 0xea, 0xf8,
    0xfd, 0xf1, 0xed, 0xf0, 0xee, 0xef, 0xee, 0xec, 0xf6, 0x15, 0x3e, 0x6e, 0x49, 0x5d, 0x7f, 0x5f,
    0x45, 0x12, 0x1a, 0x01, 0x05, 0x37, 0x13, 0xfd, 0xfc, 0xe7, 0xea, 0x06, 0xfc, 0xed, 0x07, 0xf8,
    0xf6, 0x02, 0xf0, 0x0f, 0x00, 0x09, 0xf9, 0x0b, 0x00, 0x04, 0x05, 0x03, 0x09, 0x08, 0xfd, 0xff,
    0x03, 0x03, 0x0c, 0x02, 0xff, 0x03, 0x05, 0xff, 0x0d, 0xfd, 0x02, 0x03, 0xfe, 0xfe, 0xfc, 0x04,
    0xf9, 0x04, 0xff, 0x02, 0x00, 0x00, 0x03, 0x03, 0x02, 0x06, 0x06, 0xfd, 0x04, 0x05, 0xfe, 0xfc,
    0xfd, 0x03, 0x00, 0x01, 0xfa, 0x05, 0xfe, 0x00, 0x01, 0x05, 0xfa, 0xfa, 0xff, 0xfb, 0xfc, 0xfb,
    0xff, 0xfa, 0xfe, 0x04, 0xf9, 0xfc, 0xfe, 0x05, 0xf5, 0x04, 0xfa, 0xfe, 0x07, 0x04, 0xfa, 0xf6,
    0xf2, 0xe6, 0xef, 0xf0, 0xf4, 0xfb, 0xf2, 0xea, 0xfe, 0xf4, 0xfb, 0xf9, 0xf3, 0xe8, 0xf2, 0xf9,
    0xf8, 0xfa, 0x00, 0xfb, 0x01, 0x0b, 0x0e, 0xf0, 0x17, 0x2a, 0x25, 0x3a, 0x2b, 0x31, 0x4b, 0x47,
    0x20, 0xf9, 0xf4, 0xf7, 0xef, 0x18, 0xf7, 0xf2, 0xf6, 0xf1, 0x06, 0xfe, 0xe9, 0xe9, 0xfe, 0xe5,
    0xeb, 0xef, 0xde, 0xf7, 0x01, 0x05, 0x03, 0x10, 0x09, 0x02, 0x06, 0xff, 0x0a, 0xfb, 0x02, 0xfe,
    0x02, 0xfb, 0x06, 0xfd, 0x08, 0xfd, 0x07, 0x09, 0x03, 0x03, 0x12, 0x01, 0xfa, 0xff, 0xfe, 0xfc,
    0x00, 0x01, 0x05, 0xfe, 0x02, 0x01, 0x05, 0x03, 0x01, 0x07, 0x00, 0x03, 0x00, 0x02, 0x04, 0x00,
    0xfb, 0x00, 0xfe, 0x00, 0xf5, 0xfb, 0xff, 0xfc, 0x00, 0x00, 0xff, 0x01, 0xfa, 0x04, 0x00, 0x04,
    0xfb, 0x0b, 0x05, 0x05, 0xfa, 0x02, 0xfd, 0x04, 0x04, 0x0e, 0x02, 0x05, 0x02, 0x06, 0x02, 0xf6,
    0xf6, 0xf5, 0xfd, 0xfc, 0xfb, 0xfc, 0x02, 0xf1, 0x02, 0x01, 0xfd, 0x00, 0x02, 0xfd, 0xfe, 0x00,
    0x01, 0x00, 0xf6, 0x02, 0x06, 0x07, 0x01, 0xe2, 0x07, 0x0b, 0x00, 0x08, 0x13, 0x1d, 0xf6, 0x23,
    0x0b, 0xf6, 0xfd, 0xf4, 0xf1, 0x08, 0x0c, 0xea, 0x0e, 0x10, 0x0b, 0x00, 0xff, 0xde, 0xfd, 0x08,
    0xf5, 0xfc, 0xeb, 0xec, 0x00, 0xfb, 0xff, 0x02, 0x02, 0x04, 0x06, 0x0a, 0x05, 0x07, 0x03, 0x05,
    0x0a, 0x03, 0x07, 0x08, 0x06, 0x06, 0x04, 0x04, 0xfd, 0x07, 0x0b, 0xff, 0x08, 0xff, 0x03, 0x09,
    0x09, 0x06, 0xfc, 0x08, 0x03, 0x0a, 0x00, 0x02, 0x0b, 0xfd, 0x02, 0x01, 0x04, 0x08, 0x03, 0x01,
    0x04, 0x00, 0x0b, 0x04, 0x0c, 0x09, 0x0d, 0x09, 0x0c, 0x14, 0xfe, 0x0d, 0x04, 0x05, 0x08, 0x05,
    0xf4, 0xfb, 0x05, 0xfe, 0x08, 0xf5, 0xfc, 0xf8, 0xf9, 0xef, 0xfe, 0xf5, 0xfe, 0xf8, 0xfc, 0x01,
    0x00, 0xf0, 0xf5, 0xfb, 0xf2, 0xfc, 0xe7, 0xfd, 0xfc, 0x01, 0xf8, 0x01, 0xf3, 0xec, 0xf9, 0xff,
    0xff, 0x00, 0xfa, 0x0d, 0x01, 0x10, 0x0c, 0xff, 0xf9, 0xfc, 0x04, 0x0e, 0x01, 0xf8, 0xe0, 0xdf,
    0xf1, 0xfe, 0xf4, 0xe8, 0xf8, 0xe8, 0xe7, 0xf1, 0xf3, 0xe5, 0xe2, 0xed, 0xe0, 0xfc, 0x0f, 0x50,
    0x69, 0x7f, 0x41, 0x3c, 0xfd, 0x04, 0x02, 0xff, 0xfe, 0xfc, 0x03, 0x08, 0x00, 0x09, 0x03, 0x04,
    0x08, 0x07, 0x01, 0x03, 0x05, 0x05, 0x01, 0x04, 0x02, 0x02, 0x01, 0x0a, 0x02, 0x04, 0x04, 0x07,
    0x0a, 0xfd, 0x02, 0xfd, 0x0c, 0xfe, 0x06, 0x00, 0x06, 0x05, 0x01, 0x08, 0x09, 0x04, 0x03, 0x01,
    0x02, 0x05, 0x08, 0x03, 0x07, 0x04, 0x0f, 0x02, 0x0b, 0xff, 0x02, 0x03, 0x06, 0x07, 0x0a, 0x00,
    0xfa, 0xfa, 0xff, 0x03, 0x00, 0x03, 0xfb, 0xfc, 0xfa, 0xfb, 0xff, 0xf7, 0x02, 0xfc, 0x02, 0x07,
    0x05, 0xf2, 0xfc, 0x04, 0xfb, 0xf1, 0xee, 0xff, 0x05, 0xfd, 0xfc, 0xfb, 0xf3, 0xf0, 0xfc, 0x07,
    0xf6, 0x00, 0xf3, 0xf7, 0xfd, 0xf6, 0x02, 0xff, 0xf6, 0xfa, 0xff, 0xf7, 0xfd, 0xf7, 0xe9, 0xee,
    0xfe, 0x03, 0x00, 0x05, 0xf7, 0xfa, 0xf1, 0x00, 0x05, 0xfc, 0xe6, 0xff, 0xe0, 0x07, 0xe3, 0x55,
    0x30, 0x53, 0x12, 0x32, 0xfc, 0x05, 0xfe, 0x08, 0xfb, 0xff, 0x00, 0x0d, 0x03, 0x0b, 0x04, 0x07,
    0x05, 0x03, 0x05, 0x02, 0x03, 0x03, 0x01, 0x04, 0x00, 0x0a, 0x07, 0x07, 0xff, 0x0b, 0xfd, 0x0b,
    0x08, 0x03, 0xfe, 0x03, 0x0b, 0x06, 0x09, 0x04, 0x07, 0x00, 0x0a, 0xff, 0x07, 0xff, 0xfe, 0x08,
    0xfc, 0x06, 0x06, 0x01, 0x09, 0x04, 0x00, 0x03, 0x0b, 0x00, 0x0f, 0x01, 0x0f, 0x07, 0x0c, 0x03,
    0xfd, 0xfd, 0x03, 0xfd, 0x01, 0x06, 0xf1, 0xf5, 0x08, 0xf3, 0xf6, 0xf1, 0xfa, 0xf6, 0x03, 0x07,
    0x03, 0xf7, 0x01, 0x06, 0xf7, 0xf5, 0xf0, 0x02, 0x05, 0xff, 0xfa, 0x01, 0xf2, 0xf0, 0xf4, 0xfb,
    0x00, 0xf3, 0xe6, 0xed, 0xfb, 0xf5, 0x02, 0x0b, 0x03, 0xfa, 0x06, 0xfe, 0x0c, 0xfa, 0xf9, 0xf2,
    0x03, 0x03, 0x07, 0x04, 0x0e, 0x0e, 0x07, 0x02, 0x1e, 0x11, 0xfb, 0xff, 0xe9, 0x00, 0xec, 0x3a,
    0x1b, 0x0d, 0x2a, 0x00, 0xfe, 0x01, 0x06, 0x05, 0x0d, 0x08, 0xfe, 0x09, 0x01, 0x05, 0x04, 0x09,
    0x06, 0x06, 0x06, 0x00, 0x06, 0xfd, 0xfc, 0x07, 0x01, 0x03, 0x07, 0x07, 0x00, 0xfd, 0x07, 0x04,
    0xfe, 0x03, 0x03, 0x04, 0x08, 0x01, 0x07, 0x01, 0x03, 0x07, 0x00, 0x04, 0x05, 0x04, 0x00, 0x05,
    0x01, 0x04, 0x06, 0x02, 0x00, 0x07, 0xfb, 0x05, 0x07, 0xfb, 0x01, 0x03, 0x06, 0x0b, 0x01, 0x04,
    0xf1, 0xfc, 0x03, 0xf8, 0x00, 0xfa, 0xfa, 0xfa, 0xf8, 0xe8, 0xf3, 0xee, 0xf3, 0xf8, 0xf9, 0x04,
    0x06, 0xf7, 0x02, 0xfd, 0xf5, 0xf4, 0xe6, 0xfd, 0x02, 0xf8, 0xf8, 0xfb, 0xf1, 0xe2, 0xf1, 0xf7,
    0xfe, 0xf4, 0xf6, 0x00, 0xf3, 0xf8, 0xfd, 0x15, 0x08, 0xf7, 0xf0, 0xe9, 0xfb, 0xf7, 0xe6, 0xf0,
    0xff, 0x0e, 0xff, 0xfd, 0x18, 0xea, 0x0e, 0x0e, 0x12, 0x19, 0xf2, 0xf9, 0x03, 0xfd, 0xfe, 0x15,
    0xf5, 0xf9, 0x15, 0xf3, 0xfb, 0x06, 0x02, 0x12, 0x0b, 0x07, 0x04, 0x03, 0x05, 0x02, 0x04, 0x06,
    0x06, 0x01, 0x09, 0xff, 0x05, 0x07, 0xfc, 0x03, 0x04, 0x05, 0x05, 0x02, 0x00, 0x02, 0x05, 0x05,
    0x03, 0x06, 0xfe, 0x06, 0x03, 0x00, 0x09, 0x03, 0x00, 0x07, 0x02, 0x06, 0x03, 0x04, 0x03, 0x00,
    0x05, 0x03, 0x02, 0x02, 0xff, 0x02, 0xed, 0xf8, 0xf8, 0xf7, 0xf6, 0x08, 0x02, 0x0a, 0xfe, 0x02,
    0xfb, 0xf5, 0x09, 0x02, 0x02, 0x06, 0x01, 0xfc, 0x04, 0x07, 0x03, 0x0d, 0x06, 0x02, 0x0d, 0x01,
    0x0e, 0x10, 0x0a, 0x0e, 0xfc, 0xf5, 0xff, 0x04, 0xff, 0xf9, 0xf9, 0x00, 0xf9, 0xf5, 0x16, 0xfe,
    0xfe, 0x14, 0x17, 0x0f, 0xff, 0x04, 0x07, 0x20, 0x10, 0xee, 0xee, 0xde, 0xf9, 0xe8, 0xc6, 0xfa,
    0xf3, 0xf7, 0xf9, 0x00, 0x10, 0xd5, 0xed, 0xfa, 0xff, 0xf8, 0x04, 0xfc, 0x17, 0x04, 0xfd, 0xf3,
    0xd6, 0xeb, 0x03, 0xfb, 0x08, 0x01, 0xf3, 0xfe, 0xf4, 0xfc, 0x04, 0xfe, 0x0a, 0xfe, 0x05, 0x04,
    0x0a, 0x06, 0x05, 0xfe, 0x07, 0x07, 0x03, 0xff, 0x03, 0x05, 0x04, 0x04, 0x0a, 0x07, 0x09, 0x06,
    0xfd, 0xf8, 0xf5, 0xfc, 0xff, 0x07, 0xf8, 0x05, 0x03, 0x06, 0x00, 0x04, 0xfd, 0x00, 0xff, 0xf9,
    0x00, 0x01, 0xfc, 0xf9, 0x0a, 0xfc, 0x0e, 0x05, 0x0e, 0x06, 0x01, 0x04, 0xfa, 0xfc, 0xfe, 0xf8,
    0xf1, 0xf3, 0xfe, 0xec, 0xfa, 0xf7, 0xe6, 0xef, 0xe6, 0xee, 0xec, 0xde, 0xeb, 0xe3, 0xef, 0xf9,
    0xee, 0xec, 0xfd, 0xfc, 0xed, 0xe5, 0xdd, 0xf2, 0xfb, 0x01, 0xeb, 0x00, 0xdd, 0xe1, 0xdd, 0xfb,
    0xe4, 0xe3, 0xd8, 0xe0, 0xe0, 0xd6, 0xda, 0xf4, 0xd5, 0xd6, 0xce, 0xb0, 0xe6, 0xe7, 0xc1, 0xe1,
    0xe3, 0x0f, 0xfa, 0x00, 0x03, 0xf3, 0x05, 0x07, 0x1a, 0x05, 0xc4, 0xf4, 0xe1, 0xe8, 0xcc, 0x53,
    0x30, 0x19, 0x01, 0xb8, 0x03, 0xfe, 0xff, 0xf6, 0xe8, 0xfa, 0xfb, 0xff, 0x0a, 0x04, 0xfe, 0x0a,
    0x0d, 0x06, 0xfe, 0x08, 0x01, 0x05, 0x00, 0x00, 0x04, 0xfe, 0x08, 0x0d, 0x04, 0x05, 0x07, 0x09,
    0xff, 0xef, 0xf4, 0xf2, 0x01, 0xf9, 0x04, 0x05, 0x07, 0x04, 0x02, 0xfe, 0x03, 0xf3, 0x08, 0xf2,
    0x02, 0xf4, 0xf8, 0xf9, 0xf9, 0xea, 0xeb, 0xfd, 0xf5, 0xe9, 0x06, 0xf7, 0xfc, 0xf6, 0xf5, 0xeb,
    0xec, 0xee, 0xf5, 0xf2, 0xe6, 0xff, 0xeb, 0xe4, 0xe2, 0xe0, 0xe1, 0xe7, 0xe9, 0xe0, 0xf1, 0xf7,
    0xfd, 0xe5, 0xf2, 0x00, 0xe4, 0xdc, 0xda, 0xdd, 0xfd, 0xf0, 0xe7, 0xf0, 0xd9, 0xd4, 0xe6, 0xf6,
    0xf2, 0xfb, 0xed, 0xfd, 0xf2, 0xe0, 0xea, 0x14, 0x0f, 0xe5, 0xf5, 0xca, 0xf9, 0xda, 0xd2, 0x00,
    0x05, 0x16, 0x0b, 0x03, 0x0a, 0x05, 0x0d, 0xfa, 0x22, 0x1a, 0xe1, 0x0c, 0x1d, 0x12, 0xec, 0x27,
    0xd2, 0x81, 0xe0, 0x97, 0x06, 0xf6, 0xf7, 0xf6, 0xf6, 0xfa, 0x03, 0xfb, 0x14, 0x07, 0x05, 0x06,
    0x08, 0x03, 0x02, 0x04, 0xfd, 0x02, 0xfa, 0x04, 0xfe, 0x0b, 0xff, 0x0c, 0x06, 0x08, 0x05, 0x0c,
    0xfc, 0xf4, 0xf4, 0xf3, 0xf8, 0x04, 0x00, 0x09, 0xfd, 0x04, 0x01, 0xfb, 0xff, 0xff, 0xfe, 0x00,
    0xf8, 0xfa, 0xf9, 0xfa, 0xea, 0xe1, 0xcd, 0xea, 0xe5, 0xd7, 0xf6, 0xf0, 0xfe, 0xf3, 0x00, 0xeb,
    0xec, 0xe6, 0xf4, 0xec, 0xe5, 0xf8, 0xe1, 0xe7, 0xf1, 0xf6, 0xf7, 0x07, 0xf4, 0xf9, 0xfe, 0xfd,
    0x09, 0x0e, 0x0b, 0x09, 0xf1, 0xe5, 0xef, 0xeb, 0xf4, 0xf2, 0xeb, 0xf5, 0xf0, 0xe1, 0xfe, 0xfb,
    0xf5, 0x02, 0x03, 0xfd, 0xf1, 0xf3, 0xfc, 0x1c, 0xfa, 0xdd, 0xe6, 0xcc, 0xe7, 0xe0, 0xb9, 0xfc,
    0xff, 0xea, 0xff, 0xf5, 0x0f, 0xcf, 0xed, 0xdf, 0xf4, 0x06, 0xff, 0x12, 0x4d, 0x15, 0x1e, 0xe9,
    0xd6, 0x9b, 0xef, 0xc3, 0x0b, 0xf6, 0xf5, 0xf3, 0xff, 0xfb, 0xff, 0x06, 0x06, 0x0a, 0x04, 0x0d,
    0x0b, 0x0e, 0x09, 0xfd, 0x05, 0x04, 0xff, 0xf4, 0x07, 0x03, 0x02, 0x09, 0x04, 0x07, 0x0c, 0x02,
    0x02, 0xf0, 0xec, 0xfa, 0xff, 0xfe, 0x03, 0x03, 0x06, 0x05, 0x00, 0xfc, 0x03, 0x00, 0xfa, 0x00,
    0xf9, 0xfe, 0x02, 0xfe, 0x01, 0xeb, 0xe7, 0xe9, 0xe9, 0xea, 0xe9, 0xf1, 0xfd, 0xf6, 0x02, 0x01,
    0x03, 0xf9, 0x00, 0xff, 0xf6, 0xf4, 0xf4, 0xee, 0x04, 0x18, 0x15, 0x21, 0x04, 0x12, 0x17, 0x0b,
    0x23, 0x2a, 0x1f, 0x10, 0x11, 0xfd, 0x2c, 0x05, 0x03, 0x08, 0x0f, 0x0c, 0x17, 0x17, 0x26, 0x04,
    0x06, 0x17, 0x38, 0x12, 0xfe, 0x18, 0x18, 0x1c, 0x01, 0xd9, 0xb8, 0xaa, 0xc8, 0xae, 0xc2, 0xef,
    0xed, 0xdd, 0x0e, 0xf8, 0x0e, 0xd2, 0xe4, 0xe9, 0xce, 0xf8, 0x01, 0x17, 0x19, 0x2a, 0x1c, 0xba,
    0x00, 0x09, 0x32, 0x38, 0xf9, 0xf4, 0x09, 0x01, 0x0a, 0xff, 0x01, 0xfc, 0x07, 0x00, 0x0b, 0x0a,
    0x05, 0x05, 0x06, 0x04, 0x00, 0x09, 0x02, 0x04, 0xfe, 0x03, 0x05, 0x02, 0x07, 0x08, 0x07, 0x09,
    0xfa, 0xff, 0xee, 0x00, 0x01, 0x06, 0x00, 0x03, 0x05, 0x03, 0x01, 0xf9, 0x08, 0x00, 0x05, 0xf8,
    0x04, 0x05, 0x07, 0x0a, 0x0c, 0x13, 0x12, 0x00, 0xf8, 0x08, 0xee, 0xf7, 0xf9, 0x01, 0x08, 0x0b,
    0x1b, 0x11, 0x06, 0x19, 0x10, 0x17, 0x08, 0xf5, 0x16, 0x41, 0x27, 0x3a, 0x1d, 0x1f, 0x1d, 0x1a,
    0x26, 0x42, 0x2a, 0x1c, 0x30, 0x12, 0x52, 0x1d, 0x0c, 0x2a, 0x3d, 0x26, 0x44, 0x5a, 0x47, 0x10,
    0x1d, 0x24, 0x31, 0x16, 0x01, 0x16, 0x02, 0x02, 0xee, 0xd1, 0xb0, 0xb4, 0xc6, 0xa9, 0xf1, 0xf5,
    0xe5, 0xdb, 0x0d, 0x14, 0xfd, 0xe1, 0xf6, 0xef, 0xe2, 0xd9, 0xee, 0x1c, 0xf1, 0x3b, 0x33, 0xdb,
    0x57, 0x47, 0x41, 0x6a, 0x19, 0x14, 0x0b, 0xff, 0xf9, 0xf4, 0x01, 0x0a, 0xfd, 0xff, 0xfe, 0x07,
    0xf9, 0x07, 0x02, 0xf4, 0x07, 0xfa, 0xfc, 0x02, 0x07, 0xfe, 0x01, 0xf8, 0x02, 0x01, 0xfe, 0xff,
    0xf9, 0xfb, 0xfc, 0xfe, 0xfe, 0xff, 0x04, 0xf6, 0xfc, 0xff, 0xfc, 0xfa, 0xfd, 0x03, 0xf9, 0xfa,
    0xfe, 0xfb, 0x05, 0x09, 0x12, 0xf6, 0xfc, 0xf8, 0x09, 0xf7, 0xf2, 0xe9, 0xf4, 0xed, 0xf0, 0xfd,
    0xf9, 0x00, 0x01, 0xe9, 0xf5, 0xee, 0x05, 0x01, 0xe5, 0xdb, 0xee, 0xf7, 0xf5, 0x01, 0xec, 0xf1,
    0xf1, 0xdb, 0xf8, 0xf4, 0xe3, 0xf6, 0x05, 0x10, 0xf9, 0xe1, 0x04, 0xf5, 0xe8, 0xd1, 0xec, 0xf5,
    0x04, 0x0f, 0x2f, 0x08, 0x04, 0x06, 0x02, 0x0f, 0x00, 0xcc, 0xed, 0xfa, 0x07, 0x08, 0x08, 0x0d,
    0x0d, 0x02, 0xf4, 0xd4, 0xec, 0xe5, 0x09, 0x03, 0xfd, 0x0a, 0x0f, 0x02, 0x18, 0xfd, 0xf1, 0xd8,
    0xfe, 0xee, 0xea, 0x07, 0x13, 0xed, 0xfe, 0xf3, 0xe0, 0xf8, 0xf8, 0xfc, 0x06, 0xf7, 0x04, 0x03,
    0x04, 0xfd, 0xf7, 0x0b, 0xf1, 0x0a, 0xf4, 0x0f, 0xf9, 0x07, 0x08, 0xf7, 0x03, 0xfe, 0x06, 0x02,
    0xf3, 0x0b, 0xf8, 0x05, 0x0a, 0x02, 0x06, 0xfa, 0xfd, 0x01, 0x01, 0x01, 0x09, 0x0a, 0xfd, 0xfc,
    0x17, 0x1c, 0x29, 0x3c, 0x56, 0x5c, 0x71, 0x10, 0x14, 0x2e, 0xdf, 0xfe, 0x0c, 0xf9, 0x0e, 0x0d,
    0x18, 0x13, 0x1c, 0x4e, 0x72, 0x47, 0x39, 0x12, 0x16, 0x1d, 0x0c, 0x00, 0xff, 0xff, 0x1b, 0xf5,
    0x04, 0x08, 0x01, 0x0b, 0x06, 0xfe, 0x2f, 0x2e, 0x09, 0x06, 0xfa, 0xee, 0xea, 0x19, 0x0b, 0xfc,
    0x13, 0x01, 0x12, 0xd3, 0xe6, 0xde, 0xf0, 0x0d, 0xfc, 0xf7, 0xe3, 0xe2, 0xe9, 0x1b, 0xe3, 0xf2,
    0xf6, 0x17, 0xe6, 0x38, 0x26, 0x11, 0x0b, 0x45, 0x1b, 0x00, 0xff, 0x07, 0xf5, 0x13, 0x30, 0x16,
    0x1d, 0x43, 0x4d, 0x32, 0x15, 0x09, 0xec, 0x08, 0x02, 0xf8, 0x01, 0xfd, 0x00, 0x03, 0x0e, 0xfb,
    0x08, 0xff, 0x09, 0xf4, 0x06, 0xfe, 0x08, 0xf6, 0xff, 0xf7, 0xf8, 0x02, 0x01, 0x08, 0x07, 0xff,
    0xf4, 0x06, 0x01, 0xf6, 0x07, 0xf5, 0xfd, 0x06, 0xf5, 0x00, 0xf7, 0xfb, 0x01, 0x02, 0xfe, 0x07,
    0x05, 0x06, 0xf8, 0xf2, 0xf1, 0x08, 0x1b, 0x0e, 0x10, 0xf6, 0x1c, 0x0b, 0xfd, 0xfa, 0xf0, 0xe4,
    0xf7, 0xfa, 0xf6, 0x09, 0x16, 0x17, 0x09, 0x08, 0x11, 0x15, 0xfa, 0xff, 0x03, 0xfe, 0x08, 0xf8,
    0xed, 0xf8, 0x01, 0x15, 0x19, 0x01, 0x0d, 0x1a, 0x03, 0x11, 0xf0, 0xea, 0xe6, 0x0d, 0x06, 0xfe,
    0xf0, 0xee, 0xdc, 0xf1, 0x06, 0x1a, 0x10, 0x18, 0x2a, 0x7f, 0x4f, 0xf9, 0x2a, 0x39, 0xd4, 0xe8,
    0xb5, 0xec, 0xe0, 0x27, 0xe6, 0xf3, 0xfd, 0x09, 0xf0, 0x08, 0x02, 0x0a, 0x00, 0xec, 0x10, 0xe4,
    0xcd, 0x04, 0x20, 0xf7, 0x19, 0xfb, 0x10, 0x06, 0x08, 0xfa, 0x02, 0x00, 0x08, 0xf3, 0x10, 0xf7,
    0x08, 0xf9, 0x01, 0x05, 0xfd, 0x09, 0xf7, 0x09, 0xf9, 0x01, 0xfd, 0x0a, 0xf7, 0x0a, 0x01, 0xfa,
    0xf4, 0xf8, 0xfc, 0xfb, 0x01, 0x02, 0x01, 0xfb, 0x00, 0xfb, 0xf5, 0x08, 0xf7, 0xfe, 0xfd, 0x04,
    0xfe, 0xf6, 0x02, 0x0e, 0x03, 0x07, 0x08, 0x1e, 0x34, 0x13, 0x39, 0x20, 0xf5, 0xf6, 0xe8, 0x03,
    0xf2, 0xf7, 0xf8, 0xfb, 0x0f, 0xfa, 0x0f, 0x02, 0x05, 0xef, 0x03, 0xf5, 0xf8, 0xf7, 0xf8, 0xf2,
    0xf4, 0xee, 0xe6, 0xf6, 0xfa, 0xed, 0xeb, 0x0b, 0xf8, 0xf4, 0xeb, 0xf3, 0xe5, 0xf2, 0x00, 0x12,
    0x0f, 0x3c, 0x5d, 0x77, 0x76, 0x3e, 0x48, 0x0b, 0x19, 0x23, 0x5e, 0x56, 0x38, 0x37, 0xdc, 0xf9,
    0xe1, 0xce, 0xec, 0xf9, 0xee, 0xea, 0xe8, 0x00, 0xf0, 0x13, 0x0e, 0x11, 0x18, 0xe9, 0xfd, 0xf6,
    0xd3, 0xb2, 0xbc, 0xcc, 0x14, 0x0e, 0xfc, 0x0f, 0x0d, 0xf0, 0xf6, 0xf6, 0x09, 0xfa, 0x05, 0x02,
    0x01, 0xfe, 0xfa, 0x0a, 0xfe, 0xfe, 0xfc, 0x10, 0xf5, 0x02, 0xfe, 0xf2, 0x0a, 0xfb, 0x08, 0x01,
    0xf9, 0x05, 0xf5, 0x04, 0xf8, 0xfb, 0x03, 0xf7, 0x02, 0xfe, 0x03, 0xfe, 0xfc, 0xf5, 0xf9, 0x02,
    0x04, 0x0d, 0x00, 0xfe, 0x0f, 0x06, 0x13, 0x0c, 0xf2, 0x10, 0xfc, 0x07, 0x04, 0xf7, 0x00, 0xf7,
    0xf8, 0xfd, 0xfd, 0x0b, 0x19, 0x0f, 0x0b, 0x02, 0xfc, 0xf9, 0xf5, 0xf6, 0xfb, 0xf5, 0xfc, 0xed,
    0xfc, 0xf7, 0xed, 0xf1, 0x02, 0xf7, 0xf2, 0x16, 0xfb, 0x01, 0x05, 0xf8, 0xf5, 0x01, 0x15, 0x11,
    0x1d, 0x25, 0x3b, 0x24, 0x15, 0x1c, 0x2f, 0xf9, 0x15, 0xe1, 0xf5, 0x16, 0xef, 0xb7, 0xbf, 0xc9,
    0xe8, 0xd9, 0xe8, 0x03, 0x02, 0x10, 0xf4, 0x01, 0x12, 0x07, 0x09, 0x35, 0xe0, 0xef, 0x03, 0x41,
    0x48, 0x1f, 0x46, 0x51, 0x66, 0xa3, 0xff, 0xff, 0x04, 0x00, 0x00, 0x00, 0x80, 0x00, 0x00, 0x00,
    0x9f, 0x29, 0x00, 0x00, 0x21, 0xe7, 0xff, 0xff, 0xa1, 0xe9, 0xff, 0xff, 0x25, 0xce, 0x00, 0x00,
    0x61, 0x08, 0x00, 0x00, 0xe5, 0x78, 0x00, 0x00, 0xda, 0xb3, 0xff, 0xff, 0x70, 0x0e, 0x01, 0x00,
    0x12, 0xf7, 0xff, 0xff, 0x1a, 0xf3, 0xff, 0xff, 0x15, 0x3f, 0x01, 0x00, 0xba, 0xef, 0xff, 0xff,
    0xfb, 0xf4, 0xff, 0xff, 0xdf, 0x03, 0x00, 0x00, 0x0c, 0x28, 0x00, 0x00, 0xae, 0xdd, 0xff, 0xff,
    0xd7, 0xde, 0xff, 0xff, 0x18, 0xec, 0x02, 0x00, 0x0a, 0xcf, 0xff, 0xff, 0xab, 0xe8, 0xff, 0xff,
    0x20, 0x00, 0x02, 0x00, 0x92, 0x5f, 0x02, 0x00, 0x49, 0x51, 0x00, 0x00, 0xc7, 0xea, 0xff, 0xff,
    0x31, 0x64, 0x00, 0x00, 0xe0, 0x0f, 0x00, 0x00, 0x3b, 0x0f, 0x00, 0x00, 0xa5, 0xf7, 0xff, 0xff,
    0x51, 0xe2, 0xff, 0xff, 0x91, 0xeb, 0xff, 0xff, 0xf7, 0x09, 0x00, 0x00, 0x86, 0xbd, 0xff, 0xff,
    0xf2, 0xa3, 0xff, 0xff, 0x04, 0x00, 0x00, 0x00, 0x00, 0x04, 0x00, 0x00, 0xe5, 0x40, 0x04, 0x81,
    0xe0, 0xf5, 0x04, 0xc8, 0x0f, 0x37, 0x0d, 0xfd, 0xfa, 0xce, 0xc7, 0xcf, 0xd5, 0x18, 0x2e, 0x0a,
    0xa9, 0xf1, 0xff, 0x14, 0xee, 0x03, 0xbe, 0x02, 0x04, 0xfe, 0x31, 0x0c, 0x01, 0x81, 0x08, 0x09,
    0x06, 0xff, 0x04, 0xff, 0xe3, 0xfd, 0x04, 0x06, 0x02, 0x07, 0xe9, 0xef, 0xfe, 0x0e, 0x00, 0x00,
    0xeb, 0xee, 0x01, 0x00, 0xdb, 0xfb, 0x01, 0x00, 0xfe, 0xfd, 0x11, 0x06, 0xd9, 0xfe, 0x29, 0xe5,
    0xfe, 0xcc, 0x0f, 0xd4, 0x02, 0x03, 0x0d, 0xdb, 0x01, 0x23, 0xf9, 0x20, 0xe6, 0x81, 0xfd, 0x01,
    0xd6, 0xef, 0x01, 0xf7, 0x03, 0x3e, 0x24, 0x00, 0xef, 0xf7, 0xf8, 0x01, 0x24, 0x0e, 0xf6, 0x1a,
    0x01, 0xf6, 0x81, 0x03, 0xfe, 0x17, 0x1e, 0xda, 0x08, 0x0e, 0x0d, 0xab, 0x4f, 0xf9, 0xe6, 0xfb,
    0x23, 0xf4, 0x05, 0xff, 0x0c, 0xf5, 0xd2, 0xfd, 0xc7, 0x10, 0xbb, 0xd1, 0x0b, 0x09, 0xfa, 0x13,
    0x04, 0xfc, 0xd1, 0x11, 0x02, 0x04, 0x0e, 0xe3, 0x04, 0x07, 0x03, 0xf8, 0x28, 0x07, 0x03, 0x06,
    0xea, 0x11, 0xff, 0xd4, 0x0e, 0xf6, 0xe1, 0xff, 0x81, 0x18, 0xf7, 0xe4, 0x04, 0xdb, 0xf1, 0xe3,
    0xfc, 0xfe, 0xfc, 0x22, 0x33, 0xff, 0xf3, 0x05, 0x00, 0x0c, 0x7f, 0x2b, 0x14, 0xed, 0x00, 0x04,
    0x1a, 0x1b, 0xfe, 0xf3, 0x14, 0x04, 0x05, 0x00, 0x05, 0xff, 0xda, 0xfc, 0x02, 0xfc, 0x0d, 0x11,
    0x02, 0x28, 0xfa, 0xf0, 0xff, 0x12, 0x29, 0x07, 0x04, 0xf1, 0x0f, 0xf0, 0xeb, 0xfb, 0x02, 0xf4,
    0x04, 0x18, 0x03, 0xf4, 0xf9, 0x07, 0xf7, 0xfe, 0x15, 0x81, 0xdd, 0xfc, 0xc6, 0x06, 0x7f, 0x12,
    0x07, 0x2a, 0x40, 0x2d, 0xf5, 0x3c, 0xf2, 0x0c, 0xf9, 0x1c, 0xfe, 0x84, 0x91, 0xfb, 0x8f, 0xc1,
    0xcd, 0x53, 0xf4, 0x3f, 0x0a, 0x04, 0xf5, 0x00, 0x04, 0xc6, 0xbf, 0x49, 0xff, 0xfe, 0x05, 0xf8,
    0x81, 0x06, 0x03, 0x01, 0x03, 0xfc, 0xfd, 0xff, 0xff, 0xff, 0x18, 0x07, 0xfe, 0x04, 0x03, 0xfe,
    0xf6, 0xf8, 0xff, 0xff, 0x00, 0x01, 0x06, 0x00, 0x02, 0xff, 0x06, 0x01, 0x06, 0x0d, 0x37, 0xef,
    0x03, 0xfd, 0x34, 0xd0, 0xf5, 0xe1, 0xf7, 0xc5, 0xec, 0xfc, 0x0c, 0x72, 0xb3, 0xf3, 0x12, 0xd4,
    0x00, 0x7f, 0x02, 0xc9, 0xf6, 0x11, 0xf4, 0x02, 0xdd, 0xcb, 0x5f, 0x00, 0x1e, 0xfc, 0x11, 0xe6,
    0x02, 0x01, 0x14, 0xe5, 0xf9, 0x00, 0xd6, 0xee, 0x17, 0x00, 0xfc, 0x2b, 0x0c, 0x93, 0xdd, 0x0d,
    0xbd, 0xd1, 0xf8, 0x19, 0x02, 0x7f, 0x10, 0xfa, 0x01, 0xfc, 0x20, 0x03, 0x2c, 0x10, 0x42, 0x28,
    0x07, 0x10, 0x20, 0x11, 0xf9, 0x0b, 0x42, 0x81, 0xe9, 0xf4, 0x14, 0xe3, 0x09, 0xe5, 0x51, 0xc1,
    0x48, 0xdf, 0x06, 0xb7, 0xf8, 0xe4, 0xd9, 0xfb, 0xa1, 0x21, 0x54, 0xca, 0xf8, 0x06, 0x00, 0x03,
    0x02, 0x0a, 0x01, 0x0e, 0xff, 0x06, 0xfa, 0x06, 0x00, 0x07, 0x01, 0x03, 0xfd, 0xfc, 0xf3, 0xf1,
    0xfe, 0xfb, 0x7f, 0xfc, 0x00, 0xfc, 0xfc, 0x20, 0xfc, 0xfa, 0xf1, 0x05, 0xee, 0x07, 0x04, 0x01,
    0x0a, 0xdf, 0x1e, 0x08, 0x04, 0x4a, 0xc9, 0xf2, 0x02, 0x30, 0xf9, 0x81, 0x0a, 0x0e, 0x17, 0x08,
    0xe4, 0xe5, 0xfc, 0xc4, 0x06, 0x0e, 0xbd, 0x03, 0xd0, 0x2b, 0xf2, 0x1d, 0xff, 0x01, 0x00, 0x00,
    0x00, 0x01, 0x00, 0x02, 0x00, 0x00, 0xfd, 0x01, 0x00, 0x01, 0x00, 0x01, 0xff, 0xff, 0xfe, 0xfe,
    0xff, 0xff, 0x17, 0xff, 0x00, 0xff, 0x00, 0x81, 0x00, 0xff, 0xfe, 0x01, 0x49, 0xec, 0xba, 0x14,
    0x04, 0x34, 0x98, 0xf8, 0x09, 0x14, 0x2b, 0x25, 0x02, 0xee, 0x01, 0x50, 0x0f, 0x13, 0x0d, 0x57,
    0xcd, 0xf0, 0xfe, 0xa5, 0xfd, 0xeb, 0xec, 0xfe, 0x81, 0xfb, 0x0a, 0xff, 0x05, 0x05, 0x01, 0xfe,
    0x00, 0x04, 0x92, 0xfb, 0x03, 0xfb, 0xf9, 0x08, 0x06, 0x08, 0x02, 0x06, 0x15, 0x01, 0x21, 0x7f,
    0x19, 0xe1, 0x02, 0xfa, 0xfd, 0x05, 0xeb, 0x00, 0x37, 0x36, 0x06, 0xdb, 0x03, 0xfd, 0xea, 0x01,
    0x01, 0x20, 0x05, 0xf4, 0x00, 0x0d, 0xfd, 0x05, 0x81, 0x04, 0x03, 0xff, 0x14, 0xfd, 0x0c, 0x0d,
    0x03, 0xfa, 0xfe, 0xf2, 0xf4, 0x02, 0xed, 0x00, 0x02, 0x10, 0xfe, 0xfb, 0xfd, 0x0a, 0x1e, 0x10,
    0x04, 0x1d, 0xd1, 0x1e, 0xf9, 0x15, 0x00, 0xfb, 0x0b, 0xda, 0x05, 0xfd, 0xe1, 0xf9, 0x07, 0x0d,
    0x13, 0x12, 0xfd, 0xf2, 0x04, 0x04, 0xe7, 0xfe, 0xf6, 0x10, 0x17, 0x81, 0x39, 0x03, 0xd8, 0x11,
    0x06, 0x15, 0x36, 0x02, 0x02, 0x55, 0x15, 0xbb, 0x06, 0x48, 0x04, 0x04, 0x81, 0xf6, 0x15, 0x20,
    0xf3, 0x24, 0xfe, 0xaa, 0xf5, 0xfa, 0xd0, 0xfd, 0xb3, 0x81, 0xf9, 0xfe, 0xb3, 0x09, 0xff, 0x1c,
    0x01, 0xfb, 0xfb, 0x17, 0x05, 0xf4, 0x33, 0x2e, 0x0b, 0x2c, 0x07, 0xd6, 0x08, 0x06, 0x81, 0x20,
    0xfc, 0x00, 0x03, 0xf0, 0x1f, 0xf1, 0x0a, 0xfd, 0xff, 0xbe, 0xed, 0x44, 0x29, 0x04, 0xbf, 0xed,
    0xff, 0x05, 0xe7, 0x21, 0xf4, 0xe8, 0xe0, 0x40, 0xa5, 0x60, 0xf8, 0xc0, 0x10, 0xfd, 0xb5, 0xed,
    0xff, 0x2b, 0xfc, 0x81, 0x21, 0x08, 0x22, 0x03, 0x14, 0xe4, 0xe0, 0x0c, 0x00, 0x05, 0xcc, 0x0c,
    0x02, 0x0d, 0xdb, 0x1f, 0x03, 0x1f, 0x05, 0xef, 0x81, 0xf7, 0x01, 0x09, 0xd6, 0xff, 0xc9, 0xfc,
    0xe1, 0x16, 0xfb, 0xc0, 0x0f, 0xf7, 0xff, 0xfe, 0xf3, 0x26, 0x24, 0xf8, 0x07, 0x0e, 0x3c, 0x11,
    0x04, 0x03, 0xf8, 0x20, 0xf5, 0x4a, 0xfd, 0xd7, 0xb5, 0xcc, 0x05, 0x07, 0x83, 0xe9, 0xa2, 0xbb,
    0xfe, 0x3e, 0xfd, 0x16, 0x07, 0xfd, 0xea, 0xfe, 0xea, 0x81, 0xd8, 0x5d, 0x34, 0x05, 0x9f, 0xf8,
    0xf9, 0x64, 0x0d, 0x54, 0x0f, 0xc9, 0x1c, 0x7f, 0x06, 0xf2, 0xef, 0x9a, 0x54, 0xfc, 0x10, 0x3e,
    0x2d, 0xbe, 0xf7, 0x4b, 0xf3, 0x05, 0x4c, 0xfe, 0x28, 0x2e, 0xb3, 0x46, 0xde, 0x03, 0x11, 0x0a,
    0x00, 0xd3, 0xeb, 0x14, 0x05, 0x1b, 0x24, 0x02, 0x09, 0x20, 0x02, 0xf6, 0x0b, 0x7f, 0xf3, 0x0d,
    0x21, 0x38, 0x09, 0x18, 0x0d, 0x9a, 0x0f, 0x01, 0xf6, 0x09, 0xd3, 0xf9, 0x9b, 0x0b, 0xd5, 0x1c,
    0x05, 0xf9, 0x7f, 0x30, 0x05, 0x0f, 0x19, 0xc5, 0x06, 0x22, 0xff, 0xcd, 0x0c, 0x07, 0x97, 0x01,
    0xda, 0x20, 0xfd, 0x0e, 0x18, 0xf6, 0xeb, 0xfd, 0x03, 0xc6, 0xd8, 0x27, 0x54, 0x06, 0xce, 0x17,
    0xf7, 0x0f, 0x8a, 0x44, 0x0d, 0xf2, 0x4f, 0x48, 0xe4, 0xda, 0xf8, 0x05, 0x2b, 0x37, 0x2c, 0x0d,
    0x48, 0x81, 0x07, 0x66, 0x2d, 0x1e, 0x55, 0xfb, 0x15, 0x5f, 0xfa, 0xe9, 0xf5, 0xcd, 0x03, 0x81,
    0x2a, 0x00, 0x0b, 0x05, 0x02, 0x26, 0x3a, 0xf7, 0x02, 0xf6, 0xc4, 0xf2, 0xee, 0x09, 0xfe, 0x14,
    0xfb, 0xf1, 0x08, 0x0e, 0x1f, 0x05, 0xdf, 0xfd, 0x0b, 0x07, 0x08, 0x09, 0xe1, 0xf0, 0xc6, 0x21,
    0x05, 0x02, 0x9e, 0x25, 0x06, 0x40, 0xf8, 0x37, 0x16, 0x14, 0xfc, 0x81, 0x5b, 0x05, 0xe8, 0x22,
    0xdc, 0x93, 0xf9, 0x2d, 0x08, 0xf1, 0xe5, 0x00, 0x21, 0x24, 0xc1, 0xe5, 0x2b, 0xff, 0xd4, 0x22,
    0x04, 0x43, 0xf3, 0x38, 0xfe, 0x00, 0xf6, 0x24, 0x02, 0xdd, 0x07, 0xd5, 0x1f, 0x7f, 0xff, 0x00,
    0x27, 0x06, 0xfd, 0x07, 0xfa, 0x91, 0xd5, 0xff, 0x0f, 0x0d, 0x10, 0xfd, 0xff, 0x91, 0x05, 0xf8,
    0x01, 0x0a, 0xff, 0xed, 0x81, 0xff, 0xfa, 0xf4, 0xff, 0xf2, 0x02, 0x02, 0xf8, 0x01, 0x06, 0xfa,
    0xf9, 0xfc, 0xff, 0x03, 0x29, 0x02, 0x03, 0x00, 0xfe, 0x03, 0x07, 0xfa, 0xfe, 0xa7, 0xff, 0xff,
    0x04, 0x00, 0x00, 0x00, 0x80, 0x00, 0x00, 0x00, 0xbf, 0x48, 0x00, 0x00, 0x95, 0x0f, 0x00, 0x00,
    0x9c, 0x3c, 0x00, 0x00, 0x89, 0xee, 0xff, 0xff, 0x3f, 0xf9, 0xff, 0xff, 0xbd, 0x18, 0x00, 0x00,
    0xb7, 0xf4, 0xff, 0xff, 0x56, 0xf5, 0xff, 0xff, 0x7f, 0x05, 0x00, 0x00, 0x87, 0xef, 0xff, 0xff,
    0x17, 0x22, 0x00, 0x00, 0x32, 0xea, 0xff, 0xff, 0xb3, 0xfd, 0xff, 0xff, 0xb4, 0x1b, 0x00, 0x00,
    0x3a, 0x00, 0x00, 0x00, 0xe9, 0x09, 0x00, 0x00, 0x00, 0xff, 0xff, 0xff, 0x9b, 0x07, 0x00, 0x00,
    0x4e, 0xf4, 0xff, 0xff, 0x6d, 0xf8, 0xff, 0xff, 0xba, 0xe9, 0xff, 0xff, 0x8d, 0xf4, 0xff, 0xff,
    0xee, 0xfe, 0xff, 0xff, 0x5b, 0xf7, 0xff, 0xff, 0x2f, 0xe2, 0xff, 0xff, 0xd8, 0xe9, 0xff, 0xff,
    0x7b, 0xf3, 0xff, 0xff, 0x15, 0xde, 0xff, 0xff, 0x66, 0x19, 0x00, 0x00, 0xb7, 0x1e, 0x00, 0x00,
    0xe9, 0xc2, 0xff, 0xff, 0x6e, 0x07, 0x00, 0x00, 0x8a, 0xa8, 0xff, 0xff, 0x04, 0x00, 0x00, 0x00,
    0x00, 0x01, 0x00, 0x00, 0xff, 0x02, 0x1f, 0xfc, 0x05, 0x01, 0x00, 0x03, 0xfe, 0xf4, 0x7f, 0x06,
    0x00, 0xfc, 0xfb, 0xff, 0xff, 0x00, 0x06, 0x05, 0xfa, 0xfb, 0x05, 0x02, 0x0a, 0xdf, 0xfe, 0xfc,
    0x00, 0x0b, 0xe3, 0x03, 0x0e, 0xf7, 0xf5, 0x5b, 0xf6, 0x0e, 0x8a, 0x1e, 0xf7, 0xaa, 0x19, 0xf3,
    0x1a, 0x28, 0x81, 0xf6, 0xcd, 0x5a, 0x24, 0xa2, 0x0f, 0x00, 0x03, 0x1a, 0xb7, 0xd6, 0xec, 0x5f,
    0x01, 0x54, 0x10, 0xfd, 0xf9, 0xf3, 0x02, 0x00, 0x02, 0xe6, 0xff, 0xfd, 0x7f, 0xfe, 0x00, 0x00,
    0xff, 0x00, 0xff, 0x00, 0xfe, 0x00, 0x01, 0x00, 0xff, 0xff, 0x00, 0x02, 0x03, 0x03, 0x00, 0xfd,
    0xe7, 0x02, 0xfe, 0x0d, 0x23, 0xbe, 0xfc, 0x02, 0x01, 0xe2, 0xff, 0x01, 0x1f, 0x06, 0xf7, 0xff,
    0x00, 0x01, 0x05, 0x02, 0x00, 0xff, 0xff, 0xfe, 0x02, 0x05, 0xfb, 0xfe, 0xf7, 0xfd, 0xff, 0x08,
    0x0d, 0xfe, 0x04, 0x81, 0x08, 0xf1, 0x20, 0xc5, 0x33, 0xfc, 0xdc, 0xf9, 0x08, 0x0a, 0xf8, 0x78,
    0x1c, 0xe6, 0x81, 0xf1, 0xc7, 0x25, 0x67, 0x22, 0x84, 0x85, 0x53, 0x1d, 0x4c, 0x29, 0xd9, 0xda,
    0xf4, 0xe7, 0xe5, 0x22, 0x05, 0xfb, 0xee, 0x0a, 0xe8, 0x00, 0x0e, 0xf9, 0xfc, 0xeb, 0x19, 0x03,
    0x19, 0x13, 0x81, 0x02, 0x1c, 0xab, 0x16, 0x02, 0xfc, 0xf1, 0xe6, 0xea, 0xfa, 0xe4, 0xfd, 0xf9,
    0x01, 0x19, 0x0f, 0x00, 0x11, 0xf8, 0xd0, 0xf4, 0xba, 0x00, 0x0b, 0x7f, 0xf9, 0x16, 0x09, 0x03,
    0x17, 0x35, 0x89, 0x83, 0xe0, 0x23, 0xf2, 0xdc, 0x15, 0xdc, 0xf9, 0x41, 0x04, 0xcb, 0x69, 0xf1,
    0x04, 0xef, 0x2f, 0x00, 0xf8, 0x06, 0x10, 0xf9, 0x16, 0xfe, 0x04, 0xf3, 0x03, 0x16, 0xf4, 0xeb,
    0x19, 0xe9, 0x81, 0x12, 0xfd, 0x2f, 0xdc, 0x07, 0x12, 0x25, 0x07, 0x01, 0x00, 0x19, 0xfd, 0x04,
    0x01, 0xe8, 0xf1, 0xf6, 0x96, 0xa9, 0xff, 0xff, 0x04, 0x00, 0x00, 0x00, 0x20, 0x00, 0x00, 0x00,
    0x75, 0x54, 0x00, 0x00, 0x1b, 0x7e, 0x00, 0x00, 0x6e, 0x26, 0x00, 0x00, 0x53, 0x2d, 0x00, 0x00,
    0xc2, 0x48, 0x00, 0x00, 0x17, 0x2a, 0x00, 0x00, 0x08, 0x69, 0x00, 0x00, 0x99, 0x13, 0x00, 0x00,
    0xc2, 0xa9, 0xff, 0xff, 0x04, 0x00, 0x00, 0x00, 0x00, 0x01, 0x00, 0x00, 0xfe, 0x02, 0xf3, 0x7f,
    0xfc, 0x03, 0x00, 0x01, 0x14, 0x81, 0x06, 0xf7, 0x2c, 0xa8, 0x16, 0x68, 0x01, 0xdb, 0xfd, 0x08,
    0xc7, 0x86, 0xd2, 0x81, 0x01, 0x04, 0x05, 0x07, 0x0c, 0x06, 0x81, 0x1f, 0xff, 0x81, 0x0b, 0xf6,
    0xe8, 0x58, 0x09, 0xe7, 0xcb, 0x23, 0x10, 0xf2, 0x34, 0x5b, 0x2c, 0x81, 0xfb, 0xd1, 0xfd, 0xfd,
    0x81, 0x28, 0x5a, 0xfd, 0xfe, 0x25, 0x04, 0xfa, 0x37, 0x78, 0x2c, 0x7f, 0xf7, 0x00, 0xbb, 0x81,
    0xff, 0xff, 0xfb, 0xfe, 0xe8, 0x81, 0x09, 0xfa, 0x3a, 0x5c, 0xc1, 0xd8, 0x81, 0x51, 0xef, 0x1f,
    0x5a, 0xeb, 0xa7, 0xf9, 0x12, 0x63, 0x0d, 0xef, 0xfa, 0x81, 0x72, 0x1e, 0xcd, 0x7f, 0xee, 0x10,
    0xc5, 0x3e, 0xe6, 0xb9, 0xe9, 0xaf, 0xb4, 0x81, 0x13, 0x3c, 0x1f, 0xc9, 0x05, 0xff, 0x04, 0xfc,
    0x7f, 0xf7, 0xe9, 0xe2, 0x18, 0x81, 0x0d, 0xf4, 0xf4, 0xf9, 0x44, 0x23, 0xe0, 0x02, 0xfe, 0x07,
    0xc6, 0x1c, 0x81, 0x25, 0xe3, 0xae, 0x08, 0xfc, 0x7f, 0x4a, 0xf6, 0xb2, 0xfb, 0x00, 0x33, 0x81,
    0x03, 0xfc, 0xfc, 0x00, 0x10, 0xee, 0xfb, 0x06, 0x81, 0x02, 0xfe, 0x34, 0x1e, 0x91, 0x0d, 0xf6,
    0x0f, 0x3d, 0x81, 0x11, 0xe6, 0x42, 0xec, 0x0d, 0x81, 0xe8, 0xf3, 0x2b, 0xfd, 0x02, 0x81, 0x04,
    0x01, 0x01, 0x02, 0xff, 0xfb, 0x1c, 0xef, 0x11, 0x82, 0x13, 0x81, 0x3e, 0x0d, 0x75, 0xf8, 0x11,
    0xff, 0x81, 0x9b, 0x64, 0xbf, 0x47, 0xe9, 0x0d, 0x2c, 0x2c, 0x81, 0xd9, 0x81, 0xfe, 0xff, 0xfe,
    0x01, 0x00, 0x01, 0x02, 0x14, 0x52, 0x02, 0xfc, 0x3d, 0x81, 0x1e, 0x2d, 0x0e, 0xd5, 0x08, 0xef,
    0x2c, 0xd3, 0x7f, 0xfb, 0x08, 0x5b, 0xf2, 0x0b, 0x81, 0xb8, 0x32, 0x42, 0x04, 0x68, 0x00, 0xf5,
    0x6a, 0x81, 0x52, 0x01, 0xf0, 0xf4, 0xfe, 0xf3, 0xcf, 0x0b, 0x7f, 0xe2, 0xce, 0xaa, 0xff, 0xff,
    0x04, 0x00, 0x00, 0x00, 0x80, 0x00, 0x00, 0x00, 0x12, 0xe3, 0xff, 0xff, 0x82, 0x19, 0x00, 0x00,
    0xb1, 0x86, 0x00, 0x00, 0xc8, 0x1c, 0x00, 0x00, 0x25, 0x3f, 0x00, 0x00, 0xec, 0xf6, 0xff, 0xff,
    0xbd, 0x20, 0x00, 0x00, 0x86, 0x79, 0xff, 0xff, 0x1a, 0x4d, 0x00, 0x00, 0x82, 0x53, 0x00, 0x00,
    0x34, 0x0d, 0x00, 0x00, 0xdb, 0xb8, 0xff, 0xff, 0xac, 0xfc, 0xff, 0xff, 0x6b, 0x6d, 0x00, 0x00,
    0xf0, 0xe5, 0xff, 0xff, 0x45, 0x17, 0x00, 0x00, 0xbd, 0x4b, 0x00, 0x00, 0xcb, 0x14, 0x00, 0x00,
    0x1f, 0x19, 0x00, 0x00, 0xd7, 0x1c, 0x00, 0x00, 0xd6, 0x42, 0x00, 0x00, 0x20, 0x25, 0x00, 0x00,
    0xcc, 0x47, 0x00, 0x00, 0x6e, 0x38, 0x00, 0x00, 0x40, 0xe4, 0xff, 0xff, 0x9e, 0x2c, 0x00, 0x00,
    0x11, 0x4b, 0x00, 0x00, 0x1f, 0xc1, 0xff, 0xff, 0xdf, 0xdf, 0xff, 0xff, 0x25, 0xe1, 0xff, 0xff,
    0x4f, 0xb6, 0xff, 0xff, 0x76, 0xfd, 0xff, 0xff, 0x5a, 0xab, 0xff, 0xff, 0x04, 0x00, 0x00, 0x00,
    0x00, 0x04, 0x00, 0x00, 0xfa, 0xf6, 0x01, 0x1f, 0xf0, 0x05, 0xaf, 0xfd, 0x0d, 0xd3, 0xc3, 0x05,
    0xff, 0x25, 0xf3, 0x18, 0xea, 0x06, 0xe9, 0x7f, 0xfe, 0xeb, 0xf0, 0xfc, 0x2b, 0xe7, 0x06, 0x00,
    0x1e, 0x5e, 0xb3, 0x17, 0x15, 0x07, 0xff, 0xff, 0x01, 0xfd, 0xf9, 0x03, 0x5d, 0x0e, 0xfe, 0xf0,
    0x09, 0x09, 0xfc, 0x13, 0xec, 0xf5, 0x7f, 0x0a, 0xfa, 0xf1, 0xf4, 0x03, 0x06, 0x0c, 0xf5, 0xed,
    0xfb, 0x11, 0x18, 0x05, 0x00, 0x03, 0x81, 0xf4, 0xfe, 0xff, 0xfe, 0x4c, 0xfd, 0x01, 0xfd, 0xfc,
    0xfd, 0x02, 0xfc, 0x02, 0x02, 0xff, 0x04, 0xf8, 0x0b, 0x09, 0x00, 0xfd, 0x03, 0x00, 0x0a, 0xfb,
    0x06, 0x04, 0x07, 0xfd, 0xfc, 0x30, 0x00, 0x0b, 0xb0, 0xd6, 0x7b, 0x01, 0xf9, 0x7f, 0xd5, 0xe1,
    0x27, 0x10, 0xc0, 0xb9, 0xed, 0x83, 0x01, 0xe2, 0x46, 0xd3, 0x04, 0x15, 0x14, 0xf2, 0x02, 0x03,
    0x0f, 0x28, 0x27, 0xbc, 0xfa, 0x27, 0x00, 0xf9, 0xe8, 0x29, 0xec, 0xfa, 0x21, 0x54, 0x11, 0xa5,
    0x11, 0xda, 0x14, 0x42, 0x02, 0xa5, 0xe0, 0x87, 0x36, 0xf4, 0xed, 0x2c, 0x06, 0xb5, 0x0b, 0x02,
    0x81, 0xf1, 0x25, 0x62, 0xd6, 0xfb, 0x04, 0xff, 0x11, 0x01, 0xfa, 0x07, 0xac, 0xe4, 0xf5, 0xe9,
    0x07, 0xef, 0xfb, 0xf8, 0x03, 0x0d, 0x07, 0x0e, 0x12, 0xf3, 0x81, 0xfb, 0x02, 0x05, 0x04, 0x0e,
    0x13, 0x0a, 0x01, 0x03, 0xf2, 0x04, 0xff, 0x0e, 0x0d, 0x07, 0xfb, 0x07, 0xf8, 0xfa, 0x1c, 0xfe,
    0xf5, 0xee, 0x05, 0x1e, 0xf3, 0x08, 0x02, 0xfa, 0xf2, 0x06, 0x11, 0x09, 0xe5, 0xf9, 0x81, 0xf7,
    0xf5, 0x12, 0x09, 0xea, 0x00, 0xed, 0xff, 0xdd, 0x1d, 0x22, 0xef, 0xff, 0xfb, 0x05, 0xfd, 0x05,
    0x9f, 0xf8, 0xc9, 0x2d, 0xcb, 0x18, 0x0b, 0xcd, 0xe4, 0xd7, 0x06, 0x7f, 0x03, 0x32, 0x0a, 0x13,
    0x9b, 0x09, 0x28, 0xf4, 0xf5, 0xbc, 0xfc, 0x41, 0x5b, 0xef, 0xe2, 0x01, 0xff, 0x25, 0xb5, 0xb0,
    0xb0, 0x26, 0x14, 0x04, 0xe3, 0xfe, 0xea, 0xec, 0x15, 0x48, 0xfe, 0x39, 0x4a, 0xb2, 0x0d, 0x62,
    0xf8, 0x81, 0x0f, 0xff, 0xfc, 0x02, 0x01, 0xab, 0x39, 0xf3, 0x00, 0x02, 0xff, 0x36, 0x2e, 0x22,
    0x29, 0x0a, 0x41, 0x38, 0x5f, 0xb5, 0xef, 0x13, 0x1f, 0x5d, 0xfd, 0xcf, 0xb6, 0xc3, 0x03, 0x4d,
    0xcf, 0x81, 0xdc, 0x5b, 0xfe, 0xd6, 0xff, 0x45, 0x4b, 0xc1, 0xe8, 0xfb, 0xea, 0xc6, 0xf7, 0x12,
    0x32, 0xe5, 0xb4, 0xe3, 0xe9, 0xda, 0x18, 0xf7, 0xe9, 0x4b, 0x10, 0xe2, 0x90, 0x7f, 0x05, 0xf3,
    0xcd, 0x1f, 0x36, 0x62, 0xfd, 0xd7, 0xfe, 0x5a, 0x24, 0x45, 0x1c, 0x01, 0x09, 0x16, 0x4b, 0xe5,
    0x1b, 0xed, 0xe5, 0x02, 0xfd, 0x07, 0xf4, 0xf2, 0xff, 0x05, 0xfe, 0x04, 0x90, 0xb9, 0x05, 0x7f,
    0xf6, 0xfa, 0xc0, 0xf4, 0x27, 0x0d, 0x01, 0x0a, 0xf1, 0x05, 0xff, 0x01, 0x81, 0x14, 0xf5, 0xec,
    0x05, 0x48, 0x16, 0x05, 0x01, 0xe4, 0x7f, 0xf7, 0x27, 0xf7, 0x61, 0xf8, 0x0c, 0xdf, 0xfc, 0x14,
    0xfc, 0x07, 0xf9, 0x06, 0x04, 0xe3, 0xff, 0xab, 0x33, 0x7f, 0x81, 0x01, 0x03, 0x30, 0xe6, 0x76,
    0xd4, 0x2a, 0x23, 0x0f, 0xd4, 0xaf, 0xf5, 0x06, 0x33, 0x17, 0xf3, 0x16, 0x41, 0x5d, 0x02, 0xee,
    0xac, 0xce, 0xb2, 0x31, 0x23, 0x05, 0x01, 0x07, 0xee, 0x09, 0x03, 0x01, 0x48, 0x11, 0xf7, 0xed,
    0x0b, 0x15, 0x0f, 0xfc, 0xff, 0xee, 0xde, 0xfd, 0x0a, 0x0b, 0x7f, 0xf8, 0x05, 0xf4, 0xfb, 0x03,
    0x03, 0x01, 0xff, 0x0e, 0xfe, 0x14, 0xfe, 0xcf, 0xa7, 0xf2, 0xd4, 0x00, 0xfc, 0x7f, 0x03, 0x24,
    0xde, 0x04, 0xd9, 0x01, 0x15, 0xf8, 0x01, 0x08, 0x18, 0x42, 0xfe, 0xd9, 0x25, 0x23, 0xf8, 0xc5,
    0x0b, 0xd0, 0x26, 0x24, 0x05, 0x23, 0x00, 0xd5, 0xd1, 0xf5, 0x19, 0x01, 0x01, 0xe9, 0x14, 0xdf,
    0xea, 0x0f, 0x7f, 0x1a, 0xe0, 0x49, 0x03, 0xd3, 0x23, 0xfc, 0xf7, 0x30, 0xfa, 0x42, 0xfa, 0xd4,
    0xf8, 0x07, 0x4e, 0xfb, 0x08, 0x06, 0x81, 0x05, 0xf0, 0x0c, 0x05, 0x91, 0x05, 0x14, 0x02, 0xfb,
    0xed, 0x08, 0x07, 0x10, 0xf5, 0x02, 0x01, 0xfd, 0x0a, 0x0a, 0xfc, 0x18, 0x02, 0x0c, 0x03, 0x0d,
    0xe7, 0xfc, 0x04, 0x20, 0xfc, 0x04, 0x01, 0x1c, 0x3e, 0x09, 0xb2, 0x01, 0xf6, 0x2b, 0x12, 0x2e,
    0xd9, 0xd3, 0x2d, 0xf6, 0x35, 0x81, 0x09, 0x2a, 0xa9, 0x04, 0x15, 0xaa, 0xf9, 0x41, 0x00, 0xb8,
    0xd3, 0xf6, 0x72, 0x2c, 0x05, 0x63, 0x00, 0xfc, 0x1c, 0xf0, 0xbf, 0xfe, 0x04, 0xfb, 0x7f, 0x44,
    0x03, 0xcd, 0x04, 0x48, 0x11, 0x1e, 0x06, 0x31, 0x0a, 0x1b, 0x04, 0xda, 0xd3, 0xdb, 0x03, 0xc8,
    0x22, 0x09, 0xe7, 0xe2, 0x0d, 0xdf, 0xff, 0x0c, 0x76, 0x7f, 0xbd, 0x02, 0x07, 0xd6, 0x13, 0x56,
    0x13, 0xa2, 0xec, 0x21, 0x2c, 0x5f, 0xff, 0x1a, 0xf2, 0xe8, 0x0d, 0x0d, 0x16, 0xc8, 0xfc, 0xf3,
    0xe1, 0xb6, 0x31, 0x38, 0x7f, 0x0a, 0xff, 0x03, 0xfc, 0x0b, 0x02, 0xff, 0x1d, 0x0a, 0x03, 0xf7,
    0x05, 0xf7, 0xf9, 0x02, 0xf8, 0xfc, 0x0d, 0x01, 0xfc, 0xf5, 0xd4, 0xff, 0xfc, 0xfa, 0xfa, 0x05,
    0x03, 0x0a, 0x06, 0xfb, 0xf9, 0x09, 0xff, 0x11, 0xe2, 0x16, 0x20, 0xff, 0xf7, 0xb2, 0x10, 0xff,
    0xeb, 0x0f, 0xab, 0x01, 0x31, 0x7f, 0x01, 0xea, 0xde, 0x31, 0x03, 0x01, 0x4c, 0x01, 0xf6, 0x16,
    0xe0, 0x06, 0xf9, 0xef, 0xf5, 0x29, 0x04, 0x14, 0xb2, 0x2d, 0x7f, 0xfe, 0xf9, 0xc1, 0x27, 0xde,
    0xe3, 0x1e, 0xf7, 0x1e, 0x8f, 0x45, 0xfa, 0xf1, 0x45, 0x24, 0x00, 0x0f, 0xf8, 0xb1, 0x14, 0xd7,
    0x8d, 0x59, 0xaf, 0x1e, 0xf6, 0x07, 0x00, 0xe8, 0xbd, 0x23, 0x5d, 0x02, 0xee, 0x2f, 0x20, 0x56,
    0xfb, 0x22, 0x81, 0xcb, 0x51, 0x1b, 0xf9, 0x3e, 0x73, 0x18, 0x0b, 0x58, 0x8f, 0xde, 0x06, 0x0a,
    0xd4, 0xb3, 0x03, 0xb9, 0x0d, 0xfc, 0xff, 0xf8, 0xf8, 0x00, 0x06, 0xf9, 0x08, 0x01, 0xea, 0xf6,
    0x08, 0x06, 0xfa, 0xed, 0x06, 0xf9, 0xff, 0xff, 0x12, 0x01, 0xf2, 0xf6, 0x15, 0x04, 0x7f, 0x05,
    0x0a, 0xf8, 0x00, 0x0a, 0x03, 0xb4, 0x01, 0x03, 0x0e, 0x45, 0xe4, 0xff, 0xfb, 0xfe, 0x08, 0x01,
    0xfe, 0xfd, 0xa5, 0xe2, 0xb0, 0xa6, 0x03, 0x2c, 0x28, 0x9f, 0x0b, 0x52, 0x32, 0xd7, 0x15, 0x81,
    0xd2, 0xee, 0x7c, 0x17, 0x01, 0xfd, 0x02, 0x39, 0xf3, 0x18, 0x2f, 0xff, 0x01, 0xf8, 0xe5, 0xd4,
    0x13, 0x1e, 0x1a, 0x61, 0xce, 0xb5, 0xf6, 0x81, 0xa5, 0xe6, 0xfa, 0x70, 0xcc, 0xf5, 0x0d, 0x07,
    0x00, 0xf6, 0xef, 0x43, 0x7f, 0x00, 0x01, 0x09, 0x02, 0x0d, 0x13, 0x03, 0x0b, 0x08, 0xeb, 0xee,
    0xfe, 0xc3, 0xfb, 0xfa, 0x0d, 0x0b, 0xa0, 0xff, 0xfb, 0xfe, 0xec, 0xfb, 0x01, 0x07, 0x00, 0x05,
    0x00, 0xf8, 0x17, 0x08, 0x00, 0x00, 0x00, 0x7f, 0xe1, 0x24, 0xea, 0xfe, 0xff, 0xed, 0x22, 0x36,
    0xd0, 0x08, 0x0f, 0x2b, 0xf4, 0x04, 0xfc, 0xb1, 0xe1, 0xc5, 0x03, 0x35, 0xde, 0x56, 0xf7, 0xfe,
    0xe4, 0x46, 0xdb, 0xfd, 0x0e, 0x14, 0x00, 0xce, 0xa7, 0x18, 0xd8, 0x03, 0xf7, 0x2b, 0x1e, 0xe5,
    0xed, 0x46, 0x3e, 0x1e, 0xbe, 0xe1, 0xfe, 0x02, 0xea, 0x15, 0xfc, 0xfc, 0x02, 0xe7, 0xfc, 0x7f,
    0x19, 0x47, 0xed, 0x3e, 0xec, 0x40, 0x01, 0xc7, 0x81, 0xba, 0x2b, 0x02, 0x15, 0x05, 0x21, 0xdb,
    0x32, 0xf7, 0x44, 0x24, 0xff, 0xdb, 0xee, 0xf0, 0x6a, 0xfb, 0xef, 0xf4, 0xcd, 0xe1, 0xfc, 0x78,
    0x25, 0x1c, 0xff, 0xde, 0x66, 0xaf, 0xff, 0xff, 0x04, 0x00, 0x00, 0x00, 0x80, 0x00, 0x00, 0x00,
    0x0e, 0x14, 0x00, 0x00, 0x3c, 0xec, 0xff, 0xff, 0x1b, 0x00, 0x00, 0x00, 0xc4, 0x04, 0x00, 0x00,
    0x3c, 0x0f, 0x00, 0x00, 0x3c, 0x48, 0x00, 0x00, 0x93, 0x25, 0x00, 0x00, 0x32, 0x03, 0x00, 0x00,
    0x68, 0x03, 0x00, 0x00, 0x82, 0xf1, 0xff, 0xff, 0xf0, 0xf0, 0xff, 0xff, 0x5d, 0xff, 0xff, 0xff,
    0x06, 0xde, 0xff, 0xff, 0x6d, 0x00, 0x00, 0x00, 0x53, 0xba, 0xff, 0xff, 0xeb, 0xfb, 0xff, 0xff,
    0x33, 0xfd, 0xff, 0xff, 0x24, 0x20, 0x00, 0x00, 0x89, 0xec, 0xff, 0xff, 0xa0, 0x06, 0x00, 0x00,
    0x7f, 0xe8, 0xff, 0xff, 0xa5, 0x03, 0x00, 0x00, 0xa6, 0xfd, 0xff, 0xff, 0x07, 0x20, 0x00, 0x00,
    0x17, 0xfb, 0xff, 0xff, 0x6b, 0xd9, 0xff, 0xff, 0x32, 0x0a, 0x00, 0x00, 0xa8, 0x09, 0x00, 0x00,
    0x3b, 0x09, 0x00, 0x00, 0xcd, 0x04, 0x00, 0x00, 0x0c, 0x0b, 0x00, 0x00, 0xac, 0x20, 0x00, 0x00,
    0xf2, 0xaf, 0xff, 0xff, 0x04, 0x00, 0x00, 0x00, 0x00, 0x50, 0x00, 0x00, 0xef, 0x08, 0x03, 0xd7,
    0x37, 0xef, 0x1e, 0xbe, 0x0a, 0x3a, 0x69, 0x81, 0xf4, 0xde, 0xce, 0xd6, 0x4f, 0x21, 0xff, 0xf6,
    0xa9, 0xdb, 0xe6, 0x4d, 0x37, 0xf0, 0xeb, 0x51, 0x2b, 0x5d, 0x99, 0x85, 0x06, 0x03, 0x38, 0x1c,
    0x23, 0xde, 0xfd, 0xc0, 0xbb, 0xeb, 0x3b, 0xfa, 0x05, 0x20, 0xb4, 0x01, 0x01, 0x7f, 0xce, 0xa3,
    0x41, 0xe0, 0xde, 0xe9, 0xfb, 0xfb, 0xd2, 0x05, 0x16, 0xe9, 0x0e, 0x22, 0x06, 0xff, 0x39, 0x1b,
    0x18, 0xe7, 0xfc, 0xcd, 0xc4, 0xe7, 0x29, 0x03, 0x06, 0x20, 0xcb, 0xfc, 0xf5, 0x7f, 0xd4, 0xab,
    0x41, 0xeb, 0xe1, 0xe2, 0xf6, 0xfb, 0xd7, 0xfb, 0x0c, 0xdf, 0x13, 0x2b, 0xfd, 0xee, 0x2c, 0xee,
    0x00, 0x14, 0xff, 0x0c, 0xff, 0xf5, 0xfd, 0xf3, 0x0e, 0xf9, 0x47, 0xe1, 0xe7, 0x7f, 0x00, 0xfd,
    0xf7, 0x1b, 0xf2, 0xeb, 0xfc, 0xf9, 0xf1, 0xf1, 0xe2, 0xe8, 0xf4, 0xfe, 0xf9, 0xe7, 0x24, 0xda,
    0xf5, 0x28, 0x02, 0x29, 0x16, 0xfa, 0xea, 0xec, 0x13, 0xea, 0x7f, 0xd1, 0xde, 0x7a, 0x12, 0x1f,
    0xd7, 0x32, 0xf7, 0xed, 0xfd, 0xf5, 0xfb, 0xeb, 0xcd, 0xea, 0xe7, 0xeb, 0xf5, 0x16, 0xf8, 0x05,
    0xff, 0x19, 0x1c, 0x04, 0xdc, 0xc7, 0xf1, 0x0a, 0x18, 0x2f, 0x7f, 0x90, 0xa5, 0x55, 0xec, 0xb0,
    0x1e, 0x36, 0xdc, 0xc0, 0xe1, 0xac, 0xd2, 0xc9, 0xbd, 0xb3, 0x16, 0x3c, 0x0d, 0x18, 0x23, 0x3b,
    0xd6, 0x21, 0x3e, 0xe6, 0xce, 0xea, 0x01, 0x59, 0x1e, 0x41, 0x43, 0xf5, 0xca, 0xe9, 0xfa, 0x93,
    0x69, 0x44, 0xf6, 0xbe, 0xe0, 0xa5, 0xec, 0xca, 0xb9, 0xd8, 0x38, 0x7f, 0x0f, 0x18, 0x38, 0x46,
    0xc8, 0x1e, 0x33, 0xcc, 0xe9, 0xf2, 0xeb, 0x55, 0x20, 0x51, 0x40, 0x1e, 0xd0, 0xe5, 0xf4, 0x8e,
    0x74, 0x3b, 0xff, 0xd6, 0xe3, 0xb5, 0x02, 0xcd, 0xc4, 0xe8, 0x49, 0x7f, 0x17, 0x14, 0x00, 0x4a,
    0xcf, 0x24, 0x42, 0xb2, 0xe0, 0xfb, 0xed, 0x66, 0x1f, 0x5f, 0x46, 0x32, 0xdd, 0x09, 0x00, 0x83,
    0x70, 0x36, 0x12, 0xda, 0xe5, 0xa7, 0x0f, 0xd3, 0xce, 0xef, 0x4e, 0x7f, 0x0f, 0x14, 0xee, 0x43,
    0xbf, 0x27, 0x7f, 0x85, 0xce, 0x2a, 0x17, 0x5c, 0x0d, 0x3f, 0x28, 0x29, 0x1a, 0x11, 0x22, 0x9a,
    0x21, 0x28, 0x29, 0xf9, 0xed, 0x8a, 0x2b, 0xfd, 0xe6, 0x3e, 0xfd, 0x38, 0x00, 0x15, 0x7f, 0x09,
    0xf5, 0x14, 0x5d, 0xb5, 0xed, 0x35, 0x3c, 0xeb, 0xff, 0x0d, 0x0a, 0xf5, 0x2d, 0xb0, 0x11, 0xce,
    0xe2, 0x10, 0x09, 0x24, 0x15, 0xaf, 0x11, 0x1a, 0xfb, 0x55, 0xc0, 0xdd, 0x02, 0x23, 0x5c, 0x18,
    0xf0, 0x1d, 0x7f, 0x9e, 0xe3, 0x45, 0x43, 0xec, 0xfe, 0x1a, 0x13, 0x02, 0x40, 0xba, 0x18, 0xbd,
    0xe3, 0x13, 0x16, 0x2a, 0x1a, 0x90, 0x25, 0x24, 0xff, 0x75, 0xb3, 0xe1, 0x02, 0x24, 0xd0, 0x28,
    0xd5, 0x21, 0x7f, 0x9b, 0xdf, 0x42, 0x2a, 0x08, 0xf9, 0x1a, 0x16, 0x16, 0x39, 0x00, 0x1e, 0xc2,
    0xf6, 0x15, 0x1a, 0x27, 0x0c, 0x95, 0x35, 0x1a, 0x01, 0x76, 0xbb, 0xfe, 0x01, 0x23, 0x9e, 0x28,
    0xcf, 0x1c, 0x7f, 0x96, 0xe0, 0x33, 0x19, 0x22, 0xf9, 0x27, 0x11, 0x1d, 0x2c, 0x19, 0x20, 0xb9,
    0x0a, 0x14, 0x20, 0x1b, 0x0f, 0x93, 0x30, 0x0b, 0xfc, 0x5f, 0xce, 0x13, 0x06, 0x22, 0xb4, 0x46,
    0xd4, 0x29, 0x7f, 0xac, 0xd5, 0x11, 0x0f, 0x42, 0x0f, 0x45, 0x1e, 0x17, 0xf6, 0x16, 0x08, 0x89,
    0x4a, 0x25, 0x15, 0xf8, 0xff, 0x86, 0x1c, 0xef, 0xe2, 0x25, 0x0c, 0x4b, 0x07, 0x2a, 0xf8, 0x35,
    0xd1, 0x2d, 0x7f, 0xbe, 0xdb, 0x11, 0x14, 0x38, 0x08, 0x4e, 0x33, 0x0e, 0xeb, 0xe7, 0x08, 0x87,
    0x4e, 0x27, 0x0f, 0xe6, 0x00, 0x82, 0x20, 0xe8, 0xe7, 0x1d, 0x04, 0x54, 0x02, 0x20, 0x29, 0x1d,
    0xe5, 0x23, 0x7f, 0xb3, 0xd7, 0x27, 0x26, 0x18, 0x05, 0x20, 0x20, 0xfc, 0x17, 0xcf, 0x11, 0xa8,
    0x00, 0x22, 0x19, 0x07, 0x0d, 0x86, 0x14, 0xff, 0xed, 0x42, 0xd3, 0x08, 0x02, 0x14, 0x36, 0x1f,
    0xf7, 0x22, 0x7f, 0xad, 0xd8, 0x29, 0x2a, 0x16, 0x0a, 0x2c, 0x1a, 0xf8, 0x19, 0xd2, 0x17, 0xae,
    0xfd, 0x27, 0x19, 0x05, 0x0b, 0x89, 0x15, 0x0b, 0xe2, 0x41, 0xd8, 0x02, 0x02, 0x0a, 0x2b, 0x34,
    0xe9, 0x32, 0x79, 0xcb, 0xd3, 0x05, 0x0f, 0x3c, 0x27, 0x4b, 0x3e, 0xff, 0xe6, 0xc6, 0x05, 0x81,
    0x36, 0x3a, 0x15, 0xe4, 0xf7, 0x8b, 0x0a, 0xe7, 0xc2, 0x0a, 0x14, 0x4b, 0x12, 0x01, 0x40, 0x30,
    0xd9, 0x26, 0x32, 0xe6, 0xe2, 0xdf, 0xfd, 0x42, 0x2e, 0x47, 0x43, 0x17, 0xc8, 0xbc, 0xe4, 0x86,
    0x6b, 0x34, 0xfa, 0xd4, 0xef, 0xc3, 0xfc, 0xd8, 0xc5, 0xd3, 0x34, 0x7f, 0x17, 0x04, 0x23, 0x33,
    0xca, 0x24, 0x32, 0xe8, 0xdd, 0xe8, 0xeb, 0x5a, 0x1c, 0x40, 0x3d, 0x2c, 0xd2, 0xcc, 0xf1, 0xa4,
    0x67, 0x33, 0x08, 0xce, 0xe9, 0xcf, 0x11, 0xd5, 0xcd, 0xe3, 0x2f, 0x7f, 0x0d, 0x17, 0x91, 0x30,
    0xac, 0x33, 0x5e, 0xc2, 0xe6, 0xef, 0xcd, 0x6e, 0x1c, 0x69, 0x5a, 0x39, 0xc5, 0x13, 0xf7, 0x88,
    0x67, 0x4d, 0x1c, 0xc6, 0xef, 0xa1, 0x26, 0xcb, 0xb8, 0xfd, 0x4c, 0x7f, 0x02, 0x0d, 0x81, 0x1f,
    0xcb, 0x15, 0x2c, 0xd9, 0xf1, 0xf6, 0xdd, 0x39, 0x05, 0x38, 0x32, 0x1d, 0xe0, 0x35, 0xfb, 0xbd,
    0x34, 0x2e, 0x10, 0xe0, 0xf5, 0xc8, 0x11, 0xe7, 0xdb, 0x00, 0x2e, 0x42, 0xfe, 0x0f, 0x81, 0x1b,
    0xcf, 0x13, 0x30, 0xca, 0xf1, 0xfe, 0xf2, 0x2c, 0x00, 0x32, 0x23, 0x0c, 0xee, 0x40, 0xfb, 0xba,
    0x23, 0x24, 0x0e, 0xe8, 0xfa, 0xc0, 0x0c, 0xf2, 0xe3, 0x06, 0x18, 0x33, 0x02, 0x22, 0x98, 0x28,
    0xd5, 0x21, 0x7d, 0x8c, 0xda, 0x2b, 0x20, 0x1f, 0x01, 0x34, 0x18, 0x0c, 0x29, 0x2d, 0x1b, 0xa0,
    0xfa, 0x25, 0x1d, 0x0e, 0x18, 0x81, 0x22, 0x13, 0xe3, 0x53, 0xdd, 0xfd, 0x08, 0x1e, 0x58, 0x08,
    0xfe, 0x1e, 0x7f, 0xad, 0xe3, 0x47, 0x47, 0xec, 0xf8, 0x07, 0x0a, 0xf1, 0x49, 0xbf, 0x27, 0xca,
    0xc2, 0x12, 0x16, 0x27, 0x24, 0x95, 0x15, 0x2f, 0xf9, 0x73, 0xa8, 0xc1, 0xff, 0x22, 0x6e, 0x06,
    0xfb, 0x1c, 0x7f, 0xae, 0xf1, 0x42, 0x47, 0xe5, 0xf7, 0x07, 0x06, 0xf0, 0x44, 0xb9, 0x27, 0xd2,
    0xc4, 0x13, 0x17, 0x2f, 0x1e, 0x98, 0x1a, 0x2b, 0xf9, 0x6e, 0xa5, 0xc9, 0x01, 0x32, 0x79, 0x05,
    0xf2, 0x1d, 0x7f, 0xb1, 0xf6, 0x3a, 0x3e, 0xe7, 0xfb, 0x11, 0x0e, 0xf4, 0x33, 0xb9, 0x1d, 0xc9,
    0xd9, 0x1a, 0x17, 0x26, 0x1c, 0x95, 0x1d, 0x20, 0xf8, 0x63, 0xae, 0xdf, 0x08, 0x2c, 0x7f, 0x08,
    0x1a, 0x1a, 0x4b, 0xcb, 0xdc, 0x03, 0x3e, 0xe8, 0x19, 0x2e, 0x2e, 0xd2, 0xf9, 0xb1, 0xf5, 0x9c,
    0x11, 0x24, 0xf2, 0xf6, 0x0c, 0xb0, 0xdd, 0xfd, 0xda, 0x05, 0xef, 0x0a, 0x06, 0xff, 0x50, 0xf8,
    0x28, 0x14, 0x16, 0xec, 0xdb, 0xd3, 0x2b, 0xf1, 0x2b, 0x3d, 0x32, 0xc0, 0xc5, 0xbd, 0xd3, 0x81,
    0x39, 0x32, 0xe2, 0xd1, 0xfe, 0xc7, 0xb8, 0xe9, 0xbe, 0xb3, 0x20, 0x3b, 0xfb, 0xf3, 0x3b, 0xfe,
    0x28, 0x13, 0x0d, 0x00, 0xd3, 0xd2, 0x28, 0xec, 0x29, 0x3a, 0x2b, 0xb7, 0xb7, 0xc0, 0xc5, 0x81,
    0x43, 0x36, 0xd6, 0xcc, 0xf7, 0xcf, 0xb2, 0xdd, 0xbb, 0xa7, 0x23, 0x46, 0x09, 0x07, 0x0a, 0x07,
    0x25, 0x17, 0x27, 0xf5, 0xc9, 0xdc, 0x1d, 0xfb, 0x1e, 0x38, 0x22, 0xc6, 0xc3, 0xe6, 0xd0, 0x81,
    0x3b, 0x2e, 0xe5, 0xd0, 0x02, 0xc0, 0xc1, 0xe1, 0xc9, 0xbe, 0x1e, 0x43, 0x07, 0x0c, 0xa7, 0x0d,
    0x05, 0x14, 0x2b, 0xdc, 0xc4, 0xd1, 0xdb, 0x19, 0x0c, 0x41, 0x1b, 0xdc, 0xc3, 0x35, 0xdd, 0x81,
    0x39, 0x23, 0x0b, 0xf0, 0x20, 0xb8, 0xce, 0xd3, 0xd8, 0xca, 0x3b, 0x46, 0xfb, 0xfe, 0x81, 0x11,
    0xf5, 0x13, 0x22, 0xde, 0xec, 0xde, 0xde, 0x13, 0x09, 0x43, 0x1e, 0xdf, 0xc2, 0x49, 0xe6, 0x99,
    0x38, 0x1b, 0xfb, 0xe0, 0x0d, 0xc9, 0xe7, 0xdb, 0xdf, 0xd9, 0x34, 0x42, 0x01, 0x01, 0x81, 0x17,
    0xdf, 0x0d, 0x20, 0xe4, 0xfc, 0xf7, 0xe9, 0x14, 0x01, 0x2f, 0x13, 0xf9, 0xdb, 0x4f, 0xea, 0xbd,
    0x2c, 0x0d, 0xf9, 0xe2, 0xfc, 0xd9, 0x04, 0xeb, 0xf4, 0xf5, 0x1d, 0x38, 0x08, 0x0b, 0x81, 0x0e,
    0xe0, 0x07, 0x1f, 0xdd, 0xfc, 0x02, 0xfb, 0x13, 0x02, 0x1a, 0x07, 0x02, 0xee, 0x4c, 0xf4, 0xd2,
    0x1c, 0x0a, 0x00, 0xe8, 0xfb, 0xda, 0x0a, 0xf1, 0xf9, 0x09, 0x0f, 0x1d, 0x04, 0x0b, 0x81, 0x13,
    0xe3, 0x08, 0x2b, 0xd6, 0xf5, 0x03, 0x00, 0x12, 0x06, 0x1f, 0x03, 0xf2, 0xf2, 0x4f, 0xfb, 0xcf,
    0x11, 0x10, 0x00, 0xe9, 0x08, 0xcd, 0x0c, 0xf0, 0xf0, 0x0f, 0x0d, 0x12, 0x00, 0x0d, 0x81, 0x19,
    0xdc, 0x0e, 0x43, 0xcd, 0xde, 0x04, 0xf8, 0x15, 0x07, 0x30, 0x12, 0xf2, 0xe5, 0x49, 0xf0, 0xad,
    0x27, 0x1a, 0x05, 0xe9, 0x08, 0xb7, 0x06, 0xe6, 0xe3, 0x0d, 0x18, 0x2a, 0x04, 0x15, 0xac, 0x22,
    0xe8, 0x15, 0x51, 0xbc, 0xc9, 0x06, 0x0c, 0x12, 0x0a, 0x3f, 0x23, 0xeb, 0xdd, 0x24, 0xdd, 0x81,
    0x38, 0x2e, 0x08, 0xd7, 0x10, 0x9b, 0xef, 0xdd, 0xd5, 0x03, 0x1f, 0x34, 0x00, 0x0f, 0xf4, 0x23,
    0xfc, 0x22, 0x55, 0xbc, 0xcc, 0xfc, 0x23, 0x10, 0x0d, 0x3a, 0x28, 0xe2, 0xea, 0xee, 0xec, 0x81,
    0x30, 0x31, 0x01, 0xe0, 0x13, 0xa0, 0xe8, 0xef, 0xd7, 0xff, 0x0e, 0x31, 0x0c, 0x08, 0x48, 0x28,
    0x01, 0x27, 0x68, 0xbe, 0xc0, 0xfa, 0x20, 0x1b, 0x10, 0x39, 0x32, 0xe9, 0xf8, 0xac, 0xfd, 0x81,
    0x26, 0x35, 0x0a, 0xeb, 0x19, 0x97, 0xf4, 0x01, 0xce, 0x12, 0xfe, 0x2b, 0x14, 0x0c, 0x52, 0x20,
    0xfe, 0x2a, 0x78, 0xbf, 0xc4, 0x04, 0x1e, 0x27, 0x18, 0x45, 0x3a, 0xf2, 0xfa, 0xa1, 0x02, 0x81,
    0x22, 0x3c, 0x18, 0xed, 0x0b, 0x98, 0x08, 0xf9, 0xc9, 0x13, 0xff, 0x28, 0x08, 0x08, 0x61, 0x14,
    0x1c, 0x29, 0x70, 0xbf, 0xd2, 0x08, 0x3f, 0x01, 0x1a, 0x46, 0x37, 0xc2, 0xf1, 0x98, 0xf3, 0x81,
    0x17, 0x33, 0xff, 0xef, 0x08, 0x91, 0xf0, 0xff, 0xca, 0x04, 0xed, 0x1e, 0x10, 0x0c, 0x7f, 0x0d,
    0x0d, 0x29, 0x59, 0xc2, 0xd9, 0xfd, 0x44, 0xed, 0x21, 0x36, 0x31, 0xba, 0xf0, 0x92, 0xea, 0x82,
    0x0a, 0x37, 0xf8, 0xe0, 0x15, 0x9c, 0xe0, 0x0c, 0xc8, 0xf4, 0xe8, 0x12, 0x07, 0x13, 0x52, 0x09,
    0x0c, 0x28, 0x47, 0xda, 0xb6, 0xe2, 0x06, 0x0a, 0x28, 0x40, 0x39, 0xef, 0xe5, 0xbb, 0xe8, 0x81,
    0x2c, 0x34, 0x2c, 0xec, 0x38, 0xab, 0xe0, 0x00, 0xca, 0xde, 0x12, 0x37, 0x07, 0x11, 0x31, 0xf5,
    0x19, 0x23, 0x40, 0xcf, 0xa6, 0xcd, 0xe2, 0x0c, 0x26, 0x4a, 0x2c, 0x02, 0xe3, 0xd5, 0xef, 0x81,
    0x32, 0x2b, 0x48, 0x08, 0x52, 0xb2, 0xdf, 0xf8, 0xd1, 0xd8, 0x1a, 0x41, 0xe0, 0x11, 0x37, 0xf1,
    0x0a, 0x1f, 0x4a, 0xb7, 0x8c, 0xba, 0xc9, 0xf1, 0x1e, 0x4f, 0x25, 0xf3, 0xcf, 0xe2, 0xe9, 0x81,
    0x3d, 0x30, 0x4e, 0x66, 0x7a, 0xa8, 0xcc, 0xca, 0xd3, 0xea, 0x2a, 0x39, 0xdc, 0x12, 0xdb, 0x04,
    0xdd, 0x14, 0x3c, 0xc6, 0xab, 0xd8, 0xc5, 0xf5, 0x03, 0x1e, 0x18, 0xfc, 0xdf, 0x15, 0xf6, 0xbc,
    0x1a, 0x22, 0x4d, 0x7f, 0x5d, 0xc0, 0xe8, 0xc4, 0xe3, 0x14, 0x24, 0x16, 0x0d, 0x0e, 0x8e, 0xf5,
    0xf0, 0x09, 0x2c, 0xd9, 0x98, 0xce, 0x9c, 0xfe, 0x03, 0x0c, 0x0c, 0xfb, 0xec, 0x3d, 0x05, 0xc0,
    0x11, 0x1c, 0x5b, 0x70, 0x7f, 0xcd, 0xed, 0xdd, 0xe9, 0x05, 0x1a, 0x0e, 0x30, 0x0a, 0xb0, 0xea,
    0x0e, 0x07, 0x18, 0xfe, 0x8e, 0xd4, 0x99, 0x09, 0x05, 0xf9, 0x05, 0xed, 0xef, 0x2d, 0x04, 0xbc,
    0x16, 0x12, 0x5d, 0x4c, 0x7f, 0xdd, 0xfa, 0xe8, 0xf2, 0xfa, 0x1c, 0x08, 0x50, 0x0b, 0xd3, 0xe3,
    0x29, 0x0a, 0x10, 0x1c, 0x83, 0xdb, 0xa2, 0x0f, 0x0c, 0xe8, 0x06, 0xda, 0xfe, 0x1a, 0x0a, 0xb0,
    0x0d, 0x0b, 0x62, 0x24, 0x7f, 0xdd, 0xf8, 0xfb, 0xf4, 0xeb, 0x0d, 0x06, 0xfe, 0x17, 0xe0, 0x4a,
    0x12, 0x12, 0x21, 0x38, 0x9a, 0xf8, 0x06, 0x16, 0xf7, 0xf7, 0x0d, 0xb9, 0xf6, 0x1e, 0xe2, 0xb7,
    0x06, 0x15, 0x7f, 0xcf, 0x59, 0xce, 0xe8, 0xe5, 0xf6, 0xdd, 0x17, 0x0b, 0x21, 0x1e, 0xf9, 0x2f,
    0x26, 0x0f, 0x2a, 0x4c, 0x81, 0x09, 0x10, 0x0f, 0xfb, 0xed, 0x09, 0xb2, 0xe8, 0x16, 0xd9, 0x9e,
    0x06, 0x1a, 0x73, 0xc2, 0x40, 0xc7, 0xe6, 0xc6, 0xf1, 0xeb, 0x2e, 0x08, 0xe0, 0x18, 0xfb, 0x00,
    0xff, 0x0c, 0x25, 0x20, 0x9e, 0xfa, 0xfb, 0x1e, 0x00, 0xfd, 0x0e, 0xc2, 0xe8, 0x0b, 0x03, 0xae,
    0xfe, 0x16, 0x7f, 0x08, 0x5c, 0xcf, 0x15, 0xd5, 0xee, 0xf6, 0x2b, 0x0c, 0xf2, 0x1b, 0xdf, 0x1c,
    0xe5, 0x06, 0x23, 0x1a, 0xff, 0x39, 0x51, 0x09, 0xf2, 0x00, 0x02, 0xb7, 0xe9, 0x16, 0xc8, 0xcc,
    0xec, 0x0e, 0x7f, 0x91, 0xdd, 0xd3, 0x0d, 0xca, 0xf9, 0xf8, 0x0e, 0x0a, 0x07, 0x15, 0x92, 0x00,
    0xf0, 0xf4, 0x37, 0x20, 0xe9, 0xf6, 0x17, 0x0c, 0xe5, 0x14, 0xe2, 0x93, 0xbf, 0x43, 0xd3, 0xca,
    0xe2, 0x14, 0x7f, 0x8c, 0x03, 0xbe, 0xd9, 0xc1, 0xeb, 0xd2, 0x15, 0x0d, 0x12, 0x10, 0xb4, 0xde,
    0x1f, 0xee, 0x2a, 0x20, 0xd4, 0xbb, 0xd0, 0x0c, 0xe9, 0x25, 0xdc, 0x81, 0xaf, 0x28, 0xf6, 0xce,
    0xf0, 0x23, 0x2b, 0xab, 0x26, 0xc5, 0xc1, 0xce, 0xd2, 0xa6, 0x12, 0x1f, 0x0b, 0x1a, 0x07, 0xf2,
    0x1a, 0xfb, 0x3a, 0x19, 0xdb, 0xcc, 0xe1, 0x14, 0xf3, 0x30, 0xe2, 0x81, 0xb8, 0xf7, 0xfb, 0xca,
    0xee, 0x26, 0x20, 0xa3, 0x16, 0xba, 0xd8, 0xca, 0xc9, 0xa9, 0x07, 0x1f, 0xfc, 0x1a, 0xfb, 0x19,
    0xf2, 0x0d, 0x67, 0xf7, 0xa6, 0xa2, 0xc1, 0x37, 0xfd, 0x56, 0xf6, 0x85, 0x9f, 0x0d, 0x07, 0x8c,
    0x1b, 0x42, 0x26, 0xac, 0x42, 0x81, 0xc8, 0xb2, 0xa9, 0x8e, 0x13, 0x47, 0xe6, 0x1e, 0x18, 0x22,
    0xc8, 0x10, 0x5c, 0x08, 0x99, 0xbc, 0xdf, 0x10, 0x08, 0x4c, 0x03, 0xde, 0x9a, 0xe7, 0xf8, 0x89,
    0x0c, 0x48, 0x06, 0xde, 0x7f, 0x96, 0xd0, 0xa4, 0xb1, 0x95, 0x0e, 0x29, 0x1b, 0x0e, 0xff, 0x1f,
    0xc0, 0x14, 0x51, 0x0b, 0x9b, 0xd7, 0x01, 0x29, 0xfd, 0x44, 0x0a, 0x58, 0xa9, 0xe7, 0xf4, 0x92,
    0xf8, 0x3a, 0x02, 0xbb, 0x7f, 0xa2, 0x1f, 0xb2, 0xc7, 0x8b, 0xf8, 0x06, 0x1d, 0x17, 0x04, 0x27,
    0xe8, 0x12, 0x55, 0xf3, 0xaa, 0xe3, 0x1a, 0x09, 0x07, 0x52, 0x17, 0xf7, 0xd0, 0xea, 0xe9, 0x81,
    0x0b, 0x31, 0x0f, 0xf0, 0x74, 0x9a, 0x04, 0xcc, 0xd0, 0xa7, 0xe7, 0xff, 0x00, 0x07, 0x81, 0x08,
    0x09, 0x07, 0x26, 0xd7, 0xce, 0xce, 0xf5, 0xd4, 0x14, 0x47, 0x08, 0xeb, 0xdb, 0x3c, 0xea, 0x8a,
    0x22, 0x1b, 0x06, 0x21, 0x4c, 0xc8, 0xbe, 0x07, 0xe3, 0xcf, 0xed, 0x11, 0x1d, 0x09, 0x81, 0xfe,
    0xfa, 0x05, 0x1d, 0xd7, 0xc2, 0xc4, 0xb0, 0xea, 0x08, 0x2d, 0xff, 0x10, 0xe9, 0x40, 0xfa, 0xa9,
    0x12, 0x0b, 0x54, 0x2e, 0x71, 0xd5, 0xc4, 0x16, 0xf6, 0xda, 0xe5, 0x0d, 0x4e, 0x07, 0xd2, 0xf1,
    0x09, 0x0a, 0x18, 0xed, 0xb2, 0xc4, 0xa0, 0xec, 0x0a, 0x12, 0x05, 0x06, 0xf4, 0x13, 0x01, 0xae,
    0x06, 0x0d, 0x78, 0x23, 0x7f, 0xda, 0xca, 0x0e, 0xf5, 0xe0, 0xdf, 0x12, 0x35, 0xff, 0x0e, 0x23,
    0x04, 0x0d, 0x17, 0xe7, 0xd5, 0xbc, 0xcf, 0xe6, 0x10, 0x20, 0x0e, 0x0f, 0xea, 0xf2, 0xeb, 0xae,
    0x07, 0x10, 0x35, 0xfd, 0x7f, 0xdc, 0xc6, 0x18, 0xef, 0xdf, 0xe6, 0x07, 0x1b, 0xf0, 0xe3, 0x18,
    0x2a, 0x09, 0x08, 0xde, 0x9e, 0xb1, 0x0f, 0xc5, 0x26, 0x21, 0x22, 0xe9, 0xcf, 0x05, 0xbf, 0x81,
    0x29, 0x16, 0x10, 0x01, 0x63, 0xdd, 0x97, 0xfc, 0xe0, 0xb6, 0xf4, 0x0a, 0x05, 0xdc, 0x92, 0xfa,
    0x58, 0xfd, 0xf3, 0xf1, 0x92, 0xc5, 0x46, 0xd4, 0x2e, 0x1f, 0x1d, 0xaf, 0xd0, 0x2d, 0xb2, 0x81,
    0x2e, 0x1c, 0xd5, 0xd1, 0x0f, 0xf2, 0x89, 0xf1, 0xce, 0x9d, 0x08, 0x17, 0x30, 0xfc, 0x81, 0x01,
    0x24, 0x00, 0x1a, 0x02, 0xba, 0xcc, 0x0c, 0x09, 0x0f, 0x1e, 0x0f, 0x30, 0xd1, 0x3d, 0xed, 0x97,
    0x19, 0x16, 0x28, 0xca, 0x0e, 0xd5, 0xd5, 0xef, 0xe5, 0xb8, 0xf2, 0x17, 0x41, 0x04, 0x81, 0xff,
    0x03, 0x01, 0x18, 0x0a, 0xcc, 0xdb, 0xdb, 0x27, 0x06, 0x17, 0x00, 0x7d, 0xe5, 0x3c, 0x08, 0xb2,
    0x03, 0x06, 0x35, 0xce, 0x11, 0xdc, 0x01, 0x0a, 0xfc, 0xca, 0xd8, 0x04, 0x0b, 0x03, 0x85, 0x2e,
    0xe5, 0x17, 0x32, 0x04, 0xcc, 0xc4, 0xe6, 0x0e, 0x02, 0x2a, 0x06, 0x7f, 0xba, 0x3d, 0x08, 0x9a,
    0x0e, 0x16, 0x29, 0xe7, 0x1b, 0xc0, 0xfa, 0xf5, 0xee, 0xdb, 0xe9, 0xfc, 0x08, 0xfc, 0xe7, 0x2e,
    0xf4, 0x13, 0x22, 0x02, 0xe6, 0xd6, 0x07, 0x05, 0x00, 0x19, 0x0b, 0x7f, 0xce, 0x07, 0x07, 0xb9,
    0x10, 0x11, 0xff, 0xe0, 0x1f, 0xd0, 0xf5, 0x07, 0xec, 0xdc, 0xf4, 0xf7, 0x2f, 0xff, 0x02, 0x4c,
    0xe0, 0x28, 0x36, 0x12, 0xe2, 0xb5, 0x35, 0xfa, 0xfa, 0x1a, 0x16, 0x75, 0xa7, 0xe4, 0xfb, 0x81,
    0x12, 0x26, 0xdd, 0x84, 0x56, 0xb0, 0xdd, 0x01, 0xe2, 0xd1, 0xed, 0xfe, 0x27, 0x16, 0x29, 0xf3,
    0x26, 0x27, 0x2c, 0xfe, 0xcd, 0xb4, 0x1d, 0xd1, 0x08, 0x35, 0x19, 0x65, 0x95, 0xd9, 0xe0, 0x81,
    0x26, 0x21, 0xe6, 0xc9, 0x26, 0xae, 0xd1, 0xf2, 0xe6, 0xcf, 0x0b, 0xf5, 0x51, 0x25, 0xb1, 0xe2,
    0x30, 0x0c, 0x3d, 0xf7, 0xb2, 0xc2, 0xfe, 0xcb, 0x01, 0x1e, 0x00, 0x62, 0xb0, 0x27, 0xf7, 0x81,
    0x01, 0x11, 0x12, 0xad, 0x33, 0xaf, 0xbf, 0xf5, 0xf4, 0xcc, 0xe3, 0xe7, 0xfd, 0x3a, 0x81, 0xff,
    0x2c, 0x09, 0x74, 0xd3, 0xb5, 0xe4, 0x18, 0xc2, 0xdd, 0x09, 0xe5, 0xeb, 0xd5, 0x46, 0x0f, 0xa0,
    0xc8, 0x10, 0x11, 0xe0, 0x2f, 0x97, 0xce, 0xf4, 0x02, 0xfe, 0xbd, 0xbc, 0xf9, 0x52, 0x81, 0x1a,
    0x3b, 0x0b, 0x7f, 0xba, 0xaa, 0xfb, 0x08, 0xb5, 0xd7, 0x06, 0xdf, 0x38, 0xd7, 0x41, 0x1c, 0xa9,
    0xcb, 0x12, 0x1b, 0x0a, 0x15, 0x8b, 0xe3, 0xf2, 0x07, 0x1a, 0xb9, 0xa3, 0x1b, 0x64, 0xd7, 0xfd,
    0x28, 0x12, 0x3c, 0xd9, 0xd9, 0xfa, 0x14, 0xe4, 0xe9, 0x0e, 0xfa, 0x7f, 0xf8, 0x0e, 0x16, 0xd0,
    0xea, 0xf7, 0x39, 0x05, 0x03, 0xcb, 0x0b, 0x17, 0x25, 0xfb, 0xd3, 0xc3, 0x33, 0x7f, 0xd5, 0x06,
    0x30, 0x1d, 0x54, 0xd6, 0xd4, 0x09, 0x2d, 0xdb, 0xd9, 0x0d, 0xf8, 0x6c, 0x07, 0x11, 0x11, 0xc4,
    0xcf, 0xfa, 0x31, 0xed, 0x01, 0xbc, 0x00, 0x1c, 0x33, 0x09, 0xc2, 0xab, 0x69, 0x64, 0xdd, 0xf8,
    0x34, 0x28, 0x7f, 0xb6, 0xd0, 0x23, 0x4c, 0xce, 0xc0, 0xff, 0xee, 0x40, 0x27, 0x17, 0x18, 0xb5,
    0x9e, 0x09, 0x3a, 0xde, 0x1a, 0x9e, 0xf5, 0x32, 0x31, 0x2f, 0x84, 0x93, 0x40, 0x29, 0x90, 0xd6,
    0x4c, 0x1d, 0x75, 0xd5, 0x93, 0x21, 0x7f, 0xe1, 0xec, 0xff, 0xf8, 0x68, 0x16, 0x40, 0x1c, 0x83,
    0xa9, 0x0f, 0x69, 0xba, 0x26, 0xa0, 0x02, 0x24, 0x15, 0xe7, 0x82, 0x99, 0x18, 0xf8, 0xa2, 0xd8,
    0x77, 0x06, 0x14, 0xf6, 0x81, 0xeb, 0x53, 0xd4, 0x19, 0x1f, 0x15, 0x1f, 0xd7, 0x2d, 0xd3, 0x81,
    0x11, 0x11, 0xfd, 0xb5, 0x1c, 0xd7, 0xcf, 0xeb, 0xea, 0x95, 0xf3, 0xe5, 0x3d, 0x21, 0x0c, 0xef,
    0x0e, 0x09, 0x23, 0xf6, 0xdb, 0xf5, 0x12, 0xec, 0xf0, 0x15, 0x05, 0x7f, 0xe6, 0xf6, 0x0b, 0xd7,
    0xfa, 0x0d, 0x1d, 0xfe, 0x1d, 0xd5, 0x06, 0xf6, 0x03, 0xd8, 0xee, 0xd4, 0x56, 0x3c, 0x31, 0xcf,
    0x0e, 0x05, 0x66, 0xde, 0xbe, 0xf1, 0x37, 0xbb, 0xe1, 0xf4, 0xe8, 0x7f, 0xee, 0xed, 0x15, 0xb7,
    0xc2, 0x34, 0x62, 0x3f, 0x41, 0xa2, 0xdd, 0xff, 0x08, 0x06, 0xaf, 0xa6, 0x06, 0x37, 0xb5, 0xd1,
    0x24, 0x15, 0x7f, 0xb8, 0xc3, 0x22, 0x6d, 0xd0, 0xd6, 0xfb, 0xde, 0xfe, 0x1f, 0x31, 0x20, 0xb5,
    0x98, 0x20, 0x4b, 0xf9, 0x37, 0x97, 0x1c, 0x20, 0x20, 0x33, 0x9d, 0x92, 0x14, 0x37, 0xde, 0xb9,
    0x33, 0x13, 0x7a, 0xc4, 0xce, 0x27, 0x66, 0xea, 0xcd, 0x0e, 0xe3, 0x28, 0x36, 0x1d, 0x44, 0xd2,
    0x81, 0x14, 0x52, 0xd6, 0x4c, 0xa1, 0x3d, 0x2c, 0x1f, 0x1d, 0xa0, 0x92, 0xf2, 0x25, 0x28, 0xe3,
    0x03, 0x0e, 0x7f, 0xd9, 0xda, 0x1f, 0x65, 0xff, 0xe4, 0x05, 0xe6, 0x2e, 0x28, 0xe8, 0x39, 0xe5,
    0x8e, 0x12, 0x2c, 0xf8, 0x51, 0xa5, 0x47, 0x20, 0x08, 0x30, 0xa4, 0x98, 0xd5, 0x40, 0xd8, 0xf5,
    0xf1, 0x02, 0x7f, 0xec, 0xdf, 0x10, 0x69, 0xf2, 0xc6, 0x04, 0xca, 0x29, 0xfb, 0x1e, 0x22, 0xea,
    0x89, 0x1c, 0x0d, 0xe9, 0x3f, 0x9e, 0x29, 0x03, 0x0a, 0x27, 0xae, 0x8a, 0xf8, 0x28, 0xd7, 0xfa,
    0xe9, 0xf1, 0x54, 0x0e, 0xe8, 0xfe, 0x2e, 0xff, 0xbe, 0x07, 0xc3, 0x7f, 0xde, 0x22, 0x2a, 0x08,
    0x9b, 0x25, 0x15, 0xb1, 0x49, 0xbb, 0x2e, 0xf5, 0xf5, 0xf3, 0xc6, 0x98, 0x25, 0x18, 0x0e, 0xb6,
    0x20, 0xf3, 0x34, 0x1f, 0xe4, 0xef, 0x10, 0x05, 0xcf, 0xff, 0xd5, 0x7f, 0xe1, 0x00, 0x24, 0xf7,
    0xb3, 0x1c, 0x4b, 0xbd, 0x23, 0xd1, 0x2c, 0xfe, 0xf7, 0xd2, 0xd4, 0xbd, 0xf5, 0x0d, 0x0c, 0xe2,
    0x1d, 0x04, 0x32, 0x0d, 0xe9, 0xf2, 0x05, 0xda, 0xc9, 0xfc, 0xe4, 0x7f, 0xd4, 0xfa, 0x1c, 0xe2,
    0xd3, 0x25, 0x4d, 0xe9, 0x0f, 0xd3, 0xf3, 0xf0, 0xf8, 0xe2, 0xdf, 0xd1, 0xa0, 0x1d, 0xd4, 0x0c,
    0x09, 0x29, 0x48, 0x05, 0xec, 0x11, 0x15, 0xd5, 0x91, 0xfe, 0xf0, 0x62, 0xc1, 0x17, 0x1c, 0xcf,
    0xe1, 0x52, 0x7f, 0xf0, 0x11, 0xb7, 0xf8, 0xce, 0x01, 0xf2, 0xe6, 0xe0, 0x9b, 0x1e, 0xf5, 0x10,
    0xfc, 0x18, 0x30, 0xf9, 0xe7, 0xea, 0x1b, 0xd3, 0xb4, 0x09, 0x03, 0x51, 0xcb, 0x03, 0x05, 0xd4,
    0xf7, 0x2e, 0x7f, 0x1b, 0x23, 0xcc, 0xec, 0xdb, 0x0c, 0xec, 0x00, 0xea, 0x94, 0x1a, 0x2d, 0x2f,
    0xe3, 0x16, 0x22, 0xff, 0xed, 0xf0, 0x26, 0xd6, 0xcd, 0x02, 0x0d, 0x6f, 0xcd, 0xe8, 0xfd, 0xd5,
    0x0b, 0x33, 0x7f, 0x2a, 0xf2, 0xd8, 0xe1, 0xdf, 0x06, 0xf3, 0xfe, 0xf7, 0x90, 0x0c, 0x17, 0x51,
    0xc5, 0x0c, 0x15, 0x10, 0xe0, 0xf1, 0x0b, 0xd3, 0xda, 0xf4, 0x0b, 0x7f, 0xc3, 0xf8, 0xf0, 0xe3,
    0x1a, 0x24, 0x74, 0x59, 0xeb, 0xe4, 0xe3, 0xd3, 0x03, 0x08, 0xff, 0x04, 0x9c, 0x0d, 0xee, 0x3f,
    0xde, 0x0a, 0x12, 0x10, 0xf6, 0x09, 0x1c, 0xe8, 0xde, 0xfc, 0x03, 0x38, 0xda, 0x0e, 0xf9, 0xf2,
    0x0a, 0x1e, 0x7f, 0x1b, 0xcf, 0xeb, 0x00, 0xd7, 0x04, 0x0b, 0x01, 0xff, 0xb5, 0x0c, 0xf9, 0x20,
    0xea, 0x10, 0x11, 0x0f, 0x05, 0x0d, 0x2c, 0xec, 0xcb, 0x01, 0x06, 0x25, 0xdc, 0x04, 0x00, 0xf2,
    0x02, 0x1f, 0x7f, 0x00, 0xc7, 0xe9, 0x05, 0xda, 0x0c, 0x00, 0x02, 0x02, 0xb2, 0x1f, 0x0e, 0x17,
    0xd3, 0x0b, 0x06, 0xf1, 0x0f, 0x13, 0x36, 0xe6, 0xe8, 0x1e, 0x17, 0x2c, 0xcc, 0xf4, 0xf8, 0xd7,
    0x09, 0x1a, 0x7f, 0x02, 0xc1, 0xeb, 0xfc, 0xd4, 0x00, 0x01, 0x12, 0x02, 0xaf, 0x3a, 0x00, 0x17,
    0xc4, 0x0c, 0xfb, 0xc6, 0xfa, 0x1c, 0x33, 0xe4, 0xfc, 0x30, 0x31, 0x2a, 0xc7, 0xf8, 0xd3, 0xb7,
    0x1a, 0x1e, 0x7f, 0x00, 0xcd, 0xed, 0xed, 0xc8, 0xf2, 0x19, 0x22, 0x03, 0xf6, 0x5f, 0xf1, 0x0d,
    0xe8, 0x0f, 0xed, 0x88, 0xfe, 0x00, 0x64, 0xbc, 0x00, 0x4b, 0x5c, 0x26, 0xdf, 0xf7, 0xa6, 0x81,
    0x43, 0x35, 0x5c, 0xfc, 0xe1, 0xf3, 0xd4, 0x0e, 0xe7, 0x24, 0x18, 0x06, 0xc4, 0x52, 0x01, 0xfe,
    0xa5, 0x22, 0xf2, 0x81, 0x2a, 0xe5, 0x50, 0xcb, 0xd1, 0x79, 0x4b, 0x22, 0xb9, 0xf5, 0xac, 0xa0,
    0x30, 0x33, 0x7b, 0x02, 0xc6, 0xe8, 0xd6, 0xf5, 0xff, 0x26, 0x22, 0x08, 0x66, 0x33, 0xfc, 0xcd,
    0xf8, 0x0f, 0xf3, 0xd0, 0x23, 0xfe, 0x4d, 0xea, 0xf6, 0x46, 0x23, 0xf2, 0xc5, 0xf8, 0xb7, 0xc6,
    0x1f, 0x0b, 0x2f, 0x81, 0xd4, 0xf1, 0xdf, 0xfb, 0x0a, 0x30, 0x17, 0xf5, 0x3b, 0x35, 0xf9, 0xab,
    0x14, 0x0f, 0xfa, 0xf0, 0x24, 0xd7, 0x7f, 0xe8, 0xee, 0x2b, 0x1b, 0xf8, 0xb9, 0xfb, 0xa6, 0xce,
    0x22, 0x03, 0x54, 0x92, 0xf9, 0xee, 0xce, 0x01, 0x11, 0x38, 0x23, 0xf1, 0xf7, 0x21, 0x0a, 0x8b,
    0x15, 0x09, 0xff, 0x07, 0x1d, 0xb4, 0x7f, 0xe3, 0xe6, 0x2a, 0x0d, 0xf4, 0xa1, 0xf5, 0x9c, 0xde,
    0x25, 0x09, 0x3e, 0xba, 0x2c, 0xeb, 0xc3, 0xf7, 0x0a, 0x49, 0x34, 0xf5, 0x2e, 0x2f, 0x11, 0x9d,
    0x2e, 0x0d, 0xff, 0x0b, 0x26, 0xb3, 0x7f, 0xdd, 0xe6, 0x3f, 0x10, 0xe9, 0xab, 0xef, 0x95, 0xd5,
    0x23, 0x0e, 0x03, 0xa0, 0x31, 0xe7, 0xc2, 0x0c, 0x0a, 0x37, 0x26, 0xf9, 0x52, 0x3f, 0xf3, 0xa9,
    0x27, 0x0b, 0x03, 0x11, 0x15, 0x87, 0x66, 0xec, 0xdf, 0x56, 0x0b, 0xe7, 0xa7, 0x01, 0x81, 0xe3,
    0x1e, 0xfd, 0xd5, 0x9e, 0x5d, 0xe8, 0xb9, 0x1e, 0x1c, 0x42, 0x21, 0xed, 0x24, 0x27, 0xfa, 0xb1,
    0x28, 0x0d, 0x01, 0x0e, 0x0e, 0x9d, 0x54, 0x04, 0xe0, 0x29, 0x08, 0x19, 0xbc, 0xff, 0xae, 0xf9,
    0x12, 0xfb, 0xbc, 0xad, 0x7f, 0xef, 0xdc, 0x1a, 0x1a, 0x32, 0x33, 0xe3, 0xf7, 0x31, 0xff, 0xb7,
    0x35, 0x24, 0x04, 0x0d, 0x17, 0xa0, 0x41, 0xf2, 0xc9, 0x2c, 0x06, 0x2a, 0xaa, 0xff, 0xb0, 0xf2,
    0x0f, 0x05, 0xba, 0xce, 0x7f, 0xea, 0xe0, 0x0b, 0x27, 0x2d, 0x38, 0xe8, 0xe0, 0x55, 0xfb, 0xcc,
    0x36, 0x37, 0x10, 0x0b, 0x26, 0xc6, 0x2e, 0xd0, 0x8e, 0x23, 0x01, 0x0a, 0x9e, 0x05, 0xbe, 0xec,
    0x04, 0x0d, 0xb9, 0xe2, 0x7f, 0xe6, 0xd6, 0xe8, 0x3e, 0x0e, 0x28, 0xf8, 0x07, 0x74, 0xf7, 0x03,
    0x23, 0x30, 0x08, 0xfa, 0x1e, 0xf5, 0x17, 0xe2, 0x81, 0x18, 0x12, 0x0b, 0xd4, 0x05, 0xdd, 0xe6,
    0x00, 0x19, 0xeb, 0xd7, 0x4f, 0xe7, 0xf1, 0xf1, 0x40, 0xee, 0x0b, 0x0e, 0x0b, 0x7f, 0xf7, 0x1a,
    0x3f, 0x22, 0x0b, 0x04, 0x0c, 0x18, 0x1b, 0xe1, 0x97, 0x14, 0x16, 0x29, 0xc5, 0x03, 0xd3, 0xcf,
    0x03, 0x09, 0xfa, 0xb2, 0x5c, 0xdf, 0xf0, 0xd5, 0x48, 0xd7, 0x06, 0x0c, 0x34, 0x5c, 0xed, 0xee,
    0x5f, 0x1d, 0x10, 0x11, 0xda, 0x14, 0xe6, 0xd9, 0xae, 0xf9, 0x07, 0x39, 0xc7, 0x0a, 0xc5, 0xad,
    0xee, 0xfe, 0x48, 0xb5, 0x7f, 0xe0, 0xe0, 0xc8, 0x44, 0xbb, 0xdc, 0x1b, 0x0b, 0x75, 0xfb, 0xf2,
    0x5b, 0x10, 0x10, 0x02, 0xf5, 0x09, 0x08, 0xd1, 0xb7, 0x0a, 0xfa, 0x0c, 0xbd, 0x05, 0xc5, 0xd1,
    0xe7, 0x09, 0x1e, 0xcb, 0x7f, 0xe3, 0xd5, 0xb7, 0x33, 0xcb, 0xee, 0x10, 0x04, 0x38, 0xfc, 0xdd,
    0x4c, 0x0b, 0x0c, 0xfd, 0x0c, 0x18, 0x26, 0xec, 0xc7, 0x1a, 0xf5, 0xdb, 0xd6, 0x03, 0xbc, 0xe9,
    0xd8, 0x0b, 0x10, 0xaa, 0x7f, 0xe9, 0xf6, 0xc9, 0x2b, 0xcf, 0xfb, 0x05, 0x09, 0x4f, 0xe5, 0xf2,
    0x47, 0x27, 0x11, 0xf0, 0x03, 0x07, 0x31, 0xd8, 0x81, 0x14, 0x04, 0xf5, 0xd0, 0x0d, 0xb2, 0xca,
    0xdb, 0x18, 0xf5, 0xd5, 0x65, 0xe5, 0xe8, 0xd4, 0x5f, 0xbd, 0xfd, 0x08, 0x48, 0x78, 0xf6, 0xad,
    0x5c, 0x4b, 0x1f, 0x1d, 0xc9, 0xc0, 0xff, 0xca, 0x96, 0x01, 0xdf, 0xcb, 0xad, 0x0c, 0xad, 0xbb,
    0xba, 0x2c, 0x31, 0xf7, 0x7f, 0xd3, 0xbb, 0xc2, 0x31, 0x8b, 0xde, 0x0b, 0x0a, 0x4b, 0xe4, 0xa3,
    0x3c, 0x7f, 0x1d, 0x2b, 0xd2, 0xda, 0x09, 0xf5, 0xb3, 0xe1, 0xe1, 0xb6, 0xce, 0x1c, 0xb0, 0xce,
    0xb3, 0x26, 0x18, 0xf2, 0x56, 0xda, 0xcb, 0xad, 0x21, 0x9e, 0xea, 0x1b, 0xfc, 0x12, 0xf9, 0xd0,
    0xdd, 0x7f, 0x0c, 0x0a, 0xf8, 0xe2, 0x10, 0xf4, 0x06, 0x18, 0xf3, 0xde, 0xd9, 0x0e, 0xc7, 0xe8,
    0xdf, 0x22, 0xf9, 0xff, 0xf5, 0xe9, 0xe8, 0xd9, 0xde, 0xd1, 0xfc, 0x04, 0xfd, 0x08, 0xf6, 0xec,
    0xc4, 0x7f, 0x01, 0x04, 0xe7, 0xf0, 0x03, 0x02, 0x30, 0x18, 0x05, 0xfe, 0xe4, 0x0d, 0xda, 0xe1,
    0xf5, 0x0d, 0x09, 0x0b, 0xf9, 0xef, 0xf0, 0xea, 0xd6, 0xe7, 0xff, 0xf7, 0xfd, 0xfa, 0xed, 0xe3,
    0xfa, 0x7f, 0x02, 0x22, 0xd3, 0xfa, 0x16, 0x0a, 0x31, 0xe0, 0x03, 0x0c, 0xf5, 0x11, 0xf6, 0xe1,
    0xf3, 0x0f, 0x12, 0x01, 0x0e, 0xf1, 0x07, 0xed, 0xda, 0xe4, 0xf7, 0x01, 0x02, 0x2d, 0xf5, 0xfe,
    0xff, 0x7f, 0xfb, 0x06, 0xe1, 0xfe, 0x12, 0x06, 0x10, 0xf4, 0x21, 0x22, 0xfe, 0x09, 0xf8, 0xe0,
    0x0a, 0xff, 0x0b, 0x09, 0x05, 0xf3, 0x13, 0xfe, 0xf9, 0xf6, 0x03, 0x04, 0x0c, 0x4d, 0xe7, 0xf9,
    0x09, 0x7f, 0xfc, 0x03, 0xda, 0xfe, 0x0d, 0x12, 0x07, 0xeb, 0x29, 0x2e, 0xfe, 0x0f, 0x0e, 0xd6,
    0x0a, 0xf8, 0x12, 0x13, 0xff, 0xee, 0x1e, 0xfa, 0x07, 0xed, 0x03, 0x0a, 0x13, 0x10, 0xef, 0xc9,
    0x58, 0x7f, 0x04, 0x26, 0xcf, 0xf3, 0x0a, 0x15, 0xda, 0xcc, 0x11, 0xdc, 0xf5, 0x0f, 0x5d, 0xd4,
    0xf0, 0xef, 0x1c, 0x03, 0x04, 0xee, 0x2e, 0xe8, 0x2e, 0xd5, 0xea, 0x1d, 0xe6, 0x0b, 0xf8, 0x97,
    0x49, 0x77, 0x01, 0x3f, 0xb2, 0xe9, 0x1a, 0x26, 0xdf, 0xb1, 0x12, 0xa5, 0x18, 0x09, 0x7f, 0xd1,
    0xd2, 0xf6, 0x28, 0x0a, 0x16, 0xeb, 0x3f, 0xdd, 0x26, 0xd7, 0xea, 0x3b, 0xea, 0x02, 0xf4, 0x98,
    0x2e, 0x4f, 0x01, 0x3a, 0xba, 0xe4, 0x14, 0x2d, 0xfe, 0xb9, 0x0a, 0xb0, 0x15, 0x0a, 0x7f, 0xd1,
    0xd3, 0xfc, 0x19, 0x0f, 0x1b, 0xef, 0x3f, 0xe6, 0x0f, 0xda, 0xf1, 0x30, 0x21, 0x05, 0xf3, 0xbe,
    0x31, 0x2b, 0x02, 0x1f, 0xd7, 0xf4, 0x0a, 0x10, 0xf5, 0xdd, 0x05, 0xc4, 0x06, 0x08, 0x7f, 0xdc,
    0xe5, 0xf9, 0x03, 0xf3, 0x1a, 0xf6, 0x1a, 0xf2, 0x15, 0xe2, 0xf4, 0x19, 0x27, 0x1b, 0xf1, 0xb5,
    0x3f, 0x1e, 0x04, 0xfd, 0xf7, 0xe4, 0x0e, 0xf5, 0xfd, 0xfc, 0x04, 0xcf, 0xf7, 0x09, 0x7f, 0xd1,
    0xe2, 0xf6, 0x11, 0xf1, 0x22, 0xf4, 0x24, 0xed, 0x19, 0xda, 0xf1, 0x22, 0x09, 0x19, 0xdc, 0xd0,
    0x04, 0x0e, 0x0b, 0xf3, 0x0d, 0xeb, 0x1e, 0xf7, 0xf1, 0xfc, 0xfe, 0xf4, 0xec, 0x13, 0x7f, 0xdb,
    0xe4, 0xfb, 0x1c, 0xfa, 0x2b, 0xf3, 0x10, 0xec, 0x15, 0xe2, 0xf4, 0x0b, 0xec, 0x06, 0x06, 0xd6,
    0x3d, 0xef, 0x1c, 0xc0, 0x09, 0x38, 0x6a, 0x81, 0xf3, 0xde, 0xd0, 0xd3, 0x4e, 0x23, 0xfe, 0xf6,
    0xaa, 0xdc, 0xe8, 0x4d, 0x38, 0xf0, 0xe8, 0x50, 0x2b, 0x59, 0x9a, 0x86, 0x00, 0xf7, 0x2e, 0xff,
    0x04, 0x01, 0x03, 0xf5, 0xf2, 0xfa, 0x06, 0xf8, 0x07, 0x07, 0x07, 0xee, 0xf2, 0x7f, 0xf7, 0xeb,
    0x07, 0x04, 0xf2, 0xec, 0xfe, 0xf5, 0xf4, 0xf8, 0xf6, 0xf2, 0xfd, 0x04, 0xff, 0xf0, 0x2f, 0xf7,
    0xfb, 0x0d, 0x02, 0x09, 0xfd, 0xf6, 0xf5, 0xfe, 0x0b, 0x07, 0x28, 0xe3, 0xe1, 0x7f, 0xfc, 0xf6,
    0x05, 0x16, 0xf4, 0xe4, 0xfa, 0xf3, 0xf7, 0xea, 0xe4, 0xe7, 0x03, 0x0c, 0xf5, 0xe6, 0x0f, 0xd7,
    0xf4, 0x2a, 0x03, 0x33, 0x1d, 0xfe, 0xe6, 0xed, 0x15, 0xe9, 0x7f, 0xd2, 0xdd, 0x3a, 0x12, 0x26,
    0xd4, 0x38, 0xfc, 0xf3, 0xff, 0xf7, 0xfc, 0xe6, 0xc6, 0xec, 0xed, 0xeb, 0xf5, 0xe9, 0x03, 0xd7,
    0xf3, 0x2a, 0x04, 0x33, 0x1f, 0xff, 0xe7, 0xed, 0x15, 0xe8, 0x7f, 0xd6, 0xe0, 0x1d, 0x14, 0x29,
    0xd0, 0x37, 0xfd, 0xf6, 0x01, 0xf8, 0xfd, 0xe9, 0xc8, 0xef, 0xed, 0xe8, 0xf4, 0x09, 0xf1, 0xe3,
    0xf6, 0x1b, 0x21, 0x15, 0xfd, 0xe4, 0xf4, 0xf9, 0x11, 0x28, 0x7f, 0xa9, 0xa4, 0x20, 0xea, 0xcb,
    0x18, 0x43, 0xe6, 0xc6, 0xfc, 0xc3, 0xe1, 0xc3, 0xbe, 0xc7, 0x16, 0x33, 0x17, 0x17, 0x23, 0x47,
    0xc9, 0x25, 0x37, 0xd7, 0xe1, 0xed, 0xed, 0x60, 0x2c, 0x4f, 0x49, 0xef, 0xce, 0xee, 0xfc, 0x8a,
    0x72, 0x44, 0x07, 0xb7, 0xdb, 0xac, 0x00, 0xd5, 0xbe, 0xda, 0x37, 0x7f, 0x19, 0x1c, 0x31, 0x4c,
    0xb7, 0x26, 0x2e, 0xca, 0xea, 0xea, 0xe3, 0x6c, 0x24, 0x50, 0x44, 0x24, 0xde, 0xeb, 0xfb, 0x9a,
    0x66, 0x35, 0x18, 0xd1, 0xde, 0xbc, 0x12, 0xe7, 0xce, 0xea, 0x40, 0x7f, 0x15, 0x1a, 0x07, 0x4d,
    0xa9, 0x29, 0x36, 0xb9, 0xe3, 0xf0, 0xe2, 0x74, 0x1c, 0x4a, 0x40, 0x3e, 0xe8, 0x0e, 0x00, 0x99,
    0x66, 0x31, 0x22, 0xdc, 0xe4, 0xbb, 0x20, 0xee, 0xd5, 0xfc, 0x3d, 0x7f, 0x0e, 0x1f, 0xf4, 0x55,
    0x94, 0x31, 0x7e, 0x81, 0xcd, 0x18, 0xfe, 0x71, 0x0f, 0x3c, 0x39, 0x43, 0x18, 0x13, 0x1a, 0x92,
    0x3f, 0x34, 0x38, 0xfe, 0xf4, 0x8e, 0x40, 0x04, 0xdf, 0x4b, 0x04, 0x51, 0xff, 0x1b, 0x7f, 0x11,
    0xf3, 0x18, 0x62, 0xb0, 0xef, 0x31, 0x36, 0xec, 0x04, 0x0e, 0x11, 0xf9, 0x30, 0xb4, 0x15, 0xce,
    0xe0, 0x16, 0x0a, 0x27, 0x16, 0xb0, 0x12, 0x29, 0xf7, 0x56, 0xc2, 0xde, 0x02, 0x28, 0x5c, 0x1a,
    0xe2, 0x22, 0x7f, 0x8a, 0xe9, 0x46, 0x42, 0xf9, 0x01, 0x18, 0x15, 0x05, 0x44, 0xc0, 0x1f, 0xbc,
    0xd9, 0x18, 0x15, 0x2d, 0x17, 0x90, 0x27, 0x30, 0xfd, 0x76, 0xb7, 0xd5, 0x06, 0x25, 0xd9, 0x21,
    0xc7, 0x24, 0x7f, 0x84, 0xe5, 0x41, 0x2e, 0x1c, 0xff, 0x22, 0x14, 0x16, 0x3f, 0x09, 0x23, 0xc4,
    0xea, 0x19, 0x24, 0x21, 0x13, 0x8e, 0x37, 0x25, 0xfd, 0x74, 0xc2, 0xee, 0x01, 0x22, 0xae, 0x2b,
    0xcd, 0x20, 0x7f, 0x94, 0xdf, 0x2f, 0x1f, 0x33, 0xfc, 0x2a, 0x12, 0x1a, 0x2b, 0x21, 0x1b, 0xbf,
    0x04, 0x18, 0x24, 0x16, 0x06, 0x92, 0x31, 0x12, 0xfb, 0x5e, 0xd1, 0x10, 0x0b, 0x26, 0xba, 0x3d,
    0xe0, 0x28, 0x7f, 0xab, 0xc9, 0x12, 0x13, 0x4b, 0x0e, 0x56, 0x2a, 0x21, 0x01, 0x10, 0x09, 0x92,
    0x41, 0x26, 0x16, 0xe1, 0xee, 0x8e, 0x1f, 0xf5, 0xe4, 0x1d, 0xf6, 0x54, 0x14, 0x21, 0xf4, 0x43,
    0xdc, 0x27, 0x7f, 0xc2, 0xc8, 0x0c, 0x1d, 0x43, 0x1c, 0x4d, 0x35, 0x06, 0xf2, 0xe8, 0x04, 0x86,
    0x4a, 0x2a, 0x0e, 0xda, 0xe7, 0x90, 0x0f, 0xea, 0xde, 0x0f, 0xef, 0x5e, 0x09, 0x1a, 0x24, 0x30,
    0xd1, 0x21, 0x7f, 0xb1, 0xd3, 0x23, 0x27, 0x21, 0x11, 0x25, 0x20, 0xf3, 0x14, 0xd1, 0x14, 0xa9,
    0x05, 0x27, 0x0e, 0x0a, 0xf6, 0x90, 0x12, 0xfd, 0xe6, 0x42, 0xd2, 0x13, 0x03, 0x13, 0x2f, 0x30,
    0xef, 0x20, 0x7f, 0xa1, 0xd9, 0x22, 0x28, 0x1d, 0x0a, 0x2e, 0x1e, 0x02, 0x18, 0xc8, 0x1c, 0xa8,
    0x01, 0x2a, 0x12, 0x0d, 0x05, 0x89, 0x17, 0x0b, 0xdf, 0x43, 0xe0, 0x08, 0x14, 0x0f, 0x28, 0x4c,
    0xf1, 0x2b, 0x71, 0xbb, 0xb8, 0x02, 0x09, 0x57, 0x20, 0x53, 0x3a, 0x09, 0xed, 0xc4, 0x08, 0x81,
    0x45, 0x34, 0x0f, 0xd6, 0xe9, 0x94, 0x11, 0xdf, 0xc9, 0x05, 0x17, 0x57, 0x16, 0x06, 0x35, 0x39,
    0xe6, 0x21, 0x2f, 0xeb, 0xd0, 0xec, 0xfa, 0x49, 0x29, 0x4a, 0x3c, 0x21, 0xd4, 0xbf, 0xe8, 0x8e,
    0x70, 0x30, 0xff, 0xd2, 0xed, 0xcd, 0x02, 0xdb, 0xc9, 0xda, 0x37, 0x7f, 0x1a, 0x06, 0x1f, 0x45,
    0xce, 0x20, 0x32, 0xe6, 0xd8, 0xf0, 0xeb, 0x5c, 0x1d, 0x43, 0x38, 0x31, 0xdb, 0xcc, 0xf2, 0xa4,
    0x6d, 0x30, 0x0a, 0xd5, 0xe9, 0xd3, 0x13, 0xdb, 0xd0, 0xe7, 0x36, 0x7f, 0x1a, 0x15, 0x98, 0x63,
    0xa7, 0x2f, 0x52, 0xbf, 0xdb, 0xec, 0xdd, 0x7f, 0x22, 0x5b, 0x4a, 0x3e, 0xd8, 0x04, 0x07, 0x8b,
    0x6a, 0x39, 0x19, 0xd3, 0xe0, 0xae, 0x22, 0xde, 0xc7, 0xfa, 0x51, 0x7e, 0x12, 0x0d, 0x81, 0x38,
    0xbf, 0x1a, 0x2b, 0xd3, 0xef, 0xf7, 0xe8, 0x4b, 0x19, 0x38, 0x2f, 0x2f, 0xe8, 0x23, 0x03, 0xb6,
    0x4e, 0x2b, 0x0d, 0xe4, 0xf0, 0xcb, 0x1f, 0xe9, 0xd9, 0x04, 0x35, 0x52, 0x0d, 0x10, 0x81, 0x25,
    0xc8, 0x1b, 0x30, 0xd2, 0xf2, 0x04, 0xf4, 0x34, 0x15, 0x2e, 0x23, 0x21, 0xef, 0x2c, 0x00, 0xbc,
    0x39, 0x28, 0x09, 0xf2, 0xfa, 0xc2, 0x1b, 0xee, 0xdc, 0x0f, 0x21, 0x3c, 0x0e, 0x24, 0x9d, 0x29,
    0xd2, 0x2e, 0x7f, 0x8d, 0xe7, 0x35, 0x26, 0x24, 0x0b, 0x37, 0x1d, 0x19, 0x22, 0x21, 0x1d, 0xa7,
    0x07, 0x2b, 0x0f, 0x1b, 0x08, 0x84, 0x31, 0x17, 0xe4, 0x59, 0xe7, 0x03, 0x01, 0x20, 0x5e, 0x11,
    0xf8, 0x1b, 0x7f, 0xa0, 0xef, 0x42, 0x3c, 0xea, 0xf3, 0x08, 0x09, 0xe5, 0x44, 0xbd, 0x2e, 0xd2,
    0xca, 0x11, 0x0d, 0x36, 0x20, 0x96, 0x22, 0x2c, 0x01, 0x75, 0xaa, 0xc9, 0xfa, 0x21, 0x6f, 0x08,
    0xed, 0x1b, 0x7f, 0xa6, 0xfe, 0x42, 0x36, 0xe9, 0xfa, 0x0b, 0x07, 0xea, 0x3f, 0xb3, 0x2a, 0xda,
    0xc3, 0x18, 0x1a, 0x36, 0x1f, 0x96, 0x2a, 0x26, 0xf9, 0x76, 0xa9, 0xcc, 0xfb, 0x33, 0x72, 0x05,
    0xea, 0x20, 0x7f, 0xb9, 0x05, 0x37, 0x2a, 0xf6, 0xfb, 0x0f, 0x0c, 0xef, 0x30, 0xac, 0x2d, 0xdd,
    0xca, 0x1e, 0x1e, 0x2b, 0x17, 0x91, 0x2b, 0x19, 0xf6, 0x62, 0xb3, 0xdd, 0xed, 0x36, 0x7f, 0x03,
    0x14, 0x1f, 0x5a, 0xde, 0xe4, 0x07, 0x24, 0xef, 0x0c, 0x36, 0x2a, 0xc9, 0xef, 0x91, 0x05, 0xb0,
    0xfc, 0x26, 0xfc, 0x09, 0x0e, 0xa3, 0xe8, 0xf5, 0xe5, 0x08, 0xec, 0x12, 0xeb, 0xf8, 0x50, 0xfd,
    0x29, 0x18, 0x14, 0x04, 0xba, 0xce, 0x1f, 0xe5, 0x30, 0x3e, 0x31, 0xb9, 0xac, 0xa0, 0xc8, 0x81,
    0x3d, 0x34, 0xd5, 0xe7, 0x09, 0xc4, 0xa5, 0xd4, 0xbf, 0xb1, 0x2c, 0x42, 0xfa, 0xeb, 0x3b, 0x02,
    0x2b, 0x15, 0x07, 0x06, 0xc0, 0xcf, 0x1c, 0xed, 0x32, 0x39, 0x31, 0xb6, 0xaa, 0xb5, 0xc5, 0x81,
    0x46, 0x36, 0xcf, 0xca, 0xfa, 0xd1, 0xa6, 0xd0, 0xb9, 0xa2, 0x2f, 0x44, 0x0d, 0xff, 0x0f, 0x13,
    0x0c, 0x1d, 0x28, 0xf8, 0xd5, 0xd7, 0x15, 0x06, 0x29, 0x44, 0x37, 0xb8, 0xa5, 0xdd, 0xd9, 0x81,
    0x42, 0x3b, 0xcf, 0xc9, 0xf1, 0xbc, 0xbf, 0xce, 0xba, 0xad, 0x2d, 0x50, 0x34, 0x0b, 0x8d, 0x3c,
    0xb6, 0x1d, 0x3e, 0xf7, 0xd7, 0xe4, 0x07, 0x37, 0x12, 0x57, 0x2b, 0xb4, 0x90, 0x40, 0xe9, 0x84,
    0x50, 0x3a, 0xb1, 0xe5, 0xca, 0xa7, 0xd9, 0xb1, 0xbb, 0xc6, 0x4c, 0x7f, 0x14, 0xfd, 0x81, 0x25,
    0xd4, 0x10, 0x25, 0xea, 0xe9, 0xee, 0xf3, 0x2a, 0x05, 0x42, 0x19, 0xe7, 0xbe, 0x48, 0xea, 0xa9,
    0x46, 0x1e, 0xe5, 0xdb, 0xe1, 0xca, 0xf1, 0xd1, 0xdc, 0xdb, 0x35, 0x5c, 0x0c, 0x01, 0x81, 0x15,
    0xd8, 0x09, 0x21, 0xe2, 0xf7, 0xf8, 0xe8, 0x1f, 0x03, 0x2c, 0x0e, 0xff, 0xdc, 0x4c, 0xf5, 0xc2,
    0x31, 0x12, 0xfa, 0xde, 0xf2, 0xdc, 0x00, 0xe4, 0xef, 0xf2, 0x22, 0x3d, 0x0b, 0x0a, 0x81, 0x0f,
    0xe5, 0x09, 0x24, 0xe2, 0xf5, 0xfd, 0xf3, 0x21, 0x05, 0x20, 0x01, 0x02, 0xf3, 0x53, 0x02, 0xd8,
    0x15, 0x0b, 0x0c, 0xe7, 0x00, 0xd9, 0x07, 0xf2, 0xf8, 0x00, 0x0a, 0x21, 0x09, 0x0b, 0x81, 0x0b,
    0xf4, 0x08, 0x2d, 0xe2, 0xeb, 0x0d, 0x01, 0x20, 0x04, 0x22, 0xf8, 0xf6, 0xf8, 0x52, 0x0a, 0xdb,
    0x09, 0x07, 0x0d, 0xe9, 0x05, 0xce, 0x08, 0xef, 0xf5, 0x05, 0x03, 0x1a, 0x16, 0x0f, 0x81, 0x1a,
    0xed, 0x0b, 0x42, 0xd0, 0xea, 0x0d, 0x0c, 0x1b, 0x05, 0x39, 0xfd, 0xe5, 0xe7, 0x51, 0x03, 0xb9,
    0x1b, 0x13, 0xfd, 0xe6, 0xfc, 0xba, 0x04, 0xec, 0xe9, 0x03, 0x0e, 0x2b, 0x1e, 0x15, 0xa7, 0x2f,
    0xe3, 0x1f, 0x60, 0xb4, 0xe2, 0x0e, 0x14, 0x23, 0x1c, 0x5b, 0x14, 0xca, 0xd6, 0x3b, 0xfa, 0x81,
    0x2f, 0x34, 0xf4, 0xdf, 0xf5, 0x8a, 0xf1, 0xe9, 0xcb, 0xfb, 0x1d, 0x3a, 0x0d, 0x0e, 0xf4, 0x29,
    0x03, 0x25, 0x61, 0xbd, 0xd1, 0x0d, 0x31, 0x1a, 0x1d, 0x4b, 0x2d, 0xd2, 0xe2, 0xe7, 0x02, 0x81,
    0x28, 0x3f, 0xf8, 0xe3, 0xf7, 0x8c, 0xe8, 0xe3, 0xc5, 0xf8, 0x0e, 0x34, 0x0d, 0x0f, 0x55, 0x3a,
    0xf2, 0x2e, 0x75, 0xb1, 0xc1, 0x12, 0x3b, 0x1f, 0x24, 0x49, 0x3b, 0xe3, 0xf1, 0x9b, 0x0a, 0x81,
    0x28, 0x45, 0xfa, 0xfd, 0xfd, 0x8c, 0xfc, 0xe0, 0xbd, 0x0f, 0x07, 0x33, 0x0f, 0x15, 0x5c, 0x44,
    0xde, 0x2c, 0x7f, 0xb0, 0xbb, 0x06, 0x17, 0x3d, 0x20, 0x51, 0x36, 0xff, 0xf3, 0x97, 0x08, 0x85,
    0x25, 0x3c, 0x0d, 0x04, 0xf5, 0x94, 0x0f, 0xe3, 0xc4, 0x15, 0x14, 0x34, 0xf9, 0x11, 0x70, 0x1f,
    0x07, 0x28, 0x76, 0xb9, 0xc1, 0x02, 0x2a, 0x1f, 0x1d, 0x4d, 0x2f, 0xd9, 0xeb, 0x92, 0xfa, 0x81,
    0x26, 0x3c, 0x04, 0xf9, 0xff, 0x91, 0xfb, 0xe6, 0xc0, 0x06, 0x01, 0x27, 0xfa, 0x0b, 0x7f, 0x06,
    0x10, 0x21, 0x51, 0xd2, 0xd0, 0x13, 0x21, 0xf1, 0x1e, 0x33, 0x25, 0xcc, 0xe2, 0xa0, 0xf2, 0x96,
    0x1b, 0x2b, 0xf5, 0x03, 0x12, 0xa6, 0xde, 0xe1, 0xcb, 0x02, 0xfd, 0x1b, 0x28, 0x11, 0x7b, 0x35,
    0xe4, 0x2e, 0x59, 0xef, 0xbe, 0x04, 0x24, 0x09, 0x19, 0x3d, 0x42, 0xdd, 0xad, 0xad, 0xf0, 0x81,
    0x40, 0x40, 0xc9, 0x10, 0xe9, 0x96, 0xd1, 0xa6, 0xbe, 0xee, 0x37, 0x3c, 0x41, 0x1a, 0x59, 0x58,
    0x92, 0x35, 0x68, 0xee, 0xaf, 0xe8, 0x35, 0x26, 0x17, 0x49, 0x4a, 0xed, 0x86, 0xb6, 0xeb, 0x82,
    0x45, 0x53, 0x9b, 0x46, 0xb6, 0x81, 0xcb, 0x83, 0xb0, 0xee, 0x65, 0x4f, 0x5a, 0x15, 0x2d, 0x4f,
    0x8e, 0x23, 0x4b, 0xf1, 0xf8, 0x08, 0x65, 0x04, 0x0e, 0x4e, 0x2c, 0xd7, 0xad, 0xd1, 0xee, 0xb4,
    0x0b, 0x34, 0x81, 0x36, 0xad, 0xa3, 0xde, 0xdb, 0xcf, 0x00, 0x39, 0x33, 0x7f, 0x14, 0xbd, 0x53,
    0x97, 0x1a, 0x50, 0xed, 0x06, 0x2a, 0x79, 0x02, 0xff, 0x48, 0x13, 0xd7, 0xcc, 0x05, 0x02, 0xd7,
    0xe0, 0x25, 0x82, 0x38, 0xab, 0xae, 0xf3, 0x0d, 0xe7, 0x19, 0x1d, 0x20, 0x73, 0x0f, 0x81, 0x45,
    0x92, 0x0d, 0x31, 0xfe, 0xfa, 0x1a, 0x55, 0x00, 0xf9, 0x2e, 0x05, 0xe0, 0xca, 0x34, 0x18, 0xfb,
    0xe3, 0x17, 0x84, 0x67, 0xbf, 0xca, 0xf6, 0xeb, 0xf2, 0x16, 0x2e, 0x11, 0x7f, 0x0d, 0xaa, 0x35,
    0x9a, 0x09, 0x1b, 0x08, 0xf8, 0x0f, 0x3e, 0xfd, 0xf6, 0x2a, 0x02, 0xe6, 0xc3, 0x29, 0x27, 0x00,
    0xeb, 0x0c, 0x8b, 0x71, 0xd5, 0xdb, 0x03, 0xe0, 0xfc, 0x09, 0x33, 0x0b, 0x7f, 0x0f, 0xd4, 0x2c,
    0xb5, 0x0a, 0x15, 0x10, 0xe5, 0x0d, 0x26, 0xf8, 0xf6, 0x1e, 0x02, 0xd9, 0xc5, 0x1c, 0x37, 0xfa,
    0xf8, 0x06, 0x9b, 0x7d, 0xe8, 0xe0, 0x06, 0xd3, 0x00, 0x06, 0x31, 0x0a, 0x7f, 0x0d, 0xe8, 0x05,
    0x08, 0x0b, 0x14, 0x08, 0xee, 0x4e, 0x10, 0x02, 0x06, 0x12, 0x04, 0xc7, 0xe1, 0x13, 0x0d, 0xd7,
    0x09, 0x0c, 0xe4, 0xf3, 0xed, 0xe0, 0xf7, 0xc8, 0xf9, 0xf3, 0x0c, 0x0e, 0x7f, 0x0d, 0xf6, 0x11,
    0x04, 0x07, 0x14, 0x04, 0xee, 0x2d, 0x07, 0x00, 0x0a, 0x14, 0x03, 0xbd, 0xe5, 0x0a, 0x1d, 0xd5,
    0xfb, 0x0b, 0xe6, 0xe6, 0xf4, 0xe3, 0xec, 0xea, 0xfa, 0xec, 0xfd, 0x0f, 0x7f, 0x16, 0xfc, 0x00,
    0xfd, 0x06, 0x22, 0x11, 0xf6, 0x50, 0x37, 0x04, 0xfe, 0x08, 0x06, 0xe4, 0xd1, 0x05, 0x2c, 0xd4,
    0xf8, 0x0c, 0xed, 0xf5, 0xe2, 0xd8, 0x01, 0xd8, 0xfc, 0xf0, 0x0b, 0x04, 0x7f, 0x0f, 0xe6, 0xd8,
    0x44, 0x01, 0x1a, 0x11, 0xe4, 0x3e, 0xf2, 0x05, 0x09, 0xfb, 0xf9, 0xc7, 0xf3, 0x12, 0x05, 0xc4,
    0xf5, 0x0d, 0x40, 0xac, 0x0e, 0xda, 0xe3, 0xf7, 0xf2, 0xdf, 0xe9, 0xfe, 0x7f, 0xf2, 0xa6, 0xee,
    0x08, 0xf3, 0x2e, 0x26, 0xf1, 0x23, 0xe2, 0x08, 0xed, 0x08, 0xd7, 0x85, 0xbe, 0x3b, 0x0d, 0xdd,
    0xe6, 0x22, 0x11, 0xb1, 0x03, 0xc6, 0xce, 0xc9, 0xc8, 0xc9, 0xfc, 0x0d, 0x25, 0xe1, 0xc5, 0xf9,
    0xe1, 0xec, 0x2d, 0x36, 0x01, 0xee, 0xd9, 0x15, 0xe5, 0x1a, 0xc9, 0x81, 0x9b, 0x2d, 0x0f, 0x01,
    0xe4, 0x3f, 0xe0, 0xe1, 0xec, 0xc9, 0xd3, 0x9c, 0xa9, 0xb5, 0x2a, 0x1e, 0x16, 0xe9, 0x13, 0xe7,
    0xe7, 0xef, 0x47, 0x30, 0x02, 0xf3, 0xca, 0x14, 0xdf, 0x24, 0xc9, 0x81, 0x91, 0x01, 0x0f, 0xee,
    0xeb, 0x46, 0xeb, 0xdc, 0xec, 0xb7, 0xd9, 0x89, 0xa3, 0xb7, 0x1e, 0x30, 0x11, 0xf6, 0xfb, 0x14,
    0xc7, 0x08, 0x55, 0x1d, 0xfa, 0xfe, 0xe8, 0x20, 0xfc, 0x39, 0xe9, 0xa7, 0x96, 0x03, 0x07, 0xda,
    0x0c, 0x3d, 0xd2, 0xf3, 0xd4, 0xaa, 0xe9, 0x81, 0xa8, 0xd1, 0x20, 0x45, 0x1f, 0xf9, 0x19, 0x2b,
    0x05, 0x0a, 0x4e, 0x1a, 0xf4, 0x45, 0x08, 0xfc, 0x07, 0x39, 0xf5, 0xc5, 0x81, 0xef, 0xf5, 0xc0,
    0x15, 0x38, 0x9b, 0x00, 0xc1, 0xaf, 0xcd, 0x83, 0xb3, 0xd7, 0x1c, 0x36, 0x1f, 0xf7, 0x08, 0x29,
    0x39, 0x0a, 0x37, 0x10, 0xdc, 0x5f, 0xf9, 0xee, 0x0e, 0x26, 0x04, 0x37, 0x81, 0xf2, 0xf2, 0xba,
    0x24, 0x2f, 0x9e, 0x1c, 0xd9, 0xbd, 0xe0, 0x8a, 0xc8, 0xe5, 0x13, 0x1b, 0x30, 0x05, 0x0f, 0x21,
    0x02, 0x13, 0x45, 0xf0, 0xcf, 0x64, 0x0c, 0xf9, 0x17, 0x50, 0x11, 0x00, 0x81, 0xed, 0xe9, 0xa8,
    0x0c, 0x2f, 0x95, 0x34, 0xd2, 0xa9, 0xe8, 0x95, 0xc9, 0xed, 0x0f, 0x18, 0x23, 0x0a, 0x81, 0x33,
    0xea, 0x08, 0x26, 0xd4, 0xea, 0x05, 0x34, 0xdd, 0x0c, 0x42, 0x05, 0xaf, 0xa7, 0x4c, 0xdb, 0xb3,
    0x18, 0x13, 0x86, 0x31, 0xcc, 0xc6, 0xd2, 0xbb, 0xe1, 0xf5, 0x18, 0x1b, 0x58, 0x0a, 0x81, 0x54,
    0xbd, 0x05, 0x24, 0xe2, 0xeb, 0x08, 0x25, 0xf0, 0xf4, 0x20, 0xff, 0xc4, 0xaf, 0x4f, 0xed, 0xeb,
    0x11, 0x07, 0x83, 0x6a, 0xc2, 0xd2, 0xe5, 0xa3, 0xf7, 0x10, 0x2a, 0x14, 0x6c, 0x0b, 0xde, 0x47,
    0xb7, 0x06, 0x1b, 0xf6, 0xe8, 0x04, 0x16, 0xe9, 0xf4, 0x18, 0x04, 0xc8, 0xbd, 0x1a, 0x03, 0xfd,
    0xfb, 0x09, 0xa0, 0x7f, 0xe5, 0xde, 0xe1, 0xb8, 0xf9, 0x13, 0x27, 0x17, 0x59, 0x03, 0x17, 0x54,
    0x06, 0x0a, 0x20, 0xee, 0xd8, 0x3f, 0x24, 0xd9, 0x0a, 0x28, 0x0d, 0xbe, 0xb3, 0xf4, 0xda, 0xde,
    0x05, 0x0c, 0x8f, 0x6b, 0xfa, 0xce, 0xd0, 0x81, 0xf4, 0x0d, 0x29, 0x1d, 0x48, 0xf5, 0xe3, 0x34,
    0x2a, 0x07, 0x0b, 0xf1, 0xb5, 0x17, 0x5a, 0xbe, 0x21, 0x32, 0x19, 0xbd, 0xb3, 0x04, 0xb6, 0xaa,
    0x20, 0x10, 0x81, 0x34, 0xee, 0xdb, 0x9e, 0xb8, 0xe4, 0xd8, 0x17, 0x21, 0x0b, 0xda, 0x8b, 0x0c,
    0x4e, 0xfe, 0xf3, 0xf2, 0x8d, 0xd4, 0x57, 0xcf, 0x34, 0x20, 0x1f, 0xac, 0xc3, 0x2e, 0xae, 0x86,
    0x32, 0x1b, 0xaa, 0xeb, 0xf9, 0xf1, 0x81, 0xd9, 0xcc, 0xa3, 0x16, 0x1b, 0x3e, 0xf5, 0x81, 0x53,
    0x14, 0xfe, 0x1a, 0xde, 0xce, 0xf1, 0xf7, 0xe5, 0x17, 0x26, 0x0c, 0xf1, 0xa7, 0x3f, 0xdd, 0xab,
    0x2a, 0x14, 0xba, 0x12, 0xe4, 0xd9, 0xd7, 0xb8, 0xe2, 0xe3, 0x04, 0x36, 0x39, 0xfe, 0x81, 0x6f,
    0x14, 0xfe, 0x19, 0xdb, 0xdc, 0xf4, 0xbc, 0xf7, 0x08, 0x13, 0xfc, 0x2b, 0xa0, 0x47, 0xf6, 0xd3,
    0x28, 0x09, 0xb3, 0x3c, 0xdc, 0xdf, 0x10, 0x9a, 0xf6, 0x14, 0x09, 0x22, 0x47, 0xfc, 0x8b, 0x7f,
    0x3c, 0x0e, 0x2e, 0xc9, 0xfb, 0x16, 0xe0, 0xe6, 0x06, 0x38, 0x00, 0x09, 0x90, 0x3b, 0xf6, 0xc6,
    0x21, 0x15, 0xb2, 0xf6, 0xce, 0xc2, 0x10, 0x8f, 0xed, 0x10, 0x01, 0x27, 0x24, 0xf6, 0xe7, 0x7f,
    0x59, 0x11, 0x24, 0xd3, 0x06, 0x2e, 0xe9, 0xd4, 0x14, 0x2f, 0x0e, 0x17, 0xab, 0x05, 0xef, 0xc5,
    0x2b, 0x17, 0xbe, 0xf9, 0xdc, 0xd0, 0x04, 0xa1, 0xe7, 0x07, 0xf8, 0x20, 0x2c, 0xfa, 0x09, 0x73,
    0x7f, 0x14, 0x2f, 0xe9, 0xf5, 0x58, 0xf5, 0xd5, 0x17, 0x2c, 0x0f, 0xed, 0xa7, 0xed, 0x01, 0xb8,
    0x25, 0x24, 0xd3, 0xe3, 0x08, 0xc5, 0xe9, 0x8a, 0xe0, 0xf3, 0xf1, 0x23, 0x2f, 0x07, 0x30, 0x7b,
    0x5d, 0x17, 0x32, 0xed, 0x06, 0xef, 0xf5, 0xcd, 0x16, 0x4f, 0x0a, 0x0d, 0x81, 0xd7, 0xfb, 0xbf,
    0x19, 0x2e, 0xb2, 0xe4, 0xf9, 0xaf, 0xde, 0xb2, 0xd8, 0xdc, 0x04, 0x28, 0x2b, 0x19, 0xbb, 0x72,
    0x2f, 0x03, 0x42, 0xe6, 0x04, 0xe6, 0xd4, 0xc3, 0xfd, 0x30, 0xed, 0xea, 0x81, 0x21, 0x0b, 0xd6,
    0xff, 0x13, 0xb8, 0x23, 0xf1, 0xb2, 0xce, 0xa0, 0xea, 0xf9, 0xf5, 0x1e, 0x13, 0x28, 0x87, 0x32,
    0x1f, 0x00, 0x7e, 0xe0, 0x0d, 0x1f, 0xf8, 0xd4, 0xdd, 0x1f, 0xc3, 0xac, 0xaf, 0x45, 0x25, 0xfb,
    0xac, 0x16, 0xda, 0x0d, 0xdf, 0x81, 0xf7, 0x9f, 0xf5, 0x1b, 0xbe, 0xe6, 0x17, 0x3c, 0x8e, 0x3d,
    0x2f, 0x00, 0x7f, 0xc5, 0x20, 0x09, 0x05, 0xce, 0xea, 0x26, 0xc3, 0xdc, 0xbf, 0x3e, 0x23, 0x0b,
    0x9f, 0x19, 0xd7, 0x1e, 0xd3, 0x84, 0x06, 0xc2, 0xfb, 0x2a, 0xb7, 0xd8, 0x1b, 0x7f, 0xd5, 0x6d,
    0x08, 0x02, 0x5a, 0xcd, 0x1b, 0xfc, 0xc6, 0xc7, 0xe4, 0x1f, 0xca, 0x51, 0xb2, 0x29, 0x15, 0x14,
    0xcf, 0x02, 0xea, 0x4e, 0xcb, 0xae, 0x24, 0xc5, 0x21, 0x35, 0xcd, 0xd9, 0x1d, 0x7f, 0xda, 0x53,
    0x13, 0x05, 0x65, 0xc7, 0x11, 0x12, 0xba, 0xc4, 0xe3, 0x18, 0xc2, 0x1b, 0xc3, 0x27, 0x22, 0x0a,
    0xb4, 0x0c, 0xf5, 0x42, 0xed, 0xab, 0x14, 0xd6, 0x1e, 0x39, 0xc5, 0xc4, 0x18, 0x51, 0xe1, 0x3f,
    0x0d, 0x09, 0x7f, 0xae, 0xf3, 0x2e, 0xd3, 0xaa, 0xe9, 0x01, 0xc1, 0xed, 0xe6, 0x1e, 0x30, 0xfb,
    0x95, 0x31, 0x00, 0x75, 0x2a, 0x94, 0xff, 0xee, 0x03, 0x65, 0xa5, 0xa7, 0x30, 0x28, 0x83, 0x5f,
    0x53, 0x06, 0x7f, 0xa6, 0xa6, 0x4e, 0xf7, 0x8e, 0x10, 0xf2, 0xdc, 0x45, 0xb5, 0x49, 0x11, 0x97,
    0xcc, 0x25, 0xec, 0x7d, 0xfb, 0x91, 0xdd, 0xb2, 0xf9, 0x49, 0x94, 0xa6, 0x09, 0xf5, 0x98, 0x29,
    0x6e, 0xff, 0x18, 0xeb, 0x93, 0xf1, 0x2c, 0xb7, 0x22, 0x1a, 0x0e, 0x2a, 0xa0, 0x35, 0xc8, 0x81,
    0x20, 0x19, 0xab, 0x1f, 0xe3, 0xd1, 0x98, 0xc1, 0xdd, 0xb7, 0xf1, 0xf2, 0x1e, 0x22, 0x17, 0x7f,
    0x10, 0xff, 0x32, 0xea, 0xf3, 0x17, 0xcb, 0xb2, 0xff, 0x36, 0xf0, 0x76, 0x91, 0xfa, 0xfb, 0xeb,
    0x04, 0x15, 0xb8, 0x72, 0xe5, 0xbf, 0xe5, 0xde, 0xf8, 0x1b, 0xf4, 0xf4, 0x47, 0x22, 0x30, 0x7d,
    0xd2, 0xf8, 0x58, 0xea, 0xf5, 0x2a, 0xf1, 0x92, 0x1f, 0x14, 0xd4, 0x0c, 0xb1, 0xf2, 0x16, 0xfc,
    0xc7, 0x23, 0xc3, 0x7f, 0xfd, 0xa7, 0xe1, 0x04, 0xf4, 0x4d, 0xd0, 0xd1, 0x1a, 0x27, 0xb9, 0x17,
    0xfe, 0xfd, 0x7f, 0xc7, 0xe5, 0x58, 0x23, 0xbb, 0x09, 0xf5, 0xcb, 0x0c, 0xf0, 0x31, 0x33, 0xdd,
    0xa5, 0x1f, 0x0d, 0x43, 0x14, 0x92, 0x09, 0xed, 0x0f, 0x54, 0xa3, 0x9a, 0xf1, 0x2a, 0xda, 0x11,
    0xf1, 0x02, 0x7f, 0xc3, 0xed, 0x6a, 0x0a, 0xbe, 0xf0, 0xe2, 0xca, 0x5e, 0xed, 0x1c, 0x48, 0xdd,
    0xae, 0x24, 0x1e, 0x6c, 0x18, 0x9a, 0x11, 0xce, 0x09, 0x63, 0x9f, 0x97, 0xf6, 0x14, 0x28, 0x12,
    0x0a, 0x07, 0x6c, 0xd0, 0xfb, 0x7f, 0x11, 0xd5, 0xec, 0xf3, 0xe1, 0x4d, 0xf9, 0xef, 0x2e, 0xe8,
    0xc0, 0x13, 0x0a, 0x33, 0x11, 0xaf, 0x26, 0xd9, 0x00, 0x58, 0xb1, 0xb0, 0xfa, 0x19, 0xe2, 0x21,
    0x30, 0xf5, 0x71, 0xed, 0x08, 0x7f, 0xf9, 0xd8, 0xee, 0xf5, 0xc0, 0x12, 0xdc, 0x22, 0x31, 0x01,
    0xa8, 0x21, 0xff, 0xf3, 0x04, 0xa7, 0x1d, 0xc6, 0xf0, 0x41, 0xae, 0xa4, 0x06, 0xfd, 0xde, 0x41,
    0x43, 0xe7, 0x4f, 0x01, 0x1d, 0x7f, 0xcb, 0xd4, 0xfa, 0xed, 0xb5, 0x48, 0xae, 0x21, 0x2c, 0x0d,
    0xc7, 0x35, 0xe7, 0x0a, 0xf5, 0xbb, 0x0b, 0x95, 0xce, 0x2a, 0xc1, 0xbb, 0x1c, 0xef, 0x11, 0x44,
    0x16, 0xe4, 0x3d, 0x1a, 0x17, 0x2b, 0xaf, 0xc2, 0xee, 0xed, 0xbd, 0x7f, 0x95, 0xff, 0x28, 0x08,
    0xdd, 0x3b, 0xe4, 0x44, 0xfb, 0xcb, 0x0b, 0xa7, 0xc1, 0x1c, 0xdc, 0xd1, 0x35, 0xe4, 0x17, 0x7f,
    0x50, 0xed, 0x47, 0x11, 0x25, 0x14, 0xce, 0x9d, 0xff, 0xf5, 0xc0, 0x2f, 0x91, 0xfc, 0x14, 0xf5,
    0xe8, 0x5b, 0xdb, 0x2b, 0xcb, 0xc3, 0xe1, 0xac, 0xb7, 0x23, 0xc8, 0xf0, 0x5c, 0x00, 0xd5, 0x69,
    0x4d, 0x08, 0x4d, 0x08, 0x25, 0x40, 0xfb, 0xd9, 0x27, 0xf7, 0xd1, 0x07, 0xa8, 0x1c, 0x21, 0xd9,
    0xf1, 0x7f, 0x0a, 0xe0, 0xa2, 0xb0, 0xf8, 0xad, 0xc2, 0x10, 0xbd, 0x01, 0x63, 0x13, 0xf4, 0x7f,
    0x3b, 0x03, 0x40, 0x1d, 0x06, 0x59, 0x18, 0xc2, 0x18, 0x0c, 0xe7, 0x13, 0x9f, 0x04, 0xf6, 0xe0,
    0xfc, 0x5e, 0x02, 0xe8, 0x98, 0xb6, 0xed, 0xa6, 0xd9, 0x11, 0xdf, 0xfa, 0x64, 0x1a, 0x30, 0x7f,
    0x48, 0x06, 0x25, 0x18, 0x05, 0x3a, 0x0f, 0xbd, 0x38, 0x0d, 0x00, 0x0d, 0xb8, 0xdf, 0xe2, 0xdc,
    0x1b, 0x3c, 0x0b, 0xd2, 0xa9, 0xd2, 0xef, 0xcc, 0xee, 0x19, 0xe0, 0x0e, 0x7f, 0x09, 0x16, 0x76,
    0x4b, 0x03, 0x17, 0x12, 0x03, 0x36, 0x14, 0xc4, 0x2f, 0x0b, 0x03, 0x06, 0xc1, 0xf0, 0xd5, 0xf2,
    0x20, 0x23, 0xf3, 0xbf, 0xa8, 0xe3, 0xf9, 0xe6, 0xf5, 0x20, 0xe7, 0x1f, 0x7f, 0x0c, 0xea, 0x2b,
    0x2f, 0x01, 0x10, 0x03, 0x10, 0x22, 0x11, 0xf1, 0x29, 0x04, 0xfc, 0x04, 0xe1, 0x0a, 0xf0, 0xeb,
    0x0b, 0x1a, 0x22, 0xa6, 0xba, 0xeb, 0x06, 0xeb, 0xfb, 0x08, 0xd8, 0x15, 0x7f, 0x0a, 0xf9, 0x26,
    0x21, 0x01, 0x10, 0x04, 0x0d, 0x19, 0x05, 0xec, 0x21, 0x01, 0xfe, 0x0e, 0xd7, 0x02, 0xf8, 0xdf,
    0x12, 0x30, 0x42, 0xa3, 0xc3, 0xe4, 0xfd, 0xf6, 0xf4, 0xfd, 0xd0, 0x18, 0x7f, 0x40, 0x18, 0x22,
    0x6f, 0x04, 0x0e, 0x04, 0x08, 0x06, 0x19, 0xda, 0x28, 0x02, 0x12, 0x18, 0xb7, 0xee, 0xdf, 0xb8,
    0x26, 0x1b, 0x67, 0x9c, 0xd5, 0xdd, 0xd9, 0xff, 0x02, 0xf8, 0xe2, 0x1d, 0x61, 0x6a, 0x02, 0x08,
    0x7f, 0x0b, 0x0b, 0x05, 0xf5, 0xf5, 0x37, 0xe8, 0x18, 0xfd, 0x23, 0x0e, 0xcf, 0xf7, 0xd4, 0xb2,
    0x23, 0x05, 0x40, 0xc7, 0x03, 0xe5, 0xcf, 0x0b, 0x16, 0x01, 0xf6, 0x17, 0x2b, 0x7f, 0xf4, 0x0f,
    0x38, 0x0a, 0x03, 0xec, 0xdc, 0xea, 0x2d, 0xd8, 0x13, 0x11, 0x2d, 0x13, 0xea, 0xfb, 0xd0, 0xc3,
    0x20, 0x09, 0x25, 0xf9, 0x2b, 0xef, 0xd3, 0x16, 0x18, 0x06, 0x07, 0x02, 0x2a, 0x7f, 0xff, 0x26,
    0x32, 0x0f, 0x06, 0xf5, 0xdd, 0xd5, 0x26, 0xde, 0x0d, 0x1b, 0x2b, 0x11, 0xc6, 0xf4, 0xb8, 0xc2,
    0x26, 0x28, 0x40, 0xda, 0x35, 0xe5, 0xca, 0x11, 0x12, 0x14, 0x12, 0x03, 0x3f, 0x4b, 0xfb, 0x12,
    0x1e, 0x04, 0x02, 0xe2, 0xf8, 0xb3, 0xf8, 0xfe, 0x04, 0x1b, 0x10, 0xe9, 0xe5, 0xfd, 0xf3, 0xd9,
    0xfc, 0x03, 0x41, 0xe0, 0x7f, 0xf0, 0xca, 0x33, 0x1a, 0xed, 0xf9, 0xfc, 0x5e, 0x47, 0xf9, 0x55,
    0x0a, 0x03, 0x06, 0x04, 0xf1, 0xc6, 0x05, 0x0a, 0xf8, 0x0e, 0x08, 0xc8, 0xee, 0x02, 0xf5, 0xe6,
    0xe6, 0xff, 0x53, 0xaf, 0x7f, 0xef, 0xd9, 0x32, 0x1e, 0xde, 0xe9, 0xf3, 0x57, 0x26, 0x09, 0x79,
    0x00, 0x00, 0x09, 0x22, 0xfb, 0xd5, 0x28, 0x24, 0xfe, 0x03, 0xfe, 0xb6, 0xf0, 0xf9, 0x00, 0xf6,
    0xd6, 0x09, 0x36, 0x81, 0x6a, 0xee, 0xe6, 0x28, 0x0c, 0xd7, 0xee, 0xe6, 0x44, 0x3c, 0x10, 0x76,
    0xe6, 0x00, 0x06, 0x08, 0xfb, 0xd3, 0x08, 0x26, 0xff, 0x16, 0xfd, 0xa1, 0xe6, 0xf4, 0xfd, 0xf3,
    0xca, 0x13, 0x1d, 0x84, 0x7f, 0xea, 0xde, 0x1d, 0x09, 0xc9, 0xf2, 0xe3, 0x52, 0x3e, 0xf1, 0x76,
    0xa5, 0xfa, 0x08, 0xec, 0x0f, 0xe5, 0xf6, 0x33, 0xeb, 0x28, 0xf3, 0x92, 0xd9, 0x05, 0xfe, 0x0d,
    0xbb, 0x0b, 0xd3, 0x83, 0x7f, 0xf0, 0xef, 0x03, 0x11, 0xd6, 0xfe, 0xe0, 0x27, 0x2e, 0xf7, 0x7f,
    0xee, 0xfe, 0x08, 0x0f, 0x20, 0x1e, 0x1b, 0x30, 0xe9, 0x0d, 0xf5, 0xd6, 0xed, 0x02, 0x11, 0x09,
    0xcd, 0x0d, 0xce, 0x8f, 0x7e, 0xf1, 0xfd, 0xf5, 0x14, 0xd1, 0x02, 0xd7, 0x15, 0x2b, 0xfe, 0x7a,
    0x20, 0x03, 0x10, 0x19, 0x3d, 0x1c, 0x1b, 0x34, 0xe4, 0x0d, 0xe9, 0xdf, 0xda, 0x01, 0x0d, 0x0c,
    0xbc, 0x2d, 0xcf, 0x81, 0x5a, 0xe9, 0x07, 0xe8, 0x11, 0xc9, 0x14, 0xd6, 0xeb, 0x4b, 0x01, 0x68,
    0x54, 0xfe, 0x26, 0x34, 0x6d, 0x44, 0xfe, 0x31, 0xb9, 0x0b, 0xc4, 0xae, 0xac, 0x08, 0x18, 0x1f,
    0x93, 0x7f, 0xe4, 0x8d, 0x29, 0xd4, 0xeb, 0xd3, 0xf7, 0xa4, 0x25, 0xd2, 0xf9, 0x7f, 0xfb, 0x25,
    0x30, 0xfc, 0x17, 0x20, 0x30, 0x4d, 0xd8, 0x05, 0xd7, 0x03, 0xe1, 0xde, 0xc1, 0x09, 0x0d, 0x07,
    0xd8, 0x7a, 0x01, 0xf7, 0x0c, 0xde, 0xea, 0xcd, 0xf4, 0xd2, 0x18, 0xf8, 0x19, 0x7f, 0xfc, 0x1a,
    0x67, 0xf5, 0x1a, 0x21, 0x30, 0x63, 0xce, 0x13, 0xe5, 0xee, 0xe8, 0xf5, 0xb5, 0x06, 0xff, 0xe7,
    0xed, 0x4d, 0xfc, 0x03, 0xf5, 0xd6, 0xe3, 0xb1, 0x07, 0xc2, 0x02, 0x17, 0x6d, 0x4d, 0xf3, 0x20,
    0x6f, 0xf1, 0x23, 0x4b, 0xfb, 0x53, 0xc8, 0x09, 0xda, 0xbe, 0xd8, 0xe2, 0x93, 0x10, 0xf9, 0xe6,
    0xe1, 0x41, 0xc3, 0x55, 0xe1, 0xd1, 0xcc, 0x81, 0x06, 0xc9, 0xfa, 0x32, 0x42, 0x7f, 0x00, 0xf6,
    0x5f, 0xe8, 0x2e, 0x68, 0x35, 0x76, 0xd6, 0x16, 0xe6, 0xb6, 0xb2, 0xae, 0x86, 0x0b, 0xe3, 0xf9,
    0xa0, 0x4e, 0xcb, 0x36, 0xe9, 0xca, 0xb3, 0x86, 0xf8, 0xa4, 0xf3, 0x27, 0x1d, 0x26, 0xff, 0xbd,
    0x37, 0xef, 0x1c, 0x50, 0x0d, 0x7f, 0xeb, 0x38, 0x08, 0xb9, 0xd2, 0xf2, 0xc3, 0x05, 0xe3, 0xdf,
    0xbb, 0x42, 0xf1, 0x1c, 0x14, 0xdc, 0xc7, 0xa3, 0xec, 0xaf, 0x0a, 0xf6, 0x12, 0x39, 0xe8, 0xd7,
    0x41, 0xf3, 0x1c, 0x49, 0xf3, 0x7f, 0xdd, 0xf1, 0x26, 0xd6, 0xd6, 0xfb, 0xa3, 0x10, 0xe2, 0xdd,
    0xd6, 0x7d, 0xd9, 0x1a, 0x0c, 0xd7, 0xc2, 0xbc, 0xe5, 0xc3, 0x1f, 0xed, 0x3a, 0x2f, 0x00, 0xeb,
    0xd9, 0x0b, 0x28, 0x5e, 0x0a, 0x2e, 0xc2, 0xd9, 0xfb, 0xe8, 0xbf, 0xc3, 0x81, 0x0e, 0xf8, 0x17,
    0xc1, 0x63, 0xae, 0x39, 0x01, 0xd9, 0xd4, 0xbb, 0xd8, 0xd7, 0x1b, 0x06, 0x27, 0x16, 0xee, 0xe7,
    0xee, 0x37, 0x28, 0x7f, 0xeb, 0x39, 0xba, 0xfb, 0xf4, 0xcf, 0xc2, 0x99, 0x9e, 0x1a, 0x03, 0x09,
    0xb3, 0x6f, 0xbd, 0x0a, 0xf4, 0xdd, 0xde, 0xbd, 0xdc, 0xd3, 0x11, 0x06, 0x04, 0x09, 0xf9, 0xd9,
    0xeb, 0x7f, 0x21, 0x54, 0xf3, 0xfa, 0xa3, 0xdd, 0xe8, 0x0e, 0xd9, 0xc2, 0x94, 0x16, 0xdc, 0xff,
    0xc8, 0x6f, 0xc6, 0xdb, 0x15, 0xd9, 0xd5, 0xe4, 0xd5, 0xe9, 0x2e, 0xee, 0x12, 0x15, 0xf3, 0xfd,
    0x07, 0x7f, 0x10, 0x19, 0xf3, 0xf5, 0xcb, 0xe7, 0xd8, 0x1a, 0xfe, 0xe2, 0xaf, 0x11, 0xdd, 0xf0,
    0xf3, 0x24, 0xcd, 0xf8, 0x09, 0xe9, 0xeb, 0xea, 0x0a, 0x02, 0x28, 0xf2, 0x1d, 0x05, 0xe9, 0x09,
    0x1f, 0x7f, 0x0e, 0x33, 0xdf, 0x17, 0xe5, 0xf3, 0xeb, 0xe7, 0x03, 0x08, 0xd6, 0x15, 0x0c, 0xf2,
    0xf9, 0x22, 0xf2, 0xf8, 0xf3, 0xed, 0x08, 0xde, 0x0e, 0xf0, 0xfd, 0x0b, 0x15, 0x68, 0xef, 0x18,
    0x3f, 0x7f, 0x09, 0xfe, 0xfc, 0x0d, 0xee, 0xef, 0x9c, 0x09, 0x23, 0x37, 0xeb, 0x0e, 0x04, 0xf0,
    0x05, 0x26, 0x03, 0xfc, 0xf3, 0xed, 0x16, 0xfc, 0x40, 0xf6, 0x09, 0x0f, 0x04, 0x7f, 0xe4, 0x22,
    0x3d, 0x63, 0x0d, 0x00, 0xf8, 0x04, 0xee, 0xf3, 0x9b, 0x05, 0x20, 0x3d, 0xe4, 0x15, 0x15, 0xf8,
    0x06, 0x1b, 0x12, 0x10, 0xe6, 0xeb, 0x21, 0xfe, 0x44, 0xf3, 0x06, 0x19, 0xe0, 0x0d, 0xf0, 0xfb,
    0x24, 0x38, 0x0f, 0x10, 0x05, 0xf4, 0x09, 0xf0, 0x81, 0xe1, 0x03, 0x2d, 0xcf, 0x0d, 0x46, 0x00,
    0x03, 0x32, 0x35, 0x22, 0xde, 0xed, 0x23, 0xe4, 0x3c, 0xe3, 0xd6, 0x44, 0xdd, 0x0c, 0xfa, 0xf7,
    0x0a, 0x39, 0x0a, 0x46, 0xd6, 0x0d, 0x25, 0x07, 0x8f, 0xb2, 0x05, 0x13, 0xe8, 0x07, 0x7f, 0xfd,
    0xfc, 0x27, 0x42, 0x01, 0xd0, 0xea, 0x19, 0xd3, 0x38, 0xec, 0xcf, 0x44, 0xca, 0x06, 0xf5, 0xfc,
    0xfc, 0x2e, 0x09, 0x41, 0xd7, 0x12, 0x21, 0x02, 0xb5, 0xbc, 0x05, 0x1a, 0xe3, 0x09, 0x7f, 0xf8,
    0xfd, 0x12, 0x3d, 0x0f, 0xd7, 0xef, 0x1f, 0xd1, 0x29, 0xf4, 0xe4, 0x33, 0xad, 0x09, 0xf0, 0x07,
    0xe2, 0x16, 0x08, 0x02, 0x0c, 0xff, 0x15, 0xea, 0xb7, 0xe1, 0x00, 0x0a, 0xd2, 0x0b, 0x7f, 0xf9,
    0x02, 0x10, 0x49, 0x45, 0xe8, 0xf5, 0xfd, 0xde, 0x24, 0xf0, 0xe1, 0x39, 0x81, 0x22, 0xed, 0xef,
    0xdc, 0x0b, 0x11, 0xf9, 0x1e, 0xf6, 0x12, 0xde, 0xbc, 0xf0, 0xfa, 0x3e, 0xbc, 0x0d, 0x68, 0xfb,
    0xe4, 0x08, 0x73, 0x6b, 0xf5, 0xec, 0xea, 0xc8, 0x2a, 0xe3, 0xec, 0x49, 0x83, 0x1b, 0xd0, 0x3c,
    0xf4, 0x01, 0x18, 0xfa, 0x1b, 0x2f, 0x0b, 0xdb, 0xd7, 0xf4, 0xf3, 0x24, 0xb8, 0x1b, 0x5b, 0xff,
    0xf2, 0x04, 0x7f, 0x63, 0xe5, 0xeb, 0xec, 0xbf, 0x1c, 0xf8, 0xe6, 0x2e, 0xec, 0x06, 0x03, 0xd4,
    0x3c, 0xef, 0x1c, 0xc0, 0x0b, 0x38, 0x6d, 0x81, 0xf3, 0xdc, 0xd1, 0xd0, 0x50, 0x20, 0xff, 0xf8,
    0xa6, 0xdd, 0xe8, 0x4d, 0x36, 0xf0, 0xe9, 0x51, 0x2a, 0x59, 0x99, 0x84, 0xf2, 0xff, 0xbe, 0xdb,
    0x07, 0x18, 0x04, 0x25, 0x33, 0x0d, 0xfb, 0xd8, 0x04, 0xf1, 0x39, 0xd8, 0xfb, 0x81, 0x12, 0x24,
    0xcb, 0x1b, 0x03, 0x19, 0x12, 0xf3, 0x00, 0x07, 0xe9, 0x0c, 0xee, 0xd6, 0xf5, 0xfd, 0xc3, 0xe0,
    0xfe, 0x1a, 0x02, 0x2b, 0x32, 0x08, 0xf0, 0xe5, 0x06, 0xf5, 0x3e, 0xdd, 0xf2, 0x81, 0x12, 0x23,
    0xd5, 0x20, 0x05, 0x10, 0x0c, 0xf4, 0x03, 0xff, 0xe3, 0x02, 0xf7, 0xe6, 0xf6, 0xf8, 0xcc, 0xe3,
    0xfc, 0x1c, 0x03, 0x2d, 0x28, 0x02, 0xf2, 0xeb, 0x0e, 0xf8, 0x47, 0xdc, 0xeb, 0x81, 0x0c, 0x19,
    0xde, 0x27, 0x02, 0x08, 0x08, 0xf5, 0xfb, 0xfa, 0xda, 0xf7, 0xfb, 0xf2, 0xf5, 0xf6, 0xce, 0xe7,
    0xfd, 0x1e, 0x06, 0x2c, 0x20, 0xf9, 0xf4, 0xef, 0x14, 0xff, 0x4e, 0xdb, 0xe0, 0x81, 0x07, 0x0a,
    0xea, 0x2d, 0xfb, 0xfe, 0x06, 0xf1, 0xf0, 0xf2, 0xd1, 0xea, 0x01, 0xff, 0x07, 0x2f, 0xa9, 0xfc,
    0xeb, 0x14, 0x38, 0x1b, 0x0e, 0xc1, 0xf3, 0x1b, 0x0e, 0x53, 0x70, 0x9c, 0x84, 0x9a, 0xfa, 0x99,
    0x31, 0x5d, 0xdf, 0x96, 0xf6, 0x81, 0xba, 0xc4, 0x91, 0x93, 0x2c, 0x5f, 0x0e, 0x1c, 0x15, 0x3e,
    0xae, 0x2d, 0x38, 0xd8, 0xe3, 0xdc, 0xd5, 0x73, 0x22, 0x4d, 0x51, 0x00, 0xd3, 0xda, 0x07, 0xa4,
    0x65, 0x3e, 0x28, 0xcb, 0xd9, 0xa7, 0x17, 0xce, 0xc4, 0xdb, 0x3b, 0x7f, 0x11, 0x20, 0x28, 0x47,
    0x9f, 0x2f, 0x35, 0xcf, 0xda, 0xea, 0xc7, 0x78, 0x26, 0x4a, 0x58, 0x2c, 0xdb, 0xdf, 0x01, 0xa6,
    0x71, 0x3a, 0x22, 0xd1, 0xdb, 0xb5, 0x2a, 0xcc, 0xc6, 0xf1, 0x50, 0x7f, 0x13, 0x1d, 0xfd, 0x52,
    0x96, 0x35, 0x41, 0xc4, 0xd6, 0xf4, 0xd3, 0x79, 0x27, 0x4d, 0x59, 0x3f, 0xe6, 0x00, 0x00, 0xa0,
    0x76, 0x3c, 0x26, 0xd9, 0xdf, 0xb2, 0x38, 0xd1, 0xc7, 0x08, 0x4b, 0x7f, 0x14, 0x1b, 0xea, 0x54,
    0x94, 0x39, 0x7f, 0x99, 0xd1, 0x1b, 0x02, 0x69, 0x18, 0x3b, 0x48, 0x3a, 0x1c, 0x05, 0x1b, 0xa9,
    0x3c, 0x37, 0x32, 0x01, 0xee, 0x8d, 0x4f, 0xf2, 0xd5, 0x4e, 0x08, 0x47, 0xfd, 0x1a, 0x7f, 0x10,
    0xf1, 0x1c, 0x63, 0xaf, 0xfd, 0x33, 0x35, 0xe5, 0x00, 0x0b, 0x15, 0xf0, 0x32, 0xb0, 0x15, 0xd3,
    0xde, 0x15, 0x07, 0x2d, 0x1b, 0xac, 0x1a, 0x22, 0xf8, 0x5e, 0xbe, 0xd9, 0x03, 0x28, 0x55, 0x12,
    0xdc, 0x22, 0x7f, 0x92, 0x00, 0x44, 0x3a, 0xeb, 0xfc, 0x12, 0x1a, 0x01, 0x42, 0xba, 0x1e, 0xc6,
    0xe0, 0x16, 0x0d, 0x38, 0x21, 0x8f, 0x2d, 0x2d, 0xff, 0x7f, 0xaf, 0xdc, 0x04, 0x2e, 0xd1, 0x17,
    0xc1, 0x27, 0x7f, 0x89, 0xfc, 0x3f, 0x29, 0x0f, 0xfb, 0x18, 0x1a, 0x21, 0x3d, 0x00, 0x21, 0xcb,
    0xf0, 0x1a, 0x22, 0x30, 0x1b, 0x91, 0x3e, 0x25, 0xfd, 0x7f, 0xc1, 0xef, 0x05, 0x2a, 0xa5, 0x22,
    0xb6, 0x27, 0x7f, 0x89, 0xf0, 0x33, 0x1f, 0x24, 0x01, 0x28, 0x1a, 0x20, 0x2b, 0x1f, 0x16, 0xba,
    0xfe, 0x1d, 0x21, 0x18, 0x13, 0x94, 0x3c, 0x1c, 0xf5, 0x6d, 0xce, 0x07, 0x11, 0x2d, 0x99, 0x28,
    0xae, 0x2b, 0x7f, 0x81, 0xec, 0x0f, 0x16, 0x3e, 0x12, 0x54, 0x33, 0x1e, 0xf6, 0x05, 0xfc, 0x84,
    0x42, 0x2e, 0x16, 0xf3, 0x01, 0x88, 0x22, 0x03, 0xe3, 0x2e, 0xf4, 0x50, 0x14, 0x1d, 0xdf, 0x1a,
    0xce, 0x28, 0x71, 0x9d, 0xed, 0x08, 0x19, 0x20, 0x1d, 0x50, 0x30, 0x02, 0xed, 0xdb, 0xf9, 0x81,
    0x47, 0x22, 0x09, 0xf1, 0x03, 0x9e, 0x14, 0x01, 0xe1, 0x16, 0xeb, 0x5b, 0x03, 0x16, 0x1c, 0x14,
    0xda, 0x25, 0x7f, 0x96, 0xe3, 0x2f, 0x2b, 0xfc, 0x0f, 0x32, 0x1c, 0xef, 0x14, 0xce, 0x09, 0x9e,
    0x09, 0x1e, 0x07, 0x1a, 0x15, 0x94, 0x1a, 0x16, 0xe9, 0x4a, 0xd0, 0x13, 0xf7, 0x15, 0x2e, 0x1b,
    0xe8, 0x25, 0x7f, 0x8e, 0xde, 0x2b, 0x37, 0x0a, 0x10, 0x3a, 0x1a, 0xfa, 0x19, 0xd4, 0x0f, 0xa4,
    0xfe, 0x28, 0x14, 0x1f, 0x16, 0x87, 0x1a, 0x0f, 0xe0, 0x4d, 0xe2, 0x03, 0x0a, 0x11, 0x24, 0x2b,
    0xe6, 0x2f, 0x66, 0x9d, 0xcf, 0x06, 0x1c, 0x3f, 0x1e, 0x54, 0x2d, 0x0f, 0xec, 0xd7, 0xfb, 0x81,
    0x48, 0x2b, 0x0e, 0xf3, 0x01, 0x92, 0x0a, 0xf0, 0xd5, 0x0d, 0x1c, 0x55, 0x19, 0x04, 0x36, 0x36,
    0xe3, 0x22, 0x2e, 0xd7, 0xd9, 0xe9, 0xf9, 0x4f, 0x26, 0x4d, 0x3f, 0x29, 0xd3, 0xc3, 0xea, 0x8b,
    0x74, 0x2e, 0xff, 0xd4, 0xeb, 0xc9, 0xfd, 0xdf, 0xce, 0xd8, 0x3e, 0x7f, 0x1c, 0x06, 0x1a, 0x3c,
    0xd4, 0x1e, 0x2f, 0xdf, 0xda, 0xef, 0xe8, 0x5e, 0x1a, 0x48, 0x3e, 0x33, 0xdd, 0xce, 0xf3, 0xa3,
    0x6a, 0x2d, 0x0c, 0xd4, 0xe8, 0xd7, 0x14, 0xdc, 0xd2, 0xe4, 0x38, 0x7f, 0x14, 0x19, 0xa5, 0x49,
    0xbd, 0x21, 0x48, 0xbc, 0xdb, 0xfc, 0xd8, 0x6e, 0x1a, 0x5e, 0x39, 0x3d, 0xdf, 0x09, 0xf6, 0x96,
    0x6f, 0x2b, 0x1a, 0xd7, 0xe8, 0xb9, 0x27, 0xdb, 0xd4, 0xfc, 0x48, 0x7f, 0x13, 0x18, 0x81, 0x41,
    0xb6, 0x1c, 0x30, 0xbe, 0xe9, 0xf5, 0xe4, 0x5d, 0x19, 0x49, 0x28, 0x3b, 0xea, 0x32, 0xfc, 0xaa,
    0x59, 0x1f, 0x19, 0xe2, 0xed, 0xc5, 0x23, 0xe8, 0xdc, 0xfc, 0x37, 0x65, 0x11, 0x15, 0x81, 0x38,
    0xc5, 0x21, 0x3c, 0xc9, 0xe7, 0xf9, 0xf1, 0x4f, 0x17, 0x44, 0x20, 0x20, 0xf5, 0x3e, 0x0b, 0xb8,
    0x39, 0x20, 0x14, 0xe3, 0xed, 0xbb, 0x23, 0xf4, 0xe0, 0x03, 0x1f, 0x49, 0xff, 0x1e, 0xb4, 0x2b,
    0xdf, 0x29, 0x7f, 0xa0, 0xdd, 0x23, 0x1f, 0x2b, 0x08, 0x3c, 0x16, 0x0c, 0x23, 0x2d, 0x1e, 0xb7,
    0x02, 0x27, 0x1e, 0x0e, 0x0a, 0x8f, 0x29, 0x1e, 0xec, 0x45, 0xdb, 0x13, 0xf6, 0x1b, 0x62, 0x07,
    0xf3, 0x1b, 0x7f, 0x9e, 0xf9, 0x3e, 0x45, 0xec, 0xf6, 0x15, 0x05, 0xf1, 0x3e, 0xc4, 0x27, 0xd6,
    0xca, 0x18, 0x18, 0x37, 0x1f, 0x99, 0x20, 0x2d, 0xfc, 0x72, 0xb6, 0xcf, 0xf7, 0x1d, 0x72, 0x03,
    0xee, 0x1d, 0x7f, 0xa7, 0x03, 0x3e, 0x3c, 0xf0, 0xf7, 0x12, 0x07, 0xf5, 0x3e, 0xb0, 0x29, 0xdd,
    0xc5, 0x19, 0x1d, 0x34, 0x21, 0x97, 0x2b, 0x2b, 0xf8, 0x77, 0xb9, 0xcb, 0xfa, 0x2b, 0x77, 0x07,
    0xe6, 0x20, 0x7f, 0xbb, 0x09, 0x34, 0x21, 0x02, 0xf2, 0x19, 0x0b, 0xf1, 0x2d, 0xb2, 0x2f, 0xe6,
    0xcc, 0x1b, 0x22, 0x23, 0x14, 0x96, 0x30, 0x1b, 0xf7, 0x62, 0xc0, 0xe2, 0xfe, 0x2c, 0x7f, 0x12,
    0xfd, 0x19, 0x5b, 0xd9, 0xf7, 0x03, 0x13, 0x0e, 0x06, 0x33, 0x21, 0xcf, 0xe9, 0x9c, 0x0b, 0xc5,
    0xfb, 0x24, 0x03, 0xee, 0xf6, 0xa5, 0xfc, 0xf7, 0xe2, 0x06, 0xf7, 0x14, 0x0f, 0xf3, 0x6b, 0x16,
    0x33, 0x1c, 0x24, 0x0d, 0xc2, 0xcb, 0x2f, 0xfd, 0x33, 0x4a, 0x4b, 0xa0, 0x9a, 0x9c, 0xce, 0x81,
    0x4b, 0x3b, 0xc0, 0xb9, 0xea, 0xb4, 0xa3, 0xd4, 0xb8, 0x96, 0x39, 0x57, 0xf9, 0xe3, 0x51, 0x00,
    0x40, 0x17, 0x11, 0x15, 0xbc, 0xbf, 0x24, 0xf3, 0x3b, 0x3e, 0x44, 0xa0, 0x9a, 0xb3, 0xc5, 0x81,
    0x54, 0x3f, 0xc5, 0xc1, 0xf4, 0xc4, 0x96, 0xcc, 0xaf, 0x8a, 0x3b, 0x56, 0xea, 0xf0, 0x08, 0x09,
    0x27, 0x1c, 0x3b, 0xfe, 0xc0, 0xce, 0x03, 0xf8, 0x35, 0x57, 0x4b, 0x9a, 0x8b, 0xc4, 0xd6, 0x81,
    0x58, 0x4e, 0xd2, 0xc1, 0xf6, 0xa3, 0xa5, 0xcb, 0xa4, 0x96, 0x42, 0x68, 0xf9, 0x03, 0x81, 0x0b,
    0xe8, 0x19, 0x3b, 0xde, 0xe2, 0xf0, 0xd8, 0x0d, 0x15, 0x55, 0x32, 0xd1, 0xa1, 0x22, 0xf7, 0xb9,
    0x54, 0x34, 0xf2, 0xb7, 0x0a, 0xb1, 0xe1, 0x05, 0xc7, 0xcf, 0x47, 0x69, 0x0d, 0xfe, 0x81, 0x08,
    0xe9, 0x0d, 0x24, 0xe4, 0xee, 0xea, 0xee, 0x1e, 0x0e, 0x44, 0x1e, 0xf1, 0xc2, 0x46, 0xee, 0xb5,
    0x50, 0x21, 0xf3, 0xc6, 0xfc, 0xc7, 0xed, 0xf6, 0xd8, 0xda, 0x2a, 0x5c, 0x08, 0x03, 0x81, 0x0f,
    0xdd, 0x09, 0x1f, 0xe1, 0xfd, 0xf1, 0xed, 0x18, 0x0d, 0x30, 0x11, 0x04, 0xda, 0x50, 0xf7, 0xc2,
    0x35, 0x16, 0xfa, 0xe7, 0xfc, 0xd7, 0xfd, 0xee, 0xe5, 0xf0, 0x1f, 0x3c, 0x09, 0x0a, 0x81, 0x14,
    0xd7, 0x0a, 0x24, 0xe2, 0xfb, 0x04, 0xef, 0x1e, 0x00, 0x19, 0x07, 0x02, 0xec, 0x4b, 0x03, 0xdb,
    0x18, 0x09, 0x01, 0xf5, 0xf7, 0xd9, 0x0d, 0xe9, 0xf8, 0x05, 0x0e, 0x23, 0x07, 0x0c, 0x81, 0x0a,
    0xdf, 0x07, 0x2d, 0xe0, 0xf5, 0x0c, 0xf9, 0x24, 0xf5, 0x12, 0xfe, 0xf5, 0xf3, 0x4b, 0x0a, 0xda,
    0x13, 0x04, 0x08, 0xf1, 0xfa, 0xcb, 0x0b, 0xf1, 0xfb, 0x0a, 0xff, 0x20, 0xfc, 0x10, 0x81, 0x11,
    0xd5, 0x09, 0x43, 0xc6, 0xf3, 0x00, 0xf1, 0x29, 0x02, 0x34, 0x01, 0xf2, 0xe5, 0x4c, 0x09, 0xc0,
    0x21, 0x11, 0x12, 0xea, 0x01, 0xb5, 0x06, 0xf4, 0xec, 0x07, 0x12, 0x32, 0x02, 0x18, 0x99, 0x27,
    0xc0, 0x1e, 0x6a, 0xaa, 0xe0, 0xf8, 0xe3, 0x45, 0x16, 0x61, 0x20, 0xdf, 0xc7, 0x31, 0x08, 0x9f,
    0x32, 0x30, 0x18, 0xe5, 0xfb, 0x81, 0x01, 0xe6, 0xc3, 0x01, 0x2d, 0x4c, 0xfe, 0x11, 0xff, 0x2f,
    0xe0, 0x2b, 0x73, 0xb9, 0xcc, 0x01, 0x07, 0x3e, 0x23, 0x57, 0x38, 0xe0, 0xd8, 0xf0, 0x06, 0x93,
    0x36, 0x42, 0x1e, 0xee, 0xf4, 0x81, 0xf4, 0xf2, 0xb3, 0xff, 0x12, 0x4b, 0xee, 0x12, 0x62, 0x31,
    0xda, 0x33, 0x7f, 0xab, 0xca, 0x1f, 0x1d, 0x25, 0x28, 0x62, 0x47, 0xfd, 0xed, 0xac, 0x03, 0x85,
    0x2a, 0x4a, 0x20, 0x05, 0x05, 0x88, 0xf4, 0x04, 0xb2, 0x17, 0x09, 0x3d, 0xfe, 0x17, 0x58, 0x37,
    0xd1, 0x2f, 0x7f, 0xae, 0xc8, 0x13, 0x0e, 0x35, 0x17, 0x58, 0x41, 0x12, 0xe7, 0x9d, 0xfd, 0x91,
    0x2b, 0x47, 0x10, 0x01, 0xfb, 0x90, 0x0b, 0xee, 0xbd, 0x24, 0x18, 0x3f, 0x03, 0x10, 0x7b, 0x1b,
    0xf9, 0x2e, 0x7c, 0xc2, 0xc7, 0x0a, 0x31, 0x1b, 0x19, 0x4d, 0x32, 0xf6, 0xe3, 0x8c, 0xf2, 0x81,
    0x34, 0x44, 0xf8, 0xf7, 0xff, 0x8a, 0x01, 0xe5, 0xc6, 0x10, 0xfd, 0x43, 0x04, 0x08, 0x7f, 0x16,
    0xff, 0x20, 0x55, 0xd8, 0xe9, 0x03, 0x25, 0x05, 0x15, 0x34, 0x27, 0xd6, 0xe2, 0x9d, 0xfa, 0x9d,
    0x18, 0x2d, 0xec, 0x01, 0xfa, 0xa7, 0xeb, 0xfd, 0xd1, 0x03, 0xff, 0x2c, 0x0c, 0x0f, 0x7f, 0x38,
    0xe8, 0x2e, 0x68, 0xce, 0xf6, 0x04, 0xf4, 0xfd, 0x17, 0x7f, 0x40, 0xd2, 0xa7, 0x94, 0xf9, 0x8e,
    0x38, 0x45, 0xe9, 0xe1, 0x08, 0x8e, 0xd8, 0x2e, 0xc1, 0xee, 0x26, 0x63, 0x10, 0x10, 0x46, 0x3a,
    0xe2, 0x2e, 0x5e, 0xdc, 0xed, 0x13, 0xdf, 0xe9, 0x12, 0x7f, 0x41, 0xef, 0x9f, 0xb8, 0xfb, 0xb4,
    0x43, 0x3d, 0xf1, 0xc4, 0x17, 0xa0, 0xd3, 0x52, 0xca, 0xfa, 0x3f, 0x62, 0xe3, 0x18, 0x2c, 0x0f,
    0xed, 0x2b, 0x5b, 0xc3, 0xea, 0x22, 0xc3, 0xbe, 0x11, 0x61, 0x3b, 0xf8, 0xaf, 0xc7, 0xfd, 0xcd,
    0x48, 0x2c, 0x13, 0xae, 0x50, 0xa1, 0xc4, 0x7f, 0xce, 0x05, 0x48, 0x37, 0xe8, 0x18, 0xd1, 0xf3,
    0xdf, 0x1a, 0x4a, 0xbb, 0xe0, 0x23, 0xc4, 0xce, 0x07, 0x26, 0x10, 0x0a, 0xd2, 0x09, 0x14, 0xf8,
    0x39, 0x1b, 0x2b, 0xc0, 0x5e, 0xba, 0xd2, 0x7f, 0xe1, 0x15, 0x32, 0x12, 0xee, 0x0d, 0xa3, 0xf9,
    0xcc, 0x0d, 0x29, 0xcc, 0xf5, 0x20, 0xda, 0xd0, 0x00, 0x27, 0x01, 0x10, 0xd1, 0x2d, 0x14, 0x0e,
    0x26, 0x08, 0x14, 0xdb, 0x3f, 0xd9, 0xd4, 0x7f, 0xf4, 0x12, 0x2e, 0x0d, 0xf0, 0x0c, 0xbd, 0xee,
    0xc2, 0x09, 0x1a, 0xcb, 0x0a, 0x1f, 0xe2, 0xc1, 0xfc, 0x31, 0x01, 0x27, 0xbd, 0x28, 0x19, 0x1a,
    0x22, 0x02, 0x04, 0xf4, 0x38, 0xe3, 0xd7, 0x7f, 0xfa, 0x0a, 0x34, 0x0c, 0xfe, 0x0c, 0xda, 0xed,
    0xbc, 0x0a, 0x15, 0xce, 0x18, 0x18, 0xf6, 0xbe, 0xfa, 0x38, 0x05, 0x20, 0xb7, 0x16, 0x24, 0x1a,
    0x18, 0x05, 0xf4, 0x0e, 0x29, 0xe6, 0xdc, 0x7f, 0xfd, 0x04, 0x2b, 0x15, 0x1e, 0x11, 0xd7, 0xe1,
    0xd7, 0x15, 0x21, 0xd4, 0x00, 0xe7, 0xc2, 0x0f, 0x0e, 0x26, 0x06, 0xde, 0xc0, 0x10, 0x35, 0xe2,
    0x11, 0x11, 0x20, 0x52, 0x2e, 0xce, 0xc8, 0x7f, 0xf0, 0xde, 0x0d, 0x31, 0xfe, 0x15, 0xe6, 0xb7,
    0xd9, 0x0c, 0x2d, 0xad, 0x08, 0xeb, 0xb2, 0xd3, 0x0c, 0x2a, 0x0a, 0xc1, 0x93, 0x0a, 0x3b, 0xe8,
    0x2d, 0x11, 0x2d, 0x7f, 0x64, 0xc3, 0xae, 0x5c, 0xf0, 0xe9, 0x2b, 0x3c, 0x04, 0x1b, 0xf6, 0xf0,
    0x0a, 0x0b, 0x33, 0xc9, 0x0b, 0x11, 0xba, 0xd0, 0x08, 0x18, 0x0c, 0x0d, 0xa0, 0x07, 0x44, 0xe1,
    0x30, 0x18, 0x52, 0x42, 0x41, 0xc9, 0xd2, 0x7f, 0xec, 0xe5, 0x13, 0x21, 0x45, 0x0f, 0xda, 0x01,
    0xfc, 0x06, 0x2e, 0xff, 0xeb, 0xd6, 0xb2, 0x16, 0x00, 0xf1, 0xf7, 0xb4, 0xc6, 0x19, 0x32, 0xe2,
    0x06, 0x16, 0x1d, 0x7f, 0x26, 0xcd, 0xec, 0xfa, 0xe6, 0xeb, 0x0f, 0x15, 0x2c, 0xd2, 0x8a, 0xe0,
    0xcc, 0xfb, 0x47, 0x16, 0x13, 0xea, 0x8a, 0x11, 0xea, 0x1c, 0xd3, 0x81, 0x8f, 0x47, 0x35, 0x0e,
    0xfd, 0x3f, 0x1b, 0x3c, 0x2c, 0xb4, 0xd1, 0xf6, 0x9f, 0xd1, 0x2d, 0x34, 0xfe, 0xb9, 0xbe, 0xd9,
    0xc2, 0xf7, 0x3d, 0x42, 0x3e, 0xf8, 0x99, 0x1d, 0xe9, 0x3a, 0xcb, 0xa3, 0x86, 0x30, 0x29, 0x21,
    0xf5, 0x54, 0x0a, 0xd5, 0xfe, 0xc0, 0xea, 0xf1, 0x81, 0xc7, 0x35, 0x47, 0xfe, 0xb7, 0x0a, 0xf0,
    0xb2, 0xfa, 0x4f, 0x3d, 0x40, 0xed, 0x96, 0x3a, 0xe9, 0x32, 0xd3, 0xa7, 0x89, 0xff, 0x2b, 0x13,
    0xf4, 0x61, 0x09, 0xd8, 0xe9, 0xaf, 0xfc, 0xde, 0x81, 0xd4, 0x29, 0x52, 0xfa, 0xd1, 0xed, 0x02,
    0xa9, 0x11, 0x6b, 0x16, 0x2a, 0xee, 0x8e, 0x5f, 0xf3, 0x54, 0xf7, 0xbf, 0x81, 0xf8, 0x1e, 0xf2,
    0x0b, 0x5d, 0x11, 0xac, 0xe0, 0x92, 0x04, 0xf2, 0x88, 0xd2, 0x2f, 0x7e, 0xf0, 0xdc, 0x11, 0xf4,
    0x33, 0x0c, 0x6d, 0xf1, 0x2b, 0xe4, 0xb0, 0x44, 0x03, 0x30, 0xfe, 0xbb, 0x81, 0xdf, 0x09, 0xd3,
    0x30, 0x55, 0x04, 0xb7, 0xe4, 0x8d, 0xe3, 0x40, 0x94, 0xba, 0x14, 0x78, 0x06, 0xe7, 0x04, 0x16,
    0x7f, 0x09, 0x45, 0xe4, 0x1e, 0xdf, 0xde, 0x2d, 0x16, 0x0a, 0x04, 0x08, 0xa1, 0xf2, 0xf9, 0xd6,
    0x2c, 0x36, 0xe1, 0xe9, 0xd3, 0xae, 0xed, 0x3b, 0xbf, 0xc8, 0xfb, 0x53, 0x05, 0xfb, 0x05, 0xe3,
    0x64, 0x19, 0x5a, 0xce, 0x17, 0xde, 0xf5, 0x16, 0x1b, 0x14, 0x10, 0x19, 0x81, 0xe5, 0xfb, 0xc5,
    0x39, 0x34, 0xcd, 0xe8, 0xf4, 0x92, 0xe7, 0x5d, 0xbb, 0xe0, 0x16, 0x3c, 0xf2, 0x06, 0x81, 0xcb,
    0x31, 0x08, 0x2e, 0xdb, 0xfc, 0xf4, 0x1d, 0xd1, 0x11, 0x46, 0x00, 0xd6, 0xb8, 0x48, 0xd8, 0xd0,
    0x19, 0x19, 0xdf, 0xca, 0x2d, 0xbf, 0xcf, 0x4d, 0xe0, 0xec, 0x0d, 0x34, 0xfe, 0x05, 0x90, 0xdb,
    0xf8, 0x06, 0x25, 0xe9, 0xfb, 0x12, 0x05, 0xcf, 0x04, 0x46, 0xfa, 0xee, 0xca, 0x42, 0xe8, 0x0a,
    0x06, 0x0e, 0xee, 0xe7, 0x3c, 0xd4, 0xd9, 0x7f, 0xf1, 0x01, 0x0e, 0x33, 0x0a, 0x07, 0xe0, 0xe5,
    0xda, 0x08, 0x1d, 0xeb, 0x03, 0x1c, 0x02, 0xc9, 0xfc, 0x32, 0xff, 0xef, 0xcc, 0x14, 0xfa, 0x1e,
    0x02, 0x0c, 0xed, 0x02, 0x3a, 0xe0, 0xcc, 0x7f, 0xf3, 0x08, 0x1c, 0x27, 0x0c, 0x01, 0x0f, 0xcb,
    0x0b, 0x0c, 0x22, 0xe2, 0xff, 0x20, 0x12, 0xf3, 0x0e, 0x24, 0x0e, 0xe0, 0xd6, 0xf3, 0xdc, 0xeb,
    0xf6, 0x0f, 0xe0, 0x0b, 0x28, 0xd4, 0xb6, 0x7f, 0xf2, 0xee, 0x0a, 0x3a, 0x02, 0xf3, 0xdf, 0xe2,
    0x35, 0x08, 0x10, 0xd8, 0xc3, 0xfa, 0x30, 0xcd, 0x1d, 0x29, 0x19, 0xcc, 0xc2, 0x01, 0xb6, 0xba,
    0x23, 0x11, 0xc1, 0xed, 0x28, 0xd9, 0x81, 0x68, 0xe2, 0xc5, 0x12, 0x34, 0xfc, 0xd9, 0x8d, 0x00,
    0x53, 0x01, 0xf5, 0xf2, 0x9a, 0xd9, 0x51, 0xd2, 0x2d, 0x23, 0x1f, 0xb1, 0xc8, 0x29, 0xb5, 0x98,
    0x32, 0x15, 0xb7, 0xda, 0x02, 0xf1, 0x81, 0x05, 0xd2, 0xa4, 0x16, 0x22, 0x0e, 0xef, 0x81, 0xe9,
    0x55, 0x06, 0x20, 0xda, 0xe6, 0xeb, 0x14, 0xed, 0x18, 0x35, 0x0d, 0xf9, 0xb6, 0x3a, 0xc8, 0xd7,
    0x1b, 0x16, 0xde, 0xfa, 0x13, 0xd0, 0xcd, 0x10, 0xdd, 0xd8, 0x14, 0x5b, 0x1a, 0xfc, 0x81, 0xe2,
    0x61, 0x03, 0x23, 0xd6, 0x22, 0xf4, 0x12, 0x00, 0x10, 0x42, 0x02, 0x30, 0xc0, 0x40, 0xd9, 0x04,
    0xf3, 0x0d, 0xd9, 0xfe, 0x0d, 0xd4, 0x12, 0x1f, 0xf3, 0xf2, 0xfb, 0x6d, 0x03, 0xfc, 0x87, 0xb9,
    0x73, 0x11, 0x39, 0xb8, 0x32, 0xf0, 0x03, 0x15, 0x1b, 0x43, 0x09, 0x39, 0xbe, 0x38, 0xc7, 0xe3,
    0xf0, 0x20, 0x0e, 0xef, 0x21, 0xb0, 0xf8, 0x13, 0xe5, 0xde, 0xec, 0x7f, 0xf7, 0xf8, 0xe5, 0xc6,
    0x7f, 0x14, 0x2b, 0xc0, 0x30, 0xf6, 0x05, 0x18, 0x26, 0x39, 0x14, 0x20, 0xd9, 0x01, 0xbe, 0xd5,
    0xf2, 0x20, 0x0b, 0x03, 0x02, 0xc5, 0xfd, 0x05, 0xe1, 0xdf, 0xe2, 0x6c, 0xf7, 0xfa, 0x07, 0xcd,
    0x72, 0x16, 0x3a, 0xbd, 0x32, 0x0d, 0xfe, 0x46, 0x28, 0x22, 0x19, 0xef, 0xce, 0xed, 0xd2, 0xc3,
    0xef, 0x27, 0x1d, 0x22, 0xe5, 0xb5, 0xeb, 0xf6, 0xe5, 0xc7, 0xdb, 0x7f, 0xf3, 0x00, 0x30, 0xe5,
    0x56, 0x13, 0x43, 0xc8, 0x55, 0x05, 0xe3, 0x00, 0x29, 0x51, 0x12, 0x0f, 0x9a, 0xd3, 0xc7, 0xdd,
    0x02, 0x35, 0xf3, 0xe9, 0x08, 0xa5, 0xec, 0xd7, 0xce, 0xc8, 0x08, 0x7f, 0x06, 0x0f, 0xba, 0xf9,
    0xfc, 0x07, 0x56, 0xc5, 0x75, 0x03, 0xc7, 0x0b, 0xfa, 0x56, 0xeb, 0xd3, 0x9a, 0x20, 0xe6, 0x21,
    0xd0, 0x22, 0xf6, 0xef, 0xed, 0x9c, 0x07, 0xf5, 0xd9, 0xe8, 0x02, 0x7f, 0xf1, 0x0f, 0x98, 0xe4,
    0xbf, 0x03, 0x7a, 0xd3, 0x5e, 0x10, 0xac, 0x35, 0xdb, 0x2a, 0xc7, 0xd3, 0xc7, 0x3e, 0x25, 0x35,
    0x9f, 0x1e, 0x2c, 0xed, 0xee, 0x81, 0x2b, 0xfd, 0xe7, 0x15, 0xd9, 0x33, 0xe1, 0x1c, 0xa1, 0xd7,
    0xc9, 0x01, 0x7d, 0xcc, 0x69, 0x0c, 0xb3, 0x1e, 0xe9, 0x27, 0xc5, 0xf1, 0xd7, 0x3d, 0x0b, 0x42,
    0x88, 0x11, 0x28, 0xec, 0x00, 0x81, 0x33, 0x05, 0xf7, 0x24, 0xd0, 0x26, 0x0a, 0x4c, 0xd4, 0xf3,
    0x05, 0xf9, 0x6b, 0xdc, 0x7f, 0xfd, 0xa3, 0x09, 0xe9, 0x3d, 0xc3, 0x34, 0xbc, 0x2a, 0x00, 0x74,
    0x8c, 0x0b, 0x0c, 0xf8, 0xe9, 0x92, 0x4b, 0xfd, 0x08, 0x2b, 0xdb, 0x34, 0x07, 0x46, 0xdc, 0xec,
    0xf5, 0xfb, 0x6d, 0xda, 0x76, 0x01, 0xb5, 0x15, 0xec, 0x24, 0xbd, 0xfe, 0xce, 0x1f, 0x20, 0x6b,
    0x81, 0x0b, 0x0d, 0x18, 0xe8, 0x95, 0x42, 0xf3, 0x0d, 0x2e, 0xe4, 0x0f, 0x0b, 0x28, 0xe1, 0xf3,
    0xe3, 0x00, 0x76, 0xcd, 0x4d, 0x28, 0xf6, 0x01, 0x01, 0x0a, 0xc3, 0xda, 0xf3, 0x0f, 0x31, 0x59,
    0x81, 0x16, 0x04, 0x40, 0xf8, 0x8c, 0x2b, 0x10, 0x02, 0x4d, 0xd9, 0xdf, 0x2f, 0x10, 0x8e, 0x17,
    0x7b, 0x04, 0x7d, 0xa1, 0x18, 0x0b, 0x1e, 0xdd, 0x1d, 0x1e, 0xdb, 0xf6, 0xce, 0x37, 0x03, 0x11,
    0x9e, 0x11, 0xe4, 0x4d, 0xe0, 0x81, 0x0d, 0x2a, 0x01, 0x38, 0xb0, 0x0b, 0x0c, 0xf0, 0xa1, 0x2e,
    0x7f, 0x01, 0x1a, 0xd5, 0xdb, 0xd5, 0x1c, 0xd0, 0x2f, 0x2a, 0x0c, 0xe4, 0xa8, 0x2c, 0xc3, 0xbf,
    0x0e, 0x1a, 0xa8, 0xf4, 0xd2, 0xce, 0xc3, 0x00, 0xda, 0xcf, 0xf2, 0x2c, 0x25, 0x17, 0x1d, 0x23,
    0x7b, 0xff, 0x54, 0x96, 0x7d, 0xe5, 0xe4, 0xce, 0x1e, 0x33, 0xe9, 0x41, 0x81, 0xeb, 0xd0, 0x49,
    0xfd, 0x13, 0xa6, 0xf1, 0xd9, 0x8c, 0x05, 0x3a, 0xea, 0x13, 0x17, 0x3a, 0x2f, 0x05, 0x30, 0xf4,
    0x27, 0xf7, 0x6b, 0xa2, 0x4c, 0x2a, 0xf7, 0xa9, 0x1d, 0x1b, 0xd6, 0xee, 0xc0, 0xe4, 0x17, 0x65,
    0xca, 0xe9, 0xe9, 0x08, 0x21, 0x81, 0xed, 0x4d, 0x13, 0x40, 0x0e, 0xe6, 0x19, 0x10, 0xbe, 0x0e,
    0x0a, 0xfa, 0x7f, 0xb5, 0x25, 0x3c, 0x07, 0xe6, 0x18, 0x07, 0xcf, 0xf2, 0xf3, 0x2b, 0x41, 0x19,
    0x9f, 0xec, 0x12, 0x3e, 0xf6, 0x87, 0x24, 0x25, 0x2b, 0x56, 0xb2, 0xc9, 0x25, 0x14, 0xe0, 0x42,
    0x34, 0x01, 0x7f, 0xbd, 0x41, 0x44, 0x16, 0xea, 0x21, 0xfa, 0xcc, 0xfb, 0xf3, 0x1d, 0x4a, 0x13,
    0xa1, 0x04, 0x04, 0x4d, 0xcc, 0x8c, 0x36, 0x2e, 0x14, 0x6b, 0x92, 0xdb, 0x14, 0x08, 0x33, 0x1d,
    0x69, 0x08, 0x7f, 0xb1, 0x31, 0x48, 0x0e, 0x0a, 0x02, 0xe7, 0xe2, 0x22, 0x0e, 0xea, 0x3b, 0xfa,
    0xaf, 0x0f, 0x1a, 0x40, 0xdd, 0x8c, 0x32, 0x2e, 0xfe, 0x5c, 0x8d, 0xd6, 0x09, 0xf4, 0xe0, 0xe7,
    0x58, 0xf7, 0x7f, 0xc7, 0x6a, 0x34, 0xd6, 0x28, 0xff, 0xea, 0xc2, 0xf9, 0xef, 0x18, 0x3e, 0x18,
    0x9b, 0x12, 0x2c, 0x1f, 0xe5, 0x91, 0x3d, 0xff, 0xf3, 0x34, 0x99, 0xeb, 0x10, 0xd9, 0xdd, 0xfd,
    0x61, 0xef, 0x54, 0xda, 0x7f, 0x12, 0xc7, 0x38, 0x10, 0xf1, 0xc1, 0xfb, 0xdb, 0x11, 0x1b, 0x23,
    0xaf, 0x12, 0x10, 0x23, 0xc9, 0xae, 0x35, 0x07, 0xe3, 0x12, 0xa5, 0x24, 0x31, 0xce, 0x11, 0x22,
    0x54, 0xef, 0x3d, 0xe7, 0x7f, 0x0c, 0xcd, 0xee, 0x12, 0x1b, 0xc8, 0x24, 0xb5, 0xf8, 0x10, 0x35,
    0xc9, 0x23, 0xde, 0x1e, 0xd6, 0xbd, 0x26, 0x0f, 0xcc, 0x17, 0xd4, 0x2f, 0x38, 0xc9, 0x17, 0xf5,
    0x41, 0xf7, 0x45, 0xcd, 0x7f, 0xf6, 0xce, 0xd6, 0x43, 0x32, 0xcf, 0xe0, 0xbf, 0xf8, 0xe8, 0x28,
    0xbb, 0x32, 0xf9, 0xff, 0xf9, 0xb3, 0x10, 0x10, 0xc8, 0x0a, 0xbb, 0x60, 0x34, 0xf6, 0xd9, 0xdd,
    0x11, 0x08, 0x47, 0xcf, 0x4d, 0xeb, 0xbb, 0x02, 0x7f, 0x20, 0xe0, 0xd7, 0xc8, 0x19, 0xf8, 0xfd,
    0xd6, 0x1b, 0x35, 0x0c, 0x06, 0xac, 0x1d, 0x12, 0xfe, 0xfa, 0xad, 0x5f, 0x73, 0x0a, 0xf1, 0xe0,
    0x31, 0x01, 0x49, 0xbc, 0x49, 0xf1, 0xa5, 0xf7, 0x7f, 0x2e, 0xed, 0xe4, 0xb4, 0x06, 0xf6, 0xfc,
    0xe2, 0x1a, 0x33, 0xdc, 0x0d, 0x9f, 0xf6, 0x45, 0xfe, 0xea, 0xc7, 0x55, 0x7f, 0x1f, 0x3a, 0xc7,
    0x48, 0x07, 0x2e, 0xbd, 0x3b, 0xd3, 0xca, 0xec, 0x7b, 0x35, 0x04, 0xeb, 0xd9, 0xd8, 0xd9, 0xf3,
    0xeb, 0xef, 0x32, 0xd8, 0x2c, 0xb8, 0xec, 0x30, 0x28, 0xdc, 0xcc, 0x5d, 0x7f, 0x0f, 0x18, 0xa0,
    0x4f, 0x06, 0x1b, 0xad, 0x37, 0xcd, 0xef, 0xd3, 0x5c, 0x17, 0x07, 0x03, 0xf8, 0xec, 0xca, 0xf5,
    0x04, 0xf0, 0x22, 0xbe, 0x55, 0xd4, 0xce, 0x4f, 0x17, 0xcb, 0xcf, 0x53, 0x6a, 0x19, 0xd8, 0xb6,
    0x22, 0x01, 0x22, 0xc2, 0x05, 0xad, 0xab, 0xe9, 0x67, 0x14, 0xfd, 0x0f, 0xe9, 0x16, 0xce, 0xe7,
    0xf5, 0xe0, 0x66, 0x22, 0x7f, 0xd0, 0xdd, 0x29, 0x31, 0xe1, 0xbf, 0x68, 0x75, 0x18, 0xf3, 0xe7,
    0x13, 0x04, 0x1f, 0xd3, 0xff, 0xb6, 0xb6, 0xdb, 0x7f, 0x10, 0x00, 0x09, 0xcb, 0x05, 0xdb, 0xe7,
    0x10, 0xfb, 0x54, 0x3c, 0x61, 0xcf, 0xe2, 0xff, 0x1c, 0xe9, 0xd1, 0x59, 0x7f, 0x57, 0x1a, 0x0a,
    0x48, 0x05, 0x1d, 0xe2, 0x22, 0xb0, 0xd7, 0xda, 0x40, 0x09, 0x05, 0xdc, 0xc6, 0xea, 0xd0, 0xe8,
    0xff, 0xe9, 0x4f, 0x1f, 0x52, 0xd0, 0xeb, 0xfa, 0x2b, 0xc6, 0xe1, 0x53, 0x60, 0x7f, 0x00, 0x21,
    0x21, 0x07, 0x14, 0xec, 0x15, 0xd8, 0xf2, 0xff, 0x0f, 0xfb, 0x02, 0xbc, 0xe2, 0xfb, 0xf2, 0xf2,
    0xe6, 0xe4, 0x21, 0xf9, 0x2c, 0xe1, 0xfe, 0x03, 0x35, 0xc8, 0xec, 0x29, 0x2f, 0x7f, 0xf9, 0x1d,
    0xfc, 0x07, 0x0c, 0xff, 0xfb, 0xff, 0x02, 0xfb, 0x0a, 0x06, 0x06, 0xe4, 0xea, 0x02, 0xfc, 0x04,
    0xf1, 0xe3, 0xfe, 0xfe, 0x0c, 0xef, 0xf3, 0xf6, 0x35, 0xeb, 0x0b, 0xfe, 0x5d, 0x7f, 0x01, 0x1c,
    0x0c, 0x08, 0x10, 0x06, 0x05, 0x06, 0x10, 0xfd, 0x2d, 0x03, 0x05, 0xd5, 0xdc, 0xfa, 0xf4, 0x01,
    0xf4, 0xed, 0xf7, 0xe1, 0x22, 0xe7, 0xf1, 0xe5, 0x32, 0xe2, 0x0b, 0x03, 0x44, 0x75, 0xfe, 0x2b,
    0xd4, 0x00, 0x13, 0x0b, 0x07, 0x4e, 0x17, 0xec, 0x03, 0xf6, 0xfc, 0xaf, 0xb8, 0x01, 0xe7, 0x1f,
    0xf4, 0xe6, 0xe0, 0x5f, 0x3d, 0xe7, 0xf1, 0x81, 0x38, 0xef, 0x2f, 0x0a, 0x67, 0x4b, 0xfc, 0xf2,
    0xf2, 0xfd, 0x0e, 0xf5, 0x09, 0x7f, 0xf4, 0xe3, 0x04, 0x00, 0xf7, 0xc0, 0xc3, 0x05, 0xf0, 0x13,
    0xfd, 0xf1, 0xf3, 0x3b, 0x3a, 0xef, 0xf0, 0x84, 0x21, 0xf1, 0x20, 0x07, 0x4e, 0x1b, 0x08, 0xe4,
    0x0b, 0xfe, 0x07, 0xf0, 0x12, 0x7f, 0xef, 0xea, 0x10, 0x00, 0xfa, 0xd3, 0xd8, 0xfb, 0xf7, 0xfb,
    0x08, 0xf8, 0x02, 0x09, 0x31, 0xf5, 0xfa, 0xa0, 0x0f, 0xf0, 0x06, 0x09, 0x2c, 0x28, 0x10, 0xc8,
    0x1f, 0xfb, 0x0b, 0x07, 0x17, 0x7f, 0xf3, 0xe8, 0x0f, 0xfb, 0xf3, 0xd2, 0xc7, 0xf8, 0xf1, 0xff,
    0x09, 0xf9, 0xf3, 0x1e, 0x36, 0xee, 0xf2, 0x8e, 0x10, 0xf4, 0x1b, 0x04, 0xf7, 0x22, 0xfb, 0xb6,
    0x29, 0xf9, 0x0e, 0x0e, 0x12, 0x7f, 0xeb, 0xf3, 0x06, 0xf9, 0xee, 0xe6, 0xc8, 0x04, 0xf3, 0x0d,
    0x06, 0xff, 0xfb, 0x27, 0x4c, 0xef, 0xea, 0xa6, 0x09, 0xfc, 0x29, 0xfb, 0xef, 0x14, 0xfd, 0xec,
    0x2a, 0xfb, 0x06, 0xfd, 0x16, 0x7f, 0xdd, 0x16, 0x11, 0xf7, 0xf5, 0xf0, 0xe5, 0x02, 0xff, 0xfb,
    0xfd, 0x03, 0x0d, 0x19, 0x10, 0xf5, 0x03, 0xb5, 0x06, 0xf0, 0x0d, 0xfd, 0xea, 0x0a, 0x02, 0xde,
    0x3c, 0xf8, 0x0b, 0xfe, 0x2e, 0x7f, 0xc9, 0x1e, 0x2f, 0xf9, 0xee, 0xf5, 0xe0, 0x00, 0xfd, 0xf3,
    0xef, 0x13, 0x1b, 0x06, 0x11, 0xf0, 0x10, 0xb3, 0x01, 0xe2, 0x13, 0x01, 0xe1, 0x0f, 0x04, 0xb8,
    0x33, 0xeb, 0x20, 0x14, 0x7f, 0x7a, 0x8a, 0x37, 0x65, 0xe5, 0xc7, 0xc8, 0xb8, 0x04, 0x11, 0x06,
    0xdb, 0x4e, 0x38, 0xf8, 0xef, 0xd7, 0x2b, 0xb2, 0xdb, 0xc2, 0x2f, 0xf8, 0xfd, 0x67, 0xfd, 0xd3,
    0xf6, 0xec, 0x24, 0x2b, 0x71, 0x23, 0xa5, 0x3b, 0x7f, 0xdc, 0xc7, 0xb5, 0xb4, 0x08, 0x2a, 0x1d,
    0xda, 0x45, 0x18, 0x13, 0xc8, 0xd6, 0x20, 0xee, 0xf1, 0xc4, 0x2a, 0xfb, 0x0d, 0x63, 0xfb, 0xd1,
    0x09, 0xee, 0x25, 0x28, 0x7f, 0xff, 0x91, 0x4a, 0x5c, 0xd2, 0xd4, 0xb4, 0xae, 0x05, 0x0e, 0x06,
    0xe7, 0x2c, 0x09, 0x32, 0xbd, 0xcd, 0x3e, 0x07, 0xf9, 0xbc, 0x0d, 0x42, 0x3b, 0x26, 0xf0, 0xc8,
    0xdc, 0xee, 0x2a, 0x30, 0x7f, 0xff, 0x8c, 0x09, 0x46, 0xd6, 0xcb, 0x97, 0x8a, 0x0e, 0x0b, 0x22,
    0xe2, 0x38, 0xcb, 0x3b, 0xe5, 0xc7, 0x25, 0x5b, 0xe3, 0xc9, 0x02, 0x78, 0x1c, 0x21, 0x02, 0xce,
    0xf9, 0xea, 0x26, 0x4e, 0x63, 0x10, 0x81, 0x2a, 0x1d, 0xb5, 0xc1, 0x89, 0xac, 0x07, 0x15, 0x2a,
    0xdb, 0x1b, 0xf0, 0x0c, 0xe1, 0xd1, 0x26, 0x23, 0xed, 0xcc, 0x16, 0x33, 0x24, 0xfc, 0x02, 0x0d,
    0x17, 0xef, 0x20, 0x64, 0x27, 0x25, 0x81, 0x4e, 0x3d, 0x9e, 0xd5, 0x8e, 0xb3, 0x04, 0x29, 0xfc,
    0xf3, 0x10, 0xda, 0x34, 0xc1, 0xd8, 0x31, 0x21, 0xf7, 0xd5, 0x1b, 0x0c, 0x15, 0x16, 0xef, 0xfd,
    0x20, 0xf2, 0x22, 0x43, 0x2d, 0xfe, 0xae, 0x27, 0x7f, 0xc3, 0xe0, 0xca, 0xb6, 0x0c, 0x31, 0x0b,
    0xfd, 0x16, 0xeb, 0x13, 0xd0, 0xd6, 0x0c, 0x21, 0x05, 0xca, 0x3a, 0xea, 0x13, 0xfa, 0x04, 0xd6,
    0xe2, 0xf8, 0x35, 0x48, 0x6e, 0x05, 0x8b, 0xe7, 0x28, 0xed, 0xc2, 0xc4, 0x81, 0x08, 0x3b, 0x52,
    0xee, 0x2c, 0xdb, 0xf5, 0x01, 0xcc, 0xee, 0x38, 0xee, 0xd4, 0x5d, 0xfa, 0x1c, 0xe5, 0xf1, 0xd4,
    0xff, 0x0a, 0x32, 0x50, 0x51, 0xff, 0x81, 0x08, 0x25, 0xde, 0xc6, 0x9b, 0x92, 0x13, 0x60, 0x40,
    0xe8, 0x45, 0xeb, 0xe1, 0xf3, 0xd4, 0x04, 0x18, 0xf8, 0xd4, 0x52, 0xf4, 0x1a, 0xe3, 0xfb, 0xfa,
    0x31, 0x2e, 0x36, 0x39, 0x72, 0xdb, 0x84, 0xf8, 0xdb, 0x14, 0xd0, 0xa6, 0x89, 0x0d, 0x4f, 0x3c,
    0xdd, 0x77, 0xcd, 0xb8, 0x11, 0xc9, 0xee, 0xec, 0x0a, 0xd8, 0x7f, 0xcf, 0x17, 0x06, 0xef, 0xea,
    0x61, 0x48, 0x2a, 0xf0, 0x7f, 0xd0, 0xbe, 0xe1, 0x94, 0x3f, 0xe6, 0xcd, 0x95, 0x10, 0x1a, 0x22,
    0xd8, 0x7a, 0xcb, 0xc4, 0x2d, 0xd5, 0xf1, 0x18, 0x29, 0xd5, 0x69, 0xe6, 0x52, 0xf9, 0xcf, 0xec,
    0x6a, 0x75, 0x28, 0xf2, 0x6e, 0xea, 0xb7, 0xd8, 0x99, 0x08, 0xf7, 0x0c, 0x9d, 0x1f, 0x43, 0x0b,
    0x0b, 0x7f, 0xe5, 0xde, 0xdd, 0xd5, 0x05, 0x19, 0x62, 0xca, 0xfa, 0x4d, 0x13, 0x7f, 0xec, 0x01,
    0x3b, 0x2d, 0x12, 0xe4, 0x47, 0xf0, 0xdc, 0xe8, 0xb4, 0x10, 0xff, 0x39, 0xd7, 0x0f, 0x16, 0x09,
    0xfe, 0x7c, 0x08, 0xfc, 0xe8, 0xe9, 0x0a, 0x0e, 0x3f, 0xe5, 0x01, 0x1c, 0x0f, 0x7f, 0xe4, 0x02,
    0x2e, 0x18, 0x13, 0xee, 0x3b, 0xf1, 0xf0, 0xe6, 0xc5, 0x02, 0xfb, 0x3c, 0xd8, 0x14, 0x15, 0x16,
    0x04, 0x57, 0x10, 0xec, 0xd9, 0xe9, 0x13, 0x07, 0x2e, 0xe3, 0xf9, 0x20, 0x24, 0xff, 0xed, 0x0b,
    0x02, 0x02, 0x0e, 0x16, 0x28, 0x04, 0x2f, 0xce, 0x02, 0xbf, 0xf4, 0x53, 0xbf, 0x0b, 0x21, 0x0c,
    0x39, 0x7f, 0x24, 0xd7, 0xb5, 0xe8, 0x13, 0xf0, 0xfd, 0xe4, 0xa6, 0x68, 0x33, 0x04, 0xfa, 0x30,
    0x07, 0x0b, 0x06, 0x27, 0x09, 0x10, 0x2f, 0xdb, 0xfe, 0xa9, 0xf8, 0x01, 0xd3, 0x03, 0x66, 0x01,
    0x41, 0x53, 0x3b, 0xc1, 0xad, 0xf1, 0x01, 0xe9, 0x0b, 0xef, 0x81, 0x67, 0x2d, 0x01, 0xf3, 0x3c,
    0x31, 0x0e, 0x0a, 0x1d, 0x1b, 0x18, 0x3e, 0xd3, 0xea, 0xab, 0xfc, 0x17, 0xca, 0x06, 0x7c, 0xfa,
    0x44, 0x3e, 0x58, 0xb1, 0x95, 0xf1, 0x03, 0xe9, 0x17, 0xeb, 0x81, 0x6a, 0xe7, 0x01, 0xeb, 0x3d,
    0x00, 0x00, 0x0c, 0xfc, 0x4b, 0x1c, 0x5b, 0xbb, 0xf2, 0xb3, 0xf8, 0x00, 0xb5, 0x0a, 0x3e, 0x09,
    0x46, 0x41, 0x79, 0xe9, 0x81, 0xef, 0xf7, 0xe7, 0x02, 0xf7, 0xa1, 0x70, 0xf5, 0x0e, 0xeb, 0x4a,
    0x04, 0xf3, 0x16, 0x1b, 0x56, 0x26, 0x30, 0xbb, 0xe1, 0x9e, 0xec, 0x03, 0xa7, 0x0a, 0x0b, 0x04,
    0x2d, 0x27, 0x5a, 0xe7, 0x81, 0xe4, 0xdc, 0xe8, 0x06, 0xfd, 0xcf, 0x6a, 0x15, 0x0b, 0xcb, 0x15,
    0x2e, 0xf5, 0x1c, 0xe3, 0x6e, 0x29, 0x2b, 0xe9, 0xfa, 0xb6, 0xec, 0xf9, 0xc1, 0x19, 0xf0, 0x00,
    0x19, 0x0d, 0x70, 0xeb, 0x81, 0xe3, 0xf8, 0xf9, 0x07, 0xf5, 0xce, 0x56, 0xed, 0x07, 0x04, 0xd2,
    0x3d, 0xee, 0x1d, 0xc1, 0x07, 0x3a, 0x6d, 0x81, 0xf5, 0xdd, 0xcf, 0xd3, 0x50, 0x20, 0xff, 0xf7,
    0xa7, 0xdd, 0xe8, 0x4c, 0x39, 0xef, 0xea, 0x51, 0x2a, 0x59, 0x97, 0x85, 0x02, 0x0a, 0x1b, 0x1f,
    0x42, 0xd2, 0xfd, 0xad, 0xae, 0xeb, 0x5c, 0xe6, 0x01, 0x2e, 0x8b, 0xf8, 0x0a, 0x29, 0xbc, 0x81,
    0x52, 0xd4, 0xd4, 0xf6, 0x07, 0xf4, 0xbc, 0x12, 0x22, 0xe9, 0x10, 0x29, 0x07, 0x0d, 0x0e, 0x29,
    0x35, 0xd4, 0xfa, 0xb7, 0xb5, 0xe3, 0x48, 0xf7, 0x03, 0x38, 0x85, 0xff, 0xfe, 0xfa, 0xbc, 0x81,
    0x64, 0xd6, 0xd8, 0xec, 0x01, 0xf5, 0xc3, 0x08, 0x20, 0xe0, 0x23, 0x3f, 0x09, 0x15, 0xe9, 0x27,
    0x1a, 0xd7, 0xfc, 0xcd, 0xde, 0xf5, 0x26, 0x02, 0xf6, 0x2c, 0x81, 0x0f, 0x0a, 0xa5, 0xd9, 0xb4,
    0x47, 0xd3, 0xf2, 0xfe, 0x03, 0xfa, 0xe8, 0x0e, 0x29, 0xfa, 0x21, 0x2e, 0x07, 0x17, 0xdf, 0x29,
    0x18, 0xd9, 0xff, 0xd2, 0xe7, 0xf8, 0x1f, 0x06, 0xf3, 0x2c, 0x81, 0x10, 0x09, 0x92, 0xde, 0xbc,
    0x42, 0xd4, 0xf8, 0x00, 0x03, 0xf7, 0xee, 0x0c, 0x2a, 0xfd, 0x22, 0x2d, 0xf5, 0x2f, 0xd0, 0x3a,
    0x06, 0xe3, 0x24, 0xd5, 0xe1, 0xe4, 0x0d, 0x17, 0xfa, 0x55, 0xba, 0xd6, 0xc0, 0xab, 0xdb, 0x81,
    0x6d, 0x02, 0xed, 0xce, 0xf8, 0xb3, 0xd5, 0xd4, 0xf5, 0xc9, 0x33, 0x6e, 0x19, 0x10, 0x1b, 0x2d,
    0xbb, 0x1a, 0x36, 0xe2, 0xd2, 0xdf, 0xf5, 0x61, 0x0b, 0x52, 0x30, 0x05, 0xc9, 0xde, 0xf0, 0x99,
    0x66, 0x25, 0x0a, 0xc8, 0xd5, 0xb4, 0x06, 0xc6, 0xd4, 0xdb, 0x34, 0x7f, 0x22, 0x1c, 0x27, 0x40,
    0xbf, 0x2a, 0x3b, 0xd8, 0xd3, 0xe9, 0xe4, 0x7f, 0x25, 0x61, 0x4f, 0x39, 0xd9, 0xd1, 0x06, 0xa3,
    0x68, 0x37, 0x21, 0xc6, 0xd8, 0xb2, 0x27, 0xcd, 0xc7, 0xe7, 0x55, 0x7f, 0x2c, 0x1e, 0xe8, 0x43,
    0xbb, 0x2f, 0x44, 0xc7, 0xd3, 0xfb, 0xeb, 0x7f, 0x2e, 0x5b, 0x52, 0x56, 0xed, 0xe4, 0x10, 0xa4,
    0x63, 0x39, 0x27, 0xc9, 0xdc, 0xb1, 0x37, 0xda, 0xc9, 0xf9, 0x47, 0x7c, 0x27, 0x21, 0xd8, 0x3f,
    0xa6, 0x35, 0x7f, 0x99, 0xc2, 0x28, 0x08, 0x6f, 0x1d, 0x47, 0x40, 0x54, 0x20, 0xeb, 0x28, 0xab,
    0x2c, 0x38, 0x36, 0xed, 0xed, 0x8e, 0x4c, 0xfb, 0xd7, 0x46, 0xf9, 0x44, 0xfc, 0x15, 0x7f, 0x08,
    0x02, 0x18, 0x60, 0xb2, 0xef, 0x34, 0x40, 0xeb, 0xff, 0x10, 0x14, 0xf1, 0x36, 0xaa, 0x19, 0xd3,
    0xd4, 0x16, 0x0e, 0x25, 0x1b, 0xaa, 0x12, 0x26, 0xf3, 0x55, 0xc1, 0xd1, 0xf8, 0x24, 0x56, 0x16,
    0xfe, 0x1f, 0x7f, 0x99, 0xe3, 0x41, 0x4b, 0xf0, 0xff, 0x14, 0x19, 0xf8, 0x4c, 0xaa, 0x26, 0xc7,
    0xd0, 0x19, 0x1e, 0x34, 0x24, 0x89, 0x24, 0x31, 0xf6, 0x7c, 0xb4, 0xcb, 0xfd, 0x2a, 0xc0, 0x2d,
    0xd5, 0x22, 0x7f, 0x9a, 0xeb, 0x3e, 0x2a, 0x19, 0xfb, 0x21, 0x16, 0x1b, 0x43, 0xec, 0x27, 0xd3,
    0xe2, 0x1a, 0x30, 0x2b, 0x19, 0x96, 0x3d, 0x26, 0xfb, 0x75, 0xcf, 0xe4, 0x01, 0x28, 0x95, 0x25,
    0xcb, 0x26, 0x7f, 0x9d, 0xe9, 0x38, 0x1e, 0x28, 0xff, 0x25, 0x21, 0x2b, 0x2f, 0x0c, 0x22, 0xc7,
    0xfa, 0x1f, 0x2c, 0x13, 0x18, 0x92, 0x3f, 0x18, 0xf7, 0x63, 0xdd, 0xfb, 0xff, 0x26, 0xa0, 0x31,
    0xa8, 0x35, 0x73, 0xaa, 0xe8, 0x18, 0x09, 0x42, 0x09, 0x44, 0x37, 0x33, 0xfc, 0x0f, 0x09, 0x98,
    0x38, 0x2d, 0x1c, 0xf1, 0x04, 0x81, 0x2d, 0xee, 0xdf, 0x33, 0xfb, 0x51, 0xfe, 0x24, 0xde, 0x22,
    0xb4, 0x38, 0x79, 0xa1, 0xec, 0x08, 0x1d, 0x36, 0x17, 0x51, 0x44, 0x1d, 0xf4, 0xe8, 0xfb, 0x85,
    0x44, 0x2c, 0x17, 0xf7, 0x00, 0x81, 0x25, 0xe8, 0xd8, 0x22, 0x00, 0x5c, 0xfd, 0x1d, 0x17, 0x0c,
    0xd4, 0x25, 0x7f, 0x97, 0xf3, 0x24, 0x34, 0x10, 0x05, 0x2b, 0x29, 0x08, 0x17, 0xce, 0x14, 0xad,
    0x02, 0x20, 0x17, 0x0f, 0x0f, 0x8e, 0x1f, 0x0f, 0xe8, 0x48, 0xe2, 0x09, 0x03, 0x19, 0x23, 0x18,
    0xd6, 0x29, 0x7f, 0xa1, 0xe6, 0x26, 0x38, 0x18, 0x0a, 0x28, 0x28, 0x06, 0x1d, 0xc5, 0x10, 0xb4,
    0xfa, 0x29, 0x20, 0x0e, 0x08, 0x8f, 0x1c, 0x0b, 0xe3, 0x45, 0xe0, 0x01, 0x08, 0x15, 0x20, 0x34,
    0xbb, 0x3b, 0x6a, 0xae, 0xd3, 0xfd, 0x2a, 0x49, 0x22, 0x44, 0x48, 0x11, 0xed, 0xba, 0xfa, 0x81,
    0x3d, 0x44, 0x0f, 0xed, 0xf4, 0x8c, 0x13, 0xe5, 0xc4, 0x0d, 0x07, 0x50, 0x16, 0x03, 0x3e, 0x36,
    0xd4, 0x24, 0x2f, 0xd5, 0xe4, 0xdf, 0xfd, 0x44, 0x26, 0x49, 0x48, 0x1e, 0xcf, 0xc0, 0xe8, 0x87,
    0x70, 0x3a, 0xf9, 0xd6, 0xea, 0xc9, 0xfb, 0xe0, 0xc3, 0xd9, 0x35, 0x7f, 0x15, 0x04, 0x24, 0x3e,
    0xc9, 0x1e, 0x36, 0xdb, 0xd4, 0xe5, 0xe6, 0x62, 0x1e, 0x43, 0x40, 0x2f, 0xda, 0xd1, 0xf2, 0x9f,
    0x6a, 0x31, 0x0d, 0xd6, 0xe5, 0xd2, 0x0e, 0xdc, 0xca, 0xe2, 0x3b, 0x7f, 0x14, 0x0e, 0x9d, 0x4f,
    0xb7, 0x20, 0x4b, 0xb1, 0xca, 0xe5, 0xe8, 0x7f, 0x19, 0x50, 0x32, 0x2f, 0xe4, 0x14, 0xf6, 0x92,
    0x5f, 0x2d, 0x17, 0xd0, 0xd9, 0xb5, 0x15, 0xdc, 0xd5, 0xe5, 0x45, 0x71, 0x0b, 0x12, 0x81, 0x34,
    0xcc, 0x14, 0x2c, 0xbd, 0xd8, 0xf3, 0xf6, 0x4f, 0x0f, 0x37, 0x1b, 0x1e, 0xeb, 0x34, 0xf2, 0xb0,
    0x48, 0x13, 0x0e, 0xe3, 0xe6, 0xce, 0x10, 0xe7, 0xf0, 0xf0, 0x30, 0x4a, 0x05, 0x13, 0x81, 0x20,
    0xd2, 0x13, 0x34, 0xbc, 0xe3, 0x00, 0xfe, 0x33, 0x09, 0x34, 0x16, 0x11, 0xf0, 0x35, 0xfa, 0xb8,
    0x37, 0x11, 0x0c, 0xeb, 0xf3, 0xc8, 0x14, 0xeb, 0xf3, 0x03, 0x1c, 0x36, 0x04, 0x1f, 0x9c, 0x1d,
    0xd3, 0x1f, 0x7f, 0x88, 0xd7, 0x29, 0x33, 0x20, 0xfe, 0x26, 0x10, 0x09, 0x24, 0x20, 0x16, 0xb3,
    0x03, 0x1e, 0x18, 0x03, 0xff, 0x8c, 0x29, 0x05, 0xef, 0x49, 0xe1, 0xfc, 0xf2, 0x1e, 0x66, 0x0a,
    0xeb, 0x1c, 0x7f, 0x9d, 0xe7, 0x3b, 0x4e, 0xf1, 0xf8, 0x0b, 0x03, 0xfc, 0x44, 0xc1, 0x27, 0xd2,
    0xc6, 0x17, 0x23, 0x33, 0x1e, 0x93, 0x1b, 0x2d, 0xf9, 0x6e, 0xb4, 0xc1, 0xf8, 0x1d, 0x75, 0x07,
    0xf1, 0x1d, 0x7f, 0xaf, 0xef, 0x3c, 0x42, 0xf2, 0xf5, 0x0b, 0x05, 0xfb, 0x3d, 0xb7, 0x28, 0xd9,
    0xc9, 0x15, 0x21, 0x2e, 0x22, 0x97, 0x22, 0x27, 0xf8, 0x6a, 0xb6, 0xcc, 0xfd, 0x22, 0x75, 0x00,
    0xe9, 0x1b, 0x7f, 0xbb, 0x03, 0x33, 0x24, 0x00, 0xf3, 0x15, 0x06, 0xf5, 0x25, 0xb5, 0x28, 0xde,
    0xd4, 0x18, 0x1f, 0x1d, 0x16, 0x98, 0x29, 0x14, 0xf3, 0x5a, 0xc7, 0xe5, 0xf6, 0x19, 0x7f, 0xfa,
    0x03, 0x18, 0x59, 0xdf, 0xff, 0x06, 0x09, 0x04, 0x01, 0x30, 0x15, 0xd8, 0xe6, 0xa6, 0x05, 0xc2,
    0x10, 0x24, 0x0a, 0xeb, 0x10, 0xae, 0xfa, 0xf0, 0xdd, 0x05, 0x00, 0x1c, 0xef, 0xef, 0x72, 0xfe,
    0x4e, 0x14, 0x1f, 0xf9, 0xcf, 0xcf, 0x1e, 0xe2, 0x2a, 0x4a, 0x34, 0xa5, 0xa0, 0xa4, 0xce, 0x81,
    0x58, 0x37, 0xd5, 0xb2, 0x15, 0xbc, 0x92, 0xd7, 0xb4, 0x94, 0x38, 0x52, 0xf0, 0xe2, 0x59, 0x03,
    0x52, 0x10, 0x0c, 0x0a, 0xc7, 0xbd, 0x2a, 0xed, 0x3b, 0x45, 0x36, 0x96, 0x9d, 0xb5, 0xc8, 0x82,
    0x4c, 0x3a, 0xc8, 0xb6, 0xfd, 0xc7, 0x8e, 0xce, 0xad, 0x81, 0x37, 0x52, 0xe6, 0xe4, 0x28, 0x07,
    0x43, 0x13, 0x34, 0xf8, 0xc8, 0xb9, 0x35, 0x01, 0x2a, 0x4b, 0x37, 0x9b, 0xa1, 0xd0, 0xd7, 0x82,
    0x54, 0x43, 0xd8, 0xa3, 0xeb, 0xab, 0x96, 0xcb, 0xa6, 0x81, 0x47, 0x4f, 0xef, 0xf5, 0x97, 0x0f,
    0x18, 0x14, 0x44, 0xd6, 0xf1, 0xc1, 0x37, 0x0f, 0x0f, 0x28, 0x34, 0xe2, 0xc2, 0x2d, 0xfc, 0xae,
    0x7f, 0x38, 0xff, 0xa1, 0xf4, 0xae, 0xc0, 0xd6, 0xb7, 0x98, 0x69, 0x2b, 0x00, 0xfd, 0x81, 0x15,
    0xeb, 0x11, 0x23, 0xe0, 0xf5, 0xd9, 0x0c, 0x1c, 0x11, 0x2c, 0x23, 0xf4, 0xd5, 0x3f, 0xf4, 0xbc,
    0x56, 0x21, 0xfb, 0xcf, 0xf8, 0xcb, 0xf0, 0xea, 0xd9, 0xcc, 0x34, 0x3a, 0x01, 0x01, 0x81, 0x1d,
    0xcb, 0x0c, 0x1b, 0xde, 0xfc, 0xf1, 0xf4, 0x1f, 0x0d, 0x29, 0x11, 0xff, 0xe3, 0x46, 0xf5, 0xcd,
    0x31, 0x10, 0xfe, 0xea, 0xf1, 0xde, 0x08, 0xf0, 0xef, 0xf1, 0x1d, 0x34, 0x04, 0x07, 0x81, 0x13,
    0xdc, 0x07, 0x23, 0xe1, 0xf9, 0x00, 0xf6, 0x1e, 0xfe, 0x1f, 0x04, 0x03, 0xf1, 0x4a, 0x00, 0xda,
    0x1b, 0x09, 0x01, 0xf1, 0xf5, 0xdd, 0x0d, 0xfa, 0xfb, 0x04, 0x0d, 0x23, 0x04, 0x0a, 0x81, 0x10,
    0xe8, 0x0b, 0x2d, 0xdd, 0xfd, 0x03, 0x04, 0x15, 0xf8, 0x18, 0x03, 0xf5, 0xf6, 0x43, 0x08, 0xd7,
    0x1d, 0x0a, 0x03, 0xf5, 0xfa, 0xd1, 0x15, 0xfd, 0xfb, 0x0c, 0x02, 0x1d, 0xfe, 0x0b, 0x81, 0x1a,
    0xdc, 0x14, 0x3f, 0xc7, 0x07, 0xfd, 0x09, 0x20, 0xfd, 0x2f, 0x0a, 0xfb, 0xee, 0x3d, 0x07, 0xc5,
    0x28, 0x13, 0x0a, 0xf0, 0xf3, 0xb9, 0x12, 0xf5, 0xf0, 0x06, 0x1b, 0x21, 0xef, 0x0f, 0x81, 0x33,
    0xc4, 0x2d, 0x76, 0xa9, 0xdb, 0xeb, 0x0e, 0x49, 0x05, 0x5d, 0x31, 0x02, 0xd7, 0x1d, 0x07, 0x96,
    0x4e, 0x31, 0x16, 0xe1, 0xf6, 0x81, 0x19, 0xea, 0xc9, 0xfc, 0x44, 0x45, 0xfc, 0x14, 0xe0, 0x37,
    0xd4, 0x30, 0x7a, 0xad, 0xdd, 0xf5, 0x21, 0x40, 0x17, 0x45, 0x3f, 0xf2, 0xde, 0xd3, 0x03, 0x90,
    0x43, 0x3b, 0x12, 0xe8, 0xf3, 0x81, 0x11, 0xee, 0xbd, 0x01, 0x28, 0x44, 0xfe, 0x18, 0x50, 0x36,
    0xdf, 0x36, 0x7f, 0xa7, 0xe2, 0x06, 0x20, 0x35, 0x1b, 0x36, 0x45, 0x00, 0xf4, 0xa7, 0x09, 0x9b,
    0x35, 0x40, 0x1d, 0xf4, 0xf1, 0x88, 0x0c, 0xf5, 0xc1, 0x14, 0x21, 0x26, 0x01, 0x14, 0x59, 0x36,
    0xe5, 0x2e, 0x7f, 0xb7, 0xde, 0x06, 0x14, 0x33, 0x14, 0x3d, 0x40, 0x1c, 0xf0, 0xaf, 0x09, 0xaa,
    0x2f, 0x3f, 0x1b, 0xeb, 0xf8, 0x94, 0x10, 0xfb, 0xc5, 0x17, 0x1f, 0x2a, 0x06, 0x0d, 0x7f, 0x2f,
    0xf2, 0x25, 0x74, 0xc5, 0xdf, 0x01, 0x20, 0x19, 0x1c, 0x49, 0x32, 0xfc, 0xe5, 0xa9, 0xf7, 0x8e,
    0x27, 0x3a, 0xff, 0xe4, 0xfe, 0x8d, 0x05, 0xfa, 0xcc, 0x0c, 0xfe, 0x35, 0xf9, 0xff, 0x7f, 0x12,
    0x07, 0x1a, 0x4e, 0xcb, 0xf0, 0xfd, 0x19, 0xf8, 0x13, 0x37, 0x23, 0xce, 0xe5, 0xb2, 0xf8, 0xab,
    0x16, 0x2b, 0xfa, 0xea, 0x0a, 0xaf, 0xf6, 0x05, 0xd2, 0xfd, 0x0b, 0x19, 0xe9, 0x06, 0x7f, 0x1d,
    0x14, 0x23, 0x5b, 0xa5, 0xf6, 0xdc, 0x15, 0x0d, 0x17, 0x30, 0x38, 0xe8, 0xc3, 0xaf, 0xfd, 0xad,
    0x67, 0x40, 0x0b, 0xbf, 0x05, 0x98, 0xd8, 0xe6, 0xb1, 0xd7, 0x62, 0x23, 0xf0, 0x0a, 0x4a, 0x1c,
    0x29, 0x1f, 0x51, 0xbb, 0xf8, 0xd4, 0x18, 0x0a, 0x0e, 0x09, 0x36, 0xfa, 0xcf, 0xd0, 0x0f, 0xd2,
    0x7f, 0x35, 0x17, 0xa6, 0x03, 0xa9, 0xc5, 0xe0, 0xc0, 0xc5, 0x6d, 0x0d, 0xeb, 0x0e, 0x30, 0x1a,
    0x46, 0x19, 0x50, 0xda, 0x0d, 0xd7, 0x50, 0xd3, 0xfd, 0xf2, 0x24, 0xea, 0xef, 0xd8, 0x0c, 0xdc,
    0x7f, 0x23, 0x0a, 0xcf, 0x04, 0xad, 0xb0, 0xdd, 0xd5, 0xc0, 0x62, 0xd1, 0xef, 0x12, 0xd9, 0x2b,
    0x32, 0x19, 0x5b, 0xd9, 0x21, 0xe3, 0x7b, 0xba, 0xec, 0xdb, 0x10, 0xf4, 0x0e, 0x0d, 0x23, 0xf8,
    0x7f, 0x1e, 0x09, 0xed, 0xfe, 0xb3, 0xb1, 0xf0, 0xde, 0xc7, 0x59, 0xa0, 0xdc, 0x0c, 0xa2, 0x28,
    0x35, 0x0d, 0x38, 0xd3, 0x1b, 0xe3, 0x57, 0xb6, 0xe9, 0xcb, 0x05, 0x0e, 0x09, 0x34, 0x21, 0x18,
    0x7f, 0x09, 0x1f, 0xdb, 0x08, 0xd2, 0xb7, 0x06, 0xed, 0xd0, 0x6f, 0x91, 0xc8, 0x08, 0xc3, 0x23,
    0x41, 0x0b, 0x25, 0xdf, 0x21, 0xe1, 0x4d, 0xa8, 0xef, 0xc7, 0x03, 0x2d, 0xf5, 0x25, 0x14, 0x24,
    0x7f, 0x07, 0x21, 0xe6, 0x10, 0xdf, 0xb4, 0x19, 0xed, 0xd0, 0x74, 0x95, 0xba, 0x08, 0xdb, 0x16,
    0x3b, 0x0b, 0x20, 0xd9, 0x23, 0xe0, 0x4d, 0x9b, 0xf2, 0xc5, 0x05, 0x38, 0xe6, 0x12, 0x0f, 0x29,
    0x7f, 0x0a, 0x28, 0xe8, 0x1b, 0xe4, 0xaf, 0x2b, 0xea, 0xd2, 0x75, 0x9b, 0xe1, 0x05, 0xd9, 0x0d,
    0xec, 0x0e, 0x2c, 0xda, 0x19, 0xcc, 0x4d, 0xb1, 0xf2, 0xd9, 0x0a, 0xe6, 0xbe, 0x13, 0x04, 0x15,
    0x76, 0x0d, 0xe1, 0x30, 0x03, 0xd0, 0xf8, 0x15, 0xe9, 0xea, 0x7f, 0xd2, 0xdb, 0xfd, 0xf1, 0x27,
    0xe5, 0x0c, 0x2f, 0xef, 0x2c, 0xc9, 0x7f, 0xb2, 0xe7, 0xe5, 0x08, 0xd8, 0xc5, 0x08, 0x02, 0x1c,
    0x5d, 0x09, 0xf1, 0x3e, 0xf0, 0xc6, 0xd5, 0x2a, 0xe6, 0xcc, 0x78, 0xd3, 0xe8, 0x0c, 0xfa, 0x33,
    0x33, 0x0e, 0x3d, 0xce, 0x40, 0xc9, 0x61, 0x9d, 0xf1, 0xd5, 0x07, 0x07, 0xbe, 0x00, 0x09, 0x28,
    0x7b, 0x18, 0x19, 0x3f, 0xda, 0xb9, 0xf5, 0x02, 0xd7, 0xc1, 0x7f, 0xc0, 0x36, 0xfe, 0xd3, 0x16,
    0x81, 0x09, 0x3b, 0xe6, 0x41, 0xf2, 0x23, 0xc8, 0xe3, 0x42, 0xf1, 0xa5, 0xa3, 0x16, 0x11, 0x25,
    0x07, 0x12, 0xad, 0x5d, 0xe7, 0xc3, 0x2e, 0x33, 0xe7, 0xfa, 0x44, 0x25, 0x10, 0xcf, 0x94, 0x12,
    0x81, 0x07, 0x44, 0xeb, 0x51, 0xda, 0x03, 0xe8, 0xd3, 0x24, 0xe8, 0xa9, 0xa6, 0x3b, 0x18, 0x1f,
    0x35, 0x27, 0xd6, 0x16, 0xe9, 0xbd, 0xf8, 0x1f, 0xb6, 0xd5, 0x68, 0x0e, 0xf3, 0xa4, 0xbd, 0x10,
    0xb5, 0x09, 0x44, 0x11, 0x4b, 0xc2, 0xb7, 0x2e, 0xd6, 0x0b, 0xe8, 0xb9, 0x99, 0x31, 0x2f, 0x1e,
    0x51, 0x46, 0x16, 0xa9, 0xe2, 0xb6, 0xfc, 0xe2, 0x84, 0xad, 0x7f, 0x1b, 0xfc, 0xa1, 0x16, 0x0a,
    0xba, 0x0e, 0x4d, 0x13, 0x41, 0xd2, 0xaa, 0x3d, 0xdf, 0x1b, 0xf7, 0xbb, 0x9a, 0xfd, 0x29, 0x0f,
    0x42, 0x51, 0x14, 0xa8, 0xeb, 0xa9, 0x19, 0xd1, 0x81, 0xcc, 0x61, 0x3c, 0xe6, 0xb9, 0xfe, 0x0b,
    0xb3, 0x21, 0x76, 0xef, 0x33, 0xbb, 0xa7, 0x5d, 0xdd, 0x19, 0x0c, 0xc8, 0x90, 0xfc, 0x0f, 0xdf,
    0x7b, 0x5c, 0x1f, 0x87, 0xf1, 0x86, 0x18, 0xa6, 0x83, 0xbd, 0x7f, 0x58, 0xd1, 0xc7, 0x1c, 0xe4,
    0x02, 0x11, 0x6b, 0xd8, 0x57, 0xa3, 0x03, 0x05, 0xfb, 0x01, 0x11, 0xc6, 0xb8, 0xe0, 0xd2, 0xbd,
    0x7f, 0x5b, 0xfd, 0xb4, 0xfd, 0x8a, 0x2e, 0xc4, 0x8d, 0x9f, 0x5a, 0x3c, 0xb7, 0xd2, 0x0a, 0xbd,
    0x63, 0x14, 0x64, 0xaf, 0x67, 0x8e, 0x30, 0xce, 0x1f, 0xee, 0x1b, 0x06, 0xcb, 0xe8, 0x81, 0xb3,
    0x7e, 0x4d, 0xdd, 0xb2, 0x0a, 0x8a, 0x5f, 0xe5, 0x95, 0x88, 0x34, 0x63, 0xc5, 0xf1, 0x10, 0xf3,
    0x7f, 0x18, 0x5e, 0xd5, 0x34, 0xa8, 0x61, 0xbb, 0x0b, 0xf2, 0x13, 0x0a, 0xd5, 0xec, 0xc9, 0xce,
    0x73, 0x36, 0xe7, 0xbd, 0x22, 0x91, 0x2b, 0x08, 0xaf, 0xa2, 0x39, 0x0d, 0xe0, 0x00, 0x81, 0xed,
    0x4b, 0x10, 0x31, 0xed, 0xef, 0xd3, 0x5a, 0xdd, 0x05, 0xd6, 0x03, 0xd7, 0xe9, 0x4b, 0xe7, 0xd4,
    0x4f, 0x1f, 0xe7, 0xaa, 0x20, 0xbb, 0xc2, 0xf3, 0xd2, 0xae, 0x3b, 0xd6, 0xdc, 0x01, 0x82, 0xed,
    0x12, 0x0b, 0x2d, 0xd2, 0x04, 0xd8, 0x4a, 0xcc, 0xec, 0xa5, 0x01, 0x0f, 0xf8, 0x48, 0xfc, 0x11,
    0x6e, 0x11, 0xf6, 0xb0, 0x2a, 0xcc, 0xab, 0x14, 0xdb, 0xc4, 0x7f, 0x93, 0xd8, 0x04, 0xde, 0xf8,
    0x0e, 0x0a, 0x28, 0xdc, 0x12, 0xea, 0x46, 0xaa, 0xe8, 0xaa, 0x03, 0x0b, 0xfb, 0x12, 0x09, 0x28,
    0x6f, 0x0c, 0x06, 0xcd, 0x32, 0xdc, 0x9c, 0x36, 0xe6, 0xcf, 0x7f, 0x91, 0xd3, 0x02, 0x15, 0xe2,
    0x32, 0x10, 0x2c, 0xe1, 0xf3, 0xd9, 0x44, 0xb0, 0xf3, 0x81, 0x10, 0xd1, 0xf9, 0xf0, 0xe9, 0xee,
    0x79, 0x13, 0xe0, 0xd3, 0x37, 0xd2, 0xb5, 0x3d, 0xde, 0xcb, 0x7a, 0xa2, 0xdd, 0xf0, 0xe3, 0xef,
    0x69, 0x09, 0x1a, 0xe0, 0xce, 0xc4, 0x77, 0x9a, 0x0e, 0xba, 0x18, 0xb6, 0xe8, 0x04, 0xbe, 0xbe,
    0x7f, 0x1d, 0xb9, 0xc7, 0x26, 0xda, 0x81, 0x1c, 0xcc, 0x9e, 0x66, 0xbf, 0xee, 0xda, 0x90, 0x03,
    0x60, 0x02, 0xf8, 0xeb, 0x9e, 0xcb, 0x5e, 0xce, 0x27, 0x09, 0x1c, 0xb2, 0xd7, 0x28, 0xb7, 0x9d,
    0x48, 0x18, 0xc1, 0xcb, 0x01, 0xf2, 0x81, 0xfc, 0xd0, 0x99, 0x28, 0x06, 0xf1, 0xec, 0x81, 0xe2,
    0x1a, 0x0b, 0x24, 0xe8, 0xf0, 0xce, 0x3d, 0xee, 0x02, 0xd9, 0x0e, 0x07, 0xe8, 0x35, 0xb7, 0xcd,
    0x40, 0x19, 0xdd, 0xc9, 0x17, 0xd1, 0xba, 0x18, 0xd8, 0xb1, 0x3a, 0x26, 0xd7, 0xfc, 0x81, 0xbb,
    0x02, 0x07, 0x25, 0xe0, 0x10, 0xe0, 0x14, 0x0e, 0xfb, 0xaf, 0x04, 0x5c, 0xfa, 0x3a, 0xb9, 0xf4,
    0x21, 0x12, 0xfd, 0xc0, 0x29, 0xd3, 0xed, 0x19, 0xe7, 0xc9, 0x2d, 0x2e, 0xe0, 0xfb, 0x81, 0xd7,
    0xf4, 0x0f, 0x3c, 0xed, 0x07, 0xd4, 0x1d, 0x2d, 0x07, 0x95, 0x0d, 0x2d, 0xfc, 0x33, 0xa0, 0xce,
    0x1a, 0x1e, 0xed, 0xda, 0x11, 0xaf, 0xf0, 0xf8, 0xe0, 0xc1, 0x2b, 0x3f, 0xe8, 0xf7, 0xe2, 0xb8,
    0x00, 0x0e, 0x30, 0xf2, 0x01, 0xc4, 0x17, 0x2c, 0x16, 0xa8, 0x18, 0x1b, 0x02, 0x05, 0x81, 0xac,
    0x0a, 0x21, 0xd8, 0xe6, 0x0d, 0xbe, 0x03, 0xf7, 0xe0, 0xce, 0x13, 0x52, 0xeb, 0xf9, 0x0c, 0xab,
    0xf1, 0x13, 0x3a, 0xef, 0x04, 0xcb, 0x13, 0x30, 0x18, 0x9f, 0x22, 0xe3, 0xed, 0xf2, 0x81, 0x9b,
    0x21, 0x1f, 0xdf, 0xfd, 0xf6, 0xaf, 0x1d, 0x0b, 0xe6, 0xcc, 0x1b, 0x60, 0xdc, 0xf2, 0x3b, 0xc2,
    0x22, 0x12, 0x52, 0x04, 0x1b, 0xcd, 0x08, 0x37, 0x19, 0xc6, 0x23, 0xf7, 0xe1, 0xd1, 0x81, 0xac,
    0x20, 0x27, 0xee, 0xc6, 0xfe, 0x91, 0xd5, 0xf1, 0xda, 0x98, 0x3a, 0x6d, 0xbe, 0xf4, 0xb0, 0x89,
    0xe4, 0x0d, 0x6d, 0xf1, 0x33, 0xd5, 0xdb, 0x30, 0xd1, 0xb4, 0x07, 0xef, 0xe3, 0x2b, 0xa3, 0x03,
    0x0d, 0x20, 0x2a, 0xa0, 0x26, 0x81, 0xd0, 0x03, 0xd0, 0xac, 0x64, 0x47, 0xea, 0xf0, 0x9f, 0xd9,
    0xb7, 0x0c, 0x77, 0xf0, 0x31, 0xf2, 0xc3, 0x46, 0xc5, 0xce, 0xe7, 0xda, 0xf0, 0x3c, 0x0c, 0x1e,
    0xe4, 0x0d, 0x1e, 0xc7, 0xfa, 0x81, 0x23, 0xdd, 0xef, 0x04, 0x1c, 0x13, 0xeb, 0xf5, 0xad, 0xd6,
    0xd0, 0x01, 0x76, 0x07, 0x20, 0x03, 0xc4, 0x40, 0xc3, 0xc1, 0xe0, 0xed, 0x05, 0x33, 0x01, 0x28,
    0xc7, 0xf9, 0x18, 0xc0, 0x03, 0x81, 0x1c, 0xd4, 0x05, 0x0f, 0x14, 0x02, 0xef, 0x09, 0xd2, 0x95,
    0xcd, 0xf0, 0x7c, 0x00, 0x6c, 0xe6, 0xad, 0x37, 0xbe, 0xae, 0xd6, 0x3f, 0x00, 0x20, 0xd4, 0x57,
    0xb0, 0xfc, 0x07, 0xa5, 0x25, 0x81, 0x19, 0xf6, 0x05, 0xfd, 0x0e, 0x25, 0xda, 0x03, 0xd9, 0x9d,
    0xad, 0xf1, 0x7f, 0xfe, 0x71, 0xfa, 0xb4, 0x30, 0xc2, 0xca, 0xc8, 0x1a, 0x00, 0x19, 0xf4, 0x5b,
    0xa1, 0xee, 0x1c, 0xcd, 0x23, 0x82, 0x31, 0x12, 0x1b, 0x16, 0x05, 0x16, 0xd9, 0x00, 0xe0, 0xb9,
    0xa3, 0xfe, 0x7c, 0xd7, 0x44, 0x1e, 0xef, 0x04, 0xdc, 0xd2, 0xd5, 0x01, 0x1f, 0x0b, 0x13, 0x4a,
    0xae, 0xdd, 0x2a, 0xee, 0x2c, 0x81, 0x24, 0x46, 0x2e, 0x35, 0xf4, 0xda, 0xe3, 0xf9, 0x9a, 0xa3,
    0x06, 0xff, 0x73, 0x9a, 0x1a, 0xeb, 0x2e, 0xdd, 0xf5, 0xc4, 0xe7, 0x25, 0x11, 0x38, 0xb8, 0x14,
    0xcc, 0xf4, 0x03, 0xe7, 0x3c, 0x81, 0x0d, 0x44, 0x11, 0x09, 0xe8, 0x0e, 0xe5, 0xea, 0xaf, 0xc5,
    0x7f, 0x04, 0x1a, 0xd3, 0xe2, 0xc5, 0x37, 0xd8, 0x21, 0x01, 0x07, 0xf1, 0xe1, 0x25, 0xa4, 0xd1,
    0x13, 0x11, 0xdc, 0xbe, 0x18, 0xd0, 0xce, 0xfc, 0xe2, 0xb4, 0x10, 0x29, 0xb5, 0xf7, 0x23, 0x82,
    0x5e, 0x06, 0x57, 0xd5, 0x75, 0xaf, 0x31, 0xb9, 0xf0, 0xe3, 0xfc, 0x6c, 0x15, 0xeb, 0x81, 0x1d,
    0x19, 0xfc, 0x08, 0xb1, 0x63, 0x8d, 0xec, 0x45, 0xff, 0xae, 0x22, 0x2d, 0xc6, 0xe6, 0x30, 0xb5,
    0xfb, 0xf9, 0x6c, 0xc5, 0x58, 0xe8, 0x49, 0xa9, 0xc9, 0xdb, 0xf6, 0x27, 0x30, 0xe1, 0xd9, 0x35,
    0x0e, 0xc2, 0x1f, 0xf8, 0x56, 0x81, 0xb2, 0x64, 0x39, 0xe8, 0x1c, 0xcf, 0xf7, 0xf7, 0xb5, 0xd9,
    0xf8, 0xf7, 0x7e, 0x96, 0x2c, 0x18, 0x25, 0xdb, 0xec, 0xe7, 0xef, 0x07, 0x1b, 0x1e, 0xfa, 0x0d,
    0xd5, 0xb8, 0x17, 0x16, 0x1e, 0x81, 0x21, 0x39, 0x52, 0x41, 0xcc, 0xe2, 0xf0, 0xfd, 0xdb, 0xbe,
    0x18, 0x01, 0x75, 0x81, 0x4b, 0x0e, 0x14, 0xe0, 0xfc, 0xe6, 0xe6, 0x0a, 0x23, 0x11, 0xf4, 0x1d,
    0xc1, 0xd1, 0x3b, 0x0f, 0x2d, 0x89, 0x54, 0x43, 0x3d, 0x4b, 0xb5, 0xfe, 0xe8, 0xfd, 0x33, 0xd3,
    0x2e, 0x0b, 0x7a, 0x89, 0x3f, 0x08, 0x20, 0xf2, 0xf5, 0xd3, 0xeb, 0x0f, 0x37, 0xe4, 0xed, 0xfc,
    0xbd, 0x00, 0x27, 0x35, 0x1a, 0x81, 0x78, 0x32, 0x0a, 0x58, 0x97, 0xff, 0xe8, 0xde, 0xe4, 0xcf,
    0xec, 0xfe, 0x69, 0xc7, 0x56, 0xf7, 0xe3, 0x2e, 0xe2, 0xdf, 0xde, 0xff, 0x17, 0x0e, 0xf4, 0x0a,
    0xb4, 0xf4, 0x22, 0x29, 0xfe, 0x91, 0x7f, 0x04, 0x0b, 0x2e, 0xb7, 0x21, 0xdc, 0xc1, 0xdf, 0x9f,
    0xf8, 0xfa, 0x4b, 0xcb, 0x5f, 0xdf, 0xd6, 0x2e, 0xe3, 0xc1, 0xdd, 0x07, 0x12, 0x0f, 0xb6, 0x0d,
    0xcb, 0xe8, 0x15, 0x0e, 0x0c, 0xa5, 0x7f, 0x05, 0x08, 0x0d, 0xd6, 0x48, 0xc8, 0xb2, 0x13, 0x85,
    0x21, 0xf9, 0x40, 0xb4, 0x7f, 0xd2, 0xdc, 0xec, 0xeb, 0xcc, 0xdf, 0x4f, 0xfe, 0xf0, 0x9c, 0x29,
    0xe8, 0xf1, 0x1a, 0xf5, 0x3e, 0xa3, 0x25, 0x2f, 0xf3, 0xf1, 0x00, 0x50, 0xe2, 0xc5, 0x0f, 0x81,
    0xed, 0x02, 0x37, 0xe8, 0x26, 0xdc, 0xfd, 0xf7, 0x07, 0xc6, 0xf4, 0x0e, 0x08, 0xf0, 0xa1, 0x06,
    0xe5, 0xe1, 0x06, 0xfa, 0x41, 0xb4, 0xe8, 0x05, 0x13, 0xea, 0x10, 0x3a, 0x02, 0xdd, 0xd1, 0x8b,
    0xc3, 0x08, 0x4e, 0xf7, 0xf3, 0xce, 0x0d, 0x0d, 0x30, 0xb8, 0xfc, 0xfb, 0xf0, 0x15, 0xa2, 0xfa,
    0xe9, 0x8a, 0xf2, 0x18, 0x28, 0x9c, 0x07, 0xd1, 0x7f, 0xe2, 0x12, 0x46, 0xf3, 0xf1, 0xf9, 0x8d,
    0xd4, 0xfd, 0x5e, 0xe5, 0x0f, 0x96, 0x01, 0xe7, 0x1e, 0xae, 0x09, 0xf2, 0xe4, 0x04, 0x97, 0x08,
    0x1f, 0x85, 0xf1, 0x42, 0x51, 0x87, 0xe0, 0xdc, 0x7f, 0xcb, 0x4e, 0x38, 0x04, 0x08, 0x3f, 0xa3,
    0xb2, 0xfe, 0x37, 0x01, 0xf6, 0xb7, 0x07, 0xee, 0x09, 0xcc, 0x16, 0x03, 0xf5, 0xd4, 0x8f, 0xf0,
    0x04, 0x8f, 0xdb, 0x54, 0x52, 0xb0, 0xc1, 0xe0, 0x7f, 0xd3, 0x36, 0x46, 0xd4, 0x05, 0x18, 0xcf,
    0xbf, 0x01, 0x23, 0x1a, 0xe0, 0xcb, 0x11, 0xc6, 0xfa, 0xcd, 0x11, 0x16, 0x10, 0xef, 0x91, 0xed,
    0x1d, 0xbe, 0xe5, 0x7f, 0x5f, 0xcd, 0xa5, 0xe5, 0x48, 0xda, 0x3b, 0x1f, 0x53, 0x0b, 0xd5, 0xdd,
    0x89, 0xf9, 0x2b, 0x1d, 0xe1, 0xe7, 0x31, 0xe7, 0xee, 0xbb, 0x0a, 0xf7, 0xe9, 0x18, 0x97, 0x09,
    0xf8, 0x93, 0x8f, 0x7f, 0x28, 0xcb, 0xc6, 0xc0, 0x7d, 0xf3, 0x3e, 0x43, 0x5e, 0x0f, 0xf1, 0xe4,
    0x8b, 0xfc, 0x23, 0x11, 0xfe, 0xec, 0x31, 0xdb, 0x14, 0xf1, 0x0d, 0xf9, 0xda, 0x04, 0xa7, 0x0b,
    0xf8, 0x90, 0xa5, 0x64, 0x1c, 0xce, 0xcf, 0xec, 0x7f, 0xec, 0x1c, 0x56, 0x79, 0x4e, 0x23, 0xa1,
    0xa6, 0xfa, 0x2b, 0x33, 0x1e, 0x17, 0x09, 0xc7, 0xeb, 0x05, 0xfc, 0xf0, 0xbe, 0xe6, 0x8a, 0x22,
    0xda, 0xa7, 0xc1, 0x66, 0x34, 0xb9, 0xdb, 0xd6, 0x6b, 0xba, 0x2e, 0x7f, 0x15, 0x7f, 0x07, 0xa0,
    0xe4, 0xfb, 0x26, 0x37, 0x0e, 0x3b, 0xca, 0xdb, 0xd6, 0xfc, 0xe6, 0xe8, 0xc0, 0xfd, 0xd3, 0x3a,
    0xda, 0xca, 0x13, 0x4c, 0x35, 0xce, 0xfe, 0xc7, 0x4c, 0xca, 0x3e, 0x37, 0x0a, 0x7f, 0xfc, 0xe5,
    0xeb, 0xfd, 0x17, 0x1d, 0x19, 0x17, 0xd0, 0xfe, 0xe3, 0x05, 0xeb, 0xdd, 0xd6, 0x05, 0x0a, 0x34,
    0xe7, 0xc3, 0x0a, 0x06, 0x09, 0xe6, 0xf2, 0xf8, 0x52, 0xdf, 0x20, 0x07, 0x15, 0x7f, 0x05, 0xd4,
    0xde, 0xfd, 0x1a, 0x1f, 0x1d, 0x29, 0xc9, 0x09, 0x01, 0x08, 0xec, 0xd7, 0xd2, 0xff, 0xfe, 0x28,
    0xdd, 0xa7, 0x10, 0x1c, 0x25, 0xdd, 0xe6, 0xfc, 0x74, 0xc6, 0x1e, 0x17, 0x34, 0x67, 0x00, 0xc5,
    0xd5, 0xf6, 0x24, 0x44, 0x20, 0x7f, 0xe8, 0x24, 0xf1, 0x03, 0xe8, 0xc7, 0xc4, 0x02, 0xfb, 0x3d,
    0xca, 0xbd, 0x05, 0x23, 0xfd, 0xd9, 0xc9, 0x7a, 0x5b, 0xb3, 0x27, 0x1f, 0x18, 0x36, 0xfe, 0xcd,
    0xe3, 0xfa, 0x1d, 0x2e, 0x11, 0x2b, 0xeb, 0x34, 0xf2, 0xe9, 0xef, 0xe6, 0xd7, 0x04, 0x08, 0x28,
    0xde, 0xdf, 0x12, 0x6d, 0x02, 0xe1, 0xbc, 0x7f, 0x2d, 0xc0, 0x1d, 0x14, 0xfe, 0x12, 0x0a, 0xd5,
    0x0b, 0xfd, 0x13, 0x1b, 0x04, 0x11, 0xf0, 0x49, 0xfb, 0xe0, 0xfc, 0xf5, 0xed, 0xfb, 0x04, 0x02,
    0xec, 0xe5, 0x27, 0x7f, 0xfa, 0xe6, 0xcc, 0x53, 0x22, 0xc6, 0x0f, 0x13, 0x01, 0x1b, 0x15, 0xf2,
    0xf7, 0xf7, 0x1b, 0x32, 0x2b, 0x01, 0xe6, 0x7f, 0xf6, 0xd8, 0xf1, 0xc9, 0xe6, 0xf4, 0x1e, 0x0a,
    0xcb, 0xd6, 0x20, 0x64, 0xd3, 0xda, 0xd9, 0x7a, 0x35, 0xa1, 0x0f, 0x10, 0x01, 0x0f, 0xfa, 0x18,
    0xf5, 0xf8, 0x16, 0x26, 0x30, 0x01, 0xfc, 0x7f, 0xf2, 0xc3, 0xf0, 0xce, 0xfa, 0x02, 0x29, 0x0e,
    0xdf, 0xe6, 0x0c, 0x2a, 0xb7, 0xe7, 0xf6, 0x4f, 0x20, 0xb2, 0x13, 0xf0, 0xfc, 0x07, 0xfc, 0xdc,
    0x33, 0xf9, 0x0e, 0x16, 0x25, 0xfe, 0xf0, 0x7f, 0x0b, 0xb8, 0xf8, 0xe5, 0xfc, 0xff, 0x08, 0xed,
    0xf3, 0xe7, 0x18, 0x41, 0xae, 0xeb, 0x20, 0x32, 0x20, 0xc8, 0x00, 0x0c, 0xf8, 0xf6, 0x02, 0xd0,
    0x48, 0xf7, 0x10, 0x25, 0x18, 0xf7, 0xe3, 0x7f, 0x29, 0xba, 0xfb, 0xf2, 0xfe, 0xfd, 0x00, 0xe2,
    0xec, 0xd6, 0x1d, 0x3e, 0xb7, 0xe6, 0x23, 0x13, 0x34, 0xc3, 0x0e, 0x11, 0xec, 0xe8, 0x04, 0xb9,
    0x39, 0xed, 0x20, 0x49, 0x33, 0xd1, 0xbe, 0x7f, 0x49, 0xd6, 0xec, 0xe5, 0xf0, 0xfe, 0x0e, 0xf9,
    0xe0, 0xb7, 0x3a, 0x31, 0xb7, 0xcf, 0x4a, 0x01, 0x52, 0xa7, 0x32, 0x07, 0xe2, 0x2a, 0xff, 0xb5,
    0xfb, 0xe3, 0x23, 0x45, 0x41, 0xc9, 0xbd, 0x25, 0x39, 0xf0, 0xd6, 0xc8, 0xd4, 0x03, 0x0d, 0x21,
    0xeb, 0x8f, 0x22, 0x02, 0xde, 0xd6, 0x44, 0x00, 0x7f, 0xb3, 0x35, 0xff, 0xe6, 0x31, 0xff, 0x85,
    0x0f, 0xe7, 0x2a, 0x5c, 0x35, 0xb5, 0xb2, 0x24, 0x19, 0xdf, 0xe1, 0xd8, 0xca, 0x04, 0xf3, 0x28,
    0xf9, 0x97, 0x12, 0xee, 0xe7, 0xc4, 0x7f, 0xf9, 0x70, 0xa2, 0x50, 0x27, 0xdc, 0xfb, 0xf8, 0x84,
    0x11, 0xf3, 0x26, 0x32, 0x33, 0xc4, 0xe6, 0xd7, 0x07, 0xb8, 0xed, 0xff, 0xd6, 0x06, 0x05, 0x44,
    0x36, 0xcd, 0x0c, 0xd8, 0x1d, 0xc9, 0x28, 0x19, 0x2c, 0xa8, 0x7f, 0xf9, 0xec, 0xe2, 0x06, 0x81,
    0x1d, 0xe6, 0x2e, 0x5c, 0x55, 0xc0, 0xb8, 0xf6, 0xe2, 0xcd, 0xd6, 0xcd, 0xd3, 0x00, 0x26, 0x4a,
    0x1b, 0xcd, 0x15, 0xe3, 0x04, 0xc1, 0x57, 0x09, 0x25, 0x9e, 0x76, 0xf9, 0x03, 0xd9, 0x02, 0xa8,
    0x54, 0xec, 0x1e, 0x1c, 0x37, 0xcf, 0xd0, 0xf5, 0xfd, 0xf9, 0xf3, 0xd9, 0xd0, 0xfb, 0x26, 0x21,
    0x2a, 0xbb, 0xfd, 0xf5, 0xf1, 0xd5, 0x7f, 0x15, 0x3f, 0xc1, 0x58, 0xfd, 0xf4, 0xf6, 0xf2, 0xd2,
    0x1d, 0xe6, 0x1c, 0x13, 0x42, 0xcc, 0xe0, 0xe5, 0x10, 0x17, 0xfe, 0xef, 0xda, 0x03, 0x0a, 0x0f,
    0x25, 0x8e, 0xff, 0xf6, 0xf3, 0xd9, 0x3f, 0x09, 0x7f, 0xc3, 0x39, 0x0a, 0xe1, 0xcd, 0x03, 0xdd,
    0x03, 0xe7, 0x2c, 0x17, 0x7f, 0xc4, 0xdc, 0xc7, 0xe5, 0x07, 0xe7, 0xed, 0xcd, 0xfd, 0x24, 0x3c,
    0x40, 0xbb, 0x0c, 0xd9, 0x00, 0xcd, 0xf4, 0x1b, 0x53, 0xa6, 0x6c, 0xe3, 0xe7, 0xc7, 0xf3, 0xd7,
    0xe5, 0xe7, 0x26, 0x08, 0x7f, 0xc5, 0xe1, 0xe4, 0xfa, 0x16, 0xea, 0xe6, 0xcd, 0x03, 0x3d, 0x27,
    0x25, 0xce, 0x16, 0xef, 0xf7, 0xd8, 0x0e, 0x0b, 0x5d, 0xb5, 0x4c, 0xfa, 0xe5, 0xd0, 0xfb, 0xf8,
    0xe6, 0xeb, 0x1e, 0xf6, 0x7f, 0xe4, 0xd2, 0xfd, 0x0f, 0x49, 0xed, 0xd9, 0xd1, 0x00, 0x2c, 0x11,
    0xf4, 0x08, 0x0b, 0xf3, 0x00, 0xda, 0xfc, 0xfd, 0x4a, 0xc5, 0x41, 0x00, 0xc7, 0xe6, 0xf3, 0xe6,
    0xf2, 0xf1, 0x1e, 0xe8, 0x7f, 0xf0, 0xde, 0xed, 0x21, 0x37, 0xe9, 0x0a, 0xcb, 0x07, 0x10, 0x0f,
    0xf0, 0x5c, 0x11, 0xfd, 0x19, 0xd8, 0xf2, 0xff, 0x1b, 0xbd, 0x5e, 0xe2, 0xd1, 0xe0, 0xcd, 0xd0,
    0xda, 0x00, 0x1f, 0xd9, 0x7f, 0xa5, 0xfa, 0xb6, 0x44, 0x06, 0xfb, 0x39, 0xbf, 0x18, 0xfd, 0x04,
    0x41, 0x6f, 0x15, 0x23, 0x05, 0xc9, 0xf5, 0x0f, 0x78, 0xb2, 0x08, 0x5a, 0xe6, 0x6c, 0xef, 0xf4,
    0xd5, 0xee, 0x15, 0x1b, 0x46, 0xdb, 0xe1, 0xea, 0x7f, 0xf8, 0xe0, 0x23, 0xd4, 0x0f, 0x08, 0x1b,
    0xf8, 0x53, 0x0f, 0x14, 0xef, 0xe1, 0x0b, 0xf2, 0x3b, 0xdb, 0x07, 0x14, 0xeb, 0x7f, 0xdf, 0xea,
    0xdd, 0xe9, 0x1c, 0x2f, 0x50, 0xd7, 0xe2, 0xd1, 0x67, 0xee, 0xd5, 0x3a, 0xd6, 0x1a, 0xff, 0x23,
    0x03, 0x43, 0x20, 0xfc, 0xf0, 0xdc, 0x03, 0xf3, 0x30, 0xcd, 0xe9, 0x26, 0x15, 0x01, 0xf3, 0xfa,
    0xe8, 0xfc, 0x09, 0x29, 0x05, 0xf1, 0x13, 0xc9, 0x7f, 0xd1, 0xfd, 0x3d, 0xed, 0x07, 0xed, 0xfd,
    0x3d, 0x17, 0x26, 0xf4, 0x01, 0xec, 0xfa, 0xfb, 0x12, 0xe7, 0xb4, 0x50, 0x1c, 0x05, 0xfb, 0xf6,
    0xe3, 0x01, 0x07, 0x0d, 0x1b, 0xeb, 0x27, 0xc6, 0x65, 0xcf, 0xfc, 0xfe, 0xe9, 0x02, 0x09, 0xfd,
    0x43, 0x12, 0x4a, 0x02, 0xf5, 0xf5, 0xfc, 0xe6, 0x19, 0xe7, 0x81, 0x76, 0x14, 0x02, 0xf6, 0xfa,
    0xfe, 0x00, 0x06, 0xf9, 0x2b, 0xe4, 0x23, 0xc4, 0x43, 0xd4, 0xfe, 0x0d, 0xec, 0x03, 0xff, 0xf4,
    0x42, 0x15, 0x5e, 0x02, 0xf3, 0xf6, 0xfd, 0xec, 0x11, 0xe4, 0x81, 0x78, 0x20, 0x01, 0xf0, 0xea,
    0x03, 0xff, 0x0a, 0x0d, 0x29, 0xec, 0x31, 0xbb, 0x4d, 0xcf, 0xfe, 0x0c, 0xfc, 0x06, 0xd9, 0xf8,
    0x40, 0x13, 0x7f, 0xda, 0xf5, 0xf0, 0xf8, 0x0d, 0x02, 0xda, 0x97, 0x68, 0x51, 0xf9, 0xed, 0xeb,
    0x63, 0xf3, 0x14, 0x20, 0x38, 0xe6, 0x18, 0x9c, 0x3a, 0xc3, 0xf3, 0xc4, 0x04, 0x07, 0xd6, 0xfa,
    0x41, 0x14, 0x7f, 0xa5, 0x03, 0xe0, 0xe1, 0x2c, 0xf6, 0xc2, 0xb0, 0x6a, 0x42, 0xf9, 0xcf, 0xc3,
    0x47, 0xf6, 0x1c, 0x0a, 0x2a, 0xca, 0x0a, 0xcc, 0x16, 0xc5, 0xf8, 0xed, 0x1a, 0x18, 0xb5, 0xf4,
    0x1d, 0x01, 0x7f, 0xd6, 0x15, 0xdd, 0x09, 0x42, 0x02, 0xc2, 0xcb, 0x4f, 0xee, 0x06, 0x04, 0xd5,
    0x3a, 0xee, 0x1f, 0xbe, 0x07, 0x3a, 0x6c, 0x81, 0xf3, 0xde, 0xcd, 0xd3, 0x51, 0x22, 0xff, 0xf5,
    0xa8, 0xdb, 0xe6, 0x4e, 0x37, 0xef, 0xea, 0x52, 0x2b, 0x5c, 0x97, 0x82, 0x05, 0xfd, 0x33, 0x10,
    0x0b, 0xf0, 0x00, 0xde, 0xdd, 0xf4, 0x15, 0x05, 0xff, 0x12, 0xda, 0x00, 0xfc, 0x7f, 0xea, 0xd3,
    0x24, 0xf2, 0xf0, 0xea, 0xfa, 0xf8, 0xee, 0xfc, 0x08, 0xf0, 0x07, 0x18, 0x09, 0xfd, 0x36, 0x17,
    0x0a, 0xed, 0xfe, 0xdb, 0xd9, 0xef, 0x11, 0x0d, 0x00, 0x1b, 0xcf, 0x04, 0xf6, 0x7f, 0xe7, 0xca,
    0x32, 0xed, 0xef, 0xe4, 0xf7, 0xf8, 0xed, 0xf7, 0x0c, 0xea, 0x11, 0x26, 0x0c, 0x11, 0x15, 0x28,
    0x16, 0xd5, 0xfb, 0xc5, 0xd8, 0xf4, 0x21, 0x0b, 0xf2, 0x2c, 0x81, 0x15, 0x09, 0x1a, 0xdc, 0xb7,
    0x48, 0xcd, 0xf3, 0xf4, 0xfe, 0xfa, 0xee, 0x0a, 0x30, 0xf9, 0x1d, 0x2f, 0x0a, 0x15, 0xff, 0x24,
    0x16, 0xd7, 0xfe, 0xc9, 0xe2, 0xf9, 0x1f, 0x08, 0xf0, 0x29, 0x81, 0x13, 0x0d, 0xea, 0xdf, 0xbf,
    0x3f, 0xce, 0xf7, 0xfc, 0x01, 0xfa, 0xf3, 0x0d, 0x2f, 0xff, 0x1b, 0x29, 0x02, 0x29, 0xf6, 0x32,
    0x15, 0xdd, 0x24, 0xc5, 0xdb, 0xe3, 0x0a, 0x23, 0xef, 0x6d, 0x8a, 0xc3, 0xc3, 0x14, 0xce, 0x81,
    0x6d, 0xf3, 0xe9, 0xbb, 0xe4, 0xb0, 0xdf, 0xcd, 0xf0, 0xc0, 0x36, 0x76, 0x0b, 0x0d, 0x1e, 0x50,
    0xb0, 0x23, 0x3d, 0xdb, 0xbf, 0xea, 0xd3, 0x62, 0x0e, 0x65, 0x4f, 0x10, 0xb8, 0xf7, 0xf1, 0x95,
    0x6c, 0x3e, 0x12, 0xc6, 0xec, 0xa5, 0x11, 0xd9, 0xcc, 0xe2, 0x3e, 0x7f, 0x1b, 0x18, 0x31, 0x57,
    0xb0, 0x2c, 0x38, 0xca, 0xd9, 0xe9, 0xd0, 0x7f, 0x15, 0x68, 0x51, 0x37, 0xd3, 0xda, 0x08, 0x9c,
    0x61, 0x36, 0x20, 0xcb, 0xe2, 0xb3, 0x1b, 0xe5, 0xd2, 0xe9, 0x4d, 0x74, 0x19, 0x1c, 0xf2, 0x55,
    0xaa, 0x2f, 0x42, 0xb8, 0xcd, 0xf0, 0xd9, 0x7f, 0x16, 0x57, 0x40, 0x49, 0xe7, 0xfa, 0x10, 0x9d,
    0x60, 0x2a, 0x2f, 0xd4, 0xe9, 0xb5, 0x23, 0xe6, 0xdd, 0xfb, 0x37, 0x73, 0x12, 0x1c, 0xe3, 0x49,
    0xa6, 0x2d, 0x7f, 0x87, 0xbe, 0x19, 0x07, 0x63, 0xff, 0x34, 0x2f, 0x3b, 0x19, 0x04, 0x2a, 0xa9,
    0x25, 0x23, 0x34, 0xfb, 0xf5, 0x94, 0x32, 0x01, 0xed, 0x46, 0xef, 0x31, 0xf5, 0x16, 0x7f, 0x08,
    0xfa, 0x14, 0x5c, 0xb6, 0xef, 0x2f, 0x3a, 0xea, 0xfa, 0x0b, 0x0e, 0xeb, 0x32, 0xb2, 0x15, 0xd5,
    0xd5, 0x13, 0x10, 0x25, 0x18, 0xad, 0x0c, 0x23, 0xf8, 0x51, 0xc2, 0xd3, 0xfc, 0x1e, 0x63, 0x0f,
    0xf3, 0x1a, 0x7f, 0x98, 0xec, 0x46, 0x46, 0xf0, 0xff, 0x1a, 0x0e, 0xf3, 0x43, 0xbe, 0x1f, 0xc9,
    0xcd, 0x16, 0x19, 0x28, 0x1b, 0x8e, 0x1f, 0x26, 0xf6, 0x78, 0xb8, 0xcf, 0x07, 0x25, 0xce, 0x1a,
    0xd7, 0x1d, 0x7f, 0x8c, 0xe8, 0x45, 0x27, 0x18, 0xfa, 0x29, 0x09, 0x0f, 0x38, 0x01, 0x21, 0xcb,
    0xe1, 0x10, 0x21, 0x1a, 0x0e, 0x9b, 0x34, 0x18, 0x02, 0x73, 0xd0, 0xe5, 0x06, 0x27, 0x99, 0x2d,
    0xc1, 0x21, 0x7f, 0x9b, 0xe1, 0x32, 0x1c, 0x24, 0xf8, 0x23, 0x13, 0x0e, 0x2c, 0x1c, 0x22, 0xc2,
    0xf0, 0x17, 0x1f, 0x11, 0x04, 0x92, 0x30, 0x0e, 0x00, 0x5a, 0xce, 0xfe, 0x0d, 0x25, 0xa5, 0x45,
    0xb0, 0x33, 0x7a, 0xb4, 0xd2, 0x17, 0xfb, 0x4f, 0x09, 0x3a, 0x2c, 0x14, 0xfa, 0x20, 0x15, 0xaa,
    0x2a, 0x31, 0x1c, 0xe4, 0xe9, 0x81, 0x2d, 0xe5, 0xdb, 0x2c, 0xf5, 0x47, 0x1b, 0x1a, 0xf8, 0x38,
    0xaf, 0x37, 0x7c, 0xb8, 0xdc, 0x17, 0x13, 0x46, 0x13, 0x50, 0x3b, 0x1c, 0xf0, 0x08, 0x0c, 0x93,
    0x3a, 0x37, 0x12, 0xe5, 0xf4, 0x81, 0x28, 0xeb, 0xcd, 0x24, 0xf8, 0x5d, 0x05, 0x10, 0x2f, 0x24,
    0xd4, 0x2a, 0x7f, 0xb0, 0xe1, 0x2c, 0x30, 0x19, 0x0b, 0x30, 0x1e, 0x07, 0x1c, 0xe5, 0x1b, 0xb5,
    0x08, 0x2f, 0x15, 0x07, 0x0c, 0x8c, 0x27, 0x0c, 0xda, 0x45, 0xd5, 0x07, 0x01, 0x16, 0x28, 0x21,
    0xe9, 0x27, 0x7f, 0xac, 0xe4, 0x2d, 0x2a, 0x07, 0x08, 0x29, 0x20, 0x06, 0x22, 0xcc, 0x14, 0xb1,
    0xfa, 0x22, 0x18, 0x0c, 0x13, 0x8a, 0x1c, 0x15, 0xe5, 0x4c, 0xde, 0xf7, 0x03, 0x12, 0x15, 0x38,
    0xd9, 0x36, 0x65, 0xbb, 0xc6, 0x1b, 0x1c, 0x20, 0x20, 0x4a, 0x44, 0x09, 0xf3, 0xb9, 0x03, 0x81,
    0x3d, 0x3e, 0x16, 0xe5, 0x02, 0x82, 0x12, 0xf4, 0xc1, 0x1a, 0x0a, 0x45, 0x0a, 0xfe, 0x45, 0x3c,
    0xed, 0x2a, 0x2e, 0xdb, 0xcc, 0xea, 0x01, 0x37, 0x31, 0x55, 0x4f, 0x14, 0xce, 0xbb, 0xe2, 0x81,
    0x74, 0x44, 0x01, 0xd5, 0xf2, 0xbd, 0xf9, 0xd8, 0xb6, 0xd5, 0x3c, 0x7c, 0x17, 0x04, 0x29, 0x3d,
    0xd0, 0x21, 0x37, 0xe3, 0xcf, 0xee, 0xf3, 0x58, 0x20, 0x41, 0x45, 0x26, 0xd7, 0xd6, 0xf0, 0xa1,
    0x6c, 0x35, 0x08, 0xd4, 0xe8, 0xce, 0x11, 0xd5, 0xc8, 0xe2, 0x36, 0x7f, 0x0c, 0x10, 0x92, 0x48,
    0xbb, 0x22, 0x56, 0xbc, 0xc2, 0xf5, 0xe8, 0x60, 0x12, 0x59, 0x42, 0x1b, 0xd4, 0x36, 0xee, 0x81,
    0x6c, 0x33, 0x0a, 0xd3, 0xe6, 0xa0, 0x1d, 0xd6, 0xcc, 0xf3, 0x40, 0x76, 0x02, 0x07, 0x81, 0x20,
    0xea, 0x0f, 0x29, 0xda, 0xdb, 0xf9, 0xfb, 0x28, 0x0b, 0x30, 0x14, 0x07, 0xea, 0x45, 0xf1, 0xbb,
    0x32, 0x0e, 0x02, 0xe5, 0xf3, 0xcb, 0x04, 0xeb, 0xef, 0xf8, 0x1b, 0x39, 0xfd, 0x07, 0x81, 0x15,
    0xf0, 0x0b, 0x31, 0xd3, 0xe2, 0xf9, 0x0d, 0x1e, 0x05, 0x2a, 0x0a, 0x08, 0xf5, 0x40, 0xf7, 0xc1,
    0x23, 0x0f, 0x04, 0xf0, 0xfa, 0xc5, 0x00, 0xf7, 0xf5, 0xfe, 0x0b, 0x27, 0xf9, 0x17, 0x9c, 0x1c,
    0xf6, 0x19, 0x7f, 0x9b, 0xd7, 0x24, 0x41, 0x0b, 0xff, 0x33, 0x05, 0x04, 0x29, 0x2e, 0x15, 0xab,
    0xf4, 0x20, 0x1a, 0x0d, 0x0e, 0x87, 0x13, 0x1d, 0xee, 0x46, 0xc8, 0xf7, 0xf9, 0x19, 0x5d, 0x14,
    0xfe, 0x1c, 0x7f, 0xaa, 0xe9, 0x3f, 0x4c, 0xea, 0xfb, 0x0d, 0x08, 0xf2, 0x42, 0xc6, 0x26, 0xd5,
    0xcc, 0x13, 0x1e, 0x2b, 0x1d, 0x97, 0x1b, 0x25, 0xf8, 0x68, 0xab, 0xbf, 0xfe, 0x1a, 0x74, 0x10,
    0xfa, 0x1d, 0x7f, 0xae, 0xf0, 0x3e, 0x47, 0xec, 0xf9, 0x0a, 0x06, 0xef, 0x3f, 0xbb, 0x2c, 0xd8,
    0xcd, 0x15, 0x1c, 0x2a, 0x1b, 0x9a, 0x21, 0x22, 0xf6, 0x66, 0xac, 0xc8, 0xf6, 0x16, 0x74, 0x07,
    0xef, 0x1b, 0x7f, 0xbf, 0xfd, 0x2e, 0x30, 0xfa, 0xf6, 0x15, 0x04, 0xee, 0x2d, 0xb7, 0x27, 0xd9,
    0xd6, 0x1d, 0x1f, 0x22, 0x1b, 0x9b, 0x20, 0x17, 0xee, 0x56, 0xc1, 0xe0, 0xf0, 0x07, 0x7f, 0x17,
    0xff, 0x17, 0x5b, 0xec, 0xf1, 0xfb, 0x16, 0x10, 0x06, 0x2d, 0x15, 0xcf, 0xf3, 0xa0, 0x0c, 0xc3,
    0x00, 0x31, 0x0d, 0xf7, 0xff, 0xa9, 0xf3, 0xf2, 0xcb, 0xfc, 0xfa, 0x0d, 0xe5, 0xed, 0x6d, 0x15,
    0x53, 0x16, 0x27, 0x05, 0xd5, 0xc3, 0x3c, 0xf0, 0x2d, 0x4b, 0x2b, 0x99, 0xb7, 0x90, 0xd6, 0x81,
    0x52, 0x44, 0xe1, 0xca, 0xf1, 0xb2, 0x93, 0xd2, 0xa3, 0x86, 0x3b, 0x39, 0xe7, 0xe7, 0x4f, 0x02,
    0x63, 0x0e, 0x11, 0x09, 0xc9, 0xca, 0x34, 0xe5, 0x30, 0x4b, 0x27, 0x98, 0xaf, 0xa3, 0xc5, 0x81,
    0x4d, 0x32, 0xd6, 0xbe, 0xfd, 0xc2, 0x95, 0xd3, 0xb4, 0x87, 0x42, 0x3f, 0xee, 0xf1, 0x0f, 0x19,
    0x3b, 0x0c, 0x2b, 0xf3, 0xce, 0xce, 0x2e, 0xef, 0x24, 0x62, 0x1d, 0xae, 0xc3, 0xd2, 0xcc, 0x81,
    0x47, 0x30, 0xe7, 0xbc, 0xef, 0xb2, 0xab, 0xdb, 0xbb, 0x96, 0x3a, 0x36, 0xf6, 0xf4, 0xa0, 0x59,
    0xe0, 0x0c, 0x35, 0xfc, 0xea, 0xda, 0x1a, 0x0a, 0x15, 0x7f, 0x1d, 0xd6, 0xe0, 0x28, 0xe3, 0xa2,
    0x52, 0x2a, 0x0a, 0xc9, 0xc6, 0xb8, 0xd0, 0xe2, 0xcc, 0xa0, 0x0f, 0x4b, 0xfa, 0xfe, 0x81, 0x31,
    0xde, 0x14, 0x27, 0xf1, 0xed, 0xed, 0x00, 0x1a, 0x14, 0x56, 0x20, 0xef, 0xd9, 0x46, 0xe0, 0xb3,
    0x4d, 0x1b, 0x01, 0xd4, 0xe7, 0xc3, 0xf5, 0xd7, 0xdf, 0xcc, 0x1b, 0x51, 0xfe, 0x03, 0x81, 0x15,
    0xe0, 0x0d, 0x1d, 0xe3, 0xf8, 0xfc, 0xf1, 0x1d, 0x05, 0x36, 0x12, 0x08, 0xe7, 0x47, 0xed, 0xcf,
    0x32, 0x0e, 0x06, 0xe0, 0xf9, 0xda, 0x0a, 0xe9, 0xf1, 0xf6, 0x1d, 0x34, 0xfc, 0x08, 0x81, 0x0d,
    0xe4, 0x08, 0x1e, 0xe1, 0xf6, 0xfb, 0xf9, 0x17, 0xfd, 0x1c, 0x02, 0x04, 0xf6, 0x47, 0xff, 0xe2,
    0x1d, 0x0b, 0x08, 0xec, 0xfd, 0xde, 0x0a, 0xf8, 0xf6, 0x03, 0x0e, 0x18, 0xfe, 0x07, 0x81, 0x09,
    0xea, 0x0b, 0x2a, 0xdd, 0xf2, 0xfd, 0x0a, 0x11, 0xff, 0x25, 0x03, 0x05, 0xff, 0x42, 0x07, 0xde,
    0x18, 0x0d, 0x0e, 0xf4, 0xfc, 0xd3, 0x11, 0xfd, 0xf5, 0x03, 0x02, 0x16, 0x00, 0x05, 0x81, 0x1d,
    0xf0, 0x11, 0x3f, 0xd9, 0xef, 0xfe, 0x0d, 0x1b, 0x04, 0x46, 0x15, 0x08, 0xfa, 0x3e, 0x01, 0xcc,
    0x1e, 0x14, 0x14, 0xe9, 0xfa, 0xbb, 0x0d, 0x00, 0xea, 0x00, 0x0f, 0x1f, 0xfc, 0x02, 0x8d, 0x38,
    0xf4, 0x27, 0x76, 0xc4, 0xce, 0xff, 0x1e, 0x2d, 0x07, 0x75, 0x38, 0x06, 0xe0, 0x24, 0xf3, 0x96,
    0x4a, 0x32, 0x11, 0xbc, 0xee, 0x81, 0x07, 0xe9, 0xc4, 0xed, 0x2a, 0x35, 0x08, 0x07, 0xf5, 0x26,
    0xff, 0x2c, 0x7a, 0xc0, 0xca, 0xfc, 0x32, 0x2d, 0x11, 0x6d, 0x35, 0xf4, 0xed, 0xe1, 0xfd, 0x96,
    0x37, 0x37, 0x17, 0xc4, 0xf8, 0x81, 0x03, 0xea, 0xc9, 0xed, 0x1a, 0x3c, 0x04, 0x15, 0x55, 0x34,
    0xf6, 0x32, 0x7f, 0xc5, 0xd8, 0x06, 0x28, 0x22, 0x15, 0x5d, 0x3c, 0xf0, 0x04, 0xa7, 0x07, 0xa1,
    0x2a, 0x3f, 0x22, 0xee, 0xfb, 0x87, 0x12, 0xfb, 0xc7, 0x0a, 0x0a, 0x27, 0xfa, 0x13, 0x56, 0x49,
    0xe0, 0x30, 0x7f, 0xc8, 0xd9, 0x0c, 0x06, 0x38, 0x0e, 0x49, 0x3f, 0x08, 0xfc, 0xad, 0x0c, 0xb3,
    0x2e, 0x41, 0x23, 0xe4, 0xf1, 0x95, 0x1f, 0xe6, 0xc5, 0x0c, 0x09, 0x2d, 0xf7, 0x0b, 0x77, 0x2b,
    0xfa, 0x2e, 0x7f, 0xca, 0xd8, 0x0f, 0x0d, 0x19, 0x16, 0x47, 0x37, 0xfc, 0xe5, 0xa3, 0x00, 0x9c,
    0x2c, 0x3d, 0x0c, 0xdf, 0xff, 0x8a, 0x0b, 0xd8, 0xc7, 0x04, 0xfb, 0x39, 0xe9, 0xfc, 0x7f, 0x01,
    0x20, 0x23, 0x5e, 0xe0, 0xe3, 0xfc, 0x34, 0xe9, 0x14, 0x48, 0x2b, 0xe3, 0xed, 0x9d, 0xf9, 0xab,
    0x15, 0x39, 0x0c, 0xf7, 0x15, 0xa3, 0xe7, 0xf4, 0xc3, 0xef, 0x12, 0x07, 0xdb, 0xfd, 0x5a, 0x3d,
    0xfc, 0x27, 0x60, 0xfb, 0xfe, 0xdf, 0x43, 0xec, 0x12, 0x7f, 0x40, 0xdc, 0xf2, 0x9a, 0xeb, 0xa2,
    0x3c, 0x40, 0x1c, 0xf4, 0xf3, 0x8a, 0xd5, 0xf2, 0xb0, 0xb6, 0x15, 0x2d, 0xe1, 0xfc, 0x1c, 0x58,
    0xda, 0x1b, 0x49, 0x0d, 0x11, 0xe8, 0x30, 0xf2, 0x09, 0x7f, 0x30, 0xda, 0x02, 0xc2, 0xf0, 0xbc,
    0x3b, 0x31, 0x1e, 0x00, 0xdb, 0xac, 0xd8, 0xf2, 0xcd, 0xb2, 0xf4, 0x31, 0xf2, 0xfe, 0x15, 0x50,
    0xd0, 0x10, 0x33, 0x0e, 0x0e, 0xfc, 0x17, 0xee, 0x06, 0x7f, 0x15, 0xd0, 0x0d, 0xe0, 0xf9, 0xdb,
    0x17, 0x1c, 0x14, 0x05, 0xd4, 0xcc, 0xea, 0x0e, 0xe5, 0xcc, 0xd4, 0x1f, 0xf3, 0xfe, 0xe9, 0x56,
    0xc7, 0x07, 0x2b, 0x05, 0x0c, 0x06, 0x0a, 0xec, 0xfc, 0x7f, 0x09, 0xde, 0x17, 0x07, 0x03, 0xf3,
    0x0a, 0x14, 0x1d, 0x0e, 0xd1, 0xd8, 0xf5, 0x1c, 0xf2, 0xe3, 0xd3, 0x08, 0xef, 0xfc, 0xc3, 0x5d,
    0xe1, 0x06, 0x21, 0x0f, 0x16, 0xff, 0x1b, 0xdb, 0xf8, 0x7f, 0x03, 0xec, 0x23, 0x22, 0x00, 0xfc,
    0x16, 0x0c, 0x2a, 0x0f, 0xd1, 0xe1, 0xec, 0x1a, 0xfa, 0xd5, 0xde, 0xf7, 0xed, 0xfa, 0xcd, 0x6c,
    0xfd, 0x04, 0x1c, 0x1c, 0x27, 0xfc, 0x2a, 0xbf, 0xf9, 0x7f, 0x04, 0xfe, 0x28, 0x1d, 0xf3, 0x05,
    0x2b, 0x09, 0x2e, 0x05, 0xc9, 0xe3, 0xe6, 0x1e, 0xf8, 0xc4, 0xe2, 0xee, 0xe3, 0xfb, 0xdf, 0x79,
    0x13, 0x06, 0x20, 0x2c, 0x33, 0xf8, 0x45, 0xa0, 0xfa, 0x7f, 0x04, 0x12, 0x2d, 0x15, 0xed, 0x0b,
    0x42, 0x0f, 0x3d, 0xff, 0xc8, 0xe1, 0xd6, 0x22, 0xf0, 0xb3, 0xec, 0xdd, 0xdf, 0xf7, 0xdc, 0x2f,
    0x1a, 0x07, 0x28, 0x2e, 0xf9, 0x02, 0x56, 0xa4, 0xf9, 0x7f, 0x07, 0x3d, 0x0b, 0x0c, 0x00, 0x19,
    0x38, 0x18, 0x34, 0xd5, 0xfd, 0xcf, 0xeb, 0x51, 0xe5, 0xb3, 0x24, 0xd7, 0xdc, 0xea, 0xe9, 0x38,
    0x19, 0x04, 0x28, 0x2c, 0xe7, 0x18, 0x4c, 0x81, 0xf0, 0x7b, 0x07, 0x17, 0x05, 0xff, 0xe9, 0x1a,
    0x4f, 0x1b, 0x3d, 0xbb, 0xfc, 0xc2, 0xcf, 0x5e, 0xda, 0xb0, 0x29, 0xcd, 0xf5, 0xf7, 0xf5, 0x1c,
    0x07, 0x06, 0x2b, 0x20, 0x15, 0xfc, 0x35, 0xa8, 0xf6, 0x7f, 0x03, 0x3c, 0x08, 0xfd, 0xd8, 0x17,
    0x1f, 0x15, 0x36, 0xf3, 0xee, 0xca, 0xf3, 0x48, 0xe6, 0xb7, 0xfe, 0x01, 0xc6, 0xec, 0xcf, 0xb7,
    0xfb, 0x08, 0x42, 0xee, 0xe4, 0x04, 0x2c, 0x98, 0xdc, 0x39, 0xfb, 0x65, 0xcc, 0x18, 0x03, 0x47,
    0x4a, 0x16, 0x32, 0xb2, 0x45, 0xbc, 0xbc, 0x7f, 0xd2, 0xc3, 0x7d, 0xc9, 0xd0, 0xc1, 0x8c, 0x05,
    0xe0, 0x10, 0x47, 0x06, 0xfc, 0xee, 0x21, 0xa3, 0xd5, 0x7f, 0xf9, 0x08, 0xd4, 0x4f, 0x04, 0x1f,
    0x74, 0x29, 0x30, 0xb5, 0x16, 0xb1, 0xc6, 0x54, 0xb4, 0xab, 0x67, 0xe4, 0xe5, 0xaf, 0xc3, 0x25,
    0xf4, 0x13, 0x32, 0x1c, 0x1c, 0xd7, 0x02, 0xee, 0xe5, 0x7f, 0xfd, 0xe5, 0xd8, 0x31, 0x03, 0xec,
    0x5e, 0x2e, 0x29, 0xc8, 0xea, 0xbe, 0xf0, 0xf0, 0xab, 0xa3, 0x37, 0x2a, 0xe5, 0x96, 0x14, 0x12,
    0x05, 0x1f, 0x4e, 0x18, 0x06, 0xcf, 0x01, 0x16, 0xe8, 0x7f, 0x0c, 0xf8, 0xce, 0xf9, 0x06, 0xda,
    0x5e, 0x40, 0x37, 0xb2, 0xf3, 0xa3, 0xf2, 0xd7, 0x95, 0x94, 0x44, 0x43, 0xf9, 0xc6, 0xf4, 0x32,
    0xf8, 0x22, 0x57, 0x25, 0xeb, 0xe1, 0xff, 0x2d, 0xf8, 0x7f, 0x1b, 0xe9, 0xdf, 0xf6, 0xfe, 0xc8,
    0x43, 0x40, 0x22, 0xbd, 0xdd, 0xa1, 0x03, 0xc5, 0xb2, 0x9e, 0x1c, 0x53, 0xee, 0xcf, 0x0e, 0x17,
    0x12, 0x15, 0x43, 0x47, 0xc5, 0xf3, 0x0e, 0x10, 0x08, 0x7f, 0x19, 0x10, 0xff, 0xea, 0xe4, 0xc9,
    0x1a, 0x33, 0x18, 0xcb, 0xdc, 0xac, 0x0d, 0xce, 0xb9, 0xa6, 0x00, 0x36, 0xd4, 0xca, 0x00, 0xea,
    0x74, 0x17, 0x4b, 0x7b, 0x82, 0xf3, 0x2d, 0x10, 0x19, 0x68, 0x25, 0x5d, 0x2a, 0xe9, 0xb2, 0xc3,
    0x06, 0x34, 0x13, 0xaa, 0xe2, 0x99, 0x09, 0xbb, 0xba, 0x81, 0x02, 0x32, 0xd4, 0xdf, 0x06, 0x21,
    0x62, 0x11, 0x4a, 0x43, 0xb4, 0x0c, 0x38, 0xe7, 0x0f, 0x7f, 0x1d, 0x4a, 0x20, 0xe9, 0xcc, 0xcd,
    0x0c, 0x34, 0x1a, 0xc2, 0xd8, 0x9c, 0xfe, 0xcd, 0xc4, 0x8a, 0xf6, 0x0c, 0xea, 0xef, 0x81, 0x44,
    0x4b, 0x0a, 0x2e, 0x3a, 0xd8, 0x14, 0x49, 0xc1, 0x12, 0x6e, 0x00, 0xb5, 0x0f, 0x48, 0xed, 0xb6,
    0x22, 0x20, 0xf6, 0xe6, 0xe5, 0xba, 0xd0, 0xf0, 0xdb, 0xa5, 0xdc, 0x00, 0xe5, 0xf1, 0x88, 0x71,
    0x26, 0x06, 0x2f, 0x4b, 0x06, 0x13, 0x4a, 0x9c, 0xf8, 0x7f, 0xfc, 0xd4, 0x33, 0x40, 0x08, 0xe9,
    0x3d, 0x13, 0x12, 0x06, 0xe6, 0xce, 0xca, 0x1f, 0xeb, 0xb2, 0xe2, 0xd7, 0xde, 0xf8, 0xde, 0x7f,
    0x12, 0x06, 0x29, 0x46, 0x18, 0x0b, 0x4c, 0x87, 0xf0, 0x79, 0x00, 0xd4, 0x3d, 0x12, 0x0d, 0x08,
    0x4d, 0x0e, 0x29, 0x12, 0xe3, 0xda, 0xb9, 0x33, 0xef, 0xaf, 0xf5, 0xba, 0xdd, 0xfa, 0x11, 0x5a,
    0x5c, 0x08, 0x32, 0x6e, 0xeb, 0x0c, 0x69, 0x81, 0xf5, 0x76, 0x09, 0xd2, 0x42, 0xf1, 0x19, 0xf6,
    0x45, 0x16, 0x1d, 0x06, 0xf6, 0xc9, 0xdf, 0x26, 0xea, 0xa0, 0x04, 0xb6, 0xdf, 0xe9, 0xdd, 0x4d,
    0x60, 0x02, 0x1e, 0x49, 0xc5, 0xec, 0x78, 0x8b, 0x13, 0x7f, 0x14, 0xb7, 0x25, 0x00, 0xe2, 0xc1,
    0x42, 0x1f, 0xed, 0xed, 0xee, 0xd2, 0xa1, 0x20, 0xd2, 0x81, 0xf8, 0xdb, 0xec, 0xda, 0x8b, 0x16,
    0x61, 0x01, 0xf9, 0x01, 0x9a, 0xcf, 0x68, 0xc4, 0x26, 0x33, 0x1a, 0xac, 0xed, 0x29, 0xb8, 0x98,
    0x42, 0x1b, 0xcb, 0xd4, 0xf5, 0xf0, 0x81, 0xf9, 0xce, 0x8e, 0x0f, 0x07, 0xf7, 0xe8, 0x81, 0x42,
    0x46, 0x0c, 0x24, 0x42, 0xa6, 0x07, 0x27, 0xc5, 0x01, 0x1b, 0x0e, 0xd6, 0x1b, 0x35, 0xd4, 0xbe,
    0x4e, 0x1d, 0xe6, 0xc4, 0xfb, 0xcd, 0xb9, 0xfc, 0xd5, 0xad, 0x21, 0x03, 0xf5, 0xf1, 0x81, 0x4e,
    0x64, 0x07, 0x2f, 0x79, 0xaf, 0x27, 0x12, 0xce, 0xf6, 0xd7, 0x05, 0x06, 0x3a, 0x3f, 0xd9, 0xca,
    0x46, 0x12, 0xe4, 0xce, 0xfb, 0xce, 0xdf, 0xe5, 0xeb, 0xc5, 0x15, 0x00, 0x0e, 0xef, 0x9c, 0x3c,
    0x5e, 0x0b, 0x38, 0x7f, 0x84, 0x30, 0xff, 0xdf, 0x06, 0xf4, 0x0b, 0xd2, 0x29, 0x33, 0xdc, 0xc0,
    0x2a, 0x11, 0xda, 0xc6, 0xff, 0xb6, 0xf8, 0xe6, 0xee, 0xd4, 0x0e, 0x1b, 0x0e, 0xf2, 0xea, 0x12,
    0x68, 0x09, 0x2a, 0x74, 0x81, 0x1d, 0x06, 0xea, 0x0b, 0xe8, 0x10, 0xe6, 0x21, 0x04, 0xda, 0xbc,
    0x11, 0x12, 0xce, 0xc9, 0x18, 0xc8, 0x05, 0xe7, 0xef, 0xe4, 0x19, 0x15, 0x04, 0xf4, 0x05, 0xfa,
    0x61, 0x0a, 0x2b, 0x65, 0x81, 0x08, 0x13, 0xec, 0x0d, 0xf2, 0x17, 0xf5, 0x17, 0xf0, 0xe8, 0xd0,
    0x18, 0x0d, 0xed, 0xcb, 0x17, 0xc4, 0x14, 0xf7, 0xf1, 0xd6, 0x2b, 0x00, 0x0c, 0xe2, 0x32, 0x1e,
    0x55, 0x0d, 0x3c, 0x73, 0x81, 0x04, 0xfd, 0xf0, 0x09, 0xf3, 0x22, 0x9a, 0x17, 0xd8, 0xba, 0x96,
    0x3a, 0x0d, 0xc2, 0xb1, 0xf7, 0xa7, 0xe2, 0xde, 0xf0, 0xb6, 0x20, 0x33, 0x02, 0xe0, 0xc3, 0x3f,
    0x2b, 0x0b, 0x50, 0x7f, 0x96, 0x03, 0x04, 0xf1, 0xd8, 0xf2, 0x0c, 0x95, 0x30, 0x1e, 0xe8, 0xc7,
    0x34, 0x17, 0xe3, 0xa9, 0xed, 0xa6, 0xca, 0xe7, 0xdc, 0xb3, 0x32, 0xf5, 0xfa, 0xd6, 0x8f, 0x29,
    0x04, 0x0d, 0x7f, 0x46, 0xb8, 0x0b, 0xf3, 0x1b, 0xc4, 0x1a, 0xf9, 0xae, 0x2a, 0x39, 0x1c, 0xe8,
    0xf4, 0x0a, 0x11, 0xc6, 0xfb, 0x85, 0x06, 0xec, 0xef, 0xea, 0xf4, 0x09, 0x0f, 0xcd, 0xa0, 0x34,
    0x03, 0x01, 0x7f, 0x4b, 0xbc, 0x1d, 0xdb, 0x24, 0xb9, 0x06, 0xf3, 0x93, 0x3c, 0x31, 0x26, 0xec,
    0xd5, 0xf7, 0xf7, 0xbf, 0xf3, 0x83, 0x00, 0xec, 0x04, 0x00, 0xdd, 0x04, 0xf0, 0xc3, 0xd8, 0x37,
    0x24, 0xec, 0x73, 0x7f, 0xb7, 0x21, 0xc9, 0x05, 0xad, 0xcf, 0xe9, 0xaa, 0x53, 0x1f, 0xf5, 0xff,
    0xe0, 0xf8, 0xda, 0xba, 0x0e, 0x92, 0xe3, 0xdf, 0x01, 0xef, 0xf3, 0xfc, 0xe9, 0xbc, 0xde, 0x2a,
    0x19, 0xe3, 0x7f, 0x65, 0xb0, 0x2c, 0xdc, 0x07, 0x9f, 0xc1, 0xe3, 0xb5, 0x51, 0x1c, 0x0b, 0x09,
    0xe0, 0xdd, 0xf3, 0xac, 0x0d, 0x84, 0xef, 0xe2, 0x1a, 0xff, 0x04, 0xd5, 0xe3, 0xd0, 0xe5, 0x31,
    0x0d, 0xf4, 0x7f, 0x14, 0xb9, 0x35, 0x20, 0xd6, 0xb0, 0xd8, 0xee, 0xc5, 0x62, 0x0a, 0x22, 0x07,
    0xed, 0xbd, 0x0f, 0xdd, 0x0c, 0x83, 0xe3, 0x0b, 0x45, 0x1f, 0xfa, 0x8c, 0xe1, 0xdc, 0x9e, 0x0f,
    0x53, 0xfc, 0x69, 0x34, 0x81, 0x28, 0x55, 0xb7, 0xd6, 0xc2, 0xfd, 0x10, 0x63, 0x29, 0xcd, 0xe5,
    0xf5, 0xea, 0xea, 0xd5, 0x26, 0x91, 0xc0, 0x0a, 0x14, 0xe9, 0xf8, 0xb5, 0xdb, 0xd6, 0x98, 0xec,
    0x7f, 0x01, 0x1f, 0x34, 0x83, 0xd6, 0x64, 0xd9, 0x0d, 0xf4, 0x15, 0xf2, 0x1f, 0x29, 0x8e, 0xa0,
    0x0e, 0x0a, 0xc4, 0xb5, 0x0f, 0xc8, 0x8f, 0xdd, 0xe3, 0x85, 0x03, 0x14, 0xd5, 0xd2, 0x1b, 0x59,
    0x23, 0x02, 0x44, 0x7f, 0x94, 0x14, 0x07, 0xe8, 0xd7, 0x0a, 0x11, 0x01, 0x67, 0xec, 0xa9, 0xd2,
    0x06, 0xfa, 0xce, 0xbd, 0xe2, 0x9e, 0xc2, 0xcc, 0xfb, 0xad, 0x0a, 0xe6, 0xdf, 0xcb, 0x28, 0x7f,
    0xe4, 0xfa, 0x4c, 0x1c, 0xb5, 0x24, 0x27, 0xb9, 0xc0, 0x2d, 0x10, 0xbc, 0x5d, 0xe7, 0xe0, 0xf0,
    0x17, 0xe0, 0xe8, 0xf2, 0xdc, 0xa3, 0xb3, 0x13, 0x16, 0xee, 0xf9, 0xb0, 0xe4, 0xdc, 0xb8, 0x0b,
    0x2a, 0xf7, 0x7b, 0xd6, 0xab, 0x25, 0x5c, 0xc3, 0xcb, 0xf8, 0x08, 0x0b, 0x5a, 0x21, 0xd8, 0xe2,
    0xed, 0xc2, 0x08, 0x00, 0x1e, 0x81, 0xec, 0x2a, 0x41, 0x21, 0xcd, 0xc0, 0xe9, 0xe1, 0xd9, 0xc2,
    0x28, 0x01, 0x7a, 0xeb, 0xc3, 0x23, 0x6f, 0xcd, 0xd1, 0xcf, 0x02, 0x45, 0x76, 0x0e, 0xca, 0xe8,
    0xc4, 0xce, 0x1a, 0x0e, 0x35, 0x81, 0x04, 0x18, 0x37, 0x1d, 0xce, 0xc1, 0xef, 0xec, 0x2f, 0xc3,
    0x30, 0x0e, 0x72, 0xf0, 0xb9, 0x31, 0x53, 0xec, 0xeb, 0xe4, 0x00, 0x50, 0x6b, 0xe2, 0xd9, 0xed,
    0xa5, 0x01, 0x10, 0x0f, 0x24, 0x81, 0x49, 0x0d, 0x03, 0x35, 0xbc, 0xd7, 0xf5, 0xb8, 0xe0, 0xcc,
    0x21, 0x04, 0x71, 0x12, 0x96, 0x2c, 0x11, 0x1d, 0xce, 0xe4, 0xf7, 0x35, 0x49, 0x0c, 0xdc, 0xea,
    0xb0, 0xef, 0x00, 0xe8, 0x10, 0x81, 0x63, 0xef, 0x04, 0x2a, 0xdb, 0xff, 0xf9, 0xb1, 0xe6, 0xc4,
    0x49, 0x06, 0x42, 0x5c, 0x81, 0x18, 0x13, 0x17, 0xd3, 0xce, 0xf8, 0x42, 0x4c, 0x10, 0xd1, 0xed,
    0xd4, 0xef, 0xf3, 0xd5, 0x1a, 0xaf, 0x3e, 0xeb, 0xfe, 0xf9, 0x03, 0x00, 0xe2, 0x96, 0x1a, 0xed,
    0x71, 0x0a, 0x46, 0x7f, 0x96, 0x08, 0x3e, 0xd6, 0xc4, 0xab, 0xff, 0x37, 0x77, 0xed, 0x8f, 0xe0,
    0x03, 0xe8, 0xd7, 0xd0, 0x1f, 0x9f, 0xdd, 0xf0, 0xfa, 0xcd, 0x1a, 0xf3, 0x04, 0xb5, 0x0f, 0x1a,
    0x2d, 0x02, 0x32, 0x74, 0x81, 0x16, 0x28, 0xd8, 0xd9, 0xc7, 0x09, 0xc9, 0x48, 0xec, 0xc8, 0xd0,
    0x07, 0xd0, 0xbf, 0xdd, 0x1b, 0xbd, 0xb2, 0x07, 0x27, 0xe5, 0x17, 0xf4, 0x13, 0xc4, 0xdf, 0x06,
    0x16, 0xfa, 0x34, 0x5b, 0x81, 0x1c, 0x24, 0xd2, 0xe2, 0xeb, 0x0f, 0xef, 0x1f, 0x08, 0xd1, 0xd2,
    0x09, 0x9c, 0xc2, 0xda, 0x20, 0xbd, 0xc2, 0x1c, 0x67, 0xeb, 0x0f, 0x0a, 0x11, 0xc5, 0xf4, 0x36,
    0xef, 0xf4, 0x40, 0x7b, 0x81, 0x1e, 0x39, 0xc4, 0xca, 0x22, 0x17, 0xd3, 0x2a, 0xf6, 0xbf, 0xe3,
    0x09, 0x90, 0xa9, 0xe0, 0x05, 0xa7, 0xb7, 0x21, 0x71, 0xcc, 0x21, 0x0d, 0x1b, 0xdf, 0x30, 0x40,
    0xf4, 0xf3, 0x29, 0x72, 0x81, 0x2c, 0x16, 0xd0, 0xcf, 0x01, 0x1a, 0xb6, 0x11, 0xde, 0xd1, 0xe8,
    0x0f, 0xb4, 0x9c, 0xe8, 0x08, 0xca, 0xac, 0x20, 0x50, 0xea, 0x2f, 0x07, 0x3d, 0xec, 0x17, 0x70,
    0xcd, 0xf8, 0x19, 0x68, 0x9b, 0x3f, 0x0e, 0xd3, 0xda, 0x23, 0x13, 0x96, 0x17, 0xf2, 0xe4, 0xf4,
    0x05, 0xd2, 0x81, 0xe3, 0xca, 0xdb, 0xb5, 0x22, 0x30, 0xf9, 0x22, 0xf8, 0x27, 0xe7, 0xdc, 0x2d,
    0xe1, 0xf1, 0x21, 0x61, 0x87, 0x4b, 0xfa, 0xb3, 0xcb, 0x04, 0x0c, 0xc1, 0x0a, 0x10, 0xe5, 0x09,
    0x10, 0xba, 0xa2, 0xd8, 0x2e, 0xd8, 0x95, 0x7f, 0x4b, 0xf7, 0x2f, 0x0c, 0x19, 0xed, 0xf1, 0x0c,
    0xd1, 0xf2, 0x1f, 0x41, 0x93, 0x3a, 0xf6, 0xa6, 0xcb, 0xf0, 0x15, 0xe0, 0xf8, 0x01, 0xc5, 0x0a,
    0x2b, 0x95, 0xad, 0xd9, 0x45, 0xd4, 0x81, 0x78, 0x70, 0xf2, 0x47, 0x0c, 0x19, 0x0b, 0x1f, 0xf8,
    0xcc, 0xf3, 0x27, 0x6e, 0xa1, 0x20, 0xc4, 0xce, 0xbc, 0xd1, 0xff, 0xed, 0xdf, 0xec, 0xdf, 0x28,
    0x1c, 0xd1, 0xbe, 0xec, 0x27, 0xca, 0x81, 0x6c, 0x2a, 0xce, 0x70, 0x01, 0x25, 0x33, 0x0d, 0xf5,
    0xc7, 0xf0, 0x2f, 0x7f, 0xf2, 0xff, 0xc6, 0x18, 0xb0, 0xc2, 0xe1, 0xf1, 0xd3, 0xfb, 0x22, 0x51,
    0xfc, 0xe7, 0xdf, 0xea, 0xcf, 0xca, 0xba, 0x4a, 0x19, 0xaf, 0x65, 0xe9, 0xec, 0x72, 0xff, 0xf0,
    0xd4, 0xe2, 0x35, 0x5f, 0x3f, 0xda, 0x9e, 0x29, 0x87, 0xd5, 0xcb, 0xb0, 0xc1, 0x07, 0x3c, 0x7f,
    0xf8, 0xbb, 0x12, 0xe2, 0xce, 0xce, 0xe2, 0x0e, 0x55, 0xa5, 0x65, 0xdd, 0xf5, 0x4b, 0x0d, 0xf3,
    0xd9, 0xe5, 0x2c, 0x5b, 0x0e, 0xfb, 0xab, 0x2b, 0x9d, 0xb8, 0xe1, 0xb2, 0xc4, 0xfd, 0x1b, 0x59,
    0x0f, 0x90, 0xf3, 0x0a, 0xcc, 0xd0, 0xde, 0x09, 0x7f, 0xb0, 0x6e, 0xe3, 0xf2, 0x1c, 0x03, 0xe5,
    0x10, 0xef, 0x1d, 0x19, 0x05, 0xe8, 0xd1, 0xeb, 0xc3, 0x88, 0xf1, 0xd8, 0xdc, 0xff, 0x18, 0x3b,
    0x65, 0xd4, 0x03, 0xee, 0xfc, 0xe5, 0xe7, 0x48, 0x24, 0xc3, 0x7f, 0xa3, 0xfa, 0x0e, 0xfe, 0x0e,
    0xd9, 0xf2, 0x1a, 0x0e, 0x0d, 0xe5, 0xe9, 0xc9, 0xc8, 0x95, 0xf6, 0xc4, 0xd3, 0x01, 0x04, 0x3e,
    0x72, 0xe5, 0xd6, 0x01, 0xec, 0xec, 0x0e, 0x53, 0x10, 0xdc, 0x7f, 0xa9, 0x19, 0xfb, 0x0d, 0x21,
    0xbd, 0xf7, 0x15, 0x0f, 0x05, 0xdd, 0xfb, 0xd2, 0xc8, 0x88, 0x05, 0xa7, 0xc7, 0xf5, 0xe4, 0x22,
    0x7f, 0xe0, 0xa9, 0x1c, 0xc1, 0xeb, 0x56, 0x5c, 0x16, 0xeb, 0x71, 0xc9, 0xf9, 0xf1, 0x16, 0xed,
    0xf0, 0xf0, 0x12, 0x08, 0x0e, 0xf3, 0xd3, 0xca, 0xcb, 0xa2, 0xfe, 0xa8, 0xbd, 0xef, 0xeb, 0x1b,
    0x7f, 0xd5, 0xd2, 0xfd, 0xdf, 0xe5, 0x6b, 0x1f, 0x1e, 0xe6, 0x6f, 0xd4, 0xe2, 0xed, 0xfa, 0xea,
    0x10, 0xf0, 0x0f, 0x06, 0x10, 0x0b, 0xc4, 0xd3, 0xdb, 0xe1, 0xfb, 0xbc, 0xd9, 0x01, 0xed, 0x07,
    0x62, 0xde, 0x02, 0xfe, 0xea, 0xef, 0x7f, 0x11, 0x17, 0xeb, 0x38, 0xe9, 0xf5, 0xf2, 0xfd, 0xe7,
    0x14, 0xf6, 0x07, 0x16, 0xf6, 0xda, 0xe6, 0x06, 0xf0, 0xde, 0x02, 0xf6, 0xf5, 0xff, 0xeb, 0xf8,
    0x25, 0xe4, 0xfc, 0x04, 0xef, 0xf4, 0x7f, 0x19, 0x1a, 0xee, 0x16, 0x04, 0x02, 0xde, 0x00, 0xea,
    0x1d, 0xef, 0x06, 0x26, 0xdf, 0xd9, 0xe0, 0x10, 0xf3, 0xdf, 0x0a, 0xee, 0xf6, 0xfc, 0xe3, 0xe2,
    0x1b, 0xb8, 0xe7, 0x02, 0xe4, 0xf0, 0x7f, 0x11, 0x4c, 0xea, 0x0f, 0x1d, 0x03, 0xc8, 0x00, 0xf0,
    0x02, 0xe5, 0x0a, 0x33, 0xcc, 0xd6, 0xce, 0x1a, 0xe4, 0x0f, 0x09, 0x07, 0xeb, 0xfc, 0xe8, 0xee,
    0x0b, 0x83, 0xe9, 0xef, 0xd8, 0xe3, 0x66, 0xf2, 0x7f, 0xdc, 0x1e, 0x1a, 0xf0, 0xe5, 0x02, 0xe7,
    0x06, 0xdc, 0x12, 0x3e, 0xe3, 0xdf, 0xdb, 0x03, 0xd0, 0x19, 0xee, 0x07, 0xe8, 0x00, 0xfc, 0x14,
    0xf7, 0x81, 0xff, 0xda, 0xe4, 0xe4, 0x1f, 0xdf, 0x7d, 0xc8, 0x25, 0xf7, 0xee, 0xe8, 0x00, 0xce,
    0x1e, 0xd9, 0x1d, 0x75, 0xbd, 0xd5, 0xde, 0xf2, 0xb1, 0x21, 0xf4, 0x4e, 0xe9, 0xfe, 0x00, 0x11,
    0x02, 0x81, 0xf2, 0xb3, 0xea, 0xd1, 0x1c, 0xdf, 0x7e, 0xa0, 0x3f, 0xfa, 0xd5, 0xcd, 0xf7, 0x18,
    0x06, 0xea, 0x23, 0x7f, 0xe2, 0xe0, 0x17, 0xad, 0xbe, 0x41, 0x04, 0x55, 0x17, 0x02, 0x0b, 0x10,
    0x3d, 0xaf, 0x0c, 0xd5, 0xe4, 0xcf, 0xd7, 0x0c, 0x4d, 0x8b, 0x39, 0xde, 0xe0, 0xa2, 0x05, 0x02,
    0xde, 0xdf, 0x24, 0x6f, 0xee, 0xc7, 0xeb, 0xdd, 0xa5, 0x69, 0xf8, 0x52, 0xfe, 0xfd, 0x2f, 0x22,
    0x1d, 0xb7, 0x0c, 0xd0, 0xc6, 0xc8, 0x0c, 0xfe, 0x35, 0x81, 0x42, 0xe3, 0xdd, 0xcf, 0x01, 0xd7,
    0x0a, 0xee, 0x0f, 0x12, 0xfb, 0xce, 0x19, 0xef, 0xd7, 0x42, 0x0c, 0x7f, 0xff, 0xfb, 0x0d, 0x09,
    0x12, 0xce, 0x16, 0xee, 0xf1, 0xe2, 0x1f, 0x0d, 0x2c, 0xb4, 0x29, 0xf3, 0xda, 0xcc, 0xf1, 0xfb,
    0x0a, 0xd7, 0x0d, 0x10, 0xda, 0xd1, 0x01, 0xf6, 0xc7, 0x55, 0x19, 0x54, 0xfb, 0xfe, 0xeb, 0xfa,
    0x12, 0x86, 0x08, 0xdd, 0xdc, 0xdb, 0xfe, 0xf0, 0x7f, 0xb2, 0x2a, 0x02, 0xc2, 0xa5, 0x00, 0x40,
    0xe5, 0xdf, 0x15, 0x17, 0x04, 0xd6, 0xf8, 0xd0, 0xd5, 0x7f, 0x0d, 0x08, 0x07, 0xf7, 0xed, 0x02,
    0x2f, 0xac, 0x1a, 0xec, 0xc5, 0xd8, 0xd3, 0xf8, 0x52, 0xa1, 0x2b, 0xed, 0xad, 0x9a, 0xef, 0x38,
    0xc6, 0xd5, 0x11, 0x0e, 0xf6, 0xd9, 0xfa, 0xe2, 0xfa, 0x70, 0x14, 0x20, 0xf4, 0xfc, 0xf0, 0xfa,
    0x2c, 0x93, 0x33, 0xff, 0xc8, 0xdb, 0xe3, 0xec, 0x7f, 0xb0, 0x2a, 0x01, 0xac, 0xb2, 0xf6, 0x20,
    0xca, 0xdf, 0x0a, 0xf4, 0xe8, 0xf0, 0xdd, 0x29, 0x5b, 0x40, 0x12, 0xeb, 0xe7, 0xf9, 0xed, 0xea,
    0x05, 0xa2, 0x2b, 0x01, 0xcd, 0xdb, 0xdd, 0xd6, 0x7f, 0xc5, 0x50, 0xef, 0xc4, 0xdc, 0xf5, 0x24,
    0xf0, 0xea, 0x0d, 0x1f, 0xee, 0x08, 0xe7, 0x18, 0x7f, 0x23, 0x05, 0x07, 0xf1, 0x02, 0xf5, 0xf2,
    0xff, 0xdf, 0x1e, 0x0b, 0xd6, 0xe0, 0xe8, 0xe6, 0x49, 0xd0, 0x4a, 0xd5, 0xe3, 0xeb, 0xe7, 0x13,
    0xd1, 0xef, 0x07, 0x28, 0xdb, 0xf8, 0x15, 0xe8, 0x7f, 0x09, 0x0e, 0x1a, 0xfd, 0x09, 0xde, 0xf3,
    0x18, 0xd8, 0x03, 0x01, 0xea, 0xe6, 0xe8, 0xeb, 0x60, 0xe0, 0x0e, 0x0c, 0xf2, 0x2b, 0xf6, 0xfc,
    0xd6, 0xe4, 0x0f, 0x43, 0xf5, 0xf8, 0xe6, 0x00, 0x7e, 0xf8, 0xec, 0xf8, 0xed, 0x08, 0xf7, 0x13,
    0xef, 0xa9, 0x00, 0xf1, 0xe8, 0xe9, 0xff, 0xde, 0x7f, 0xe4, 0x0b, 0x04, 0xfd, 0x37, 0xe8, 0x0a,
    0xb8, 0xdd, 0x16, 0x57, 0x05, 0xf1, 0xca, 0xf6, 0x6b, 0xf6, 0xdc, 0xed, 0xe7, 0x12, 0xef, 0x1d,
    0xeb, 0xa5, 0xf8, 0xec, 0xd5, 0xe1, 0xf8, 0xc8, 0x7f, 0xdd, 0xf7, 0x16, 0x41, 0x02, 0xf1, 0x07,
    0xb4, 0xf9, 0x04, 0x23, 0xf8, 0xf7, 0x0f, 0xd9, 0x5c, 0xe9, 0x0c, 0x0c, 0x03, 0x05, 0xca, 0xea,
    0x26, 0x94, 0xe0, 0xf9, 0xe3, 0xef, 0xe6, 0xde, 0x7f, 0xe4, 0xc3, 0x4a, 0x39, 0x03, 0xfa, 0xe5,
    0x81, 0xfa, 0x04, 0x1b, 0x0b, 0xf5, 0x26, 0xdc, 0x46, 0xde, 0x06, 0xff, 0xfc, 0x01, 0xbb, 0xf2,
    0x1c, 0xad, 0x0b, 0x14, 0xe8, 0xf5, 0xf0, 0xde, 0x6a, 0xe7, 0x9c, 0x75, 0x3a, 0x01, 0xf5, 0xe6,
    0x94, 0xfc, 0x05, 0x1a, 0x09, 0xf2, 0x26, 0xda, 0x40, 0xde, 0x06, 0x0a, 0x01, 0x03, 0xaa, 0xed,
    0x18, 0xce, 0x17, 0x1e, 0xe8, 0xf4, 0xf7, 0xd6, 0x46, 0xea, 0x9a, 0x7f, 0x77, 0x01, 0xeb, 0xe3,
    0x81, 0xfd, 0x08, 0x2b, 0xf0, 0xea, 0x13, 0xc8, 0x3e, 0xdf, 0x0a, 0x0f, 0x17, 0x09, 0x99, 0xe4,
    0x27, 0xbb, 0x1f, 0x0c, 0xf0, 0xed, 0xe1, 0xd3, 0x4e, 0xd5, 0xab, 0x67, 0x79, 0xed, 0xe6, 0xad,
    0x81, 0xf2, 0x15, 0x27, 0xfd, 0xc5, 0xff, 0xa2, 0x23, 0x03, 0x05, 0xd4, 0x34, 0x0d, 0x9c, 0xe7,
    0x1d, 0xcf, 0x37, 0x29, 0x0f, 0xd9, 0xb5, 0xcf, 0x2b, 0x9f, 0xd1, 0x66, 0x6b, 0xea, 0xbe, 0xe1,
    0xa6, 0xf5, 0x24, 0x67, 0x81, 0xe4, 0xe5, 0xbb, 0xef, 0xf6, 0x08, 0x20, 0x39, 0x24, 0xa5, 0x08,
    0x09, 0xe4, 0x15, 0x30, 0x17, 0xcf, 0xef, 0xcc, 0x14, 0xc6, 0x15, 0x1e, 0x00, 0x00, 0x06, 0x00,
    0x08, 0x00, 0x04, 0x00, 0x06, 0x00, 0x00, 0x00, 0x04, 0x00, 0x00, 0x00, 0x00, 0x0a, 0x00, 0x00,
    0x63, 0x08, 0x00, 0x00, 0xbc, 0x00, 0x00, 0x00, 0xc0, 0xff, 0xff, 0xff, 0x83, 0xfc, 0xff, 0xff,
    0x0c, 0xfc, 0xff, 0xff, 0x38, 0x08, 0x00, 0x00, 0x74, 0xfa, 0xff, 0xff, 0x0a, 0xf4, 0xff, 0xff,
    0x05, 0xef, 0xff, 0xff, 0x48, 0xf0, 0xff, 0xff, 0x1b, 0xff, 0xff, 0xff, 0x69, 0xf9, 0xff, 0xff,
    0x04, 0xf3, 0xff, 0xff, 0x20, 0xf3, 0xff, 0xff, 0xa0, 0xf3, 0xff, 0xff, 0x79, 0xf4, 0xff, 0xff,
    0xbc, 0xfb, 0xff, 0xff, 0x36, 0xfc, 0xff, 0xff, 0x9a, 0xfa, 0xff, 0xff, 0x1a, 0xfb, 0xff, 0xff,
    0x2c, 0xf6, 0xff, 0xff, 0xf5, 0xf0, 0xff, 0xff, 0x88, 0xf8, 0xff, 0xff, 0x11, 0xfb, 0xff, 0xff,
    0xee, 0xf7, 0xff, 0xff, 0xdf, 0xfd, 0xff, 0xff, 0xae, 0xfc, 0xff, 0xff, 0x48, 0xfb, 0xff, 0xff,
    0x13, 0x06, 0x00, 0x00, 0xbe, 0x0f, 0x00, 0x00, 0x97, 0x11, 0x00, 0x00, 0xde, 0x0b, 0x00, 0x00,
    0xf8, 0x05, 0x00, 0x00, 0xce, 0x02, 0x00, 0x00, 0x86, 0xfd, 0xff, 0xff, 0x5f, 0xfc, 0xff, 0xff,
    0x7c, 0xfd, 0xff, 0xff, 0x05, 0xff, 0xff, 0xff, 0xc8, 0x01, 0x00, 0x00, 0xd6, 0x02, 0x00, 0x00,
    0x62, 0x00, 0x00, 0x00, 0x41, 0xfe, 0xff, 0xff, 0xe6, 0x05, 0x00, 0x00, 0xed, 0x0a, 0x00, 0x00,
    0xa1, 0x04, 0x00, 0x00, 0x4b, 0x03, 0x00, 0x00, 0x64, 0x05, 0x00, 0x00, 0x87, 0x01, 0x00, 0x00,
    0xc6, 0x00, 0x00, 0x00, 0xae, 0x01, 0x00, 0x00, 0x88, 0x02, 0x00, 0x00, 0x20, 0x00, 0x00, 0x00,
    0xad, 0x01, 0x00, 0x00, 0x55, 0xfe, 0xff, 0xff, 0x8a, 0x00, 0x00, 0x00, 0xb2, 0x0b, 0x00, 0x00,
    0x9a, 0x13, 0x00, 0x00, 0x24, 0x13, 0x00, 0x00, 0xba, 0x14, 0x00, 0x00, 0xf3, 0x17, 0x00, 0x00,
    0x08, 0x15, 0x00, 0x00, 0x3c, 0x0f, 0x00, 0x00, 0x27, 0x0d, 0x00, 0x00, 0xd2, 0x07, 0x00, 0x00,
    0x1c, 0x06, 0x00, 0x00, 0x0d, 0x09, 0x00, 0x00, 0x43, 0x15, 0x00, 0x00, 0xee, 0x19, 0x00, 0x00,
    0xee, 0x0c, 0x00, 0x00, 0xc9, 0x07, 0x00, 0x00, 0xdf, 0x0b, 0x00, 0x00, 0x64, 0x08, 0x00, 0x00,
    0x44, 0x10, 0x00, 0x00, 0xb0, 0x14, 0x00, 0x00, 0x31, 0x17, 0x00, 0x00, 0xca, 0x18, 0x00, 0x00,
    0xe7, 0x14, 0x00, 0x00, 0xbd, 0x03, 0x00, 0x00, 0x9e, 0x04, 0x00, 0x00, 0xf3, 0x07, 0x00, 0x00,
    0xe5, 0x10, 0x00, 0x00, 0x63, 0x19, 0x00, 0x00, 0x7f, 0x07, 0x00, 0x00, 0x75, 0x0d, 0x00, 0x00,
    0x94, 0x09, 0x00, 0x00, 0xc8, 0x04, 0x00, 0x00, 0xfb, 0x03, 0x00, 0x00, 0xc3, 0x0b, 0x00, 0x00,
    0x6e, 0x0e, 0x00, 0x00, 0x4d, 0x0d, 0x00, 0x00, 0xf4, 0x0d, 0x00, 0x00, 0xc1, 0x08, 0x00, 0x00,
    0x8e, 0x06, 0x00, 0x00, 0x5a, 0x04, 0x00, 0x00, 0x93, 0x02, 0x00, 0x00, 0xfd, 0xfe, 0xff, 0xff,
    0x9e, 0xfe, 0xff, 0xff, 0xd9, 0x00, 0x00, 0x00, 0x35, 0x02, 0x00, 0x00, 0x67, 0xfe, 0xff, 0xff,
    0xfb, 0xff, 0xff, 0xff, 0x6b, 0x00, 0x00, 0x00, 0x7e, 0xfe, 0xff, 0xff, 0x86, 0x00, 0x00, 0x00,
    0xaf, 0x00, 0x00, 0x00, 0xea, 0xff, 0xff, 0xff, 0x83, 0xfe, 0xff, 0xff, 0x2b, 0xff, 0xff, 0xff,
    0xb8, 0x01, 0x00, 0x00, 0x87, 0xfb, 0xff, 0xff, 0xaa, 0xfe, 0xff, 0xff, 0xa7, 0x07, 0x00, 0x00,
    0x27, 0x07, 0x00, 0x00, 0x8a, 0x05, 0x00, 0x00, 0x57, 0x06, 0x00, 0x00, 0xa2, 0x12, 0x00, 0x00,
    0x2e, 0x0e, 0x00, 0x00, 0x41, 0x0a, 0x00, 0x00, 0x48, 0x06, 0x00, 0x00, 0x43, 0x02, 0x00, 0x00,
    0x01, 0xfa, 0xff, 0xff, 0x81, 0xf7, 0xff, 0xff, 0x05, 0xfc, 0xff, 0xff, 0x7b, 0xfa, 0xff, 0xff,
    0xe8, 0xfc, 0xff, 0xff, 0x28, 0xfe, 0xff, 0xff, 0x8f, 0xfe, 0xff, 0xff, 0x72, 0xff, 0xff, 0xff,
    0x73, 0x08, 0x00, 0x00, 0x95, 0xfc, 0xff, 0xff, 0x05, 0xfc, 0xff, 0xff, 0x44, 0xff, 0xff, 0xff,
    0xc5, 0x00, 0x00, 0x00, 0xf0, 0x06, 0x00, 0x00, 0x20, 0xf7, 0xff, 0xff, 0x2c, 0xf0, 0xff, 0xff,
    0xa0, 0xeb, 0xff, 0xff, 0x64, 0xe8, 0xff, 0xff, 0x49, 0xfd, 0xff, 0xff, 0xc9, 0xf8, 0xff, 0xff,
    0x75, 0xf3, 0xff, 0xff, 0xb7, 0xf2, 0xff, 0xff, 0xcd, 0xf3, 0xff, 0xff, 0xda, 0xf6, 0xff, 0xff,
    0xca, 0xfb, 0xff, 0xff, 0xd1, 0xfa, 0xff, 0xff, 0x7c, 0xf8, 0xff, 0xff, 0x45, 0xf8, 0xff, 0xff,
    0x09, 0xf4, 0xff, 0xff, 0xc4, 0xee, 0xff, 0xff, 0x23, 0xf3, 0xff, 0xff, 0xe1, 0xf5, 0xff, 0xff,
    0x34, 0xf3, 0xff, 0xff, 0x94, 0xfc, 0xff, 0xff, 0xaf, 0xfb, 0xff, 0xff, 0xa9, 0xfa, 0xff, 0xff,
    0x70, 0x05, 0x00, 0x00, 0x0e, 0x14, 0x00, 0x00, 0x69, 0x15, 0x00, 0x00, 0xd4, 0x0e, 0x00, 0x00,
    0xa8, 0x02, 0x00, 0x00, 0x46, 0xff, 0xff, 0xff, 0x37, 0xfd, 0xff, 0xff, 0x36, 0xfb, 0xff, 0xff,
    0x02, 0xfc, 0xff, 0xff, 0xd8, 0xfc, 0xff, 0xff, 0x1f, 0xff, 0xff, 0xff, 0xc5, 0x01, 0x00, 0x00,
    0x4c, 0x00, 0x00, 0x00, 0x98, 0xfd, 0xff, 0xff, 0x20, 0x06, 0x00, 0x00, 0x2b, 0x08, 0x00, 0x00,
    0xeb, 0x04, 0x00, 0x00, 0xea, 0x04, 0x00, 0x00, 0xc0, 0x01, 0x00, 0x00, 0xb8, 0xfa, 0xff, 0xff,
    0x53, 0xf9, 0xff, 0xff, 0x7b, 0xfa, 0xff, 0xff, 0x0a, 0xfb, 0xff, 0xff, 0xe4, 0xfe, 0xff, 0xff,
    0x76, 0x01, 0x00, 0x00, 0xd2, 0xfe, 0xff, 0xff, 0x5a, 0x05, 0x00, 0x00, 0xed, 0x0d, 0x00, 0x00,
    0x32, 0x12, 0x00, 0x00, 0xdc, 0x14, 0x00, 0x00, 0x07, 0x0c, 0x00, 0x00, 0x04, 0x0f, 0x00, 0x00,
    0xe4, 0x0d, 0x00, 0x00, 0xa3, 0x0e, 0x00, 0x00, 0x9b, 0x0b, 0x00, 0x00, 0xd7, 0x02, 0x00, 0x00,
    0x1c, 0xff, 0xff, 0xff, 0x2c, 0x03, 0x00, 0x00, 0x5a, 0x0f, 0x00, 0x00, 0x56, 0x1a, 0x00, 0x00,
    0xc1, 0x0c, 0x00, 0x00, 0xae, 0x05, 0x00, 0x00, 0x01, 0x07, 0x00, 0x00, 0x1e, 0x06, 0x00, 0x00,
    0x5e, 0x06, 0x00, 0x00, 0x43, 0x0c, 0x00, 0x00, 0xe1, 0x0c, 0x00, 0x00, 0x01, 0x0f, 0x00, 0x00,
    0xc0, 0x0a, 0x00, 0x00, 0xc5, 0x02, 0x00, 0x00, 0x1b, 0x05, 0x00, 0x00, 0x4f, 0x08, 0x00, 0x00,
    0xd8, 0x16, 0x00, 0x00, 0xdf, 0x1d, 0x00, 0x00, 0x08, 0x08, 0x00, 0x00, 0x4a, 0x08, 0x00, 0x00,
    0x48, 0x09, 0x00, 0x00, 0x1d, 0x08, 0x00, 0x00, 0xaf, 0x04, 0x00, 0x00, 0x4a, 0x0b, 0x00, 0x00,
    0xcf, 0x0d, 0x00, 0x00, 0x2d, 0x0f, 0x00, 0x00, 0xe4, 0x0f, 0x00, 0x00, 0xad, 0x05, 0x00, 0x00,
    0xcf, 0x04, 0x00, 0x00, 0x31, 0x00, 0x00, 0x00, 0x83, 0xfd, 0xff, 0xff, 0x44, 0xfe, 0xff, 0xff,
    0xc0, 0xff, 0xff, 0xff, 0xff, 0xfe, 0xff, 0xff, 0x65, 0xfa, 0xff, 0xff, 0x10, 0xfa, 0xff, 0xff,
    0x6c, 0xfa, 0xff, 0xff, 0xe7, 0xfd, 0xff, 0xff, 0xa8, 0xfd, 0xff, 0xff, 0x91, 0xff, 0xff, 0xff,
    0xb4, 0x04, 0x00, 0x00, 0x28, 0x06, 0x00, 0x00, 0x20, 0xff, 0xff, 0xff, 0x3d, 0xff, 0xff, 0xff,
    0xfb, 0x03, 0x00, 0x00, 0x4d, 0xfd, 0xff, 0xff, 0x77, 0xfe, 0xff, 0xff, 0x31, 0x05, 0x00, 0x00,
    0x83, 0x0a, 0x00, 0x00, 0xc7, 0x0a, 0x00, 0x00, 0xa5, 0x0a, 0x00, 0x00, 0x1a, 0x0d, 0x00, 0x00,
    0x13, 0x0c, 0x00, 0x00, 0xce, 0x0d, 0x00, 0x00, 0xcd, 0x04, 0x00, 0x00, 0x3f, 0xfe, 0xff, 0xff,
    0xd7, 0xf2, 0xff, 0xff, 0x6d, 0xf1, 0xff, 0xff, 0xe4, 0xf9, 0xff, 0xff, 0xeb, 0xf8, 0xff, 0xff,
    0x85, 0xfa, 0xff, 0xff, 0x1e, 0xfc, 0xff, 0xff, 0x80, 0xfd, 0xff, 0xff, 0x75, 0xfc, 0xff, 0xff,
    0xdd, 0x08, 0x00, 0x00, 0x16, 0x0a, 0x00, 0x00, 0xbf, 0x08, 0x00, 0x00, 0x49, 0x09, 0x00, 0x00,
    0x90, 0x0a, 0x00, 0x00, 0x02, 0x13, 0x00, 0x00, 0xf7, 0xf4, 0xff, 0xff, 0x88, 0xee, 0xff, 0xff,
    0x2d, 0xe9, 0xff, 0xff, 0x72, 0xe8, 0xff, 0xff, 0x36, 0xfd, 0xff, 0xff, 0xf4, 0xf7, 0xff, 0xff,
    0x1d, 0xf1, 0xff, 0xff, 0x04, 0xf1, 0xff, 0xff, 0x25, 0xf4, 0xff, 0xff, 0xdd, 0xf9, 0xff, 0xff,
    0x9a, 0xfc, 0xff, 0xff, 0xf1, 0xfa, 0xff, 0xff, 0x00, 0xf8, 0xff, 0xff, 0xd1, 0xf7, 0xff, 0xff,
    0xbb, 0xf3, 0xff, 0xff, 0xc9, 0xee, 0xff, 0xff, 0x8b, 0xf0, 0xff, 0xff, 0xfc, 0xf2, 0xff, 0xff,
    0x91, 0xf3, 0xff, 0xff, 0x05, 0xfb, 0xff, 0xff, 0x96, 0xfa, 0xff, 0xff, 0xd9, 0xf8, 0xff, 0xff,
    0x8c, 0x02, 0x00, 0x00, 0xa0, 0x12, 0x00, 0x00, 0x22, 0x16, 0x00, 0x00, 0xf9, 0x12, 0x00, 0x00,
    0x01, 0x02, 0x00, 0x00, 0x47, 0xfe, 0xff, 0xff, 0x11, 0xfc, 0xff, 0xff, 0xcc, 0xfb, 0xff, 0xff,
    0x41, 0xfc, 0xff, 0xff, 0xc8, 0xfb, 0xff, 0xff, 0x6b, 0xfb, 0xff, 0xff, 0xbf, 0xfd, 0xff, 0xff,
    0xb0, 0xfb, 0xff, 0xff, 0xfa, 0xf9, 0xff, 0xff, 0xf7, 0x00, 0x00, 0x00, 0x9c, 0x04, 0x00, 0x00,
    0x79, 0x01, 0x00, 0x00, 0xb5, 0xfb, 0xff, 0xff, 0xa5, 0xff, 0xff, 0xff, 0xb8, 0xfd, 0xff, 0xff,
    0xd3, 0xfb, 0xff, 0xff, 0xcf, 0xfb, 0xff, 0xff, 0xa6, 0xfb, 0xff, 0xff, 0xd9, 0xfc, 0xff, 0xff,
    0xf6, 0xff, 0xff, 0xff, 0x32, 0xfe, 0xff, 0xff, 0x43, 0x01, 0x00, 0x00, 0xa2, 0x07, 0x00, 0x00,
    0x13, 0x08, 0x00, 0x00, 0xe4, 0x08, 0x00, 0x00, 0x2f, 0x04, 0x00, 0x00, 0xb9, 0x07, 0x00, 0x00,
    0x4d, 0x04, 0x00, 0x00, 0xfc, 0x07, 0x00, 0x00, 0x0f, 0x06, 0x00, 0x00, 0xc8, 0xfc, 0xff, 0xff,
    0x61, 0xfb, 0xff, 0xff, 0xca, 0xff, 0xff, 0xff, 0x50, 0x0e, 0x00, 0x00, 0x37, 0x17, 0x00, 0x00,
    0x74, 0x03, 0x00, 0x00, 0x1d, 0xf8, 0xff, 0xff, 0x07, 0xfb, 0xff, 0xff, 0xfb, 0xfd, 0xff, 0xff,
    0x65, 0xfe, 0xff, 0xff, 0x24, 0x01, 0x00, 0x00, 0x86, 0xfd, 0xff, 0xff, 0x7e, 0xff, 0xff, 0xff,
    0x90, 0xff, 0xff, 0xff, 0xc3, 0xf7, 0xff, 0xff, 0x52, 0xf9, 0xff, 0xff, 0x2b, 0xfa, 0xff, 0xff,
    0xef, 0x00, 0x00, 0x00, 0xb6, 0x11, 0x00, 0x00, 0xa4, 0xfe, 0xff, 0xff, 0xaf, 0xfe, 0xff, 0xff,
    0x23, 0xfe, 0xff, 0xff, 0xc5, 0xf9, 0xff, 0xff, 0x7a, 0xfc, 0xff, 0xff, 0x90, 0x00, 0x00, 0x00,
    0xef, 0xff, 0xff, 0xff, 0x12, 0x00, 0x00, 0x00, 0xf2, 0x01, 0x00, 0x00, 0xa3, 0xfc, 0xff, 0xff,
    0xe4, 0xfd, 0xff, 0xff, 0xb9, 0xfb, 0xff, 0xff, 0xd0, 0xfe, 0xff, 0xff, 0xa7, 0xfb, 0xff, 0xff,
    0x33, 0xfb, 0xff, 0xff, 0x4c, 0xfb, 0xff, 0xff, 0xc5, 0xfb, 0xff, 0xff, 0x28, 0xfb, 0xff, 0xff,
    0xdb, 0xf9, 0xff, 0xff, 0x43, 0xf8, 0xff, 0xff, 0xf1, 0xfb, 0xff, 0xff, 0x26, 0xff, 0xff, 0xff,
    0x32, 0xff, 0xff, 0xff, 0x47, 0xfe, 0xff, 0xff, 0x91, 0xfe, 0xff, 0xff, 0x09, 0xff, 0xff, 0xff,
    0x33, 0x01, 0x00, 0x00, 0xf5, 0xfb, 0xff, 0xff, 0x0c, 0xfa, 0xff, 0xff, 0x3a, 0xfc, 0xff, 0xff,
    0xe8, 0x01, 0x00, 0x00, 0xe1, 0x02, 0x00, 0x00, 0x25, 0x00, 0x00, 0x00, 0x36, 0x02, 0x00, 0x00,
    0x61, 0x01, 0x00, 0x00, 0xef, 0x00, 0x00, 0x00, 0x82, 0xfd, 0xff, 0xff, 0x50, 0xf4, 0xff, 0xff,
    0xc7, 0xf1, 0xff, 0xff, 0x8f, 0xf4, 0xff, 0xff, 0x16, 0xfa, 0xff, 0xff, 0xfa, 0xf9, 0xff, 0xff,
    0xe9, 0xf8, 0xff, 0xff, 0x46, 0xf9, 0xff, 0xff, 0x1e, 0xfd, 0xff, 0xff, 0xb4, 0xfb, 0xff, 0xff,
    0xc2, 0x08, 0x00, 0x00, 0x0b, 0x0a, 0x00, 0x00, 0x5b, 0x0a, 0x00, 0x00, 0x5e, 0x08, 0x00, 0x00,
    0x3e, 0x08, 0x00, 0x00, 0xa1, 0x0c, 0x00, 0x00, 0x88, 0xf9, 0xff, 0xff, 0x36, 0xee, 0xff, 0xff,
    0x35, 0xea, 0xff, 0xff, 0x3a, 0xea, 0xff, 0xff, 0x58, 0xfe, 0xff, 0xff, 0xaa, 0xf9, 0xff, 0xff,
    0x3a, 0xf2, 0xff, 0xff, 0xfb, 0xf0, 0xff, 0xff, 0xa2, 0xf1, 0xff, 0xff, 0x1e, 0xf4, 0xff, 0xff,
    0x84, 0xf9, 0xff, 0xff, 0xb5, 0xfa, 0xff, 0xff, 0xf3, 0xf9, 0xff, 0xff, 0xc6, 0xf8, 0xff, 0xff,
    0x37, 0xf4, 0xff, 0xff, 0x2a, 0xf4, 0xff, 0xff, 0xb1, 0xf7, 0xff, 0xff, 0x7b, 0xf9, 0xff, 0xff,
    0x1c, 0xf9, 0xff, 0xff, 0xac, 0xfc, 0xff, 0xff, 0x1d, 0xfb, 0xff, 0xff, 0x0f, 0xfb, 0xff, 0xff,
    0xd1, 0x02, 0x00, 0x00, 0xf8, 0x13, 0x00, 0x00, 0x16, 0x17, 0x00, 0x00, 0xf5, 0x13, 0x00, 0x00,
    0x8a, 0x03, 0x00, 0x00, 0xc7, 0xfd, 0xff, 0xff, 0x0d, 0xfc, 0xff, 0xff, 0x6f, 0xfb, 0xff, 0xff,
    0x15, 0xfb, 0xff, 0xff, 0xc2, 0xf9, 0xff, 0xff, 0xba, 0xf9, 0xff, 0xff, 0xe7, 0xfb, 0xff, 0xff,
    0x08, 0xfb, 0xff, 0xff, 0x44, 0xf9, 0xff, 0xff, 0x54, 0x00, 0x00, 0x00, 0x7c, 0x05, 0x00, 0x00,
    0x46, 0x04, 0x00, 0x00, 0x3b, 0x01, 0x00, 0x00, 0xba, 0x02, 0x00, 0x00, 0xe1, 0xfe, 0xff, 0xff,
    0x7d, 0xfe, 0xff, 0xff, 0x54, 0xff, 0xff, 0xff, 0x9b, 0x00, 0x00, 0x00, 0xd4, 0xff, 0xff, 0xff,
    0xcc, 0x00, 0x00, 0x00, 0x81, 0xff, 0xff, 0xff, 0x48, 0xfc, 0xff, 0xff, 0x49, 0x02, 0x00, 0x00,
    0x39, 0x06, 0x00, 0x00, 0x6b, 0x04, 0x00, 0x00, 0xb7, 0x03, 0x00, 0x00, 0xc6, 0x09, 0x00, 0x00,
    0xd8, 0x0b, 0x00, 0x00, 0x6e, 0x07, 0x00, 0x00, 0x97, 0x0c, 0x00, 0x00, 0x84, 0x08, 0x00, 0x00,
    0xf9, 0x04, 0x00, 0x00, 0x60, 0x0b, 0x00, 0x00, 0xae, 0x14, 0x00, 0x00, 0xfe, 0x17, 0x00, 0x00,
    0x99, 0x09, 0x00, 0x00, 0x53, 0x03, 0x00, 0x00, 0x8c, 0x06, 0x00, 0x00, 0xbe, 0x08, 0x00, 0x00,
    0x5a, 0x08, 0x00, 0x00, 0x1f, 0x09, 0x00, 0x00, 0x32, 0x06, 0x00, 0x00, 0x2f, 0x01, 0x00, 0x00,
    0x0a, 0x02, 0x00, 0x00, 0x7f, 0x00, 0x00, 0x00, 0x7c, 0xfe, 0xff, 0xff, 0x9b, 0xfd, 0xff, 0xff,
    0x7b, 0x05, 0x00, 0x00, 0x79, 0x0f, 0x00, 0x00, 0x8b, 0x01, 0x00, 0x00, 0xa2, 0x02, 0x00, 0x00,
    0x87, 0xff, 0xff, 0xff, 0x2b, 0xfb, 0xff, 0xff, 0xee, 0xfc, 0xff, 0xff, 0x8a, 0xfe, 0xff, 0xff,
    0x5d, 0x02, 0x00, 0x00, 0x25, 0x04, 0x00, 0x00, 0xb0, 0x07, 0x00, 0x00, 0x5a, 0x05, 0x00, 0x00,
    0x59, 0x04, 0x00, 0x00, 0xad, 0x03, 0x00, 0x00, 0x80, 0x03, 0x00, 0x00, 0xb4, 0xfe, 0xff, 0xff,
    0xea, 0xfb, 0xff, 0xff, 0x38, 0xfb, 0xff, 0xff, 0x78, 0xfa, 0xff, 0xff, 0x1d, 0xfb, 0xff, 0xff,
    0x24, 0xfa, 0xff, 0xff, 0x7b, 0xf6, 0xff, 0xff, 0xfa, 0xf8, 0xff, 0xff, 0x6d, 0xfb, 0xff, 0xff,
    0xf4, 0xfb, 0xff, 0xff, 0x60, 0xfd, 0xff, 0xff, 0xe8, 0xfc, 0xff, 0xff, 0x82, 0xfd, 0xff, 0xff,
    0x41, 0xfd, 0xff, 0xff, 0x8d, 0xff, 0xff, 0xff, 0x3b, 0xfe, 0xff, 0xff, 0x9b, 0x00, 0x00, 0x00,
    0x19, 0x01, 0x00, 0x00, 0x81, 0xfe, 0xff, 0xff, 0xc2, 0xfd, 0xff, 0xff, 0x6a, 0x01, 0x00, 0x00,
    0x89, 0xfe, 0xff, 0xff, 0x83, 0xfd, 0xff, 0xff, 0xad, 0xfe, 0xff, 0xff, 0xcc, 0xf6, 0xff, 0xff,
    0x1d, 0xf6, 0xff, 0xff, 0x9d, 0xf7, 0xff, 0xff, 0xa6, 0xfa, 0xff, 0xff, 0x6e, 0xf9, 0xff, 0xff,
    0x40, 0xfa, 0xff, 0xff, 0x27, 0xfa, 0xff, 0xff, 0x03, 0xfc, 0xff, 0xff, 0xb1, 0xfc, 0xff, 0xff,
    0xa8, 0x08, 0x00, 0x00, 0x26, 0xfc, 0xff, 0xff, 0x7f, 0xfb, 0xff, 0xff, 0x3c, 0x00, 0x00, 0x00,
    0x94, 0x02, 0x00, 0x00, 0xcc, 0x06, 0x00, 0x00, 0xbf, 0xf6, 0xff, 0xff, 0xd7, 0xf2, 0xff, 0xff,
    0xfd, 0xef, 0xff, 0xff, 0xc5, 0xf0, 0xff, 0xff, 0xbd, 0xff, 0xff, 0xff, 0x79, 0xfb, 0xff, 0xff,
    0x67, 0xf5, 0xff, 0xff, 0x8c, 0xf5, 0xff, 0xff, 0x82, 0xf4, 0xff, 0xff, 0x89, 0xf2, 0xff, 0xff,
    0xef, 0xf6, 0xff, 0xff, 0x8f, 0xfa, 0xff, 0xff, 0x0e, 0xfa, 0xff, 0xff, 0x2a, 0xfa, 0xff, 0xff,
    0x22, 0xf5, 0xff, 0xff, 0x15, 0xf4, 0xff, 0xff, 0xd8, 0xfb, 0xff, 0xff, 0x4b, 0xfd, 0xff, 0xff,
    0x8b, 0xf9, 0xff, 0xff, 0xed, 0xfc, 0xff, 0xff, 0xa5, 0xfc, 0xff, 0xff, 0x87, 0xfc, 0xff, 0xff,
    0x29, 0x05, 0x00, 0x00, 0xc4, 0x15, 0x00, 0x00, 0x5e, 0x17, 0x00, 0x00, 0xe3, 0x11, 0x00, 0x00,
    0xc0, 0x02, 0x00, 0x00, 0x9f, 0xfd, 0xff, 0xff, 0x2f, 0xfb, 0xff, 0xff, 0x37, 0xfc, 0xff, 0xff,
    0xc2, 0xfb, 0xff, 0xff, 0xe2, 0xf9, 0xff, 0xff, 0x8b, 0xfb, 0xff, 0xff, 0xe4, 0xfd, 0xff, 0xff,
    0x62, 0xfa, 0xff, 0xff, 0x08, 0xf9, 0xff, 0xff, 0xaa, 0xff, 0xff, 0xff, 0x0b, 0x06, 0x00, 0x00,
    0x55, 0x02, 0x00, 0x00, 0x5c, 0xff, 0xff, 0xff, 0x62, 0xff, 0xff, 0xff, 0x14, 0xfd, 0xff, 0xff,
    0xd3, 0xfa, 0xff, 0xff, 0x32, 0xfa, 0xff, 0xff, 0x4a, 0xf9, 0xff, 0xff, 0x5a, 0xfa, 0xff, 0xff,
    0x28, 0x01, 0x00, 0x00, 0xaf, 0xfc, 0xff, 0xff, 0xda, 0x02, 0x00, 0x00, 0x6c, 0x01, 0x00, 0x00,
    0xc4, 0x00, 0x00, 0x00, 0xda, 0x01, 0x00, 0x00, 0x8b, 0xff, 0xff, 0xff, 0xb1, 0x03, 0x00, 0x00,
    0xd0, 0x07, 0x00, 0x00, 0xd7, 0x07, 0x00, 0x00, 0x09, 0x07, 0x00, 0x00, 0x22, 0xfc, 0xff, 0xff,
    0xf4, 0xfa, 0xff, 0xff, 0x6e, 0xfc, 0xff, 0xff, 0x9d, 0x0a, 0x00, 0x00, 0xab, 0x16, 0x00, 0x00,
    0xae, 0x07, 0x00, 0x00, 0xc6, 0xff, 0xff, 0xff, 0x6e, 0x00, 0x00, 0x00, 0x02, 0x03, 0x00, 0x00,
    0x51, 0x03, 0x00, 0x00, 0x4b, 0x0b, 0x00, 0x00, 0xd0, 0x07, 0x00, 0x00, 0xa2, 0x01, 0x00, 0x00,
    0x14, 0x03, 0x00, 0x00, 0xc9, 0x06, 0x00, 0x00, 0xa2, 0x08, 0x00, 0x00, 0x71, 0x07, 0x00, 0x00,
    0x73, 0x0b, 0x00, 0x00, 0xa4, 0x16, 0x00, 0x00, 0xce, 0x0d, 0x00, 0x00, 0x53, 0x0b, 0x00, 0x00,
    0x20, 0x07, 0x00, 0x00, 0x6b, 0x04, 0x00, 0x00, 0xdb, 0x01, 0x00, 0x00, 0x0d, 0x05, 0x00, 0x00,
    0x8e, 0x04, 0x00, 0x00, 0x3c, 0x0a, 0x00, 0x00, 0x71, 0x0a, 0x00, 0x00, 0x36, 0x07, 0x00, 0x00,
    0x93, 0x06, 0x00, 0x00, 0x9f, 0x06, 0x00, 0x00, 0xfe, 0x04, 0x00, 0x00, 0xad, 0x01, 0x00, 0x00,
    0xd9, 0x04, 0x00, 0x00, 0x44, 0x07, 0x00, 0x00, 0x1f, 0x03, 0x00, 0x00, 0x9d, 0x00, 0x00, 0x00,
    0x78, 0x02, 0x00, 0x00, 0x34, 0x06, 0x00, 0x00, 0x71, 0x05, 0x00, 0x00, 0x68, 0x05, 0x00, 0x00,
    0xbf, 0x07, 0x00, 0x00, 0x7f, 0x03, 0x00, 0x00, 0xaa, 0x00, 0x00, 0x00, 0x41, 0x02, 0x00, 0x00,
    0x9d, 0x05, 0x00, 0x00, 0xd6, 0x08, 0x00, 0x00, 0x30, 0x0b, 0x00, 0x00, 0xb1, 0x04, 0x00, 0x00,
    0xf4, 0x09, 0x00, 0x00, 0x56, 0x03, 0x00, 0x00, 0xdd, 0x07, 0x00, 0x00, 0xb2, 0x09, 0x00, 0x00,
    0x86, 0x07, 0x00, 0x00, 0x5c, 0x07, 0x00, 0x00, 0xc1, 0x01, 0x00, 0x00, 0xd4, 0xfe, 0xff, 0xff,
    0x7a, 0xfe, 0xff, 0xff, 0x2a, 0x01, 0x00, 0x00, 0x69, 0xff, 0xff, 0xff, 0x33, 0xfe, 0xff, 0xff,
    0xc5, 0xfd, 0xff, 0xff, 0x5f, 0x00, 0x00, 0x00, 0x70, 0x05, 0x00, 0x00, 0x89, 0x03, 0x00, 0x00,
    0x78, 0xff, 0xff, 0xff, 0x7c, 0xff, 0xff, 0xff, 0x0f, 0x00, 0x00, 0x00, 0x4d, 0x4c, 0x49, 0x52,
    0x20, 0x43, 0x6f, 0x6e, 0x76, 0x65, 0x72, 0x74, 0x65, 0x64, 0x2e, 0x00, 0x01, 0x00, 0x00, 0x00,
    0x14, 0x00, 0x00, 0x00, 0x00, 0x00, 0x0e, 0x00, 0x18, 0x00, 0x14, 0x00, 0x10, 0x00, 0x0c, 0x00,
    0x08, 0x00, 0x04, 0x00, 0x0e, 0x00, 0x00, 0x00, 0x14, 0x00, 0x00, 0x00, 0x1c, 0x00, 0x00, 0x00,
    0x94, 0x01, 0x00, 0x00, 0x98, 0x01, 0x00, 0x00, 0x9c, 0x01, 0x00, 0x00, 0x04, 0x00, 0x00, 0x00,
    0x6d, 0x61, 0x69, 0x6e, 0x00, 0x00, 0x00, 0x00, 0x06, 0x00, 0x00, 0x00, 0x3c, 0x01, 0x00, 0x00,
    0xf4, 0x00, 0x00, 0x00, 0xac, 0x00, 0x00, 0x00, 0x74, 0x00, 0x00, 0x00, 0x3c, 0x00, 0x00, 0x00,
    0x04, 0x00, 0x00, 0x00, 0x2e, 0xff, 0xff, 0xff, 0x14, 0x00, 0x00, 0x00, 0x00, 0x00, 0x00, 0x08,
    0x10, 0x00, 0x00, 0x00, 0x14, 0x00, 0x00, 0x00, 0x04, 0x00, 0x04, 0x00, 0x04, 0x00, 0x00, 0x00,
    0x01, 0x00, 0x00, 0x00, 0x12, 0x00, 0x00, 0x00, 0x03, 0x00, 0x00, 0x00, 0x11, 0x00, 0x00, 0x00,
    0x02, 0x00, 0x00, 0x00, 0x01, 0x00, 0x00, 0x00, 0x62, 0xff, 0xff, 0xff, 0x10, 0x00, 0x00, 0x00,
    0x00, 0x00, 0x00, 0x08, 0x10, 0x00, 0x00, 0x00, 0x14, 0x00, 0x00, 0x00, 0x0e, 0xff, 0xff, 0xff,
    0x00, 0x00, 0x00, 0x01, 0x01, 0x00, 0x00, 0x00, 0x11, 0x00, 0x00, 0x00, 0x03, 0x00, 0x00, 0x00,
    0x10, 0x00, 0x00, 0x00, 0x04, 0x00, 0x00, 0x00, 0x03, 0x00, 0x00, 0x00, 0x96, 0xff, 0xff, 0xff,
    0x10, 0x00, 0x00, 0x00, 0x00, 0x00, 0x00, 0x08, 0x10, 0x00, 0x00, 0x00, 0x14, 0x00, 0x00, 0x00,
    0x42, 0xff, 0xff, 0xff, 0x00, 0x00, 0x00, 0x01, 0x01, 0x00, 0x00, 0x00, 0x10, 0x00, 0x00, 0x00,
    0x03, 0x00, 0x00, 0x00, 0x0f, 0x00, 0x00, 0x00, 0x06, 0x00, 0x00, 0x00, 0x05, 0x00, 0x00, 0x00,
    0xca, 0xff, 0xff, 0xff, 0x10, 0x00, 0x00, 0x00, 0x00, 0x00, 0x00, 0x08, 0x10, 0x00, 0x00, 0x00,
    0x14, 0x00, 0x00, 0x00, 0x76, 0xff, 0xff, 0xff, 0x00, 0x00, 0x00, 0x01, 0x01, 0x00, 0x00, 0x00,
    0x0f, 0x00, 0x00, 0x00, 0x03, 0x00, 0x00, 0x00, 0x0e, 0x00, 0x00, 0x00, 0x08, 0x00, 0x00, 0x00,
    0x07, 0x00, 0x00, 0x00, 0x00, 0x00, 0x0e, 0x00, 0x14, 0x00, 0x00, 0x00, 0x10, 0x00, 0x0c, 0x00,
    0x0b, 0x00, 0x04, 0x00, 0x0e, 0x00, 0x00, 0x00, 0x10, 0x00, 0x00, 0x00, 0x00, 0x00, 0x00, 0x08,
    0x10, 0x00, 0x00, 0x00, 0x14, 0x00, 0x00, 0x00, 0xba, 0xff, 0xff, 0xff, 0x00, 0x00, 0x00, 0x01,
    0x01, 0x00, 0x00, 0x00, 0x0e, 0x00, 0x00, 0x00, 0x03, 0x00, 0x00, 0x00, 0x0d, 0x00, 0x00, 0x00,
    0x0a, 0x00, 0x00, 0x00, 0x09, 0x00, 0x00, 0x00, 0x00, 0x00, 0x0e, 0x00, 0x16, 0x00, 0x00, 0x00,
    0x10, 0x00, 0x0c, 0x00, 0x0b, 0x00, 0x04, 0x00, 0x0e, 0x00, 0x00, 0x00, 0x18, 0x00, 0x00, 0x00,
    0x00, 0x00, 0x00, 0x08, 0x18, 0x00, 0x00, 0x00, 0x1c, 0x00, 0x00, 0x00, 0x00, 0x00, 0x06, 0x00,
    0x08, 0x00, 0x07, 0x00, 0x06, 0x00, 0x00, 0x00, 0x00, 0x00, 0x00, 0x01, 0x01, 0x00, 0x00, 0x00,
    0x0d, 0x00, 0x00, 0x00, 0x03, 0x00, 0x00, 0x00, 0x00, 0x00, 0x00, 0x00, 0x0c, 0x00, 0x00, 0x00,
    0x0b, 0x00, 0x00, 0x00, 0x01, 0x00, 0x00, 0x00, 0x12, 0x00, 0x00, 0x00, 0x01, 0x00, 0x00, 0x00,
    0x00, 0x00, 0x00, 0x00, 0x13, 0x00, 0x00, 0x00, 0xe8, 0x52, 0x00, 0x00, 0x78, 0x34, 0x00, 0x00,
    0x04, 0x16, 0x00, 0x00, 0x30, 0x14, 0x00, 0x00, 0x54, 0x12, 0x00, 0x00, 0x80, 0x10, 0x00, 0x00,
    0xa4, 0x0e, 0x00, 0x00, 0xf0, 0x0d, 0x00, 0x00, 0x34, 0x0d, 0x00, 0x00, 0x60, 0x0b, 0x00, 0x00,
    0x84, 0x09, 0x00, 0x00, 0xb0, 0x07, 0x00, 0x00, 0xd4, 0x05, 0x00, 0x00, 0xc8, 0x04, 0x00, 0x00,
    0xbc, 0x03, 0x00, 0x00, 0x98, 0x02, 0x00, 0x00, 0x8c, 0x01, 0x00, 0x00, 0x80, 0x00, 0x00, 0x00,
    0x04, 0x00, 0x00, 0x00, 0x7a, 0xad, 0xff, 0xff, 0x00, 0x00, 0x00, 0x01, 0x18, 0x00, 0x00, 0x00,
    0x20, 0x00, 0x00, 0x00, 0x3c, 0x00, 0x00, 0x00, 0x13, 0x00, 0x00, 0x00, 0x00, 0x00, 0x00, 0x09,
    0x50, 0x00, 0x00, 0x00, 0x02, 0x00, 0x00, 0x00, 0xff, 0xff, 0xff, 0xff, 0x80, 0x02, 0x00, 0x00,
    0x64, 0xad, 0xff, 0xff, 0x08, 0x00, 0x00, 0x00, 0x10, 0x00, 0x00, 0x00, 0x01, 0x00, 0x00, 0x00,
    0x39, 0x00, 0x00, 0x00, 0x00, 0x00, 0x00, 0x00, 0x01, 0x00, 0x00, 0x00, 0xf8, 0x13, 0x72, 0x3d,
    0x1b, 0x00, 0x00, 0x00, 0x53, 0x74, 0x61, 0x74, 0x65, 0x66, 0x75, 0x6c, 0x50, 0x61, 0x72, 0x74,
    0x69, 0x74, 0x69, 0x6f, 0x6e, 0x65, 0x64, 0x43, 0x61, 0x6c, 0x6c, 0x5f, 0x31, 0x3a, 0x30, 0x00,
    0x02, 0x00, 0x00, 0x00, 0x01, 0x00, 0x00, 0x00, 0x80, 0x02, 0x00, 0x00, 0xf2, 0xad, 0xff, 0xff,
    0x00, 0x00, 0x00, 0x01, 0x18, 0x00, 0x00, 0x00, 0x20, 0x00, 0x00, 0x00, 0x40, 0x00, 0x00, 0x00,
    0x12, 0x00, 0x00, 0x00, 0x00, 0x00, 0x00, 0x09, 0xe0, 0x00, 0x00, 0x00, 0x02, 0x00, 0x00, 0x00,
    0xff, 0xff, 0xff, 0xff, 0x20, 0x00, 0x00, 0x00, 0xdc, 0xad, 0xff, 0xff, 0x08, 0x00, 0x00, 0x00,
    0x14, 0x00, 0x00, 0x00, 0x01, 0x00, 0x00, 0x00, 0x80, 0xff, 0xff, 0xff, 0xff, 0xff, 0xff, 0xff,
    0x00, 0x00, 0x00, 0x00, 0x01, 0x00, 0x00, 0x00, 0x2f, 0xec, 0xf8, 0x3c, 0xa7, 0x00, 0x00, 0x00,
    0x61, 0x65, 0x5f, 0x77, 0x33, 0x32, 0x64, 0x32, 0x62, 0x38, 0x5f, 0x31, 0x2f, 0x64, 0x65, 0x63,
    0x5f, 0x31, 0x5f, 0x31, 0x2f, 0x4d, 0x61, 0x74, 0x4d, 0x75, 0x6c, 0x3b, 0x61, 0x65, 0x5f, 0x77,
    0x33, 0x32, 0x64, 0x32, 0x62, 0x38, 0x5f, 0x31, 0x2f, 0x64, 0x65, 0x63, 0x5f, 0x31, 0x5f, 0x31,
    0x2f, 0x42, 0x69, 0x61, 0x73, 0x41, 0x64, 0x64, 0x3b, 0x61, 0x65, 0x5f, 0x77, 0x33, 0x32, 0x64,
    0x32, 0x62, 0x38, 0x5f, 0x31, 0x2f, 0x64, 0x65, 0x63, 0x5f, 0x62, 0x6e, 0x5f, 0x31, 0x5f, 0x31,
    0x2f, 0x62, 0x61, 0x74, 0x63, 0x68, 0x6e, 0x6f, 0x72, 0x6d, 0x2f, 0x6d, 0x75, 0x6c, 0x5f, 0x31,
    0x3b, 0x61, 0x65, 0x5f, 0x77, 0x33, 0x32, 0x64, 0x32, 0x62, 0x38, 0x5f, 0x31, 0x2f, 0x64, 0x65,
    0x63, 0x5f, 0x72, 0x65, 0x6c, 0x75, 0x5f, 0x31, 0x5f, 0x31, 0x2f, 0x52, 0x65, 0x6c, 0x75, 0x3b,
    0x61, 0x65, 0x5f, 0x77, 0x33, 0x32, 0x64, 0x32, 0x62, 0x38, 0x5f, 0x31, 0x2f, 0x64, 0x65, 0x63,
    0x5f, 0x62, 0x6e, 0x5f, 0x31, 0x5f, 0x31, 0x2f, 0x62, 0x61, 0x74, 0x63, 0x68, 0x6e, 0x6f, 0x72,
    0x6d, 0x2f, 0x61, 0x64, 0x64, 0x5f, 0x31, 0x00, 0x02, 0x00, 0x00, 0x00, 0x01, 0x00, 0x00, 0x00,
    0x20, 0x00, 0x00, 0x00, 0xfa, 0xae, 0xff, 0xff, 0x00, 0x00, 0x00, 0x01, 0x18, 0x00, 0x00, 0x00,
    0x20, 0x00, 0x00, 0x00, 0x40, 0x00, 0x00, 0x00, 0x11, 0x00, 0x00, 0x00, 0x00, 0x00, 0x00, 0x09,
    0xe0, 0x00, 0x00, 0x00, 0x02, 0x00, 0x00, 0x00, 0xff, 0xff, 0xff, 0xff, 0x20, 0x00, 0x00, 0x00,
    0xe4, 0xae, 0xff, 0xff, 0x08, 0x00, 0x00, 0x00, 0x14, 0x00, 0x00, 0x00, 0x01, 0x00, 0x00, 0x00,
    0x80, 0xff, 0xff, 0xff, 0xff, 0xff, 0xff, 0xff, 0x00, 0x00, 0x00, 0x00, 0x01, 0x00, 0x00, 0x00,
    0x93, 0xb2, 0xd5, 0x3c, 0xa7, 0x00, 0x00, 0x00, 0x61, 0x65, 0x5f, 0x77, 0x33, 0x32, 0x64, 0x32,
    0x62, 0x38, 0x5f, 0x31, 0x2f, 0x64, 0x65, 0x63, 0x5f, 0x30, 0x5f, 0x31, 0x2f, 0x4d, 0x61, 0x74,
    0x4d, 0x75, 0x6c, 0x3b, 0x61, 0x65, 0x5f, 0x77, 0x33, 0x32, 0x64, 0x32, 0x62, 0x38, 0x5f, 0x31,
    0x2f, 0x64, 0x65, 0x63, 0x5f, 0x30, 0x5f, 0x31, 0x2f, 0x42, 0x69, 0x61, 0x73, 0x41, 0x64, 0x64,
    0x3b, 0x61, 0x65, 0x5f, 0x77, 0x33, 0x32, 0x64, 0x32, 0x62, 0x38, 0x5f, 0x31, 0x2f, 0x64, 0x65,
    0x63, 0x5f, 0x62, 0x6e, 0x5f, 0x30, 0x5f, 0x31, 0x2f, 0x62, 0x61, 0x74, 0x63, 0x68, 0x6e, 0x6f,
    0x72, 0x6d, 0x2f, 0x6d, 0x75, 0x6c, 0x5f, 0x31, 0x3b, 0x61, 0x65, 0x5f, 0x77, 0x33, 0x32, 0x64,
    0x32, 0x62, 0x38, 0x5f, 0x31, 0x2f, 0x64, 0x65, 0x63, 0x5f, 0x72, 0x65, 0x6c, 0x75, 0x5f, 0x30,
    0x5f, 0x31, 0x2f, 0x52, 0x65, 0x6c, 0x75, 0x3b, 0x61, 0x65, 0x5f, 0x77, 0x33, 0x32, 0x64, 0x32,
    0x62, 0x38, 0x5f, 0x31, 0x2f, 0x64, 0x65, 0x63, 0x5f, 0x62, 0x6e, 0x5f, 0x30, 0x5f, 0x31, 0x2f,
    0x62, 0x61, 0x74, 0x63, 0x68, 0x6e, 0x6f, 0x72, 0x6d, 0x2f, 0x61, 0x64, 0x64, 0x5f, 0x31, 0x00,
    0x02, 0x00, 0x00, 0x00, 0x01, 0x00, 0x00, 0x00, 0x20, 0x00, 0x00, 0x00, 0x02, 0xb0, 0xff, 0xff,
    0x00, 0x00, 0x00, 0x01, 0x18, 0x00, 0x00, 0x00, 0x20, 0x00, 0x00, 0x00, 0x3c, 0x00, 0x00, 0x00,
    0x10, 0x00, 0x00, 0x00, 0x00, 0x00, 0x00, 0x09, 0xf8, 0x00, 0x00, 0x00, 0x02, 0x00, 0x00, 0x00,
    0xff, 0xff, 0xff, 0xff, 0x08, 0x00, 0x00, 0x00, 0xec, 0xaf, 0xff, 0xff, 0x08, 0x00, 0x00, 0x00,
    0x10, 0x00, 0x00, 0x00, 0x01, 0x00, 0x00, 0x00, 0x80, 0xff, 0xff, 0xff, 0xff, 0xff, 0xff, 0xff,
    0x01, 0x00, 0x00, 0x00, 0xb9, 0xf9, 0xe0, 0x3c, 0xc0, 0x00, 0x00, 0x00, 0x61, 0x65, 0x5f, 0x77,
    0x33, 0x32, 0x64, 0x32, 0x62, 0x38, 0x5f, 0x31, 0x2f, 0x62, 0x6f, 0x74, 0x74, 0x6c, 0x65, 0x6e,
    0x65, 0x63, 0x6b, 0x5f, 0x31, 0x2f, 0x4d, 0x61, 0x74, 0x4d, 0x75, 0x6c, 0x3b, 0x61, 0x65, 0x5f,
    0x77, 0x33, 0x32, 0x64, 0x32, 0x62, 0x38, 0x5f, 0x31, 0x2f, 0x62, 0x6f, 0x74, 0x74, 0x6c, 0x65,
    0x6e, 0x65, 0x63, 0x6b, 0x5f, 0x31, 0x2f, 0x42, 0x69, 0x61, 0x73, 0x41, 0x64, 0x64, 0x3b, 0x61,
    0x65, 0x5f, 0x77, 0x33, 0x32, 0x64, 0x32, 0x62, 0x38, 0x5f, 0x31, 0x2f, 0x62, 0x6e, 0x5f, 0x62,
    0x6f, 0x74, 0x74, 0x6c, 0x65, 0x6e, 0x65, 0x63, 0x6b, 0x5f, 0x31, 0x2f, 0x62, 0x61, 0x74, 0x63,
    0x68, 0x6e, 0x6f, 0x72, 0x6d, 0x2f, 0x6d, 0x75, 0x6c, 0x5f, 0x31, 0x3b, 0x61, 0x65, 0x5f, 0x77,
    0x33, 0x32, 0x64, 0x32, 0x62, 0x38, 0x5f, 0x31, 0x2f, 0x72, 0x65, 0x6c, 0x75, 0x5f, 0x62, 0x6f,
    0x74, 0x74, 0x6c, 0x65, 0x6e, 0x65, 0x63, 0x6b, 0x5f, 0x31, 0x2f, 0x52, 0x65, 0x6c, 0x75, 0x3b,
    0x61, 0x65, 0x5f, 0x77, 0x33, 0x32, 0x64, 0x32, 0x62, 0x38, 0x5f, 0x31, 0x2f, 0x62, 0x6e, 0x5f,
    0x62, 0x6f, 0x74, 0x74, 0x6c, 0x65, 0x6e, 0x65, 0x63, 0x6b, 0x5f, 0x31, 0x2f, 0x62, 0x61, 0x74,
    0x63, 0x68, 0x6e, 0x6f, 0x72, 0x6d, 0x2f, 0x61, 0x64, 0x64, 0x5f, 0x31, 0x00, 0x00, 0x00, 0x00,
    0x02, 0x00, 0x00, 0x00, 0x01, 0x00, 0x00, 0x00, 0x08, 0x00, 0x00, 0x00, 0x22, 0xb1, 0xff, 0xff,
    0x00, 0x00, 0x00, 0x01, 0x18, 0x00, 0x00, 0x00, 0x20, 0x00, 0x00, 0x00, 0x40, 0x00, 0x00, 0x00,
    0x0f, 0x00, 0x00, 0x00, 0x00, 0x00, 0x00, 0x09, 0xe0, 0x00, 0x00, 0x00, 0x02, 0x00, 0x00, 0x00,
    0xff, 0xff, 0xff, 0xff, 0x20, 0x00, 0x00, 0x00, 0x0c, 0xb1, 0xff, 0xff, 0x08, 0x00, 0x00, 0x00,
    0x14, 0x00, 0x00, 0x00, 0x01, 0x00, 0x00, 0x00, 0x80, 0xff, 0xff, 0xff, 0xff, 0xff, 0xff, 0xff,
    0x00, 0x00, 0x00, 0x00, 0x01, 0x00, 0x00, 0x00, 0x86, 0xf1, 0xe6, 0x3c, 0xa7, 0x00, 0x00, 0x00,
    0x61, 0x65, 0x5f, 0x77, 0x33, 0x32, 0x64, 0x32, 0x62, 0x38, 0x5f, 0x31, 0x2f, 0x65, 0x6e, 0x63,
    0x5f, 0x31, 0x5f, 0x31, 0x2f, 0x4d, 0x61, 0x74, 0x4d, 0x75, 0x6c, 0x3b, 0x61, 0x65, 0x5f, 0x77,
    0x33, 0x32, 0x64, 0x32, 0x62, 0x38, 0x5f, 0x31, 0x2f, 0x65, 0x6e, 0x63, 0x5f, 0x31, 0x5f, 0x31,
    0x2f, 0x42, 0x69, 0x61, 0x73, 0x41, 0x64, 0x64, 0x3b, 0x61, 0x65, 0x5f, 0x77, 0x33, 0x32, 0x64,
    0x32, 0x62, 0x38, 0x5f, 0x31, 0x2f, 0x65, 0x6e, 0x63, 0x5f, 0x62, 0x6e, 0x5f, 0x31, 0x5f, 0x31,
    0x2f, 0x62, 0x61, 0x74, 0x63, 0x68, 0x6e, 0x6f, 0x72, 0x6d, 0x2f, 0x6d, 0x75, 0x6c, 0x5f, 0x31,
    0x3b, 0x61, 0x65, 0x5f, 0x77, 0x33, 0x32, 0x64, 0x32, 0x62, 0x38, 0x5f, 0x31, 0x2f, 0x65, 0x6e,
    0x63, 0x5f, 0x72, 0x65, 0x6c, 0x75, 0x5f, 0x31, 0x5f, 0x31, 0x2f, 0x52, 0x65, 0x6c, 0x75, 0x3b,
    0x61, 0x65, 0x5f, 0x77, 0x33, 0x32, 0x64, 0x32, 0x62, 0x38, 0x5f, 0x31, 0x2f, 0x65, 0x6e, 0x63,
    0x5f, 0x62, 0x6e, 0x5f, 0x31, 0x5f, 0x31, 0x2f, 0x62, 0x61, 0x74, 0x63, 0x68, 0x6e, 0x6f, 0x72,
    0x6d, 0x2f, 0x61, 0x64, 0x64, 0x5f, 0x31, 0x00, 0x02, 0x00, 0x00, 0x00, 0x01, 0x00, 0x00, 0x00,
    0x20, 0x00, 0x00, 0x00, 0x2a, 0xb2, 0xff, 0xff, 0x00, 0x00, 0x00, 0x01, 0x18, 0x00, 0x00, 0x00,
    0x20, 0x00, 0x00, 0x00, 0x40, 0x00, 0x00, 0x00, 0x0e, 0x00, 0x00, 0x00, 0x00, 0x00, 0x00, 0x09,
    0xe0, 0x00, 0x00, 0x00, 0x02, 0x00, 0x00, 0x00, 0xff, 0xff, 0xff, 0xff, 0x20, 0x00, 0x00, 0x00,
    0x14, 0xb2, 0xff, 0xff, 0x08, 0x00, 0x00, 0x00, 0x14, 0x00, 0x00, 0x00, 0x01, 0x00, 0x00, 0x00,
    0x80, 0xff, 0xff, 0xff, 0xff, 0xff, 0xff, 0xff, 0x00, 0x00, 0x00, 0x00, 0x01, 0x00, 0x00, 0x00,
    0xe4, 0x58, 0x29, 0x3d, 0xa7, 0x00, 0x00, 0x00, 0x61, 0x65, 0x5f, 0x77, 0x33, 0x32, 0x64, 0x32,
    0x62, 0x38, 0x5f, 0x31, 0x2f, 0x65, 0x6e, 0x63, 0x5f, 0x30, 0x5f, 0x31, 0x2f, 0x4d, 0x61, 0x74,
    0x4d, 0x75, 0x6c, 0x3b, 0x61, 0x65, 0x5f, 0x77, 0x33, 0x32, 0x64, 0x32, 0x62, 0x38, 0x5f, 0x31,
    0x2f, 0x65, 0x6e, 0x63, 0x5f, 0x30, 0x5f, 0x31, 0x2f, 0x42, 0x69, 0x61, 0x73, 0x41, 0x64, 0x64,
    0x3b, 0x61, 0x65, 0x5f, 0x77, 0x33, 0x32, 0x64, 0x32, 0x62, 0x38, 0x5f, 0x31, 0x2f, 0x65, 0x6e,
    0x63, 0x5f, 0x62, 0x6e, 0x5f, 0x30, 0x5f, 0x31, 0x2f, 0x62, 0x61, 0x74, 0x63, 0x68, 0x6e, 0x6f,
    0x72, 0x6d, 0x2f, 0x6d, 0x75, 0x6c, 0x5f, 0x31, 0x3b, 0x61, 0x65, 0x5f, 0x77, 0x33, 0x32, 0x64,
    0x32, 0x62, 0x38, 0x5f, 0x31, 0x2f, 0x65, 0x6e, 0x63, 0x5f, 0x72, 0x65, 0x6c, 0x75, 0x5f, 0x30,
    0x5f, 0x31, 0x2f, 0x52, 0x65, 0x6c, 0x75, 0x3b, 0x61, 0x65, 0x5f, 0x77, 0x33, 0x32, 0x64, 0x32,
    0x62, 0x38, 0x5f, 0x31, 0x2f, 0x65, 0x6e, 0x63, 0x5f, 0x62, 0x6e, 0x5f, 0x30, 0x5f, 0x31, 0x2f,
    0x62, 0x61, 0x74, 0x63, 0x68, 0x6e, 0x6f, 0x72, 0x6d, 0x2f, 0x61, 0x64, 0x64, 0x5f, 0x31, 0x00,
    0x02, 0x00, 0x00, 0x00, 0x01, 0x00, 0x00, 0x00, 0x20, 0x00, 0x00, 0x00, 0x9e, 0xd1, 0xff, 0xff,
    0x00, 0x00, 0x00, 0x01, 0x14, 0x00, 0x00, 0x00, 0xa8, 0x01, 0x00, 0x00, 0x0d, 0x00, 0x00, 0x00,
    0x00, 0x00, 0x00, 0x09, 0xb4, 0x01, 0x00, 0x00, 0x0c, 0xb3, 0xff, 0xff, 0x08, 0x00, 0x00, 0x00,
    0x0c, 0x01, 0x00, 0x00, 0x20, 0x00, 0x00, 0x00, 0x00, 0x00, 0x00, 0x00, 0x00, 0x00, 0x00, 0x00,
    0x00, 0x00, 0x00, 0x00, 0x00, 0x00, 0x00, 0x00, 0x00, 0x00, 0x00, 0x00, 0x00, 0x00, 0x00, 0x00,
    0x00, 0x00, 0x00, 0x00, 0x00, 0x00, 0x00, 0x00, 0x00, 0x00, 0x00, 0x00, 0x00, 0x00, 0x00, 0x00,
    0x00, 0x00, 0x00, 0x00, 0x00, 0x00, 0x00, 0x00, 0x00, 0x00, 0x00, 0x00, 0x00, 0x00, 0x00, 0x00,
    0x00, 0x00, 0x00, 0x00, 0x00, 0x00, 0x00, 0x00, 0x00, 0x00, 0x00, 0x00, 0x00, 0x00, 0x00, 0x00,
    0x00, 0x00, 0x00, 0x00, 0x00, 0x00, 0x00, 0x00, 0x00, 0x00, 0x00, 0x00, 0x00, 0x00, 0x00, 0x00,
    0x00, 0x00, 0x00, 0x00, 0x00, 0x00, 0x00, 0x00, 0x00, 0x00, 0x00, 0x00, 0x00, 0x00, 0x00, 0x00,
    0x00, 0x00, 0x00, 0x00, 0x00, 0x00, 0x00, 0x00, 0x00, 0x00, 0x00, 0x00, 0x00, 0x00, 0x00, 0x00,
    0x00, 0x00, 0x00, 0x00, 0x00, 0x00, 0x00, 0x00, 0x00, 0x00, 0x00, 0x00, 0x00, 0x00, 0x00, 0x00,
    0x00, 0x00, 0x00, 0x00, 0x00, 0x00, 0x00, 0x00, 0x00, 0x00, 0x00, 0x00, 0x00, 0x00, 0x00, 0x00,
    0x00, 0x00, 0x00, 0x00, 0x00, 0x00, 0x00, 0x00, 0x00, 0x00, 0x00, 0x00, 0x00, 0x00, 0x00, 0x00,
    0x00, 0x00, 0x00, 0x00, 0x00, 0x00, 0x00, 0x00, 0x00, 0x00, 0x00, 0x00, 0x00, 0x00, 0x00, 0x00,
    0x00, 0x00, 0x00, 0x00, 0x00, 0x00, 0x00, 0x00, 0x00, 0x00, 0x00, 0x00, 0x00, 0x00, 0x00, 0x00,
    0x00, 0x00, 0x00, 0x00, 0x00, 0x00, 0x00, 0x00, 0x00, 0x00, 0x00, 0x00, 0x00, 0x00, 0x00, 0x00,
    0x00, 0x00, 0x00, 0x00, 0x00, 0x00, 0x00, 0x00, 0x00, 0x00, 0x00, 0x00, 0x00, 0x00, 0x00, 0x00,
    0x00, 0x00, 0x00, 0x00, 0x00, 0x00, 0x00, 0x00, 0x00, 0x00, 0x00, 0x00, 0x00, 0x00, 0x00, 0x00,
    0x00, 0x00, 0x00, 0x00, 0x00, 0x00, 0x00, 0x00, 0x00, 0x00, 0x00, 0x00, 0x20, 0x00, 0x00, 0x00,
    0x3f, 0x98, 0xff, 0x39, 0xe3, 0xd9, 0x87, 0x3a, 0xb3, 0xe4, 0x03, 0x3a, 0x49, 0xc0, 0xf8, 0x39,
    0x17, 0xc8, 0xe4, 0x3a, 0xfb, 0xd5, 0xb7, 0x39, 0x7e, 0x75, 0x3c, 0x3a, 0x1e, 0x39, 0x93, 0x39,
    0x24, 0xdd, 0xab, 0x3a, 0x61, 0x45, 0x99, 0x39, 0x85, 0x45, 0x90, 0x39, 0xe3, 0xe9, 0x06, 0x3a,
    0xe8, 0x95, 0xd9, 0x3a, 0x77, 0x8a, 0x87, 0x39, 0xd5, 0xb8, 0x73, 0x3a, 0xba, 0xc3, 0x07, 0x3a,
    0xd9, 0xe0, 0x18, 0x3a, 0xba, 0xf2, 0x0b, 0x39, 0xe7, 0x24, 0x15, 0x3a, 0xdf, 0xc2, 0x2d, 0x3a,
    0xc9, 0x0b, 0x90, 0x39, 0x80, 0x73, 0x34, 0x39, 0x02, 0x7b, 0x13, 0x3a, 0xdb, 0x1c, 0x84, 0x3a,
    0x82, 0x45, 0xd1, 0x39, 0x0b, 0x3d, 0x06, 0x39, 0x54, 0x30, 0x6f, 0x39, 0xf9, 0x1a, 0xcd, 0x3a,
    0x38, 0x28, 0x62, 0x3a, 0xb7, 0xb9, 0x9c, 0x3a, 0x9c, 0x5b, 0xe3, 0x39, 0xbf, 0xfc, 0x2b, 0x3a,
    0x13, 0x00, 0x00, 0x00, 0x74, 0x66, 0x6c, 0x2e, 0x70, 0x73, 0x65, 0x75, 0x64, 0x6f, 0x5f, 0x71,
    0x63, 0x6f, 0x6e, 0x73, 0x74, 0x31, 0x31, 0x00, 0x02, 0x00, 0x00, 0x00, 0x20, 0x00, 0x00, 0x00,
    0x80, 0x02, 0x00, 0x00, 0x76, 0xd3, 0xff, 0xff, 0x00, 0x00, 0x00, 0x01, 0x14, 0x00, 0x00, 0x00,
    0xa4, 0x01, 0x00, 0x00, 0x0c, 0x00, 0x00, 0x00, 0x00, 0x00, 0x00, 0x02, 0xb0, 0x01, 0x00, 0x00,
    0xe4, 0xb4, 0xff, 0xff, 0x08, 0x00, 0x00, 0x00, 0x08, 0x01, 0x00, 0x00, 0x20, 0x00, 0x00, 0x00,
    0x00, 0x00, 0x00, 0x00, 0x00, 0x00, 0x00, 0x00, 0x00, 0x00, 0x00, 0x00, 0x00, 0x00, 0x00, 0x00,
    0x00, 0x00, 0x00, 0x00, 0x00, 0x00, 0x00, 0x00, 0x00, 0x00, 0x00, 0x00, 0x00, 0x00, 0x00, 0x00,
    0x00, 0x00, 0x00, 0x00, 0x00, 0x00, 0x00, 0x00, 0x00, 0x00, 0x00, 0x00, 0x00, 0x00, 0x00, 0x00,
    0x00, 0x00, 0x00, 0x00, 0x00, 0x00, 0x00, 0x00, 0x00, 0x00, 0x00, 0x00, 0x00, 0x00, 0x00, 0x00,
    0x00, 0x00, 0x00, 0x00, 0x00, 0x00, 0x00, 0x00, 0x00, 0x00, 0x00, 0x00, 0x00, 0x00, 0x00, 0x00,
    0x00, 0x00, 0x00, 0x00, 0x00, 0x00, 0x00, 0x00, 0x00, 0x00, 0x00, 0x00, 0x00, 0x00, 0x00, 0x00,
    0x00, 0x00, 0x00, 0x00, 0x00, 0x00, 0x00, 0x00, 0x00, 0x00, 0x00, 0x00, 0x00, 0x00, 0x00, 0x00,
    0x00, 0x00, 0x00, 0x00, 0x00, 0x00, 0x00, 0x00, 0x00, 0x00, 0x00, 0x00, 0x00, 0x00, 0x00, 0x00,
    0x00, 0x00, 0x00, 0x00, 0x00, 0x00, 0x00, 0x00, 0x00, 0x00, 0x00, 0x00, 0x00, 0x00, 0x00, 0x00,
    0x00, 0x00, 0x00, 0x00, 0x00, 0x00, 0x00, 0x00, 0x00, 0x00, 0x00, 0x00, 0x00, 0x00, 0x00, 0x00,
    0x00, 0x00, 0x00, 0x00, 0x00, 0x00, 0x00, 0x00, 0x00, 0x00, 0x00, 0x00, 0x00, 0x00, 0x00, 0x00,
    0x00, 0x00, 0x00, 0x00, 0x00, 0x00, 0x00, 0x00, 0x00, 0x00, 0x00, 0x00, 0x00, 0x00, 0x00, 0x00,
    0x00, 0x00, 0x00, 0x00, 0x00, 0x00, 0x00, 0x00, 0x00, 0x00, 0x00, 0x00, 0x00, 0x00, 0x00, 0x00,
    0x00, 0x00, 0x00, 0x00, 0x00, 0x00, 0x00, 0x00, 0x00, 0x00, 0x00, 0x00, 0x00, 0x00, 0x00, 0x00,
    0x00, 0x00, 0x00, 0x00, 0x00, 0x00, 0x00, 0x00, 0x00, 0x00, 0x00, 0x00, 0x00, 0x00, 0x00, 0x00,
    0x00, 0x00, 0x00, 0x00, 0x00, 0x00, 0x00, 0x00, 0x00, 0x00, 0x00, 0x00, 0x00, 0x00, 0x00, 0x00,
    0x20, 0x00, 0x00, 0x00, 0x9d, 0xe4, 0x45, 0x38, 0x3d, 0x5d, 0xd2, 0x38, 0x53, 0x3c, 0x4c, 0x38,
    0x2b, 0x98, 0x40, 0x38, 0x13, 0x22, 0x31, 0x39, 0x85, 0x55, 0x0e, 0x38, 0xd9, 0xe9, 0x91, 0x38,
    0x40, 0xf9, 0xe3, 0x37, 0x95, 0x10, 0x05, 0x39, 0xb8, 0x56, 0xed, 0x37, 0x37, 0x67, 0xdf, 0x37,
    0x99, 0xe9, 0x50, 0x38, 0xf2, 0x76, 0x28, 0x39, 0x41, 0xe2, 0xd1, 0x37, 0x5d, 0xb3, 0xbc, 0x38,
    0xec, 0x3a, 0x52, 0x38, 0x0c, 0xbb, 0x6c, 0x38, 0x5b, 0xb5, 0x58, 0x37, 0xc6, 0xf2, 0x66, 0x38,
    0xa8, 0x88, 0x86, 0x38, 0xd0, 0x0d, 0xdf, 0x37, 0xa7, 0xb6, 0x8b, 0x37, 0x48, 0x5f, 0x64, 0x38,
    0x48, 0x93, 0xcc, 0x38, 0x0a, 0x07, 0x22, 0x38, 0xf4, 0xdd, 0x4f, 0x37, 0xd9, 0x30, 0xb9, 0x37,
    0x48, 0xcd, 0x1e, 0x39, 0xe1, 0x19, 0xaf, 0x38, 0x1b, 0xb0, 0xf2, 0x38, 0xe0, 0x07, 0x30, 0x38,
    0x0e, 0x29, 0x85, 0x38, 0x13, 0x00, 0x00, 0x00, 0x74, 0x66, 0x6c, 0x2e, 0x70, 0x73, 0x65, 0x75,
    0x64, 0x6f, 0x5f, 0x71, 0x63, 0x6f, 0x6e, 0x73, 0x74, 0x31, 0x30, 0x00, 0x01, 0x00, 0x00, 0x00,
    0x20, 0x00, 0x00, 0x00, 0x46, 0xd5, 0xff, 0xff, 0x00, 0x00, 0x00, 0x01, 0x14, 0x00, 0x00, 0x00,
    0xa8, 0x01, 0x00, 0x00, 0x0b, 0x00, 0x00, 0x00, 0x00, 0x00, 0x00, 0x09, 0xb4, 0x01, 0x00, 0x00,
    0xb4, 0xb6, 0xff, 0xff, 0x08, 0x00, 0x00, 0x00, 0x0c, 0x01, 0x00, 0x00, 0x20, 0x00, 0x00, 0x00,
    0x00, 0x00, 0x00, 0x00, 0x00, 0x00, 0x00, 0x00, 0x00, 0x00, 0x00, 0x00, 0x00, 0x00, 0x00, 0x00,
    0x00, 0x00, 0x00, 0x00, 0x00, 0x00, 0x00, 0x00, 0x00, 0x00, 0x00, 0x00, 0x00, 0x00, 0x00, 0x00,
    0x00, 0x00, 0x00, 0x00, 0x00, 0x00, 0x00, 0x00, 0x00, 0x00, 0x00, 0x00, 0x00, 0x00, 0x00, 0x00,
    0x00, 0x00, 0x00, 0x00, 0x00, 0x00, 0x00, 0x00, 0x00, 0x00, 0x00, 0x00, 0x00, 0x00, 0x00, 0x00,
    0x00, 0x00, 0x00, 0x00, 0x00, 0x00, 0x00, 0x00, 0x00, 0x00, 0x00, 0x00, 0x00, 0x00, 0x00, 0x00,
    0x00, 0x00, 0x00, 0x00, 0x00, 0x00, 0x00, 0x00, 0x00, 0x00, 0x00, 0x00, 0x00, 0x00, 0x00, 0x00,
    0x00, 0x00, 0x00, 0x00, 0x00, 0x00, 0x00, 0x00, 0x00, 0x00, 0x00, 0x00, 0x00, 0x00, 0x00, 0x00,
    0x00, 0x00, 0x00, 0x00, 0x00, 0x00, 0x00, 0x00, 0x00, 0x00, 0x00, 0x00, 0x00, 0x00, 0x00, 0x00,
    0x00, 0x00, 0x00, 0x00, 0x00, 0x00, 0x00, 0x00, 0x00, 0x00, 0x00, 0x00, 0x00, 0x00, 0x00, 0x00,
    0x00, 0x00, 0x00, 0x00, 0x00, 0x00, 0x00, 0x00, 0x00, 0x00, 0x00, 0x00, 0x00, 0x00, 0x00, 0x00,
    0x00, 0x00, 0x00, 0x00, 0x00, 0x00, 0x00, 0x00, 0x00, 0x00, 0x00, 0x00, 0x00, 0x00, 0x00, 0x00,
    0x00, 0x00, 0x00, 0x00, 0x00, 0x00, 0x00, 0x00, 0x00, 0x00, 0x00, 0x00, 0x00, 0x00, 0x00, 0x00,
    0x00, 0x00, 0x00, 0x00, 0x00, 0x00, 0x00, 0x00, 0x00, 0x00, 0x00, 0x00, 0x00, 0x00, 0x00, 0x00,
    0x00, 0x00, 0x00, 0x00, 0x00, 0x00, 0x00, 0x00, 0x00, 0x00, 0x00, 0x00, 0x00, 0x00, 0x00, 0x00,
    0x00, 0x00, 0x00, 0x00, 0x00, 0x00, 0x00, 0x00, 0x00, 0x00, 0x00, 0x00, 0x00, 0x00, 0x00, 0x00,
    0x00, 0x00, 0x00, 0x00, 0x00, 0x00, 0x00, 0x00, 0x00, 0x00, 0x00, 0x00, 0x00, 0x00, 0x00, 0x00,
    0x00, 0x00, 0x00, 0x00, 0x20, 0x00, 0x00, 0x00, 0x4f, 0x10, 0x61, 0x3b, 0x20, 0x42, 0x16, 0x3c,
    0x77, 0x27, 0xb8, 0x3b, 0xe4, 0xba, 0xa3, 0x3b, 0x29, 0x62, 0x1f, 0x3c, 0x50, 0xfb, 0x93, 0x3b,
    0xf2, 0x60, 0xf5, 0x3b, 0x9e, 0xb8, 0x53, 0x3b, 0x15, 0x6e, 0x30, 0x3c, 0xee, 0x71, 0x81, 0x3b,
    0xd8, 0x95, 0xe3, 0x3b, 0x12, 0x22, 0x33, 0x3b, 0x4f, 0xf9, 0xa2, 0x3b, 0x1f, 0xcc, 0xbe, 0x3b,
    0xd0, 0x63, 0x69, 0x3c, 0xe9, 0x18, 0x7f, 0x3b, 0x5b, 0xc3, 0xd9, 0x3b, 0x5f, 0x12, 0x4f, 0x3c,
    0xcf, 0x2b, 0xc5, 0x3b, 0xce, 0x0b, 0x86, 0x3b, 0x73, 0xf9, 0xdf, 0x3b, 0x64, 0xe4, 0xc0, 0x3b,
    0xba, 0xa7, 0xb1, 0x3b, 0xad, 0x3f, 0x3d, 0x3b, 0x64, 0x50, 0x7b, 0x3b, 0x74, 0x62, 0x89, 0x3b,
    0x33, 0x27, 0xb2, 0x3b, 0x7e, 0x1e, 0x20, 0x3b, 0xb8, 0xa8, 0x61, 0x3b, 0x10, 0xc7, 0x63, 0x3b,
    0xd1, 0x2a, 0xa0, 0x3b, 0x3c, 0x05, 0x49, 0x3c, 0x12, 0x00, 0x00, 0x00, 0x74, 0x66, 0x6c, 0x2e,
    0x70, 0x73, 0x65, 0x75, 0x64, 0x6f, 0x5f, 0x71, 0x63, 0x6f, 0x6e, 0x73, 0x74, 0x39, 0x00, 0x00,
    0x02, 0x00, 0x00, 0x00, 0x20, 0x00, 0x00, 0x00, 0x20, 0x00, 0x00, 0x00, 0x1e, 0xd7, 0xff, 0xff,
    0x00, 0x00, 0x00, 0x01, 0x14, 0x00, 0x00, 0x00, 0xa4, 0x01, 0x00, 0x00, 0x0a, 0x00, 0x00, 0x00,
    0x00, 0x00, 0x00, 0x02, 0xb0, 0x01, 0x00, 0x00, 0x8c, 0xb8, 0xff, 0xff, 0x08, 0x00, 0x00, 0x00,
    0x08, 0x01, 0x00, 0x00, 0x20, 0x00, 0x00, 0x00, 0x00, 0x00, 0x00, 0x00, 0x00, 0x00, 0x00, 0x00,
    0x00, 0x00, 0x00, 0x00, 0x00, 0x00, 0x00, 0x00, 0x00, 0x00, 0x00, 0x00, 0x00, 0x00, 0x00, 0x00,
    0x00, 0x00, 0x00, 0x00, 0x00, 0x00, 0x00, 0x00, 0x00, 0x00, 0x00, 0x00, 0x00, 0x00, 0x00, 0x00,
    0x00, 0x00, 0x00, 0x00, 0x00, 0x00, 0x00, 0x00, 0x00, 0x00, 0x00, 0x00, 0x00, 0x00, 0x00, 0x00,
    0x00, 0x00, 0x00, 0x00, 0x00, 0x00, 0x00, 0x00, 0x00, 0x00, 0x00, 0x00, 0x00, 0x00, 0x00, 0x00,
    0x00, 0x00, 0x00, 0x00, 0x00, 0x00, 0x00, 0x00, 0x00, 0x00, 0x00, 0x00, 0x00, 0x00, 0x00, 0x00,
    0x00, 0x00, 0x00, 0x00, 0x00, 0x00, 0x00, 0x00, 0x00, 0x00, 0x00, 0x00, 0x00, 0x00, 0x00, 0x00,
    0x00, 0x00, 0x00, 0x00, 0x00, 0x00, 0x00, 0x00, 0x00, 0x00, 0x00, 0x00, 0x00, 0x00, 0x00, 0x00,
    0x00, 0x00, 0x00, 0x00, 0x00, 0x00, 0x00, 0x00, 0x00, 0x00, 0x00, 0x00, 0x00, 0x00, 0x00, 0x00,
    0x00, 0x00, 0x00, 0x00, 0x00, 0x00, 0x00, 0x00, 0x00, 0x00, 0x00, 0x00, 0x00, 0x00, 0x00, 0x00,
    0x00, 0x00, 0x00, 0x00, 0x00, 0x00, 0x00, 0x00, 0x00, 0x00, 0x00, 0x00, 0x00, 0x00, 0x00, 0x00,
    0x00, 0x00, 0x00, 0x00, 0x00, 0x00, 0x00, 0x00, 0x00, 0x00, 0x00, 0x00, 0x00, 0x00, 0x00, 0x00,
    0x00, 0x00, 0x00, 0x00, 0x00, 0x00, 0x00, 0x00, 0x00, 0x00, 0x00, 0x00, 0x00, 0x00, 0x00, 0x00,
    0x00, 0x00, 0x00, 0x00, 0x00, 0x00, 0x00, 0x00, 0x00, 0x00, 0x00, 0x00, 0x00, 0x00, 0x00, 0x00,
    0x00, 0x00, 0x00, 0x00, 0x00, 0x00, 0x00, 0x00, 0x00, 0x00, 0x00, 0x00, 0x00, 0x00, 0x00, 0x00,
    0x00, 0x00, 0x00, 0x00, 0x00, 0x00, 0x00, 0x00, 0x00, 0x00, 0x00, 0x00, 0x00, 0x00, 0x00, 0x00,
    0x00, 0x00, 0x00, 0x00, 0x00, 0x00, 0x00, 0x00, 0x20, 0x00, 0x00, 0x00, 0xea, 0xe1, 0x14, 0x39,
    0xa7, 0xcb, 0xc6, 0x39, 0xfe, 0xa3, 0x73, 0x39, 0x75, 0x9e, 0x58, 0x39, 0x4a, 0xde, 0xd2, 0x39,
    0x94, 0xc8, 0x43, 0x39, 0x34, 0x52, 0xa2, 0x39, 0x64, 0x0e, 0x0c, 0x39, 0xde, 0x6b, 0xe9, 0x39,
    0x51, 0x42, 0x2b, 0x39, 0xf2, 0x8c, 0x96, 0x39, 0x62, 0xff, 0xec, 0x38, 0x58, 0x9e, 0x57, 0x39,
    0x01, 0x6e, 0x7c, 0x39, 0xee, 0x63, 0x1a, 0x3a, 0x06, 0xc0, 0x28, 0x39, 0x94, 0x0d, 0x90, 0x39,
    0x07, 0xfb, 0x08, 0x3a, 0x62, 0x6e, 0x82, 0x39, 0xad, 0x58, 0x31, 0x39, 0x72, 0x29, 0x94, 0x39,
    0x81, 0x33, 0x7f, 0x39, 0xd3, 0x0a, 0x6b, 0x39, 0x7f, 0x61, 0xfa, 0x38, 0x55, 0x3f, 0x26, 0x39,
    0x66, 0xc3, 0x35, 0x39, 0x7a, 0xb3, 0x6b, 0x39, 0x75, 0xd7, 0xd3, 0x38, 0xbc, 0x46, 0x15, 0x39,
    0x81, 0xad, 0x16, 0x39, 0xc3, 0xe7, 0x53, 0x39, 0x41, 0xfa, 0x04, 0x3a, 0x12, 0x00, 0x00, 0x00,
    0x74, 0x66, 0x6c, 0x2e, 0x70, 0x73, 0x65, 0x75, 0x64, 0x6f, 0x5f, 0x71, 0x63, 0x6f, 0x6e, 0x73,
    0x74, 0x38, 0x00, 0x00, 0x01, 0x00, 0x00, 0x00, 0x20, 0x00, 0x00, 0x00, 0xee, 0xd8, 0xff, 0xff,
    0x00, 0x00, 0x00, 0x01, 0x14, 0x00, 0x00, 0x00, 0x88, 0x00, 0x00, 0x00, 0x09, 0x00, 0x00, 0x00,
    0x00, 0x00, 0x00, 0x09, 0x94, 0x00, 0x00, 0x00, 0x5c, 0xba, 0xff, 0xff, 0x08, 0x00, 0x00, 0x00,
    0x4c, 0x00, 0x00, 0x00, 0x08, 0x00, 0x00, 0x00, 0x00, 0x00, 0x00, 0x00, 0x00, 0x00, 0x00, 0x00,
    0x00, 0x00, 0x00, 0x00, 0x00, 0x00, 0x00, 0x00, 0x00, 0x00, 0x00, 0x00, 0x00, 0x00, 0x00, 0x00,
    0x00, 0x00, 0x00, 0x00, 0x00, 0x00, 0x00, 0x00, 0x00, 0x00, 0x00, 0x00, 0x00, 0x00, 0x00, 0x00,
    0x00, 0x00, 0x00, 0x00, 0x00, 0x00, 0x00, 0x00, 0x00, 0x00, 0x00, 0x00, 0x00, 0x00, 0x00, 0x00,
    0x00, 0x00, 0x00, 0x00, 0x00, 0x00, 0x00, 0x00, 0x00, 0x00, 0x00, 0x00, 0x08, 0x00, 0x00, 0x00,
    0x78, 0xc3, 0xca, 0x3b, 0x05, 0x7b, 0x8b, 0x3b, 0x62, 0x2e, 0x39, 0x3c, 0x4c, 0x32, 0x10, 0x3c,
    0x27, 0xf2, 0x86, 0x3b, 0x34, 0x41, 0x1e, 0x3c, 0x26, 0xcd, 0x87, 0x3b, 0xd2, 0xa8, 0x3d, 0x3c,
    0x12, 0x00, 0x00, 0x00, 0x74, 0x66, 0x6c, 0x2e, 0x70, 0x73, 0x65, 0x75, 0x64, 0x6f, 0x5f, 0x71,
    0x63, 0x6f, 0x6e, 0x73, 0x74, 0x37, 0x00, 0x00, 0x02, 0x00, 0x00, 0x00, 0x08, 0x00, 0x00, 0x00,
    0x20, 0x00, 0x00, 0x00, 0xa6, 0xd9, 0xff, 0xff, 0x00, 0x00, 0x00, 0x01, 0x14, 0x00, 0x00, 0x00,
    0x84, 0x00, 0x00, 0x00, 0x08, 0x00, 0x00, 0x00, 0x00, 0x00, 0x00, 0x02, 0x90, 0x00, 0x00, 0x00,
    0x14, 0xbb, 0xff, 0xff, 0x08, 0x00, 0x00, 0x00, 0x48, 0x00, 0x00, 0x00, 0x08, 0x00, 0x00, 0x00,
    0x00, 0x00, 0x00, 0x00, 0x00, 0x00, 0x00, 0x00, 0x00, 0x00, 0x00, 0x00, 0x00, 0x00, 0x00, 0x00,
    0x00, 0x00, 0x00, 0x00, 0x00, 0x00, 0x00, 0x00, 0x00, 0x00, 0x00, 0x00, 0x00, 0x00, 0x00, 0x00,
    0x00, 0x00, 0x00, 0x00, 0x00, 0x00, 0x00, 0x00, 0x00, 0x00, 0x00, 0x00, 0x00, 0x00, 0x00, 0x00,
    0x00, 0x00, 0x00, 0x00, 0x00, 0x00, 0x00, 0x00, 0x00, 0x00, 0x00, 0x00, 0x00, 0x00, 0x00, 0x00,
    0x08, 0x00, 0x00, 0x00, 0xea, 0xea, 0x36, 0x39, 0x3d, 0xa8, 0xfb, 0x38, 0x62, 0x0e, 0xa7, 0x39,
    0x3b, 0x15, 0x82, 0x39, 0xbf, 0x79, 0xf3, 0x38, 0xe3, 0xc3, 0x8e, 0x39, 0xdf, 0x04, 0xf5, 0x38,
    0x9c, 0x18, 0xab, 0x39, 0x12, 0x00, 0x00, 0x00, 0x74, 0x66, 0x6c, 0x2e, 0x70, 0x73, 0x65, 0x75,
    0x64, 0x6f, 0x5f, 0x71, 0x63, 0x6f, 0x6e, 0x73, 0x74, 0x36, 0x00, 0x00, 0x01, 0x00, 0x00, 0x00,
    0x08, 0x00, 0x00, 0x00, 0x56, 0xda, 0xff, 0xff, 0x00, 0x00, 0x00, 0x01, 0x14, 0x00, 0x00, 0x00,
    0xa8, 0x01, 0x00, 0x00, 0x07, 0x00, 0x00, 0x00, 0x00, 0x00, 0x00, 0x09, 0xb4, 0x01, 0x00, 0x00,
    0xc4, 0xbb, 0xff, 0xff, 0x08, 0x00, 0x00, 0x00, 0x0c, 0x01, 0x00, 0x00, 0x20, 0x00, 0x00, 0x00,
    0x00, 0x00, 0x00, 0x00, 0x00, 0x00, 0x00, 0x00, 0x00, 0x00, 0x00, 0x00, 0x00, 0x00, 0x00, 0x00,
    0x00, 0x00, 0x00, 0x00, 0x00, 0x00, 0x00, 0x00, 0x00, 0x00, 0x00, 0x00, 0x00, 0x00, 0x00, 0x00,
    0x00, 0x00, 0x00, 0x00, 0x00, 0x00, 0x00, 0x00, 0x00, 0x00, 0x00, 0x00, 0x00, 0x00, 0x00, 0x00,
    0x00, 0x00, 0x00, 0x00, 0x00, 0x00, 0x00, 0x00, 0x00, 0x00, 0x00, 0x00, 0x00, 0x00, 0x00, 0x00,
    0x00, 0x00, 0x00, 0x00, 0x00, 0x00, 0x00, 0x00, 0x00, 0x00, 0x00, 0x00, 0x00, 0x00, 0x00, 0x00,
    0x00, 0x00, 0x00, 0x00, 0x00, 0x00, 0x00, 0x00, 0x00, 0x00, 0x00, 0x00, 0x00, 0x00, 0x00, 0x00,
    0x00, 0x00, 0x00, 0x00, 0x00, 0x00, 0x00, 0x00, 0x00, 0x00, 0x00, 0x00, 0x00, 0x00, 0x00, 0x00,
    0x00, 0x00, 0x00, 0x00, 0x00, 0x00, 0x00, 0x00, 0x00, 0x00, 0x00, 0x00, 0x00, 0x00, 0x00, 0x00,
    0x00, 0x00, 0x00, 0x00, 0x00, 0x00, 0x00, 0x00, 0x00, 0x00, 0x00, 0x00, 0x00, 0x00, 0x00, 0x00,
    0x00, 0x00, 0x00, 0x00, 0x00, 0x00, 0x00, 0x00, 0x00, 0x00, 0x00, 0x00, 0x00, 0x00, 0x00, 0x00,
    0x00, 0x00, 0x00, 0x00, 0x00, 0x00, 0x00, 0x00, 0x00, 0x00, 0x00, 0x00, 0x00, 0x00, 0x00, 0x00,
    0x00, 0x00, 0x00, 0x00, 0x00, 0x00, 0x00, 0x00, 0x00, 0x00, 0x00, 0x00, 0x00, 0x00, 0x00, 0x00,
    0x00, 0x00, 0x00, 0x00, 0x00, 0x00, 0x00, 0x00, 0x00, 0x00, 0x00, 0x00, 0x00, 0x00, 0x00, 0x00,
    0x00, 0x00, 0x00, 0x00, 0x00, 0x00, 0x00, 0x00, 0x00, 0x00, 0x00, 0x00, 0x00, 0x00, 0x00, 0x00,
    0x00, 0x00, 0x00, 0x00, 0x00, 0x00, 0x00, 0x00, 0x00, 0x00, 0x00, 0x00, 0x00, 0x00, 0x00, 0x00,
    0x00, 0x00, 0x00, 0x00, 0x00, 0x00, 0x00, 0x00, 0x00, 0x00, 0x00, 0x00, 0x00, 0x00, 0x00, 0x00,
    0x00, 0x00, 0x00, 0x00, 0x20, 0x00, 0x00, 0x00, 0xff, 0x67, 0xb2, 0x3c, 0xe0, 0xdf, 0xb6, 0x3b,
    0xbe, 0x10, 0x67, 0x3c, 0xcd, 0x7a, 0x2b, 0x3c, 0xd3, 0x30, 0x1e, 0x3c, 0x03, 0xa5, 0x9c, 0x3b,
    0x54, 0x0a, 0x0f, 0x3c, 0xf7, 0x35, 0x80, 0x3c, 0xa1, 0x41, 0x7d, 0x3c, 0x08, 0x36, 0xab, 0x3b,
    0x6f, 0x9e, 0xb8, 0x3b, 0x86, 0x2f, 0xa0, 0x3b, 0x80, 0x55, 0xf5, 0x3b, 0xa5, 0x57, 0x2f, 0x3b,
    0x04, 0x31, 0x22, 0x3c, 0x2f, 0xd2, 0xd8, 0x3b, 0xc8, 0x24, 0xd1, 0x3b, 0xd2, 0x11, 0x01, 0x3c,
    0xca, 0x73, 0x5a, 0x3c, 0xec, 0xe0, 0x0f, 0x3c, 0x2b, 0xa8, 0xa7, 0x3b, 0xee, 0x70, 0xd9, 0x3b,
    0x5e, 0x1b, 0x87, 0x3c, 0xb9, 0x51, 0xed, 0x3b, 0xa2, 0x5c, 0xaf, 0x3b, 0xd9, 0xd0, 0xd4, 0x3b,
    0x8e, 0xfa, 0xbf, 0x3c, 0x92, 0x5d, 0x22, 0x3c, 0xc5, 0x71, 0xdd, 0x3b, 0x04, 0x58, 0xe6, 0x3b,
    0x0c, 0x47, 0xbc, 0x3b, 0xf6, 0x28, 0x00, 0x3c, 0x12, 0x00, 0x00, 0x00, 0x74, 0x66, 0x6c, 0x2e,
    0x70, 0x73, 0x65, 0x75, 0x64, 0x6f, 0x5f, 0x71, 0x63, 0x6f, 0x6e, 0x73, 0x74, 0x35, 0x00, 0x00,
    0x02, 0x00, 0x00, 0x00, 0x20, 0x00, 0x00, 0x00, 0x08, 0x00, 0x00, 0x00, 0x2e, 0xdc, 0xff, 0xff,
    0x00, 0x00, 0x00, 0x01, 0x14, 0x00, 0x00, 0x00, 0xa4, 0x01, 0x00, 0x00, 0x06, 0x00, 0x00, 0x00,
    0x00, 0x00, 0x00, 0x02, 0xb0, 0x01, 0x00, 0x00, 0x9c, 0xbd, 0xff, 0xff, 0x08, 0x00, 0x00, 0x00,
    0x08, 0x01, 0x00, 0x00, 0x20, 0x00, 0x00, 0x00, 0x00, 0x00, 0x00, 0x00, 0x00, 0x00, 0x00, 0x00,
    0x00, 0x00, 0x00, 0x00, 0x00, 0x00, 0x00, 0x00, 0x00, 0x00, 0x00, 0x00, 0x00, 0x00, 0x00, 0x00,
    0x00, 0x00, 0x00, 0x00, 0x00, 0x00, 0x00, 0x00, 0x00, 0x00, 0x00, 0x00, 0x00, 0x00, 0x00, 0x00,
    0x00, 0x00, 0x00, 0x00, 0x00, 0x00, 0x00, 0x00, 0x00, 0x00, 0x00, 0x00, 0x00, 0x00, 0x00, 0x00,
    0x00, 0x00, 0x00, 0x00, 0x00, 0x00, 0x00, 0x00, 0x00, 0x00, 0x00, 0x00, 0x00, 0x00, 0x00, 0x00,
    0x00, 0x00, 0x00, 0x00, 0x00, 0x00, 0x00, 0x00, 0x00, 0x00, 0x00, 0x00, 0x00, 0x00, 0x00, 0x00,
    0x00, 0x00, 0x00, 0x00, 0x00, 0x00, 0x00, 0x00, 0x00, 0x00, 0x00, 0x00, 0x00, 0x00, 0x00, 0x00,
    0x00, 0x00, 0x00, 0x00, 0x00, 0x00, 0x00, 0x00, 0x00, 0x00, 0x00, 0x00, 0x00, 0x00, 0x00, 0x00,
    0x00, 0x00, 0x00, 0x00, 0x00, 0x00, 0x00, 0x00, 0x00, 0x00, 0x00, 0x00, 0x00, 0x00, 0x00, 0x00,
    0x00, 0x00, 0x00, 0x00, 0x00, 0x00, 0x00, 0x00, 0x00, 0x00, 0x00, 0x00, 0x00, 0x00, 0x00, 0x00,
    0x00, 0x00, 0x00, 0x00, 0x00, 0x00, 0x00, 0x00, 0x00, 0x00, 0x00, 0x00, 0x00, 0x00, 0x00, 0x00,
    0x00, 0x00, 0x00, 0x00, 0x00, 0x00, 0x00, 0x00, 0x00, 0x00, 0x00, 0x00, 0x00, 0x00, 0x00, 0x00,
    0x00, 0x00, 0x00, 0x00, 0x00, 0x00, 0x00, 0x00, 0x00, 0x00, 0x00, 0x00, 0x00, 0x00, 0x00, 0x00,
    0x00, 0x00, 0x00, 0x00, 0x00, 0x00, 0x00, 0x00, 0x00, 0x00, 0x00, 0x00, 0x00, 0x00, 0x00, 0x00,
    0x00, 0x00, 0x00, 0x00, 0x00, 0x00, 0x00, 0x00, 0x00, 0x00, 0x00, 0x00, 0x00, 0x00, 0x00, 0x00,
    0x00, 0x00, 0x00, 0x00, 0x00, 0x00, 0x00, 0x00, 0x00, 0x00, 0x00, 0x00, 0x00, 0x00, 0x00, 0x00,
    0x00, 0x00, 0x00, 0x00, 0x00, 0x00, 0x00, 0x00, 0x20, 0x00, 0x00, 0x00, 0x07, 0xc9, 0x1c, 0x3a,
    0x48, 0xb6, 0x20, 0x39, 0x0d, 0x10, 0xcb, 0x39, 0xba, 0xb2, 0x96, 0x39, 0x08, 0x05, 0x8b, 0x39,
    0x30, 0xa9, 0x09, 0x39, 0x24, 0x69, 0x7b, 0x39, 0x93, 0x58, 0xe1, 0x39, 0x79, 0x90, 0xde, 0x39,
    0x4a, 0x76, 0x16, 0x39, 0xb9, 0x3e, 0x22, 0x39, 0xd7, 0xc5, 0x0c, 0x39, 0x21, 0x9a, 0x57, 0x39,
    0xbb, 0x17, 0x9a, 0x38, 0x1a, 0x89, 0x8e, 0x39, 0x6a, 0x8b, 0x3e, 0x39, 0x33, 0xcc, 0x37, 0x39,
    0xff, 0xda, 0x62, 0x39, 0x69, 0xfa, 0xbf, 0x39, 0x50, 0xe2, 0x7c, 0x39, 0xb1, 0x56, 0x13, 0x39,
    0xec, 0x16, 0x3f, 0x39, 0x7b, 0x77, 0xed, 0x39, 0x02, 0x8f, 0x50, 0x39, 0x1e, 0x1c, 0x1a, 0x39,
    0x57, 0x06, 0x3b, 0x39, 0x82, 0xb6, 0x28, 0x3a, 0x42, 0xb0, 0x8e, 0x39, 0x90, 0x9b, 0x42, 0x39,
    0xb6, 0x6d, 0x4a, 0x39, 0xd4, 0x75, 0x25, 0x39, 0xb7, 0x41, 0x61, 0x39, 0x12, 0x00, 0x00, 0x00,
    0x74, 0x66, 0x6c, 0x2e, 0x70, 0x73, 0x65, 0x75, 0x64, 0x6f, 0x5f, 0x71, 0x63, 0x6f, 0x6e, 0x73,
    0x74, 0x34, 0x00, 0x00, 0x01, 0x00, 0x00, 0x00, 0x20, 0x00, 0x00, 0x00, 0xfe, 0xdd, 0xff, 0xff,
    0x00, 0x00, 0x00, 0x01, 0x14, 0x00, 0x00, 0x00, 0xa8, 0x01, 0x00, 0x00, 0x05, 0x00, 0x00, 0x00,
    0x00, 0x00, 0x00, 0x09, 0xb4, 0x01, 0x00, 0x00, 0x6c, 0xbf, 0xff, 0xff, 0x08, 0x00, 0x00, 0x00,
    0x0c, 0x01, 0x00, 0x00, 0x20, 0x00, 0x00, 0x00, 0x00, 0x00, 0x00, 0x00, 0x00, 0x00, 0x00, 0x00,
    0x00, 0x00, 0x00, 0x00, 0x00, 0x00, 0x00, 0x00, 0x00, 0x00, 0x00, 0x00, 0x00, 0x00, 0x00, 0x00,
    0x00, 0x00, 0x00, 0x00, 0x00, 0x00, 0x00, 0x00, 0x00, 0x00, 0x00, 0x00, 0x00, 0x00, 0x00, 0x00,
    0x00, 0x00, 0x00, 0x00, 0x00, 0x00, 0x00, 0x00, 0x00, 0x00, 0x00, 0x00, 0x00, 0x00, 0x00, 0x00,
    0x00, 0x00, 0x00, 0x00, 0x00, 0x00, 0x00, 0x00, 0x00, 0x00, 0x00, 0x00, 0x00, 0x00, 0x00, 0x00,
    0x00, 0x00, 0x00, 0x00, 0x00, 0x00, 0x00, 0x00, 0x00, 0x00, 0x00, 0x00, 0x00, 0x00, 0x00, 0x00,
    0x00, 0x00, 0x00, 0x00, 0x00, 0x00, 0x00, 0x00, 0x00, 0x00, 0x00, 0x00, 0x00, 0x00, 0x00, 0x00,
    0x00, 0x00, 0x00, 0x00, 0x00, 0x00, 0x00, 0x00, 0x00, 0x00, 0x00, 0x00, 0x00, 0x00, 0x00, 0x00,
    0x00, 0x00, 0x00, 0x00, 0x00, 0x00, 0x00, 0x00, 0x00, 0x00, 0x00, 0x00, 0x00, 0x00, 0x00, 0x00,
    0x00, 0x00, 0x00, 0x00, 0x00, 0x00, 0x00, 0x00, 0x00, 0x00, 0x00, 0x00, 0x00, 0x00, 0x00, 0x00,
    0x00, 0x00, 0x00, 0x00, 0x00, 0x00, 0x00, 0x00, 0x00, 0x00, 0x00, 0x00, 0x00, 0x00, 0x00, 0x00,
    0x00, 0x00, 0x00, 0x00, 0x00, 0x00, 0x00, 0x00, 0x00, 0x00, 0x00, 0x00, 0x00, 0x00, 0x00, 0x00,
    0x00, 0x00, 0x00, 0x00, 0x00, 0x00, 0x00, 0x00, 0x00, 0x00, 0x00, 0x00, 0x00, 0x00, 0x00, 0x00,
    0x00, 0x00, 0x00, 0x00, 0x00, 0x00, 0x00, 0x00, 0x00, 0x00, 0x00, 0x00, 0x00, 0x00, 0x00, 0x00,
    0x00, 0x00, 0x00, 0x00, 0x00, 0x00, 0x00, 0x00, 0x00, 0x00, 0x00, 0x00, 0x00, 0x00, 0x00, 0x00,
    0x00, 0x00, 0x00, 0x00, 0x00, 0x00, 0x00, 0x00, 0x00, 0x00, 0x00, 0x00, 0x00, 0x00, 0x00, 0x00,
    0x00, 0x00, 0x00, 0x00, 0x00, 0x00, 0x00, 0x00, 0x00, 0x00, 0x00, 0x00, 0x20, 0x00, 0x00, 0x00,
    0xf9, 0x8a, 0x87, 0x3b, 0x6f, 0x4c, 0x81, 0x3b, 0x48, 0x0e, 0xb7, 0x3b, 0x3f, 0x73, 0x8f, 0x3b,
    0x8b, 0xb0, 0x5b, 0x3b, 0xa7, 0x22, 0xa7, 0x3b, 0x3e, 0x8a, 0xe6, 0x3b, 0x0a, 0x67, 0xc3, 0x3b,
    0x62, 0x7b, 0x40, 0x3b, 0xc7, 0x87, 0x86, 0x3b, 0xcf, 0xf8, 0x53, 0x3b, 0xce, 0xe2, 0xe4, 0x3b,
    0x24, 0xb8, 0xa8, 0x3b, 0x91, 0xbc, 0x85, 0x3b, 0xf8, 0x00, 0xd2, 0x3b, 0x86, 0x7d, 0x3f, 0x3c,
    0xe8, 0x20, 0xad, 0x3b, 0xee, 0x1e, 0x61, 0x3b, 0x47, 0x6c, 0xba, 0x3b, 0x27, 0xc0, 0xc0, 0x3b,
    0xf5, 0x3b, 0x89, 0x3b, 0x48, 0x70, 0x0f, 0x3c, 0xf3, 0xa1, 0x9a, 0x3b, 0x5a, 0x7f, 0x10, 0x3b,
    0x6c, 0x13, 0x52, 0x3b, 0x7d, 0x7a, 0x44, 0x3c, 0x70, 0x7e, 0x0a, 0x3c, 0x2c, 0xdf, 0x87, 0x3b,
    0xa8, 0x7c, 0x9c, 0x3b, 0x58, 0xe2, 0xc0, 0x3b, 0x76, 0x61, 0x6f, 0x3b, 0x99, 0x09, 0x7d, 0x3b,
    0x12, 0x00, 0x00, 0x00, 0x74, 0x66, 0x6c, 0x2e, 0x70, 0x73, 0x65, 0x75, 0x64, 0x6f, 0x5f, 0x71,
    0x63, 0x6f, 0x6e, 0x73, 0x74, 0x33, 0x00, 0x00, 0x02, 0x00, 0x00, 0x00, 0x20, 0x00, 0x00, 0x00,
    0x20, 0x00, 0x00, 0x00, 0xd6, 0xdf, 0xff, 0xff, 0x00, 0x00, 0x00, 0x01, 0x14, 0x00, 0x00, 0x00,
    0xa4, 0x01, 0x00, 0x00, 0x04, 0x00, 0x00, 0x00, 0x00, 0x00, 0x00, 0x02, 0xb0, 0x01, 0x00, 0x00,
    0x44, 0xc1, 0xff, 0xff, 0x08, 0x00, 0x00, 0x00, 0x08, 0x01, 0x00, 0x00, 0x20, 0x00, 0x00, 0x00,
    0x00, 0x00, 0x00, 0x00, 0x00, 0x00, 0x00, 0x00, 0x00, 0x00, 0x00, 0x00, 0x00, 0x00, 0x00, 0x00,
    0x00, 0x00, 0x00, 0x00, 0x00, 0x00, 0x00, 0x00, 0x00, 0x00, 0x00, 0x00, 0x00, 0x00, 0x00, 0x00,
    0x00, 0x00, 0x00, 0x00, 0x00, 0x00, 0x00, 0x00, 0x00, 0x00, 0x00, 0x00, 0x00, 0x00, 0x00, 0x00,
    0x00, 0x00, 0x00, 0x00, 0x00, 0x00, 0x00, 0x00, 0x00, 0x00, 0x00, 0x00, 0x00, 0x00, 0x00, 0x00,
    0x00, 0x00, 0x00, 0x00, 0x00, 0x00, 0x00, 0x00, 0x00, 0x00, 0x00, 0x00, 0x00, 0x00, 0x00, 0x00,
    0x00, 0x00, 0x00, 0x00, 0x00, 0x00, 0x00, 0x00, 0x00, 0x00, 0x00, 0x00, 0x00, 0x00, 0x00, 0x00,
    0x00, 0x00, 0x00, 0x00, 0x00, 0x00, 0x00, 0x00, 0x00, 0x00, 0x00, 0x00, 0x00, 0x00, 0x00, 0x00,
    0x00, 0x00, 0x00, 0x00, 0x00, 0x00, 0x00, 0x00, 0x00, 0x00, 0x00, 0x00, 0x00, 0x00, 0x00, 0x00,
    0x00, 0x00, 0x00, 0x00, 0x00, 0x00, 0x00, 0x00, 0x00, 0x00, 0x00, 0x00, 0x00, 0x00, 0x00, 0x00,
    0x00, 0x00, 0x00, 0x00, 0x00, 0x00, 0x00, 0x00, 0x00, 0x00, 0x00, 0x00, 0x00, 0x00, 0x00, 0x00,
    0x00, 0x00, 0x00, 0x00, 0x00, 0x00, 0x00, 0x00, 0x00, 0x00, 0x00, 0x00, 0x00, 0x00, 0x00, 0x00,
    0x00, 0x00, 0x00, 0x00, 0x00, 0x00, 0x00, 0x00, 0x00, 0x00, 0x00, 0x00, 0x00, 0x00, 0x00, 0x00,
    0x00, 0x00, 0x00, 0x00, 0x00, 0x00, 0x00, 0x00, 0x00, 0x00, 0x00, 0x00, 0x00, 0x00, 0x00, 0x00,
    0x00, 0x00, 0x00, 0x00, 0x00, 0x00, 0x00, 0x00, 0x00, 0x00, 0x00, 0x00, 0x00, 0x00, 0x00, 0x00,
    0x00, 0x00, 0x00, 0x00, 0x00, 0x00, 0x00, 0x00, 0x00, 0x00, 0x00, 0x00, 0x00, 0x00, 0x00, 0x00,
    0x00, 0x00, 0x00, 0x00, 0x00, 0x00, 0x00, 0x00, 0x00, 0x00, 0x00, 0x00, 0x00, 0x00, 0x00, 0x00,
    0x20, 0x00, 0x00, 0x00, 0x5b, 0x4a, 0xe2, 0x38, 0x93, 0xdd, 0xd7, 0x38, 0x93, 0xce, 0x18, 0x39,
    0xe8, 0x7d, 0xef, 0x38, 0x23, 0x63, 0xb7, 0x38, 0x6b, 0x84, 0x0b, 0x39, 0xd6, 0x71, 0x40, 0x39,
    0x09, 0x1d, 0x23, 0x39, 0xed, 0xac, 0xa0, 0x38, 0xa0, 0x99, 0xe0, 0x38, 0xe1, 0xf1, 0xb0, 0x38,
    0x5f, 0x10, 0x3f, 0x39, 0xe7, 0xd6, 0x0c, 0x39, 0x5d, 0x46, 0xdf, 0x38, 0x4c, 0x4d, 0x2f, 0x39,
    0x04, 0xd9, 0x9f, 0x39, 0x25, 0x85, 0x10, 0x39, 0xc5, 0xeb, 0xbb, 0x38, 0x21, 0x9e, 0x1b, 0x39,
    0x55, 0xe6, 0x20, 0x39, 0x3b, 0x1d, 0xe5, 0x38, 0xf5, 0x78, 0x6f, 0x39, 0x9d, 0x14, 0x01, 0x39,
    0x83, 0x3d, 0x71, 0x38, 0xb3, 0x5c, 0xaf, 0x38, 0xf8, 0x02, 0xa4, 0x39, 0x9d, 0x37, 0x67, 0x39,
    0xee, 0xd6, 0xe2, 0x38, 0xe0, 0xa0, 0x02, 0x39, 0xdf, 0x02, 0x21, 0x39, 0x12, 0xd3, 0xc7, 0x38,
    0x7e, 0x39, 0xd3, 0x38, 0x12, 0x00, 0x00, 0x00, 0x74, 0x66, 0x6c, 0x2e, 0x70, 0x73, 0x65, 0x75,
    0x64, 0x6f, 0x5f, 0x71, 0x63, 0x6f, 0x6e, 0x73, 0x74, 0x32, 0x00, 0x00, 0x01, 0x00, 0x00, 0x00,
    0x20, 0x00, 0x00, 0x00, 0xa6, 0xe1, 0xff, 0xff, 0x00, 0x00, 0x00, 0x01, 0x14, 0x00, 0x00, 0x00,
    0x28, 0x1e, 0x00, 0x00, 0x03, 0x00, 0x00, 0x00, 0x00, 0x00, 0x00, 0x09, 0x34, 0x1e, 0x00, 0x00,
    0x14, 0xc3, 0xff, 0xff, 0x08, 0x00, 0x00, 0x00, 0x0c, 0x14, 0x00, 0x00, 0x80, 0x02, 0x00, 0x00,
    0x00, 0x00, 0x00, 0x00, 0x00, 0x00, 0x00, 0x00, 0x00, 0x00, 0x00, 0x00, 0x00, 0x00, 0x00, 0x00,
    0x00, 0x00, 0x00, 0x00, 0x00, 0x00, 0x00, 0x00, 0x00, 0x00, 0x00, 0x00, 0x00, 0x00, 0x00, 0x00,
    0x00, 0x00, 0x00, 0x00, 0x00, 0x00, 0x00, 0x00, 0x00, 0x00, 0x00, 0x00, 0x00, 0x00, 0x00, 0x00,
    0x00, 0x00, 0x00, 0x00, 0x00, 0x00, 0x00, 0x00, 0x00, 0x00, 0x00, 0x00, 0x00, 0x00, 0x00, 0x00,
    0x00, 0x00, 0x00, 0x00, 0x00, 0x00, 0x00, 0x00, 0x00, 0x00, 0x00, 0x00, 0x00, 0x00, 0x00, 0x00,
    0x00, 0x00, 0x00, 0x00, 0x00, 0x00, 0x00, 0x00, 0x00, 0x00, 0x00, 0x00, 0x00, 0x00, 0x00, 0x00,
    0x00, 0x00, 0x00, 0x00, 0x00, 0x00, 0x00, 0x00, 0x00, 0x00, 0x00, 0x00, 0x00, 0x00, 0x00, 0x00,
    0x00, 0x00, 0x00, 0x00, 0x00, 0x00, 0x00, 0x00, 0x00, 0x00, 0x00, 0x00, 0x00, 0x00, 0x00, 0x00,
    0x00, 0x00, 0x00, 0x00, 0x00, 0x00, 0x00, 0x00, 0x00, 0x00, 0x00, 0x00, 0x00, 0x00, 0x00, 0x00,
    0x00, 0x00, 0x00, 0x00, 0x00, 0x00, 0x00, 0x00, 0x00, 0x00, 0x00, 0x00, 0x00, 0x00, 0x00, 0x00,
    0x00, 0x00, 0x00, 0x00, 0x00, 0x00, 0x00, 0x00, 0x00, 0x00, 0x00, 0x00, 0x00, 0x00, 0x00, 0x00,
    0x00, 0x00, 0x00, 0x00, 0x00, 0x00, 0x00, 0x00, 0x00, 0x00, 0x00, 0x00, 0x00, 0x00, 0x00, 0x00,
    0x00, 0x00, 0x00, 0x00, 0x00, 0x00, 0x00, 0x00, 0x00, 0x00, 0x00, 0x00, 0x00, 0x00, 0x00, 0x00,
    0x00, 0x00, 0x00, 0x00, 0x00, 0x00, 0x00, 0x00, 0x00, 0x00, 0x00, 0x00, 0x00, 0x00, 0x00, 0x00,
    0x00, 0x00, 0x00, 0x00, 0x00, 0x00, 0x00, 0x00, 0x00, 0x00, 0x00, 0x00, 0x00, 0x00, 0x00, 0x00,
    0x00, 0x00, 0x00, 0x00, 0x00, 0x00, 0x00, 0x00, 0x00, 0x00, 0x00, 0x00, 0x00, 0x00, 0x00, 0x00,
    0x00, 0x00, 0x00, 0x00, 0x00, 0x00, 0x00, 0x00, 0x00, 0x00, 0x00, 0x00, 0x00, 0x00, 0x00, 0x00,
    0x00, 0x00, 0x00, 0x00, 0x00, 0x00, 0x00, 0x00, 0x00, 0x00, 0x00, 0x00, 0x00, 0x00, 0x00, 0x00,
    0x00, 0x00, 0x00, 0x00, 0x00, 0x00, 0x00, 0x00, 0x00, 0x00, 0x00, 0x00, 0x00, 0x00, 0x00, 0x00,
    0x00, 0x00, 0x00, 0x00, 0x00, 0x00, 0x00, 0x00, 0x00, 0x00, 0x00, 0x00, 0x00, 0x00, 0x00, 0x00,
    0x00, 0x00, 0x00, 0x00, 0x00, 0x00, 0x00, 0x00, 0x00, 0x00, 0x00, 0x00, 0x00, 0x00, 0x00, 0x00,
    0x00, 0x00, 0x00, 0x00, 0x00, 0x00, 0x00, 0x00, 0x00, 0x00, 0x00, 0x00, 0x00, 0x00, 0x00, 0x00,
    0x00, 0x00, 0x00, 0x00, 0x00, 0x00, 0x00, 0x00, 0x00, 0x00, 0x00, 0x00, 0x00, 0x00, 0x00, 0x00,
    0x00, 0x00, 0x00, 0x00, 0x00, 0x00, 0x00, 0x00, 0x00, 0x00, 0x00, 0x00, 0x00, 0x00, 0x00, 0x00,
    0x00, 0x00, 0x00, 0x00, 0x00, 0x00, 0x00, 0x00, 0x00, 0x00, 0x00, 0x00, 0x00, 0x00, 0x00, 0x00,
    0x00, 0x00, 0x00, 0x00, 0x00, 0x00, 0x00, 0x00, 0x00, 0x00, 0x00, 0x00, 0x00, 0x00, 0x00, 0x00,
    0x00, 0x00, 0x00, 0x00, 0x00, 0x00, 0x00, 0x00, 0x00, 0x00, 0x00, 0x00, 0x00, 0x00, 0x00, 0x00,
    0x00, 0x00, 0x00, 0x00, 0x00, 0x00, 0x00, 0x00, 0x00, 0x00, 0x00, 0x00, 0x00, 0x00, 0x00, 0x00,
    0x00, 0x00, 0x00, 0x00, 0x00, 0x00, 0x00, 0x00, 0x00, 0x00, 0x00, 0x00, 0x00, 0x00, 0x00, 0x00,
    0x00, 0x00, 0x00, 0x00, 0x00, 0x00, 0x00, 0x00, 0x00, 0x00, 0x00, 0x00, 0x00, 0x00, 0x00, 0x00,
    0x00, 0x00, 0x00, 0x00, 0x00, 0x00, 0x00, 0x00, 0x00, 0x00, 0x00, 0x00, 0x00, 0x00, 0x00, 0x00,
    0x00, 0x00, 0x00, 0x00, 0x00, 0x00, 0x00, 0x00, 0x00, 0x00, 0x00, 0x00, 0x00, 0x00, 0x00, 0x00,
    0x00, 0x00, 0x00, 0x00, 0x00, 0x00, 0x00, 0x00, 0x00, 0x00, 0x00, 0x00, 0x00, 0x00, 0x00, 0x00,
    0x00, 0x00, 0x00, 0x00, 0x00, 0x00, 0x00, 0x00, 0x00, 0x00, 0x00, 0x00, 0x00, 0x00, 0x00, 0x00,
    0x00, 0x00, 0x00, 0x00, 0x00, 0x00, 0x00, 0x00, 0x00, 0x00, 0x00, 0x00, 0x00, 0x00, 0x00, 0x00,
    0x00, 0x00, 0x00, 0x00, 0x00, 0x00, 0x00, 0x00, 0x00, 0x00, 0x00, 0x00, 0x00, 0x00, 0x00, 0x00,
    0x00, 0x00, 0x00, 0x00, 0x00, 0x00, 0x00, 0x00, 0x00, 0x00, 0x00, 0x00, 0x00, 0x00, 0x00, 0x00,
    0x00, 0x00, 0x00, 0x00, 0x00, 0x00, 0x00, 0x00, 0x00, 0x00, 0x00, 0x00, 0x00, 0x00, 0x00, 0x00,
    0x00, 0x00, 0x00, 0x00, 0x00, 0x00, 0x00, 0x00, 0x00, 0x00, 0x00, 0x00, 0x00, 0x00, 0x00, 0x00,
    0x00, 0x00, 0x00, 0x00, 0x00, 0x00, 0x00, 0x00, 0x00, 0x00, 0x00, 0x00, 0x00, 0x00, 0x00, 0x00,
    0x00, 0x00, 0x00, 0x00, 0x00, 0x00, 0x00, 0x00, 0x00, 0x00, 0x00, 0x00, 0x00, 0x00, 0x00, 0x00,
    0x00, 0x00, 0x00, 0x00, 0x00, 0x00, 0x00, 0x00, 0x00, 0x00, 0x00, 0x00, 0x00, 0x00, 0x00, 0x00,
    0x00, 0x00, 0x00, 0x00, 0x00, 0x00, 0x00, 0x00, 0x00, 0x00, 0x00, 0x00, 0x00, 0x00, 0x00, 0x00,
    0x00, 0x00, 0x00, 0x00, 0x00, 0x00, 0x00, 0x00, 0x00, 0x00, 0x00, 0x00, 0x00, 0x00, 0x00, 0x00,
    0x00, 0x00, 0x00, 0x00, 0x00, 0x00, 0x00, 0x00, 0x00, 0x00, 0x00, 0x00, 0x00, 0x00, 0x00, 0x00,
    0x00, 0x00, 0x00, 0x00, 0x00, 0x00, 0x00, 0x00, 0x00, 0x00, 0x00, 0x00, 0x00, 0x00, 0x00, 0x00,
    0x00, 0x00, 0x00, 0x00, 0x00, 0x00, 0x00, 0x00, 0x00, 0x00, 0x00, 0x00, 0x00, 0x00, 0x00, 0x00,
    0x00, 0x00, 0x00, 0x00, 0x00, 0x00, 0x00, 0x00, 0x00, 0x00, 0x00, 0x00, 0x00, 0x00, 0x00, 0x00,
    0x00, 0x00, 0x00, 0x00, 0x00, 0x00, 0x00, 0x00, 0x00, 0x00, 0x00, 0x00, 0x00, 0x00, 0x00, 0x00,
    0x00, 0x00, 0x00, 0x00, 0x00, 0x00, 0x00, 0x00, 0x00, 0x00, 0x00, 0x00, 0x00, 0x00, 0x00, 0x00,
    0x00, 0x00, 0x00, 0x00, 0x00, 0x00, 0x00, 0x00, 0x00, 0x00, 0x00, 0x00, 0x00, 0x00, 0x00, 0x00,
    0x00, 0x00, 0x00, 0x00, 0x00, 0x00, 0x00, 0x00, 0x00, 0x00, 0x00, 0x00, 0x00, 0x00, 0x00, 0x00,
    0x00, 0x00, 0x00, 0x00, 0x00, 0x00, 0x00, 0x00, 0x00, 0x00, 0x00, 0x00, 0x00, 0x00, 0x00, 0x00,
    0x00, 0x00, 0x00, 0x00, 0x00, 0x00, 0x00, 0x00, 0x00, 0x00, 0x00, 0x00, 0x00, 0x00, 0x00, 0x00,
    0x00, 0x00, 0x00, 0x00, 0x00, 0x00, 0x00, 0x00, 0x00, 0x00, 0x00, 0x00, 0x00, 0x00, 0x00, 0x00,
    0x00, 0x00, 0x00, 0x00, 0x00, 0x00, 0x00, 0x00, 0x00, 0x00, 0x00, 0x00, 0x00, 0x00, 0x00, 0x00,
    0x00, 0x00, 0x00, 0x00, 0x00, 0x00, 0x00, 0x00, 0x00, 0x00, 0x00, 0x00, 0x00, 0x00, 0x00, 0x00,
    0x00, 0x00, 0x00, 0x00, 0x00, 0x00, 0x00, 0x00, 0x00, 0x00, 0x00, 0x00, 0x00, 0x00, 0x00, 0x00,
    0x00, 0x00, 0x00, 0x00, 0x00, 0x00, 0x00, 0x00, 0x00, 0x00, 0x00, 0x00, 0x00, 0x00, 0x00, 0x00,
    0x00, 0x00, 0x00, 0x00, 0x00, 0x00, 0x00, 0x00, 0x00, 0x00, 0x00, 0x00, 0x00, 0x00, 0x00, 0x00,
    0x00, 0x00, 0x00, 0x00, 0x00, 0x00, 0x00, 0x00, 0x00, 0x00, 0x00, 0x00, 0x00, 0x00, 0x00, 0x00,
    0x00, 0x00, 0x00, 0x00, 0x00, 0x00, 0x00, 0x00, 0x00, 0x00, 0x00, 0x00, 0x00, 0x00, 0x00, 0x00,
    0x00, 0x00, 0x00, 0x00, 0x00, 0x00, 0x00, 0x00, 0x00, 0x00, 0x00, 0x00, 0x00, 0x00, 0x00, 0x00,
    0x00, 0x00, 0x00, 0x00, 0x00, 0x00, 0x00, 0x00, 0x00, 0x00, 0x00, 0x00, 0x00, 0x00, 0x00, 0x00,
    0x00, 0x00, 0x00, 0x00, 0x00, 0x00, 0x00, 0x00, 0x00, 0x00, 0x00, 0x00, 0x00, 0x00, 0x00, 0x00,
    0x00, 0x00, 0x00, 0x00, 0x00, 0x00, 0x00, 0x00, 0x00, 0x00, 0x00, 0x00, 0x00, 0x00, 0x00, 0x00,
    0x00, 0x00, 0x00, 0x00, 0x00, 0x00, 0x00, 0x00, 0x00, 0x00, 0x00, 0x00, 0x00, 0x00, 0x00, 0x00,
    0x00, 0x00, 0x00, 0x00, 0x00, 0x00, 0x00, 0x00, 0x00, 0x00, 0x00, 0x00, 0x00, 0x00, 0x00, 0x00,
    0x00, 0x00, 0x00, 0x00, 0x00, 0x00, 0x00, 0x00, 0x00, 0x00, 0x00, 0x00, 0x00, 0x00, 0x00, 0x00,
    0x00, 0x00, 0x00, 0x00, 0x00, 0x00, 0x00, 0x00, 0x00, 0x00, 0x00, 0x00, 0x00, 0x00, 0x00, 0x00,
    0x00, 0x00, 0x00, 0x00, 0x00, 0x00, 0x00, 0x00, 0x00, 0x00, 0x00, 0x00, 0x00, 0x00, 0x00, 0x00,
    0x00, 0x00, 0x00, 0x00, 0x00, 0x00, 0x00, 0x00, 0x00, 0x00, 0x00, 0x00, 0x00, 0x00, 0x00, 0x00,
    0x00, 0x00, 0x00, 0x00, 0x00, 0x00, 0x00, 0x00, 0x00, 0x00, 0x00, 0x00, 0x00, 0x00, 0x00, 0x00,
    0x00, 0x00, 0x00, 0x00, 0x00, 0x00, 0x00, 0x00, 0x00, 0x00, 0x00, 0x00, 0x00, 0x00, 0x00, 0x00,
    0x00, 0x00, 0x00, 0x00, 0x00, 0x00, 0x00, 0x00, 0x00, 0x00, 0x00, 0x00, 0x00, 0x00, 0x00, 0x00,
    0x00, 0x00, 0x00, 0x00, 0x00, 0x00, 0x00, 0x00, 0x00, 0x00, 0x00, 0x00, 0x00, 0x00, 0x00, 0x00,
    0x00, 0x00, 0x00, 0x00, 0x00, 0x00, 0x00, 0x00, 0x00, 0x00, 0x00, 0x00, 0x00, 0x00, 0x00, 0x00,
    0x00, 0x00, 0x00, 0x00, 0x00, 0x00, 0x00, 0x00, 0x00, 0x00, 0x00, 0x00, 0x00, 0x00, 0x00, 0x00,
    0x00, 0x00, 0x00, 0x00, 0x00, 0x00, 0x00, 0x00, 0x00, 0x00, 0x00, 0x00, 0x00, 0x00, 0x00, 0x00,
    0x00, 0x00, 0x00, 0x00, 0x00, 0x00, 0x00, 0x00, 0x00, 0x00, 0x00, 0x00, 0x00, 0x00, 0x00, 0x00,
    0x00, 0x00, 0x00, 0x00, 0x00, 0x00, 0x00, 0x00, 0x00, 0x00, 0x00, 0x00, 0x00, 0x00, 0x00, 0x00,
    0x00, 0x00, 0x00, 0x00, 0x00, 0x00, 0x00, 0x00, 0x00, 0x00, 0x00, 0x00, 0x00, 0x00, 0x00, 0x00,
    0x00, 0x00, 0x00, 0x00, 0x00, 0x00, 0x00, 0x00, 0x00, 0x00, 0x00, 0x00, 0x00, 0x00, 0x00, 0x00,
    0x00, 0x00, 0x00, 0x00, 0x00, 0x00, 0x00, 0x00, 0x00, 0x00, 0x00, 0x00, 0x00, 0x00, 0x00, 0x00,
    0x00, 0x00, 0x00, 0x00, 0x00, 0x00, 0x00, 0x00, 0x00, 0x00, 0x00, 0x00, 0x00, 0x00, 0x00, 0x00,
    0x00, 0x00, 0x00, 0x00, 0x00, 0x00, 0x00, 0x00, 0x00, 0x00, 0x00, 0x00, 0x00, 0x00, 0x00, 0x00,
    0x00, 0x00, 0x00, 0x00, 0x00, 0x00, 0x00, 0x00, 0x00, 0x00, 0x00, 0x00, 0x00, 0x00, 0x00, 0x00,
    0x00, 0x00, 0x00, 0x00, 0x00, 0x00, 0x00, 0x00, 0x00, 0x00, 0x00, 0x00, 0x00, 0x00, 0x00, 0x00,
    0x00, 0x00, 0x00, 0x00, 0x00, 0x00, 0x00, 0x00, 0x00, 0x00, 0x00, 0x00, 0x00, 0x00, 0x00, 0x00,
    0x00, 0x00, 0x00, 0x00, 0x00, 0x00, 0x00, 0x00, 0x00, 0x00, 0x00, 0x00, 0x00, 0x00, 0x00, 0x00,
    0x00, 0x00, 0x00, 0x00, 0x00, 0x00, 0x00, 0x00, 0x00, 0x00, 0x00, 0x00, 0x00, 0x00, 0x00, 0x00,
    0x00, 0x00, 0x00, 0x00, 0x00, 0x00, 0x00, 0x00, 0x00, 0x00, 0x00, 0x00, 0x00, 0x00, 0x00, 0x00,
    0x00, 0x00, 0x00, 0x00, 0x00, 0x00, 0x00, 0x00, 0x00, 0x00, 0x00, 0x00, 0x00, 0x00, 0x00, 0x00,
    0x00, 0x00, 0x00, 0x00, 0x00, 0x00, 0x00, 0x00, 0x00, 0x00, 0x00, 0x00, 0x00, 0x00, 0x00, 0x00,
    0x00, 0x00, 0x00, 0x00, 0x00, 0x00, 0x00, 0x00, 0x00, 0x00, 0x00, 0x00, 0x00, 0x00, 0x00, 0x00,
    0x00, 0x00, 0x00, 0x00, 0x00, 0x00, 0x00, 0x00, 0x00, 0x00, 0x00, 0x00, 0x00, 0x00, 0x00, 0x00,
    0x00, 0x00, 0x00, 0x00, 0x00, 0x00, 0x00, 0x00, 0x00, 0x00, 0x00, 0x00, 0x00, 0x00, 0x00, 0x00,
    0x00, 0x00, 0x00, 0x00, 0x00, 0x00, 0x00, 0x00, 0x00, 0x00, 0x00, 0x00, 0x00, 0x00, 0x00, 0x00,
    0x00, 0x00, 0x00, 0x00, 0x00, 0x00, 0x00, 0x00, 0x00, 0x00, 0x00, 0x00, 0x00, 0x00, 0x00, 0x00,
    0x00, 0x00, 0x00, 0x00, 0x00, 0x00, 0x00, 0x00, 0x00, 0x00, 0x00, 0x00, 0x00, 0x00, 0x00, 0x00,
    0x00, 0x00, 0x00, 0x00, 0x00, 0x00, 0x00, 0x00, 0x00, 0x00, 0x00, 0x00, 0x00, 0x00, 0x00, 0x00,
    0x00, 0x00, 0x00, 0x00, 0x00, 0x00, 0x00, 0x00, 0x00, 0x00, 0x00, 0x00, 0x00, 0x00, 0x00, 0x00,
    0x00, 0x00, 0x00, 0x00, 0x00, 0x00, 0x00, 0x00, 0x00, 0x00, 0x00, 0x00, 0x00, 0x00, 0x00, 0x00,
    0x00, 0x00, 0x00, 0x00, 0x00, 0x00, 0x00, 0x00, 0x00, 0x00, 0x00, 0x00, 0x00, 0x00, 0x00, 0x00,
    0x00, 0x00, 0x00, 0x00, 0x00, 0x00, 0x00, 0x00, 0x00, 0x00, 0x00, 0x00, 0x00, 0x00, 0x00, 0x00,
    0x00, 0x00, 0x00, 0x00, 0x00, 0x00, 0x00, 0x00, 0x00, 0x00, 0x00, 0x00, 0x00, 0x00, 0x00, 0x00,
    0x00, 0x00, 0x00, 0x00, 0x00, 0x00, 0x00, 0x00, 0x00, 0x00, 0x00, 0x00, 0x00, 0x00, 0x00, 0x00,
    0x00, 0x00, 0x00, 0x00, 0x00, 0x00, 0x00, 0x00, 0x00, 0x00, 0x00, 0x00, 0x00, 0x00, 0x00, 0x00,
    0x00, 0x00, 0x00, 0x00, 0x00, 0x00, 0x00, 0x00, 0x00, 0x00, 0x00, 0x00, 0x00, 0x00, 0x00, 0x00,
    0x00, 0x00, 0x00, 0x00, 0x00, 0x00, 0x00, 0x00, 0x00, 0x00, 0x00, 0x00, 0x00, 0x00, 0x00, 0x00,
    0x00, 0x00, 0x00, 0x00, 0x00, 0x00, 0x00, 0x00, 0x00, 0x00, 0x00, 0x00, 0x00, 0x00, 0x00, 0x00,
    0x00, 0x00, 0x00, 0x00, 0x00, 0x00, 0x00, 0x00, 0x00, 0x00, 0x00, 0x00, 0x00, 0x00, 0x00, 0x00,
    0x00, 0x00, 0x00, 0x00, 0x00, 0x00, 0x00, 0x00, 0x00, 0x00, 0x00, 0x00, 0x00, 0x00, 0x00, 0x00,
    0x00, 0x00, 0x00, 0x00, 0x00, 0x00, 0x00, 0x00, 0x00, 0x00, 0x00, 0x00, 0x00, 0x00, 0x00, 0x00,
    0x00, 0x00, 0x00, 0x00, 0x00, 0x00, 0x00, 0x00, 0x00, 0x00, 0x00, 0x00, 0x00, 0x00, 0x00, 0x00,
    0x00, 0x00, 0x00, 0x00, 0x00, 0x00, 0x00, 0x00, 0x00, 0x00, 0x00, 0x00, 0x00, 0x00, 0x00, 0x00,
    0x00, 0x00, 0x00, 0x00, 0x00, 0x00, 0x00, 0x00, 0x00, 0x00, 0x00, 0x00, 0x00, 0x00, 0x00, 0x00,
    0x00, 0x00, 0x00, 0x00, 0x00, 0x00, 0x00, 0x00, 0x00, 0x00, 0x00, 0x00, 0x00, 0x00, 0x00, 0x00,
    0x00, 0x00, 0x00, 0x00, 0x00, 0x00, 0x00, 0x00, 0x00, 0x00, 0x00, 0x00, 0x00, 0x00, 0x00, 0x00,
    0x00, 0x00, 0x00, 0x00, 0x00, 0x00, 0x00, 0x00, 0x00, 0x00, 0x00, 0x00, 0x00, 0x00, 0x00, 0x00,
    0x00, 0x00, 0x00, 0x00, 0x00, 0x00, 0x00, 0x00, 0x00, 0x00, 0x00, 0x00, 0x00, 0x00, 0x00, 0x00,
    0x00, 0x00, 0x00, 0x00, 0x00, 0x00, 0x00, 0x00, 0x00, 0x00, 0x00, 0x00, 0x00, 0x00, 0x00, 0x00,
    0x00, 0x00, 0x00, 0x00, 0x00, 0x00, 0x00, 0x00, 0x00, 0x00, 0x00, 0x00, 0x00, 0x00, 0x00, 0x00,
    0x00, 0x00, 0x00, 0x00, 0x00, 0x00, 0x00, 0x00, 0x00, 0x00, 0x00, 0x00, 0x00, 0x00, 0x00, 0x00,
    0x00, 0x00, 0x00, 0x00, 0x00, 0x00, 0x00, 0x00, 0x00, 0x00, 0x00, 0x00, 0x00, 0x00, 0x00, 0x00,
    0x00, 0x00, 0x00, 0x00, 0x00, 0x00, 0x00, 0x00, 0x00, 0x00, 0x00, 0x00, 0x00, 0x00, 0x00, 0x00,
    0x00, 0x00, 0x00, 0x00, 0x00, 0x00, 0x00, 0x00, 0x00, 0x00, 0x00, 0x00, 0x00, 0x00, 0x00, 0x00,
    0x00, 0x00, 0x00, 0x00, 0x00, 0x00, 0x00, 0x00, 0x00, 0x00, 0x00, 0x00, 0x00, 0x00, 0x00, 0x00,
    0x00, 0x00, 0x00, 0x00, 0x00, 0x00, 0x00, 0x00, 0x00, 0x00, 0x00, 0x00, 0x00, 0x00, 0x00, 0x00,
    0x00, 0x00, 0x00, 0x00, 0x00, 0x00, 0x00, 0x00, 0x00, 0x00, 0x00, 0x00, 0x00, 0x00, 0x00, 0x00,
    0x00, 0x00, 0x00, 0x00, 0x00, 0x00, 0x00, 0x00, 0x00, 0x00, 0x00, 0x00, 0x00, 0x00, 0x00, 0x00,
    0x00, 0x00, 0x00, 0x00, 0x00, 0x00, 0x00, 0x00, 0x00, 0x00, 0x00, 0x00, 0x00, 0x00, 0x00, 0x00,
    0x00, 0x00, 0x00, 0x00, 0x00, 0x00, 0x00, 0x00, 0x00, 0x00, 0x00, 0x00, 0x00, 0x00, 0x00, 0x00,
    0x00, 0x00, 0x00, 0x00, 0x00, 0x00, 0x00, 0x00, 0x00, 0x00, 0x00, 0x00, 0x00, 0x00, 0x00, 0x00,
    0x00, 0x00, 0x00, 0x00, 0x00, 0x00, 0x00, 0x00, 0x00, 0x00, 0x00, 0x00, 0x00, 0x00, 0x00, 0x00,
    0x00, 0x00, 0x00, 0x00, 0x00, 0x00, 0x00, 0x00, 0x00, 0x00, 0x00, 0x00, 0x00, 0x00, 0x00, 0x00,
    0x00, 0x00, 0x00, 0x00, 0x00, 0x00, 0x00, 0x00, 0x00, 0x00, 0x00, 0x00, 0x00, 0x00, 0x00, 0x00,
    0x00, 0x00, 0x00, 0x00, 0x00, 0x00, 0x00, 0x00, 0x00, 0x00, 0x00, 0x00, 0x00, 0x00, 0x00, 0x00,
    0x00, 0x00, 0x00, 0x00, 0x00, 0x00, 0x00, 0x00, 0x00, 0x00, 0x00, 0x00, 0x00, 0x00, 0x00, 0x00,
    0x00, 0x00, 0x00, 0x00, 0x00, 0x00, 0x00, 0x00, 0x00, 0x00, 0x00, 0x00, 0x00, 0x00, 0x00, 0x00,
    0x00, 0x00, 0x00, 0x00, 0x00, 0x00, 0x00, 0x00, 0x00, 0x00, 0x00, 0x00, 0x00, 0x00, 0x00, 0x00,
    0x00, 0x00, 0x00, 0x00, 0x00, 0x00, 0x00, 0x00, 0x00, 0x00, 0x00, 0x00, 0x00, 0x00, 0x00, 0x00,
    0x00, 0x00, 0x00, 0x00, 0x00, 0x00, 0x00, 0x00, 0x00, 0x00, 0x00, 0x00, 0x00, 0x00, 0x00, 0x00,
    0x00, 0x00, 0x00, 0x00, 0x00, 0x00, 0x00, 0x00, 0x00, 0x00, 0x00, 0x00, 0x00, 0x00, 0x00, 0x00,
    0x00, 0x00, 0x00, 0x00, 0x00, 0x00, 0x00, 0x00, 0x00, 0x00, 0x00, 0x00, 0x00, 0x00, 0x00, 0x00,
    0x00, 0x00, 0x00, 0x00, 0x00, 0x00, 0x00, 0x00, 0x00, 0x00, 0x00, 0x00, 0x00, 0x00, 0x00, 0x00,
    0x00, 0x00, 0x00, 0x00, 0x00, 0x00, 0x00, 0x00, 0x00, 0x00, 0x00, 0x00, 0x00, 0x00, 0x00, 0x00,
    0x00, 0x00, 0x00, 0x00, 0x00, 0x00, 0x00, 0x00, 0x00, 0x00, 0x00, 0x00, 0x00, 0x00, 0x00, 0x00,
    0x00, 0x00, 0x00, 0x00, 0x00, 0x00, 0x00, 0x00, 0x00, 0x00, 0x00, 0x00, 0x00, 0x00, 0x00, 0x00,
    0x00, 0x00, 0x00, 0x00, 0x00, 0x00, 0x00, 0x00, 0x00, 0x00, 0x00, 0x00, 0x00, 0x00, 0x00, 0x00,
    0x00, 0x00, 0x00, 0x00, 0x00, 0x00, 0x00, 0x00, 0x00, 0x00, 0x00, 0x00, 0x00, 0x00, 0x00, 0x00,
    0x00, 0x00, 0x00, 0x00, 0x00, 0x00, 0x00, 0x00, 0x00, 0x00, 0x00, 0x00, 0x00, 0x00, 0x00, 0x00,
    0x00, 0x00, 0x00, 0x00, 0x00, 0x00, 0x00, 0x00, 0x00, 0x00, 0x00, 0x00, 0x00, 0x00, 0x00, 0x00,
    0x00, 0x00, 0x00, 0x00, 0x00, 0x00, 0x00, 0x00, 0x00, 0x00, 0x00, 0x00, 0x00, 0x00, 0x00, 0x00,
    0x00, 0x00, 0x00, 0x00, 0x00, 0x00, 0x00, 0x00, 0x00, 0x00, 0x00, 0x00, 0x00, 0x00, 0x00, 0x00,
    0x00, 0x00, 0x00, 0x00, 0x00, 0x00, 0x00, 0x00, 0x00, 0x00, 0x00, 0x00, 0x00, 0x00, 0x00, 0x00,
    0x00, 0x00, 0x00, 0x00, 0x00, 0x00, 0x00, 0x00, 0x00, 0x00, 0x00, 0x00, 0x00, 0x00, 0x00, 0x00,
    0x00, 0x00, 0x00, 0x00, 0x00, 0x00, 0x00, 0x00, 0x00, 0x00, 0x00, 0x00, 0x00, 0x00, 0x00, 0x00,
    0x00, 0x00, 0x00, 0x00, 0x00, 0x00, 0x00, 0x00, 0x00, 0x00, 0x00, 0x00, 0x00, 0x00, 0x00, 0x00,
    0x00, 0x00, 0x00, 0x00, 0x00, 0x00, 0x00, 0x00, 0x00, 0x00, 0x00, 0x00, 0x00, 0x00, 0x00, 0x00,
    0x00, 0x00, 0x00, 0x00, 0x00, 0x00, 0x00, 0x00, 0x00, 0x00, 0x00, 0x00, 0x00, 0x00, 0x00, 0x00,
    0x00, 0x00, 0x00, 0x00, 0x00, 0x00, 0x00, 0x00, 0x00, 0x00, 0x00, 0x00, 0x00, 0x00, 0x00, 0x00,
    0x00, 0x00, 0x00, 0x00, 0x00, 0x00, 0x00, 0x00, 0x00, 0x00, 0x00, 0x00, 0x00, 0x00, 0x00, 0x00,
    0x00, 0x00, 0x00, 0x00, 0x00, 0x00, 0x00, 0x00, 0x00, 0x00, 0x00, 0x00, 0x00, 0x00, 0x00, 0x00,
    0x00, 0x00, 0x00, 0x00, 0x00, 0x00, 0x00, 0x00, 0x00, 0x00, 0x00, 0x00, 0x00, 0x00, 0x00, 0x00,
    0x00, 0x00, 0x00, 0x00, 0x00, 0x00, 0x00, 0x00, 0x00, 0x00, 0x00, 0x00, 0x00, 0x00, 0x00, 0x00,
    0x00, 0x00, 0x00, 0x00, 0x00, 0x00, 0x00, 0x00, 0x00, 0x00, 0x00, 0x00, 0x00, 0x00, 0x00, 0x00,
    0x00, 0x00, 0x00, 0x00, 0x00, 0x00, 0x00, 0x00, 0x00, 0x00, 0x00, 0x00, 0x00, 0x00, 0x00, 0x00,
    0x00, 0x00, 0x00, 0x00, 0x00, 0x00, 0x00, 0x00, 0x00, 0x00, 0x00, 0x00, 0x00, 0x00, 0x00, 0x00,
    0x00, 0x00, 0x00, 0x00, 0x00, 0x00, 0x00, 0x00, 0x00, 0x00, 0x00, 0x00, 0x00, 0x00, 0x00, 0x00,
    0x00, 0x00, 0x00, 0x00, 0x00, 0x00, 0x00, 0x00, 0x00, 0x00, 0x00, 0x00, 0x00, 0x00, 0x00, 0x00,
    0x00, 0x00, 0x00, 0x00, 0x00, 0x00, 0x00, 0x00, 0x00, 0x00, 0x00, 0x00, 0x00, 0x00, 0x00, 0x00,
    0x00, 0x00, 0x00, 0x00, 0x00, 0x00, 0x00, 0x00, 0x00, 0x00, 0x00, 0x00, 0x00, 0x00, 0x00, 0x00,
    0x00, 0x00, 0x00, 0x00, 0x00, 0x00, 0x00, 0x00, 0x00, 0x00, 0x00, 0x00, 0x00, 0x00, 0x00, 0x00,
    0x00, 0x00, 0x00, 0x00, 0x00, 0x00, 0x00, 0x00, 0x00, 0x00, 0x00, 0x00, 0x00, 0x00, 0x00, 0x00,
    0x00, 0x00, 0x00, 0x00, 0x00, 0x00, 0x00, 0x00, 0x00, 0x00, 0x00, 0x00, 0x00, 0x00, 0x00, 0x00,
    0x00, 0x00, 0x00, 0x00, 0x00, 0x00, 0x00, 0x00, 0x00, 0x00, 0x00, 0x00, 0x00, 0x00, 0x00, 0x00,
    0x00, 0x00, 0x00, 0x00, 0x00, 0x00, 0x00, 0x00, 0x00, 0x00, 0x00, 0x00, 0x00, 0x00, 0x00, 0x00,
    0x00, 0x00, 0x00, 0x00, 0x00, 0x00, 0x00, 0x00, 0x00, 0x00, 0x00, 0x00, 0x00, 0x00, 0x00, 0x00,
    0x00, 0x00, 0x00, 0x00, 0x00, 0x00, 0x00, 0x00, 0x00, 0x00, 0x00, 0x00, 0x00, 0x00, 0x00, 0x00,
    0x00, 0x00, 0x00, 0x00, 0x00, 0x00, 0x00, 0x00, 0x00, 0x00, 0x00, 0x00, 0x00, 0x00, 0x00, 0x00,
    0x00, 0x00, 0x00, 0x00, 0x00, 0x00, 0x00, 0x00, 0x00, 0x00, 0x00, 0x00, 0x00, 0x00, 0x00, 0x00,
    0x00, 0x00, 0x00, 0x00, 0x00, 0x00, 0x00, 0x00, 0x00, 0x00, 0x00, 0x00, 0x00, 0x00, 0x00, 0x00,
    0x00, 0x00, 0x00, 0x00, 0x00, 0x00, 0x00, 0x00, 0x00, 0x00, 0x00, 0x00, 0x00, 0x00, 0x00, 0x00,
    0x00, 0x00, 0x00, 0x00, 0x00, 0x00, 0x00, 0x00, 0x00, 0x00, 0x00, 0x00, 0x00, 0x00, 0x00, 0x00,
    0x00, 0x00, 0x00, 0x00, 0x00, 0x00, 0x00, 0x00, 0x00, 0x00, 0x00, 0x00, 0x00, 0x00, 0x00, 0x00,
    0x00, 0x00, 0x00, 0x00, 0x00, 0x00, 0x00, 0x00, 0x00, 0x00, 0x00, 0x00, 0x00, 0x00, 0x00, 0x00,
    0x00, 0x00, 0x00, 0x00, 0x00, 0x00, 0x00, 0x00, 0x00, 0x00, 0x00, 0x00, 0x00, 0x00, 0x00, 0x00,
    0x00, 0x00, 0x00, 0x00, 0x00, 0x00, 0x00, 0x00, 0x00, 0x00, 0x00, 0x00, 0x00, 0x00, 0x00, 0x00,
    0x00, 0x00, 0x00, 0x00, 0x00, 0x00, 0x00, 0x00, 0x00, 0x00, 0x00, 0x00, 0x00, 0x00, 0x00, 0x00,
    0x00, 0x00, 0x00, 0x00, 0x00, 0x00, 0x00, 0x00, 0x00, 0x00, 0x00, 0x00, 0x00, 0x00, 0x00, 0x00,
    0x00, 0x00, 0x00, 0x00, 0x00, 0x00, 0x00, 0x00, 0x00, 0x00, 0x00, 0x00, 0x00, 0x00, 0x00, 0x00,
    0x00, 0x00, 0x00, 0x00, 0x00, 0x00, 0x00, 0x00, 0x00, 0x00, 0x00, 0x00, 0x00, 0x00, 0x00, 0x00,
    0x00, 0x00, 0x00, 0x00, 0x00, 0x00, 0x00, 0x00, 0x00, 0x00, 0x00, 0x00, 0x00, 0x00, 0x00, 0x00,
    0x00, 0x00, 0x00, 0x00, 0x00, 0x00, 0x00, 0x00, 0x00, 0x00, 0x00, 0x00, 0x00, 0x00, 0x00, 0x00,
    0x00, 0x00, 0x00, 0x00, 0x00, 0x00, 0x00, 0x00, 0x00, 0x00, 0x00, 0x00, 0x00, 0x00, 0x00, 0x00,
    0x00, 0x00, 0x00, 0x00, 0x00, 0x00, 0x00, 0x00, 0x00, 0x00, 0x00, 0x00, 0x00, 0x00, 0x00, 0x00,
    0x00, 0x00, 0x00, 0x00, 0x00, 0x00, 0x00, 0x00, 0x00, 0x00, 0x00, 0x00, 0x00, 0x00, 0x00, 0x00,
    0x00, 0x00, 0x00, 0x00, 0x00, 0x00, 0x00, 0x00, 0x00, 0x00, 0x00, 0x00, 0x00, 0x00, 0x00, 0x00,
    0x00, 0x00, 0x00, 0x00, 0x00, 0x00, 0x00, 0x00, 0x00, 0x00, 0x00, 0x00, 0x00, 0x00, 0x00, 0x00,
    0x00, 0x00, 0x00, 0x00, 0x00, 0x00, 0x00, 0x00, 0x00, 0x00, 0x00, 0x00, 0x00, 0x00, 0x00, 0x00,
    0x00, 0x00, 0x00, 0x00, 0x00, 0x00, 0x00, 0x00, 0x00, 0x00, 0x00, 0x00, 0x00, 0x00, 0x00, 0x00,
    0x00, 0x00, 0x00, 0x00, 0x00, 0x00, 0x00, 0x00, 0x00, 0x00, 0x00, 0x00, 0x00, 0x00, 0x00, 0x00,
    0x00, 0x00, 0x00, 0x00, 0x00, 0x00, 0x00, 0x00, 0x00, 0x00, 0x00, 0x00, 0x00, 0x00, 0x00, 0x00,
    0x00, 0x00, 0x00, 0x00, 0x00, 0x00, 0x00, 0x00, 0x00, 0x00, 0x00, 0x00, 0x00, 0x00, 0x00, 0x00,
    0x00, 0x00, 0x00, 0x00, 0x00, 0x00, 0x00, 0x00, 0x00, 0x00, 0x00, 0x00, 0x00, 0x00, 0x00, 0x00,
    0x00, 0x00, 0x00, 0x00, 0x00, 0x00, 0x00, 0x00, 0x00, 0x00, 0x00, 0x00, 0x00, 0x00, 0x00, 0x00,
    0x00, 0x00, 0x00, 0x00, 0x00, 0x00, 0x00, 0x00, 0x00, 0x00, 0x00, 0x00, 0x00, 0x00, 0x00, 0x00,
    0x00, 0x00, 0x00, 0x00, 0x00, 0x00, 0x00, 0x00, 0x00, 0x00, 0x00, 0x00, 0x00, 0x00, 0x00, 0x00,
    0x00, 0x00, 0x00, 0x00, 0x00, 0x00, 0x00, 0x00, 0x00, 0x00, 0x00, 0x00, 0x00, 0x00, 0x00, 0x00,
    0x00, 0x00, 0x00, 0x00, 0x00, 0x00, 0x00, 0x00, 0x00, 0x00, 0x00, 0x00, 0x00, 0x00, 0x00, 0x00,
    0x00, 0x00, 0x00, 0x00, 0x00, 0x00, 0x00, 0x00, 0x00, 0x00, 0x00, 0x00, 0x00, 0x00, 0x00, 0x00,
    0x00, 0x00, 0x00, 0x00, 0x00, 0x00, 0x00, 0x00, 0x00, 0x00, 0x00, 0x00, 0x00, 0x00, 0x00, 0x00,
    0x00, 0x00, 0x00, 0x00, 0x00, 0x00, 0x00, 0x00, 0x00, 0x00, 0x00, 0x00, 0x00, 0x00, 0x00, 0x00,
    0x00, 0x00, 0x00, 0x00, 0x00, 0x00, 0x00, 0x00, 0x00, 0x00, 0x00, 0x00, 0x00, 0x00, 0x00, 0x00,
    0x00, 0x00, 0x00, 0x00, 0x00, 0x00, 0x00, 0x00, 0x00, 0x00, 0x00, 0x00, 0x00, 0x00, 0x00, 0x00,
    0x00, 0x00, 0x00, 0x00, 0x00, 0x00, 0x00, 0x00, 0x00, 0x00, 0x00, 0x00, 0x00, 0x00, 0x00, 0x00,
    0x00, 0x00, 0x00, 0x00, 0x00, 0x00, 0x00, 0x00, 0x00, 0x00, 0x00, 0x00, 0x00, 0x00, 0x00, 0x00,
    0x00, 0x00, 0x00, 0x00, 0x00, 0x00, 0x00, 0x00, 0x00, 0x00, 0x00, 0x00, 0x00, 0x00, 0x00, 0x00,
    0x00, 0x00, 0x00, 0x00, 0x00, 0x00, 0x00, 0x00, 0x00, 0x00, 0x00, 0x00, 0x00, 0x00, 0x00, 0x00,
    0x00, 0x00, 0x00, 0x00, 0x00, 0x00, 0x00, 0x00, 0x00, 0x00, 0x00, 0x00, 0x00, 0x00, 0x00, 0x00,
    0x00, 0x00, 0x00, 0x00, 0x00, 0x00, 0x00, 0x00, 0x00, 0x00, 0x00, 0x00, 0x00, 0x00, 0x00, 0x00,
    0x00, 0x00, 0x00, 0x00, 0x00, 0x00, 0x00, 0x00, 0x00, 0x00, 0x00, 0x00, 0x00, 0x00, 0x00, 0x00,
    0x00, 0x00, 0x00, 0x00, 0x00, 0x00, 0x00, 0x00, 0x00, 0x00, 0x00, 0x00, 0x00, 0x00, 0x00, 0x00,
    0x00, 0x00, 0x00, 0x00, 0x00, 0x00, 0x00, 0x00, 0x00, 0x00, 0x00, 0x00, 0x00, 0x00, 0x00, 0x00,
    0x00, 0x00, 0x00, 0x00, 0x00, 0x00, 0x00, 0x00, 0x00, 0x00, 0x00, 0x00, 0x00, 0x00, 0x00, 0x00,
    0x00, 0x00, 0x00, 0x00, 0x00, 0x00, 0x00, 0x00, 0x00, 0x00, 0x00, 0x00, 0x00, 0x00, 0x00, 0x00,
    0x00, 0x00, 0x00, 0x00, 0x00, 0x00, 0x00, 0x00, 0x00, 0x00, 0x00, 0x00, 0x00, 0x00, 0x00, 0x00,
    0x00, 0x00, 0x00, 0x00, 0x00, 0x00, 0x00, 0x00, 0x00, 0x00, 0x00, 0x00, 0x00, 0x00, 0x00, 0x00,
    0x00, 0x00, 0x00, 0x00, 0x00, 0x00, 0x00, 0x00, 0x00, 0x00, 0x00, 0x00, 0x00, 0x00, 0x00, 0x00,
    0x00, 0x00, 0x00, 0x00, 0x00, 0x00, 0x00, 0x00, 0x00, 0x00, 0x00, 0x00, 0x00, 0x00, 0x00, 0x00,
    0x00, 0x00, 0x00, 0x00, 0x00, 0x00, 0x00, 0x00, 0x00, 0x00, 0x00, 0x00, 0x00, 0x00, 0x00, 0x00,
    0x00, 0x00, 0x00, 0x00, 0x00, 0x00, 0x00, 0x00, 0x00, 0x00, 0x00, 0x00, 0x00, 0x00, 0x00, 0x00,
    0x00, 0x00, 0x00, 0x00, 0x00, 0x00, 0x00, 0x00, 0x00, 0x00, 0x00, 0x00, 0x00, 0x00, 0x00, 0x00,
    0x00, 0x00, 0x00, 0x00, 0x00, 0x00, 0x00, 0x00, 0x00, 0x00, 0x00, 0x00, 0x00, 0x00, 0x00, 0x00,
    0x00, 0x00, 0x00, 0x00, 0x00, 0x00, 0x00, 0x00, 0x00, 0x00, 0x00, 0x00, 0x00, 0x00, 0x00, 0x00,
    0x00, 0x00, 0x00, 0x00, 0x00, 0x00, 0x00, 0x00, 0x00, 0x00, 0x00, 0x00, 0x00, 0x00, 0x00, 0x00,
    0x00, 0x00, 0x00, 0x00, 0x00, 0x00, 0x00, 0x00, 0x00, 0x00, 0x00, 0x00, 0x00, 0x00, 0x00, 0x00,
    0x00, 0x00, 0x00, 0x00, 0x00, 0x00, 0x00, 0x00, 0x00, 0x00, 0x00, 0x00, 0x00, 0x00, 0x00, 0x00,
    0x00, 0x00, 0x00, 0x00, 0x00, 0x00, 0x00, 0x00, 0x00, 0x00, 0x00, 0x00, 0x00, 0x00, 0x00, 0x00,
    0x00, 0x00, 0x00, 0x00, 0x00, 0x00, 0x00, 0x00, 0x00, 0x00, 0x00, 0x00, 0x00, 0x00, 0x00, 0x00,
    0x00, 0x00, 0x00, 0x00, 0x00, 0x00, 0x00, 0x00, 0x00, 0x00, 0x00, 0x00, 0x00, 0x00, 0x00, 0x00,
    0x00, 0x00, 0x00, 0x00, 0x00, 0x00, 0x00, 0x00, 0x00, 0x00, 0x00, 0x00, 0x00, 0x00, 0x00, 0x00,
    0x00, 0x00, 0x00, 0x00, 0x00, 0x00, 0x00, 0x00, 0x00, 0x00, 0x00, 0x00, 0x00, 0x00, 0x00, 0x00,
    0x00, 0x00, 0x00, 0x00, 0x00, 0x00, 0x00, 0x00, 0x00, 0x00, 0x00, 0x00, 0x00, 0x00, 0x00, 0x00,
    0x00, 0x00, 0x00, 0x00, 0x00, 0x00, 0x00, 0x00, 0x00, 0x00, 0x00, 0x00, 0x00, 0x00, 0x00, 0x00,
    0x00, 0x00, 0x00, 0x00, 0x00, 0x00, 0x00, 0x00, 0x00, 0x00, 0x00, 0x00, 0x00, 0x00, 0x00, 0x00,
    0x00, 0x00, 0x00, 0x00, 0x00, 0x00, 0x00, 0x00, 0x00, 0x00, 0x00, 0x00, 0x00, 0x00, 0x00, 0x00,
    0x00, 0x00, 0x00, 0x00, 0x00, 0x00, 0x00, 0x00, 0x00, 0x00, 0x00, 0x00, 0x00, 0x00, 0x00, 0x00,
    0x00, 0x00, 0x00, 0x00, 0x00, 0x00, 0x00, 0x00, 0x00, 0x00, 0x00, 0x00, 0x00, 0x00, 0x00, 0x00,
    0x00, 0x00, 0x00, 0x00, 0x00, 0x00, 0x00, 0x00, 0x00, 0x00, 0x00, 0x00, 0x00, 0x00, 0x00, 0x00,
    0x00, 0x00, 0x00, 0x00, 0x00, 0x00, 0x00, 0x00, 0x00, 0x00, 0x00, 0x00, 0x00, 0x00, 0x00, 0x00,
    0x00, 0x00, 0x00, 0x00, 0x00, 0x00, 0x00, 0x00, 0x00, 0x00, 0x00, 0x00, 0x00, 0x00, 0x00, 0x00,
    0x00, 0x00, 0x00, 0x00, 0x00, 0x00, 0x00, 0x00, 0x00, 0x00, 0x00, 0x00, 0x00, 0x00, 0x00, 0x00,
    0x00, 0x00, 0x00, 0x00, 0x00, 0x00, 0x00, 0x00, 0x00, 0x00, 0x00, 0x00, 0x00, 0x00, 0x00, 0x00,
    0x00, 0x00, 0x00, 0x00, 0x00, 0x00, 0x00, 0x00, 0x00, 0x00, 0x00, 0x00, 0x00, 0x00, 0x00, 0x00,
    0x00, 0x00, 0x00, 0x00, 0x00, 0x00, 0x00, 0x00, 0x00, 0x00, 0x00, 0x00, 0x00, 0x00, 0x00, 0x00,
    0x00, 0x00, 0x00, 0x00, 0x00, 0x00, 0x00, 0x00, 0x00, 0x00, 0x00, 0x00, 0x00, 0x00, 0x00, 0x00,
    0x00, 0x00, 0x00, 0x00, 0x00, 0x00, 0x00, 0x00, 0x00, 0x00, 0x00, 0x00, 0x00, 0x00, 0x00, 0x00,
    0x00, 0x00, 0x00, 0x00, 0x00, 0x00, 0x00, 0x00, 0x00, 0x00, 0x00, 0x00, 0x00, 0x00, 0x00, 0x00,
    0x00, 0x00, 0x00, 0x00, 0x00, 0x00, 0x00, 0x00, 0x00, 0x00, 0x00, 0x00, 0x00, 0x00, 0x00, 0x00,
    0x00, 0x00, 0x00, 0x00, 0x00, 0x00, 0x00, 0x00, 0x00, 0x00, 0x00, 0x00, 0x00, 0x00, 0x00, 0x00,
    0x00, 0x00, 0x00, 0x00, 0x00, 0x00, 0x00, 0x00, 0x00, 0x00, 0x00, 0x00, 0x00, 0x00, 0x00, 0x00,
    0x00, 0x00, 0x00, 0x00, 0x00, 0x00, 0x00, 0x00, 0x00, 0x00, 0x00, 0x00, 0x00, 0x00, 0x00, 0x00,
    0x00, 0x00, 0x00, 0x00, 0x00, 0x00, 0x00, 0x00, 0x00, 0x00, 0x00, 0x00, 0x00, 0x00, 0x00, 0x00,
    0x00, 0x00, 0x00, 0x00, 0x00, 0x00, 0x00, 0x00, 0x00, 0x00, 0x00, 0x00, 0x00, 0x00, 0x00, 0x00,
    0x00, 0x00, 0x00, 0x00, 0x00, 0x00, 0x00, 0x00, 0x00, 0x00, 0x00, 0x00, 0x00, 0x00, 0x00, 0x00,
    0x00, 0x00, 0x00, 0x00, 0x00, 0x00, 0x00, 0x00, 0x00, 0x00, 0x00, 0x00, 0x00, 0x00, 0x00, 0x00,
    0x00, 0x00, 0x00, 0x00, 0x00, 0x00, 0x00, 0x00, 0x00, 0x00, 0x00, 0x00, 0x00, 0x00, 0x00, 0x00,
    0x00, 0x00, 0x00, 0x00, 0x00, 0x00, 0x00, 0x00, 0x00, 0x00, 0x00, 0x00, 0x00, 0x00, 0x00, 0x00,
    0x00, 0x00, 0x00, 0x00, 0x00, 0x00, 0x00, 0x00, 0x00, 0x00, 0x00, 0x00, 0x00, 0x00, 0x00, 0x00,
    0x00, 0x00, 0x00, 0x00, 0x00, 0x00, 0x00, 0x00, 0x00, 0x00, 0x00, 0x00, 0x00, 0x00, 0x00, 0x00,
    0x00, 0x00, 0x00, 0x00, 0x00, 0x00, 0x00, 0x00, 0x00, 0x00, 0x00, 0x00, 0x00, 0x00, 0x00, 0x00,
    0x00, 0x00, 0x00, 0x00, 0x00, 0x00, 0x00, 0x00, 0x00, 0x00, 0x00, 0x00, 0x00, 0x00, 0x00, 0x00,
    0x00, 0x00, 0x00, 0x00, 0x00, 0x00, 0x00, 0x00, 0x00, 0x00, 0x00, 0x00, 0x00, 0x00, 0x00, 0x00,
    0x00, 0x00, 0x00, 0x00, 0x00, 0x00, 0x00, 0x00, 0x00, 0x00, 0x00, 0x00, 0x00, 0x00, 0x00, 0x00,
    0x00, 0x00, 0x00, 0x00, 0x00, 0x00, 0x00, 0x00, 0x00, 0x00, 0x00, 0x00, 0x00, 0x00, 0x00, 0x00,
    0x00, 0x00, 0x00, 0x00, 0x00, 0x00, 0x00, 0x00, 0x00, 0x00, 0x00, 0x00, 0x00, 0x00, 0x00, 0x00,
    0x00, 0x00, 0x00, 0x00, 0x00, 0x00, 0x00, 0x00, 0x00, 0x00, 0x00, 0x00, 0x00, 0x00, 0x00, 0x00,
    0x00, 0x00, 0x00, 0x00, 0x00, 0x00, 0x00, 0x00, 0x00, 0x00, 0x00, 0x00, 0x00, 0x00, 0x00, 0x00,
    0x00, 0x00, 0x00, 0x00, 0x00, 0x00, 0x00, 0x00, 0x00, 0x00, 0x00, 0x00, 0x00, 0x00, 0x00, 0x00,
    0x00, 0x00, 0x00, 0x00, 0x00, 0x00, 0x00, 0x00, 0x00, 0x00, 0x00, 0x00, 0x00, 0x00, 0x00, 0x00,
    0x00, 0x00, 0x00, 0x00, 0x00, 0x00, 0x00, 0x00, 0x00, 0x00, 0x00, 0x00, 0x00, 0x00, 0x00, 0x00,
    0x00, 0x00, 0x00, 0x00, 0x00, 0x00, 0x00, 0x00, 0x00, 0x00, 0x00, 0x00, 0x00, 0x00, 0x00, 0x00,
    0x00, 0x00, 0x00, 0x00, 0x00, 0x00, 0x00, 0x00, 0x00, 0x00, 0x00, 0x00, 0x00, 0x00, 0x00, 0x00,
    0x00, 0x00, 0x00, 0x00, 0x00, 0x00, 0x00, 0x00, 0x00, 0x00, 0x00, 0x00, 0x00, 0x00, 0x00, 0x00,
    0x00, 0x00, 0x00, 0x00, 0x00, 0x00, 0x00, 0x00, 0x00, 0x00, 0x00, 0x00, 0x00, 0x00, 0x00, 0x00,
    0x00, 0x00, 0x00, 0x00, 0x00, 0x00, 0x00, 0x00, 0x00, 0x00, 0x00, 0x00, 0x00, 0x00, 0x00, 0x00,
    0x00, 0x00, 0x00, 0x00, 0x00, 0x00, 0x00, 0x00, 0x00, 0x00, 0x00, 0x00, 0x00, 0x00, 0x00, 0x00,
    0x00, 0x00, 0x00, 0x00, 0x00, 0x00, 0x00, 0x00, 0x00, 0x00, 0x00, 0x00, 0x00, 0x00, 0x00, 0x00,
    0x00, 0x00, 0x00, 0x00, 0x00, 0x00, 0x00, 0x00, 0x00, 0x00, 0x00, 0x00, 0x00, 0x00, 0x00, 0x00,
    0x00, 0x00, 0x00, 0x00, 0x00, 0x00, 0x00, 0x00, 0x00, 0x00, 0x00, 0x00, 0x00, 0x00, 0x00, 0x00,
    0x00, 0x00, 0x00, 0x00, 0x00, 0x00, 0x00, 0x00, 0x00, 0x00, 0x00, 0x00, 0x00, 0x00, 0x00, 0x00,
    0x00, 0x00, 0x00, 0x00, 0x00, 0x00, 0x00, 0x00, 0x00, 0x00, 0x00, 0x00, 0x00, 0x00, 0x00, 0x00,
    0x00, 0x00, 0x00, 0x00, 0x00, 0x00, 0x00, 0x00, 0x00, 0x00, 0x00, 0x00, 0x00, 0x00, 0x00, 0x00,
    0x00, 0x00, 0x00, 0x00, 0x00, 0x00, 0x00, 0x00, 0x00, 0x00, 0x00, 0x00, 0x00, 0x00, 0x00, 0x00,
    0x00, 0x00, 0x00, 0x00, 0x00, 0x00, 0x00, 0x00, 0x00, 0x00, 0x00, 0x00, 0x00, 0x00, 0x00, 0x00,
    0x00, 0x00, 0x00, 0x00, 0x00, 0x00, 0x00, 0x00, 0x00, 0x00, 0x00, 0x00, 0x00, 0x00, 0x00, 0x00,
    0x00, 0x00, 0x00, 0x00, 0x00, 0x00, 0x00, 0x00, 0x00, 0x00, 0x00, 0x00, 0x00, 0x00, 0x00, 0x00,
    0x00, 0x00, 0x00, 0x00, 0x00, 0x00, 0x00, 0x00, 0x00, 0x00, 0x00, 0x00, 0x00, 0x00, 0x00, 0x00,
    0x00, 0x00, 0x00, 0x00, 0x00, 0x00, 0x00, 0x00, 0x00, 0x00, 0x00, 0x00, 0x00, 0x00, 0x00, 0x00,
    0x00, 0x00, 0x00, 0x00, 0x00, 0x00, 0x00, 0x00, 0x00, 0x00, 0x00, 0x00, 0x00, 0x00, 0x00, 0x00,
    0x00, 0x00, 0x00, 0x00, 0x00, 0x00, 0x00, 0x00, 0x00, 0x00, 0x00, 0x00, 0x00, 0x00, 0x00, 0x00,
    0x00, 0x00, 0x00, 0x00, 0x00, 0x00, 0x00, 0x00, 0x00, 0x00, 0x00, 0x00, 0x00, 0x00, 0x00, 0x00,
    0x00, 0x00, 0x00, 0x00, 0x00, 0x00, 0x00, 0x00, 0x00, 0x00, 0x00, 0x00, 0x00, 0x00, 0x00, 0x00,
    0x00, 0x00, 0x00, 0x00, 0x00, 0x00, 0x00, 0x00, 0x00, 0x00, 0x00, 0x00, 0x00, 0x00, 0x00, 0x00,
    0x00, 0x00, 0x00, 0x00, 0x00, 0x00, 0x00, 0x00, 0x00, 0x00, 0x00, 0x00, 0x00, 0x00, 0x00, 0x00,
    0x00, 0x00, 0x00, 0x00, 0x00, 0x00, 0x00, 0x00, 0x00, 0x00, 0x00, 0x00, 0x00, 0x00, 0x00, 0x00,
    0x00, 0x00, 0x00, 0x00, 0x00, 0x00, 0x00, 0x00, 0x00, 0x00, 0x00, 0x00, 0x00, 0x00, 0x00, 0x00,
    0x00, 0x00, 0x00, 0x00, 0x00, 0x00, 0x00, 0x00, 0x00, 0x00, 0x00, 0x00, 0x00, 0x00, 0x00, 0x00,
    0x00, 0x00, 0x00, 0x00, 0x00, 0x00, 0x00, 0x00, 0x00, 0x00, 0x00, 0x00, 0x00, 0x00, 0x00, 0x00,
    0x00, 0x00, 0x00, 0x00, 0x00, 0x00, 0x00, 0x00, 0x00, 0x00, 0x00, 0x00, 0x00, 0x00, 0x00, 0x00,
    0x00, 0x00, 0x00, 0x00, 0x00, 0x00, 0x00, 0x00, 0x00, 0x00, 0x00, 0x00, 0x00, 0x00, 0x00, 0x00,
    0x00, 0x00, 0x00, 0x00, 0x00, 0x00, 0x00, 0x00, 0x00, 0x00, 0x00, 0x00, 0x00, 0x00, 0x00, 0x00,
    0x00, 0x00, 0x00, 0x00, 0x00, 0x00, 0x00, 0x00, 0x00, 0x00, 0x00, 0x00, 0x00, 0x00, 0x00, 0x00,
    0x00, 0x00, 0x00, 0x00, 0x00, 0x00, 0x00, 0x00, 0x00, 0x00, 0x00, 0x00, 0x00, 0x00, 0x00, 0x00,
    0x00, 0x00, 0x00, 0x00, 0x00, 0x00, 0x00, 0x00, 0x00, 0x00, 0x00, 0x00, 0x00, 0x00, 0x00, 0x00,
    0x00, 0x00, 0x00, 0x00, 0x00, 0x00, 0x00, 0x00, 0x00, 0x00, 0x00, 0x00, 0x00, 0x00, 0x00, 0x00,
    0x00, 0x00, 0x00, 0x00, 0x00, 0x00, 0x00, 0x00, 0x00, 0x00, 0x00, 0x00, 0x00, 0x00, 0x00, 0x00,
    0x00, 0x00, 0x00, 0x00, 0x00, 0x00, 0x00, 0x00, 0x00, 0x00, 0x00, 0x00, 0x00, 0x00, 0x00, 0x00,
    0x00, 0x00, 0x00, 0x00, 0x80, 0x02, 0x00, 0x00, 0x1f, 0x30, 0x20, 0x3c, 0x02, 0xf3, 0x2c, 0x3c,
    0x57, 0xcb, 0x47, 0x3c, 0x93, 0x3b, 0x86, 0x3c, 0x03, 0xf6, 0x6b, 0x3c, 0xb7, 0x5d, 0x0d, 0x3b,
    0xad, 0xc4, 0xf3, 0x3a, 0x27, 0x9c, 0x25, 0x3b, 0xd8, 0xfa, 0x0f, 0x3b, 0x75, 0xa7, 0x16, 0x3b,
    0x2f, 0xb7, 0x93, 0x3b, 0xfa, 0x30, 0x56, 0x3b, 0x86, 0xc1, 0x43, 0x3b, 0x93, 0xbc, 0x32, 0x3b,
    0x53, 0x4a, 0xe2, 0x3a, 0xb8, 0x38, 0xe6, 0x3a, 0xb8, 0x23, 0x1f, 0x3b, 0x6e, 0xc7, 0x2f, 0x3b,
    0xc6, 0x44, 0xfe, 0x3a, 0x4e, 0xc8, 0x55, 0x3b, 0x29, 0xa5, 0x7f, 0x3b, 0xbb, 0x11, 0x1b, 0x3b,
    0xaa, 0x75, 0x59, 0x3b, 0x5d, 0x64, 0x6e, 0x3b, 0xfe, 0x36, 0x0b, 0x3b, 0x6e, 0xf1, 0x7a, 0x3b,
    0x26, 0x02, 0x8c, 0x3b, 0x03, 0x30, 0x85, 0x3b, 0x4d, 0xde, 0x55, 0x3b, 0x68, 0x38, 0x64, 0x3b,
    0xce, 0xf8, 0x5d, 0x3b, 0x9c, 0xae, 0x54, 0x3b, 0xaa, 0x81, 0x1b, 0x3b, 0xdd, 0x8e, 0x3a, 0x3b,
    0x8b, 0x50, 0x85, 0x3b, 0x46, 0xf4, 0xab, 0x3b, 0x15, 0xa7, 0x80, 0x3b, 0xd1, 0x97, 0x3c, 0x3b,
    0xcb, 0xed, 0x11, 0x3b, 0x2d, 0xa1, 0x24, 0x3b, 0x72, 0x5e, 0x33, 0x3b, 0xab, 0xde, 0x31, 0x3b,
    0x50, 0xdd, 0x15, 0x3b, 0x79, 0x80, 0x1b, 0x3b, 0x87, 0xf8, 0x26, 0x3b, 0x2f, 0x90, 0x31, 0x3b,
    0xf8, 0x91, 0x17, 0x3b, 0xec, 0x3f, 0x5c, 0x3b, 0xe7, 0x77, 0x82, 0x3b, 0xd3, 0xe8, 0xa1, 0x3b,
    0x94, 0x6e, 0xa0, 0x3b, 0xb7, 0xe5, 0x70, 0x3b, 0x59, 0x34, 0x58, 0x3b, 0xed, 0xfe, 0x7d, 0x3b,
    0x1d, 0x3f, 0x86, 0x3b, 0xc5, 0x77, 0x3f, 0x3b, 0x04, 0x60, 0x44, 0x3b, 0x5c, 0x77, 0x5c, 0x3b,
    0x22, 0x27, 0x00, 0x3b, 0xd8, 0x8b, 0x07, 0x3b, 0x53, 0xac, 0x0c, 0x3b, 0x19, 0x69, 0x0f, 0x3b,
    0x67, 0x6e, 0x59, 0x3b, 0x37, 0x8d, 0xa0, 0x3b, 0xaf, 0xe2, 0xa4, 0x3b, 0xa4, 0xab, 0xaf, 0x3b,
    0xbf, 0xb2, 0x95, 0x3b, 0x58, 0x47, 0xbd, 0x3b, 0xdb, 0xa3, 0xa3, 0x3b, 0x02, 0x8b, 0xb2, 0x3b,
    0x7a, 0xb3, 0x72, 0x3b, 0xf1, 0x3d, 0xb1, 0x3b, 0x65, 0xb0, 0x46, 0x3b, 0x22, 0x93, 0x4a, 0x3b,
    0xa8, 0x07, 0x41, 0x3b, 0x74, 0xdb, 0x3d, 0x3b, 0x76, 0xe0, 0x47, 0x3b, 0x28, 0xcb, 0xcd, 0x3b,
    0xab, 0xb4, 0xac, 0x3b, 0x04, 0xbe, 0x88, 0x3b, 0x66, 0x2e, 0x5c, 0x3b, 0x7d, 0x0a, 0x8a, 0x3b,
    0x54, 0x0c, 0xf2, 0x3b, 0x64, 0xdc, 0x81, 0x3b, 0x6e, 0xfb, 0x6f, 0x3b, 0x89, 0xa9, 0x8e, 0x3b,
    0x71, 0x46, 0xc7, 0x3b, 0x54, 0xf0, 0x87, 0x3b, 0x6e, 0xe6, 0xa8, 0x3b, 0x16, 0x35, 0xe6, 0x3b,
    0xa1, 0x1a, 0xe5, 0x3b, 0x19, 0x1e, 0x89, 0x3b, 0xf0, 0xb3, 0xbb, 0x3b, 0xfb, 0x45, 0xf1, 0x3b,
    0x94, 0x9a, 0x0c, 0x3c, 0x6b, 0xde, 0x2a, 0x3c, 0xbf, 0xb7, 0x26, 0x3c, 0x27, 0x84, 0x17, 0x3c,
    0x96, 0x72, 0x03, 0x3c, 0x26, 0xa5, 0xdc, 0x3b, 0xd2, 0xd0, 0xd0, 0x3b, 0x7d, 0xb4, 0x07, 0x3c,
    0xd1, 0x78, 0xf0, 0x3b, 0x35, 0x0d, 0xfb, 0x3b, 0x9a, 0x47, 0x01, 0x3c, 0x88, 0x9d, 0xeb, 0x3b,
    0x88, 0x8c, 0x24, 0x3c, 0x15, 0x25, 0x1d, 0x3c, 0x4c, 0xab, 0x0b, 0x3c, 0xed, 0x64, 0x24, 0x3c,
    0x7a, 0x45, 0x01, 0x3c, 0xd0, 0xfc, 0xd5, 0x3b, 0xfd, 0xfd, 0xef, 0x3b, 0x3a, 0x4a, 0x12, 0x3c,
    0x42, 0x50, 0xe3, 0x3b, 0x24, 0x37, 0x9c, 0x3b, 0xe7, 0x9a, 0xc3, 0x3b, 0x67, 0xc0, 0x27, 0x3c,
    0x4f, 0x3f, 0x4f, 0x3c, 0x75, 0x57, 0x5c, 0x3c, 0x78, 0x75, 0x7b, 0x3c, 0x00, 0x8d, 0x4f, 0x3c,
    0xd2, 0x63, 0x24, 0x3c, 0x8f, 0x65, 0x0e, 0x3c, 0xec, 0x10, 0x26, 0x3c, 0xfb, 0x64, 0x62, 0x3c,
    0xac, 0x2a, 0x3e, 0x3c, 0xd9, 0x8f, 0x44, 0x3c, 0x4e, 0xb9, 0x2b, 0x3c, 0xcc, 0xe4, 0x3b, 0x3c,
    0x05, 0xe3, 0x3b, 0x3c, 0xaf, 0x6a, 0x90, 0x3c, 0xb9, 0xf9, 0xa1, 0x3c, 0x2a, 0xf4, 0x2f, 0x3b,
    0x07, 0x9b, 0x03, 0x3b, 0x81, 0xc0, 0x49, 0x3b, 0xb7, 0x9f, 0x47, 0x3b, 0x9c, 0x0e, 0x23, 0x3b,
    0x9a, 0xb3, 0x95, 0x3b, 0x73, 0x25, 0x58, 0x3b, 0x7d, 0x08, 0x46, 0x3b, 0x74, 0x81, 0x3c, 0x3b,
    0x72, 0x31, 0xed, 0x3a, 0x71, 0x1e, 0xf5, 0x3a, 0x90, 0xae, 0x25, 0x3b, 0x41, 0x98, 0x31, 0x3b,
    0xca, 0xe5, 0x0b, 0x3b, 0x73, 0xbd, 0x7f, 0x3b, 0x7d, 0x14, 0x93, 0x3b, 0x59, 0x8e, 0x3e, 0x3b,
    0x75, 0x5e, 0x77, 0x3b, 0xc6, 0x0f, 0x85, 0x3b, 0x4a, 0x24, 0x14, 0x3b, 0x5d, 0x2e, 0x82, 0x3b,
    0xe7, 0x03, 0x90, 0x3b, 0x3a, 0x59, 0x89, 0x3b, 0x77, 0x41, 0x44, 0x3b, 0x6f, 0xe3, 0x4d, 0x3b,
    0x98, 0x88, 0x5e, 0x3b, 0xae, 0xc7, 0x39, 0x3b, 0x9f, 0x1f, 0xf4, 0x3a, 0x4a, 0xf7, 0x42, 0x3b,
    0x96, 0x08, 0x88, 0x3b, 0x2e, 0xe5, 0xa6, 0x3b, 0x2a, 0x57, 0x82, 0x3b, 0x17, 0xe8, 0x3d, 0x3b,
    0xcd, 0xec, 0xf6, 0x3a, 0x71, 0xf5, 0x0c, 0x3b, 0xde, 0x76, 0x1d, 0x3b, 0x2a, 0x08, 0x2c, 0x3b,
    0x59, 0xe8, 0x19, 0x3b, 0x2c, 0xfc, 0x34, 0x3b, 0xd6, 0x79, 0x07, 0x3b, 0x2a, 0xb2, 0xe1, 0x3a,
    0xb3, 0x31, 0x18, 0x3b, 0xed, 0x5c, 0x32, 0x3b, 0x01, 0x32, 0x78, 0x3b, 0x34, 0x2e, 0x9b, 0x3b,
    0x1f, 0x47, 0xa0, 0x3b, 0xd3, 0xd4, 0xae, 0x3b, 0xcc, 0x7f, 0xbd, 0x3b, 0xa6, 0x32, 0x91, 0x3b,
    0x06, 0xe6, 0x9e, 0x3b, 0x2c, 0xb4, 0x59, 0x3b, 0x53, 0x1f, 0x54, 0x3b, 0xf5, 0x59, 0x55, 0x3b,
    0xd4, 0x75, 0x40, 0x3b, 0x92, 0xb9, 0x35, 0x3b, 0xa6, 0xce, 0x48, 0x3b, 0x75, 0x6c, 0x25, 0x3b,
    0xdb, 0xf9, 0x4d, 0x3b, 0x02, 0x43, 0x97, 0x3b, 0x17, 0xa7, 0xb4, 0x3b, 0xf5, 0xb5, 0x92, 0x3b,
    0x7c, 0xb3, 0x98, 0x3b, 0x6b, 0xce, 0xb7, 0x3b, 0xf4, 0xe7, 0xa3, 0x3b, 0x57, 0xed, 0xaa, 0x3b,
    0xb5, 0xdd, 0x7c, 0x3b, 0x71, 0x01, 0xa2, 0x3b, 0x02, 0xb5, 0x82, 0x3b, 0x8d, 0x93, 0x4f, 0x3b,
    0x8f, 0x1f, 0x53, 0x3b, 0x6b, 0x17, 0x42, 0x3b, 0xe3, 0x7c, 0x5c, 0x3b, 0x3b, 0x72, 0x95, 0x3b,
    0xed, 0xea, 0x98, 0x3b, 0x14, 0xf9, 0x88, 0x3b, 0x0d, 0x54, 0x44, 0x3b, 0xb5, 0xc2, 0x7c, 0x3b,
    0xab, 0x39, 0xaa, 0x3b, 0x7d, 0x06, 0x95, 0x3b, 0x41, 0xc3, 0x77, 0x3b, 0xe8, 0x25, 0x88, 0x3b,
    0x86, 0x68, 0xe2, 0x3b, 0xaf, 0x3b, 0x9c, 0x3b, 0xd0, 0x1f, 0xb2, 0x3b, 0x71, 0xd3, 0xca, 0x3b,
    0x4b, 0x3e, 0xa5, 0x3b, 0x66, 0x46, 0x82, 0x3b, 0xae, 0xa6, 0x8c, 0x3b, 0xf0, 0xe2, 0xd1, 0x3b,
    0xb1, 0x52, 0x03, 0x3c, 0x92, 0x24, 0x23, 0x3c, 0x32, 0x42, 0x08, 0x3c, 0xad, 0xa9, 0xca, 0x3b,
    0x19, 0xa8, 0xf9, 0x3b, 0xd6, 0x90, 0x27, 0x3c, 0x83, 0xa1, 0xf3, 0x3b, 0x5d, 0x64, 0x15, 0x3c,
    0xc1, 0x4e, 0xfa, 0x3b, 0xc7, 0xef, 0x04, 0x3c, 0x22, 0x00, 0xf7, 0x3b, 0x93, 0xa9, 0xf9, 0x3b,
    0x9a, 0xa5, 0x0d, 0x3c, 0x5c, 0x27, 0x05, 0x3c, 0xba, 0xc7, 0xc1, 0x3b, 0x7a, 0x63, 0x02, 0x3c,
    0xc6, 0xe9, 0xe8, 0x3b, 0x37, 0x4b, 0xbc, 0x3b, 0xab, 0x0f, 0xa6, 0x3b, 0x1f, 0xc8, 0xe7, 0x3b,
    0x4a, 0x85, 0xc7, 0x3b, 0x75, 0xe7, 0xd6, 0x3b, 0x52, 0x6b, 0xe6, 0x3b, 0x6a, 0x51, 0xe3, 0x3b,
    0x97, 0x70, 0x1a, 0x3c, 0x03, 0xf5, 0x2e, 0x3c, 0x54, 0xf7, 0x25, 0x3c, 0xa9, 0x09, 0x28, 0x3c,
    0x60, 0x7d, 0x1e, 0x3c, 0xd2, 0x09, 0x15, 0x3c, 0x2c, 0x99, 0x24, 0x3c, 0x84, 0x24, 0x32, 0x3c,
    0x87, 0xaa, 0x0b, 0x3c, 0xad, 0x24, 0x10, 0x3c, 0x59, 0xcf, 0x2c, 0x3c, 0xfd, 0x20, 0x39, 0x3c,
    0x23, 0x94, 0x6d, 0x3c, 0x13, 0x2b, 0x63, 0x3c, 0xf4, 0xfa, 0x1e, 0x3c, 0xd6, 0x94, 0xc5, 0x3a,
    0xd8, 0x1c, 0x07, 0x3b, 0xae, 0x63, 0x42, 0x3b, 0x1e, 0xc0, 0x38, 0x3b, 0x9d, 0x8e, 0x26, 0x3b,
    0x9c, 0x1e, 0x92, 0x3b, 0x8c, 0xc1, 0x5f, 0x3b, 0x1b, 0xa4, 0x48, 0x3b, 0x8b, 0xf1, 0x35, 0x3b,
    0xc4, 0xf2, 0xd5, 0x3a, 0x47, 0x6a, 0xfa, 0x3a, 0x56, 0xaa, 0x1d, 0x3b, 0xeb, 0xcb, 0x2b, 0x3b,
    0x71, 0x23, 0x10, 0x3b, 0x9f, 0x18, 0x77, 0x3b, 0x6e, 0xa0, 0x93, 0x3b, 0x2b, 0x52, 0x5c, 0x3b,
    0xa5, 0x58, 0x69, 0x3b, 0x6a, 0x6c, 0x6d, 0x3b, 0x32, 0xc1, 0x20, 0x3b, 0x86, 0xef, 0x85, 0x3b,
    0xe7, 0xba, 0x91, 0x3b, 0xbc, 0xc3, 0x8c, 0x3b, 0x1a, 0x77, 0x4a, 0x3b, 0x59, 0x1b, 0x2a, 0x3b,
    0xf5, 0xbf, 0x3c, 0x3b, 0x30, 0x54, 0x12, 0x3b, 0xba, 0xa9, 0x06, 0x3b, 0x8d, 0x60, 0x40, 0x3b,
    0x60, 0xce, 0x81, 0x3b, 0xff, 0x61, 0xaa, 0x3b, 0x39, 0x41, 0x84, 0x3b, 0x04, 0xc4, 0x3c, 0x3b,
    0x2d, 0x02, 0xf4, 0x3a, 0x6c, 0x10, 0x06, 0x3b, 0xec, 0x6f, 0x19, 0x3b, 0xdb, 0xca, 0x29, 0x3b,
    0x12, 0xec, 0x13, 0x3b, 0x20, 0x0b, 0x3b, 0x3b, 0xd9, 0x0a, 0xfc, 0x3a, 0x7a, 0xd4, 0x0c, 0x3b,
    0xd6, 0x41, 0x16, 0x3b, 0x83, 0x12, 0x53, 0x3b, 0x7f, 0x01, 0xa2, 0x3b, 0xf2, 0x42, 0xbd, 0x3b,
    0x99, 0x6f, 0xbe, 0x3b, 0xdc, 0x87, 0x6a, 0x3b, 0x98, 0x11, 0x3b, 0x3b, 0x29, 0x76, 0x4c, 0x3b,
    0xea, 0x0c, 0x74, 0x3b, 0xda, 0x2c, 0x2e, 0x3b, 0x68, 0x94, 0x46, 0x3b, 0x67, 0xfc, 0x5c, 0x3b,
    0xce, 0xaf, 0x24, 0x3b, 0x3a, 0x81, 0x18, 0x3b, 0xd5, 0x2d, 0x49, 0x3b, 0x29, 0xb4, 0x14, 0x3b,
    0xd9, 0x9a, 0x51, 0x3b, 0x26, 0xec, 0xae, 0x3b, 0x9b, 0xcb, 0xd1, 0x3b, 0xe8, 0x3e, 0xb1, 0x3b,
    0xc9, 0x3f, 0x9b, 0x3b, 0x61, 0x70, 0xc1, 0x3b, 0x35, 0xa7, 0xa4, 0x3b, 0xfb, 0x04, 0xad, 0x3b,
    0xc7, 0x80, 0x7c, 0x3b, 0x85, 0xeb, 0xa6, 0x3b, 0x6e, 0xad, 0x7c, 0x3b, 0xaf, 0x77, 0x4e, 0x3b,
    0xdb, 0x7c, 0x4a, 0x3b, 0x7d, 0x2d, 0x5e, 0x3b, 0x02, 0x10, 0x77, 0x3b, 0x9b, 0x3c, 0x8f, 0x3b,
    0x7e, 0xf1, 0xa1, 0x3b, 0xb7, 0xd2, 0xa3, 0x3b, 0x1d, 0x67, 0x5e, 0x3b, 0xcb, 0x5a, 0x8c, 0x3b,
    0xa3, 0x43, 0x6e, 0x3b, 0xfe, 0xc0, 0x81, 0x3b, 0x44, 0x91, 0x7f, 0x3b, 0x28, 0x3a, 0x89, 0x3b,
    0x9e, 0xab, 0xbe, 0x3b, 0x26, 0xca, 0x94, 0x3b, 0x7f, 0xb3, 0xbc, 0x3b, 0x95, 0x98, 0xd7, 0x3b,
    0xd8, 0xfa, 0xab, 0x3b, 0x1b, 0xc2, 0x8c, 0x3b, 0xc1, 0x12, 0x7d, 0x3b, 0x8a, 0x3b, 0xad, 0x3b,
    0x4a, 0xc2, 0xdb, 0x3b, 0x42, 0x16, 0xb4, 0x3b, 0x5b, 0x86, 0xac, 0x3b, 0x37, 0xf6, 0xa9, 0x3b,
    0x58, 0xd2, 0xf8, 0x3b, 0x2f, 0xb2, 0x5c, 0x3c, 0x29, 0xa8, 0x1d, 0x3c, 0x92, 0x94, 0xd7, 0x3b,
    0x36, 0x7e, 0xf4, 0x3b, 0xaa, 0x36, 0x32, 0x3c, 0x20, 0xc5, 0x2a, 0x3c, 0xe5, 0x78, 0x38, 0x3c,
    0x0b, 0xf9, 0x68, 0x3c, 0xc5, 0xab, 0x46, 0x3c, 0x54, 0xfd, 0xef, 0x3b, 0x7b, 0x4d, 0xf2, 0x3b,
    0x9e, 0xff, 0xdb, 0x3b, 0x13, 0x74, 0xb5, 0x3b, 0x8b, 0xa8, 0xf9, 0x3b, 0x1d, 0xed, 0xef, 0x3b,
    0xb6, 0xa5, 0xf7, 0x3b, 0xc5, 0xc1, 0xdb, 0x3b, 0x08, 0x20, 0xeb, 0x3b, 0x7e, 0x66, 0xcb, 0x3b,
    0x1a, 0x89, 0xcb, 0x3b, 0x3a, 0x66, 0xa4, 0x3b, 0x8e, 0xc6, 0x04, 0x3c, 0x83, 0x27, 0x1f, 0x3c,
    0xf3, 0x4d, 0x04, 0x3c, 0x32, 0x39, 0x13, 0x3c, 0x65, 0xf4, 0xfe, 0x3b, 0x45, 0x5e, 0xf2, 0x3b,
    0x9c, 0x2e, 0xe2, 0x3b, 0x08, 0xae, 0xf9, 0x3b, 0x44, 0xc4, 0x29, 0x3c, 0xb5, 0x25, 0xdd, 0x3b,
    0xea, 0x6b, 0xfd, 0x3b, 0x08, 0x6f, 0x79, 0x3c, 0x2a, 0x17, 0x72, 0x3c, 0x69, 0xc7, 0x1c, 0x3b,
    0x72, 0x43, 0x0e, 0x3b, 0xdc, 0xea, 0x2e, 0x3b, 0xbe, 0x0f, 0x2f, 0x3b, 0xa6, 0x90, 0x23, 0x3b,
    0x73, 0xdf, 0x91, 0x3b, 0xbf, 0xd5, 0x52, 0x3b, 0xe6, 0x3d, 0x4c, 0x3b, 0xa7, 0x14, 0x3b, 0x3b,
    0x21, 0x85, 0xe3, 0x3a, 0x9f, 0x88, 0xe2, 0x3a, 0x9f, 0xf6, 0x1d, 0x3b, 0xf9, 0x65, 0x31, 0x3b,
    0x8b, 0x40, 0x00, 0x3b, 0x59, 0x05, 0x65, 0x3b, 0x08, 0xd4, 0x85, 0x3b, 0xa1, 0x82, 0x43, 0x3b,
    0x56, 0x61, 0x69, 0x3b, 0x87, 0x17, 0x7d, 0x3b, 0xa0, 0xb5, 0x17, 0x3b, 0xe7, 0xb1, 0x7d, 0x3b,
    0x6e, 0x65, 0x91, 0x3b, 0xeb, 0x30, 0x8e, 0x3b, 0x9f, 0xa9, 0x53, 0x3b, 0xe3, 0x27, 0x2d, 0x3b,
    0x09, 0x45, 0x38, 0x3b, 0x58, 0x3e, 0x18, 0x3b, 0x04, 0x10, 0x02, 0x3b, 0x58, 0x0f, 0x4a, 0x3b,
    0x18, 0xef, 0x8a, 0x3b, 0xe9, 0x72, 0xad, 0x3b, 0xf9, 0x65, 0x8a, 0x3b, 0x9e, 0xc1, 0x48, 0x3b,
    0x73, 0xfb, 0xdb, 0x3a, 0xac, 0x88, 0xf8, 0x3a, 0xd0, 0xbe, 0x1b, 0x3b, 0xb3, 0xc5, 0x34, 0x3b,
    0xf5, 0x95, 0x1b, 0x3b, 0xd2, 0x78, 0x44, 0x3b, 0xcf, 0x24, 0x0a, 0x3b, 0x8b, 0x66, 0x23, 0x3b,
    0xe4, 0xc1, 0x38, 0x3b, 0xe5, 0x92, 0x49, 0x3b, 0xfb, 0x19, 0x94, 0x3b, 0x8e, 0x64, 0xbe, 0x3b,
    0xbf, 0xb0, 0xbe, 0x3b, 0x4c, 0x66, 0x73, 0x3b, 0x08, 0x6a, 0x5b, 0x3b, 0xab, 0xab, 0x42, 0x3b,
    0x99, 0x4e, 0x4d, 0x3b, 0x69, 0xee, 0x3e, 0x3b, 0xba, 0x6a, 0x2f, 0x3b, 0xd5, 0x39, 0x50, 0x3b,
    0x83, 0xea, 0x11, 0x3b, 0xf9, 0xb8, 0x14, 0x3b, 0xba, 0x4c, 0x04, 0x3b, 0x3b, 0x4b, 0x15, 0x3b,
    0x47, 0xfc, 0x48, 0x3b, 0xcf, 0x4b, 0x98, 0x3b, 0x44, 0xcb, 0xc1, 0x3b, 0x37, 0x5c, 0x9b, 0x3b,
    0x39, 0xeb, 0x92, 0x3b, 0x44, 0x66, 0xc3, 0x3b, 0xea, 0xbd, 0xa5, 0x3b, 0x7f, 0xa7, 0xb3, 0x3b,
    0xc5, 0x76, 0x79, 0x3b, 0x6f, 0xbd, 0x94, 0x3b, 0x46, 0x15, 0x6e, 0x3b, 0x5d, 0x02, 0x34, 0x3b,
    0x57, 0xd6, 0x27, 0x3b, 0x06, 0x4d, 0x67, 0x3b, 0x65, 0x05, 0x85, 0x3b, 0x33, 0x67, 0x82, 0x3b,
    0xab, 0x8b, 0x8e, 0x3b, 0x6a, 0x96, 0x99, 0x3b, 0x64, 0x56, 0x71, 0x3b, 0x09, 0x2e, 0xa3, 0x3b,
    0xe7, 0xc6, 0x80, 0x3b, 0x2a, 0x00, 0x8a, 0x3b, 0x65, 0xd0, 0x7f, 0x3b, 0x6d, 0xd7, 0x90, 0x3b,
    0x6b, 0x5b, 0xb7, 0x3b, 0xf5, 0xb1, 0xa5, 0x3b, 0x83, 0xc4, 0xb9, 0x3b, 0x9b, 0xa9, 0xb1, 0x3b,
    0xdd, 0x6b, 0xc9, 0x3b, 0x1c, 0x42, 0x81, 0x3b, 0xe9, 0x7b, 0x5a, 0x3b, 0x98, 0x99, 0xa5, 0x3b,
    0xdc, 0xfe, 0xd9, 0x3b, 0x34, 0xf4, 0xa6, 0x3b, 0xd7, 0x57, 0xb5, 0x3b, 0xc7, 0x4f, 0x89, 0x3b,
    0x46, 0x9e, 0xc6, 0x3b, 0xf2, 0x2a, 0x45, 0x3c, 0xb6, 0x67, 0x0d, 0x3c, 0xc1, 0xe2, 0xb7, 0x3b,
    0x77, 0x6c, 0xe5, 0x3b, 0xfa, 0xf1, 0x1a, 0x3c, 0x27, 0x66, 0xf7, 0x3b, 0x07, 0x17, 0x2d, 0x3c,
    0x3e, 0x1a, 0x39, 0x3c, 0xb7, 0x4b, 0x38, 0x3c, 0xdf, 0xa2, 0x07, 0x3c, 0x9c, 0x8e, 0x0f, 0x3c,
    0x09, 0xdf, 0xd6, 0x3b, 0x79, 0xce, 0xe2, 0x3b, 0xa2, 0xca, 0xe2, 0x3b, 0x82, 0x0b, 0x04, 0x3c,
    0x97, 0x2d, 0x19, 0x3c, 0x01, 0x77, 0xfb, 0x3b, 0x21, 0xec, 0x11, 0x3c, 0x68, 0x44, 0x18, 0x3c,
    0xea, 0xe2, 0xf9, 0x3b, 0xe1, 0x0b, 0x9a, 0x3b, 0xde, 0x10, 0xfb, 0x3b, 0x88, 0x3f, 0xf9, 0x3b,
    0xbe, 0x65, 0x40, 0x3c, 0x68, 0x13, 0x39, 0x3c, 0x1f, 0x40, 0x38, 0x3c, 0x39, 0x46, 0x22, 0x3c,
    0x02, 0x62, 0xeb, 0x3b, 0xe7, 0xba, 0xfe, 0x3b, 0xf1, 0x91, 0x1e, 0x3c, 0xa8, 0xcb, 0x79, 0x3c,
    0x88, 0x8b, 0x81, 0x3c, 0xe4, 0x18, 0x94, 0x3c, 0x96, 0xff, 0x9f, 0x3c, 0x7f, 0x2a, 0x11, 0x3b,
    0x7f, 0x4e, 0xe2, 0x3a, 0x58, 0xd0, 0x15, 0x3b, 0xe4, 0x11, 0x1a, 0x3b, 0xa8, 0x94, 0x1a, 0x3b,
    0xa2, 0x67, 0x94, 0x3b, 0x22, 0x5f, 0x4f, 0x3b, 0xbd, 0x3c, 0x41, 0x3b, 0xdf, 0x62, 0x33, 0x3b,
    0xf0, 0x4f, 0xd7, 0x3a, 0x78, 0xfd, 0xd5, 0x3a, 0x2b, 0x7d, 0x19, 0x3b, 0x34, 0x89, 0x2b, 0x3b,
    0xe7, 0x76, 0xef, 0x3a, 0x61, 0x0c, 0x3b, 0x3b, 0xb0, 0x5d, 0x65, 0x3b, 0x8a, 0xd4, 0x12, 0x3b,
    0x0d, 0x35, 0x53, 0x3b, 0x08, 0x5f, 0x72, 0x3b, 0xb6, 0x48, 0x10, 0x3b, 0x0b, 0xd6, 0x80, 0x3b,
    0xad, 0x46, 0x8d, 0x3b, 0x9c, 0x9a, 0x8a, 0x3b, 0x8e, 0x1e, 0x4a, 0x3b, 0x57, 0xa6, 0x1e, 0x3b,
    0xc3, 0xf8, 0x27, 0x3b, 0xd0, 0xc9, 0x24, 0x3b, 0xfc, 0xe4, 0x14, 0x3b, 0x57, 0x94, 0x37, 0x3b,
    0x08, 0x07, 0x86, 0x3b, 0xcd, 0x97, 0xb0, 0x3b, 0x0c, 0xfc, 0x8a, 0x3b, 0x5c, 0xcd, 0x49, 0x3b,
    0x22, 0x37, 0xdd, 0x3a, 0x23, 0xaf, 0xf6, 0x3a, 0x30, 0x57, 0x19, 0x3b, 0x14, 0xaa, 0x2d, 0x3b,
    0xeb, 0x61, 0x0d, 0x3b, 0x86, 0x3a, 0x27, 0x3b, 0x00, 0x0e, 0x06, 0x3b, 0x86, 0x19, 0x32, 0x3b,
    0x43, 0x3b, 0x89, 0x3b, 0x51, 0x7a, 0xba, 0x3b, 0xf6, 0x66, 0xe5, 0x3b, 0xee, 0xfd, 0xef, 0x3b,
    0x7c, 0xc2, 0xcb, 0x3b, 0xc2, 0x1c, 0x8f, 0x3b, 0x1e, 0xdc, 0x6c, 0x3b, 0x96, 0x39, 0x92, 0x3b,
    0xd9, 0x0a, 0x49, 0x3b, 0x57, 0x6a, 0x2b, 0x3b, 0x4e, 0x64, 0x44, 0x3b, 0xe7, 0xd3, 0x37, 0x3b,
    0x0d, 0x66, 0x38, 0x3b, 0x70, 0x3d, 0x5e, 0x3b, 0x6e, 0xc0, 0x34, 0x3b, 0x0e, 0xa6, 0x35, 0x3b,
    0xa1, 0x5a, 0x48, 0x3b, 0xbc, 0xb9, 0xa4, 0x3b, 0x8f, 0xf7, 0xc5, 0x3b, 0x9c, 0xd1, 0x9f, 0x3b,
    0xb7, 0xd2, 0x95, 0x3b, 0xcf, 0x8b, 0xb8, 0x3b, 0x3c, 0x6d, 0xa2, 0x3b, 0x83, 0x46, 0xa7, 0x3b,
    0x85, 0x0f, 0x8d, 0x3b, 0x56, 0x7f, 0xb8, 0x3b, 0xd0, 0xe4, 0xb2, 0x3b, 0xc1, 0x59, 0x59, 0x3b,
    0x4f, 0xb2, 0x56, 0x3b, 0x66, 0x85, 0x4f, 0x3b, 0x20, 0x0b, 0x6d, 0x3b, 0x99, 0x8b, 0x85, 0x3b,
    0x43, 0x76, 0x81, 0x3b, 0xf2, 0x3d, 0x8c, 0x3b, 0x7c, 0x77, 0x82, 0x3b, 0x51, 0x43, 0x85, 0x3b,
    0xcc, 0xc4, 0x8e, 0x3b, 0xe9, 0xd1, 0xa7, 0x3b, 0x50, 0x60, 0x76, 0x3b, 0x89, 0x55, 0x87, 0x3b,
    0x7f, 0x95, 0xbe, 0x3b, 0x35, 0x6d, 0x8a, 0x3b, 0xac, 0xfb, 0xca, 0x3b, 0xd1, 0x1a, 0xa0, 0x3b,
    0x88, 0x71, 0xce, 0x3b, 0xf4, 0x1f, 0xb4, 0x3b, 0xfb, 0xf4, 0x8c, 0x3b, 0x31, 0x79, 0xd6, 0x3b,
    0xa3, 0xdf, 0x00, 0x3c, 0x20, 0xa5, 0xc4, 0x3b, 0xbd, 0xfc, 0xb8, 0x3b, 0xef, 0xd3, 0xad, 0x3b,
    0x93, 0xb5, 0xca, 0x3b, 0xdd, 0x3c, 0xe4, 0x3b, 0x60, 0x5d, 0xda, 0x3b, 0xf4, 0xac, 0xf6, 0x3b,
    0x28, 0xe7, 0xee, 0x3b, 0x22, 0xb4, 0xcf, 0x3b, 0x2d, 0x2a, 0xe0, 0x3b, 0xe6, 0x29, 0x12, 0x3c,
    0x1b, 0x36, 0x58, 0x3c, 0x6f, 0x79, 0x3f, 0x3c, 0x7a, 0x04, 0x2a, 0x3c, 0x14, 0x34, 0x4c, 0x3c,
    0x53, 0xf1, 0xff, 0x3b, 0xd7, 0xf7, 0xef, 0x3b, 0xcc, 0xb6, 0xde, 0x3b, 0x3b, 0xb4, 0x41, 0x3c,
    0xfd, 0x38, 0x20, 0x3c, 0x71, 0x60, 0x0a, 0x3c, 0xc5, 0xe2, 0x08, 0x3c, 0x04, 0xb1, 0x0b, 0x3c,
    0x12, 0x19, 0x22, 0x3c, 0x6e, 0x15, 0x2a, 0x3c, 0x4c, 0xa1, 0x41, 0x3c, 0x51, 0xa6, 0x22, 0x3c,
    0x12, 0x9b, 0x48, 0x3c, 0x60, 0x98, 0x42, 0x3c, 0x7b, 0x5d, 0x3a, 0x3c, 0x54, 0x74, 0x07, 0x3c,
    0xbe, 0x7c, 0xb4, 0x3b, 0x21, 0xd0, 0xbc, 0x3b, 0x12, 0x00, 0x00, 0x00, 0x74, 0x66, 0x6c, 0x2e,
    0x70, 0x73, 0x65, 0x75, 0x64, 0x6f, 0x5f, 0x71, 0x63, 0x6f, 0x6e, 0x73, 0x74, 0x31, 0x00, 0x00,
    0x02, 0x00, 0x00, 0x00, 0x80, 0x02, 0x00, 0x00, 0x20, 0x00, 0x00, 0x00, 0x00, 0x00, 0x16, 0x00,
    0x1c, 0x00, 0x18, 0x00, 0x17, 0x00, 0x10, 0x00, 0x0c, 0x00, 0x08, 0x00, 0x00, 0x00, 0x00, 0x00,
    0x00, 0x00, 0x07, 0x00, 0x16, 0x00, 0x00, 0x00, 0x00, 0x00, 0x00, 0x01, 0x14, 0x00, 0x00, 0x00,
    0x28, 0x1e, 0x00, 0x00, 0x02, 0x00, 0x00, 0x00, 0x00, 0x00, 0x00, 0x02, 0x34, 0x1e, 0x00, 0x00,
    0x84, 0xe1, 0xff, 0xff, 0x08, 0x00, 0x00, 0x00, 0x0c, 0x14, 0x00, 0x00, 0x80, 0x02, 0x00, 0x00,
    0x00, 0x00, 0x00, 0x00, 0x00, 0x00, 0x00, 0x00, 0x00, 0x00, 0x00, 0x00, 0x00, 0x00, 0x00, 0x00,
    0x00, 0x00, 0x00, 0x00, 0x00, 0x00, 0x00, 0x00, 0x00, 0x00, 0x00, 0x00, 0x00, 0x00, 0x00, 0x00,
    0x00, 0x00, 0x00, 0x00, 0x00, 0x00, 0x00, 0x00, 0x00, 0x00, 0x00, 0x00, 0x00, 0x00, 0x00, 0x00,
    0x00, 0x00, 0x00, 0x00, 0x00, 0x00, 0x00, 0x00, 0x00, 0x00, 0x00, 0x00, 0x00, 0x00, 0x00, 0x00,
    0x00, 0x00, 0x00, 0x00, 0x00, 0x00, 0x00, 0x00, 0x00, 0x00, 0x00, 0x00, 0x00, 0x00, 0x00, 0x00,
    0x00, 0x00, 0x00, 0x00, 0x00, 0x00, 0x00, 0x00, 0x00, 0x00, 0x00, 0x00, 0x00, 0x00, 0x00, 0x00,
    0x00, 0x00, 0x00, 0x00, 0x00, 0x00, 0x00, 0x00, 0x00, 0x00, 0x00, 0x00, 0x00, 0x00, 0x00, 0x00,
    0x00, 0x00, 0x00, 0x00, 0x00, 0x00, 0x00, 0x00, 0x00, 0x00, 0x00, 0x00, 0x00, 0x00, 0x00, 0x00,
    0x00, 0x00, 0x00, 0x00, 0x00, 0x00, 0x00, 0x00, 0x00, 0x00, 0x00, 0x00, 0x00, 0x00, 0x00, 0x00,
    0x00, 0x00, 0x00, 0x00, 0x00, 0x00, 0x00, 0x00, 0x00, 0x00, 0x00, 0x00, 0x00, 0x00, 0x00, 0x00,
    0x00, 0x00, 0x00, 0x00, 0x00, 0x00, 0x00, 0x00, 0x00, 0x00, 0x00, 0x00, 0x00, 0x00, 0x00, 0x00,
    0x00, 0x00, 0x00, 0x00, 0x00, 0x00, 0x00, 0x00, 0x00, 0x00, 0x00, 0x00, 0x00, 0x00, 0x00, 0x00,
    0x00, 0x00, 0x00, 0x00, 0x00, 0x00, 0x00, 0x00, 0x00, 0x00, 0x00, 0x00, 0x00, 0x00, 0x00, 0x00,
    0x00, 0x00, 0x00, 0x00, 0x00, 0x00, 0x00, 0x00, 0x00, 0x00, 0x00, 0x00, 0x00, 0x00, 0x00, 0x00,
    0x00, 0x00, 0x00, 0x00, 0x00, 0x00, 0x00, 0x00, 0x00, 0x00, 0x00, 0x00, 0x00, 0x00, 0x00, 0x00,
    0x00, 0x00, 0x00, 0x00, 0x00, 0x00, 0x00, 0x00, 0x00, 0x00, 0x00, 0x00, 0x00, 0x00, 0x00, 0x00,
    0x00, 0x00, 0x00, 0x00, 0x00, 0x00, 0x00, 0x00, 0x00, 0x00, 0x00, 0x00, 0x00, 0x00, 0x00, 0x00,
    0x00, 0x00, 0x00, 0x00, 0x00, 0x00, 0x00, 0x00, 0x00, 0x00, 0x00, 0x00, 0x00, 0x00, 0x00, 0x00,
    0x00, 0x00, 0x00, 0x00, 0x00, 0x00, 0x00, 0x00, 0x00, 0x00, 0x00, 0x00, 0x00, 0x00, 0x00, 0x00,
    0x00, 0x00, 0x00, 0x00, 0x00, 0x00, 0x00, 0x00, 0x00, 0x00, 0x00, 0x00, 0x00, 0x00, 0x00, 0x00,
    0x00, 0x00, 0x00, 0x00, 0x00, 0x00, 0x00, 0x00, 0x00, 0x00, 0x00, 0x00, 0x00, 0x00, 0x00, 0x00,
    0x00, 0x00, 0x00, 0x00, 0x00, 0x00, 0x00, 0x00, 0x00, 0x00, 0x00, 0x00, 0x00, 0x00, 0x00, 0x00,
    0x00, 0x00, 0x00, 0x00, 0x00, 0x00, 0x00, 0x00, 0x00, 0x00, 0x00, 0x00, 0x00, 0x00, 0x00, 0x00,
    0x00, 0x00, 0x00, 0x00, 0x00, 0x00, 0x00, 0x00, 0x00, 0x00, 0x00, 0x00, 0x00, 0x00, 0x00, 0x00,
    0x00, 0x00, 0x00, 0x00, 0x00, 0x00, 0x00, 0x00, 0x00, 0x00, 0x00, 0x00, 0x00, 0x00, 0x00, 0x00,
    0x00, 0x00, 0x00, 0x00, 0x00, 0x00, 0x00, 0x00, 0x00, 0x00, 0x00, 0x00, 0x00, 0x00, 0x00, 0x00,
    0x00, 0x00, 0x00, 0x00, 0x00, 0x00, 0x00, 0x00, 0x00, 0x00, 0x00, 0x00, 0x00, 0x00, 0x00, 0x00,
    0x00, 0x00, 0x00, 0x00, 0x00, 0x00, 0x00, 0x00, 0x00, 0x00, 0x00, 0x00, 0x00, 0x00, 0x00, 0x00,
    0x00, 0x00, 0x00, 0x00, 0x00, 0x00, 0x00, 0x00, 0x00, 0x00, 0x00, 0x00, 0x00, 0x00, 0x00, 0x00,
    0x00, 0x00, 0x00, 0x00, 0x00, 0x00, 0x00, 0x00, 0x00, 0x00, 0x00, 0x00, 0x00, 0x00, 0x00, 0x00,
    0x00, 0x00, 0x00, 0x00, 0x00, 0x00, 0x00, 0x00, 0x00, 0x00, 0x00, 0x00, 0x00, 0x00, 0x00, 0x00,
    0x00, 0x00, 0x00, 0x00, 0x00, 0x00, 0x00, 0x00, 0x00, 0x00, 0x00, 0x00, 0x00, 0x00, 0x00, 0x00,
    0x00, 0x00, 0x00, 0x00, 0x00, 0x00, 0x00, 0x00, 0x00, 0x00, 0x00, 0x00, 0x00, 0x00, 0x00, 0x00,
    0x00, 0x00, 0x00, 0x00, 0x00, 0x00, 0x00, 0x00, 0x00, 0x00, 0x00, 0x00, 0x00, 0x00, 0x00, 0x00,
    0x00, 0x00, 0x00, 0x00, 0x00, 0x00, 0x00, 0x00, 0x00, 0x00, 0x00, 0x00, 0x00, 0x00, 0x00, 0x00,
    0x00, 0x00, 0x00, 0x00, 0x00, 0x00, 0x00, 0x00, 0x00, 0x00, 0x00, 0x00, 0x00, 0x00, 0x00, 0x00,
    0x00, 0x00, 0x00, 0x00, 0x00, 0x00, 0x00, 0x00, 0x00, 0x00, 0x00, 0x00, 0x00, 0x00, 0x00, 0x00,
    0x00, 0x00, 0x00, 0x00, 0x00, 0x00, 0x00, 0x00, 0x00, 0x00, 0x00, 0x00, 0x00, 0x00, 0x00, 0x00,
    0x00, 0x00, 0x00, 0x00, 0x00, 0x00, 0x00, 0x00, 0x00, 0x00, 0x00, 0x00, 0x00, 0x00, 0x00, 0x00,
    0x00, 0x00, 0x00, 0x00, 0x00, 0x00, 0x00, 0x00, 0x00, 0x00, 0x00, 0x00, 0x00, 0x00, 0x00, 0x00,
    0x00, 0x00, 0x00, 0x00, 0x00, 0x00, 0x00, 0x00, 0x00, 0x00, 0x00, 0x00, 0x00, 0x00, 0x00, 0x00,
    0x00, 0x00, 0x00, 0x00, 0x00, 0x00, 0x00, 0x00, 0x00, 0x00, 0x00, 0x00, 0x00, 0x00, 0x00, 0x00,
    0x00, 0x00, 0x00, 0x00, 0x00, 0x00, 0x00, 0x00, 0x00, 0x00, 0x00, 0x00, 0x00, 0x00, 0x00, 0x00,
    0x00, 0x00, 0x00, 0x00, 0x00, 0x00, 0x00, 0x00, 0x00, 0x00, 0x00, 0x00, 0x00, 0x00, 0x00, 0x00,
    0x00, 0x00, 0x00, 0x00, 0x00, 0x00, 0x00, 0x00, 0x00, 0x00, 0x00, 0x00, 0x00, 0x00, 0x00, 0x00,
    0x00, 0x00, 0x00, 0x00, 0x00, 0x00, 0x00, 0x00, 0x00, 0x00, 0x00, 0x00, 0x00, 0x00, 0x00, 0x00,
    0x00, 0x00, 0x00, 0x00, 0x00, 0x00, 0x00, 0x00, 0x00, 0x00, 0x00, 0x00, 0x00, 0x00, 0x00, 0x00,
    0x00, 0x00, 0x00, 0x00, 0x00, 0x00, 0x00, 0x00, 0x00, 0x00, 0x00, 0x00, 0x00, 0x00, 0x00, 0x00,
    0x00, 0x00, 0x00, 0x00, 0x00, 0x00, 0x00, 0x00, 0x00, 0x00, 0x00, 0x00, 0x00, 0x00, 0x00, 0x00,
    0x00, 0x00, 0x00, 0x00, 0x00, 0x00, 0x00, 0x00, 0x00, 0x00, 0x00, 0x00, 0x00, 0x00, 0x00, 0x00,
    0x00, 0x00, 0x00, 0x00, 0x00, 0x00, 0x00, 0x00, 0x00, 0x00, 0x00, 0x00, 0x00, 0x00, 0x00, 0x00,
    0x00, 0x00, 0x00, 0x00, 0x00, 0x00, 0x00, 0x00, 0x00, 0x00, 0x00, 0x00, 0x00, 0x00, 0x00, 0x00,
    0x00, 0x00, 0x00, 0x00, 0x00, 0x00, 0x00, 0x00, 0x00, 0x00, 0x00, 0x00, 0x00, 0x00, 0x00, 0x00,
    0x00, 0x00, 0x00, 0x00, 0x00, 0x00, 0x00, 0x00, 0x00, 0x00, 0x00, 0x00, 0x00, 0x00, 0x00, 0x00,
    0x00, 0x00, 0x00, 0x00, 0x00, 0x00, 0x00, 0x00, 0x00, 0x00, 0x00, 0x00, 0x00, 0x00, 0x00, 0x00,
    0x00, 0x00, 0x00, 0x00, 0x00, 0x00, 0x00, 0x00, 0x00, 0x00, 0x00, 0x00, 0x00, 0x00, 0x00, 0x00,
    0x00, 0x00, 0x00, 0x00, 0x00, 0x00, 0x00, 0x00, 0x00, 0x00, 0x00, 0x00, 0x00, 0x00, 0x00, 0x00,
    0x00, 0x00, 0x00, 0x00, 0x00, 0x00, 0x00, 0x00, 0x00, 0x00, 0x00, 0x00, 0x00, 0x00, 0x00, 0x00,
    0x00, 0x00, 0x00, 0x00, 0x00, 0x00, 0x00, 0x00, 0x00, 0x00, 0x00, 0x00, 0x00, 0x00, 0x00, 0x00,
    0x00, 0x00, 0x00, 0x00, 0x00, 0x00, 0x00, 0x00, 0x00, 0x00, 0x00, 0x00, 0x00, 0x00, 0x00, 0x00,
    0x00, 0x00, 0x00, 0x00, 0x00, 0x00, 0x00, 0x00, 0x00, 0x00, 0x00, 0x00, 0x00, 0x00, 0x00, 0x00,
    0x00, 0x00, 0x00, 0x00, 0x00, 0x00, 0x00, 0x00, 0x00, 0x00, 0x00, 0x00, 0x00, 0x00, 0x00, 0x00,
    0x00, 0x00, 0x00, 0x00, 0x00, 0x00, 0x00, 0x00, 0x00, 0x00, 0x00, 0x00, 0x00, 0x00, 0x00, 0x00,
    0x00, 0x00, 0x00, 0x00, 0x00, 0x00, 0x00, 0x00, 0x00, 0x00, 0x00, 0x00, 0x00, 0x00, 0x00, 0x00,
    0x00, 0x00, 0x00, 0x00, 0x00, 0x00, 0x00, 0x00, 0x00, 0x00, 0x00, 0x00, 0x00, 0x00, 0x00, 0x00,
    0x00, 0x00, 0x00, 0x00, 0x00, 0x00, 0x00, 0x00, 0x00, 0x00, 0x00, 0x00, 0x00, 0x00, 0x00, 0x00,
    0x00, 0x00, 0x00, 0x00, 0x00, 0x00, 0x00, 0x00, 0x00, 0x00, 0x00, 0x00, 0x00, 0x00, 0x00, 0x00,
    0x00, 0x00, 0x00, 0x00, 0x00, 0x00, 0x00, 0x00, 0x00, 0x00, 0x00, 0x00, 0x00, 0x00, 0x00, 0x00,
    0x00, 0x00, 0x00, 0x00, 0x00, 0x00, 0x00, 0x00, 0x00, 0x00, 0x00, 0x00, 0x00, 0x00, 0x00, 0x00,
    0x00, 0x00, 0x00, 0x00, 0x00, 0x00, 0x00, 0x00, 0x00, 0x00, 0x00, 0x00, 0x00, 0x00, 0x00, 0x00,
    0x00, 0x00, 0x00, 0x00, 0x00, 0x00, 0x00, 0x00, 0x00, 0x00, 0x00, 0x00, 0x00, 0x00, 0x00, 0x00,
    0x00, 0x00, 0x00, 0x00, 0x00, 0x00, 0x00, 0x00, 0x00, 0x00, 0x00, 0x00, 0x00, 0x00, 0x00, 0x00,
    0x00, 0x00, 0x00, 0x00, 0x00, 0x00, 0x00, 0x00, 0x00, 0x00, 0x00, 0x00, 0x00, 0x00, 0x00, 0x00,
    0x00, 0x00, 0x00, 0x00, 0x00, 0x00, 0x00, 0x00, 0x00, 0x00, 0x00, 0x00, 0x00, 0x00, 0x00, 0x00,
    0x00, 0x00, 0x00, 0x00, 0x00, 0x00, 0x00, 0x00, 0x00, 0x00, 0x00, 0x00, 0x00, 0x00, 0x00, 0x00,
    0x00, 0x00, 0x00, 0x00, 0x00, 0x00, 0x00, 0x00, 0x00, 0x00, 0x00, 0x00, 0x00, 0x00, 0x00, 0x00,
    0x00, 0x00, 0x00, 0x00, 0x00, 0x00, 0x00, 0x00, 0x00, 0x00, 0x00, 0x00, 0x00, 0x00, 0x00, 0x00,
    0x00, 0x00, 0x00, 0x00, 0x00, 0x00, 0x00, 0x00, 0x00, 0x00, 0x00, 0x00, 0x00, 0x00, 0x00, 0x00,
    0x00, 0x00, 0x00, 0x00, 0x00, 0x00, 0x00, 0x00, 0x00, 0x00, 0x00, 0x00, 0x00, 0x00, 0x00, 0x00,
    0x00, 0x00, 0x00, 0x00, 0x00, 0x00, 0x00, 0x00, 0x00, 0x00, 0x00, 0x00, 0x00, 0x00, 0x00, 0x00,
    0x00, 0x00, 0x00, 0x00, 0x00, 0x00, 0x00, 0x00, 0x00, 0x00, 0x00, 0x00, 0x00, 0x00, 0x00, 0x00,
    0x00, 0x00, 0x00, 0x00, 0x00, 0x00, 0x00, 0x00, 0x00, 0x00, 0x00, 0x00, 0x00, 0x00, 0x00, 0x00,
    0x00, 0x00, 0x00, 0x00, 0x00, 0x00, 0x00, 0x00, 0x00, 0x00, 0x00, 0x00, 0x00, 0x00, 0x00, 0x00,
    0x00, 0x00, 0x00, 0x00, 0x00, 0x00, 0x00, 0x00, 0x00, 0x00, 0x00, 0x00, 0x00, 0x00, 0x00, 0x00,
    0x00, 0x00, 0x00, 0x00, 0x00, 0x00, 0x00, 0x00, 0x00, 0x00, 0x00, 0x00, 0x00, 0x00, 0x00, 0x00,
    0x00, 0x00, 0x00, 0x00, 0x00, 0x00, 0x00, 0x00, 0x00, 0x00, 0x00, 0x00, 0x00, 0x00, 0x00, 0x00,
    0x00, 0x00, 0x00, 0x00, 0x00, 0x00, 0x00, 0x00, 0x00, 0x00, 0x00, 0x00, 0x00, 0x00, 0x00, 0x00,
    0x00, 0x00, 0x00, 0x00, 0x00, 0x00, 0x00, 0x00, 0x00, 0x00, 0x00, 0x00, 0x00, 0x00, 0x00, 0x00,
    0x00, 0x00, 0x00, 0x00, 0x00, 0x00, 0x00, 0x00, 0x00, 0x00, 0x00, 0x00, 0x00, 0x00, 0x00, 0x00,
    0x00, 0x00, 0x00, 0x00, 0x00, 0x00, 0x00, 0x00, 0x00, 0x00, 0x00, 0x00, 0x00, 0x00, 0x00, 0x00,
    0x00, 0x00, 0x00, 0x00, 0x00, 0x00, 0x00, 0x00, 0x00, 0x00, 0x00, 0x00, 0x00, 0x00, 0x00, 0x00,
    0x00, 0x00, 0x00, 0x00, 0x00, 0x00, 0x00, 0x00, 0x00, 0x00, 0x00, 0x00, 0x00, 0x00, 0x00, 0x00,
    0x00, 0x00, 0x00, 0x00, 0x00, 0x00, 0x00, 0x00, 0x00, 0x00, 0x00, 0x00, 0x00, 0x00, 0x00, 0x00,
    0x00, 0x00, 0x00, 0x00, 0x00, 0x00, 0x00, 0x00, 0x00, 0x00, 0x00, 0x00, 0x00, 0x00, 0x00, 0x00,
    0x00, 0x00, 0x00, 0x00, 0x00, 0x00, 0x00, 0x00, 0x00, 0x00, 0x00, 0x00, 0x00, 0x00, 0x00, 0x00,
    0x00, 0x00, 0x00, 0x00, 0x00, 0x00, 0x00, 0x00, 0x00, 0x00, 0x00, 0x00, 0x00, 0x00, 0x00, 0x00,
    0x00, 0x00, 0x00, 0x00, 0x00, 0x00, 0x00, 0x00, 0x00, 0x00, 0x00, 0x00, 0x00, 0x00, 0x00, 0x00,
    0x00, 0x00, 0x00, 0x00, 0x00, 0x00, 0x00, 0x00, 0x00, 0x00, 0x00, 0x00, 0x00, 0x00, 0x00, 0x00,
    0x00, 0x00, 0x00, 0x00, 0x00, 0x00, 0x00, 0x00, 0x00, 0x00, 0x00, 0x00, 0x00, 0x00, 0x00, 0x00,
    0x00, 0x00, 0x00, 0x00, 0x00, 0x00, 0x00, 0x00, 0x00, 0x00, 0x00, 0x00, 0x00, 0x00, 0x00, 0x00,
    0x00, 0x00, 0x00, 0x00, 0x00, 0x00, 0x00, 0x00, 0x00, 0x00, 0x00, 0x00, 0x00, 0x00, 0x00, 0x00,
    0x00, 0x00, 0x00, 0x00, 0x00, 0x00, 0x00, 0x00, 0x00, 0x00, 0x00, 0x00, 0x00, 0x00, 0x00, 0x00,
    0x00, 0x00, 0x00, 0x00, 0x00, 0x00, 0x00, 0x00, 0x00, 0x00, 0x00, 0x00, 0x00, 0x00, 0x00, 0x00,
    0x00, 0x00, 0x00, 0x00, 0x00, 0x00, 0x00, 0x00, 0x00, 0x00, 0x00, 0x00, 0x00, 0x00, 0x00, 0x00,
    0x00, 0x00, 0x00, 0x00, 0x00, 0x00, 0x00, 0x00, 0x00, 0x00, 0x00, 0x00, 0x00, 0x00, 0x00, 0x00,
    0x00, 0x00, 0x00, 0x00, 0x00, 0x00, 0x00, 0x00, 0x00, 0x00, 0x00, 0x00, 0x00, 0x00, 0x00, 0x00,
    0x00, 0x00, 0x00, 0x00, 0x00, 0x00, 0x00, 0x00, 0x00, 0x00, 0x00, 0x00, 0x00, 0x00, 0x00, 0x00,
    0x00, 0x00, 0x00, 0x00, 0x00, 0x00, 0x00, 0x00, 0x00, 0x00, 0x00, 0x00, 0x00, 0x00, 0x00, 0x00,
    0x00, 0x00, 0x00, 0x00, 0x00, 0x00, 0x00, 0x00, 0x00, 0x00, 0x00, 0x00, 0x00, 0x00, 0x00, 0x00,
    0x00, 0x00, 0x00, 0x00, 0x00, 0x00, 0x00, 0x00, 0x00, 0x00, 0x00, 0x00, 0x00, 0x00, 0x00, 0x00,
    0x00, 0x00, 0x00, 0x00, 0x00, 0x00, 0x00, 0x00, 0x00, 0x00, 0x00, 0x00, 0x00, 0x00, 0x00, 0x00,
    0x00, 0x00, 0x00, 0x00, 0x00, 0x00, 0x00, 0x00, 0x00, 0x00, 0x00, 0x00, 0x00, 0x00, 0x00, 0x00,
    0x00, 0x00, 0x00, 0x00, 0x00, 0x00, 0x00, 0x00, 0x00, 0x00, 0x00, 0x00, 0x00, 0x00, 0x00, 0x00,
    0x00, 0x00, 0x00, 0x00, 0x00, 0x00, 0x00, 0x00, 0x00, 0x00, 0x00, 0x00, 0x00, 0x00, 0x00, 0x00,
    0x00, 0x00, 0x00, 0x00, 0x00, 0x00, 0x00, 0x00, 0x00, 0x00, 0x00, 0x00, 0x00, 0x00, 0x00, 0x00,
    0x00, 0x00, 0x00, 0x00, 0x00, 0x00, 0x00, 0x00, 0x00, 0x00, 0x00, 0x00, 0x00, 0x00, 0x00, 0x00,
    0x00, 0x00, 0x00, 0x00, 0x00, 0x00, 0x00, 0x00, 0x00, 0x00, 0x00, 0x00, 0x00, 0x00, 0x00, 0x00,
    0x00, 0x00, 0x00, 0x00, 0x00, 0x00, 0x00, 0x00, 0x00, 0x00, 0x00, 0x00, 0x00, 0x00, 0x00, 0x00,
    0x00, 0x00, 0x00, 0x00, 0x00, 0x00, 0x00, 0x00, 0x00, 0x00, 0x00, 0x00, 0x00, 0x00, 0x00, 0x00,
    0x00, 0x00, 0x00, 0x00, 0x00, 0x00, 0x00, 0x00, 0x00, 0x00, 0x00, 0x00, 0x00, 0x00, 0x00, 0x00,
    0x00, 0x00, 0x00, 0x00, 0x00, 0x00, 0x00, 0x00, 0x00, 0x00, 0x00, 0x00, 0x00, 0x00, 0x00, 0x00,
    0x00, 0x00, 0x00, 0x00, 0x00, 0x00, 0x00, 0x00, 0x00, 0x00, 0x00, 0x00, 0x00, 0x00, 0x00, 0x00,
    0x00, 0x00, 0x00, 0x00, 0x00, 0x00, 0x00, 0x00, 0x00, 0x00, 0x00, 0x00, 0x00, 0x00, 0x00, 0x00,
    0x00, 0x00, 0x00, 0x00, 0x00, 0x00, 0x00, 0x00, 0x00, 0x00, 0x00, 0x00, 0x00, 0x00, 0x00, 0x00,
    0x00, 0x00, 0x00, 0x00, 0x00, 0x00, 0x00, 0x00, 0x00, 0x00, 0x00, 0x00, 0x00, 0x00, 0x00, 0x00,
    0x00, 0x00, 0x00, 0x00, 0x00, 0x00, 0x00, 0x00, 0x00, 0x00, 0x00, 0x00, 0x00, 0x00, 0x00, 0x00,
    0x00, 0x00, 0x00, 0x00, 0x00, 0x00, 0x00, 0x00, 0x00, 0x00, 0x00, 0x00, 0x00, 0x00, 0x00, 0x00,
    0x00, 0x00, 0x00, 0x00, 0x00, 0x00, 0x00, 0x00, 0x00, 0x00, 0x00, 0x00, 0x00, 0x00, 0x00, 0x00,
    0x00, 0x00, 0x00, 0x00, 0x00, 0x00, 0x00, 0x00, 0x00, 0x00, 0x00, 0x00, 0x00, 0x00, 0x00, 0x00,
    0x00, 0x00, 0x00, 0x00, 0x00, 0x00, 0x00, 0x00, 0x00, 0x00, 0x00, 0x00, 0x00, 0x00, 0x00, 0x00,
    0x00, 0x00, 0x00, 0x00, 0x00, 0x00, 0x00, 0x00, 0x00, 0x00, 0x00, 0x00, 0x00, 0x00, 0x00, 0x00,
    0x00, 0x00, 0x00, 0x00, 0x00, 0x00, 0x00, 0x00, 0x00, 0x00, 0x00, 0x00, 0x00, 0x00, 0x00, 0x00,
    0x00, 0x00, 0x00, 0x00, 0x00, 0x00, 0x00, 0x00, 0x00, 0x00, 0x00, 0x00, 0x00, 0x00, 0x00, 0x00,
    0x00, 0x00, 0x00, 0x00, 0x00, 0x00, 0x00, 0x00, 0x00, 0x00, 0x00, 0x00, 0x00, 0x00, 0x00, 0x00,
    0x00, 0x00, 0x00, 0x00, 0x00, 0x00, 0x00, 0x00, 0x00, 0x00, 0x00, 0x00, 0x00, 0x00, 0x00, 0x00,
    0x00, 0x00, 0x00, 0x00, 0x00, 0x00, 0x00, 0x00, 0x00, 0x00, 0x00, 0x00, 0x00, 0x00, 0x00, 0x00,
    0x00, 0x00, 0x00, 0x00, 0x00, 0x00, 0x00, 0x00, 0x00, 0x00, 0x00, 0x00, 0x00, 0x00, 0x00, 0x00,
    0x00, 0x00, 0x00, 0x00, 0x00, 0x00, 0x00, 0x00, 0x00, 0x00, 0x00, 0x00, 0x00, 0x00, 0x00, 0x00,
    0x00, 0x00, 0x00, 0x00, 0x00, 0x00, 0x00, 0x00, 0x00, 0x00, 0x00, 0x00, 0x00, 0x00, 0x00, 0x00,
    0x00, 0x00, 0x00, 0x00, 0x00, 0x00, 0x00, 0x00, 0x00, 0x00, 0x00, 0x00, 0x00, 0x00, 0x00, 0x00,
    0x00, 0x00, 0x00, 0x00, 0x00, 0x00, 0x00, 0x00, 0x00, 0x00, 0x00, 0x00, 0x00, 0x00, 0x00, 0x00,
    0x00, 0x00, 0x00, 0x00, 0x00, 0x00, 0x00, 0x00, 0x00, 0x00, 0x00, 0x00, 0x00, 0x00, 0x00, 0x00,
    0x00, 0x00, 0x00, 0x00, 0x00, 0x00, 0x00, 0x00, 0x00, 0x00, 0x00, 0x00, 0x00, 0x00, 0x00, 0x00,
    0x00, 0x00, 0x00, 0x00, 0x00, 0x00, 0x00, 0x00, 0x00, 0x00, 0x00, 0x00, 0x00, 0x00, 0x00, 0x00,
    0x00, 0x00, 0x00, 0x00, 0x00, 0x00, 0x00, 0x00, 0x00, 0x00, 0x00, 0x00, 0x00, 0x00, 0x00, 0x00,
    0x00, 0x00, 0x00, 0x00, 0x00, 0x00, 0x00, 0x00, 0x00, 0x00, 0x00, 0x00, 0x00, 0x00, 0x00, 0x00,
    0x00, 0x00, 0x00, 0x00, 0x00, 0x00, 0x00, 0x00, 0x00, 0x00, 0x00, 0x00, 0x00, 0x00, 0x00, 0x00,
    0x00, 0x00, 0x00, 0x00, 0x00, 0x00, 0x00, 0x00, 0x00, 0x00, 0x00, 0x00, 0x00, 0x00, 0x00, 0x00,
    0x00, 0x00, 0x00, 0x00, 0x00, 0x00, 0x00, 0x00, 0x00, 0x00, 0x00, 0x00, 0x00, 0x00, 0x00, 0x00,
    0x00, 0x00, 0x00, 0x00, 0x00, 0x00, 0x00, 0x00, 0x00, 0x00, 0x00, 0x00, 0x00, 0x00, 0x00, 0x00,
    0x00, 0x00, 0x00, 0x00, 0x00, 0x00, 0x00, 0x00, 0x00, 0x00, 0x00, 0x00, 0x00, 0x00, 0x00, 0x00,
    0x00, 0x00, 0x00, 0x00, 0x00, 0x00, 0x00, 0x00, 0x00, 0x00, 0x00, 0x00, 0x00, 0x00, 0x00, 0x00,
    0x00, 0x00, 0x00, 0x00, 0x00, 0x00, 0x00, 0x00, 0x00, 0x00, 0x00, 0x00, 0x00, 0x00, 0x00, 0x00,
    0x00, 0x00, 0x00, 0x00, 0x00, 0x00, 0x00, 0x00, 0x00, 0x00, 0x00, 0x00, 0x00, 0x00, 0x00, 0x00,
    0x00, 0x00, 0x00, 0x00, 0x00, 0x00, 0x00, 0x00, 0x00, 0x00, 0x00, 0x00, 0x00, 0x00, 0x00, 0x00,
    0x00, 0x00, 0x00, 0x00, 0x00, 0x00, 0x00, 0x00, 0x00, 0x00, 0x00, 0x00, 0x00, 0x00, 0x00, 0x00,
    0x00, 0x00, 0x00, 0x00, 0x00, 0x00, 0x00, 0x00, 0x00, 0x00, 0x00, 0x00, 0x00, 0x00, 0x00, 0x00,
    0x00, 0x00, 0x00, 0x00, 0x00, 0x00, 0x00, 0x00, 0x00, 0x00, 0x00, 0x00, 0x00, 0x00, 0x00, 0x00,
    0x00, 0x00, 0x00, 0x00, 0x00, 0x00, 0x00, 0x00, 0x00, 0x00, 0x00, 0x00, 0x00, 0x00, 0x00, 0x00,
    0x00, 0x00, 0x00, 0x00, 0x00, 0x00, 0x00, 0x00, 0x00, 0x00, 0x00, 0x00, 0x00, 0x00, 0x00, 0x00,
    0x00, 0x00, 0x00, 0x00, 0x00, 0x00, 0x00, 0x00, 0x00, 0x00, 0x00, 0x00, 0x00, 0x00, 0x00, 0x00,
    0x00, 0x00, 0x00, 0x00, 0x00, 0x00, 0x00, 0x00, 0x00, 0x00, 0x00, 0x00, 0x00, 0x00, 0x00, 0x00,
    0x00, 0x00, 0x00, 0x00, 0x00, 0x00, 0x00, 0x00, 0x00, 0x00, 0x00, 0x00, 0x00, 0x00, 0x00, 0x00,
    0x00, 0x00, 0x00, 0x00, 0x00, 0x00, 0x00, 0x00, 0x00, 0x00, 0x00, 0x00, 0x00, 0x00, 0x00, 0x00,
    0x00, 0x00, 0x00, 0x00, 0x00, 0x00, 0x00, 0x00, 0x00, 0x00, 0x00, 0x00, 0x00, 0x00, 0x00, 0x00,
    0x00, 0x00, 0x00, 0x00, 0x00, 0x00, 0x00, 0x00, 0x00, 0x00, 0x00, 0x00, 0x00, 0x00, 0x00, 0x00,
    0x00, 0x00, 0x00, 0x00, 0x00, 0x00, 0x00, 0x00, 0x00, 0x00, 0x00, 0x00, 0x00, 0x00, 0x00, 0x00,
    0x00, 0x00, 0x00, 0x00, 0x00, 0x00, 0x00, 0x00, 0x00, 0x00, 0x00, 0x00, 0x00, 0x00, 0x00, 0x00,
    0x00, 0x00, 0x00, 0x00, 0x00, 0x00, 0x00, 0x00, 0x00, 0x00, 0x00, 0x00, 0x00, 0x00, 0x00, 0x00,
    0x00, 0x00, 0x00, 0x00, 0x00, 0x00, 0x00, 0x00, 0x00, 0x00, 0x00, 0x00, 0x00, 0x00, 0x00, 0x00,
    0x00, 0x00, 0x00, 0x00, 0x00, 0x00, 0x00, 0x00, 0x00, 0x00, 0x00, 0x00, 0x00, 0x00, 0x00, 0x00,
    0x00, 0x00, 0x00, 0x00, 0x00, 0x00, 0x00, 0x00, 0x00, 0x00, 0x00, 0x00, 0x00, 0x00, 0x00, 0x00,
    0x00, 0x00, 0x00, 0x00, 0x00, 0x00, 0x00, 0x00, 0x00, 0x00, 0x00, 0x00, 0x00, 0x00, 0x00, 0x00,
    0x00, 0x00, 0x00, 0x00, 0x00, 0x00, 0x00, 0x00, 0x00, 0x00, 0x00, 0x00, 0x00, 0x00, 0x00, 0x00,
    0x00, 0x00, 0x00, 0x00, 0x00, 0x00, 0x00, 0x00, 0x00, 0x00, 0x00, 0x00, 0x00, 0x00, 0x00, 0x00,
    0x00, 0x00, 0x00, 0x00, 0x00, 0x00, 0x00, 0x00, 0x00, 0x00, 0x00, 0x00, 0x00, 0x00, 0x00, 0x00,
    0x00, 0x00, 0x00, 0x00, 0x00, 0x00, 0x00, 0x00, 0x00, 0x00, 0x00, 0x00, 0x00, 0x00, 0x00, 0x00,
    0x00, 0x00, 0x00, 0x00, 0x00, 0x00, 0x00, 0x00, 0x00, 0x00, 0x00, 0x00, 0x00, 0x00, 0x00, 0x00,
    0x00, 0x00, 0x00, 0x00, 0x00, 0x00, 0x00, 0x00, 0x00, 0x00, 0x00, 0x00, 0x00, 0x00, 0x00, 0x00,
    0x00, 0x00, 0x00, 0x00, 0x00, 0x00, 0x00, 0x00, 0x00, 0x00, 0x00, 0x00, 0x00, 0x00, 0x00, 0x00,
    0x00, 0x00, 0x00, 0x00, 0x00, 0x00, 0x00, 0x00, 0x00, 0x00, 0x00, 0x00, 0x00, 0x00, 0x00, 0x00,
    0x00, 0x00, 0x00, 0x00, 0x00, 0x00, 0x00, 0x00, 0x00, 0x00, 0x00, 0x00, 0x00, 0x00, 0x00, 0x00,
    0x00, 0x00, 0x00, 0x00, 0x00, 0x00, 0x00, 0x00, 0x00, 0x00, 0x00, 0x00, 0x00, 0x00, 0x00, 0x00,
    0x00, 0x00, 0x00, 0x00, 0x00, 0x00, 0x00, 0x00, 0x00, 0x00, 0x00, 0x00, 0x00, 0x00, 0x00, 0x00,
    0x00, 0x00, 0x00, 0x00, 0x00, 0x00, 0x00, 0x00, 0x00, 0x00, 0x00, 0x00, 0x00, 0x00, 0x00, 0x00,
    0x00, 0x00, 0x00, 0x00, 0x00, 0x00, 0x00, 0x00, 0x00, 0x00, 0x00, 0x00, 0x00, 0x00, 0x00, 0x00,
    0x00, 0x00, 0x00, 0x00, 0x00, 0x00, 0x00, 0x00, 0x00, 0x00, 0x00, 0x00, 0x00, 0x00, 0x00, 0x00,
    0x00, 0x00, 0x00, 0x00, 0x00, 0x00, 0x00, 0x00, 0x00, 0x00, 0x00, 0x00, 0x00, 0x00, 0x00, 0x00,
    0x00, 0x00, 0x00, 0x00, 0x00, 0x00, 0x00, 0x00, 0x00, 0x00, 0x00, 0x00, 0x00, 0x00, 0x00, 0x00,
    0x00, 0x00, 0x00, 0x00, 0x00, 0x00, 0x00, 0x00, 0x00, 0x00, 0x00, 0x00, 0x00, 0x00, 0x00, 0x00,
    0x00, 0x00, 0x00, 0x00, 0x00, 0x00, 0x00, 0x00, 0x00, 0x00, 0x00, 0x00, 0x00, 0x00, 0x00, 0x00,
    0x00, 0x00, 0x00, 0x00, 0x00, 0x00, 0x00, 0x00, 0x00, 0x00, 0x00, 0x00, 0x00, 0x00, 0x00, 0x00,
    0x00, 0x00, 0x00, 0x00, 0x00, 0x00, 0x00, 0x00, 0x00, 0x00, 0x00, 0x00, 0x00, 0x00, 0x00, 0x00,
    0x00, 0x00, 0x00, 0x00, 0x00, 0x00, 0x00, 0x00, 0x00, 0x00, 0x00, 0x00, 0x00, 0x00, 0x00, 0x00,
    0x00, 0x00, 0x00, 0x00, 0x00, 0x00, 0x00, 0x00, 0x00, 0x00, 0x00, 0x00, 0x00, 0x00, 0x00, 0x00,
    0x00, 0x00, 0x00, 0x00, 0x00, 0x00, 0x00, 0x00, 0x00, 0x00, 0x00, 0x00, 0x00, 0x00, 0x00, 0x00,
    0x00, 0x00, 0x00, 0x00, 0x00, 0x00, 0x00, 0x00, 0x00, 0x00, 0x00, 0x00, 0x00, 0x00, 0x00, 0x00,
    0x00, 0x00, 0x00, 0x00, 0x00, 0x00, 0x00, 0x00, 0x00, 0x00, 0x00, 0x00, 0x00, 0x00, 0x00, 0x00,
    0x00, 0x00, 0x00, 0x00, 0x00, 0x00, 0x00, 0x00, 0x00, 0x00, 0x00, 0x00, 0x00, 0x00, 0x00, 0x00,
    0x00, 0x00, 0x00, 0x00, 0x00, 0x00, 0x00, 0x00, 0x00, 0x00, 0x00, 0x00, 0x00, 0x00, 0x00, 0x00,
    0x00, 0x00, 0x00, 0x00, 0x00, 0x00, 0x00, 0x00, 0x00, 0x00, 0x00, 0x00, 0x00, 0x00, 0x00, 0x00,
    0x00, 0x00, 0x00, 0x00, 0x00, 0x00, 0x00, 0x00, 0x00, 0x00, 0x00, 0x00, 0x00, 0x00, 0x00, 0x00,
    0x00, 0x00, 0x00, 0x00, 0x00, 0x00, 0x00, 0x00, 0x00, 0x00, 0x00, 0x00, 0x00, 0x00, 0x00, 0x00,
    0x00, 0x00, 0x00, 0x00, 0x00, 0x00, 0x00, 0x00, 0x00, 0x00, 0x00, 0x00, 0x00, 0x00, 0x00, 0x00,
    0x00, 0x00, 0x00, 0x00, 0x00, 0x00, 0x00, 0x00, 0x00, 0x00, 0x00, 0x00, 0x00, 0x00, 0x00, 0x00,
    0x00, 0x00, 0x00, 0x00, 0x00, 0x00, 0x00, 0x00, 0x00, 0x00, 0x00, 0x00, 0x00, 0x00, 0x00, 0x00,
    0x00, 0x00, 0x00, 0x00, 0x00, 0x00, 0x00, 0x00, 0x00, 0x00, 0x00, 0x00, 0x00, 0x00, 0x00, 0x00,
    0x00, 0x00, 0x00, 0x00, 0x00, 0x00, 0x00, 0x00, 0x00, 0x00, 0x00, 0x00, 0x00, 0x00, 0x00, 0x00,
    0x00, 0x00, 0x00, 0x00, 0x00, 0x00, 0x00, 0x00, 0x00, 0x00, 0x00, 0x00, 0x00, 0x00, 0x00, 0x00,
    0x00, 0x00, 0x00, 0x00, 0x00, 0x00, 0x00, 0x00, 0x00, 0x00, 0x00, 0x00, 0x00, 0x00, 0x00, 0x00,
    0x00, 0x00, 0x00, 0x00, 0x00, 0x00, 0x00, 0x00, 0x00, 0x00, 0x00, 0x00, 0x00, 0x00, 0x00, 0x00,
    0x00, 0x00, 0x00, 0x00, 0x00, 0x00, 0x00, 0x00, 0x00, 0x00, 0x00, 0x00, 0x00, 0x00, 0x00, 0x00,
    0x00, 0x00, 0x00, 0x00, 0x00, 0x00, 0x00, 0x00, 0x00, 0x00, 0x00, 0x00, 0x00, 0x00, 0x00, 0x00,
    0x00, 0x00, 0x00, 0x00, 0x00, 0x00, 0x00, 0x00, 0x00, 0x00, 0x00, 0x00, 0x00, 0x00, 0x00, 0x00,
    0x00, 0x00, 0x00, 0x00, 0x00, 0x00, 0x00, 0x00, 0x00, 0x00, 0x00, 0x00, 0x00, 0x00, 0x00, 0x00,
    0x00, 0x00, 0x00, 0x00, 0x00, 0x00, 0x00, 0x00, 0x00, 0x00, 0x00, 0x00, 0x00, 0x00, 0x00, 0x00,
    0x00, 0x00, 0x00, 0x00, 0x00, 0x00, 0x00, 0x00, 0x00, 0x00, 0x00, 0x00, 0x00, 0x00, 0x00, 0x00,
    0x00, 0x00, 0x00, 0x00, 0x00, 0x00, 0x00, 0x00, 0x00, 0x00, 0x00, 0x00, 0x00, 0x00, 0x00, 0x00,
    0x00, 0x00, 0x00, 0x00, 0x00, 0x00, 0x00, 0x00, 0x00, 0x00, 0x00, 0x00, 0x00, 0x00, 0x00, 0x00,
    0x00, 0x00, 0x00, 0x00, 0x00, 0x00, 0x00, 0x00, 0x00, 0x00, 0x00, 0x00, 0x00, 0x00, 0x00, 0x00,
    0x00, 0x00, 0x00, 0x00, 0x00, 0x00, 0x00, 0x00, 0x00, 0x00, 0x00, 0x00, 0x00, 0x00, 0x00, 0x00,
    0x00, 0x00, 0x00, 0x00, 0x00, 0x00, 0x00, 0x00, 0x00, 0x00, 0x00, 0x00, 0x00, 0x00, 0x00, 0x00,
    0x00, 0x00, 0x00, 0x00, 0x00, 0x00, 0x00, 0x00, 0x00, 0x00, 0x00, 0x00, 0x00, 0x00, 0x00, 0x00,
    0x00, 0x00, 0x00, 0x00, 0x00, 0x00, 0x00, 0x00, 0x00, 0x00, 0x00, 0x00, 0x00, 0x00, 0x00, 0x00,
    0x00, 0x00, 0x00, 0x00, 0x00, 0x00, 0x00, 0x00, 0x00, 0x00, 0x00, 0x00, 0x00, 0x00, 0x00, 0x00,
    0x00, 0x00, 0x00, 0x00, 0x00, 0x00, 0x00, 0x00, 0x00, 0x00, 0x00, 0x00, 0x00, 0x00, 0x00, 0x00,
    0x00, 0x00, 0x00, 0x00, 0x00, 0x00, 0x00, 0x00, 0x00, 0x00, 0x00, 0x00, 0x00, 0x00, 0x00, 0x00,
    0x00, 0x00, 0x00, 0x00, 0x00, 0x00, 0x00, 0x00, 0x00, 0x00, 0x00, 0x00, 0x00, 0x00, 0x00, 0x00,
    0x00, 0x00, 0x00, 0x00, 0x00, 0x00, 0x00, 0x00, 0x00, 0x00, 0x00, 0x00, 0x00, 0x00, 0x00, 0x00,
    0x00, 0x00, 0x00, 0x00, 0x00, 0x00, 0x00, 0x00, 0x00, 0x00, 0x00, 0x00, 0x00, 0x00, 0x00, 0x00,
    0x00, 0x00, 0x00, 0x00, 0x00, 0x00, 0x00, 0x00, 0x00, 0x00, 0x00, 0x00, 0x00, 0x00, 0x00, 0x00,
    0x00, 0x00, 0x00, 0x00, 0x00, 0x00, 0x00, 0x00, 0x00, 0x00, 0x00, 0x00, 0x00, 0x00, 0x00, 0x00,
    0x00, 0x00, 0x00, 0x00, 0x00, 0x00, 0x00, 0x00, 0x00, 0x00, 0x00, 0x00, 0x00, 0x00, 0x00, 0x00,
    0x00, 0x00, 0x00, 0x00, 0x00, 0x00, 0x00, 0x00, 0x00, 0x00, 0x00, 0x00, 0x00, 0x00, 0x00, 0x00,
    0x00, 0x00, 0x00, 0x00, 0x00, 0x00, 0x00, 0x00, 0x00, 0x00, 0x00, 0x00, 0x00, 0x00, 0x00, 0x00,
    0x00, 0x00, 0x00, 0x00, 0x00, 0x00, 0x00, 0x00, 0x00, 0x00, 0x00, 0x00, 0x00, 0x00, 0x00, 0x00,
    0x00, 0x00, 0x00, 0x00, 0x00, 0x00, 0x00, 0x00, 0x00, 0x00, 0x00, 0x00, 0x00, 0x00, 0x00, 0x00,
    0x00, 0x00, 0x00, 0x00, 0x00, 0x00, 0x00, 0x00, 0x00, 0x00, 0x00, 0x00, 0x00, 0x00, 0x00, 0x00,
    0x00, 0x00, 0x00, 0x00, 0x00, 0x00, 0x00, 0x00, 0x00, 0x00, 0x00, 0x00, 0x00, 0x00, 0x00, 0x00,
    0x00, 0x00, 0x00, 0x00, 0x00, 0x00, 0x00, 0x00, 0x00, 0x00, 0x00, 0x00, 0x00, 0x00, 0x00, 0x00,
    0x00, 0x00, 0x00, 0x00, 0x00, 0x00, 0x00, 0x00, 0x00, 0x00, 0x00, 0x00, 0x00, 0x00, 0x00, 0x00,
    0x00, 0x00, 0x00, 0x00, 0x00, 0x00, 0x00, 0x00, 0x00, 0x00, 0x00, 0x00, 0x00, 0x00, 0x00, 0x00,
    0x00, 0x00, 0x00, 0x00, 0x00, 0x00, 0x00, 0x00, 0x00, 0x00, 0x00, 0x00, 0x00, 0x00, 0x00, 0x00,
    0x00, 0x00, 0x00, 0x00, 0x00, 0x00, 0x00, 0x00, 0x00, 0x00, 0x00, 0x00, 0x00, 0x00, 0x00, 0x00,
    0x00, 0x00, 0x00, 0x00, 0x00, 0x00, 0x00, 0x00, 0x00, 0x00, 0x00, 0x00, 0x00, 0x00, 0x00, 0x00,
    0x00, 0x00, 0x00, 0x00, 0x00, 0x00, 0x00, 0x00, 0x00, 0x00, 0x00, 0x00, 0x00, 0x00, 0x00, 0x00,
    0x00, 0x00, 0x00, 0x00, 0x00, 0x00, 0x00, 0x00, 0x00, 0x00, 0x00, 0x00, 0x00, 0x00, 0x00, 0x00,
    0x00, 0x00, 0x00, 0x00, 0x00, 0x00, 0x00, 0x00, 0x00, 0x00, 0x00, 0x00, 0x00, 0x00, 0x00, 0x00,
    0x00, 0x00, 0x00, 0x00, 0x00, 0x00, 0x00, 0x00, 0x00, 0x00, 0x00, 0x00, 0x00, 0x00, 0x00, 0x00,
    0x00, 0x00, 0x00, 0x00, 0x00, 0x00, 0x00, 0x00, 0x00, 0x00, 0x00, 0x00, 0x00, 0x00, 0x00, 0x00,
    0x00, 0x00, 0x00, 0x00, 0x00, 0x00, 0x00, 0x00, 0x00, 0x00, 0x00, 0x00, 0x00, 0x00, 0x00, 0x00,
    0x00, 0x00, 0x00, 0x00, 0x00, 0x00, 0x00, 0x00, 0x00, 0x00, 0x00, 0x00, 0x00, 0x00, 0x00, 0x00,
    0x00, 0x00, 0x00, 0x00, 0x00, 0x00, 0x00, 0x00, 0x00, 0x00, 0x00, 0x00, 0x00, 0x00, 0x00, 0x00,
    0x00, 0x00, 0x00, 0x00, 0x00, 0x00, 0x00, 0x00, 0x00, 0x00, 0x00, 0x00, 0x00, 0x00, 0x00, 0x00,
    0x00, 0x00, 0x00, 0x00, 0x00, 0x00, 0x00, 0x00, 0x00, 0x00, 0x00, 0x00, 0x00, 0x00, 0x00, 0x00,
    0x00, 0x00, 0x00, 0x00, 0x00, 0x00, 0x00, 0x00, 0x00, 0x00, 0x00, 0x00, 0x00, 0x00, 0x00, 0x00,
    0x00, 0x00, 0x00, 0x00, 0x00, 0x00, 0x00, 0x00, 0x00, 0x00, 0x00, 0x00, 0x00, 0x00, 0x00, 0x00,
    0x00, 0x00, 0x00, 0x00, 0x00, 0x00, 0x00, 0x00, 0x00, 0x00, 0x00, 0x00, 0x00, 0x00, 0x00, 0x00,
    0x00, 0x00, 0x00, 0x00, 0x00, 0x00, 0x00, 0x00, 0x00, 0x00, 0x00, 0x00, 0x00, 0x00, 0x00, 0x00,
    0x00, 0x00, 0x00, 0x00, 0x00, 0x00, 0x00, 0x00, 0x00, 0x00, 0x00, 0x00, 0x00, 0x00, 0x00, 0x00,
    0x00, 0x00, 0x00, 0x00, 0x00, 0x00, 0x00, 0x00, 0x00, 0x00, 0x00, 0x00, 0x00, 0x00, 0x00, 0x00,
    0x00, 0x00, 0x00, 0x00, 0x00, 0x00, 0x00, 0x00, 0x00, 0x00, 0x00, 0x00, 0x00, 0x00, 0x00, 0x00,
    0x00, 0x00, 0x00, 0x00, 0x00, 0x00, 0x00, 0x00, 0x00, 0x00, 0x00, 0x00, 0x00, 0x00, 0x00, 0x00,
    0x00, 0x00, 0x00, 0x00, 0x00, 0x00, 0x00, 0x00, 0x00, 0x00, 0x00, 0x00, 0x00, 0x00, 0x00, 0x00,
    0x00, 0x00, 0x00, 0x00, 0x00, 0x00, 0x00, 0x00, 0x00, 0x00, 0x00, 0x00, 0x00, 0x00, 0x00, 0x00,
    0x00, 0x00, 0x00, 0x00, 0x00, 0x00, 0x00, 0x00, 0x00, 0x00, 0x00, 0x00, 0x00, 0x00, 0x00, 0x00,
    0x00, 0x00, 0x00, 0x00, 0x00, 0x00, 0x00, 0x00, 0x00, 0x00, 0x00, 0x00, 0x00, 0x00, 0x00, 0x00,
    0x00, 0x00, 0x00, 0x00, 0x00, 0x00, 0x00, 0x00, 0x00, 0x00, 0x00, 0x00, 0x00, 0x00, 0x00, 0x00,
    0x00, 0x00, 0x00, 0x00, 0x00, 0x00, 0x00, 0x00, 0x00, 0x00, 0x00, 0x00, 0x00, 0x00, 0x00, 0x00,
    0x00, 0x00, 0x00, 0x00, 0x00, 0x00, 0x00, 0x00, 0x00, 0x00, 0x00, 0x00, 0x00, 0x00, 0x00, 0x00,
    0x00, 0x00, 0x00, 0x00, 0x00, 0x00, 0x00, 0x00, 0x00, 0x00, 0x00, 0x00, 0x00, 0x00, 0x00, 0x00,
    0x00, 0x00, 0x00, 0x00, 0x00, 0x00, 0x00, 0x00, 0x00, 0x00, 0x00, 0x00, 0x00, 0x00, 0x00, 0x00,
    0x00, 0x00, 0x00, 0x00, 0x00, 0x00, 0x00, 0x00, 0x00, 0x00, 0x00, 0x00, 0x00, 0x00, 0x00, 0x00,
    0x00, 0x00, 0x00, 0x00, 0x00, 0x00, 0x00, 0x00, 0x00, 0x00, 0x00, 0x00, 0x00, 0x00, 0x00, 0x00,
    0x00, 0x00, 0x00, 0x00, 0x00, 0x00, 0x00, 0x00, 0x00, 0x00, 0x00, 0x00, 0x00, 0x00, 0x00, 0x00,
    0x00, 0x00, 0x00, 0x00, 0x00, 0x00, 0x00, 0x00, 0x00, 0x00, 0x00, 0x00, 0x00, 0x00, 0x00, 0x00,
    0x00, 0x00, 0x00, 0x00, 0x00, 0x00, 0x00, 0x00, 0x00, 0x00, 0x00, 0x00, 0x00, 0x00, 0x00, 0x00,
    0x00, 0x00, 0x00, 0x00, 0x00, 0x00, 0x00, 0x00, 0x00, 0x00, 0x00, 0x00, 0x00, 0x00, 0x00, 0x00,
    0x00, 0x00, 0x00, 0x00, 0x00, 0x00, 0x00, 0x00, 0x00, 0x00, 0x00, 0x00, 0x00, 0x00, 0x00, 0x00,
    0x00, 0x00, 0x00, 0x00, 0x00, 0x00, 0x00, 0x00, 0x00, 0x00, 0x00, 0x00, 0x00, 0x00, 0x00, 0x00,
    0x00, 0x00, 0x00, 0x00, 0x00, 0x00, 0x00, 0x00, 0x00, 0x00, 0x00, 0x00, 0x00, 0x00, 0x00, 0x00,
    0x00, 0x00, 0x00, 0x00, 0x00, 0x00, 0x00, 0x00, 0x00, 0x00, 0x00, 0x00, 0x00, 0x00, 0x00, 0x00,
    0x00, 0x00, 0x00, 0x00, 0x00, 0x00, 0x00, 0x00, 0x00, 0x00, 0x00, 0x00, 0x00, 0x00, 0x00, 0x00,
    0x00, 0x00, 0x00, 0x00, 0x00, 0x00, 0x00, 0x00, 0x00, 0x00, 0x00, 0x00, 0x00, 0x00, 0x00, 0x00,
    0x00, 0x00, 0x00, 0x00, 0x00, 0x00, 0x00, 0x00, 0x00, 0x00, 0x00, 0x00, 0x00, 0x00, 0x00, 0x00,
    0x00, 0x00, 0x00, 0x00, 0x00, 0x00, 0x00, 0x00, 0x00, 0x00, 0x00, 0x00, 0x00, 0x00, 0x00, 0x00,
    0x00, 0x00, 0x00, 0x00, 0x00, 0x00, 0x00, 0x00, 0x00, 0x00, 0x00, 0x00, 0x00, 0x00, 0x00, 0x00,
    0x00, 0x00, 0x00, 0x00, 0x00, 0x00, 0x00, 0x00, 0x00, 0x00, 0x00, 0x00, 0x00, 0x00, 0x00, 0x00,
    0x00, 0x00, 0x00, 0x00, 0x00, 0x00, 0x00, 0x00, 0x00, 0x00, 0x00, 0x00, 0x00, 0x00, 0x00, 0x00,
    0x00, 0x00, 0x00, 0x00, 0x00, 0x00, 0x00, 0x00, 0x00, 0x00, 0x00, 0x00, 0x00, 0x00, 0x00, 0x00,
    0x00, 0x00, 0x00, 0x00, 0x00, 0x00, 0x00, 0x00, 0x00, 0x00, 0x00, 0x00, 0x00, 0x00, 0x00, 0x00,
    0x00, 0x00, 0x00, 0x00, 0x00, 0x00, 0x00, 0x00, 0x00, 0x00, 0x00, 0x00, 0x00, 0x00, 0x00, 0x00,
    0x00, 0x00, 0x00, 0x00, 0x00, 0x00, 0x00, 0x00, 0x00, 0x00, 0x00, 0x00, 0x00, 0x00, 0x00, 0x00,
    0x00, 0x00, 0x00, 0x00, 0x00, 0x00, 0x00, 0x00, 0x00, 0x00, 0x00, 0x00, 0x00, 0x00, 0x00, 0x00,
    0x00, 0x00, 0x00, 0x00, 0x00, 0x00, 0x00, 0x00, 0x00, 0x00, 0x00, 0x00, 0x00, 0x00, 0x00, 0x00,
    0x00, 0x00, 0x00, 0x00, 0x00, 0x00, 0x00, 0x00, 0x00, 0x00, 0x00, 0x00, 0x00, 0x00, 0x00, 0x00,
    0x00, 0x00, 0x00, 0x00, 0x00, 0x00, 0x00, 0x00, 0x00, 0x00, 0x00, 0x00, 0x00, 0x00, 0x00, 0x00,
    0x00, 0x00, 0x00, 0x00, 0x00, 0x00, 0x00, 0x00, 0x00, 0x00, 0x00, 0x00, 0x00, 0x00, 0x00, 0x00,
    0x00, 0x00, 0x00, 0x00, 0x00, 0x00, 0x00, 0x00, 0x00, 0x00, 0x00, 0x00, 0x00, 0x00, 0x00, 0x00,
    0x00, 0x00, 0x00, 0x00, 0x00, 0x00, 0x00, 0x00, 0x00, 0x00, 0x00, 0x00, 0x00, 0x00, 0x00, 0x00,
    0x00, 0x00, 0x00, 0x00, 0x00, 0x00, 0x00, 0x00, 0x00, 0x00, 0x00, 0x00, 0x00, 0x00, 0x00, 0x00,
    0x00, 0x00, 0x00, 0x00, 0x00, 0x00, 0x00, 0x00, 0x00, 0x00, 0x00, 0x00, 0x00, 0x00, 0x00, 0x00,
    0x00, 0x00, 0x00, 0x00, 0x00, 0x00, 0x00, 0x00, 0x00, 0x00, 0x00, 0x00, 0x00, 0x00, 0x00, 0x00,
    0x00, 0x00, 0x00, 0x00, 0x00, 0x00, 0x00, 0x00, 0x00, 0x00, 0x00, 0x00, 0x00, 0x00, 0x00, 0x00,
    0x00, 0x00, 0x00, 0x00, 0x00, 0x00, 0x00, 0x00, 0x00, 0x00, 0x00, 0x00, 0x00, 0x00, 0x00, 0x00,
    0x00, 0x00, 0x00, 0x00, 0x00, 0x00, 0x00, 0x00, 0x00, 0x00, 0x00, 0x00, 0x00, 0x00, 0x00, 0x00,
    0x00, 0x00, 0x00, 0x00, 0x00, 0x00, 0x00, 0x00, 0x00, 0x00, 0x00, 0x00, 0x00, 0x00, 0x00, 0x00,
    0x00, 0x00, 0x00, 0x00, 0x00, 0x00, 0x00, 0x00, 0x00, 0x00, 0x00, 0x00, 0x00, 0x00, 0x00, 0x00,
    0x00, 0x00, 0x00, 0x00, 0x00, 0x00, 0x00, 0x00, 0x00, 0x00, 0x00, 0x00, 0x00, 0x00, 0x00, 0x00,
    0x00, 0x00, 0x00, 0x00, 0x00, 0x00, 0x00, 0x00, 0x00, 0x00, 0x00, 0x00, 0x00, 0x00, 0x00, 0x00,
    0x00, 0x00, 0x00, 0x00, 0x00, 0x00, 0x00, 0x00, 0x00, 0x00, 0x00, 0x00, 0x00, 0x00, 0x00, 0x00,
    0x00, 0x00, 0x00, 0x00, 0x00, 0x00, 0x00, 0x00, 0x00, 0x00, 0x00, 0x00, 0x00, 0x00, 0x00, 0x00,
    0x00, 0x00, 0x00, 0x00, 0x00, 0x00, 0x00, 0x00, 0x00, 0x00, 0x00, 0x00, 0x00, 0x00, 0x00, 0x00,
    0x00, 0x00, 0x00, 0x00, 0x00, 0x00, 0x00, 0x00, 0x00, 0x00, 0x00, 0x00, 0x00, 0x00, 0x00, 0x00,
    0x00, 0x00, 0x00, 0x00, 0x00, 0x00, 0x00, 0x00, 0x00, 0x00, 0x00, 0x00, 0x00, 0x00, 0x00, 0x00,
    0x00, 0x00, 0x00, 0x00, 0x00, 0x00, 0x00, 0x00, 0x00, 0x00, 0x00, 0x00, 0x00, 0x00, 0x00, 0x00,
    0x00, 0x00, 0x00, 0x00, 0x00, 0x00, 0x00, 0x00, 0x00, 0x00, 0x00, 0x00, 0x00, 0x00, 0x00, 0x00,
    0x00, 0x00, 0x00, 0x00, 0x00, 0x00, 0x00, 0x00, 0x00, 0x00, 0x00, 0x00, 0x00, 0x00, 0x00, 0x00,
    0x00, 0x00, 0x00, 0x00, 0x00, 0x00, 0x00, 0x00, 0x00, 0x00, 0x00, 0x00, 0x00, 0x00, 0x00, 0x00,
    0x00, 0x00, 0x00, 0x00, 0x00, 0x00, 0x00, 0x00, 0x00, 0x00, 0x00, 0x00, 0x00, 0x00, 0x00, 0x00,
    0x00, 0x00, 0x00, 0x00, 0x80, 0x02, 0x00, 0x00, 0x68, 0xc2, 0x9b, 0x39, 0xfa, 0x2a, 0xa8, 0x39,
    0x50, 0x45, 0xc2, 0x39, 0x8e, 0x85, 0x02, 0x3a, 0x05, 0x70, 0xe5, 0x39, 0x36, 0x75, 0x89, 0x38,
    0x6e, 0x07, 0x6d, 0x38, 0x10, 0x08, 0xa1, 0x38, 0xd7, 0xff, 0x8b, 0x38, 0x37, 0x7d, 0x92, 0x38,
    0xbe, 0xa1, 0x0f, 0x39, 0x0f, 0x45, 0xd0, 0x38, 0x14, 0x58, 0xbe, 0x38, 0x95, 0xcb, 0xad, 0x38,
    0xc6, 0x08, 0x5c, 0x38, 0x59, 0xdb, 0x5f, 0x38, 0x6c, 0xbd, 0x9a, 0x38, 0x5f, 0xeb, 0xaa, 0x38,
    0x36, 0x3d, 0x77, 0x38, 0x47, 0xdf, 0xcf, 0x38, 0xdb, 0x93, 0xf8, 0x38, 0x3e, 0xc8, 0x96, 0x38,
    0x9d, 0x72, 0xd3, 0x38, 0x2a, 0xcd, 0xe7, 0x38, 0xb6, 0x5d, 0x87, 0x38, 0x67, 0x01, 0xf4, 0x38,
    0x40, 0x23, 0x08, 0x39, 0x64, 0x81, 0x01, 0x39, 0xab, 0xf4, 0xcf, 0x38, 0x33, 0xe9, 0xdd, 0x38,
    0xd2, 0xd5, 0xd7, 0x38, 0x5f, 0xcd, 0xce, 0x38, 0x15, 0x35, 0x97, 0x38, 0x84, 0x66, 0xb5, 0x38,
    0x05, 0xa1, 0x01, 0x39, 0x49, 0x33, 0x27, 0x39, 0x1c, 0x31, 0xfa, 0x38, 0x11, 0x61, 0xb7, 0x38,
    0xff, 0xe4, 0x8d, 0x38, 0x06, 0x14, 0xa0, 0x38, 0xfa, 0x68, 0xae, 0x38, 0xd0, 0xf3, 0xac, 0x38,
    0xa9, 0xb8, 0x91, 0x38, 0xec, 0x33, 0x97, 0x38, 0xcf, 0x5a, 0xa2, 0x38, 0x7f, 0xa7, 0xac, 0x38,
    0x3f, 0x61, 0x93, 0x38, 0x20, 0x29, 0xd6, 0x38, 0x0d, 0xb9, 0xfd, 0x38, 0xed, 0x6e, 0x1d, 0x39,
    0x23, 0xff, 0x1b, 0x39, 0xc9, 0x3c, 0xea, 0x38, 0x2e, 0x3a, 0xd2, 0x38, 0x4b, 0xf9, 0xf6, 0x38,
    0xff, 0x88, 0x02, 0x39, 0xac, 0x2c, 0xba, 0x38, 0x30, 0xf2, 0xbe, 0x38, 0x08, 0x5f, 0xd6, 0x38,
    0x49, 0x38, 0x79, 0x38, 0x87, 0xcc, 0x83, 0x38, 0xb9, 0xc8, 0x88, 0x38, 0x1f, 0x72, 0x8b, 0x38,
    0x8d, 0x6b, 0xd3, 0x38, 0xed, 0x1c, 0x1c, 0x39, 0xb9, 0x53, 0x20, 0x39, 0x59, 0xd0, 0x2a, 0x39,
    0x45, 0x8f, 0x11, 0x39, 0xbe, 0x0b, 0x38, 0x39, 0xb5, 0x1d, 0x1f, 0x39, 0x63, 0x9b, 0x2d, 0x39,
    0xc8, 0xfd, 0xeb, 0x38, 0x87, 0x57, 0x2c, 0x39, 0x31, 0x32, 0xc1, 0x38, 0x6e, 0xf9, 0xc4, 0x38,
    0x81, 0xb1, 0xbb, 0x38, 0xc2, 0x9b, 0xb8, 0x38, 0xda, 0x59, 0xc2, 0x38, 0xac, 0x1a, 0x48, 0x39,
    0x5c, 0xee, 0x27, 0x39, 0x3c, 0xf6, 0x04, 0x39, 0x16, 0x18, 0xd6, 0x38, 0x84, 0x39, 0x06, 0x39,
    0x41, 0x5b, 0x6b, 0x39, 0xa0, 0x8a, 0xfc, 0x38, 0xfa, 0x58, 0xe9, 0x38, 0xdb, 0xb7, 0x0a, 0x39,
    0x17, 0xc4, 0x41, 0x39, 0x3c, 0x2e, 0x04, 0x39, 0x0e, 0x3b, 0x24, 0x39, 0xd1, 0xd7, 0x5f, 0x39,
    0x2b, 0xc5, 0x5e, 0x39, 0xa9, 0x53, 0x05, 0x39, 0x7d, 0x83, 0x36, 0x39, 0x64, 0x9a, 0x6a, 0x39,
    0x78, 0xb7, 0x88, 0x39, 0x1c, 0x25, 0xa6, 0x39, 0xd1, 0x1b, 0xa2, 0x39, 0xcf, 0x53, 0x93, 0x39,
    0x8e, 0xa0, 0x7f, 0x39, 0x8e, 0x8b, 0x56, 0x39, 0xf2, 0x0a, 0x4b, 0x39, 0x0c, 0xf4, 0x83, 0x39,
    0xe6, 0xd2, 0x69, 0x39, 0x6a, 0x1c, 0x74, 0x39, 0x46, 0x69, 0x7b, 0x39, 0xfc, 0x19, 0x65, 0x39,
    0xf4, 0xff, 0x9f, 0x39, 0xe7, 0xcc, 0x98, 0x39, 0xcd, 0xce, 0x87, 0x39, 0x71, 0xd9, 0x9f, 0x39,
    0x24, 0x65, 0x7b, 0x39, 0x56, 0x12, 0x50, 0x39, 0x77, 0x5b, 0x69, 0x39, 0xdf, 0x3e, 0x8e, 0x39,
    0x78, 0x07, 0x5d, 0x39, 0x8a, 0xe5, 0x17, 0x39, 0x86, 0x32, 0x3e, 0x39, 0x28, 0x1d, 0xa3, 0x39,
    0x89, 0x84, 0xc9, 0x39, 0x02, 0x40, 0xd6, 0x39, 0xcb, 0x81, 0xf4, 0x39, 0x14, 0xd0, 0xc9, 0x39,
    0x5e, 0xd8, 0x9f, 0x39, 0xc2, 0x75, 0x8a, 0x39, 0x9b, 0x79, 0xa1, 0x39, 0xb2, 0x22, 0xdc, 0x39,
    0xc9, 0xe8, 0xb8, 0x39, 0xb3, 0x20, 0xbf, 0x39, 0xf2, 0xf9, 0xa6, 0x39, 0xff, 0xb2, 0xb6, 0x39,
    0x45, 0xb1, 0xb6, 0x39, 0x96, 0x6c, 0x0c, 0x3a, 0x5b, 0x7f, 0x1d, 0x3a, 0xde, 0x16, 0xab, 0x38,
    0x34, 0xef, 0x7f, 0x38, 0x9f, 0x2c, 0xc4, 0x38, 0xe5, 0x1a, 0xc2, 0x38, 0x97, 0x8c, 0x9e, 0x38,
    0x1a, 0x90, 0x11, 0x39, 0xb2, 0x2b, 0xd2, 0x38, 0xed, 0x8e, 0xc0, 0x38, 0x52, 0x4b, 0xb7, 0x38,
    0xbc, 0xa2, 0x66, 0x38, 0xa3, 0x57, 0x6e, 0x38, 0xf7, 0x19, 0xa1, 0x38, 0x58, 0xaf, 0xac, 0x38,
    0xad, 0x07, 0x88, 0x38, 0x79, 0xab, 0xf8, 0x38, 0x8b, 0x03, 0x0f, 0x39, 0xb4, 0x49, 0xb9, 0x38,
    0xba, 0x87, 0xf0, 0x38, 0x0b, 0x62, 0x01, 0x39, 0xd4, 0x0b, 0x90, 0x38, 0x09, 0x2a, 0xfd, 0x38,
    0xa6, 0x08, 0x0c, 0x39, 0x28, 0x8d, 0x05, 0x39, 0x7c, 0xd4, 0xbe, 0x38, 0x47, 0x32, 0xc8, 0x38,
    0xa2, 0x61, 0xd8, 0x38, 0xd7, 0xa4, 0xb4, 0x38, 0xdc, 0x5f, 0x6d, 0x38, 0x6f, 0x93, 0xbd, 0x38,
    0xd2, 0x45, 0x04, 0x39, 0xfe, 0x47, 0x22, 0x39, 0x62, 0x79, 0xfd, 0x38, 0x0b, 0xa8, 0xb8, 0x38,
    0x36, 0x19, 0x70, 0x38, 0xd2, 0x0f, 0x89, 0x38, 0x6e, 0x1c, 0x99, 0x38, 0xa0, 0x46, 0xa7, 0x38,
    0x15, 0xa7, 0x95, 0x38, 0x44, 0xfb, 0xaf, 0x38, 0x05, 0xbb, 0x83, 0x38, 0xd2, 0x74, 0x5b, 0x38,
    0x8f, 0xfc, 0x93, 0x38, 0x94, 0x6e, 0xad, 0x38, 0x6d, 0x55, 0xf1, 0x38, 0xed, 0xe3, 0x16, 0x39,
    0xc5, 0xd8, 0x1b, 0x39, 0x79, 0xff, 0x29, 0x39, 0xa2, 0x42, 0x38, 0x39, 0x06, 0x2f, 0x0d, 0x39,
    0x6f, 0x81, 0x1a, 0x39, 0x65, 0xaf, 0xd3, 0x38, 0x0c, 0x42, 0xce, 0x38, 0xfb, 0x73, 0xcf, 0x38,
    0xb5, 0x23, 0xbb, 0x38, 0x6e, 0xb3, 0xb0, 0x38, 0x74, 0x41, 0xc3, 0x38, 0xb0, 0xd9, 0xa0, 0x38,
    0x14, 0x48, 0xc8, 0x38, 0x77, 0x14, 0x13, 0x39, 0x89, 0xa8, 0x2f, 0x39, 0xa0, 0xa7, 0x0e, 0x39,
    0xc2, 0x7a, 0x14, 0x39, 0x8c, 0xb9, 0x32, 0x39, 0xec, 0x5f, 0x1f, 0x39, 0x9e, 0x33, 0x26, 0x39,
    0x12, 0xe0, 0xf5, 0x38, 0xdd, 0x86, 0x1d, 0x39, 0xe2, 0x2f, 0xfe, 0x38, 0x73, 0xd6, 0xc9, 0x38,
    0x5a, 0x49, 0xcd, 0x38, 0xc1, 0xb9, 0xbc, 0x38, 0x68, 0x64, 0xd6, 0x38, 0x8a, 0x50, 0x11, 0x39,
    0xaa, 0xb0, 0x14, 0x39, 0xaa, 0x2f, 0x05, 0x39, 0x8e, 0xe6, 0xbe, 0x38, 0xd1, 0xc5, 0xf5, 0x38,
    0xea, 0x84, 0x25, 0x39, 0xc6, 0xe7, 0x10, 0x39, 0xbc, 0xe9, 0xf0, 0x38, 0x55, 0x62, 0x04, 0x39,
    0x24, 0x26, 0x5c, 0x39, 0xf5, 0xe9, 0x17, 0x39, 0x28, 0x33, 0x2d, 0x39, 0xf6, 0x37, 0x45, 0x39,
    0xcc, 0xac, 0x20, 0x39, 0xc7, 0x58, 0xfd, 0x38, 0x3c, 0xc3, 0x08, 0x39, 0x7c, 0x15, 0x4c, 0x39,
    0x88, 0x62, 0x7f, 0x39, 0xf1, 0xa1, 0x9e, 0x39, 0xd6, 0x7d, 0x84, 0x39, 0x59, 0x0f, 0x45, 0x39,
    0x2d, 0xc1, 0x72, 0x39, 0xe8, 0xee, 0xa2, 0x39, 0x3d, 0xe5, 0x6c, 0x39, 0x0e, 0x43, 0x91, 0x39,
    0x3a, 0x63, 0x73, 0x39, 0xee, 0x42, 0x81, 0x39, 0x02, 0x2c, 0x70, 0x39, 0x9d, 0xc2, 0x72, 0x39,
    0x1c, 0xbb, 0x89, 0x39, 0xfa, 0x78, 0x81, 0x39, 0x44, 0x6c, 0x3c, 0x39, 0x54, 0x91, 0x7d, 0x39,
    0x5a, 0x79, 0x62, 0x39, 0x95, 0x16, 0x37, 0x39, 0x63, 0x78, 0x21, 0x39, 0xb5, 0x5f, 0x61, 0x39,
    0x33, 0x01, 0x42, 0x39, 0x7e, 0xf6, 0x50, 0x39, 0x8d, 0x0c, 0x60, 0x39, 0x97, 0x08, 0x5d, 0x39,
    0x8e, 0x2b, 0x96, 0x39, 0xc5, 0x1e, 0xaa, 0x39, 0xb8, 0x60, 0xa1, 0x39, 0x63, 0x64, 0xa3, 0x39,
    0xae, 0x1b, 0x9a, 0x39, 0x04, 0xeb, 0x90, 0x39, 0x3e, 0x0c, 0xa0, 0x39, 0xba, 0x37, 0xad, 0x39,
    0x0e, 0xce, 0x87, 0x39, 0x84, 0x28, 0x8c, 0x39, 0x4d, 0x08, 0xa8, 0x39, 0xc1, 0x02, 0xb4, 0x39,
    0xb2, 0x02, 0xe7, 0x39, 0x50, 0xe3, 0xdc, 0x39, 0xc9, 0x95, 0x9a, 0x39, 0x79, 0x1e, 0x40, 0x38,
    0x99, 0x60, 0x83, 0x38, 0xe8, 0x03, 0xbd, 0x38, 0x90, 0xa4, 0xb3, 0x38, 0xd2, 0xf3, 0xa1, 0x38,
    0x76, 0x14, 0x0e, 0x39, 0xef, 0x91, 0xd9, 0x38, 0x16, 0x18, 0xc3, 0x38, 0xdb, 0xe9, 0xb0, 0x38,
    0x91, 0x08, 0x50, 0x38, 0xfd, 0x7d, 0x73, 0x38, 0x79, 0x4e, 0x99, 0x38, 0x0b, 0x0c, 0xa7, 0x38,
    0x51, 0x27, 0x8c, 0x38, 0xd2, 0x43, 0xf0, 0x38, 0x9e, 0x8b, 0x0f, 0x39, 0xde, 0x3a, 0xd6, 0x38,
    0x28, 0xe5, 0xe2, 0x38, 0x12, 0xdc, 0xe6, 0x38, 0x78, 0x4f, 0x9c, 0x38, 0x9b, 0x3b, 0x02, 0x39,
    0x83, 0xb3, 0x0d, 0x39, 0x7c, 0xdf, 0x08, 0x39, 0x2c, 0xde, 0xc4, 0x38, 0x6f, 0x67, 0xa5, 0x38,
    0x19, 0x88, 0xb7, 0x38, 0x8f, 0x48, 0x8e, 0x38, 0xa9, 0xf0, 0x82, 0x38, 0x05, 0x0f, 0xbb, 0x38,
    0x5e, 0x6f, 0xfc, 0x38, 0x21, 0xac, 0x25, 0x39, 0x34, 0x99, 0x00, 0x39, 0x0b, 0x8c, 0xb7, 0x38,
    0x3a, 0x43, 0x6d, 0x38, 0x98, 0x5b, 0x82, 0x38, 0xfc, 0x31, 0x95, 0x38, 0x2a, 0x19, 0xa5, 0x38,
    0x2a, 0xd5, 0x8f, 0x38, 0x58, 0xdf, 0xb5, 0x38, 0x0a, 0x13, 0x75, 0x38, 0xc4, 0xef, 0x88, 0x38,
    0x68, 0x1a, 0x92, 0x38, 0xab, 0x3c, 0xcd, 0x38, 0xea, 0x86, 0x1d, 0x39, 0x77, 0x07, 0x38, 0x39,
    0xce, 0x2b, 0x39, 0x39, 0xfd, 0x0b, 0xe4, 0x38, 0xa2, 0xe5, 0xb5, 0x38, 0x1a, 0xcf, 0xc6, 0x38,
    0xab, 0x4d, 0xed, 0x38, 0x25, 0x5c, 0xa9, 0x38, 0xfa, 0x16, 0xc1, 0x38, 0x65, 0xe0, 0xd6, 0x38,
    0x40, 0x22, 0xa0, 0x38, 0xe3, 0x49, 0x94, 0x38, 0x02, 0x9e, 0xc3, 0x38, 0xb9, 0x97, 0x90, 0x38,
    0x63, 0xcf, 0xcb, 0x38, 0x27, 0x16, 0x2a, 0x39, 0xcc, 0xfe, 0x4b, 0x39, 0x77, 0x58, 0x2c, 0x39,
    0x06, 0xf5, 0x16, 0x39, 0x55, 0x17, 0x3c, 0x39, 0xe4, 0x19, 0x20, 0x39, 0x74, 0x3c, 0x28, 0x39,
    0xb6, 0x85, 0xf5, 0x38, 0x29, 0x4e, 0x22, 0x39, 0x21, 0xb1, 0xf5, 0x38, 0x6e, 0xc2, 0xc8, 0x38,
    0xc4, 0xe3, 0xc4, 0x38, 0x0c, 0x09, 0xd8, 0x38, 0x72, 0x3b, 0xf0, 0x38, 0xdc, 0x46, 0x0b, 0x39,
    0x5a, 0x77, 0x1d, 0x39, 0x46, 0x4b, 0x1f, 0x39, 0x14, 0x41, 0xd8, 0x38, 0x72, 0x79, 0x08, 0x39,
    0x58, 0xad, 0xe7, 0x38, 0x58, 0x55, 0xfc, 0x38, 0x83, 0x80, 0xf8, 0x38, 0xf2, 0x6e, 0x05, 0x39,
    0x2a, 0x66, 0x39, 0x39, 0x1a, 0xad, 0x10, 0x39, 0xfb, 0x7b, 0x37, 0x39, 0xb9, 0xa2, 0x51, 0x39,
    0xac, 0x39, 0x27, 0x39, 0xe7, 0xdd, 0x08, 0x39, 0xa7, 0x13, 0xf6, 0x38, 0x80, 0x71, 0x28, 0x39,
    0xf7, 0xae, 0x55, 0x39, 0xb6, 0x1b, 0x2f, 0x39, 0x54, 0xc1, 0x27, 0x39, 0x53, 0x43, 0x25, 0x39,
    0x55, 0xf1, 0x71, 0x39, 0x3a, 0x98, 0xd6, 0x39, 0x5c, 0x4c, 0x99, 0x39, 0xd2, 0x9e, 0x51, 0x39,
    0xd6, 0xbb, 0x6d, 0x39, 0x60, 0x49, 0xad, 0x39, 0x84, 0x0c, 0xa6, 0x39, 0x4f, 0x5f, 0xb3, 0x39,
    0x33, 0x88, 0xe2, 0x39, 0xb2, 0x2d, 0xc1, 0x39, 0xd3, 0x5a, 0x69, 0x39, 0x9b, 0x9a, 0x6b, 0x39,
    0x99, 0xea, 0x55, 0x39, 0xdb, 0x6f, 0x30, 0x39, 0x9c, 0xc1, 0x72, 0x39, 0x0f, 0x4b, 0x69, 0x39,
    0x03, 0xcd, 0x70, 0x39, 0x76, 0xae, 0x55, 0x39, 0xf4, 0x9f, 0x64, 0x39, 0xf2, 0xc6, 0x45, 0x39,
    0x99, 0xe8, 0x45, 0x39, 0xb5, 0xda, 0x1f, 0x39, 0xd9, 0x1a, 0x81, 0x39, 0x1d, 0xc1, 0x9a, 0x39,
    0x94, 0xa5, 0x80, 0x39, 0x3c, 0x27, 0x8f, 0x39, 0xfa, 0xe7, 0x77, 0x39, 0xee, 0xaa, 0x6b, 0x39,
    0xd4, 0xed, 0x5b, 0x39, 0xf2, 0xc6, 0x72, 0x39, 0xc2, 0x12, 0xa5, 0x39, 0x8f, 0x08, 0x57, 0x39,
    0x59, 0x6a, 0x76, 0x39, 0xb0, 0x89, 0xf2, 0x39, 0xca, 0x65, 0xeb, 0x39, 0xd2, 0x71, 0x98, 0x38,
    0x97, 0x54, 0x8a, 0x38, 0xe6, 0x14, 0xaa, 0x38, 0xc3, 0x38, 0xaa, 0x38, 0x08, 0x0b, 0x9f, 0x38,
    0x0c, 0xd7, 0x0d, 0x39, 0x95, 0x01, 0xcd, 0x38, 0x65, 0x98, 0xc6, 0x38, 0x9b, 0xe8, 0xb5, 0x38,
    0xe0, 0x3a, 0x5d, 0x38, 0x5a, 0x45, 0x5c, 0x38, 0xa6, 0x98, 0x99, 0x38, 0x74, 0x7e, 0xac, 0x38,
    0xb3, 0x69, 0x79, 0x38, 0x79, 0xb0, 0xde, 0x38, 0xe0, 0x20, 0x02, 0x39, 0xec, 0x1a, 0xbe, 0x38,
    0x9c, 0xed, 0xe2, 0x38, 0x4b, 0x18, 0xf6, 0x38, 0xea, 0x83, 0x93, 0x38, 0x66, 0xae, 0xf6, 0x38,
    0x67, 0x60, 0x0d, 0x39, 0x93, 0x42, 0x0a, 0x39, 0x99, 0xcf, 0xcd, 0x38, 0x64, 0x5e, 0xa8, 0x38,
    0xe2, 0x2c, 0xb3, 0x38, 0xdb, 0x08, 0x94, 0x38, 0x05, 0xef, 0x7c, 0x38, 0x48, 0x79, 0xc4, 0x38,
    0xcd, 0x17, 0x07, 0x39, 0x57, 0xa7, 0x28, 0x39, 0x79, 0x92, 0x06, 0x39, 0xc8, 0x34, 0xc3, 0x38,
    0x8c, 0xe6, 0x55, 0x38, 0xb2, 0xa9, 0x71, 0x38, 0x8a, 0x70, 0x97, 0x38, 0x4d, 0xc6, 0xaf, 0x38,
    0xd0, 0x48, 0x97, 0x38, 0x4f, 0x0a, 0xbf, 0x38, 0x1c, 0x53, 0x86, 0x38, 0x17, 0xe2, 0x9e, 0x38,
    0x4a, 0xa6, 0xb3, 0x38, 0x46, 0x00, 0xc4, 0x38, 0xce, 0x01, 0x10, 0x39, 0x11, 0x21, 0x39, 0x39,
    0x27, 0x6b, 0x39, 0x39, 0xa9, 0xab, 0xec, 0x38, 0x26, 0x59, 0xd5, 0x38, 0xe8, 0x49, 0xbd, 0x38,
    0x8e, 0xa1, 0xc7, 0x38, 0x1d, 0xa7, 0xb9, 0x38, 0x3b, 0x91, 0xaa, 0x38, 0x22, 0x78, 0xca, 0x38,
    0xce, 0xe1, 0x8d, 0x38, 0x67, 0x9c, 0x90, 0x38, 0x63, 0xa4, 0x80, 0x38, 0x9e, 0x2a, 0x91, 0x38,
    0xd2, 0x6d, 0xc3, 0x38, 0xf2, 0x15, 0x14, 0x39, 0xb5, 0x6f, 0x3c, 0x39, 0xab, 0x10, 0x17, 0x39,
    0x6b, 0xdb, 0x0e, 0x39, 0x58, 0xff, 0x3d, 0x39, 0xe4, 0x28, 0x21, 0x39, 0x02, 0xb0, 0x2e, 0x39,
    0x36, 0x91, 0xf2, 0x38, 0xbd, 0xa0, 0x10, 0x39, 0x43, 0x80, 0xe7, 0x38, 0x5d, 0x08, 0xaf, 0x38,
    0x7d, 0x32, 0xa3, 0x38, 0x03, 0xe8, 0xe0, 0x38, 0xf3, 0x57, 0x01, 0x39, 0x91, 0x98, 0xfd, 0x38,
    0xd1, 0x9a, 0x0a, 0x39, 0x6a, 0x57, 0x15, 0x39, 0x59, 0xaa, 0xea, 0x38, 0x25, 0xab, 0x1e, 0x39,
    0xfe, 0x6e, 0xfa, 0x38, 0x7a, 0x2f, 0x06, 0x39, 0xe5, 0xbd, 0xf8, 0x38, 0x53, 0xd6, 0x0c, 0x39,
    0xba, 0x49, 0x32, 0x39, 0x44, 0x1d, 0x21, 0x39, 0xc2, 0xa1, 0x34, 0x39, 0x37, 0xc0, 0x2c, 0x39,
    0x53, 0xda, 0x43, 0x39, 0x98, 0x5e, 0xfb, 0x38, 0x9c, 0x71, 0xd4, 0x38, 0x93, 0x05, 0x21, 0x39,
    0x04, 0xf8, 0x53, 0x39, 0x9a, 0x56, 0x22, 0x39, 0x67, 0x54, 0x30, 0x39, 0xf8, 0x83, 0x05, 0x39,
    0x92, 0x20, 0x41, 0x39, 0x82, 0xb7, 0xbf, 0x39, 0xee, 0x7e, 0x89, 0x39, 0x52, 0xcd, 0x32, 0x39,
    0xbd, 0x14, 0x5f, 0x39, 0x5e, 0xa9, 0x96, 0x39, 0x35, 0x8f, 0x70, 0x39, 0x00, 0x4e, 0xa8, 0x39,
    0x32, 0xfc, 0xb3, 0x39, 0x61, 0x33, 0xb3, 0x39, 0xeb, 0xe2, 0x83, 0x39, 0x99, 0x96, 0x8b, 0x39,
    0x4e, 0xee, 0x50, 0x39, 0x45, 0x89, 0x5c, 0x39, 0x89, 0x85, 0x5c, 0x39, 0xf9, 0x64, 0x80, 0x39,
    0x7c, 0xf1, 0x94, 0x39, 0x49, 0x83, 0x74, 0x39, 0x60, 0xe3, 0x8d, 0x39, 0xc0, 0x0e, 0x94, 0x39,
    0x5e, 0xfa, 0x72, 0x39, 0xa1, 0xc9, 0x15, 0x39, 0xf9, 0x1f, 0x74, 0x39, 0x80, 0x5b, 0x72, 0x39,
    0x11, 0x14, 0xbb, 0x39, 0x8d, 0xf5, 0xb3, 0x39, 0x1b, 0x28, 0xb3, 0x39, 0xbe, 0xc9, 0x9d, 0x39,
    0x1c, 0xe0, 0x64, 0x39, 0x13, 0xb0, 0x77, 0x39, 0xad, 0x2f, 0x9a, 0x39, 0xc0, 0xe3, 0xf2, 0x39,
    0x60, 0xed, 0xfb, 0x39, 0xbf, 0x00, 0x10, 0x3a, 0x36, 0x93, 0x1b, 0x3a, 0x19, 0x27, 0x8d, 0x38,
    0xd5, 0x0c, 0x5c, 0x38, 0x0d, 0xac, 0x91, 0x38, 0x7a, 0xcf, 0x95, 0x38, 0xa0, 0x4e, 0x96, 0x38,
    0x50, 0x4d, 0x10, 0x39, 0x7b, 0xa3, 0xc9, 0x38, 0x1f, 0xe5, 0xbb, 0x38, 0x48, 0x6d, 0xae, 0x38,
    0x16, 0x5c, 0x51, 0x38, 0xf9, 0x12, 0x50, 0x38, 0xdd, 0x3e, 0x95, 0x38, 0x2c, 0xcb, 0xa6, 0x38,
    0x1d, 0xd8, 0x68, 0x38, 0x90, 0xe0, 0xb5, 0x38, 0x5f, 0x06, 0xdf, 0x38, 0x5d, 0xc5, 0x8e, 0x38,
    0x40, 0x5e, 0xcd, 0x38, 0xac, 0xab, 0xeb, 0x38, 0x8e, 0x4b, 0x8c, 0x38, 0x6f, 0x8c, 0xfa, 0x38,
    0xcf, 0x5e, 0x09, 0x39, 0xa7, 0xc5, 0x06, 0x39, 0x13, 0x88, 0xc4, 0x38, 0x83, 0x43, 0x9a, 0x38,
    0xf5, 0x53, 0xa3, 0x38, 0x8a, 0x3b, 0xa0, 0x38, 0x33, 0xc7, 0x90, 0x38, 0x13, 0x81, 0xb2, 0x38,
    0x77, 0x52, 0x02, 0x39, 0xfb, 0xb5, 0x2b, 0x39, 0x65, 0x24, 0x07, 0x39, 0x1f, 0x39, 0xc4, 0x38,
    0x80, 0x19, 0x57, 0x38, 0x41, 0xdd, 0x6f, 0x38, 0xef, 0x19, 0x95, 0x38, 0xfc, 0xdc, 0xa8, 0x38,
    0x4c, 0x79, 0x89, 0x38, 0xfa, 0x9a, 0xa2, 0x38, 0x3e, 0x59, 0x82, 0x38, 0x0a, 0x2d, 0xad, 0x38,
    0x05, 0x70, 0x05, 0x39, 0x89, 0x52, 0x35, 0x39, 0x63, 0x0f, 0x5f, 0x39, 0x69, 0x5b, 0x69, 0x39,
    0x65, 0x20, 0x46, 0x39, 0xe5, 0x27, 0x0b, 0x39, 0xc3, 0x4f, 0xe6, 0x38, 0xb1, 0x2e, 0x0e, 0x39,
    0xfd, 0x7b, 0xc3, 0x38, 0x2a, 0xad, 0xa6, 0x38, 0x5c, 0xf6, 0xbe, 0x38, 0xe1, 0xbe, 0xb2, 0x38,
    0xfd, 0x4c, 0xb3, 0x38, 0x8e, 0x18, 0xd8, 0x38, 0x2d, 0xc1, 0xaf, 0x38, 0x74, 0xa0, 0xb0, 0x38,
    0xa4, 0xd0, 0xc2, 0x38, 0xe8, 0x2b, 0x20, 0x39, 0x77, 0x7e, 0x40, 0x39, 0x82, 0x66, 0x1b, 0x39,
    0x5b, 0xae, 0x11, 0x39, 0xb3, 0x71, 0x33, 0x39, 0xad, 0xef, 0x1d, 0x39, 0xa3, 0xa6, 0x22, 0x39,
    0x2d, 0x29, 0x09, 0x39, 0x93, 0x65, 0x33, 0x39, 0xb5, 0xf2, 0x2d, 0x39, 0x7a, 0x57, 0xd3, 0x38,
    0xd0, 0xc2, 0xd0, 0x38, 0xb0, 0xc8, 0xc9, 0x38, 0x79, 0x7d, 0xe6, 0x38, 0x71, 0xda, 0x01, 0x39,
    0x03, 0xc4, 0xfb, 0x38, 0x65, 0x5d, 0x08, 0x39, 0x3c, 0xb8, 0xfd, 0x38, 0x29, 0x94, 0x01, 0x39,
    0x5d, 0xd2, 0x0a, 0x39, 0x2e, 0x2e, 0x23, 0x39, 0x9c, 0x90, 0xef, 0x38, 0xb8, 0x97, 0x03, 0x39,
    0xa8, 0x50, 0x39, 0x39, 0x81, 0x99, 0x06, 0x39, 0x14, 0x5f, 0x45, 0x39, 0xb1, 0xad, 0x1b, 0x39,
    0x72, 0xbc, 0x48, 0x39, 0x23, 0x25, 0x2f, 0x39, 0x5f, 0x0f, 0x09, 0x39, 0x47, 0x8b, 0x50, 0x39,
    0x17, 0x9f, 0x7a, 0x39, 0x63, 0x35, 0x3f, 0x39, 0x82, 0xdf, 0x33, 0x39, 0xaf, 0x05, 0x29, 0x39,
    0xeb, 0x1a, 0x45, 0x39, 0x88, 0xed, 0x5d, 0x39, 0xeb, 0x53, 0x54, 0x39, 0x21, 0xdb, 0x6f, 0x39,
    0x58, 0x4c, 0x68, 0x39, 0x21, 0xf6, 0x49, 0x39, 0xac, 0xf7, 0x59, 0x39, 0x70, 0x1f, 0x8e, 0x39,
    0xe4, 0x3b, 0xd2, 0x39, 0x4b, 0x2e, 0xba, 0x39, 0x32, 0x51, 0xa5, 0x39, 0xd9, 0x8e, 0xc6, 0x39,
    0xea, 0xdd, 0x78, 0x39, 0x7d, 0x55, 0x69, 0x39, 0x8f, 0x8e, 0x58, 0x39, 0x4f, 0x59, 0xbc, 0x39,
    0x07, 0xcb, 0x9b, 0x39, 0x18, 0x8d, 0x86, 0x39, 0xf9, 0x19, 0x85, 0x39, 0x5d, 0xd4, 0x87, 0x39,
    0xd6, 0x9d, 0x9d, 0x39, 0xae, 0x61, 0xa5, 0x39, 0xe6, 0x46, 0xbc, 0x39, 0x2e, 0x27, 0x9e, 0x39,
    0x4d, 0x0f, 0xc3, 0x39, 0x25, 0x37, 0xbd, 0x39, 0x80, 0x36, 0xb5, 0x39, 0xa9, 0xb5, 0x83, 0x39,
    0x5c, 0x7f, 0x2f, 0x39, 0xd3, 0x97, 0x37, 0x39, 0x11, 0x00, 0x00, 0x00, 0x74, 0x66, 0x6c, 0x2e,
    0x70, 0x73, 0x65, 0x75, 0x64, 0x6f, 0x5f, 0x71, 0x63, 0x6f, 0x6e, 0x73, 0x74, 0x00, 0x00, 0x00,
    0x01, 0x00, 0x00, 0x00, 0x80, 0x02, 0x00, 0x00, 0x00, 0x00, 0x16, 0x00, 0x20, 0x00, 0x1c, 0x00,
    0x1b, 0x00, 0x14, 0x00, 0x10, 0x00, 0x0c, 0x00, 0x00, 0x00, 0x00, 0x00, 0x08, 0x00, 0x07, 0x00,
    0x16, 0x00, 0x00, 0x00, 0x00, 0x00, 0x00, 0x01, 0x18, 0x00, 0x00, 0x00, 0x2c, 0x00, 0x00, 0x00,
    0x4c, 0x00, 0x00, 0x00, 0x01, 0x00, 0x00, 0x00, 0x00, 0x00, 0x00, 0x09, 0x5c, 0x00, 0x00, 0x00,
    0x02, 0x00, 0x00, 0x00, 0xff, 0xff, 0xff, 0xff, 0x80, 0x02, 0x00, 0x00, 0x0c, 0x00, 0x0c, 0x00,
    0x00, 0x00, 0x00, 0x00, 0x08, 0x00, 0x04, 0x00, 0x0c, 0x00, 0x00, 0x00, 0x08, 0x00, 0x00, 0x00,
    0x14, 0x00, 0x00, 0x00, 0x01, 0x00, 0x00, 0x00, 0x01, 0x00, 0x00, 0x00, 0x00, 0x00, 0x00, 0x00,
    0x00, 0x00, 0x00, 0x00, 0x01, 0x00, 0x00, 0x00, 0xf2, 0x34, 0xc6, 0x3d, 0x17, 0x00, 0x00, 0x00,
    0x73, 0x65, 0x72, 0x76, 0x69, 0x6e, 0x67, 0x5f, 0x64, 0x65, 0x66, 0x61, 0x75, 0x6c, 0x74, 0x5f,
    0x69, 0x6e, 0x70, 0x75, 0x74, 0x3a, 0x30, 0x00, 0x02, 0x00, 0x00, 0x00, 0x01, 0x00, 0x00, 0x00,
    0x80, 0x02, 0x00, 0x00, 0x01, 0x00, 0x00, 0x00, 0x10, 0x00, 0x00, 0x00, 0x0c, 0x00, 0x10, 0x00,
    0x0f, 0x00, 0x00, 0x00, 0x08, 0x00, 0x04, 0x00, 0x0c, 0x00, 0x00, 0x00, 0x09, 0x00, 0x00, 0x00,
    0x04, 0x00, 0x00, 0x00, 0x00, 0x00, 0x00, 0x09
};
#endif

#endif
