method,k,split,cal_raw_loo_cv,normal_median,normal_q99,normal_q99_median_ratio,diagnostic_cal_q99,diagnostic_held_normal_exceedance,auc,pauc,diagnostic_anomaly_response
ledoit_wolf,10,split-000,0.1061649426906685,94.42340224837756,1159.6294087676629,12.281165274232515,91.93991366669107,0.54,0.8216,0.5873684210526315,0.92
ledoit_wolf,10,split-001,0.13942565340071997,90.9988454363782,1162.0098610372295,12.769501145480445,94.49460136188601,0.36,0.8627999999999999,0.608421052631579,0.96
ledoit_wolf,10,split-002,0.17879222287419652,89.57285587125455,1174.4082060092787,13.111206454076745,96.9487398648923,0.32,0.8927999999999999,0.6863157894736842,0.94
ledoit_wolf,10,split-003,0.2610262116592351,92.70654926359319,1130.3636664593237,12.192921378675768,123.69623389065595,0.12,0.8988,0.6905263157894737,0.66
ledoit_wolf,10,split-004,0.22181439240791057,87.83431464232017,1153.7017793168461,13.134977872998302,97.6482364616106,0.3,0.9036000000000001,0.7094736842105263,0.94
ledoit_wolf,10,split-005,0.18331524596564053,89.23696317350138,1152.0421312522965,12.909920847624626,108.75310993473413,0.14,0.8452,0.6252631578947369,0.64
ledoit_wolf,10,split-006,0.1656659398201231,90.1708991628374,1163.8213667702676,12.906839984688977,91.74077544781463,0.48,0.8867999999999999,0.6926315789473685,0.98
ledoit_wolf,10,split-007,0.20892050156379013,93.97183407142681,1203.0445017210818,12.802181777219149,95.97996354813674,0.44,0.7952,0.5494736842105263,0.84
ledoit_wolf,10,split-008,0.21204041456883263,91.41182745517386,1203.142228200547,13.16177853232984,111.0135359301594,0.12,0.8964,0.7094736842105263,0.84
ledoit_wolf,10,split-009,0.13345322716777497,91.0249217586024,1176.0334725803773,12.91990643726354,96.03681340964866,0.34,0.878,0.6610526315789473,0.92
ledoit_wolf,10,split-010,0.129195581265606,91.79664290491712,1194.870666704793,13.016496343362348,83.31034735649527,0.7,0.8264,0.6126315789473684,0.98
ledoit_wolf,10,split-011,0.18693657674433514,89.42633398031802,1173.7772207665237,13.12563278088602,107.44444378873987,0.14,0.8964,0.6863157894736842,0.8
ledoit_wolf,10,split-012,0.19724698388998851,94.46451342942343,1169.1102543735885,12.376184579059492,87.46775057535864,0.7,0.8748,0.6736842105263158,0.98
ledoit_wolf,10,split-013,0.1433019057711641,89.00757212166076,1187.9585753837534,13.346713622971112,90.90130324133477,0.48,0.898,0.7115789473684211,0.98
ledoit_wolf,10,split-014,0.15730153094555074,89.60787443059249,1143.1000570446097,12.756692024092368,99.87002238071506,0.22,0.86,0.6505263157894737,0.84
ledoit_wolf,10,split-015,1.6004864139564474,100.28261038712327,149.88448439049037,1.4946208900215885,963.626842594437,0.0,0.9179999999999999,0.7810526315789474,0.0
ledoit_wolf,10,split-016,0.25861421309507737,88.43960808770007,1178.383949289935,13.324165210246123,107.94040279597237,0.12,0.8752000000000001,0.6168421052631579,0.8
ledoit_wolf,10,split-017,0.16313629034097646,88.38997922770994,1170.7889587598816,13.245720487655046,93.95946188070045,0.34,0.892,0.6842105263157895,0.94
ledoit_wolf,10,split-018,0.18959445605867012,91.13610944374136,1155.4541702290014,12.67833548394193,93.06825947048786,0.44,0.874,0.68,0.96
ledoit_wolf,10,split-019,1.5863257087495846,102.3296597711834,149.93670530470146,1.4652321295699693,920.9915575910686,0.0,0.898,0.7494736842105263,0.0
ledoit_wolf,10,split-020,0.17540507155991655,91.5435646588407,1152.5135289589434,12.589782069925556,92.51349141252479,0.44,0.8867999999999999,0.6821052631578948,0.98
ledoit_wolf,10,split-021,0.1840260246939175,91.5180568934866,1181.8837815054726,12.914214108380923,94.33001580194212,0.44,0.8360000000000001,0.5747368421052632,0.9
ledoit_wolf,10,split-022,0.2173067700897259,91.08165611093486,1149.341780683865,12.618806352005715,104.9359604337426,0.2,0.8832000000000001,0.6547368421052632,0.84
ledoit_wolf,10,split-023,0.20886839089967071,88.7761976382838,1183.6502817360517,13.332968895095085,117.60362845563573,0.06,0.8976,0.7473684210526316,0.66
ledoit_wolf,10,split-024,0.13767986087391865,91.15126305906786,1138.9756562083676,12.49544567989462,86.11213510968054,0.64,0.856,0.6294736842105263,0.98
ledoit_wolf,10,split-025,0.19586415122788836,95.00499062096391,1162.6113359777098,12.23737119891012,88.90385451842793,0.66,0.878,0.6736842105263158,0.98
ledoit_wolf,10,split-026,0.1432860824550782,89.72304008932889,1195.8969087095138,13.328760455718736,78.95574775365438,0.74,0.8484,0.6357894736842105,0.98
ledoit_wolf,10,split-027,0.19066839307965366,90.79695818481662,1167.257288712762,12.855687151289995,96.1949141607903,0.36,0.8844,0.6631578947368422,0.98
ledoit_wolf,10,split-028,0.1282515400168108,88.4473643803396,1197.219532741139,13.535954871338838,83.08962076726007,0.64,0.8807999999999999,0.6631578947368422,0.98
ledoit_wolf,10,split-029,0.1763287549182142,89.71972898703164,1160.5410673533745,12.935182489473664,103.22708305969797,0.22,0.856,0.6505263157894737,0.78
ledoit_wolf,10,split-030,0.18763067388829904,90.38909006466103,1167.6527206815324,12.918071415988772,110.5766014688581,0.16,0.8792,0.6610526315789473,0.78
ledoit_wolf,10,split-031,0.18087167163548157,89.73779862942084,1158.416779462123,12.908905691412095,101.62564495187723,0.22,0.8652,0.6673684210526316,0.8
ledoit_wolf,10,split-032,0.12547324889977562,90.06738738346476,1174.6032988078684,13.041383045862734,104.9873399466824,0.14,0.8876,0.6547368421052632,0.74
ledoit_wolf,10,split-033,1.5562004391253754,101.34191305421211,145.29172835633815,1.4336785637608342,941.3053885134569,0.0,0.9192,0.8294736842105263,0.0
ledoit_wolf,10,split-034,0.20101916636436615,88.45873780780724,1150.4723067408636,13.005750876080493,108.85749789829089,0.12,0.8807999999999999,0.6336842105263158,0.68
ledoit_wolf,10,split-035,0.22237391485337607,89.1039654674918,1155.3674900544959,12.966510345446004,100.45014448088546,0.28,0.9004,0.6989473684210527,0.86
ledoit_wolf,10,split-036,0.22685984850624666,88.07366365891852,1164.6255069097926,13.223311697581009,118.65301591027216,0.06,0.8664,0.6694736842105262,0.48
ledoit_wolf,10,split-037,0.13268938937904862,91.44684286090052,1183.8957130330873,12.946272129196489,93.09686922261929,0.46,0.8552,0.631578947368421,0.96
ledoit_wolf,10,split-038,0.2193403624960962,88.86003448840128,1170.0645760524983,13.16750080943559,98.73007524375038,0.32,0.8648,0.6694736842105263,0.92
ledoit_wolf,10,split-039,0.09703131698530876,91.81665878621246,1179.0790514523922,12.841668026689806,78.55684612431739,0.8,0.8664000000000001,0.6968421052631579,0.98
ledoit_wolf,10,split-040,0.2366819242575172,88.76347892447039,1154.1922946017066,13.003008766520056,110.26303988469358,0.12,0.9007999999999999,0.6631578947368422,0.76
ledoit_wolf,10,split-041,0.23575493144777568,90.17316687788119,1178.8246419499808,13.072898321808168,123.32703716311671,0.06,0.8448,0.6105263157894737,0.42
ledoit_wolf,10,split-042,0.15763865613042313,91.1046878161047,1157.5788406175413,12.706029386260786,90.94120003130139,0.54,0.9103999999999999,0.7263157894736842,0.98
ledoit_wolf,10,split-043,0.1676344947355735,88.5961285839898,1180.0047410647717,13.318919911338094,89.66284387198267,0.48,0.8019999999999999,0.5705263157894737,0.9
ledoit_wolf,10,split-044,1.695413564669533,99.80660568878082,143.37162752381377,1.4364943736377367,954.3593848217623,0.0,0.8952,0.7915789473684209,0.0
ledoit_wolf,10,split-045,0.17610303909233954,90.7547605842559,1176.6504698666822,12.96516526837499,93.82784965801228,0.36,0.8552,0.6147368421052631,0.94
ledoit_wolf,10,split-046,0.20683899324816957,89.67547104555918,1167.1166685403132,13.01489309096983,107.79052225725808,0.18,0.9096,0.7326315789473684,0.88
ledoit_wolf,10,split-047,0.18354015155319853,90.15166674506011,1181.2677319571605,13.10311583365028,100.25332364202775,0.32,0.8867999999999999,0.6842105263157895,0.88
ledoit_wolf,10,split-048,0.25724217994600757,84.72904221477467,1146.6474683097022,13.533110233951813,102.67392012624028,0.16,0.9028,0.7094736842105263,0.86
ledoit_wolf,10,split-049,1.6015033307733286,104.44008477211341,144.95276711731174,1.3879035758501763,948.6094308468627,0.0,0.8308,0.6863157894736842,0.0
ledoit_wolf,10,split-050,0.20926631664278614,89.90717413729715,1166.3323903908206,12.972628731603951,108.40922187550389,0.18,0.886,0.6884210526315789,0.84
ledoit_wolf,10,split-051,1.5312297110205488,103.90996837900559,141.25930831758322,1.3594394312810112,930.7089032469798,0.0,0.9380000000000001,0.848421052631579,0.0
ledoit_wolf,10,split-052,0.16047136572060364,91.48565348076534,1163.663889525797,12.719632480632113,90.28583070333639,0.52,0.8524,0.6442105263157895,0.96
ledoit_wolf,10,split-053,0.16548404960511007,89.11984678468386,1169.8365777761567,13.126555082646359,103.2046627591165,0.22,0.8804,0.6905263157894737,0.86
ledoit_wolf,10,split-054,0.2508441376674975,89.94188499626785,1147.085991580883,12.753635212654055,113.31503685301189,0.08,0.8747999999999999,0.6694736842105263,0.6
ledoit_wolf,10,split-055,0.1908011376348588,89.80277770141942,1163.8770605243296,12.960368156918753,97.5961702823618,0.32,0.8444,0.671578947368421,0.88
ledoit_wolf,10,split-056,0.21044515849300435,90.87370862298772,1162.0660914951723,12.787704046681904,98.03257986507955,0.32,0.8644,0.6252631578947369,0.88
ledoit_wolf,10,split-057,0.16080553689947308,91.0744131323538,1164.1765024549304,12.782695626740873,106.21959754846831,0.2,0.8724,0.6778947368421052,0.82
ledoit_wolf,10,split-058,1.6283395768328925,94.50076779425186,147.79143627243914,1.5639178360350716,979.4318878417548,0.0,0.9111999999999999,0.7978947368421053,0.0
ledoit_wolf,10,split-059,0.1766601740864551,96.38425080175395,1141.9232862702108,11.84761282856214,87.13877975400509,0.62,0.884,0.6778947368421052,0.98
ledoit_wolf,10,split-060,0.25219229583201036,86.12850921218217,1160.0429729087111,13.468745523632407,116.0956186655908,0.04,0.9192,0.7726315789473683,0.68
ledoit_wolf,10,split-061,0.19694084639674325,93.52800283691738,1170.9770304560598,12.520068802258779,83.63212443887815,0.66,0.8568,0.6926315789473684,0.98
ledoit_wolf,10,split-062,0.19523331020095666,85.97409518732391,1179.2216610569585,13.716011299538792,93.03776131552003,0.38,0.894,0.6884210526315789,0.96
ledoit_wolf,10,split-063,0.25282952108044277,88.28365562068745,1187.4022936360036,13.449854169357259,100.26427152426774,0.24,0.8612,0.6463157894736842,0.86
ledoit_wolf,10,split-064,0.1788958809646304,89.22870903909802,1145.2021318393831,12.834458148863066,105.45391477836954,0.14,0.9112,0.7115789473684211,0.86
ledoit_wolf,10,split-065,0.16924852994540032,88.49530572299015,1184.5015546133975,13.3849083285971,87.55483606466177,0.52,0.848,0.5684210526315789,0.98
ledoit_wolf,10,split-066,0.1981210215166919,90.50191072726132,1169.348133551403,12.920701056526617,96.55671872162418,0.32,0.8996000000000001,0.6989473684210527,0.96
ledoit_wolf,10,split-067,1.6406532195343946,99.08045072259415,151.84046581069816,1.5324967206277826,956.0776547740285,0.0,0.904,0.7326315789473684,0.0
ledoit_wolf,10,split-068,0.2469229299729875,91.92507455031955,1168.962425207713,12.716469700199438,123.31628372009877,0.04,0.8744,0.6968421052631579,0.48
ledoit_wolf,10,split-069,1.6546520062106227,99.96718477975028,144.7710029778189,1.4481852549592278,956.3259357220123,0.0,0.8904,0.7494736842105263,0.0
ledoit_wolf,10,split-070,0.21037670021218205,89.93551637379478,1138.2729915931347,12.65654590631563,113.91529787097366,0.08,0.8956,0.7052631578947368,0.64
ledoit_wolf,10,split-071,0.19751237683435563,89.08484006484079,1162.4499050112977,13.048796003508604,116.55593494697797,0.06,0.9092,0.7473684210526316,0.7
ledoit_wolf,10,split-072,1.5878257380295664,96.8943288475204,148.18427683119347,1.5293390087296697,962.644501762924,0.0,0.9052,0.7410526315789474,0.0
ledoit_wolf,10,split-073,0.19545401191249667,87.44888529240839,1185.9631830257247,13.561787312212664,97.75020043484304,0.32,0.8804,0.6336842105263158,0.9
ledoit_wolf,10,split-074,0.22140882502348389,89.11568707250669,1159.943845013413,13.016157795761082,114.54956883637632,0.1,0.9016,0.7347368421052631,0.68
ledoit_wolf,10,split-075,0.11924299620526296,97.82490698873507,1169.2123321564106,11.952092449124947,89.03612681266617,0.62,0.8056000000000001,0.5663157894736842,0.98
ledoit_wolf,10,split-076,1.4891390553648451,102.66557967089122,132.5660381571075,1.291241315561324,936.7991196724463,0.0,0.9196,0.8210526315789474,0.0
ledoit_wolf,10,split-077,0.18858195532497446,88.58362841397292,1163.4794745197257,13.134249469693227,114.22609925859872,0.1,0.9116,0.7389473684210526,0.76
ledoit_wolf,10,split-078,0.1370419790826929,91.04774634726442,1182.5266914485167,12.987984204883576,90.68266576516139,0.52,0.8764,0.6736842105263158,0.96
ledoit_wolf,10,split-079,0.2100136877996566,90.3736244397056,1179.4159962798653,13.050444790633955,100.79022952215948,0.24,0.8872,0.6821052631578948,0.88
ledoit_wolf,10,split-080,0.21856427654909413,90.05253418192133,1179.6591779162911,13.09967774513908,120.38587905022305,0.1,0.8372,0.5978947368421053,0.44
ledoit_wolf,10,split-081,0.1461475281336608,91.56176811396858,1176.995446157865,12.854660524825576,95.4399106362077,0.4,0.8368,0.6505263157894737,0.86
ledoit_wolf,10,split-082,0.2005199287597762,89.71411272965807,1196.4861868098026,13.336655186183021,111.11985817536562,0.14,0.8535999999999999,0.64,0.64
ledoit_wolf,10,split-083,1.5560464740650173,104.60665395780447,151.04560416783713,1.4439387787775422,909.1034602143774,0.0,0.9091999999999999,0.7578947368421053,0.0
ledoit_wolf,10,split-084,0.2037861947510858,87.0624843997095,1167.8726999162304,13.41418991163233,93.17648196763353,0.36,0.8535999999999999,0.6442105263157895,0.94
ledoit_wolf,10,split-085,0.23399928058008107,92.37662681752589,1173.7264105529525,12.70588081627452,121.99157607028357,0.04,0.8592,0.6652631578947368,0.46
ledoit_wolf,10,split-086,0.23027598328159185,86.68925179366452,1172.3036061589894,13.52305599486861,123.55033517549991,0.02,0.9216000000000001,0.7515789473684211,0.5
ledoit_wolf,10,split-087,0.26741021093538486,89.15774005591209,1165.8406638413173,13.076157640494275,115.7165461859689,0.08,0.8956,0.7073684210526316,0.68
ledoit_wolf,10,split-088,0.1007052924466427,87.57334313914016,1163.9076198313885,13.290661040336484,94.57938449026081,0.38,0.8795999999999999,0.6821052631578948,0.94
ledoit_wolf,10,split-089,0.1916347094902986,90.02055751133605,1161.2588978211045,12.899930081802372,94.06351539769776,0.28,0.888,0.6610526315789473,0.96
ledoit_wolf,10,split-090,1.5470312921441307,100.50437979041341,143.73964149940414,1.4301828616738026,958.8139544421992,0.0,0.916,0.8084210526315789,0.0
ledoit_wolf,10,split-091,0.30605550104635376,95.14016077149296,1142.1239439772764,12.00464593202047,117.47938422006088,0.16,0.9067999999999999,0.7178947368421053,0.84
ledoit_wolf,10,split-092,0.23455006322117233,88.96336291886358,1192.1036801165008,13.39993949198755,114.26138540321469,0.1,0.8715999999999999,0.64,0.64
ledoit_wolf,10,split-093,1.6470602768296105,101.48297886304697,150.945727483663,1.4873994553053755,967.577584322216,0.0,0.8284,0.631578947368421,0.0
ledoit_wolf,10,split-094,0.1748796558791604,90.16472785569795,1187.873990819424,13.174486510074422,96.2346715091386,0.34,0.8904,0.6799999999999999,0.92
ledoit_wolf,10,split-095,0.15946650573854868,87.8429341065058,1179.8109762418926,13.430914942019381,99.47375237461264,0.24,0.8580000000000001,0.6189473684210527,0.84
ledoit_wolf,10,split-096,0.1432631897613766,88.93297004545579,1196.5546481870542,13.454567497020129,87.15122182687205,0.54,0.8396000000000001,0.6378947368421053,0.92
ledoit_wolf,10,split-097,0.22235509436185796,88.94557297312275,1181.6192091848282,13.284744475611907,113.41425633696613,0.1,0.8715999999999999,0.6505263157894737,0.68
ledoit_wolf,10,split-098,0.21510824357015013,91.07305373963766,1133.8617738741639,12.450024758318541,115.26725822219997,0.04,0.902,0.7726315789473683,0.72
ledoit_wolf,10,split-099,0.1945100024552853,88.24061330877208,1176.1676339730348,13.3290963182382,99.40232552751725,0.24,0.882,0.6673684210526316,0.88
ledoit_wolf,20,split-000,0.1578601344341504,81.08697871162147,1158.129764688776,14.282561554149899,123.28439669822956,0.025,0.869,0.6473684210526316,0.38
ledoit_wolf,20,split-001,0.19665673145563212,85.78117922283147,1158.1459189969328,13.501165750921285,120.9795137739813,0.025,0.878,0.6710526315789473,0.38
ledoit_wolf,20,split-002,0.2073431997150294,86.5067745778936,1167.2577232838719,13.493252164116164,109.76119389067486,0.125,0.893,0.6473684210526316,0.78
ledoit_wolf,20,split-003,0.22565885285935983,87.47861361066018,1137.6088763624225,13.004422788700815,127.80724182034652,0.025,0.9129999999999999,0.7368421052631579,0.48
ledoit_wolf,20,split-004,0.22763849237265352,86.13684835259976,1164.430628467193,13.518379772854185,109.87594942747076,0.1,0.9024999999999999,0.6868421052631579,0.84
ledoit_wolf,20,split-005,1.6335021315931775,86.74794576191152,133.4834070719938,1.538750063757734,1053.5646364372683,0.0,0.9045000000000001,0.7394736842105263,0.0
ledoit_wolf,20,split-006,0.17163238464418867,87.84359555639267,1172.0562664276374,13.342535207079681,100.35830816846979,0.275,0.8644999999999999,0.618421052631579,0.86
ledoit_wolf,20,split-007,0.22198783073346837,86.69192328757657,1173.0912491215686,13.531724809359247,114.07175687072386,0.075,0.863,0.6105263157894737,0.48
ledoit_wolf,20,split-008,0.16633971213458662,86.92665856615113,1180.1020191663388,13.575835521944995,103.60739747231608,0.175,0.8740000000000001,0.6526315789473685,0.82
ledoit_wolf,20,split-009,1.6204589634458801,88.22866709909556,139.00246196505367,1.5754795639033132,1049.9688795582815,0.0,0.8845000000000001,0.6973684210526316,0.0
ledoit_wolf,20,split-010,0.14729749326126032,86.7248055960514,1189.7942256738186,13.719191614169386,88.46105975441913,0.45,0.8095,0.5842105263157895,0.92
ledoit_wolf,20,split-011,0.19871205556848592,86.68695384970995,1156.3558149697676,13.339444560187838,107.52137908938715,0.15,0.876,0.6342105263157894,0.82
ledoit_wolf,20,split-012,0.21206924344798334,83.74435821145417,1162.2435846878666,13.8784702577003,122.84578161645892,0.025,0.8719999999999999,0.6921052631578947,0.38
ledoit_wolf,20,split-013,0.13864061646098538,87.9253662277956,1188.6984743398507,13.51940316358979,101.33636279793541,0.225,0.8555,0.6026315789473684,0.86
ledoit_wolf,20,split-014,0.15149938296808488,84.53377134051169,1139.6854458408736,13.482013493164647,105.72273544842126,0.15,0.853,0.6131578947368421,0.66
ledoit_wolf,20,split-015,1.660171736558419,87.92518443976508,134.3282290211023,1.527756010715298,1057.0054126785838,0.0,0.9214999999999999,0.7842105263157895,0.0
ledoit_wolf,20,split-016,0.19773359611724076,86.56174957183931,1175.118108079922,13.575489334404779,110.58396710002734,0.125,0.861,0.6026315789473684,0.58
ledoit_wolf,20,split-017,1.6894159165756808,90.17718401527168,136.3724112328974,1.5122717871718248,1052.1935700215734,0.0,0.872,0.6605263157894736,0.0
ledoit_wolf,20,split-018,0.18211362847217763,88.748021763737,1149.6910429280151,12.95455402925709,102.95239254694519,0.25,0.8654999999999999,0.6368421052631579,0.84
ledoit_wolf,20,split-019,1.7296599723420871,92.02167094500768,143.17272334997156,1.5558587654372396,1044.5705290258259,0.0,0.893,0.7289473684210527,0.0
ledoit_wolf,20,split-020,0.16547799031438365,83.35481445720283,1155.5373315126756,13.862874496661105,106.4228213690374,0.2,0.883,0.6631578947368422,0.82
ledoit_wolf,20,split-021,1.680313757837522,92.29853099944316,141.24815793778407,1.5303402601135248,1035.8646170649617,0.0,0.8595,0.6421052631578947,0.0
ledoit_wolf,20,split-022,1.6922777425352244,89.54136391531978,137.48536630981167,1.5354397152117656,1038.4771436836363,0.0,0.904,0.7736842105263158,0.0
ledoit_wolf,20,split-023,0.2151308197133271,84.10077235914892,1169.9334433877245,13.911090357072721,126.54407628251332,0.025,0.8955,0.6921052631578948,0.38
ledoit_wolf,20,split-024,0.21231127717410778,84.4861686933399,1144.2427999407337,13.543551774657939,106.4480730871665,0.1,0.894,0.6605263157894736,0.76
ledoit_wolf,20,split-025,1.6696573315653556,92.76061377315298,122.55681195568889,1.3212160524875656,1041.7424261963163,0.0,0.919,0.8157894736842105,0.0
ledoit_wolf,20,split-026,0.18789491411651885,87.62795578298066,1175.241295291078,13.411716441288208,107.24174536535644,0.125,0.862,0.6631578947368421,0.7
ledoit_wolf,20,split-027,0.19974440003459862,85.73700350680954,1172.7863673830343,13.678882156056309,109.55153149108698,0.1,0.858,0.5789473684210527,0.64
ledoit_wolf,20,split-028,0.14958598679873067,84.40023579992985,1169.8386057850994,13.860608263680607,104.34055275011082,0.2,0.8605,0.6026315789473684,0.86
ledoit_wolf,20,split-029,0.19372862676452438,86.1022699986327,1161.2512428712207,13.486883015856158,107.62135702536645,0.15,0.8564999999999999,0.5973684210526315,0.7
ledoit_wolf,20,split-030,0.1662840618130596,85.52532155411586,1167.4620642948253,13.650484360425557,108.17591760314131,0.15,0.8465,0.618421052631579,0.64
ledoit_wolf,20,split-031,0.21848483137219205,84.49285436594967,1159.2756374153676,13.720398560503025,113.7648567638471,0.05,0.8925000000000001,0.6842105263157895,0.56
ledoit_wolf,20,split-032,1.6610804809820392,86.09044793628544,140.0200037630768,1.6264290303925937,1062.833746876146,0.0,0.8929999999999999,0.7000000000000001,0.0
ledoit_wolf,20,split-033,1.695652491502484,88.18802711594162,135.3843167983644,1.5351779739938323,1057.353120811369,0.0,0.891,0.7263157894736842,0.0
ledoit_wolf,20,split-034,0.1750790085226197,84.72356057282724,1148.0712550612795,13.550790916942317,122.65561314769637,0.025,0.9105000000000001,0.6789473684210526,0.38
ledoit_wolf,20,split-035,0.19664159689936267,85.4803236524615,1145.0043857131625,13.394946775920296,107.43564599827197,0.075,0.9049999999999999,0.7026315789473685,0.8
ledoit_wolf,20,split-036,0.20434852242002052,86.96816144710783,1164.8998720520822,13.394555578371623,123.53915602785078,0.025,0.846,0.6736842105263158,0.36
ledoit_wolf,20,split-037,1.6672182365625217,88.69077215079423,139.2043570730214,1.5695472448513894,1044.9560721877424,0.0,0.9125,0.7657894736842106,0.0
ledoit_wolf,20,split-038,0.18818779545496803,88.79232816125419,1167.3908931041333,13.147429707936649,106.96671608541821,0.2,0.8424999999999999,0.6342105263157894,0.74
ledoit_wolf,20,split-039,0.1725046827220931,86.40525269831463,1159.0689497418527,13.414334355212885,119.43395641801352,0.025,0.8819999999999999,0.7052631578947368,0.52
ledoit_wolf,20,split-040,0.19059828237996618,85.53859767257569,1151.7813566703733,13.46504838761979,107.63179426430575,0.1,0.9055,0.6473684210526316,0.78
ledoit_wolf,20,split-041,0.1853274321006843,83.10140264885408,1170.8010972753764,14.088824736480198,108.49935118217556,0.125,0.8865000000000001,0.6131578947368421,0.74
ledoit_wolf,20,split-042,0.17990904699996238,85.17355472724878,1156.1323943539544,13.573842233733656,97.7144842145683,0.275,0.8905,0.6657894736842105,0.88
ledoit_wolf,20,split-043,0.15935742599234465,87.59407384123827,1180.9348381251068,13.481903356447573,98.69162954031349,0.225,0.8065,0.5552631578947369,0.78
ledoit_wolf,20,split-044,1.6953163488321754,90.64568024772626,124.06683532804385,1.3687010234683072,1047.2991445941666,0.0,0.8815,0.7078947368421054,0.0
ledoit_wolf,20,split-045,0.1559990663279863,85.01015063028314,1160.073836314827,13.646297856359455,101.25633911522115,0.225,0.8434999999999999,0.5947368421052631,0.78
ledoit_wolf,20,split-046,0.1802450906147236,83.71273821640818,1144.6722845253669,13.673812479604262,109.13869811266714,0.1,0.9075,0.7078947368421054,0.76
ledoit_wolf,20,split-047,0.1980883367565279,83.55233470243002,1167.1586522145185,13.969192559026997,125.86343429274828,0.025,0.9099999999999999,0.7526315789473684,0.42
ledoit_wolf,20,split-048,0.20645307524706805,83.58588365288072,1155.6790588187125,13.826246829166385,108.14655201997894,0.125,0.8965000000000001,0.6894736842105263,0.8
ledoit_wolf,20,split-049,1.6748422754405556,91.10737568373689,138.61089108402498,1.5214014238011655,1048.9240231305066,0.0,0.8879999999999999,0.6763157894736842,0.0
ledoit_wolf,20,split-050,1.6621184672778022,88.94263187240895,115.9461770901942,1.3036063207183108,1066.5601578079954,0.0,0.9105,0.7921052631578946,0.0
ledoit_wolf,20,split-051,1.5965171878564073,88.73172357511245,116.83301392503263,1.3166994758772166,1035.8463629852429,0.0,0.9235,0.8105263157894737,0.0
ledoit_wolf,20,split-052,1.7471492444431813,89.47665099495083,139.0520706275107,1.5540598478071939,1058.6504274505437,0.0,0.82,0.6263157894736843,0.0
ledoit_wolf,20,split-053,0.19951408238280302,85.9344545745161,1171.6777214314016,13.634551208042032,122.76632647454663,0.025,0.8975,0.6973684210526316,0.46
ledoit_wolf,20,split-054,0.2307438446433805,85.34359198684078,1154.1172445014877,13.523185720603866,123.27759836178485,0.025,0.9015000000000001,0.6868421052631579,0.36
ledoit_wolf,20,split-055,0.1965155561595203,86.89474419508616,1176.6075242808386,13.540606341383015,109.17986505250798,0.15,0.861,0.631578947368421,0.68
ledoit_wolf,20,split-056,0.17359528298232152,84.48373377365691,1159.248092056346,13.721553727278732,105.2754639997224,0.15,0.8574999999999999,0.6157894736842106,0.76
ledoit_wolf,20,split-057,0.15843545678150123,82.3710382510572,1147.474996657279,13.930563715366931,105.31232079888508,0.075,0.907,0.6973684210526316,0.78
ledoit_wolf,20,split-058,1.6738898445898194,86.81754952151348,135.92442968162106,1.565633105642297,1058.410810849642,0.0,0.9059999999999999,0.763157894736842,0.0
ledoit_wolf,20,split-059,0.21652158494303386,91.63423510753589,1140.841561032458,12.449949079551345,111.73374676855892,0.125,0.8925,0.6921052631578948,0.82
ledoit_wolf,20,split-060,1.6903224932132015,89.37633870842792,122.06654764979352,1.3657590970246694,1049.9560859903504,0.0,0.8915,0.7236842105263158,0.0
ledoit_wolf,20,split-061,0.14566668343342404,88.16979156416276,1165.6206267811929,13.220181267332922,88.07731602526094,0.5,0.8415,0.6342105263157894,0.98
ledoit_wolf,20,split-062,0.1981301983761373,89.01554509198675,1171.10005216257,13.156129650752352,108.83840913208532,0.125,0.86,0.6,0.62
ledoit_wolf,20,split-063,0.22004833415990838,87.35732125443307,1166.9827878854494,13.358729081064046,107.29260082582924,0.15,0.8555,0.6131578947368421,0.78
ledoit_wolf,20,split-064,1.6037535763271364,87.07159174147144,134.35296610439647,1.543017227746456,1041.479384078873,0.0,0.9319999999999999,0.7842105263157895,0.0
ledoit_wolf,20,split-065,1.6177544223331293,87.03646429688237,123.10173953385151,1.4143697188106135,1045.6315675033372,0.0,0.916,0.7578947368421053,0.0
ledoit_wolf,20,split-066,0.1849809778605975,86.20604754444302,1153.23382541099,13.377644124287766,105.02371690354654,0.15,0.8835000000000001,0.65,0.84
ledoit_wolf,20,split-067,1.6334829679594483,89.54225270083909,138.13917927276574,1.5427262002698225,1046.059024880552,0.0,0.9339999999999999,0.8078947368421052,0.0
ledoit_wolf,20,split-068,0.24583638215007897,87.0905283072772,1183.268799386362,13.586653134213323,132.1956397739886,0.025,0.862,0.6710526315789473,0.32
ledoit_wolf,20,split-069,1.7392160654461266,87.02869731594454,133.64856560926975,1.5356838575220633,1064.7406121389881,0.0,0.861,0.6736842105263158,0.0
ledoit_wolf,20,split-070,0.21155590390860515,86.29510901386168,1152.579019924117,13.356249654183493,122.26240291838468,0.025,0.8885,0.7,0.38
ledoit_wolf,20,split-071,1.656780625300193,90.32053674045204,121.6329456335965,1.3466809434838147,1057.595715664642,0.0,0.9085,0.7842105263157895,0.0
ledoit_wolf,20,split-072,1.6798041393577747,89.26182711411627,138.134127971226,1.5475162500833557,1059.8175419137742,0.0,0.8969999999999999,0.7421052631578947,0.0
ledoit_wolf,20,split-073,0.15881320195631934,84.54429915829493,1162.9862051869925,13.755938800905986,100.82984130821148,0.275,0.873,0.6157894736842106,0.88
ledoit_wolf,20,split-074,0.22715426256068944,86.61434322792758,1158.4704366311635,13.375041516883902,124.55436348460091,0.025,0.8919999999999999,0.6789473684210526,0.38
ledoit_wolf,20,split-075,0.16240602592487777,86.50972352150495,1159.8162403590572,13.406773171234851,118.03301698142215,0.075,0.855,0.6131578947368421,0.42
ledoit_wolf,20,split-076,1.5892087965667765,88.57593541675283,120.83001772247707,1.3641404649464628,1041.662777740459,0.0,0.929,0.8210526315789474,0.0
ledoit_wolf,20,split-077,0.21544366862666037,87.36796019745259,1160.094972631629,13.278265510718128,125.16325868559791,0.025,0.873,0.6736842105263158,0.4
ledoit_wolf,20,split-078,0.16123363160794724,86.23666084063015,1174.2077458757474,13.616108676166677,100.58837327900729,0.225,0.8434999999999999,0.6105263157894737,0.82
ledoit_wolf,20,split-079,0.1852239087749109,84.89361850038895,1171.1021638936245,13.794937529824564,106.98953753990057,0.1,0.868,0.6447368421052632,0.64
ledoit_wolf,20,split-080,0.1972203090877257,86.73880861896431,1165.8928748092528,13.441421358816605,122.72369005365078,0.075,0.8515,0.6157894736842106,0.36
ledoit_wolf,20,split-081,0.17105299141195945,87.78716579783145,1160.1152411626715,13.215089365504145,97.09618350907226,0.225,0.8215,0.6026315789473684,0.76
ledoit_wolf,20,split-082,0.16408259020770297,85.86399882576042,1190.1862070105474,13.861294876630817,112.31758197979575,0.125,0.843,0.5973684210526315,0.5
ledoit_wolf,20,split-083,1.6639588758742039,89.21960330600136,143.55641026904158,1.60902318492359,1037.471309420788,0.0,0.8995000000000001,0.7342105263157894,0.0
ledoit_wolf,20,split-084,1.7244640916782636,90.19727426276756,138.24166140168845,1.532658969260594,1051.2838350238903,0.0,0.89,0.763157894736842,0.0
ledoit_wolf,20,split-085,1.6837027649502843,88.35001976715212,121.16469128462677,1.3714166856324226,1056.88062176443,0.0,0.8925,0.718421052631579,0.0
ledoit_wolf,20,split-086,0.2103207435846384,86.86807171621771,1164.0685970914706,13.400419441728513,126.64023535110024,0.025,0.9095000000000001,0.7342105263157894,0.44
ledoit_wolf,20,split-087,0.22830891485434443,88.05547444493251,1168.942314328354,13.275066901824243,124.28248307968835,0.05,0.874,0.6736842105263158,0.44
ledoit_wolf,20,split-088,0.16037444385131971,83.34673258248611,1163.628356191117,13.96129542378286,100.80144094343234,0.2,0.887,0.6447368421052632,0.88
ledoit_wolf,20,split-089,1.6675930718611525,88.3758946044732,117.30393916580367,1.3273295811125656,1040.8796847353517,0.0,0.9249999999999999,0.8105263157894737,0.0
ledoit_wolf,20,split-090,1.6851639424069464,87.50751884858974,136.126754415519,1.555600663881842,1060.949484590105,0.0,0.902,0.75,0.0
ledoit_wolf,20,split-091,0.23138261501859503,90.15097133793172,1150.016324675771,12.756560551798435,122.52149945256288,0.025,0.8919999999999999,0.7289473684210526,0.38
ledoit_wolf,20,split-092,0.1754348963001942,87.35685594808834,1184.7238406879212,13.561887362245974,108.94697333614478,0.175,0.8525,0.6236842105263158,0.7
ledoit_wolf,20,split-093,1.6581952840032046,89.15263399793429,136.86636225397135,1.5351914589213664,1048.9077740217626,0.0,0.9075,0.7526315789473684,0.0
ledoit_wolf,20,split-094,0.24112423514631123,88.6511751998514,1180.118698931878,13.31193519173851,126.94606134080314,0.025,0.878,0.6789473684210526,0.3
ledoit_wolf,20,split-095,0.18047075450854003,86.0002747269607,1159.3032266591542,13.480227014852987,107.42441174537855,0.1,0.8959999999999999,0.6421052631578947,0.8
ledoit_wolf,20,split-096,1.6759063926111935,87.16833808572224,145.28273576193115,1.6666915872487853,1076.5009220009008,0.0,0.902,0.7263157894736842,0.0
ledoit_wolf,20,split-097,1.7356864780274608,88.65522522577827,139.4017597720351,1.5724031992138154,1065.5421040735303,0.0,0.9035,0.7447368421052631,0.0
ledoit_wolf,20,split-098,1.6640225490247602,88.9677516047936,121.32030461271964,1.3636435947222798,1045.6750233274672,0.0,0.9075,0.8,0.0
ledoit_wolf,20,split-099,1.6426029538358071,89.59528425115445,139.98374124669897,1.5624007716108703,1051.7580466979578,0.0,0.916,0.7815789473684212,0.0
eigen_floor_100,10,split-000,0.1507817154931734,61.88811816351408,638.7628720029409,10.321252139469983,63.56786157150543,0.46,0.8012,0.5768421052631579,0.86
eigen_floor_100,10,split-001,0.18600773401908738,59.341812488172664,635.011953851113,10.700919423006779,66.71875303885147,0.24,0.84,0.6105263157894737,0.84
eigen_floor_100,10,split-002,0.17752498057046884,57.74579263043678,635.2323363175524,11.000495575200274,62.85423498371048,0.4,0.8808,0.6463157894736842,0.94
eigen_floor_100,10,split-003,0.3773447550307252,59.76804772857877,614.2289720764699,10.27687862360559,97.24314340543239,0.02,0.8884,0.6547368421052632,0.38
eigen_floor_100,10,split-004,0.24672088322515687,60.64540805963003,626.4104290667389,10.329066109190268,70.47113773515053,0.2,0.878,0.6568421052631579,0.84
eigen_floor_100,10,split-005,0.18747341235955134,58.73291482564948,631.879549177207,10.758525284382044,64.73363888522759,0.3,0.8072,0.6063157894736843,0.82
eigen_floor_100,10,split-006,0.18644296692488901,59.60240069094203,637.3665202361461,10.693638391196696,60.330177832878164,0.46,0.8592,0.631578947368421,0.96
eigen_floor_100,10,split-007,0.24005840851261986,61.35944364937928,654.2916011812837,10.663258371768215,67.80620394500322,0.26,0.7704,0.5705263157894737,0.68
eigen_floor_100,10,split-008,0.22793565996068854,59.39260076467012,647.9028218824861,10.908813783886245,78.55226538781673,0.1,0.882,0.6631578947368422,0.7
eigen_floor_100,10,split-009,0.14477296296544853,58.54236736038902,638.9110864037822,10.91365305524154,62.759400762980405,0.36,0.868,0.6463157894736842,0.92
eigen_floor_100,10,split-010,0.12659921783342978,59.182103207198764,647.4960396561252,10.940740605132218,53.00125956634753,0.7,0.7896,0.6105263157894737,0.98
eigen_floor_100,10,split-011,0.23289858441132655,57.81022816659592,639.5833606111981,11.063498292517796,72.83760370411574,0.12,0.8704000000000001,0.6442105263157895,0.72
eigen_floor_100,10,split-012,0.19900942565647248,61.06414145235405,631.5476844890721,10.342365739831845,55.73826488688134,0.72,0.8495999999999999,0.6547368421052632,0.98
eigen_floor_100,10,split-013,0.1617515160626325,57.46266436619621,643.2982254456406,11.195064352499399,61.10485939319059,0.4,0.8827999999999999,0.6526315789473685,0.96
eigen_floor_100,10,split-014,0.21298792640875577,56.4731484735182,627.1591809172165,11.105440335264973,72.41625947642994,0.14,0.8384,0.6126315789473684,0.68
eigen_floor_100,10,split-015,1.4417679515182773,61.92857404251816,114.39557511509713,1.8472179746389257,522.3777838804345,0.0,0.8956000000000001,0.7452631578947368,0.0
eigen_floor_100,10,split-016,0.2827213513986644,56.54903742867336,649.7400587372462,11.4898517867219,80.01453418430734,0.08,0.8455999999999999,0.6252631578947369,0.48
eigen_floor_100,10,split-017,0.17525283475227132,58.2083676195694,639.8551971312999,10.99249512223365,68.39690101884794,0.2,0.8748,0.6589473684210526,0.86
eigen_floor_100,10,split-018,0.218444139311285,59.350511546499405,624.9231567098362,10.529364287285494,63.47320716514568,0.4,0.858,0.6589473684210526,0.88
eigen_floor_100,10,split-019,1.4424637751230982,64.32081879473668,109.9046540220929,1.708694884199551,502.80137470289907,0.0,0.8615999999999999,0.7010526315789474,0.0
eigen_floor_100,10,split-020,0.17279275853273723,60.39998842405908,631.9889753972546,10.463395637763318,63.13977360035702,0.38,0.8552,0.631578947368421,0.96
eigen_floor_100,10,split-021,0.22127789006042148,57.85315001370324,647.6815364927252,11.195268301541294,68.86973696789823,0.22,0.8164,0.5873684210526315,0.76
eigen_floor_100,10,split-022,0.20804699989835768,60.492759070725306,630.0592215662351,10.415448580045743,64.21407136421472,0.28,0.8508,0.6252631578947369,0.9
eigen_floor_100,10,split-023,0.27644814231882847,57.97122073512671,643.2335727410226,11.095739654681203,87.7038081748984,0.02,0.8640000000000001,0.6694736842105262,0.42
eigen_floor_100,10,split-024,0.16930615936229476,59.589674954998365,621.5018287731032,10.429689862253088,61.66949392636804,0.44,0.8268,0.6063157894736843,0.86
eigen_floor_100,10,split-025,0.2706018839659705,62.961403065580996,634.8168994395805,10.082635845620391,72.09912207074018,0.28,0.866,0.6547368421052632,0.82
eigen_floor_100,10,split-026,0.13385949042192077,57.435281099809686,649.8238754978247,11.31401924138886,49.942866987189625,0.72,0.8435999999999999,0.6294736842105263,0.98
eigen_floor_100,10,split-027,0.19980097092078838,60.16931652961629,641.1956785215406,10.656522551754994,63.980150473953834,0.34,0.8503999999999999,0.6210526315789474,0.9
eigen_floor_100,10,split-028,0.17749564546545865,57.54227545871424,651.0144502173395,11.313672339642407,62.62298504640279,0.36,0.8635999999999999,0.631578947368421,0.94
eigen_floor_100,10,split-029,0.20567896484373888,59.45634523219219,631.9996151893506,10.629641171539067,73.14564277843533,0.18,0.8215999999999999,0.6210526315789474,0.58
eigen_floor_100,10,split-030,0.21230058302876692,57.50739678557126,632.6844811396414,11.001793099742319,80.42949242257195,0.08,0.8532000000000001,0.64,0.52
eigen_floor_100,10,split-031,0.21201290439641016,60.130548131794754,630.6555048932173,10.48810503957057,67.18372544606822,0.24,0.8475999999999999,0.631578947368421,0.86
eigen_floor_100,10,split-032,0.19913783160614906,58.49804127666741,638.0655878460691,10.907469274540798,76.14009619740253,0.1,0.8572000000000001,0.6421052631578947,0.54
eigen_floor_100,10,split-033,1.4142578044159533,63.31035524642432,111.33056144214882,1.7584889708613127,510.30712992793525,0.0,0.9027999999999999,0.8084210526315789,0.0
eigen_floor_100,10,split-034,0.2364662658376793,56.03470754005403,633.9255843991789,11.313088123928265,74.32660186879308,0.12,0.8564,0.64,0.62
eigen_floor_100,10,split-035,0.23826389028912248,58.804461245604756,630.5422232972301,10.72269365182491,71.40797439373532,0.2,0.8795999999999999,0.6378947368421053,0.84
eigen_floor_100,10,split-036,0.3048555750245443,60.18006621878389,637.4834964410603,10.592934446490917,87.03104502199022,0.04,0.8263999999999999,0.6357894736842106,0.36
eigen_floor_100,10,split-037,0.18963931026974443,60.13816489723578,639.7779372904703,10.638467907754155,67.02760145654787,0.3,0.842,0.6231578947368421,0.86
eigen_floor_100,10,split-038,0.24352985502641103,57.85293105189544,635.288580723351,10.981095843760832,73.88192193057371,0.16,0.8475999999999999,0.6442105263157895,0.68
eigen_floor_100,10,split-039,0.12163441722015944,60.916897042351934,635.0169476227794,10.424315394483889,55.29129232328691,0.64,0.8404,0.6442105263157895,0.98
eigen_floor_100,10,split-040,0.2855971726531615,58.147489720166014,632.4743795710592,10.877071093091608,78.90059353813994,0.08,0.8831999999999999,0.6568421052631579,0.54
eigen_floor_100,10,split-041,0.30108881502955165,58.53129341855573,647.5610230045801,11.063500995508306,89.85566479699553,0.04,0.8228,0.6189473684210526,0.3
eigen_floor_100,10,split-042,0.18372627957372648,58.90258942108794,628.1106447780408,10.663548936494946,62.21967286486506,0.42,0.8884,0.6631578947368422,0.94
eigen_floor_100,10,split-043,0.17580810473219985,59.1511753606869,643.0654605591849,10.871558454045184,63.996360526321126,0.28,0.7728,0.5578947368421052,0.78
eigen_floor_100,10,split-044,1.53839384553581,64.4434089221764,108.98918276841938,1.6912386323330235,521.0829118729139,0.0,0.8575999999999999,0.7157894736842105,0.0
eigen_floor_100,10,split-045,0.22756297209912935,58.55522441600564,641.0585001246551,10.947930035589215,68.97607179721771,0.24,0.8296,0.6126315789473684,0.78
eigen_floor_100,10,split-046,0.247997486685066,58.9688650567807,637.3506467081046,10.808256969070104,78.30043323253362,0.12,0.8868,0.6757894736842105,0.8
eigen_floor_100,10,split-047,0.17582880040646998,59.86978010242733,648.1542733962303,10.826067379692144,61.59987827913257,0.44,0.8672,0.6336842105263158,0.98
eigen_floor_100,10,split-048,0.2549733408419606,55.75418342857015,629.3934340644232,11.28872122879846,74.06743427744223,0.14,0.8695999999999999,0.6378947368421053,0.7
eigen_floor_100,10,split-049,1.4859258870831666,63.52216907995053,102.58453116954907,1.6149406208159187,526.5063949300462,0.0,0.8068000000000001,0.671578947368421,0.0
eigen_floor_100,10,split-050,0.25785002365010207,60.09982748840585,638.2167756505065,10.619277996656946,80.0262873823543,0.12,0.8476,0.6442105263157895,0.54
eigen_floor_100,10,split-051,1.3724208017321007,63.82828513633714,95.768346732448,1.5004060743271876,508.8729105665241,0.0,0.9231999999999999,0.8021052631578948,0.0
eigen_floor_100,10,split-052,0.20775665181881575,60.18560672971492,631.1503546202212,10.486732441771808,63.87620148933788,0.4,0.8296000000000001,0.6147368421052631,0.88
eigen_floor_100,10,split-053,0.2007842391749656,57.51384006944547,638.0259213394911,11.093432825370423,73.57297242689357,0.16,0.8504,0.648421052631579,0.7
eigen_floor_100,10,split-054,0.2944362919983507,58.91966444680379,633.7022231232964,10.755360355038016,85.36101576380648,0.04,0.8348,0.6673684210526316,0.32
eigen_floor_100,10,split-055,0.22565237058736656,59.410336729573075,635.5258041042805,10.697226090420905,71.01542966559902,0.2,0.8119999999999999,0.6210526315789474,0.74
eigen_floor_100,10,split-056,0.26455163811533255,58.580867618148574,634.4994494079657,10.831171937292977,71.46915336350118,0.2,0.8428,0.6294736842105263,0.76
eigen_floor_100,10,split-057,0.16809399863236849,58.862204675861534,631.450689732004,10.727608542854188,74.51516302218937,0.18,0.8636,0.6547368421052632,0.62
eigen_floor_100,10,split-058,1.4723328723856806,60.79636761986552,110.799018526884,1.8224611578715413,530.4452909780729,0.0,0.8819999999999999,0.7389473684210527,0.0
eigen_floor_100,10,split-059,0.1868830722221575,63.37371268547922,624.707634673948,9.857519911676041,58.38640509520904,0.62,0.8524,0.631578947368421,0.96
eigen_floor_100,10,split-060,0.31670226096344256,56.35932416400276,633.0343696716606,11.232114278545335,87.52918487027846,0.02,0.9012,0.7178947368421053,0.42
eigen_floor_100,10,split-061,0.243060125751706,60.51402193028008,637.8616898997582,10.540725431118373,67.05306145235211,0.34,0.8348,0.6336842105263158,0.84
eigen_floor_100,10,split-062,0.18629249957543864,56.43168418382395,637.8092114539683,11.302324583762738,63.70230616463905,0.32,0.8812,0.631578947368421,0.92
eigen_floor_100,10,split-063,0.28752560392085585,58.42856259384331,643.7546545577744,11.017807489681555,68.73097152360745,0.18,0.8588,0.631578947368421,0.86
eigen_floor_100,10,split-064,0.18570211083429325,56.90986422237674,625.3284596556155,10.988050458390282,64.1193876339468,0.32,0.878,0.6294736842105263,0.94
eigen_floor_100,10,split-065,0.16873406113466155,60.881386006125126,652.2713302333167,10.713805532740224,63.23301748325095,0.44,0.8044,0.5747368421052632,0.86
eigen_floor_100,10,split-066,0.23938901986225145,60.25009387773134,629.1572009730802,10.442426898949929,69.78208726931321,0.18,0.8864000000000001,0.6884210526315789,0.86
eigen_floor_100,10,split-067,1.5032633171047274,63.38926335343283,110.10984799943124,1.737042555385182,522.1405065572183,0.0,0.8887999999999999,0.7347368421052631,0.0
eigen_floor_100,10,split-068,0.2843266671937679,58.95567942812689,634.9268735036636,10.769562485963808,88.00637574372743,0.02,0.8388,0.6421052631578947,0.36
eigen_floor_100,10,split-069,1.5186826016457404,62.99499484101352,107.78121737306829,1.7109489038785706,522.1452332492222,0.0,0.8592,0.7073684210526316,0.0
eigen_floor_100,10,split-070,0.268375578163282,59.335599529075964,626.003372381266,10.550215677428325,84.6902931323546,0.02,0.876,0.6736842105263158,0.4
eigen_floor_100,10,split-071,0.20612290703849528,56.87404712095532,636.4852743216978,11.191137373573403,83.58339603099274,0.04,0.8832,0.6905263157894738,0.48
eigen_floor_100,10,split-072,1.3902554273823513,61.182427075070834,109.28807336669308,1.7862657398765274,528.0301981302072,0.0,0.8864,0.7305263157894737,0.0
eigen_floor_100,10,split-073,0.23787153328746793,59.92256331861646,644.6609940843026,10.758234601156028,68.39288940078546,0.24,0.856,0.6294736842105263,0.84
eigen_floor_100,10,split-074,0.24587092595632,55.67849795382887,634.628422406779,11.398088054261839,84.91742003163907,0.02,0.88,0.6842105263157895,0.48
eigen_floor_100,10,split-075,0.14997270293758283,62.54114050649241,644.0906881471863,10.298671929085192,61.838126187760665,0.52,0.7604,0.5684210526315789,0.9
eigen_floor_100,10,split-076,1.3210309418047244,66.27420568358932,94.79438380705459,1.4303360233335454,515.9781415361567,0.0,0.8924,0.7852631578947369,0.0
eigen_floor_100,10,split-077,0.21483869927313975,58.96677406885405,640.6548721357244,10.86467561185639,81.28297418333733,0.06,0.8796,0.68,0.52
eigen_floor_100,10,split-078,0.2078929680730121,57.40523372471043,644.9415721069828,11.234891494385883,70.05343974066751,0.22,0.8576,0.6357894736842105,0.82
eigen_floor_100,10,split-079,0.21462852322726092,57.457689398357836,642.3643088019658,11.17977968707396,69.14751198669349,0.24,0.878,0.648421052631579,0.84
eigen_floor_100,10,split-080,0.2652479990523431,59.995954825994204,652.8981654691441,10.882369775808044,87.10324356092309,0.06,0.7888,0.5978947368421053,0.34
eigen_floor_100,10,split-081,0.16741582672188282,59.742792798921165,634.186044124657,10.615272812222951,67.72115892964281,0.22,0.824,0.6442105263157895,0.78
eigen_floor_100,10,split-082,0.2593615537778107,59.07026901334734,645.6373876828336,10.929988951581501,82.29799102635901,0.06,0.842,0.6421052631578947,0.46
eigen_floor_100,10,split-083,1.4209512954567307,63.37257530231001,111.7545858063539,1.7634534382300904,501.4420402574061,0.0,0.8976,0.7263157894736842,0.0
eigen_floor_100,10,split-084,0.23165863677431917,56.543377782857334,637.7128038156258,11.278293388566642,62.10386083579225,0.36,0.8271999999999999,0.6147368421052631,0.9
eigen_floor_100,10,split-085,0.28408888925544107,58.444846402165766,642.348144645062,10.99067213257761,90.13160572451508,0.02,0.8368,0.6589473684210526,0.38
eigen_floor_100,10,split-086,0.2728643413546527,56.1236079031802,642.0389705058683,11.439730881404857,89.12638588567268,0.02,0.9036000000000001,0.7136842105263158,0.42
eigen_floor_100,10,split-087,0.3160939143974471,56.964557407423115,636.0901611613709,11.166419789974201,88.2337288813421,0.08,0.8811999999999999,0.6673684210526316,0.42
eigen_floor_100,10,split-088,0.17514338696468326,57.35054298304631,629.5272934690352,10.976832314475784,72.11189093273508,0.16,0.8732,0.6568421052631579,0.82
eigen_floor_100,10,split-089,0.20792490766206573,58.979321256211406,641.4803867676267,10.87636095337515,63.57213552411516,0.38,0.8315999999999999,0.6189473684210527,0.84
eigen_floor_100,10,split-090,1.3556211359591448,64.90567764505501,107.74324531978169,1.6599972333543669,518.0864382222596,0.0,0.8912,0.7684210526315789,0.0
eigen_floor_100,10,split-091,0.3690969511045527,61.82548044625182,623.2942887242731,10.081511445206415,88.51941508748966,0.08,0.8824,0.6631578947368422,0.54
eigen_floor_100,10,split-092,0.2851066841420878,58.543425480590685,654.4123830644425,11.178238678250974,82.07925940972235,0.08,0.8300000000000001,0.6294736842105263,0.42
eigen_floor_100,10,split-093,1.4971671027401467,66.72261641618601,110.03364147534303,1.6491206038594486,529.8626116281445,0.0,0.7944,0.6357894736842105,0.0
eigen_floor_100,10,split-094,0.20909702845607533,57.97400646965593,641.4860966691386,11.065064081863959,67.91437141306159,0.24,0.8664,0.6463157894736842,0.84
eigen_floor_100,10,split-095,0.19386563717534108,56.95167228667643,641.1751062337023,11.258231417792839,72.7559736387609,0.12,0.8395999999999999,0.6231578947368421,0.62
eigen_floor_100,10,split-096,0.14392213660767514,57.06661452697156,650.6969257094283,11.402409817072424,56.48458076584822,0.52,0.8144,0.6231578947368421,0.92
eigen_floor_100,10,split-097,0.24938411028785962,57.13183824469479,644.5591859751377,11.281961263253958,80.05219673232499,0.08,0.8528,0.631578947368421,0.48
eigen_floor_100,10,split-098,0.2678245516054924,60.84138568583069,615.1963977556268,10.111479066771148,85.15494154686925,0.02,0.8896,0.7115789473684211,0.5
eigen_floor_100,10,split-099,0.24987140422811513,57.52698136273058,637.5226185574746,11.082149687946254,72.4275843805389,0.12,0.8724,0.671578947368421,0.74
eigen_floor_100,20,split-000,0.19328147759274591,55.07892506076969,635.9791217276843,11.54668724972384,91.0093607815908,0.025,0.8375,0.631578947368421,0.32
eigen_floor_100,20,split-001,0.23589230592429195,55.515930147310925,630.3567488649187,11.354520174520607,91.93357680691429,0.025,0.859,0.6421052631578947,0.24
eigen_floor_100,20,split-002,0.2078497512689128,56.83792715134511,635.4460422819069,11.179965106571776,69.20324600259265,0.175,0.8654999999999999,0.6236842105263158,0.84
eigen_floor_100,20,split-003,0.2935874863234123,58.38623463259122,618.0998773607861,10.586397311803397,98.33398898082167,0.025,0.8915,0.6710526315789473,0.32
eigen_floor_100,20,split-004,0.240964347521791,56.52006443485128,630.5704576760078,11.156577119667734,80.1327235859313,0.1,0.8694999999999999,0.6342105263157894,0.56
eigen_floor_100,20,split-005,1.4464643886958077,53.794776620688445,99.87509734017704,1.8565947033185928,574.0520273099512,0.0,0.8759999999999999,0.6921052631578948,0.0
eigen_floor_100,20,split-006,0.20694893784888185,55.2603760869234,637.9691424182605,11.54478466477949,73.36876118329128,0.15,0.8520000000000001,0.6131578947368421,0.62
eigen_floor_100,20,split-007,0.26715497995785636,56.755227791380996,637.9777856250864,11.240863801483526,79.89356693279854,0.05,0.8255000000000001,0.6236842105263158,0.46
eigen_floor_100,20,split-008,0.201929861653642,57.099512477829066,638.2431572764756,11.177733917155534,74.16011704840979,0.125,0.8520000000000001,0.631578947368421,0.6
eigen_floor_100,20,split-009,1.4030221117538197,57.69367074528729,103.08643391528014,1.786789306064405,573.2326632679136,0.0,0.867,0.7026315789473685,0.0
eigen_floor_100,20,split-010,0.1824228585559651,57.73554764073643,646.8579380374304,11.203807090608201,62.22654856566382,0.4,0.7755,0.5894736842105264,0.82
eigen_floor_100,20,split-011,0.2416942978055337,55.70104604017241,629.27269562915,11.297322767965783,78.0966262071518,0.1,0.856,0.6210526315789474,0.56
eigen_floor_100,20,split-012,0.2323057693192689,56.98638320109878,633.7835187043177,11.121665968302711,89.74500052997213,0.025,0.8315,0.65,0.24
eigen_floor_100,20,split-013,0.17887447774275814,56.12312864688583,647.3659850087226,11.534745133005762,73.80714052655381,0.15,0.8375,0.6078947368421053,0.62
eigen_floor_100,20,split-014,0.17427810933063725,54.57020080839341,625.856860608217,11.468839244438959,70.20096683832328,0.175,0.8245,0.5842105263157895,0.6
eigen_floor_100,20,split-015,1.443854128125515,56.42703363534952,102.1784666949372,1.8108069858013243,578.8938350596205,0.0,0.9015,0.7394736842105263,0.0
eigen_floor_100,20,split-016,0.22251443970593504,54.26239695048541,645.7111307908784,11.899790040238946,80.44150193814072,0.075,0.8305,0.6026315789473684,0.42
eigen_floor_100,20,split-017,1.4871292308369986,56.86410419838903,101.45353033352109,1.784140131348368,581.5745151552659,0.0,0.84,0.6473684210526316,0.0
eigen_floor_100,20,split-018,0.19850986585887284,58.03365330729689,626.9988348355856,10.804055907277332,69.95658437709032,0.225,0.8384999999999999,0.6131578947368421,0.8
eigen_floor_100,20,split-019,1.5034028445413428,58.497657443406446,105.65552193869635,1.8061496230154648,567.7669910171375,0.0,0.859,0.6868421052631579,0.0
eigen_floor_100,20,split-020,0.18096870223354683,55.52864124725335,629.6926709383685,11.33996180699839,73.23583196471422,0.175,0.8554999999999999,0.6157894736842106,0.7
eigen_floor_100,20,split-021,1.486622366730912,57.08781773313855,104.67545261248043,1.8335865123062505,571.4386424131036,0.0,0.8325,0.65,0.0
eigen_floor_100,20,split-022,1.4901635693022155,57.95289560786125,102.89836361800458,1.7755517224586534,564.571085343748,0.0,0.8744999999999999,0.7000000000000001,0.0
eigen_floor_100,20,split-023,0.2738682437017568,55.816632741059564,636.4653067605008,11.402789374865087,95.18184435333211,0.025,0.8795000000000001,0.6763157894736842,0.22
eigen_floor_100,20,split-024,0.23729583797133766,56.3690974431211,622.656076308147,11.04605368103391,77.98698860096933,0.05,0.864,0.6263157894736842,0.48
eigen_floor_100,20,split-025,1.4322015652679845,59.60465934896823,89.22918576516626,1.4970169570595968,565.0737277935061,0.0,0.9095,0.8131578947368421,0.0
eigen_floor_100,20,split-026,0.18960849483316716,57.22658410730733,636.8357935450535,11.128320927751044,64.55925786998218,0.25,0.8335,0.6210526315789474,0.84
eigen_floor_100,20,split-027,0.21818658460563659,57.81470996919643,643.3299075547525,11.12744330807017,76.76292822521252,0.075,0.8160000000000001,0.5763157894736842,0.44
eigen_floor_100,20,split-028,0.17818347987588964,55.70505092221251,636.8817334900245,11.433105668988206,72.27785752602692,0.2,0.8544999999999999,0.6078947368421053,0.72
eigen_floor_100,20,split-029,0.2285155449439583,57.85065722441364,634.6098145813866,10.969794381412386,77.3840129683243,0.1,0.831,0.6157894736842106,0.5
eigen_floor_100,20,split-030,0.1689775980152106,55.708841829453306,634.3255516492038,11.386442992139813,71.0218308356287,0.175,0.8184999999999999,0.6026315789473684,0.62
eigen_floor_100,20,split-031,0.24623878012179767,55.41791082480603,632.9300134486332,11.421037062359316,76.16080477311344,0.05,0.865,0.6447368421052632,0.52
eigen_floor_100,20,split-032,1.4741117971611253,57.29392132414657,103.66465661700586,1.8093482558212735,578.612647232803,0.0,0.859,0.6815789473684211,0.0
eigen_floor_100,20,split-033,1.4933543704468635,57.64304880264271,101.48272868785534,1.7605371470775286,574.6372154077156,0.0,0.866,0.6894736842105263,0.0
eigen_floor_100,20,split-034,0.21478374604038092,53.492430039814366,630.2047445599371,11.781194910959856,91.29509100565255,0.025,0.883,0.6842105263157895,0.26
eigen_floor_100,20,split-035,0.23399725535998384,55.25506923291077,625.7753188347938,11.325211017237715,78.69514945348742,0.075,0.883,0.6368421052631579,0.5
eigen_floor_100,20,split-036,0.24764483723129543,58.34943508593551,635.0702145604115,10.883913676715068,91.72527581459568,0.025,0.8085,0.6342105263157894,0.24
eigen_floor_100,20,split-037,1.4653977242349552,58.988257489504555,105.8745710547372,1.794841474569322,565.622324544919,0.0,0.8949999999999999,0.7763157894736843,0.0
eigen_floor_100,20,split-038,0.1990034491130864,60.36277272799107,636.1571989771915,10.538899560559722,77.28676755770448,0.125,0.8075000000000001,0.6131578947368421,0.48
eigen_floor_100,20,split-039,0.217140846580015,56.09799167369657,630.8727860925444,11.24590680112262,91.08943615594492,0.025,0.8545,0.65,0.34
eigen_floor_100,20,split-040,0.22913363998342995,55.982087427116404,627.2185797791432,11.203915548803442,78.50995785908894,0.05,0.8975,0.6894736842105263,0.52
eigen_floor_100,20,split-041,0.21838444413692393,52.85338315093296,638.7779149812637,12.085847241927938,77.97263282578173,0.075,0.871,0.6105263157894737,0.5
eigen_floor_100,20,split-042,0.20566795834798265,55.65798474366872,628.2089155819617,11.286950443411852,67.2024671308301,0.25,0.8664999999999999,0.6236842105263158,0.84
eigen_floor_100,20,split-043,0.18792215327956782,56.914242256253736,647.6762599098499,11.379862653599385,70.99412811086458,0.2,0.789,0.5526315789473685,0.52
eigen_floor_100,20,split-044,1.4778282615768235,57.56955255433884,85.09725073046458,1.4781641849681366,576.4361544331878,0.0,0.8564999999999999,0.7078947368421052,0.0
eigen_floor_100,20,split-045,0.18227696640188612,54.6113530060869,633.7446537424375,11.604631983239846,74.24503015690156,0.15,0.8225,0.5842105263157895,0.52
eigen_floor_100,20,split-046,0.22358017109494044,56.928264121175395,626.1231365845551,10.99845825707618,80.10270471776292,0.075,0.8715,0.6447368421052632,0.52
eigen_floor_100,20,split-047,0.23181939613699587,55.013840602269475,637.0994961931184,11.580712948203734,93.85222926330638,0.025,0.9019999999999999,0.7105263157894737,0.3
eigen_floor_100,20,split-048,0.23137154257467996,54.26626334374083,630.4001519507913,11.61679675561267,77.54980495285496,0.075,0.8794999999999998,0.631578947368421,0.58
eigen_floor_100,20,split-049,1.49455139269548,56.80998406062672,101.32823850612378,1.783634341421182,579.7004614122595,0.0,0.8415,0.6631578947368422,0.0
eigen_floor_100,20,split-050,1.4472439548476257,56.557842427992185,83.75607023197693,1.4808922447600923,580.0940723822341,0.0,0.873,0.736842105263158,0.0
eigen_floor_100,20,split-051,1.385527586447893,55.889301696072934,82.77289894167926,1.4810150857099598,566.5646250456931,0.0,0.9085,0.8026315789473685,0.0
eigen_floor_100,20,split-052,1.5623464903236142,61.72549767706006,103.39437935294424,1.6750675692222112,577.3738937365862,0.0,0.781,0.618421052631579,0.0
eigen_floor_100,20,split-053,0.2564165227292728,55.76563036385983,639.6808248576195,11.470879476907681,92.22923908839216,0.025,0.88,0.6657894736842105,0.32
eigen_floor_100,20,split-054,0.2712142069985526,54.49597168104615,630.9097503643613,11.577181411810544,92.84001230621448,0.025,0.8845000000000001,0.6657894736842105,0.26
eigen_floor_100,20,split-055,0.22794464239500586,54.73290635709302,640.8014455261299,11.70779131196431,76.32905370270662,0.1,0.841,0.6105263157894737,0.48
eigen_floor_100,20,split-056,0.19884309779814963,55.072846133849424,635.7923135915945,11.54456975124112,71.81847185396329,0.175,0.8374999999999999,0.5973684210526315,0.72
eigen_floor_100,20,split-057,0.1738688051062329,54.0884114848009,625.9899352644295,11.573457568454115,75.14928965047451,0.075,0.888,0.6368421052631579,0.58
eigen_floor_100,20,split-058,1.4584300672994188,55.43210096712805,101.56981053471199,1.8323283578037968,573.4337663039262,0.0,0.8775,0.6868421052631579,0.0
eigen_floor_100,20,split-059,0.24667943266653164,61.99801227609143,622.4287726940283,10.039495619991971,81.58329086672788,0.1,0.864,0.6342105263157894,0.62
eigen_floor_100,20,split-060,1.4676508435557643,55.7096482776515,83.78378726990722,1.503936748125512,576.0978960895349,0.0,0.878,0.7157894736842105,0.0
eigen_floor_100,20,split-061,0.17364076969117348,55.74756962096012,634.8308459768218,11.387596809926874,66.86619133167322,0.275,0.821,0.618421052631579,0.84
eigen_floor_100,20,split-062,0.22367147166391282,58.34060287150743,635.4572205336093,10.892194959540879,76.54468636024168,0.125,0.8315,0.6052631578947368,0.48
eigen_floor_100,20,split-063,0.2467358412251614,55.53722867561215,636.7093766883681,11.464550750404365,77.6861125536848,0.125,0.8464999999999999,0.5973684210526315,0.48
eigen_floor_100,20,split-064,1.3976631385395335,54.4437711263227,100.28669300119431,1.8420232641215273,571.1975836528698,0.0,0.905,0.7447368421052631,0.0
eigen_floor_100,20,split-065,1.41235286195043,55.67078244499885,84.28878141758982,1.5140577824797907,571.68882591794,0.0,0.8915,0.736842105263158,0.0
eigen_floor_100,20,split-066,0.23867556483772995,58.84928411926242,625.7220027892947,10.632618767650985,77.15237826568907,0.075,0.863,0.6473684210526316,0.58
eigen_floor_100,20,split-067,1.443302336852297,55.80001147171437,101.4909909877652,1.818834590011009,573.4346364550663,0.0,0.9069999999999999,0.7657894736842106,0.0
eigen_floor_100,20,split-068,0.2872068314147312,56.261940537812364,642.2417603995389,11.4152081186731,95.74731566918004,0.025,0.834,0.6447368421052632,0.26
eigen_floor_100,20,split-069,1.533144214776427,58.476704639863954,100.8842990074055,1.725204927820642,578.7844436889233,0.0,0.8270000000000001,0.6605263157894736,0.0
eigen_floor_100,20,split-070,0.25211968312954663,56.47554705623797,629.8166466212577,11.152023830669414,90.06957847228163,0.025,0.86,0.6552631578947369,0.32
eigen_floor_100,20,split-071,1.4472069070158196,54.85428645321164,86.65115163534931,1.5796605377276949,579.3153874969715,0.0,0.8819999999999999,0.7315789473684211,0.0
eigen_floor_100,20,split-072,1.4652378921852365,57.55776715511854,101.81162353580564,1.7688598527705683,577.8688587141418,0.0,0.8775000000000001,0.7210526315789474,0.0
eigen_floor_100,20,split-073,0.18885847717670623,56.546376744373916,633.9612555629275,11.21135061276943,69.93599983265943,0.2,0.8485,0.618421052631579,0.84
eigen_floor_100,20,split-074,0.26518496578142164,54.16680215104967,634.4697509232122,11.713258411562277,94.07764967984315,0.025,0.8739999999999999,0.6394736842105263,0.24
eigen_floor_100,20,split-075,0.16399394712784804,54.99278559388763,636.7988585125843,11.579679982302325,68.47981934962327,0.225,0.8034999999999999,0.5815789473684211,0.7
eigen_floor_100,20,split-076,1.3952996565175875,56.500680581454645,88.49116288442444,1.5661964063751492,569.149737785567,0.0,0.911,0.786842105263158,0.0
eigen_floor_100,20,split-077,0.2524783750790872,57.47508113938008,636.9366713827858,11.081962108729886,91.18489248077984,0.025,0.8524999999999999,0.6421052631578947,0.32
eigen_floor_100,20,split-078,0.19869314334284596,55.171891355140346,640.7496547544096,11.613697464709285,73.16963000847183,0.175,0.8205,0.6026315789473684,0.54
eigen_floor_100,20,split-079,0.21089190693321494,54.980594156931524,635.7846870327022,11.563801679152052,76.97020952388779,0.1,0.847,0.6105263157894737,0.48
eigen_floor_100,20,split-080,0.23039433449464003,55.109171850550965,642.9622474715046,11.667064226897406,89.98887856941691,0.05,0.8089999999999999,0.6,0.22
eigen_floor_100,20,split-081,0.21382439687824575,57.80100900437017,631.3688339102542,10.923145543402507,69.7403768125452,0.2,0.7975,0.5921052631578947,0.62
eigen_floor_100,20,split-082,0.21293008709035519,55.27872857030369,647.8370328805242,11.719463338535414,81.4531088811036,0.075,0.8180000000000001,0.5973684210526315,0.46
eigen_floor_100,20,split-083,1.4880503949228046,56.53500405178928,106.46239324391847,1.8831234742000347,565.9185812505749,0.0,0.876,0.7052631578947368,0.0
eigen_floor_100,20,split-084,1.5024025237670067,57.41867647803312,104.09976020785358,1.812994770920563,569.8741389546874,0.0,0.874,0.6947368421052632,0.0
eigen_floor_100,20,split-085,1.4903668838651323,56.73334651472449,85.63131510379901,1.5093647804043147,577.9884836649768,0.0,0.865,0.7210526315789474,0.0
eigen_floor_100,20,split-086,0.25165183039683403,54.17962558848755,635.9243055136117,11.737332966153556,92.84940196077243,0.025,0.8955,0.7026315789473685,0.34
eigen_floor_100,20,split-087,0.27235193792517254,55.25068179376366,637.1169272810903,11.531385796455528,95.18969943321054,0.025,0.864,0.6368421052631579,0.32
eigen_floor_100,20,split-088,0.20254610386738142,54.88029898468858,629.60221012529,11.47228097829691,79.2215239915467,0.125,0.8714999999999999,0.6105263157894737,0.66
eigen_floor_100,20,split-089,1.4740577234210344,56.674234772013605,83.4601835143916,1.472630091083386,570.7085292630723,0.0,0.8975,0.7421052631578947,0.0
eigen_floor_100,20,split-090,1.463485967453216,55.794092735869825,101.59880778947128,1.820959940516315,577.6416300023636,0.0,0.8634999999999999,0.6973684210526316,0.0
eigen_floor_100,20,split-091,0.2743600232939904,57.81818831292058,627.6606661438288,10.855765018904371,91.19308500575562,0.025,0.8455,0.6368421052631579,0.3
eigen_floor_100,20,split-092,0.21615311447179122,54.916354063539316,644.821471273542,11.741884221364563,77.69083320536758,0.125,0.8254999999999999,0.6052631578947368,0.48
eigen_floor_100,20,split-093,1.4627273364789757,57.898466093875776,101.56197737591717,1.7541393447495823,573.829610743125,0.0,0.869,0.6842105263157895,0.0
eigen_floor_100,20,split-094,0.29172154685758966,58.130978977718954,643.7427649684139,11.07400522559846,92.74356483603574,0.025,0.8485,0.6710526315789473,0.22
eigen_floor_100,20,split-095,0.22113655492108494,54.307780937073815,629.6590859370438,11.594270196136847,79.19505059786879,0.05,0.8959999999999999,0.6894736842105262,0.52
eigen_floor_100,20,split-096,1.4539876703718089,55.205931824710845,108.13666656944108,1.9587870903582465,583.9925056867387,0.0,0.8795000000000001,0.7157894736842105,0.0
eigen_floor_100,20,split-097,1.5143485700452888,56.0323523131994,104.17685831074785,1.8592269289077692,579.7685251749161,0.0,0.8775000000000001,0.6947368421052632,0.0
eigen_floor_100,20,split-098,1.4337228656758496,57.19673960690971,80.28496910851494,1.403663384666353,569.8686997949922,0.0,0.8845000000000001,0.7526315789473684,0.0
eigen_floor_100,20,split-099,1.4321772050635337,57.36882356947226,106.46728778892775,1.8558387842832167,572.7047502529267,0.0,0.9010000000000001,0.7526315789473684,0.0
diagonal_blend_010,10,split-000,0.12657197220263977,72.54920775583479,828.9409406656927,11.425913063799445,71.99231185522733,0.54,0.8124,0.5747368421052632,0.86
diagonal_blend_010,10,split-001,0.1582415841510655,66.76314700363778,829.4482561790606,12.423744137373658,73.25500686496011,0.32,0.8535999999999999,0.6,0.92
diagonal_blend_010,10,split-002,0.17901354758421198,67.62944384446476,834.8345041037438,12.344246184009869,71.87178029348709,0.38,0.8884,0.6463157894736842,0.94
diagonal_blend_010,10,split-003,0.33853230590058214,69.73891874357574,805.6426274283682,11.552267255399382,107.65060071122923,0.04,0.8944,0.6821052631578948,0.4
diagonal_blend_010,10,split-004,0.23974251660601106,67.78541303901729,821.3059644040558,12.116264068957019,79.60772930490585,0.22,0.8936,0.6905263157894737,0.88
diagonal_blend_010,10,split-005,0.18089751933027046,66.72299339328583,823.6629962411688,12.344515051749042,79.32146653062519,0.24,0.822,0.6042105263157895,0.7
diagonal_blend_010,10,split-006,0.17642830048572614,69.26631664981518,831.4231853994237,12.003282773108769,71.08356521395001,0.44,0.8748,0.6526315789473685,0.96
diagonal_blend_010,10,split-007,0.2227160879665273,69.53881480279233,855.9132365614681,12.308424280580331,75.04327943021883,0.32,0.7808,0.56,0.76
diagonal_blend_010,10,split-008,0.23108766493569152,68.60529019689756,853.2431130526074,12.436987156585083,90.40638536597194,0.08,0.8912,0.7010526315789474,0.74
diagonal_blend_010,10,split-009,0.13499677682906197,69.11979329326235,837.2970914511717,12.113709424718284,73.0048841913961,0.32,0.8728,0.6526315789473685,0.94
diagonal_blend_010,10,split-010,0.12614939483149884,69.7502066878591,848.899627287904,12.170567910814027,62.06565709681071,0.7,0.8039999999999999,0.6126315789473684,0.98
diagonal_blend_010,10,split-011,0.2133107555549486,66.64089220924316,836.007391781142,12.544960970153202,83.34405398790403,0.1,0.8836,0.6547368421052632,0.72
diagonal_blend_010,10,split-012,0.19934408092191452,71.8683377393236,830.9544279169899,11.56217680908353,65.58037981575849,0.68,0.8612,0.6547368421052632,0.98
diagonal_blend_010,10,split-013,0.15887237654788308,66.85812893406703,844.6474107782434,12.633428787862176,71.59912964320904,0.4,0.8884,0.6673684210526316,0.98
diagonal_blend_010,10,split-014,0.18151545599524882,66.89557526525354,816.6217949558547,12.20741120347341,79.32077588955909,0.18,0.8488,0.6273684210526316,0.82
diagonal_blend_010,10,split-015,1.5464138476462346,74.20981768173547,128.29681988112046,1.7288389041912022,685.6522307366864,0.0,0.9039999999999999,0.7557894736842106,0.0
diagonal_blend_010,10,split-016,0.2689987443551268,66.32416758462821,843.4589031354587,12.717218079808138,87.57232338421066,0.1,0.8572,0.6126315789473684,0.48
diagonal_blend_010,10,split-017,0.16285609712241436,67.00016550344169,834.1299441562719,12.449669905866486,74.81267965684623,0.24,0.8819999999999999,0.6631578947368422,0.9
diagonal_blend_010,10,split-018,0.2013766340709558,69.43887425377423,820.610872165568,11.817744469279974,72.47125597020317,0.42,0.8655999999999999,0.6610526315789473,0.9
diagonal_blend_010,10,split-019,1.541055859495807,76.19841037390219,125.05126600789333,1.641126965697478,657.2572024479947,0.0,0.8779999999999999,0.72,0.0
diagonal_blend_010,10,split-020,0.1773383710560706,69.41619837436274,823.5751516707446,11.86430791310682,72.51939315185712,0.36,0.8715999999999999,0.6378947368421053,0.94
diagonal_blend_010,10,split-021,0.20445419193804962,67.52636458604812,843.5224951096193,12.491750448592974,75.36937081248416,0.24,0.8308,0.5831578947368421,0.84
diagonal_blend_010,10,split-022,0.20803311291714988,69.76390434350104,821.7058637927279,11.778381263566352,74.83699120577049,0.26,0.8679999999999999,0.6378947368421053,0.9
diagonal_blend_010,10,split-023,0.2584098760452882,67.72394410456161,842.6376365299656,12.442241037069323,99.33908331530898,0.02,0.8768,0.6968421052631579,0.44
diagonal_blend_010,10,split-024,0.15200458374218423,69.86955787402084,812.3301315224799,11.626381449087765,67.87945903193399,0.56,0.8376,0.608421052631579,0.96
diagonal_blend_010,10,split-025,0.23055949839524828,73.168657048647,829.8681446260841,11.341852893026818,75.39288611231733,0.38,0.872,0.6652631578947368,0.94
diagonal_blend_010,10,split-026,0.1419145606372626,67.35269435952995,850.6057824272119,12.629127765649022,59.03683379155106,0.72,0.8444,0.6273684210526316,0.98
diagonal_blend_010,10,split-027,0.1965953837230384,69.81159437975649,833.5650337117484,11.94020908872782,74.09547669103362,0.32,0.8672000000000001,0.6378947368421053,0.92
diagonal_blend_010,10,split-028,0.14654512955794577,66.62139790837413,852.6698299243118,12.798738193650744,68.00555763194328,0.46,0.8692000000000001,0.6463157894736842,0.96
diagonal_blend_010,10,split-029,0.18993716129854493,69.58031110908743,826.1731833221277,11.873663255498531,81.8479873518273,0.14,0.8395999999999999,0.6273684210526316,0.66
diagonal_blend_010,10,split-030,0.19194659209653678,67.92346565776666,830.58806947274,12.228293439231587,87.22597950985902,0.16,0.862,0.6463157894736842,0.66
diagonal_blend_010,10,split-031,0.19185638734683882,69.31181117908865,824.5940861679004,11.89687691232458,73.77740784236096,0.32,0.8568,0.6463157894736842,0.9
diagonal_blend_010,10,split-032,0.16378141898304177,67.2889920733285,835.8706623698041,12.422101098778684,84.2942325031756,0.14,0.8727999999999999,0.6463157894736842,0.72
diagonal_blend_010,10,split-033,1.5091461970243887,75.5512140363489,124.78454601468601,1.6516550740620817,668.9385665615814,0.0,0.9112,0.8147368421052631,0.0
diagonal_blend_010,10,split-034,0.2186259394046349,65.87337952858255,823.7122069859054,12.504477725004158,84.68595443186597,0.14,0.8676,0.6336842105263158,0.62
diagonal_blend_010,10,split-035,0.23282590993160396,69.39094810220192,824.0795130957208,11.875893551446822,82.1070622640661,0.2,0.89,0.6526315789473685,0.86
diagonal_blend_010,10,split-036,0.2854935417332077,69.74931917271437,831.1002681928678,11.915532338529129,99.3551609832248,0.04,0.8416,0.64,0.32
diagonal_blend_010,10,split-037,0.16249558411457685,69.57107214966825,839.1489594901841,12.061751149744003,74.50622117616388,0.4,0.8475999999999999,0.6189473684210526,0.9
diagonal_blend_010,10,split-038,0.24221777700082184,67.567089528118,832.8083747747887,12.325651150449747,82.75549422225232,0.2,0.8592,0.648421052631579,0.8
diagonal_blend_010,10,split-039,0.09827235881177282,70.34377076029574,835.9937458231462,11.884403363474618,61.725432206936,0.66,0.8504,0.6526315789473685,0.98
diagonal_blend_010,10,split-040,0.26098130341982306,68.53826973342305,823.8057160677514,12.019645655951221,87.47299673091733,0.12,0.8944,0.6442105263157895,0.64
diagonal_blend_010,10,split-041,0.2696947142425648,69.24618671688228,842.2713310360995,12.16343268806675,98.99859002496441,0.04,0.8355999999999999,0.608421052631579,0.36
diagonal_blend_010,10,split-042,0.16874991501920042,68.91887085240441,823.378227717241,11.947064969775479,70.63989246746945,0.44,0.8976,0.6884210526315789,0.98
diagonal_blend_010,10,split-043,0.1672414707736929,67.58085401067632,840.3058260015201,12.434081195078859,70.01534841174345,0.46,0.786,0.56,0.86
diagonal_blend_010,10,split-044,1.6462015044031681,75.13854148897833,122.78747183185557,1.6341476610890378,680.7591546767235,0.0,0.8752,0.7452631578947368,0.0
diagonal_blend_010,10,split-045,0.20087144108787333,68.71641723390186,837.9993787169394,12.195038863340285,75.23162829801268,0.26,0.8408000000000001,0.6063157894736843,0.82
diagonal_blend_010,10,split-046,0.2320277875887165,67.62020475363593,832.5644946248675,12.312362816087164,88.75352423740878,0.1,0.8976,0.6926315789473684,0.8
diagonal_blend_010,10,split-047,0.18055695349015735,68.92553903239497,844.2127119579923,12.248184400287574,74.45957895044552,0.38,0.8704,0.6442105263157895,0.9
diagonal_blend_010,10,split-048,0.25208209584146546,64.77477699729786,820.336999084271,12.664451150769567,80.83530411446056,0.14,0.8824,0.6463157894736842,0.82
diagonal_blend_010,10,split-049,1.5608922849269404,76.92562652595392,119.03358897494246,1.5473853688378054,680.6696169993904,0.0,0.8180000000000001,0.6631578947368422,0.0
diagonal_blend_010,10,split-050,0.2438939763568982,69.90684992900228,833.0000730412729,11.915857657543883,90.48662665643552,0.12,0.8648,0.6547368421052632,0.52
diagonal_blend_010,10,split-051,1.469966213501186,77.06410136348569,108.83893367612283,1.4123169121607717,665.1019553911632,0.0,0.932,0.8231578947368421,0.0
diagonal_blend_010,10,split-052,0.18064513859852535,69.76585099708599,826.6311588545146,11.848650120945873,70.82533693423153,0.5,0.8364,0.6063157894736843,0.92
diagonal_blend_010,10,split-053,0.1898149218974743,67.16914900968337,834.4789320351091,12.423544802016286,83.66279826236855,0.18,0.8664,0.6568421052631579,0.76
diagonal_blend_010,10,split-054,0.28185607186530987,69.91957636116236,822.8132315150735,11.767995092889532,96.0654612262443,0.04,0.8532,0.6631578947368422,0.4
diagonal_blend_010,10,split-055,0.2001338554879261,69.05917609633251,830.1260914075847,12.020503839339458,76.6219436473449,0.28,0.8211999999999999,0.6231578947368421,0.84
diagonal_blend_010,10,split-056,0.23179561455823752,68.0321421855402,829.2296796852726,12.188792724235576,77.33876555949128,0.28,0.85,0.6147368421052631,0.84
diagonal_blend_010,10,split-057,0.1588489911126512,68.53940658254241,828.8886853439151,12.093607556197318,82.03947951281066,0.18,0.8704,0.648421052631579,0.82
diagonal_blend_010,10,split-058,1.575476396871021,71.55231119107845,125.47551023900698,1.7536192493339333,695.9060475220425,0.0,0.8951999999999999,0.7768421052631578,0.0
diagonal_blend_010,10,split-059,0.1824939064870884,76.32880664144308,815.9237743498177,10.689591652895148,66.87293018533552,0.6,0.8692,0.64,0.98
diagonal_blend_010,10,split-060,0.2970584407776685,65.13592612688299,827.2823073678459,12.700860440002383,98.85263065130607,0.02,0.9092,0.7326315789473684,0.4
diagonal_blend_010,10,split-061,0.21683253785063336,69.9409678210795,834.7012425250824,11.934367918104673,70.29754932105402,0.48,0.842,0.6442105263157895,0.94
diagonal_blend_010,10,split-062,0.19554653901226213,65.90823083279977,838.0074113454702,12.714761127049233,72.60226822106928,0.32,0.884,0.6526315789473685,0.96
diagonal_blend_010,10,split-063,0.27197029396418326,68.20019347668556,843.331814296896,12.365534044785248,76.91609344400445,0.22,0.8584,0.6294736842105263,0.88
diagonal_blend_010,10,split-064,0.18276492386900117,66.77026264852684,817.8657253460526,12.248951747445272,76.35772221265404,0.24,0.8947999999999999,0.6505263157894737,0.9
diagonal_blend_010,10,split-065,0.1659406941026473,69.77243955515644,846.9149446443895,12.13824470011382,69.72574233255295,0.5,0.8248,0.5726315789473684,0.94
diagonal_blend_010,10,split-066,0.21744280224744286,68.54903108263687,828.6562349673826,12.08851856663627,76.28920315658438,0.24,0.8984000000000001,0.7010526315789474,0.9
diagonal_blend_010,10,split-067,1.5931525535172655,73.03108595910612,126.26401335239981,1.7289077889804563,682.100062215158,0.0,0.8944,0.7263157894736842,0.0
diagonal_blend_010,10,split-068,0.27698064063543687,68.71222396613192,831.5587794066397,12.102050136181198,101.05141913193758,0.02,0.8600000000000001,0.6673684210526316,0.4
diagonal_blend_010,10,split-069,1.605734138167368,72.84625957294575,122.40631196352115,1.6803376409594188,681.8288788925656,0.0,0.8704000000000001,0.7136842105263158,0.0
diagonal_blend_010,10,split-070,0.2504443279581133,68.86882373444095,814.8138006344687,11.831388376493853,96.15587820263436,0.02,0.8916,0.6842105263157895,0.4
diagonal_blend_010,10,split-071,0.21285907446262414,67.41625328896998,830.3246403266182,12.31638662515925,96.18612729166323,0.02,0.8967999999999999,0.7136842105263158,0.44
diagonal_blend_010,10,split-072,1.5171915270132195,71.65172078439441,124.5674644630779,1.738513228983168,688.3457419599061,0.0,0.8907999999999999,0.7284210526315789,0.0
diagonal_blend_010,10,split-073,0.2182589634170984,67.3901001741647,843.9116933443482,12.522784372828076,76.61617199549163,0.26,0.8684,0.6252631578947369,0.9
diagonal_blend_010,10,split-074,0.2488374328679192,66.0876783315517,827.9428549164111,12.527945841322332,96.64468220213064,0.02,0.886,0.6863157894736842,0.44
diagonal_blend_010,10,split-075,0.12856623666027864,73.1762953737784,836.471744825645,11.430911342983643,68.20359903199893,0.62,0.78,0.5705263157894737,0.96
diagonal_blend_010,10,split-076,1.4195845467312416,77.25271437140832,104.14693537125122,1.3481330231393993,671.5045589510553,0.0,0.9084,0.8084210526315789,0.0
diagonal_blend_010,10,split-077,0.21088992147861302,67.27992287997523,833.1241686605317,12.3829536806514,93.89443366943875,0.04,0.896,0.7052631578947368,0.52
diagonal_blend_010,10,split-078,0.17315733118110374,67.78114576627296,842.2587786977377,12.426151390271055,74.7265394972516,0.28,0.8603999999999999,0.6442105263157895,0.88
diagonal_blend_010,10,split-079,0.2133367763471654,67.89324628069203,839.8780695189996,12.370568731485893,78.86717574733694,0.22,0.8808,0.6631578947368422,0.86
diagonal_blend_010,10,split-080,0.2530755112960851,68.81026809477939,845.1383124214472,12.282154042146036,99.36361830051317,0.06,0.8192,0.6063157894736843,0.36
diagonal_blend_010,10,split-081,0.1529729696148752,69.78441594750328,834.5854413264349,11.959481640632609,74.80825203456553,0.3,0.8288,0.6357894736842105,0.84
diagonal_blend_010,10,split-082,0.2384143796625001,68.33305439741562,848.558595814624,12.41798136052172,91.97639344855004,0.06,0.8515999999999999,0.6421052631578947,0.5
diagonal_blend_010,10,split-083,1.5097768898863073,76.38187980364583,127.3544424069872,1.667338415005968,651.0636447062717,0.0,0.9036,0.7494736842105263,0.0
diagonal_blend_010,10,split-084,0.2181706580580539,66.40655069602755,833.0595225142281,12.544839534393432,71.76248573613466,0.32,0.8448,0.6252631578947369,0.9
diagonal_blend_010,10,split-085,0.27193240369970306,69.6683422404023,837.3165003423061,12.018608070980147,102.18001394758708,0.02,0.8448,0.6547368421052632,0.38
diagonal_blend_010,10,split-086,0.260098904434716,65.08962199403965,837.4191653192786,12.865632641037035,101.81932764868043,0.02,0.9116,0.7242105263157894,0.42
diagonal_blend_010,10,split-087,0.30259439829710216,67.30231227430522,831.2374361645695,12.350800560561433,98.85048520830479,0.06,0.8887999999999999,0.6842105263157895,0.44
diagonal_blend_010,10,split-088,0.1314284342986847,66.2998107276281,827.1381771953705,12.475724562674957,75.47148146402154,0.32,0.8752,0.6757894736842105,0.88
diagonal_blend_010,10,split-089,0.20189618132203271,69.46852792096408,832.3606708682778,11.981838334263733,72.52392443844398,0.3,0.8612000000000001,0.631578947368421,0.9
diagonal_blend_010,10,split-090,1.4749572801782096,75.86524705989785,121.68099786969648,1.6039095974158726,681.0355058389997,0.0,0.9016,0.7978947368421052,0.0
diagonal_blend_010,10,split-091,0.346993669839676,73.73375393059918,816.5241597383281,11.073953463794473,99.32331542201462,0.08,0.8916000000000001,0.6673684210526316,0.56
diagonal_blend_010,10,split-092,0.26215306285644185,67.66797435962977,852.4553803615694,12.597619308523859,91.16133121474707,0.08,0.8496,0.6210526315789474,0.46
diagonal_blend_010,10,split-093,1.5985351291945467,77.16282840841811,125.35445783650572,1.624544621057853,690.5371540058176,0.0,0.8128,0.6357894736842105,0.0
diagonal_blend_010,10,split-094,0.19225748697196887,67.42914517834627,843.3187236507925,12.506739058018045,76.02992146084455,0.24,0.8788,0.6610526315789473,0.88
diagonal_blend_010,10,split-095,0.179211182247515,66.5215338099163,839.2184555799454,12.61574121213128,81.98764054758118,0.14,0.8488,0.6126315789473684,0.68
diagonal_blend_010,10,split-096,0.1375378790071193,66.8487969321888,852.0786038044,12.746356597393154,64.91162500568461,0.56,0.8263999999999999,0.631578947368421,0.94
diagonal_blend_010,10,split-097,0.2365546607188411,67.18268038202034,842.0411560352014,12.533604661902585,89.98642279219288,0.08,0.8612,0.6357894736842105,0.58
diagonal_blend_010,10,split-098,0.2562515879892842,69.85624370063019,806.3391631587642,11.542835979190935,96.78414157346053,0.02,0.9031999999999999,0.7389473684210526,0.48
diagonal_blend_010,10,split-099,0.2246034792604591,67.5729498475352,835.5884463570814,12.365723980415522,81.57099840820895,0.1,0.8764000000000001,0.6442105263157895,0.82
diagonal_blend_010,20,split-000,0.18082991896511771,62.9703018319716,827.6663052351539,13.143756360636134,103.3390110502576,0.025,0.851,0.6342105263157894,0.32
diagonal_blend_010,20,split-001,0.22228780363037498,64.92324520502345,825.7850847942865,12.71940554090465,103.16762925117354,0.025,0.8659999999999999,0.6473684210526316,0.24
diagonal_blend_010,20,split-002,0.2080488751416683,65.92342054059156,831.4529963719605,12.61240678280647,79.43380158958142,0.175,0.8779999999999999,0.618421052631579,0.82
diagonal_blend_010,20,split-003,0.2759765062204748,67.47776089042608,810.4647943309456,12.010843033855565,110.17996952216338,0.025,0.903,0.7078947368421052,0.38
diagonal_blend_010,20,split-004,0.23750934489296924,65.79167366179863,827.6634427533319,12.580063656807496,90.10206213178809,0.1,0.8845000000000001,0.6368421052631579,0.62
diagonal_blend_010,20,split-005,1.5746102920457812,65.17417029175849,113.1597941845497,1.7362675071731473,751.0616585212174,0.0,0.879,0.6815789473684211,0.0
diagonal_blend_010,20,split-006,0.18782965033238103,65.81873391318669,834.6362061519592,12.680830464664119,80.3149503367684,0.225,0.857,0.6236842105263158,0.84
diagonal_blend_010,20,split-007,0.24811976872150807,65.57360293694337,835.2231215464124,12.737185149786207,89.84285692165363,0.075,0.841,0.6052631578947368,0.46
diagonal_blend_010,20,split-008,0.18781311427689323,64.95828712437927,838.2016089989013,12.903690138780133,84.5344156793803,0.1,0.8625,0.6421052631578947,0.66
diagonal_blend_010,20,split-009,1.5383077117626895,67.78313100237042,117.41590587139449,1.7322290094166404,748.6927170066143,0.0,0.874,0.6763157894736842,0.0
diagonal_blend_010,20,split-010,0.16313678034665524,67.07253407533298,846.6670676913582,12.623156100534656,68.08044609741872,0.45,0.7809999999999999,0.5894736842105263,0.88
diagonal_blend_010,20,split-011,0.21837309724996187,65.75455329197445,823.8454075956106,12.529100516240046,84.83357717070363,0.125,0.868,0.618421052631579,0.74
diagonal_blend_010,20,split-012,0.22799589519872612,65.025626224294,829.2443911552999,12.752578318815003,102.58968326733353,0.025,0.8524999999999999,0.6552631578947369,0.2
diagonal_blend_010,20,split-013,0.16180134207794591,65.15812067394623,846.4535870364621,12.990761217195763,80.62981502744319,0.2,0.8420000000000001,0.6078947368421053,0.78
diagonal_blend_010,20,split-014,0.15767575553777965,64.343106211568,814.9502243029299,12.665696020693716,77.55722857432994,0.2,0.839,0.5921052631578947,0.76
diagonal_blend_010,20,split-015,1.576784156882492,66.79118502059795,115.03491413172554,1.7223068298047048,754.4485347447375,0.0,0.911,0.7473684210526316,0.0
diagonal_blend_010,20,split-016,0.21330330059688732,65.28097533153476,840.3904442591001,12.873435790306573,88.8404041153747,0.1,0.8435,0.5921052631578947,0.44
diagonal_blend_010,20,split-017,1.6132619171697224,66.81683304855632,115.1652341243461,1.7235961189698203,753.2942762023764,0.0,0.8535,0.6447368421052632,0.0
diagonal_blend_010,20,split-018,0.1900355256742983,67.50868564439021,819.4731202154576,12.138780549396662,80.131911180259,0.225,0.8484999999999999,0.618421052631579,0.86
diagonal_blend_010,20,split-019,1.6499576032957162,68.27325434639866,119.9330394281397,1.7566621157332605,743.8223019376504,0.0,0.8735,0.7052631578947368,0.0
diagonal_blend_010,20,split-020,0.16912396645155728,64.4991690535132,823.7690607315054,12.77177788210026,82.96583108156699,0.15,0.8760000000000001,0.6342105263157894,0.76
diagonal_blend_010,20,split-021,1.6168564185090797,68.23699383735149,119.0974613325666,1.7453503537457296,741.7427806762975,0.0,0.843,0.631578947368421,0.0
diagonal_blend_010,20,split-022,1.6222849206186858,67.96395152005425,116.29272359153966,1.7110942049510607,739.7292356441419,0.0,0.8885,0.7210526315789474,0.0
diagonal_blend_010,20,split-023,0.2524713552809389,63.98312796164857,833.1990893411573,13.022168747995192,107.28197517466839,0.025,0.886,0.6684210526315789,0.2
diagonal_blend_010,20,split-024,0.22462973963398533,64.82096899443317,815.782757254077,12.585167576315257,87.2693882490371,0.1,0.8775000000000001,0.618421052631579,0.5
diagonal_blend_010,20,split-025,1.5746842422533065,69.98854382334571,97.60436121262725,1.3945762532077413,741.399771755746,0.0,0.9199999999999999,0.831578947368421,0.0
diagonal_blend_010,20,split-026,0.19227631370921952,66.72213892775183,835.1230952539946,12.516431707297093,77.39326508712755,0.175,0.849,0.6210526315789474,0.82
diagonal_blend_010,20,split-027,0.20830386045833832,65.86105719579734,837.6539197703698,12.718500969095002,86.17008427647723,0.1,0.844,0.5815789473684211,0.5
diagonal_blend_010,20,split-028,0.15672219909916207,63.71107573526477,833.3452801280456,13.080069211055244,81.77755265698731,0.175,0.855,0.6105263157894737,0.82
diagonal_blend_010,20,split-029,0.2172691572657994,66.72596264256234,828.2180866623772,12.412231369354327,88.25387059520553,0.125,0.845,0.6105263157894737,0.48
diagonal_blend_010,20,split-030,0.16068936157634028,64.7220152538367,831.369813066663,12.845239904939142,78.32883263234952,0.225,0.8240000000000001,0.6,0.78
diagonal_blend_010,20,split-031,0.23177203988411504,63.91004009367028,826.3422589123691,12.92977218761299,85.26210613273307,0.05,0.8815,0.65,0.6
diagonal_blend_010,20,split-032,1.5965772383239976,64.97268714421858,118.1208931819431,1.81800843360153,756.8567718408179,0.0,0.8714999999999999,0.6789473684210526,0.0
diagonal_blend_010,20,split-033,1.626867424671478,66.33469369555502,114.97509937118303,1.7332574097479752,752.188950183447,0.0,0.873,0.6815789473684211,0.0
diagonal_blend_010,20,split-034,0.2012006419715826,63.17113190631943,820.7877601810064,12.993083001871897,103.61472553015305,0.025,0.8949999999999999,0.6657894736842105,0.26
diagonal_blend_010,20,split-035,0.21590788404434746,64.29935412156196,816.9606860198858,12.70558152847648,87.2384694736782,0.075,0.8955,0.6684210526315789,0.62
diagonal_blend_010,20,split-036,0.24073158929105043,67.83111437183175,830.2140675014961,12.23942839786603,104.26992494248637,0.025,0.8245,0.6421052631578947,0.22
diagonal_blend_010,20,split-037,1.5940965578827389,67.76362312039788,119.01309237007908,1.7562976548438765,742.0778849357998,0.0,0.9085,0.7789473684210526,0.0
diagonal_blend_010,20,split-038,0.1987363116653838,69.21456060803315,832.3565999993602,12.025744188611602,87.55945377114597,0.1,0.821,0.6131578947368421,0.46
diagonal_blend_010,20,split-039,0.20457378931862283,65.81013132064813,825.6478032330263,12.545907243524628,102.51906931003982,0.025,0.8634999999999999,0.6605263157894736,0.38
diagonal_blend_010,20,split-040,0.21130394855877704,64.38987614357498,820.3815594133408,12.740846986319308,88.85252570211932,0.075,0.8979999999999999,0.65,0.5
diagonal_blend_010,20,split-041,0.20158676302781392,62.771141766292686,834.8073438925592,13.299221909977113,85.72123968686013,0.1,0.8795000000000001,0.6105263157894737,0.6
diagonal_blend_010,20,split-042,0.19081129584790738,64.68974939323004,822.901867268366,12.720745944866573,76.12968170335982,0.25,0.877,0.631578947368421,0.86
diagonal_blend_010,20,split-043,0.17055405573019994,66.67229343686355,843.3131390479712,12.648629521745201,76.93851627358521,0.225,0.8009999999999999,0.5552631578947369,0.72
diagonal_blend_010,20,split-044,1.6171919112867845,67.60820103549293,97.2799210821519,1.4388775265752438,749.599849032216,0.0,0.8644999999999999,0.7052631578947368,0.0
diagonal_blend_010,20,split-045,0.16628991513549848,64.30710996625352,827.4381842520448,12.866978234385902,80.94776215005061,0.225,0.8340000000000001,0.5894736842105264,0.72
diagonal_blend_010,20,split-046,0.20432858376404167,63.391983886241825,817.0764318434914,12.88927056313226,90.37424871682683,0.05,0.892,0.6657894736842105,0.52
diagonal_blend_010,20,split-047,0.22157484008106726,63.533942312982404,832.5798798387352,13.104489498499252,106.42408881697187,0.025,0.9035,0.7157894736842105,0.3
diagonal_blend_010,20,split-048,0.21587695446944657,63.028089478811836,823.9644968226493,13.072972759227321,84.79882414724372,0.1,0.891,0.65,0.78
diagonal_blend_010,20,split-049,1.6129082144859566,68.60334068377782,115.8149105465525,1.6881817910354109,751.4120499891178,0.0,0.8645,0.6473684210526316,0.0
diagonal_blend_010,20,split-050,1.578401253276331,65.78137619856417,91.22339120653369,1.3867662319981204,759.5013087196037,0.0,0.888,0.7447368421052631,0.0
diagonal_blend_010,20,split-051,1.5138804127603573,66.16317931935437,91.57014216318183,1.3840045642485517,739.5655398119422,0.0,0.9195,0.8105263157894737,0.0
diagonal_blend_010,20,split-052,1.688507834644462,70.3802061545552,117.45990919087251,1.6689338609342819,754.0038911890858,0.0,0.79,0.6210526315789474,0.0
diagonal_blend_010,20,split-053,0.2413688522285897,64.49596301036621,835.7085400678923,12.957532550270964,104.54664941165701,0.025,0.8899999999999999,0.6815789473684211,0.32
diagonal_blend_010,20,split-054,0.2570475486123553,65.40587400931014,823.9710248780171,12.597813841012655,104.8640061402444,0.025,0.89,0.6684210526315789,0.24
diagonal_blend_010,20,split-055,0.21219611542456362,64.55656127608037,838.3293758657271,12.985967023252005,86.02373093959592,0.1,0.8425,0.6078947368421053,0.5
diagonal_blend_010,20,split-056,0.1807819996867487,64.04166342322895,828.3075629463726,12.933885827923888,81.5449439019172,0.175,0.8450000000000001,0.5973684210526315,0.76
diagonal_blend_010,20,split-057,0.16569165758863202,61.31465370455194,818.9055398202929,13.355788385697075,83.05291127807845,0.075,0.8959999999999999,0.6605263157894736,0.7
diagonal_blend_010,20,split-058,1.5975367439009454,64.39020435899661,114.90904983809538,1.7845734608550015,752.7054145857852,0.0,0.89,0.7105263157894737,0.0
diagonal_blend_010,20,split-059,0.2286189175645666,71.42479387631603,813.599208759748,11.390991343547046,88.79007993925107,0.1,0.8755000000000001,0.6421052631578947,0.76
diagonal_blend_010,20,split-060,1.607935891644805,65.63222252933016,95.68324608140327,1.4578699668237458,750.2302188641726,0.0,0.8825000000000001,0.7157894736842105,0.0
diagonal_blend_010,20,split-061,0.1555393385607946,65.4573478514022,830.4591899614069,12.687027770307335,70.55197663817549,0.45,0.824,0.6105263157894737,0.92
diagonal_blend_010,20,split-062,0.21203995546317927,67.39217519358114,833.2324833035565,12.363935143955983,86.25894507613202,0.125,0.8475,0.6026315789473684,0.5
diagonal_blend_010,20,split-063,0.23162058650658865,65.74073205933792,831.7383573044111,12.651796401562427,84.99862851885023,0.125,0.846,0.6026315789473684,0.58
diagonal_blend_010,20,split-064,1.5304916126966654,64.50351256392756,113.1819953381989,1.7546640615273086,744.6920884938958,0.0,0.9205000000000001,0.7605263157894737,0.0
diagonal_blend_010,20,split-065,1.5460805758847618,65.85322019562963,96.02056035966824,1.4580996961791806,746.3493923727307,0.0,0.8969999999999999,0.7368421052631579,0.0
diagonal_blend_010,20,split-066,0.21107888175795989,67.07338508447573,820.6584218955526,12.235231915937632,86.57268339381996,0.1,0.8705,0.6394736842105263,0.62
diagonal_blend_010,20,split-067,1.563922200609157,66.94615523175617,115.64864313091195,1.7274874521256087,747.4080894762436,0.0,0.9189999999999999,0.7710526315789474,0.0
diagonal_blend_010,20,split-068,0.2790506016480745,65.41939138984853,841.5298863777244,12.863615336358954,109.79623811393407,0.025,0.847,0.6578947368421053,0.18
diagonal_blend_010,20,split-069,1.6643579300102815,67.73651352665901,113.92741413865997,1.681920255518047,757.5401174123394,0.0,0.8450000000000001,0.6552631578947369,0.0
diagonal_blend_010,20,split-070,0.23886767443623344,65.07144403422917,822.6785797638405,12.642697453142294,102.71582313227069,0.025,0.8714999999999999,0.6605263157894736,0.32
diagonal_blend_010,20,split-071,1.5772399874668908,67.34918130524102,97.30749215501655,1.4448207130239341,755.4812834719793,0.0,0.894,0.7552631578947369,0.0
diagonal_blend_010,20,split-072,1.605383035258496,65.62844613232075,116.31018139857927,1.772252555912622,755.7619166076003,0.0,0.8895,0.7421052631578947,0.0
diagonal_blend_010,20,split-073,0.1723922481363349,65.52666486837423,828.8555474295458,12.649133739592848,78.5966532244108,0.25,0.8564999999999999,0.618421052631579,0.84
diagonal_blend_010,20,split-074,0.2576623737674462,63.658279951196,826.9398461138815,12.990295162669488,106.11052043075429,0.025,0.8795000000000001,0.6447368421052632,0.18
diagonal_blend_010,20,split-075,0.15815607450659666,65.8207425671834,828.9027017107676,12.593335617031432,84.48962045683945,0.15,0.8255,0.5868421052631579,0.52
diagonal_blend_010,20,split-076,1.515453650826258,64.96785855531922,96.23480411702926,1.4812679108868374,743.6245764979006,0.0,0.9249999999999999,0.8368421052631578,0.0
diagonal_blend_010,20,split-077,0.244575158383032,65.91751816494335,829.2739223256949,12.58047853456237,104.08751096751934,0.025,0.865,0.6526315789473685,0.32
diagonal_blend_010,20,split-078,0.1802792166373072,65.0272113497601,836.8071877284689,12.868569485896556,80.24875591875417,0.2,0.8285,0.5947368421052631,0.8
diagonal_blend_010,20,split-079,0.2006840356179042,63.97795377820053,832.9384172973952,13.019147504858239,86.72273207776216,0.1,0.86,0.6131578947368421,0.48
diagonal_blend_010,20,split-080,0.22135127863601597,65.66153281437947,834.1467646613205,12.703735793366182,102.59629219082612,0.025,0.8325,0.6210526315789474,0.2
diagonal_blend_010,20,split-081,0.19200905095341214,67.58816842801,825.8865460307553,12.219395276414831,76.5084164958503,0.2,0.8069999999999999,0.5921052631578948,0.74
diagonal_blend_010,20,split-082,0.19425957257661594,64.44613124559345,847.3324856192818,13.147918567683126,91.98843925407988,0.075,0.8320000000000001,0.6000000000000001,0.44
diagonal_blend_010,20,split-083,1.6067807539715948,65.56821356547054,121.14442283896967,1.847609020459368,739.6476632008014,0.0,0.884,0.6894736842105263,0.0
diagonal_blend_010,20,split-084,1.641673422998136,67.67661626590265,117.80052014019735,1.7406384455948118,747.4306398252734,0.0,0.8865000000000001,0.7342105263157894,0.0
diagonal_blend_010,20,split-085,1.6145922123607035,66.59207267158091,98.35364815889866,1.476957304572267,754.0009654672623,0.0,0.8694999999999999,0.7210526315789474,0.0
diagonal_blend_010,20,split-086,0.23898715417930574,64.22222252018173,830.2988826872049,12.928529255216679,105.95536237357744,0.025,0.9045,0.7263157894736842,0.34
diagonal_blend_010,20,split-087,0.2603597659625249,66.97062769246426,833.1784069109291,12.440952632801451,106.69948097915199,0.025,0.8725,0.65,0.36
diagonal_blend_010,20,split-088,0.17895386738079153,63.03751324623701,827.4242719294474,13.12590280484835,82.69313782266086,0.175,0.88,0.6289473684210527,0.82
diagonal_blend_010,20,split-089,1.5979877716322584,66.33300607464848,91.93303821592792,1.3859320367973404,743.9861555676451,0.0,0.9145000000000001,0.7842105263157895,0.0
diagonal_blend_010,20,split-090,1.6036707002756554,66.07483368612819,115.19107257948366,1.7433426034285575,755.4134475195902,0.0,0.8815,0.6763157894736842,0.0
diagonal_blend_010,20,split-091,0.2609064271694261,68.70983802550198,820.6394617924975,11.943551103815924,103.15654302649902,0.025,0.868,0.6552631578947369,0.32
diagonal_blend_010,20,split-092,0.19473855923684305,64.9787302769742,844.0679748103034,12.989911794404614,86.46883395353461,0.15,0.829,0.6078947368421053,0.54
diagonal_blend_010,20,split-093,1.5948905937192777,67.25931687385838,114.92372455411386,1.708666247230072,749.1234255592339,0.0,0.8875000000000001,0.7026315789473685,0.0
diagonal_blend_010,20,split-094,0.27853741206200916,66.5820868129799,841.2666289338215,12.635029468163502,106.09710151745469,0.025,0.8675,0.6763157894736842,0.22
diagonal_blend_010,20,split-095,0.20195039944487322,64.44336057775338,825.1227637555725,12.803844435766665,89.11016282059211,0.075,0.894,0.6605263157894736,0.54
diagonal_blend_010,20,split-096,1.5981797039615833,65.21485435947798,122.75117237910023,1.8822578626407716,765.478577973834,0.0,0.885,0.7052631578947368,0.0
diagonal_blend_010,20,split-097,1.6552784395002846,66.14141323345021,117.81939345134987,1.7813256126762673,758.8554980524826,0.0,0.891,0.718421052631579,0.0
diagonal_blend_010,20,split-098,1.5705801701781488,67.38441307789181,93.25730995788032,1.3839596680924,744.8225781618742,0.0,0.9009999999999999,0.7815789473684212,0.0
diagonal_blend_010,20,split-099,1.568359217922178,68.15934311216529,120.23757570292173,1.7640659403811267,748.9580295718645,0.0,0.9105,0.7842105263157895,0.0
scale_floor_q25,10,split-000,0.10366887238232306,93.50714030142103,1152.2809553684942,12.32291942256075,90.32700566364022,0.56,0.8180000000000001,0.5789473684210527,0.96
scale_floor_q25,10,split-001,0.14485372621683307,89.93949691966986,1154.2982032775344,12.834163441102017,93.69993761414302,0.38,0.8603999999999999,0.6063157894736843,0.96
scale_floor_q25,10,split-002,0.1807215873571135,87.86521793605812,1165.8855873686389,13.269022882491285,95.90890090749853,0.3,0.892,0.6799999999999999,0.92
scale_floor_q25,10,split-003,0.26792783845949164,90.72896011431516,1122.747627782104,12.37474370220361,122.84928069216714,0.12,0.8992,0.6905263157894737,0.62
scale_floor_q25,10,split-004,0.225365906894024,86.74521419084617,1146.725264656246,13.21946432841081,96.7313433638749,0.28,0.9004000000000001,0.7010526315789474,0.92
scale_floor_q25,10,split-005,0.1895116698434991,87.74462055063603,1145.0684478772373,13.050013102699971,108.04778036128803,0.12,0.8427999999999999,0.6210526315789474,0.62
scale_floor_q25,10,split-006,0.16903918674101892,88.84814170771145,1155.6216192509603,13.00670556569063,90.51809337832998,0.48,0.8808,0.671578947368421,0.98
scale_floor_q25,10,split-007,0.21038058897187775,92.15512982351572,1194.7502509637984,12.964555019908698,94.79497538926206,0.44,0.792,0.5473684210526316,0.84
scale_floor_q25,10,split-008,0.2129644027023812,90.02850012863381,1195.1854885593807,13.275634791779106,109.55612638517806,0.14,0.8976,0.7052631578947368,0.84
scale_floor_q25,10,split-009,0.13158908552445275,89.52519475198537,1166.8988156327491,13.034306363314236,94.33145342333351,0.38,0.8775999999999999,0.6589473684210526,0.94
scale_floor_q25,10,split-010,0.13096215555271415,90.4726513728287,1186.759506984677,13.11732870626462,82.65299919907234,0.68,0.8240000000000001,0.6063157894736843,0.98
scale_floor_q25,10,split-011,0.18749939936304602,87.83735805322766,1165.9410099799852,13.273862463775933,106.06853876737489,0.14,0.8936000000000001,0.6842105263157895,0.78
scale_floor_q25,10,split-012,0.1999234417024313,93.47257927346976,1162.327035301005,12.434951986297731,86.2475042611144,0.72,0.8712,0.671578947368421,0.98
scale_floor_q25,10,split-013,0.14481070452104258,87.54218039391367,1179.7802638106964,13.476706411721041,89.54530475615844,0.44,0.8936000000000001,0.6968421052631579,0.98
scale_floor_q25,10,split-014,0.15927504693407035,88.35518491372036,1135.6597775136681,12.853346168905086,99.04047743986342,0.22,0.8564,0.6421052631578947,0.82
scale_floor_q25,10,split-015,1.6067245626495215,98.51385706992185,148.857451874806,1.5110305930784127,956.8301778382913,0.0,0.9164,0.7726315789473683,0.0
scale_floor_q25,10,split-016,0.2618926648074654,86.9220403536816,1171.225817331011,13.4744399989387,106.98821866567448,0.12,0.8700000000000001,0.6147368421052631,0.72
scale_floor_q25,10,split-017,0.16538510791332087,86.93184405006672,1162.7304135341062,13.375195548186625,93.066442800235,0.32,0.8872,0.671578947368421,0.94
scale_floor_q25,10,split-018,0.1882506706105189,90.22421825967146,1147.7686357690577,12.721292108796124,91.07223540171955,0.46,0.87,0.6736842105263158,0.96
scale_floor_q25,10,split-019,1.5914564359034147,100.56700269290187,148.8002831154741,1.479613383426178,915.0350155802327,0.0,0.8968,0.7368421052631579,0.0
scale_floor_q25,10,split-020,0.17745788447778973,89.93901571275694,1145.4437265216109,12.735782323656688,91.39753364863493,0.46,0.8867999999999999,0.68,0.98
scale_floor_q25,10,split-021,0.18759590304147117,89.93446753234164,1173.9517938546394,13.053413513928579,93.36609131976826,0.42,0.8335999999999999,0.5726315789473684,0.9
scale_floor_q25,10,split-022,0.22047652276000124,89.82531350416944,1141.3751657430726,12.70660931998966,104.04791213610727,0.18,0.8788,0.6421052631578947,0.78
scale_floor_q25,10,split-023,0.21256471977650948,88.00089518767122,1175.593340680898,13.358879340645581,116.79526957627117,0.04,0.8936,0.7326315789473684,0.58
scale_floor_q25,10,split-024,0.14122167857714382,90.4722984503707,1132.3065064255256,12.515505031041755,85.37272843686053,0.58,0.8556,0.6273684210526316,0.98
scale_floor_q25,10,split-025,0.20008802201990664,93.04699829544637,1155.1438085185869,12.414627335432469,88.71853662733078,0.6,0.8792,0.6757894736842105,0.98
scale_floor_q25,10,split-026,0.1409810102340774,88.37872288560321,1187.3460357996148,13.434749870016871,76.79418289797854,0.74,0.8452,0.6336842105263158,0.98
scale_floor_q25,10,split-027,0.1942955358289028,90.09667456879782,1160.2180200836574,12.877478837442718,95.29863427385659,0.34,0.8828,0.6547368421052632,0.98
scale_floor_q25,10,split-028,0.13229076813923138,86.60834112529741,1188.508386123865,13.722793563317815,82.25557673534448,0.66,0.8776,0.6463157894736842,0.98
scale_floor_q25,10,split-029,0.1788956969298911,88.97863650114563,1153.6391553955802,12.965349894755095,102.1284012155089,0.22,0.8532,0.648421052631579,0.78
scale_floor_q25,10,split-030,0.18673768118990483,88.78403970504331,1160.5055716580314,13.071105747310456,109.43483226555932,0.16,0.8792000000000001,0.6589473684210527,0.72
scale_floor_q25,10,split-031,0.1853835730413328,88.89776932637639,1151.562110360522,12.953779595219247,101.29818535248009,0.18,0.864,0.6610526315789473,0.76
scale_floor_q25,10,split-032,0.12640504157653007,88.35367455221864,1168.396350100872,13.224083276925041,104.04281678367116,0.14,0.8876000000000001,0.6526315789473685,0.74
scale_floor_q25,10,split-033,1.5617970126102485,99.96365143570131,144.51187162197883,1.4456441871266763,935.3425101716855,0.0,0.9192,0.8231578947368421,0.0
scale_floor_q25,10,split-034,0.20298919729418385,87.07220467883336,1143.8200396443594,13.136454323895327,107.7218519451027,0.12,0.8804,0.631578947368421,0.68
scale_floor_q25,10,split-035,0.22412571645803067,87.5637255239188,1148.00425782254,13.11050039218526,99.04595860384111,0.28,0.9008,0.6947368421052631,0.88
scale_floor_q25,10,split-036,0.22828030978216377,86.88213971766575,1156.8664238908088,13.315353738411476,117.41893062858654,0.08,0.8596,0.6568421052631579,0.44
scale_floor_q25,10,split-037,0.13383565514282714,89.89854430504647,1177.2072457794072,13.094842134316123,91.89051635476625,0.46,0.8524,0.631578947368421,0.96
scale_floor_q25,10,split-038,0.2207076645233752,87.37309056821509,1161.8005331301629,13.297006270175443,97.97506106542625,0.32,0.862,0.6610526315789473,0.92
scale_floor_q25,10,split-039,0.09872836007970835,90.87247522021957,1170.4256080614005,12.87986934685119,77.6029050805503,0.78,0.8612,0.6821052631578948,0.98
scale_floor_q25,10,split-040,0.24339163022006247,86.88141782815141,1146.9377113073572,13.201185477612281,108.99574227838137,0.12,0.8992,0.6631578947368422,0.78
scale_floor_q25,10,split-041,0.23895362142395127,88.65200541721129,1172.5630639900983,13.226582506191697,121.84407724043272,0.06,0.8424,0.6105263157894737,0.44
scale_floor_q25,10,split-042,0.15921111712181418,89.84687741316927,1149.739617431962,12.796656384002938,90.17936446064876,0.46,0.908,0.7242105263157894,0.98
scale_floor_q25,10,split-043,0.16727805958174063,86.79422817676752,1172.2112374536564,13.505635824841931,88.5571992301385,0.48,0.7984,0.5663157894736842,0.9
scale_floor_q25,10,split-044,1.6991480119417417,97.75523529496793,142.11779643976234,1.4538126373583393,948.3790096568532,0.0,0.892,0.783157894736842,0.0
scale_floor_q25,10,split-045,0.1781153438118587,89.60836381895713,1169.660219737807,13.053025073652321,92.78508882493746,0.34,0.8504,0.608421052631579,0.94
scale_floor_q25,10,split-046,0.21166889990124332,87.75072599459719,1159.4709379625103,13.21323470342455,106.66131014951492,0.18,0.9079999999999999,0.7305263157894737,0.88
scale_floor_q25,10,split-047,0.18932206201414084,89.34037154959358,1172.7838881657149,13.127143617426,99.58274837150444,0.32,0.8884,0.6778947368421053,0.88
scale_floor_q25,10,split-048,0.2600841297175449,83.68885027104614,1139.9363406893476,13.621125597942786,101.79821175825228,0.16,0.9008,0.6926315789473685,0.86
scale_floor_q25,10,split-049,1.609125520756387,103.70348295524653,143.11297644951452,1.3800209247675437,943.7088146469871,0.0,0.8304,0.6736842105263158,0.0
scale_floor_q25,10,split-050,0.21305084122749998,88.90063368402281,1158.4116747137991,13.03040964624742,107.63534453468483,0.18,0.882,0.6757894736842105,0.82
scale_floor_q25,10,split-051,1.538057926737483,102.89726545034966,140.22948732790582,1.3628106316933157,924.1678551097413,0.0,0.9380000000000001,0.8463157894736841,0.0
scale_floor_q25,10,split-052,0.16204454166864285,90.22301112491532,1156.0299906230177,12.81302825309692,89.50130134938651,0.5,0.8492,0.6378947368421053,0.96
scale_floor_q25,10,split-053,0.16483029518987702,88.58198958012076,1163.6457071538991,13.136369059552486,101.87077212341087,0.22,0.8767999999999999,0.6842105263157895,0.84
scale_floor_q25,10,split-054,0.25292030581263847,89.03224327159565,1140.5689449424,12.810740278250194,112.67152751420637,0.08,0.8724,0.6652631578947368,0.56
scale_floor_q25,10,split-055,0.1918322498416249,88.59178213695915,1156.3569376051535,13.05264336840492,96.65790457869421,0.32,0.8412000000000001,0.6610526315789473,0.88
scale_floor_q25,10,split-056,0.2125176107630417,88.8044193331844,1155.4224072343318,13.010866079753466,97.54644411785989,0.32,0.8648,0.6252631578947369,0.88
scale_floor_q25,10,split-057,0.16201392487904376,89.33584103082184,1156.7002503902395,12.947773671164805,105.60514235994681,0.18,0.8724,0.6736842105263158,0.82
scale_floor_q25,10,split-058,1.6323483529735778,92.89680353784934,146.8034435372997,1.5802851976224022,973.0135262049854,0.0,0.9056,0.7852631578947369,0.0
scale_floor_q25,10,split-059,0.17681757645354423,95.28978807882889,1134.7565656166778,11.908480315623596,85.73589838503864,0.62,0.8843999999999999,0.6757894736842105,0.98
scale_floor_q25,10,split-060,0.25704415916303297,84.5937311246698,1151.890053916531,13.616730679711194,115.30375449188433,0.02,0.9192000000000001,0.7621052631578947,0.62
scale_floor_q25,10,split-061,0.19946300882410983,92.56462326039653,1162.6159925613472,12.560046717748255,83.19722126197318,0.66,0.8524,0.6905263157894738,0.98
scale_floor_q25,10,split-062,0.19601964785440432,85.19419898495356,1170.7951115058809,13.74266235794598,91.96973424682548,0.38,0.8896,0.6842105263157895,0.96
scale_floor_q25,10,split-063,0.25340724620482197,87.18158438320984,1179.0937098613008,13.524573087345503,98.57890045998927,0.24,0.8608,0.6463157894736842,0.88
scale_floor_q25,10,split-064,0.1784610523657424,88.45652327340036,1138.2274645206073,12.867648675299927,104.23770718242771,0.14,0.9092000000000001,0.7031578947368421,0.86
scale_floor_q25,10,split-065,0.17059912203664002,87.67535677241256,1178.2033150729824,13.438249451682976,86.61543099543427,0.52,0.8448,0.5642105263157895,0.98
scale_floor_q25,10,split-066,0.20145031520944898,89.00520691042082,1161.7090362483682,13.052146908860834,95.33922069290728,0.3,0.8967999999999999,0.6968421052631579,0.96
scale_floor_q25,10,split-067,1.647648983762908,97.04736304432824,150.590339189982,1.551720051591685,950.0639293323879,0.0,0.9024000000000001,0.7284210526315789,0.0
scale_floor_q25,10,split-068,0.2521947981732915,91.51443697717923,1161.4343557132017,12.691269203817823,122.49880299111287,0.04,0.8652,0.6799999999999999,0.48
scale_floor_q25,10,split-069,1.6619102688049343,98.85387444883564,143.99501854306857,1.4566451678896701,949.9014078034631,0.0,0.886,0.7389473684210526,0.0
scale_floor_q25,10,split-070,0.21682627588226278,89.20567082629336,1131.478332986158,12.683928303049708,113.12321911891749,0.08,0.8964,0.7052631578947368,0.64
scale_floor_q25,10,split-071,0.19819766613944517,88.13331089130473,1154.0000300041847,13.093800951463392,115.35443735835861,0.06,0.906,0.7347368421052631,0.7
scale_floor_q25,10,split-072,1.5901670273815105,95.38593468222548,146.75404645413235,1.53852920708947,956.4450132426139,0.0,0.9016,0.7368421052631579,0.0
scale_floor_q25,10,split-073,0.1986334931665741,86.57581671315111,1179.0668763978565,13.618894064891366,96.77744314494905,0.32,0.8756,0.631578947368421,0.88
scale_floor_q25,10,split-074,0.2199018661137518,88.14156176417377,1152.0140234226656,13.070043239135297,113.55350026633052,0.1,0.9004000000000001,0.7242105263157894,0.66
scale_floor_q25,10,split-075,0.12260939920668909,96.41017072778034,1161.1347963575424,12.04369609131876,88.0150269785445,0.62,0.8028,0.5663157894736842,0.98
scale_floor_q25,10,split-076,1.4949487613579682,101.4023992597734,131.58568708141237,1.2976585173721107,931.792807415593,0.0,0.9168000000000001,0.8126315789473685,0.0
scale_floor_q25,10,split-077,0.19065918122384853,87.00311633331162,1156.3573373048018,13.290987565028834,113.23101965528944,0.1,0.9072,0.7305263157894737,0.7
scale_floor_q25,10,split-078,0.1402860222323424,89.1619130503966,1173.6221584423945,13.162819395530837,90.09348160899908,0.48,0.8712,0.6631578947368421,0.96
scale_floor_q25,10,split-079,0.2090435792284355,88.28064739310105,1170.70731226485,13.261199898680609,99.16893322089668,0.24,0.8824,0.6673684210526316,0.88
scale_floor_q25,10,split-080,0.22067815292683488,88.89356949709665,1171.9000579560263,13.183181467297269,119.6073434369352,0.1,0.8336,0.5957894736842105,0.44
scale_floor_q25,10,split-081,0.14803484105976444,90.2780656992069,1169.6309923715257,12.955871210938017,94.38779399834193,0.4,0.8371999999999999,0.648421052631579,0.86
scale_floor_q25,10,split-082,0.20281006705835244,88.43124007988862,1188.8427595230944,13.443696576561585,110.06936975021074,0.14,0.8515999999999999,0.6336842105263158,0.6
scale_floor_q25,10,split-083,1.5636877957863777,102.89699114381764,150.0240523388179,1.458002325151874,902.7793488725229,0.0,0.9087999999999999,0.7515789473684211,0.0
scale_floor_q25,10,split-084,0.20547663243923656,86.09966589651395,1160.4584914551915,13.478083560161373,91.8336591707529,0.36,0.8548,0.6442105263157895,0.94
scale_floor_q25,10,split-085,0.23703847950615478,90.94906105071482,1165.5129304665577,12.8150078406708,120.96911250054562,0.04,0.8563999999999999,0.6694736842105263,0.46
scale_floor_q25,10,split-086,0.23474819877754008,85.88525336308831,1164.9595499873212,13.56413941124841,122.94807464535155,0.02,0.92,0.7431578947368421,0.48
scale_floor_q25,10,split-087,0.2728619252100509,87.83855455007983,1156.647385443415,13.167878175681611,115.16542283648785,0.08,0.8944,0.6989473684210527,0.66
scale_floor_q25,10,split-088,0.10439613743722001,86.75256942198499,1157.2019930056124,13.339109155104197,93.51549322773846,0.4,0.8772,0.6778947368421053,0.94
scale_floor_q25,10,split-089,0.19295179653883376,88.5578437160114,1155.1666177621419,13.044204435087051,93.40677501016187,0.24,0.8864,0.6547368421052632,0.94
scale_floor_q25,10,split-090,1.5518264135880286,98.85601477876384,142.47239413284638,1.4412111842834694,953.7856660907125,0.0,0.9136,0.8021052631578948,0.0
scale_floor_q25,10,split-091,0.30999229377740484,93.83467166055419,1135.042944965543,12.096199889434764,116.34170001577087,0.14,0.9064,0.7178947368421053,0.82
scale_floor_q25,10,split-092,0.23605753144883493,88.53421273461677,1185.2928878122295,13.387964394794707,113.08254740531227,0.1,0.8664000000000001,0.6294736842105263,0.58
scale_floor_q25,10,split-093,1.6507561185308224,100.28278923257113,149.7358328926053,1.4931359013693264,962.4185614338265,0.0,0.8292,0.6336842105263158,0.0
scale_floor_q25,10,split-094,0.1775039690821984,88.52285200028284,1179.879301937811,13.328527891691078,95.3558160767064,0.36,0.8856,0.6673684210526316,0.92
scale_floor_q25,10,split-095,0.15682857421976013,86.00904000273486,1171.9946174239203,13.62641203048719,98.55426838556554,0.22,0.8564,0.6168421052631579,0.82
scale_floor_q25,10,split-096,0.14284562950131058,87.84309020215213,1188.6528733634102,13.531546654699639,85.33350094451686,0.56,0.836,0.631578947368421,0.96
scale_floor_q25,10,split-097,0.2232442286113767,88.12922156837126,1175.576780442974,13.339239352420167,111.76849215796382,0.1,0.8695999999999999,0.6463157894736842,0.64
scale_floor_q25,10,split-098,0.22089276034162175,89.80152949972936,1124.9301742339917,12.526848712942936,114.55594471211556,0.04,0.9044,0.7705263157894737,0.7
scale_floor_q25,10,split-099,0.1994317789266832,87.58139893501242,1168.6103140315201,13.343133681829611,98.57584735024359,0.24,0.88,0.6568421052631579,0.84
scale_floor_q25,20,split-000,0.15909187362349808,79.98270857537628,1150.8003183007186,14.388113866088895,122.34804963024735,0.025,0.8665,0.6526315789473685,0.36
scale_floor_q25,20,split-001,0.20075972747301524,84.53528535144915,1150.6072531472578,13.610970239985514,120.21902945859476,0.025,0.8744999999999999,0.6657894736842105,0.4
scale_floor_q25,20,split-002,0.2093901775332055,84.55478593926541,1159.7587394427496,13.716062628031358,108.9992390909789,0.125,0.8935,0.6526315789473685,0.78
scale_floor_q25,20,split-003,0.22902397691308343,85.95778564795249,1130.7499597579551,13.1547125281826,126.90721563572941,0.025,0.912,0.7342105263157894,0.48
scale_floor_q25,20,split-004,0.23057720059310385,85.28849327623817,1157.1110115080407,13.567023722183846,108.78474205081847,0.1,0.8984999999999999,0.6763157894736842,0.82
scale_floor_q25,20,split-005,1.6418212625016724,84.48956042643937,132.44279856043187,1.5675640622576428,1046.8189516962284,0.0,0.903,0.7263157894736842,0.0
scale_floor_q25,20,split-006,0.17329885218000593,86.55271997231725,1163.8270375998934,13.446452497069163,99.2421212330176,0.275,0.8634999999999999,0.6131578947368421,0.86
scale_floor_q25,20,split-007,0.22486997937877165,85.84411780247731,1165.6655552139596,13.578863468503377,112.86668499133259,0.075,0.8594999999999999,0.6052631578947368,0.5
scale_floor_q25,20,split-008,0.1693621259899603,85.7820630912012,1172.8604525099188,13.672560559227456,102.46810044143615,0.175,0.8705,0.6473684210526316,0.82
scale_floor_q25,20,split-009,1.6275345618147958,87.00780540175674,137.88779411553855,1.5847749920693266,1043.1668245958654,0.0,0.88,0.6868421052631579,0.0
scale_floor_q25,20,split-010,0.14981163299936393,86.09984290038797,1181.7226515331445,13.725026802898146,87.54251394950693,0.475,0.8015,0.5842105263157895,0.92
scale_floor_q25,20,split-011,0.1995412174673879,85.03321668220127,1148.6231535966956,13.507934880195114,106.7549156832873,0.15,0.8739999999999999,0.6289473684210527,0.8
scale_floor_q25,20,split-012,0.21338180671108034,82.17252885391186,1155.459696024221,14.061386598901233,121.6913385741192,0.025,0.8670000000000001,0.6921052631578947,0.36
scale_floor_q25,20,split-013,0.14037825050459143,85.82105997667475,1180.5134334983577,13.755521474789623,100.1466355353218,0.225,0.855,0.6052631578947368,0.84
scale_floor_q25,20,split-014,0.15357319842883196,82.62097689487959,1132.5157889785637,13.707363814149613,105.06303645960766,0.15,0.852,0.6105263157894737,0.64
scale_floor_q25,20,split-015,1.668744700262856,86.46934731177464,133.53122412915857,1.5442608077946653,1050.3692717250583,0.0,0.9205,0.7842105263157895,0.0
scale_floor_q25,20,split-016,0.19953908308247773,85.14167563057742,1168.257912225385,13.721340384400678,109.60630124294433,0.125,0.8569999999999999,0.6052631578947368,0.54
scale_floor_q25,20,split-017,1.6989209887033516,89.54700192511275,135.70651924466665,1.5154780877885408,1045.0066603291848,0.0,0.8665,0.6526315789473685,0.0
scale_floor_q25,20,split-018,0.1824286576560098,87.74022058535118,1141.9469212336194,13.015090611981833,101.22178179594468,0.25,0.8645,0.6289473684210527,0.84
scale_floor_q25,20,split-019,1.7383643542232812,90.05086366998782,142.05505834923093,1.5774980112331236,1037.7147940002276,0.0,0.886,0.7210526315789474,0.0
scale_floor_q25,20,split-020,0.16729123807922272,82.82371420323312,1147.9329070800472,13.859954460183292,105.16555518114198,0.2,0.8795,0.6447368421052632,0.8
scale_floor_q25,20,split-021,1.6874137370919133,89.9710491151185,140.30012565995304,1.559391904838613,1029.209982956793,0.0,0.858,0.6368421052631579,0.0
scale_floor_q25,20,split-022,1.7002761529327293,88.36116713140774,136.40508608890013,1.543722095545016,1031.9014988599718,0.0,0.9029999999999999,0.763157894736842,0.0
scale_floor_q25,20,split-023,0.22002517885362485,83.64957674606578,1162.5397636884895,13.897736353378098,125.82754584220179,0.025,0.8935000000000001,0.6763157894736842,0.36
scale_floor_q25,20,split-024,0.21623089452285027,83.17543549656986,1137.3066507348808,13.673588168730214,104.92175672092378,0.1,0.8945000000000001,0.6552631578947369,0.76
scale_floor_q25,20,split-025,1.6798656603759896,91.03109460618256,121.47077061248253,1.334387674211627,1035.022420560504,0.0,0.916,0.8078947368421052,0.0
scale_floor_q25,20,split-026,0.189868028481989,86.26688417685807,1167.4487295717174,13.532988245852247,106.19061665066597,0.125,0.858,0.6552631578947369,0.66
scale_floor_q25,20,split-027,0.20378613970147316,84.62184200767538,1165.6194287916728,13.774451148037508,108.24734380586268,0.1,0.858,0.5763157894736842,0.64
scale_floor_q25,20,split-028,0.1522579871744316,83.26037774720078,1161.7387668395459,13.9530806642131,103.36456713542847,0.2,0.8604999999999999,0.6026315789473684,0.86
scale_floor_q25,20,split-029,0.19545254637702114,85.45629027735454,1153.6613962237009,13.50001728929971,106.59184282413602,0.125,0.856,0.5947368421052631,0.7
scale_floor_q25,20,split-030,0.1671031683392956,84.14599764556175,1159.783181903161,13.782986884157923,107.43428041247893,0.15,0.842,0.618421052631579,0.56
scale_floor_q25,20,split-031,0.2198696780954135,83.06781503822106,1151.9768992214874,13.867908993289896,112.91793416271413,0.05,0.8915000000000001,0.6763157894736842,0.54
scale_floor_q25,20,split-032,1.6698823774055958,84.55082204291111,138.85741678913786,1.642295289792276,1055.9761773195785,0.0,0.891,0.6921052631578948,0.0
scale_floor_q25,20,split-033,1.7044429502072327,87.38026031980213,134.40651521649735,1.538179386563788,1050.4357449003128,0.0,0.888,0.7157894736842105,0.0
scale_floor_q25,20,split-034,0.1782266022069737,83.8905102499676,1141.9737116174847,13.61266856304436,121.81738528097466,0.025,0.9085,0.6815789473684211,0.36
scale_floor_q25,20,split-035,0.19893055850980493,84.50884062668601,1137.3447847376322,13.458293550160052,106.85843212346866,0.075,0.9019999999999999,0.6947368421052632,0.76
scale_floor_q25,20,split-036,0.2059551869768562,86.14493049100986,1157.4955956396816,13.436607227403574,122.51102287260399,0.025,0.8405,0.6631578947368422,0.32
scale_floor_q25,20,split-037,1.6781798921403692,87.89281105846618,138.36599177914175,1.5742583507438497,1038.49648404819,0.0,0.9099999999999999,0.75,0.0
scale_floor_q25,20,split-038,0.19347204256543513,88.05896294096044,1158.9826110022996,13.161438339665038,106.41482350619287,0.2,0.8334999999999999,0.6289473684210527,0.68
scale_floor_q25,20,split-039,0.17472290246014946,85.73311896136184,1151.1416662471636,13.427035901562844,118.58182994644655,0.025,0.8785000000000001,0.6973684210526316,0.48
scale_floor_q25,20,split-040,0.19442484100393742,83.81603044311495,1144.3892073693175,13.653583942346236,106.68187955200256,0.1,0.9035,0.6447368421052632,0.74
scale_floor_q25,20,split-041,0.18767233309860787,82.38259711809724,1163.6572429832681,14.125037127867435,107.23939114127988,0.125,0.8879999999999999,0.6157894736842106,0.72
scale_floor_q25,20,split-042,0.18316245581797266,83.43803572949389,1148.7662618379993,13.767896760684774,96.81141902446359,0.275,0.8885,0.6526315789473685,0.88
scale_floor_q25,20,split-043,0.16010308983870966,86.5585370472255,1173.2504990637121,13.554416919310894,97.51336296467136,0.225,0.804,0.5526315789473685,0.78
scale_floor_q25,20,split-044,1.7011438392959173,89.41010068695448,122.80967930854709,1.3735548709259626,1041.057123038206,0.0,0.8805000000000001,0.6973684210526316,0.0
scale_floor_q25,20,split-045,0.15801830072928263,83.92006827821547,1152.510456106261,13.733430867637145,100.35737722357851,0.225,0.844,0.5921052631578947,0.76
scale_floor_q25,20,split-046,0.18376333988747992,83.17251415898095,1137.3684958409972,13.674812013821809,108.22154824947684,0.1,0.9035,0.7026315789473685,0.76
scale_floor_q25,20,split-047,0.20266831199244004,82.87779213946794,1159.1609923290137,13.986388420897613,125.084422237763,0.025,0.9095,0.7447368421052631,0.4
scale_floor_q25,20,split-048,0.20998744236525813,83.02392987982205,1148.3359128098698,13.831384692005031,107.68771047607765,0.125,0.894,0.6789473684210526,0.8
scale_floor_q25,20,split-049,1.684178092301061,89.6603614974853,137.5307920171005,1.5339085156483319,1042.918219206755,0.0,0.8805000000000001,0.6631578947368422,0.0
scale_floor_q25,20,split-050,1.6686010253082972,87.7035646834268,114.29404754783916,1.3031858848656024,1059.5332184614747,0.0,0.9075,0.7868421052631578,0.0
scale_floor_q25,20,split-051,1.6047373905029318,87.348706252703,115.91694911267635,1.327059713710291,1028.9445434176569,0.0,0.9245,0.8105263157894737,0.0
scale_floor_q25,20,split-052,1.7552979442479277,88.52999856699188,138.1226275612995,1.5601788071506655,1051.9436229423786,0.0,0.8124999999999999,0.6210526315789474,0.0
scale_floor_q25,20,split-053,0.20183646694909874,84.85568141787445,1165.07715806288,13.730101963655459,121.89655640591157,0.025,0.895,0.6947368421052632,0.46
scale_floor_q25,20,split-054,0.23404626099570344,84.21340626060737,1146.5941306337654,13.615339665581363,122.42200468260027,0.025,0.8975,0.6763157894736842,0.36
scale_floor_q25,20,split-055,0.19686343502737844,86.41351067370672,1169.2706029847704,13.531108664244417,107.84990269403545,0.15,0.856,0.6263157894736842,0.68
scale_floor_q25,20,split-056,0.174708404305555,83.43877698165636,1152.384947820043,13.81114380515656,103.28403424883747,0.15,0.8575,0.6157894736842106,0.76
scale_floor_q25,20,split-057,0.16024729328391413,80.54278085678912,1139.8962724608382,14.152680852771349,104.11769017587525,0.075,0.9055,0.6894736842105263,0.78
scale_floor_q25,20,split-058,1.6803392965881006,86.08636606077695,134.8794753467606,1.5667925307886235,1051.688903522733,0.0,0.9,0.7394736842105263,0.0
scale_floor_q25,20,split-059,0.21998339403886003,90.28472409956873,1133.5598327861144,12.5553890106148,110.88112095691744,0.125,0.891,0.6842105263157895,0.8
scale_floor_q25,20,split-060,1.6986735330157754,87.99282439027925,120.7417959800605,1.3721777521827005,1042.7281795543856,0.0,0.892,0.7263157894736842,0.0
scale_floor_q25,20,split-061,0.14640876352339166,86.98689105236126,1157.8287428059464,13.310381929950779,86.51638661307092,0.525,0.8350000000000001,0.6289473684210526,0.98
scale_floor_q25,20,split-062,0.19958988885976522,87.84640996923932,1163.2707722864864,13.24209802875066,107.64446602346048,0.125,0.8595,0.6,0.64
scale_floor_q25,20,split-063,0.22140654209341715,86.74676069392429,1159.823421324245,13.370221689505446,106.1304008797445,0.15,0.8555,0.6105263157894737,0.76
scale_floor_q25,20,split-064,1.6113467183059982,85.65803360751764,133.45100808238482,1.5579508711798482,1035.3269935042633,0.0,0.9309999999999999,0.7763157894736843,0.0
scale_floor_q25,20,split-065,1.6223336040863279,85.83452459746144,121.24652405200051,1.412561258078971,1039.5083259085586,0.0,0.9135,0.7473684210526316,0.0
scale_floor_q25,20,split-066,0.18812731553486367,84.86359501054343,1145.4759161328705,13.49784811721159,103.70128115629119,0.15,0.884,0.65,0.82
scale_floor_q25,20,split-067,1.6420637618250882,88.30913876887577,137.11523488245416,1.5526732203935831,1039.687425536283,0.0,0.9289999999999999,0.7973684210526315,0.0
scale_floor_q25,20,split-068,0.2476159443499534,85.96563876392784,1175.348408565972,13.672304719256754,131.21673767894382,0.025,0.8555,0.6631578947368422,0.3
scale_floor_q25,20,split-069,1.7484036203683122,86.15145522069534,132.99134387901694,1.543692367567457,1057.9979630923729,0.0,0.8614999999999999,0.6710526315789473,0.0
scale_floor_q25,20,split-070,0.21573557478417427,85.28378177918428,1145.3360885051238,13.429705679218282,121.27849024476605,0.025,0.8869999999999999,0.6921052631578947,0.38
scale_floor_q25,20,split-071,1.6631998767705443,88.52280467252616,120.70460855140242,1.3635425244142108,1050.1760033936387,0.0,0.906,0.7789473684210526,0.0
scale_floor_q25,20,split-072,1.6866863190442658,88.49926511693552,137.00786786116967,1.5481243565145875,1053.1547202405316,0.0,0.8929999999999999,0.7368421052631579,0.0
scale_floor_q25,20,split-073,0.16128973227420113,84.17120349320237,1155.443648755057,13.727303410225923,99.88703427543128,0.25,0.8664999999999999,0.6105263157894737,0.86
scale_floor_q25,20,split-074,0.22784713137621065,85.25001005998695,1151.3150613570122,13.505160416366857,123.80227046671759,0.025,0.8895,0.6657894736842105,0.38
scale_floor_q25,20,split-075,0.16625354483387345,85.73978131678211,1152.568252479629,13.44263111916794,117.12629714103382,0.075,0.8485,0.6078947368421053,0.4
scale_floor_q25,20,split-076,1.5980267253918283,87.09023489032354,119.74104279324852,1.374907794703316,1034.9469302711893,0.0,0.9285,0.8131578947368421,0.0
scale_floor_q25,20,split-077,0.21843539864184275,85.79849901934446,1152.60989783855,13.433916805219146,124.37077807358762,0.025,0.8644999999999999,0.6578947368421053,0.38
scale_floor_q25,20,split-078,0.16448936736074643,84.75578254665459,1166.1194482267983,13.758582756107495,99.6104886630199,0.225,0.838,0.6026315789473684,0.8
scale_floor_q25,20,split-079,0.18607691203042373,84.21416241856993,1162.815544124433,13.807838381683203,105.98663566395342,0.1,0.8614999999999999,0.631578947368421,0.64
scale_floor_q25,20,split-080,0.19964405481942482,85.36961626506118,1158.4075434808697,13.569318853257696,122.0214910876349,0.05,0.8485,0.6105263157894737,0.36
scale_floor_q25,20,split-081,0.1725533913740557,86.92602115595002,1152.8478883760315,13.262402592979143,96.1606087724005,0.225,0.817,0.6052631578947368,0.76
scale_floor_q25,20,split-082,0.16455542878154614,84.76865268444858,1182.8952305052255,13.954394614581814,111.21480467494474,0.125,0.839,0.5973684210526315,0.48
scale_floor_q25,20,split-083,1.6743141538255257,87.95530093885192,142.5503947381238,1.6207140810902045,1030.7614465474753,0.0,0.8959999999999999,0.7236842105263157,0.0
scale_floor_q25,20,split-084,1.7346901091724771,88.72427473890022,137.30789921101984,1.5475798434542587,1044.6053440799076,0.0,0.89,0.7552631578947369,0.0
scale_floor_q25,20,split-085,1.693781195822959,86.96307218635314,119.98823803138627,1.3797607997825043,1050.1019947585366,0.0,0.8895000000000001,0.7236842105263158,0.0
scale_floor_q25,20,split-086,0.21470952224391338,85.06627999089824,1156.7569880795934,13.598302267400925,125.9337732346525,0.025,0.9075000000000001,0.7263157894736842,0.42
scale_floor_q25,20,split-087,0.23151363318790563,86.6846370836036,1160.3947074752348,13.386394019924015,123.59384441747952,0.025,0.871,0.6684210526315789,0.4
scale_floor_q25,20,split-088,0.16227652143672985,82.16572481835925,1156.1258773749707,14.070658780541104,99.46913399301148,0.2,0.885,0.6394736842105263,0.88
scale_floor_q25,20,split-089,1.67589368476865,86.54436828725684,116.073610153317,1.3412035057907767,1034.8123984232914,0.0,0.9235,0.8026315789473684,0.0
scale_floor_q25,20,split-090,1.6926438832964563,85.93609156011897,135.19761932470385,1.5732344451588496,1054.989661992235,0.0,0.8985000000000001,0.7368421052631579,0.0
scale_floor_q25,20,split-091,0.23632593605048688,89.23901675506846,1143.2252305099553,12.810822800162958,121.63517077207779,0.025,0.889,0.7210526315789474,0.38
scale_floor_q25,20,split-092,0.17745771466630625,86.6311266802299,1177.6206711132954,13.593505201197393,107.82780273460976,0.175,0.848,0.618421052631579,0.68
scale_floor_q25,20,split-093,1.6648883555106853,86.86054125070692,135.7799045840878,1.5631943184901897,1042.8927974138162,0.0,0.9045000000000001,0.7421052631578947,0.0
scale_floor_q25,20,split-094,0.24426046923404737,86.97763877615145,1172.8446469070243,13.484438798407673,126.04622038294801,0.025,0.8759999999999999,0.6736842105263158,0.28
scale_floor_q25,20,split-095,0.18135414901322894,83.97302833763632,1151.5367233503182,13.71317369572826,106.06724850495762,0.1,0.8959999999999999,0.6368421052631579,0.8
scale_floor_q25,20,split-096,1.6835227774788928,86.20881418922158,144.17409569827117,1.6723823086328544,1069.6481563355164,0.0,0.899,0.7236842105263157,0.0
scale_floor_q25,20,split-097,1.7462075482874242,86.87145428282015,138.6292790445593,1.5957978393366767,1059.2706812960835,0.0,0.903,0.7394736842105263,0.0
scale_floor_q25,20,split-098,1.670222825248078,87.63766179669764,119.60485147940042,1.364765433346002,1038.120334596832,0.0,0.9055,0.7947368421052632,0.0
scale_floor_q25,20,split-099,1.652158882751985,87.84145565941472,138.85162473020372,1.5807072376916127,1045.17592287305,0.0,0.9135,0.7736842105263158,0.0
