2026-08-22T12:10:17.604+00:00	1.157	I (1118) esp_psram: SPI SRAM memory test OK
2026-08-22T12:10:17.612+00:00	1.172	I (1126) cpu_start: GPIO 44 and 43 are used as console UART I/O pins
2026-08-22T12:10:17.616+00:00	1.172	I (1126) cpu_start: Pro cpu start user code
2026-08-22T12:10:17.618+00:00	1.172	I (1126) cpu_start: cpu freq: 240000000 Hz
2026-08-22T12:10:17.619+00:00	1.172	I (1128) app_init: Application information:
2026-08-22T12:10:17.623+00:00	1.172	I (1132) app_init: Project name:     esp32s3_asd
2026-08-22T12:10:17.629+00:00	1.188	I (1137) app_init: App version:      on-device-verified-64-gf014fe5
2026-08-22T12:10:17.635+00:00	1.188	I (1143) app_init: Compile time:     Aug 22 2026 13:31:58
2026-08-22T12:10:17.638+00:00	1.188	I (1148) app_init: ELF file SHA256:  1f557ea98...
2026-08-22T12:10:17.645+00:00	1.203	I (1152) app_init: ESP-IDF:          v5.5.5-34-g21f3b71cbbf
2026-08-22T12:10:17.652+00:00	1.203	I (1157) efuse_init: Min chip rev:     v0.0
2026-08-22T12:10:17.653+00:00	1.203	I (1161) efuse_init: Max chip rev:     v0.99 
2026-08-22T12:10:17.655+00:00	1.203	I (1165) efuse_init: Chip rev:         v0.2
2026-08-22T12:10:17.662+00:00	1.219	I (1169) heap_init: Initializing. RAM available for dynamic allocation:
2026-08-22T12:10:17.668+00:00	1.219	I (1176) heap_init: At 3FCD1770 len 00017FA0 (95 KiB): RAM
2026-08-22T12:10:17.672+00:00	1.235	I (1181) heap_init: At 3FCE9710 len 00005724 (21 KiB): RAM
2026-08-22T12:10:17.678+00:00	1.235	I (1186) heap_init: At 3FCF0000 len 00008000 (32 KiB): DRAM
2026-08-22T12:10:17.685+00:00	1.235	I (1191) heap_init: At 600FE000 len 00001FE8 (7 KiB): RTCRAM
2026-08-22T12:10:17.690+00:00	1.250	I (1197) esp_psram: Adding pool of 16384K of PSRAM memory to heap allocator
2026-08-22T12:10:17.703+00:00	1.266	W (1204) spi_flash: Octal flash chip is using but dio mode is selected, will automatically switch to Octal mode
2026-08-22T12:10:17.704+00:00	1.266	I (1213) spi_flash: detected chip: mxic (opi)
2026-08-22T12:10:17.706+00:00	1.266	I (1217) spi_flash: flash io: opi_str
2026-08-22T12:10:17.718+00:00	1.266	I (1221) sleep_gpio: Configure to isolate all GPIO pins in sleep state
2026-08-22T12:10:17.721+00:00	1.282	I (1227) sleep_gpio: Enable automatic switching of GPIO sleep configuration
2026-08-22T12:10:17.723+00:00	1.282	I (1234) main_task: Started on CPU0
2026-08-22T12:10:17.735+00:00	1.297	I (1234) esp_psram: Reserving pool of 32K of internal memory for DMA/internal allocations
2026-08-22T12:10:17.736+00:00	1.297	I (1244) main_task: Calling app_main()
2026-08-22T12:10:17.737+00:00	1.297	I (1244) asd: PSRAM: 16777216 B
2026-08-22T12:10:17.740+00:00	1.297	I (1254) asd: free heap: 16914407 B
2026-08-22T12:10:17.744+00:00	1.297	I (1254) asd: I2C idle: SDA=1 SCL=1
2026-08-22T12:10:17.751+00:00	1.313	I (1264) asd: I2C poslije probe: SDA=1 SCL=1
2026-08-22T12:10:17.754+00:00	1.313	E (1264) asd: INA226 nije pronadjen na adresama 0x40-0x4F
2026-08-22T12:10:17.761+00:00	1.313	W (1264) i2s_common: dma frame num is out of dma buffer size, limited to 1023
2026-08-22T12:10:18.428+00:00	1.985	W (1944) psdlive: DEVELOPMENT policy: NVS profile load/save je zabranjen
2026-08-22T12:10:18.454+00:00	2.016	FLAGS protocol=asd-quality-v1.5.0 mode=IDLE state=NO_MACHINE waiting=1 learning=0 learned=0 anomaly=0 hold=0 fault=0 green=flash_2s red=off guided25_available=1 workflow_pending=DEFAULT research_telemetry=1 profile_persistence_allowed=0 dropped=0
2026-08-22T12:10:18.455+00:00	2.016	I (1954) psdlive: === SAMOSTALNI PSD DETEKTOR ===
2026-08-22T12:10:18.460+00:00	2.016	I (1964) psdlive: model: 96 traka, matrica 96x96 iz flesa, naucen na 990 normalnih snimaka ventilatora
2026-08-22T12:10:18.466+00:00	2.016	I (1974) psdlive: 1) pusti ventilator koji radi NORMALNO
2026-08-22T12:10:18.474+00:00	2.032	I (1974) psdlive: 2) pritisni taster ILI posalji PRESS sa konzole -> ucenje 10 x 10 s = 100 s, lampica treperi
2026-08-22T12:10:18.486+00:00	2.047	I (1984) psdlive: 3) lampica stalno svijetli = naucio; tek tada izazovi kvar
2026-08-22T12:10:18.490+00:00	2.047	I (1994) psdlive: pritisni taster (GPIO10) ili posalji PRESS da pocne ucenje
2026-08-22T12:10:23.449+00:00	7.000	FLAGS protocol=asd-quality-v1.5.0 mode=IDLE state=NO_MACHINE waiting=1 learning=0 learned=0 anomaly=0 hold=0 fault=0 green=flash_2s red=off guided25_available=1 workflow_pending=DEFAULT research_telemetry=1 profile_persistence_allowed=0 dropped=0
2026-08-22T12:10:28.459+00:00	12.016	FLAGS protocol=asd-quality-v1.5.0 mode=IDLE state=NO_MACHINE waiting=1 learning=0 learned=0 anomaly=0 hold=0 fault=0 green=flash_2s red=off guided25_available=1 workflow_pending=DEFAULT research_telemetry=1 profile_persistence_allowed=0 dropped=0
2026-08-22T12:10:33.469+00:00	17.016	FLAGS protocol=asd-quality-v1.5.0 mode=IDLE state=NO_MACHINE waiting=1 learning=0 learned=0 anomaly=0 hold=0 fault=0 green=flash_2s red=off guided25_available=1 workflow_pending=DEFAULT research_telemetry=1 profile_persistence_allowed=0 dropped=0
2026-08-22T12:10:38.479+00:00	22.032	FLAGS protocol=asd-quality-v1.5.0 mode=IDLE state=NO_MACHINE waiting=1 learning=0 learned=0 anomaly=0 hold=0 fault=0 green=flash_2s red=off guided25_available=1 workflow_pending=DEFAULT research_telemetry=1 profile_persistence_allowed=0 dropped=0
2026-08-22T12:10:43.489+00:00	27.047	FLAGS protocol=asd-quality-v1.5.0 mode=IDLE state=NO_MACHINE waiting=1 learning=0 learned=0 anomaly=0 hold=0 fault=0 green=flash_2s red=off guided25_available=1 workflow_pending=DEFAULT research_telemetry=1 profile_persistence_allowed=0 dropped=0
2026-08-22T12:10:48.498+00:00	32.047	FLAGS protocol=asd-quality-v1.5.0 mode=IDLE state=NO_MACHINE waiting=1 learning=0 learned=0 anomaly=0 hold=0 fault=0 green=flash_2s red=off guided25_available=1 workflow_pending=DEFAULT research_telemetry=1 profile_persistence_allowed=0 dropped=0
2026-08-22T12:10:53.508+00:00	37.063	FLAGS protocol=asd-quality-v1.5.0 mode=IDLE state=NO_MACHINE waiting=1 learning=0 learned=0 anomaly=0 hold=0 fault=0 green=flash_2s red=off guided25_available=1 workflow_pending=DEFAULT research_telemetry=1 profile_persistence_allowed=0 dropped=0
2026-08-22T12:10:58.519+00:00	42.078	FLAGS protocol=asd-quality-v1.5.0 mode=IDLE state=NO_MACHINE waiting=1 learning=0 learned=0 anomaly=0 hold=0 fault=0 green=flash_2s red=off guided25_available=1 workflow_pending=DEFAULT research_telemetry=1 profile_persistence_allowed=0 dropped=0
2026-08-22T12:11:03.528+00:00	47.078	FLAGS protocol=asd-quality-v1.5.0 mode=IDLE state=NO_MACHINE waiting=1 learning=0 learned=0 anomaly=0 hold=0 fault=0 green=flash_2s red=off guided25_available=1 workflow_pending=DEFAULT research_telemetry=1 profile_persistence_allowed=0 dropped=0
2026-08-22T12:11:08.541+00:00	52.094	FLAGS protocol=asd-quality-v1.5.0 mode=IDLE state=NO_MACHINE waiting=1 learning=0 learned=0 anomaly=0 hold=0 fault=0 green=flash_2s red=off guided25_available=1 workflow_pending=DEFAULT research_telemetry=1 profile_persistence_allowed=0 dropped=0
2026-08-22T12:11:13.548+00:00	57.110	FLAGS protocol=asd-quality-v1.5.0 mode=IDLE state=NO_MACHINE waiting=1 learning=0 learned=0 anomaly=0 hold=0 fault=0 green=flash_2s red=off guided25_available=1 workflow_pending=DEFAULT research_telemetry=1 profile_persistence_allowed=0 dropped=0
2026-08-22T12:11:18.560+00:00	62.110	FLAGS protocol=asd-quality-v1.5.0 mode=IDLE state=NO_MACHINE waiting=1 learning=0 learned=0 anomaly=0 hold=0 fault=0 green=flash_2s red=off guided25_available=1 workflow_pending=DEFAULT research_telemetry=1 profile_persistence_allowed=0 dropped=0
2026-08-22T12:11:23.571+00:00	67.125	FLAGS protocol=asd-quality-v1.5.0 mode=IDLE state=NO_MACHINE waiting=1 learning=0 learned=0 anomaly=0 hold=0 fault=0 green=flash_2s red=off guided25_available=1 workflow_pending=DEFAULT research_telemetry=1 profile_persistence_allowed=0 dropped=0
2026-08-22T12:11:28.579+00:00	72.125	FLAGS protocol=asd-quality-v1.5.0 mode=IDLE state=NO_MACHINE waiting=1 learning=0 learned=0 anomaly=0 hold=0 fault=0 green=flash_2s red=off guided25_available=1 workflow_pending=DEFAULT research_telemetry=1 profile_persistence_allowed=0 dropped=0
2026-08-22T12:11:33.588+00:00	77.141	FLAGS protocol=asd-quality-v1.5.0 mode=IDLE state=NO_MACHINE waiting=1 learning=0 learned=0 anomaly=0 hold=0 fault=0 green=flash_2s red=off guided25_available=1 workflow_pending=DEFAULT research_telemetry=1 profile_persistence_allowed=0 dropped=0
2026-08-22T12:11:38.600+00:00	82.157	FLAGS protocol=asd-quality-v1.5.0 mode=IDLE state=NO_MACHINE waiting=1 learning=0 learned=0 anomaly=0 hold=0 fault=0 green=flash_2s red=off guided25_available=1 workflow_pending=DEFAULT research_telemetry=1 profile_persistence_allowed=0 dropped=0
2026-08-22T12:11:43.607+00:00	87.157	FLAGS protocol=asd-quality-v1.5.0 mode=IDLE state=NO_MACHINE waiting=1 learning=0 learned=0 anomaly=0 hold=0 fault=0 green=flash_2s red=off guided25_available=1 workflow_pending=DEFAULT research_telemetry=1 profile_persistence_allowed=0 dropped=0
2026-08-22T12:11:48.618+00:00	92.172	FLAGS protocol=asd-quality-v1.5.0 mode=IDLE state=NO_MACHINE waiting=1 learning=0 learned=0 anomaly=0 hold=0 fault=0 green=flash_2s red=off guided25_available=1 workflow_pending=DEFAULT research_telemetry=1 profile_persistence_allowed=0 dropped=0
2026-08-22T12:11:53.631+00:00	97.188	FLAGS protocol=asd-quality-v1.5.0 mode=IDLE state=NO_MACHINE waiting=1 learning=0 learned=0 anomaly=0 hold=0 fault=0 green=flash_2s red=off guided25_available=1 workflow_pending=DEFAULT research_telemetry=1 profile_persistence_allowed=0 dropped=0
2026-08-22T12:11:58.638+00:00	102.188	FLAGS protocol=asd-quality-v1.5.0 mode=IDLE state=NO_MACHINE waiting=1 learning=0 learned=0 anomaly=0 hold=0 fault=0 green=flash_2s red=off guided25_available=1 workflow_pending=DEFAULT research_telemetry=1 profile_persistence_allowed=0 dropped=0
2026-08-22T12:12:03.648+00:00	107.203	FLAGS protocol=asd-quality-v1.5.0 mode=IDLE state=NO_MACHINE waiting=1 learning=0 learned=0 anomaly=0 hold=0 fault=0 green=flash_2s red=off guided25_available=1 workflow_pending=DEFAULT research_telemetry=1 profile_persistence_allowed=0 dropped=0
2026-08-22T12:12:08.661+00:00	112.219	FLAGS protocol=asd-quality-v1.5.0 mode=IDLE state=NO_MACHINE waiting=1 learning=0 learned=0 anomaly=0 hold=0 fault=0 green=flash_2s red=off guided25_available=1 workflow_pending=DEFAULT research_telemetry=1 profile_persistence_allowed=0 dropped=0
2026-08-22T12:12:13.668+00:00	117.219	FLAGS protocol=asd-quality-v1.5.0 mode=IDLE state=NO_MACHINE waiting=1 learning=0 learned=0 anomaly=0 hold=0 fault=0 green=flash_2s red=off guided25_available=1 workflow_pending=DEFAULT research_telemetry=1 profile_persistence_allowed=0 dropped=0
2026-08-22T12:12:18.678+00:00	122.235	FLAGS protocol=asd-quality-v1.5.0 mode=IDLE state=NO_MACHINE waiting=1 learning=0 learned=0 anomaly=0 hold=0 fault=0 green=flash_2s red=off guided25_available=1 workflow_pending=DEFAULT research_telemetry=1 profile_persistence_allowed=0 dropped=0
2026-08-22T12:12:23.690+00:00	127.250	FLAGS protocol=asd-quality-v1.5.0 mode=IDLE state=NO_MACHINE waiting=1 learning=0 learned=0 anomaly=0 hold=0 fault=0 green=flash_2s red=off guided25_available=1 workflow_pending=DEFAULT research_telemetry=1 profile_persistence_allowed=0 dropped=0
2026-08-22T12:12:28.697+00:00	132.250	FLAGS protocol=asd-quality-v1.5.0 mode=IDLE state=NO_MACHINE waiting=1 learning=0 learned=0 anomaly=0 hold=0 fault=0 green=flash_2s red=off guided25_available=1 workflow_pending=DEFAULT research_telemetry=1 profile_persistence_allowed=0 dropped=0
2026-08-22T12:12:33.709+00:00	137.266	FLAGS protocol=asd-quality-v1.5.0 mode=IDLE state=NO_MACHINE waiting=1 learning=0 learned=0 anomaly=0 hold=0 fault=0 green=flash_2s red=off guided25_available=1 workflow_pending=DEFAULT research_telemetry=1 profile_persistence_allowed=0 dropped=0
2026-08-22T12:12:38.720+00:00	142.282	FLAGS protocol=asd-quality-v1.5.0 mode=IDLE state=NO_MACHINE waiting=1 learning=0 learned=0 anomaly=0 hold=0 fault=0 green=flash_2s red=off guided25_available=1 workflow_pending=DEFAULT research_telemetry=1 profile_persistence_allowed=0 dropped=0
2026-08-22T12:12:43.728+00:00	147.282	FLAGS protocol=asd-quality-v1.5.0 mode=IDLE state=NO_MACHINE waiting=1 learning=0 learned=0 anomaly=0 hold=0 fault=0 green=flash_2s red=off guided25_available=1 workflow_pending=DEFAULT research_telemetry=1 profile_persistence_allowed=0 dropped=0
2026-08-22T12:12:48.741+00:00	152.297	FLAGS protocol=asd-quality-v1.5.0 mode=IDLE state=NO_MACHINE waiting=1 learning=0 learned=0 anomaly=0 hold=0 fault=0 green=flash_2s red=off guided25_available=1 workflow_pending=DEFAULT research_telemetry=1 profile_persistence_allowed=0 dropped=0
2026-08-22T12:12:53.749+00:00	157.297	FLAGS protocol=asd-quality-v1.5.0 mode=IDLE state=NO_MACHINE waiting=1 learning=0 learned=0 anomaly=0 hold=0 fault=0 green=flash_2s red=off guided25_available=1 workflow_pending=DEFAULT research_telemetry=1 profile_persistence_allowed=0 dropped=0
2026-08-22T12:12:58.757+00:00	162.313	FLAGS protocol=asd-quality-v1.5.0 mode=IDLE state=NO_MACHINE waiting=1 learning=0 learned=0 anomaly=0 hold=0 fault=0 green=flash_2s red=off guided25_available=1 workflow_pending=DEFAULT research_telemetry=1 profile_persistence_allowed=0 dropped=0
2026-08-22T12:13:03.771+00:00	167.328	FLAGS protocol=asd-quality-v1.5.0 mode=IDLE state=NO_MACHINE waiting=1 learning=0 learned=0 anomaly=0 hold=0 fault=0 green=flash_2s red=off guided25_available=1 workflow_pending=DEFAULT research_telemetry=1 profile_persistence_allowed=0 dropped=0
2026-08-22T12:13:04.786+00:00	168.344	VWORKFLOW mode=GUIDED25 result=accepted
2026-08-22T12:13:04.788+00:00	168.344	VBUTTON protocol=asd-quality-v1.5.0 source=console event=SHORT result=accepted
2026-08-22T12:13:04.793+00:00	168.344	BUTTON protocol=asd-quality-v1.5.0 event=SHORT mode=IDLE command=START_LEARNING discards=0
2026-08-22T12:13:04.804+00:00	168.360	SESSION protocol=asd-quality-v1.5.0 action=STARTED source=BUTTON reason=OPERATOR_REQUEST discards_calibration=0
2026-08-22T12:13:04.811+00:00	168.360	STATE protocol=asd-quality-v1.5.0 from=NO_MACHINE to=NO_MACHINE reason=BOOT_FAIL_CLOSED
2026-08-22T12:13:04.836+00:00	168.391	FLAGS protocol=asd-quality-v1.5.0 mode=LEARNING state=NO_MACHINE waiting=0 learning=1 learned=0 anomaly=0 hold=0 fault=0 green=blink_5hz red=off guided25_available=1 workflow_pending=DEFAULT research_telemetry=1 profile_persistence_allowed=0 dropped=0
2026-08-22T12:13:04.857+00:00	168.407	COMMISSION protocol=asd-quality-v1.5.0 policy=asd-commissioning-policy-v1.0.0-development developmental=1 action=STARTED phase=SETTLE index=0 total=8 result=NONE score_valid=0 score=0 level_dbfs=-999 tonalness_proxy=0 feature_drift=0
2026-08-22T12:13:09.819+00:00	173.375	FLAGS protocol=asd-quality-v1.5.0 mode=LEARNING state=NO_MACHINE waiting=0 learning=1 learned=0 anomaly=0 hold=0 fault=0 green=blink_5hz red=off guided25_available=1 workflow_pending=DEFAULT research_telemetry=1 profile_persistence_allowed=0 dropped=0
2026-08-22T12:13:14.782+00:00	178.344	COMMISSION protocol=asd-quality-v1.5.0 policy=asd-commissioning-policy-v1.0.0-development developmental=1 action=WINDOW phase=SETTLE index=1 total=8 result=NONE score_valid=0 score=0 level_dbfs=-47.6386948 tonalness_proxy=3.2327013 feature_drift=0
2026-08-22T12:13:14.831+00:00	178.391	FLAGS protocol=asd-quality-v1.5.0 mode=LEARNING state=NO_MACHINE waiting=0 learning=1 learned=0 anomaly=0 hold=0 fault=0 green=blink_5hz red=off guided25_available=1 workflow_pending=DEFAULT research_telemetry=1 profile_persistence_allowed=0 dropped=0
2026-08-22T12:13:19.839+00:00	183.391	FLAGS protocol=asd-quality-v1.5.0 mode=LEARNING state=NO_MACHINE waiting=0 learning=1 learned=0 anomaly=0 hold=0 fault=0 green=blink_5hz red=off guided25_available=1 workflow_pending=DEFAULT research_telemetry=1 profile_persistence_allowed=0 dropped=0
2026-08-22T12:13:24.755+00:00	188.313	COMMISSION protocol=asd-quality-v1.5.0 policy=asd-commissioning-policy-v1.0.0-development developmental=1 action=WINDOW phase=SETTLE index=2 total=8 result=NONE score_valid=0 score=0 level_dbfs=-47.9910622 tonalness_proxy=3.23580217 feature_drift=0.0408781134
2026-08-22T12:13:24.848+00:00	188.407	FLAGS protocol=asd-quality-v1.5.0 mode=LEARNING state=NO_MACHINE waiting=0 learning=1 learned=0 anomaly=0 hold=0 fault=0 green=blink_5hz red=off guided25_available=1 workflow_pending=DEFAULT research_telemetry=1 profile_persistence_allowed=0 dropped=0
2026-08-22T12:13:29.860+00:00	193.422	FLAGS protocol=asd-quality-v1.5.0 mode=LEARNING state=NO_MACHINE waiting=0 learning=1 learned=0 anomaly=0 hold=0 fault=0 green=blink_5hz red=off guided25_available=1 workflow_pending=DEFAULT research_telemetry=1 profile_persistence_allowed=0 dropped=0
2026-08-22T12:13:34.791+00:00	198.344	COMMISSION protocol=asd-quality-v1.5.0 policy=asd-commissioning-policy-v1.0.0-development developmental=1 action=WINDOW phase=SETTLE index=3 total=8 result=NONE score_valid=0 score=0 level_dbfs=-48.0714226 tonalness_proxy=3.203897 feature_drift=0.106251471
2026-08-22T12:13:34.869+00:00	198.422	FLAGS protocol=asd-quality-v1.5.0 mode=LEARNING state=NO_MACHINE waiting=0 learning=1 learned=0 anomaly=0 hold=0 fault=0 green=blink_5hz red=off guided25_available=1 workflow_pending=DEFAULT research_telemetry=1 profile_persistence_allowed=0 dropped=0
2026-08-22T12:13:39.878+00:00	203.438	FLAGS protocol=asd-quality-v1.5.0 mode=LEARNING state=NO_MACHINE waiting=0 learning=1 learned=0 anomaly=0 hold=0 fault=0 green=blink_5hz red=off guided25_available=1 workflow_pending=DEFAULT research_telemetry=1 profile_persistence_allowed=0 dropped=0
2026-08-22T12:13:44.769+00:00	208.328	COMMISSION protocol=asd-quality-v1.5.0 policy=asd-commissioning-policy-v1.0.0-development developmental=1 action=WINDOW phase=CENTER_LEARNING index=4 total=8 result=NONE score_valid=0 score=0 level_dbfs=-47.5063171 tonalness_proxy=3.18105555 feature_drift=0.0649917722
2026-08-22T12:13:44.791+00:00	208.344	COMMISSION protocol=asd-quality-v1.5.0 policy=asd-commissioning-policy-v1.0.0-development developmental=1 action=PHASE_ENTERED phase=CENTER_LEARNING index=0 total=10 result=NONE score_valid=0 score=0 level_dbfs=-999 tonalness_proxy=0 feature_drift=0
2026-08-22T12:13:44.889+00:00	208.438	FLAGS protocol=asd-quality-v1.5.0 mode=LEARNING state=NO_MACHINE waiting=0 learning=1 learned=0 anomaly=0 hold=0 fault=0 green=blink_5hz red=off guided25_available=1 workflow_pending=DEFAULT research_telemetry=1 profile_persistence_allowed=0 dropped=0
2026-08-22T12:13:45.005+00:00	208.563	QUALITY protocol=asd-quality-v1.5.0 phase=WAIT index=1 total=60 result=OK metrics_valid=1 samples=4096 expected=4096 rms_dbfs=-47.907 dc=0.126 peak=445 clipped=0 zeros=11 stuck=9 dropped_delta=0 feature_valid=0 tonalness_valid=0 tonalness_proxy=0.000000 tonal_gate=not_computed
2026-08-22T12:13:45.256+00:00	208.813	WAIT 1/60 level_dbfs=-47.91 spread=0.000 nivo=-47.9 dBFS cujem
2026-08-22T12:13:45.260+00:00	208.813	QUALITY protocol=asd-quality-v1.5.0 phase=WAIT index=2 total=60 result=OK metrics_valid=1 samples=4096 expected=4096 rms_dbfs=-48.135 dc=1.151 peak=387 clipped=0 zeros=9 stuck=5 dropped_delta=0 feature_valid=0 tonalness_valid=0 tonalness_proxy=0.000000 tonal_gate=not_computed
2026-08-22T12:13:45.513+00:00	209.063	WAIT 2/60 level_dbfs=-48.14 spread=0.000 nivo=-48.1 dBFS cujem
2026-08-22T12:13:45.517+00:00	209.078	QUALITY protocol=asd-quality-v1.5.0 phase=WAIT index=3 total=60 result=OK metrics_valid=1 samples=4096 expected=4096 rms_dbfs=-48.150 dc=-2.988 peak=413 clipped=0 zeros=3 stuck=8 dropped_delta=0 feature_valid=0 tonalness_valid=0 tonalness_proxy=0.000000 tonal_gate=not_computed
2026-08-22T12:13:45.771+00:00	209.328	WAIT 3/60 level_dbfs=-48.15 spread=0.000 nivo=-48.1 dBFS cujem
2026-08-22T12:13:45.775+00:00	209.328	QUALITY protocol=asd-quality-v1.5.0 phase=WAIT index=4 total=60 result=OK metrics_valid=1 samples=4096 expected=4096 rms_dbfs=-47.755 dc=-1.313 peak=475 clipped=0 zeros=12 stuck=4 dropped_delta=0 feature_valid=0 tonalness_valid=0 tonalness_proxy=0.000000 tonal_gate=not_computed
2026-08-22T12:13:46.024+00:00	209.578	WAIT 4/60 level_dbfs=-47.76 spread=0.000 nivo=-47.8 dBFS cujem
2026-08-22T12:13:46.028+00:00	209.578	QUALITY protocol=asd-quality-v1.5.0 phase=WAIT index=5 total=60 result=OK metrics_valid=1 samples=4096 expected=4096 rms_dbfs=-47.328 dc=2.205 peak=486 clipped=0 zeros=11 stuck=11 dropped_delta=0 feature_valid=0 tonalness_valid=0 tonalness_proxy=0.000000 tonal_gate=not_computed
2026-08-22T12:13:46.280+00:00	209.828	WAIT 5/60 level_dbfs=-47.33 spread=0.000 nivo=-47.3 dBFS cujem
2026-08-22T12:13:46.283+00:00	209.844	QUALITY protocol=asd-quality-v1.5.0 phase=WAIT index=6 total=60 result=OK metrics_valid=1 samples=4096 expected=4096 rms_dbfs=-46.973 dc=-0.992 peak=528 clipped=0 zeros=8 stuck=8 dropped_delta=0 feature_valid=0 tonalness_valid=0 tonalness_proxy=0.000000 tonal_gate=not_computed
2026-08-22T12:13:46.538+00:00	210.094	WAIT 6/60 level_dbfs=-46.97 spread=0.000 nivo=-47.0 dBFS cujem
2026-08-22T12:13:46.541+00:00	210.094	QUALITY protocol=asd-quality-v1.5.0 phase=WAIT index=7 total=60 result=OK metrics_valid=1 samples=4096 expected=4096 rms_dbfs=-47.177 dc=-0.335 peak=565 clipped=0 zeros=12 stuck=4 dropped_delta=0 feature_valid=0 tonalness_valid=0 tonalness_proxy=0.000000 tonal_gate=not_computed
2026-08-22T12:13:46.791+00:00	210.344	WAIT 7/60 level_dbfs=-47.18 spread=0.000 nivo=-47.2 dBFS cujem
2026-08-22T12:13:46.795+00:00	210.344	QUALITY protocol=asd-quality-v1.5.0 phase=WAIT index=8 total=60 result=OK metrics_valid=1 samples=4096 expected=4096 rms_dbfs=-47.752 dc=-0.919 peak=447 clipped=0 zeros=9 stuck=9 dropped_delta=0 feature_valid=0 tonalness_valid=0 tonalness_proxy=0.000000 tonal_gate=not_computed
2026-08-22T12:13:47.047+00:00	210.610	WAIT 8/60 level_dbfs=-47.75 spread=0.000 nivo=-47.8 dBFS cujem
2026-08-22T12:13:47.051+00:00	210.610	QUALITY protocol=asd-quality-v1.5.0 phase=WAIT index=9 total=60 result=OK metrics_valid=1 samples=4096 expected=4096 rms_dbfs=-47.718 dc=-0.947 peak=486 clipped=0 zeros=11 stuck=9 dropped_delta=0 feature_valid=0 tonalness_valid=0 tonalness_proxy=0.000000 tonal_gate=not_computed
2026-08-22T12:13:47.304+00:00	210.860	WAIT 9/60 level_dbfs=-47.72 spread=0.000 nivo=-47.7 dBFS cujem
2026-08-22T12:13:47.309+00:00	210.860	QUALITY protocol=asd-quality-v1.5.0 phase=WAIT index=10 total=60 result=OK metrics_valid=1 samples=4096 expected=4096 rms_dbfs=-48.026 dc=-1.057 peak=483 clipped=0 zeros=11 stuck=11 dropped_delta=0 feature_valid=0 tonalness_valid=0 tonalness_proxy=0.000000 tonal_gate=not_computed
2026-08-22T12:13:47.310+00:00	210.860	WAIT 10/60 level_dbfs=-48.03 spread=0.000 nivo=-48.0 dBFS cujem
2026-08-22T12:13:47.560+00:00	211.110	QUALITY protocol=asd-quality-v1.5.0 phase=WAIT index=11 total=60 result=OK metrics_valid=1 samples=4096 expected=4096 rms_dbfs=-47.958 dc=2.297 peak=464 clipped=0 zeros=5 stuck=7 dropped_delta=0 feature_valid=0 tonalness_valid=0 tonalness_proxy=0.000000 tonal_gate=not_computed
2026-08-22T12:13:47.563+00:00	211.125	WAIT 11/60 level_dbfs=-47.96 spread=0.000 nivo=-48.0 dBFS cujem
2026-08-22T12:13:47.817+00:00	211.375	QUALITY protocol=asd-quality-v1.5.0 phase=WAIT index=12 total=60 result=OK metrics_valid=1 samples=4096 expected=4096 rms_dbfs=-47.789 dc=-4.316 peak=525 clipped=0 zeros=15 stuck=6 dropped_delta=0 feature_valid=0 tonalness_valid=0 tonalness_proxy=0.000000 tonal_gate=not_computed
2026-08-22T12:13:47.821+00:00	211.375	WAIT 12/60 level_dbfs=-47.79 spread=0.000 nivo=-47.8 dBFS cujem
2026-08-22T12:13:48.075+00:00	211.625	QUALITY protocol=asd-quality-v1.5.0 phase=WAIT index=13 total=60 result=OK metrics_valid=1 samples=4096 expected=4096 rms_dbfs=-47.785 dc=3.122 peak=554 clipped=0 zeros=10 stuck=5 dropped_delta=0 feature_valid=0 tonalness_valid=0 tonalness_proxy=0.000000 tonal_gate=not_computed
2026-08-22T12:13:48.076+00:00	211.625	WAIT 13/60 level_dbfs=-47.78 spread=0.000 nivo=-47.8 dBFS cujem
2026-08-22T12:13:48.328+00:00	211.875	QUALITY protocol=asd-quality-v1.5.0 phase=WAIT index=14 total=60 result=OK metrics_valid=1 samples=4096 expected=4096 rms_dbfs=-47.673 dc=-2.898 peak=520 clipped=0 zeros=9 stuck=8 dropped_delta=0 feature_valid=0 tonalness_valid=0 tonalness_proxy=0.000000 tonal_gate=not_computed
2026-08-22T12:13:48.332+00:00	211.891	WAIT 14/60 level_dbfs=-47.67 spread=0.000 nivo=-47.7 dBFS cujem
2026-08-22T12:13:48.584+00:00	212.141	QUALITY protocol=asd-quality-v1.5.0 phase=WAIT index=15 total=60 result=OK metrics_valid=1 samples=4096 expected=4096 rms_dbfs=-47.822 dc=-3.140 peak=451 clipped=0 zeros=8 stuck=3 dropped_delta=0 feature_valid=0 tonalness_valid=0 tonalness_proxy=0.000000 tonal_gate=not_computed
2026-08-22T12:13:48.588+00:00	212.141	WAIT 15/60 level_dbfs=-47.82 spread=0.000 nivo=-47.8 dBFS cujem
2026-08-22T12:13:48.842+00:00	212.391	QUALITY protocol=asd-quality-v1.5.0 phase=WAIT index=16 total=60 result=OK metrics_valid=1 samples=4096 expected=4096 rms_dbfs=-47.914 dc=5.866 peak=462 clipped=0 zeros=15 stuck=6 dropped_delta=0 feature_valid=0 tonalness_valid=0 tonalness_proxy=0.000000 tonal_gate=not_computed
2026-08-22T12:13:48.843+00:00	212.391	WAIT 16/60 level_dbfs=-47.91 spread=0.000 nivo=-47.9 dBFS cujem
2026-08-22T12:13:49.095+00:00	212.657	QUALITY protocol=asd-quality-v1.5.0 phase=WAIT index=17 total=60 result=OK metrics_valid=1 samples=4096 expected=4096 rms_dbfs=-48.152 dc=-7.042 peak=460 clipped=0 zeros=16 stuck=4 dropped_delta=0 feature_valid=0 tonalness_valid=0 tonalness_proxy=0.000000 tonal_gate=not_computed
2026-08-22T12:13:49.098+00:00	212.657	WAIT 17/60 level_dbfs=-48.15 spread=0.000 nivo=-48.2 dBFS cujem
2026-08-22T12:13:49.351+00:00	212.907	QUALITY protocol=asd-quality-v1.5.0 phase=WAIT index=18 total=60 result=OK metrics_valid=1 samples=4096 expected=4096 rms_dbfs=-47.880 dc=5.841 peak=464 clipped=0 zeros=10 stuck=11 dropped_delta=0 feature_valid=0 tonalness_valid=0 tonalness_proxy=0.000000 tonal_gate=not_computed
2026-08-22T12:13:49.355+00:00	212.907	WAIT 18/60 level_dbfs=-47.88 spread=0.000 nivo=-47.9 dBFS cujem
2026-08-22T12:13:49.608+00:00	213.157	QUALITY protocol=asd-quality-v1.5.0 phase=WAIT index=19 total=60 result=OK metrics_valid=1 samples=4096 expected=4096 rms_dbfs=-48.384 dc=-4.251 peak=428 clipped=0 zeros=12 stuck=5 dropped_delta=0 feature_valid=0 tonalness_valid=0 tonalness_proxy=0.000000 tonal_gate=not_computed
2026-08-22T12:13:49.628+00:00	213.188	WAIT 19/60 level_dbfs=-48.38 spread=0.000 nivo=-48.4 dBFS cujem
2026-08-22T12:13:49.863+00:00	213.422	QUALITY protocol=asd-quality-v1.5.0 phase=WAIT index=20 total=60 result=OK metrics_valid=1 samples=4096 expected=4096 rms_dbfs=-48.837 dc=-1.847 peak=481 clipped=0 zeros=14 stuck=14 dropped_delta=0 feature_valid=0 tonalness_valid=0 tonalness_proxy=0.000000 tonal_gate=not_computed
2026-08-22T12:13:49.866+00:00	213.422	WAIT 20/60 level_dbfs=-48.84 spread=0.000 nivo=-48.8 dBFS cujem
2026-08-22T12:13:49.899+00:00	213.453	FLAGS protocol=asd-quality-v1.5.0 mode=LEARNING state=NO_MACHINE waiting=0 learning=1 learned=0 anomaly=0 hold=0 fault=0 green=blink_5hz red=off guided25_available=1 workflow_pending=DEFAULT research_telemetry=1 profile_persistence_allowed=0 dropped=0
2026-08-22T12:13:50.119+00:00	213.672	QUALITY protocol=asd-quality-v1.5.0 phase=WAIT index=21 total=60 result=OK metrics_valid=1 samples=4096 expected=4096 rms_dbfs=-48.714 dc=5.105 peak=455 clipped=0 zeros=14 stuck=10 dropped_delta=0 feature_valid=0 tonalness_valid=0 tonalness_proxy=0.000000 tonal_gate=not_computed
2026-08-22T12:13:50.122+00:00	213.672	WAIT 21/60 level_dbfs=-48.71 spread=0.000 nivo=-48.7 dBFS cujem
2026-08-22T12:13:50.376+00:00	213.938	QUALITY protocol=asd-quality-v1.5.0 phase=WAIT index=22 total=60 result=OK metrics_valid=1 samples=4096 expected=4096 rms_dbfs=-48.577 dc=-5.059 peak=438 clipped=0 zeros=10 stuck=7 dropped_delta=0 feature_valid=0 tonalness_valid=0 tonalness_proxy=0.000000 tonal_gate=not_computed
2026-08-22T12:13:50.377+00:00	213.938	WAIT 22/60 level_dbfs=-48.58 spread=0.000 nivo=-48.6 dBFS cujem
2026-08-22T12:13:50.630+00:00	214.188	QUALITY protocol=asd-quality-v1.5.0 phase=WAIT index=23 total=60 result=OK metrics_valid=1 samples=4096 expected=4096 rms_dbfs=-48.786 dc=3.939 peak=406 clipped=0 zeros=8 stuck=6 dropped_delta=0 feature_valid=0 tonalness_valid=0 tonalness_proxy=0.000000 tonal_gate=not_computed
2026-08-22T12:13:50.633+00:00	214.188	WAIT 23/60 level_dbfs=-48.79 spread=0.000 nivo=-48.8 dBFS cujem
2026-08-22T12:13:50.887+00:00	214.438	QUALITY protocol=asd-quality-v1.5.0 phase=WAIT index=24 total=60 result=OK metrics_valid=1 samples=4096 expected=4096 rms_dbfs=-48.844 dc=-6.767 peak=436 clipped=0 zeros=16 stuck=10 dropped_delta=0 feature_valid=0 tonalness_valid=0 tonalness_proxy=0.000000 tonal_gate=not_computed
2026-08-22T12:13:50.889+00:00	214.438	WAIT 24/60 level_dbfs=-48.84 spread=0.000 nivo=-48.8 dBFS cujem
2026-08-22T12:13:51.143+00:00	214.703	QUALITY protocol=asd-quality-v1.5.0 phase=WAIT index=25 total=60 result=OK metrics_valid=1 samples=4096 expected=4096 rms_dbfs=-48.850 dc=6.869 peak=431 clipped=0 zeros=11 stuck=9 dropped_delta=0 feature_valid=0 tonalness_valid=0 tonalness_proxy=0.000000 tonal_gate=not_computed
2026-08-22T12:13:51.145+00:00	214.703	WAIT 25/60 level_dbfs=-48.85 spread=0.000 nivo=-48.8 dBFS cujem
2026-08-22T12:13:51.398+00:00	214.953	QUALITY protocol=asd-quality-v1.5.0 phase=WAIT index=26 total=60 result=OK metrics_valid=1 samples=4096 expected=4096 rms_dbfs=-49.057 dc=-7.073 peak=417 clipped=0 zeros=8 stuck=7 dropped_delta=0 feature_valid=0 tonalness_valid=0 tonalness_proxy=0.000000 tonal_gate=not_computed
2026-08-22T12:13:51.400+00:00	214.953	WAIT 26/60 level_dbfs=-49.06 spread=0.000 nivo=-49.1 dBFS cujem
2026-08-22T12:13:51.653+00:00	215.203	QUALITY protocol=asd-quality-v1.5.0 phase=WAIT index=27 total=60 result=OK metrics_valid=1 samples=4096 expected=4096 rms_dbfs=-49.091 dc=2.554 peak=390 clipped=0 zeros=8 stuck=9 dropped_delta=0 feature_valid=0 tonalness_valid=0 tonalness_proxy=0.000000 tonal_gate=not_computed
2026-08-22T12:13:51.657+00:00	215.219	WAIT 27/60 level_dbfs=-49.09 spread=0.000 nivo=-49.1 dBFS cujem
2026-08-22T12:13:51.911+00:00	215.469	QUALITY protocol=asd-quality-v1.5.0 phase=WAIT index=28 total=60 result=OK metrics_valid=1 samples=4096 expected=4096 rms_dbfs=-49.115 dc=-1.036 peak=403 clipped=0 zeros=15 stuck=7 dropped_delta=0 feature_valid=0 tonalness_valid=0 tonalness_proxy=0.000000 tonal_gate=not_computed
2026-08-22T12:13:51.912+00:00	215.469	WAIT 28/60 level_dbfs=-49.11 spread=0.000 nivo=-49.1 dBFS cujem
2026-08-22T12:13:52.164+00:00	215.719	QUALITY protocol=asd-quality-v1.5.0 phase=WAIT index=29 total=60 result=OK metrics_valid=1 samples=4096 expected=4096 rms_dbfs=-48.902 dc=0.142 peak=400 clipped=0 zeros=15 stuck=9 dropped_delta=0 feature_valid=0 tonalness_valid=0 tonalness_proxy=0.000000 tonal_gate=not_computed
2026-08-22T12:13:52.167+00:00	215.719	WAIT 29/60 level_dbfs=-48.90 spread=0.000 nivo=-48.9 dBFS cujem
2026-08-22T12:13:52.420+00:00	215.969	QUALITY protocol=asd-quality-v1.5.0 phase=WAIT index=30 total=60 result=OK metrics_valid=1 samples=4096 expected=4096 rms_dbfs=-48.511 dc=-1.706 peak=451 clipped=0 zeros=13 stuck=6 dropped_delta=0 feature_valid=0 tonalness_valid=0 tonalness_proxy=0.000000 tonal_gate=not_computed
2026-08-22T12:13:52.424+00:00	215.985	WAIT 30/60 level_dbfs=-48.51 spread=0.000 nivo=-48.5 dBFS cujem
2026-08-22T12:13:52.678+00:00	216.235	QUALITY protocol=asd-quality-v1.5.0 phase=WAIT index=31 total=60 result=OK metrics_valid=1 samples=4096 expected=4096 rms_dbfs=-48.659 dc=-0.985 peak=451 clipped=0 zeros=10 stuck=4 dropped_delta=0 feature_valid=0 tonalness_valid=0 tonalness_proxy=0.000000 tonal_gate=not_computed
2026-08-22T12:13:52.679+00:00	216.235	WAIT 31/60 level_dbfs=-48.66 spread=0.000 nivo=-48.7 dBFS cujem
2026-08-22T12:13:52.932+00:00	216.485	QUALITY protocol=asd-quality-v1.5.0 phase=WAIT index=32 total=60 result=OK metrics_valid=1 samples=4096 expected=4096 rms_dbfs=-48.487 dc=4.822 peak=543 clipped=0 zeros=11 stuck=12 dropped_delta=0 feature_valid=0 tonalness_valid=0 tonalness_proxy=0.000000 tonal_gate=not_computed
2026-08-22T12:13:52.935+00:00	216.485	WAIT 32/60 level_dbfs=-48.49 spread=0.000 nivo=-48.5 dBFS cujem
2026-08-22T12:13:53.187+00:00	216.735	QUALITY protocol=asd-quality-v1.5.0 phase=WAIT index=33 total=60 result=OK metrics_valid=1 samples=4096 expected=4096 rms_dbfs=-48.542 dc=-6.028 peak=437 clipped=0 zeros=9 stuck=6 dropped_delta=0 feature_valid=0 tonalness_valid=0 tonalness_proxy=0.000000 tonal_gate=not_computed
2026-08-22T12:13:53.191+00:00	216.750	WAIT 33/60 level_dbfs=-48.54 spread=0.000 nivo=-48.5 dBFS cujem
2026-08-22T12:13:53.444+00:00	217.000	QUALITY protocol=asd-quality-v1.5.0 phase=WAIT index=34 total=60 result=OK metrics_valid=1 samples=4096 expected=4096 rms_dbfs=-48.354 dc=1.933 peak=466 clipped=0 zeros=17 stuck=13 dropped_delta=0 feature_valid=0 tonalness_valid=0 tonalness_proxy=0.000000 tonal_gate=not_computed
2026-08-22T12:13:53.446+00:00	217.000	WAIT 34/60 level_dbfs=-48.35 spread=0.000 nivo=-48.4 dBFS cujem
2026-08-22T12:13:53.699+00:00	217.250	QUALITY protocol=asd-quality-v1.5.0 phase=WAIT index=35 total=60 result=OK metrics_valid=1 samples=4096 expected=4096 rms_dbfs=-47.876 dc=-1.977 peak=517 clipped=0 zeros=10 stuck=5 dropped_delta=0 feature_valid=0 tonalness_valid=0 tonalness_proxy=0.000000 tonal_gate=not_computed
2026-08-22T12:13:53.703+00:00	217.250	WAIT 35/60 level_dbfs=-47.88 spread=0.000 nivo=-47.9 dBFS cujem
2026-08-22T12:13:53.954+00:00	217.516	QUALITY protocol=asd-quality-v1.5.0 phase=WAIT index=36 total=60 result=OK metrics_valid=1 samples=4096 expected=4096 rms_dbfs=-48.344 dc=-3.782 peak=441 clipped=0 zeros=14 stuck=8 dropped_delta=0 feature_valid=0 tonalness_valid=0 tonalness_proxy=0.000000 tonal_gate=not_computed
2026-08-22T12:13:53.958+00:00	217.516	WAIT 36/60 level_dbfs=-48.34 spread=0.000 nivo=-48.3 dBFS cujem
2026-08-22T12:13:54.212+00:00	217.766	QUALITY protocol=asd-quality-v1.5.0 phase=WAIT index=37 total=60 result=OK metrics_valid=1 samples=4096 expected=4096 rms_dbfs=-48.761 dc=9.272 peak=446 clipped=0 zeros=6 stuck=7 dropped_delta=0 feature_valid=0 tonalness_valid=0 tonalness_proxy=0.000000 tonal_gate=not_computed
2026-08-22T12:13:54.213+00:00	217.766	WAIT 37/60 level_dbfs=-48.76 spread=0.000 nivo=-48.8 dBFS cujem
2026-08-22T12:13:54.465+00:00	218.016	QUALITY protocol=asd-quality-v1.5.0 phase=WAIT index=38 total=60 result=OK metrics_valid=1 samples=4096 expected=4096 rms_dbfs=-48.841 dc=-9.632 peak=425 clipped=0 zeros=12 stuck=14 dropped_delta=0 feature_valid=0 tonalness_valid=0 tonalness_proxy=0.000000 tonal_gate=not_computed
2026-08-22T12:13:54.469+00:00	218.032	WAIT 38/60 level_dbfs=-48.84 spread=0.000 nivo=-48.8 dBFS cujem
2026-08-22T12:13:54.722+00:00	218.282	QUALITY protocol=asd-quality-v1.5.0 phase=WAIT index=39 total=60 result=OK metrics_valid=1 samples=4096 expected=4096 rms_dbfs=-48.639 dc=6.915 peak=466 clipped=0 zeros=16 stuck=9 dropped_delta=0 feature_valid=0 tonalness_valid=0 tonalness_proxy=0.000000 tonal_gate=not_computed
2026-08-22T12:13:54.726+00:00	218.282	WAIT 39/60 level_dbfs=-48.64 spread=0.000 nivo=-48.6 dBFS cujem
2026-08-22T12:13:54.910+00:00	218.469	FLAGS protocol=asd-quality-v1.5.0 mode=LEARNING state=NO_MACHINE waiting=0 learning=1 learned=0 anomaly=0 hold=0 fault=0 green=blink_5hz red=off guided25_available=1 workflow_pending=DEFAULT research_telemetry=1 profile_persistence_allowed=0 dropped=0
2026-08-22T12:13:54.983+00:00	218.532	QUALITY protocol=asd-quality-v1.5.0 phase=WAIT index=40 total=60 result=OK metrics_valid=1 samples=4096 expected=4096 rms_dbfs=-48.234 dc=-5.742 peak=448 clipped=0 zeros=14 stuck=6 dropped_delta=0 feature_valid=0 tonalness_valid=0 tonalness_proxy=0.000000 tonal_gate=not_computed
2026-08-22T12:13:54.984+00:00	218.532	WAIT 40/60 level_dbfs=-48.23 spread=0.000 nivo=-48.2 dBFS cujem
2026-08-22T12:13:55.233+00:00	218.782	QUALITY protocol=asd-quality-v1.5.0 phase=WAIT index=41 total=60 result=OK metrics_valid=1 samples=4096 expected=4096 rms_dbfs=-47.529 dc=1.356 peak=497 clipped=0 zeros=8 stuck=3 dropped_delta=0 feature_valid=0 tonalness_valid=0 tonalness_proxy=0.000000 tonal_gate=not_computed
2026-08-22T12:13:55.237+00:00	218.797	WAIT 41/60 level_dbfs=-47.53 spread=0.000 nivo=-47.5 dBFS cujem
2026-08-22T12:13:55.488+00:00	219.047	QUALITY protocol=asd-quality-v1.5.0 phase=WAIT index=42 total=60 result=OK metrics_valid=1 samples=4096 expected=4096 rms_dbfs=-47.867 dc=2.296 peak=524 clipped=0 zeros=9 stuck=9 dropped_delta=0 feature_valid=0 tonalness_valid=0 tonalness_proxy=0.000000 tonal_gate=not_computed
2026-08-22T12:13:55.493+00:00	219.047	WAIT 42/60 level_dbfs=-47.87 spread=0.000 nivo=-47.9 dBFS cujem
2026-08-22T12:13:55.748+00:00	219.297	QUALITY protocol=asd-quality-v1.5.0 phase=WAIT index=43 total=60 result=OK metrics_valid=1 samples=4096 expected=4096 rms_dbfs=-48.333 dc=-3.983 peak=455 clipped=0 zeros=15 stuck=10 dropped_delta=0 feature_valid=0 tonalness_valid=0 tonalness_proxy=0.000000 tonal_gate=not_computed
2026-08-22T12:13:55.749+00:00	219.297	WAIT 43/60 level_dbfs=-48.33 spread=0.000 nivo=-48.3 dBFS cujem
2026-08-22T12:13:56.002+00:00	219.563	QUALITY protocol=asd-quality-v1.5.0 phase=WAIT index=44 total=60 result=OK metrics_valid=1 samples=4096 expected=4096 rms_dbfs=-48.013 dc=1.368 peak=411 clipped=0 zeros=6 stuck=5 dropped_delta=0 feature_valid=0 tonalness_valid=0 tonalness_proxy=0.000000 tonal_gate=not_computed
2026-08-22T12:13:56.004+00:00	219.563	WAIT 44/60 level_dbfs=-48.01 spread=0.000 nivo=-48.0 dBFS cujem
2026-08-22T12:13:56.256+00:00	219.813	QUALITY protocol=asd-quality-v1.5.0 phase=WAIT index=45 total=60 result=OK metrics_valid=1 samples=4096 expected=4096 rms_dbfs=-48.057 dc=-4.591 peak=454 clipped=0 zeros=7 stuck=13 dropped_delta=0 feature_valid=0 tonalness_valid=0 tonalness_proxy=0.000000 tonal_gate=not_computed
2026-08-22T12:13:56.260+00:00	219.813	WAIT 45/60 level_dbfs=-48.06 spread=0.000 nivo=-48.1 dBFS cujem
2026-08-22T12:13:56.514+00:00	220.063	QUALITY protocol=asd-quality-v1.5.0 phase=WAIT index=46 total=60 result=OK metrics_valid=1 samples=4096 expected=4096 rms_dbfs=-48.338 dc=9.448 peak=450 clipped=0 zeros=10 stuck=11 dropped_delta=0 feature_valid=0 tonalness_valid=0 tonalness_proxy=0.000000 tonal_gate=not_computed
2026-08-22T12:13:56.516+00:00	220.078	WAIT 46/60 level_dbfs=-48.34 spread=0.000 nivo=-48.3 dBFS cujem
2026-08-22T12:13:56.768+00:00	220.328	QUALITY protocol=asd-quality-v1.5.0 phase=WAIT index=47 total=60 result=OK metrics_valid=1 samples=4096 expected=4096 rms_dbfs=-47.117 dc=4.707 peak=543 clipped=0 zeros=9 stuck=12 dropped_delta=0 feature_valid=0 tonalness_valid=0 tonalness_proxy=0.000000 tonal_gate=not_computed
2026-08-22T12:13:56.771+00:00	220.328	WAIT 47/60 level_dbfs=-47.12 spread=0.000 nivo=-47.1 dBFS cujem
2026-08-22T12:13:57.023+00:00	220.578	QUALITY protocol=asd-quality-v1.5.0 phase=WAIT index=48 total=60 result=OK metrics_valid=1 samples=4096 expected=4096 rms_dbfs=-48.028 dc=-15.715 peak=413 clipped=0 zeros=14 stuck=13 dropped_delta=0 feature_valid=0 tonalness_valid=0 tonalness_proxy=0.000000 tonal_gate=not_computed
2026-08-22T12:13:57.027+00:00	220.578	WAIT 48/60 level_dbfs=-48.03 spread=0.000 nivo=-48.0 dBFS cujem
2026-08-22T12:13:57.281+00:00	220.844	QUALITY protocol=asd-quality-v1.5.0 phase=WAIT index=49 total=60 result=OK metrics_valid=1 samples=4096 expected=4096 rms_dbfs=-45.770 dc=13.888 peak=633 clipped=0 zeros=12 stuck=10 dropped_delta=0 feature_valid=0 tonalness_valid=0 tonalness_proxy=0.000000 tonal_gate=not_computed
2026-08-22T12:13:57.282+00:00	220.844	WAIT 49/60 level_dbfs=-45.77 spread=0.000 nivo=-45.8 dBFS cujem
2026-08-22T12:13:57.534+00:00	221.094	QUALITY protocol=asd-quality-v1.5.0 phase=WAIT index=50 total=60 result=OK metrics_valid=1 samples=4096 expected=4096 rms_dbfs=-47.499 dc=-16.862 peak=421 clipped=0 zeros=8 stuck=5 dropped_delta=0 feature_valid=0 tonalness_valid=0 tonalness_proxy=0.000000 tonal_gate=not_computed
2026-08-22T12:13:57.538+00:00	221.094	WAIT 50/60 level_dbfs=-47.50 spread=0.000 nivo=-47.5 dBFS cujem
2026-08-22T12:13:57.791+00:00	221.344	QUALITY protocol=asd-quality-v1.5.0 phase=WAIT index=51 total=60 result=OK metrics_valid=1 samples=4096 expected=4096 rms_dbfs=-48.183 dc=6.631 peak=440 clipped=0 zeros=9 stuck=6 dropped_delta=0 feature_valid=0 tonalness_valid=0 tonalness_proxy=0.000000 tonal_gate=not_computed
2026-08-22T12:13:57.795+00:00	221.344	WAIT 51/60 level_dbfs=-48.18 spread=0.000 nivo=-48.2 dBFS cujem
2026-08-22T12:13:58.048+00:00	221.610	QUALITY protocol=asd-quality-v1.5.0 phase=WAIT index=52 total=60 result=OK metrics_valid=1 samples=4096 expected=4096 rms_dbfs=-48.239 dc=0.035 peak=393 clipped=0 zeros=17 stuck=10 dropped_delta=0 feature_valid=0 tonalness_valid=0 tonalness_proxy=0.000000 tonal_gate=not_computed
2026-08-22T12:13:58.049+00:00	221.610	WAIT 52/60 level_dbfs=-48.24 spread=0.000 nivo=-48.2 dBFS cujem
2026-08-22T12:13:58.302+00:00	221.860	QUALITY protocol=asd-quality-v1.5.0 phase=WAIT index=53 total=60 result=OK metrics_valid=1 samples=4096 expected=4096 rms_dbfs=-48.103 dc=-3.095 peak=382 clipped=0 zeros=23 stuck=9 dropped_delta=0 feature_valid=0 tonalness_valid=0 tonalness_proxy=0.000000 tonal_gate=not_computed
2026-08-22T12:13:58.306+00:00	221.860	WAIT 53/60 level_dbfs=-48.10 spread=0.000 nivo=-48.1 dBFS cujem
2026-08-22T12:13:58.559+00:00	222.110	QUALITY protocol=asd-quality-v1.5.0 phase=WAIT index=54 total=60 result=OK metrics_valid=1 samples=4096 expected=4096 rms_dbfs=-48.374 dc=-2.954 peak=451 clipped=0 zeros=12 stuck=13 dropped_delta=0 feature_valid=0 tonalness_valid=0 tonalness_proxy=0.000000 tonal_gate=not_computed
2026-08-22T12:13:58.562+00:00	222.110	WAIT 54/60 level_dbfs=-48.37 spread=0.000 nivo=-48.4 dBFS cujem
2026-08-22T12:13:58.814+00:00	222.375	QUALITY protocol=asd-quality-v1.5.0 phase=WAIT index=55 total=60 result=OK metrics_valid=1 samples=4096 expected=4096 rms_dbfs=-48.087 dc=1.387 peak=482 clipped=0 zeros=10 stuck=11 dropped_delta=0 feature_valid=0 tonalness_valid=0 tonalness_proxy=0.000000 tonal_gate=not_computed
2026-08-22T12:13:58.816+00:00	222.375	WAIT 55/60 level_dbfs=-48.09 spread=0.000 nivo=-48.1 dBFS cujem
2026-08-22T12:13:59.069+00:00	222.625	QUALITY protocol=asd-quality-v1.5.0 phase=WAIT index=56 total=60 result=OK metrics_valid=1 samples=4096 expected=4096 rms_dbfs=-48.201 dc=0.876 peak=477 clipped=0 zeros=9 stuck=10 dropped_delta=0 feature_valid=0 tonalness_valid=0 tonalness_proxy=0.000000 tonal_gate=not_computed
2026-08-22T12:13:59.073+00:00	222.625	WAIT 56/60 level_dbfs=-48.20 spread=0.000 nivo=-48.2 dBFS cujem
2026-08-22T12:13:59.326+00:00	222.875	QUALITY protocol=asd-quality-v1.5.0 phase=WAIT index=57 total=60 result=OK metrics_valid=1 samples=4096 expected=4096 rms_dbfs=-47.561 dc=-3.115 peak=543 clipped=0 zeros=16 stuck=10 dropped_delta=0 feature_valid=0 tonalness_valid=0 tonalness_proxy=0.000000 tonal_gate=not_computed
2026-08-22T12:13:59.329+00:00	222.891	WAIT 57/60 level_dbfs=-47.56 spread=0.000 nivo=-47.6 dBFS cujem
2026-08-22T12:13:59.583+00:00	223.141	QUALITY protocol=asd-quality-v1.5.0 phase=WAIT index=58 total=60 result=OK metrics_valid=1 samples=4096 expected=4096 rms_dbfs=-47.569 dc=-0.437 peak=460 clipped=0 zeros=15 stuck=7 dropped_delta=0 feature_valid=0 tonalness_valid=0 tonalness_proxy=0.000000 tonal_gate=not_computed
2026-08-22T12:13:59.584+00:00	223.141	WAIT 58/60 level_dbfs=-47.57 spread=0.000 nivo=-47.6 dBFS cujem
2026-08-22T12:13:59.837+00:00	223.391	QUALITY protocol=asd-quality-v1.5.0 phase=WAIT index=59 total=60 result=OK metrics_valid=1 samples=4096 expected=4096 rms_dbfs=-48.101 dc=1.007 peak=425 clipped=0 zeros=12 stuck=7 dropped_delta=0 feature_valid=0 tonalness_valid=0 tonalness_proxy=0.000000 tonal_gate=not_computed
2026-08-22T12:13:59.840+00:00	223.391	WAIT 59/60 level_dbfs=-48.10 spread=0.000 nivo=-48.1 dBFS cujem
2026-08-22T12:13:59.919+00:00	223.469	FLAGS protocol=asd-quality-v1.5.0 mode=LEARNING state=NO_MACHINE waiting=0 learning=1 learned=0 anomaly=0 hold=0 fault=0 green=blink_5hz red=off guided25_available=1 workflow_pending=DEFAULT research_telemetry=1 profile_persistence_allowed=0 dropped=0
2026-08-22T12:14:00.092+00:00	223.641	QUALITY protocol=asd-quality-v1.5.0 phase=WAIT index=60 total=60 result=OK metrics_valid=1 samples=4096 expected=4096 rms_dbfs=-47.897 dc=-3.461 peak=419 clipped=0 zeros=9 stuck=5 dropped_delta=0 feature_valid=0 tonalness_valid=0 tonalness_proxy=0.000000 tonal_gate=not_computed
2026-08-22T12:14:00.097+00:00	223.657	WAIT 60/60 level_dbfs=-47.90 spread=0.000 nivo=-47.9 dBFS cujem
2026-08-22T12:14:00.101+00:00	223.657	I (223614) psdlive: --- KALIBRACIJA: 10 klipova po 10 s ---
2026-08-22T12:14:04.928+00:00	228.485	FLAGS protocol=asd-quality-v1.5.0 mode=LEARNING state=NO_MACHINE waiting=0 learning=1 learned=0 anomaly=0 hold=0 fault=0 green=blink_5hz red=off guided25_available=1 workflow_pending=DEFAULT research_telemetry=1 profile_persistence_allowed=0 dropped=0
2026-08-22T12:14:09.940+00:00	233.500	FLAGS protocol=asd-quality-v1.5.0 mode=LEARNING state=NO_MACHINE waiting=0 learning=1 learned=0 anomaly=0 hold=0 fault=0 green=blink_5hz red=off guided25_available=1 workflow_pending=DEFAULT research_telemetry=1 profile_persistence_allowed=0 dropped=0
2026-08-22T12:14:10.089+00:00	233.641	QUALITY protocol=asd-quality-v1.5.0 phase=CAL index=1 total=10 result=OK metrics_valid=1 samples=159744 expected=159744 rms_dbfs=-48.140 dc=-0.394 peak=498 clipped=0 zeros=486 stuck=349 dropped_delta=0 feature_valid=1 tonalness_valid=1 tonalness_proxy=3.155063 tonal_gate=pending_normal_only
2026-08-22T12:14:10.090+00:00	233.641	CAL  1/10 score=0.00000 nivo=-48.1 dBFS racun=716 ms
2026-08-22T12:14:10.218+00:00	233.766	FEATURE96 protocol=asd-research-v1.0.0 session=1 phase=CAL window=1 window_start_ms=222417 window_end_ms=232386 score=0 level_dbfs=-48.1399918 quality=OK tonalness_proxy=3.15506268 dims=96 fnv1a=dfef64af values=-10.4495373,-10.4495373,1.98624897,-10.4495373,-10.4495373,1.61958313,-10.4495373,1.8298173,-10.4495373,1.76300383,1.58362007,-10.4495373,1.77216339,2.45594978,2.28026104,-10.4495373,1.76885605,1.30035114,1.3006258,1.23816872,1.28128147,1.75294971,1.53728485,1.53987312,1.3354578,1.2795763,1.20341682,1.1441412,1.12809753,0.917787552,0.92775631,0.849226952,1.1143074,0.996603012,1.30428505,2.30961227,3.15506268,0.676939964,0.723662376,1.0151186,0.766804695,1.36180305,0.614889145,0.642820358,0.645962715,0.797163963,0.9588871,1.26366329,0.770710945,0.936644554,0.99359417,0.776623726,0.828585625,1.82326889,0.883859634,1.00639915,1.06509209,1.24570751,1.15775967,1.31231117,1.50909805,2.41684246,2.39348888,0.158675194,0.682513237,0.495494843,0.567486763,0.697414398,0.743803024,0.86978054,0.905456543,1.08609104,0.968029976,1.38609886,0.74587059,0.479568481,0.622476578,0.235779762,0.17264843,0.629476547,0.159731865,0.200314522,0.205785751,0.0525388718,0.0508642197,-0.0496816635,-0.243655205,-0.176732063,-0.164978027,-0.0755176544,-0.237174034,-0.31205368,-0.220755577,0.17595005,-0.207037926,-0.271074295
2026-08-22T12:14:10.325+00:00	233.875	SUBSEG96 protocol=asd-research-v1.0.0 session=1 phase=CAL window=1 group=1 segments=8 dims=96 fnv1a=67d86820 values=-10.4272366,-10.4272366,2.204144,-10.4272366,-10.4272366,1.97349548,-10.4272366,2.16857672,-10.4272366,1.93213415,1.3489275,-10.4272366,1.28403091,1.39876938,1.57836246,-10.4272366,1.49198437,1.28198719,1.55126095,1.56719208,1.35623932,1.60546875,1.24204445,1.34073925,1.30464172,1.36213684,0.813900948,0.743022919,1.13576698,0.824213982,1.17186165,0.829604149,1.09935188,1.00029278,1.41899586,2.36441422,3.17922688,0.836800575,0.703038216,0.976737976,0.726791382,1.39455509,0.816813469,0.63839817,0.517262459,0.886318207,1.04252052,1.28704643,0.674064636,1.09801292,0.959424973,0.71976757,0.965857506,1.81830502,0.990527153,1.04368591,1.03488255,1.3279705,1.24246788,1.39704227,1.55095005,2.47947311,2.36472464,0.198442459,0.727963448,0.560861588,0.65062809,0.778791428,0.836760521,0.929026604,0.94305706,1.14355469,0.985188484,1.44184303,0.763290405,0.50404644,0.684443474,0.258481026,0.216320038,0.625623703,0.224293709,0.194957733,0.241856575,0.0490512848,0.0922555923,-0.020989418,-0.235196114,-0.157922745,-0.146435738,-0.0366487503,-0.242193222,-0.285668373,-0.224791527,0.141818047,-0.218949318,-0.272094727
2026-08-22T12:14:10.433+00:00	233.985	SUBSEG96 protocol=asd-research-v1.0.0 session=1 phase=CAL window=1 group=2 segments=8 dims=96 fnv1a=691ccb68 values=-10.3839464,-10.3839464,2.31318521,-10.3839464,-10.3839464,1.65635061,-10.3839464,1.75872326,-10.3839464,1.6312995,1.09859848,-10.3839464,0.874629974,1.38498974,1.5165863,-10.3839464,1.32693672,1.47732162,1.43182755,1.04329967,1.31705379,1.64265537,1.24153423,1.17020226,1.28025436,1.4242754,1.13130188,1.01884174,1.27119446,0.794462204,0.996879578,0.769906998,0.979580879,0.914938927,1.46885395,2.39344025,3.1893177,0.739051819,0.812748909,1.20405388,0.993039131,1.43158245,0.412693977,0.577095985,0.662917137,0.738791466,0.945180893,1.37475586,0.851826668,0.976150513,1.13585854,0.932649612,0.782207489,1.8796134,0.946544647,1.09139633,1.17875671,1.32096004,1.16805267,1.37459373,1.53752804,2.54986429,2.3960166,0.158005714,0.767993927,0.503340721,0.655030251,0.759967804,0.819469452,0.973109245,1.00173855,1.17093945,1.0410347,1.41766071,0.811011314,0.54985714,0.708153725,0.268279076,0.228969574,0.688883781,0.173423767,0.277718544,0.290549278,0.0590419769,0.126067162,0.0178928375,-0.149693489,-0.0618638992,-0.0590419769,-0.0220336914,-0.144627571,-0.261428833,-0.156110764,0.233873367,-0.106134415,-0.201882362
2026-08-22T12:14:10.538+00:00	234.094	SUBSEG96 protocol=asd-research-v1.0.0 session=1 phase=CAL window=1 group=3 segments=8 dims=96 fnv1a=636f8fb6 values=-10.3751535,-10.3751535,2.03345537,-10.3751535,-10.3751535,1.74905968,-10.3751535,1.814569,-10.3751535,1.71279907,1.56962013,-10.3751535,1.19913864,1.61034203,1.61179447,-10.3751535,1.15514755,1.00236607,0.748103142,0.814766884,1.29485226,1.79160357,1.17444324,1.17166042,1.12965584,1.37320518,1.06058788,1.23763847,1.1612463,0.954037666,0.807266235,0.832658768,1.22138119,1.10359192,1.31096935,2.32298231,3.18613768,0.608706474,0.792107582,1.21464157,0.74475956,1.46612549,0.615283966,0.693630219,0.808140755,0.931825638,1.02759171,1.12487221,0.895327568,1.0384407,1.01177502,0.820848465,0.93350029,1.94048262,0.917797089,1.02478409,1.05103588,1.30210972,1.20959854,1.32759762,1.63199139,2.44377804,2.4864974,0.227877617,0.764457703,0.585183144,0.60726738,0.739423752,0.792749405,0.924160957,0.926368713,1.08962917,1.07010555,1.48394012,0.80933857,0.567069054,0.699277878,0.317567825,0.251371384,0.736798286,0.254683495,0.295110703,0.261721611,0.166176796,0.153300285,0.0472097397,-0.172955513,-0.0993318558,-0.0905561447,-0.00548362732,-0.172653198,-0.241123199,-0.131754875,0.276370049,-0.142683029,-0.207685471
2026-08-22T12:14:10.647+00:00	234.203	SUBSEG96 protocol=asd-research-v1.0.0 session=1 phase=CAL window=1 group=4 segments=7 dims=96 fnv1a=12fc3992 values=-10.4312229,-10.4312229,1.63890839,-10.4312229,-10.4312229,1.21009064,-10.4312229,1.41763783,-10.4312229,1.64588642,1.72055578,-10.4312229,2.12076139,2.67831039,2.39080524,-10.4312229,1.95558882,1.30909348,1.34779072,1.35694981,1.23901653,1.66256428,1.51514339,1.59753275,1.21006775,0.986303329,1.0498085,1.10220051,1.09365654,0.878964424,0.76968956,0.733395576,1.2905302,1.0460434,1.16128159,2.36000729,3.24273205,0.776727676,0.760492325,0.969169617,0.627163887,1.36370087,0.676115036,0.681895256,0.774214745,0.720909119,1.01258945,1.39744282,0.731348038,0.89522934,1.10226345,0.730401993,0.833030701,1.82874537,0.922218323,1.08643627,1.05605888,1.23740578,1.19382381,1.33266449,1.52790546,2.36118793,2.44286537,0.191658974,0.601082802,0.427726746,0.579158783,0.764914513,0.730628014,0.875192642,0.90561676,1.08764458,0.982400894,1.34505844,0.783913612,0.489449501,0.617541313,0.24831295,0.212215424,0.664476395,0.110620499,0.218136787,0.182891846,0.0952062607,0.063038826,-0.0258283615,-0.245404243,-0.207233429,-0.161634445,-0.0230321884,-0.191432953,-0.252637863,-0.215315819,0.231811523,-0.171751022,-0.238064766
2026-08-22T12:14:10.752+00:00	234.313	SUBSEG96 protocol=asd-research-v1.0.0 session=1 phase=CAL window=1 group=5 segments=7 dims=96 fnv1a=36642240 values=-10.4780092,-10.4780092,0.611330986,-10.4780092,-10.4780092,0.963625908,-10.4780092,1.7675209,-10.4780092,1.91364002,1.90306807,-10.4780092,2.15101242,2.97313309,2.80813599,-10.4780092,2.18620491,1.43259811,1.18986702,1.14509392,1.33489418,2.03878307,1.99346399,1.96094275,1.65609217,1.27714062,1.62013245,1.45737457,1.11350155,1.16580105,0.888708115,1.10203362,1.08076763,1.05205727,1.23566914,2.25209427,3.13089514,0.491569519,0.702075958,0.710555077,0.807889938,1.29551792,0.593186378,0.753543854,0.577780724,0.817565918,0.906915665,1.23936367,0.827328682,0.746592522,0.882170677,0.805289268,0.735394478,1.79665613,0.767596245,0.928873062,1.13973236,1.17670059,1.11878967,1.27180958,1.4372263,2.37590837,2.42835999,0.169228554,0.683023453,0.532215118,0.479322433,0.573992729,0.672563553,0.78356266,0.897621155,1.0836134,0.90690136,1.38250828,0.715594292,0.436081886,0.539647102,0.239266396,0.10076046,0.580432892,0.172768593,0.165335655,0.198359489,0.0433797836,-0.0426836014,-0.121891975,-0.266306877,-0.218351364,-0.22385788,-0.141851425,-0.284745216,-0.368460655,-0.223993301,0.146759033,-0.246060371,-0.280685425
2026-08-22T12:14:14.949+00:00	238.500	FLAGS protocol=asd-quality-v1.5.0 mode=LEARNING state=NO_MACHINE waiting=0 learning=1 learned=0 anomaly=0 hold=0 fault=0 green=blink_5hz red=off guided25_available=1 workflow_pending=DEFAULT research_telemetry=1 profile_persistence_allowed=0 dropped=0
2026-08-22T12:14:19.959+00:00	243.516	FLAGS protocol=asd-quality-v1.5.0 mode=LEARNING state=NO_MACHINE waiting=0 learning=1 learned=0 anomaly=0 hold=0 fault=0 green=blink_5hz red=off guided25_available=1 workflow_pending=DEFAULT research_telemetry=1 profile_persistence_allowed=0 dropped=0
2026-08-22T12:14:20.065+00:00	243.625	QUALITY protocol=asd-quality-v1.5.0 phase=CAL index=2 total=10 result=OK metrics_valid=1 samples=159744 expected=159744 rms_dbfs=-47.830 dc=-0.453 peak=501 clipped=0 zeros=450 stuck=298 dropped_delta=0 feature_valid=1 tonalness_valid=1 tonalness_proxy=3.190156 tonal_gate=pending_normal_only
2026-08-22T12:14:20.067+00:00	243.625	CAL  2/10 score=0.00000 nivo=-47.8 dBFS racun=716 ms
2026-08-22T12:14:20.198+00:00	243.750	FEATURE96 protocol=asd-research-v1.0.0 session=1 phase=CAL window=2 window_start_ms=233057 window_end_ms=242361 score=0 level_dbfs=-47.8303909 quality=OK tonalness_proxy=3.19015598 dims=96 fnv1a=9d6d6065 values=-10.4252653,-10.4252653,2.83042431,-10.4252653,-10.4252653,1.9502759,-10.4252653,2.20175171,-10.4252653,2.35260248,1.79376078,-10.4252653,1.42734623,1.7778554,1.59609747,-10.4252653,1.0506506,0.923798561,0.918376923,0.86575222,1.3396616,1.58488607,0.941473961,1.06556797,1.24973202,1.45131588,1.30577469,1.22817898,1.03527737,0.940454483,0.906733513,0.95173645,1.19186878,0.985172272,1.2975235,2.20030928,3.19015598,0.763795853,0.850599289,0.81490612,0.926758766,1.36260986,0.69466114,0.717288017,0.697473526,0.960593224,0.978730202,1.36659908,0.817144394,1.00084877,0.962124825,0.755732536,0.860277176,1.8105092,0.960162163,0.95221138,1.07615185,1.30452633,1.18969154,1.35898876,1.54393196,2.14556885,2.6123147,0.23941803,0.712560654,0.618901253,0.611432076,0.715825081,0.783366203,0.885586739,0.921604156,1.1216898,1.01868248,1.38055992,0.795471191,0.553973198,0.666392326,0.252591133,0.213009834,0.637580872,0.197314262,0.182660103,0.167847633,0.0725374222,0.0451307297,-0.0324134827,-0.185879707,-0.147093773,-0.137768745,-0.0470628738,-0.184537888,-0.291525841,-0.196735382,0.18279171,-0.194504738,-0.195910454
2026-08-22T12:14:20.302+00:00	243.860	SUBSEG96 protocol=asd-research-v1.0.0 session=1 phase=CAL window=2 group=1 segments=8 dims=96 fnv1a=1b483209 values=-10.3734007,-10.3734007,1.50469494,-10.3734007,-10.3734007,1.06476498,-10.3734007,1.73716211,-10.3734007,1.85209846,1.37123775,-10.3734007,1.55939293,1.8274374,1.29737473,-10.3734007,1.1754961,1.05935383,1.0210743,1.03240299,1.35101509,1.79604816,0.897107124,1.05067635,1.22110939,1.43787193,0.970342636,1.11909389,0.957626343,1.0033493,0.931425095,0.918667793,1.37076473,1.07425213,1.17806911,2.18965435,3.18021536,0.71359539,0.818653107,1.00783348,0.886608124,1.3781538,0.758923531,0.83853817,0.705827713,1.10853958,1.18826866,1.37905884,0.75477314,1.01407051,0.954550743,0.848688126,0.941498756,1.85295725,1.00328541,0.993073463,1.08303642,1.43761349,1.22415924,1.41213036,1.58546352,2.13749456,2.67721319,0.314720154,0.742227554,0.703696251,0.601941109,0.815089226,0.875634193,0.955696106,0.949680328,1.16166019,1.05724335,1.45286465,0.850871086,0.559866905,0.713125229,0.320392609,0.217058182,0.675836563,0.244133949,0.250494957,0.259147644,0.155909538,0.0798635483,-0.0058965683,-0.119310379,-0.0916385651,-0.101493835,0.0169820786,-0.136912346,-0.233136177,-0.119768143,0.260804176,-0.133944511,-0.159428596
2026-08-22T12:14:20.408+00:00	243.969	SUBSEG96 protocol=asd-research-v1.0.0 session=1 phase=CAL window=2 group=2 segments=8 dims=96 fnv1a=f0aff743 values=-10.3993034,-10.3993034,2.24001169,-10.3993034,-10.3993034,1.34640789,-10.3993034,1.54724979,-10.3993034,1.887784,1.47694016,-10.3993034,1.22645092,1.81302023,1.85908747,-10.3993034,0.996627808,0.541796684,0.86013031,0.697902679,1.32374668,1.66192532,1.17098427,1.08771801,1.22362137,1.52138996,1.23209667,1.24573421,0.947026253,0.942013741,1.02318859,1.01614094,1.38747978,1.05058289,1.4093771,2.14382219,3.21843576,0.761792183,1.1550951,0.942274094,1.12324238,1.45412064,0.744832993,0.825214386,0.658346176,0.921647072,1.06952572,1.55570507,0.951317787,1.14634514,0.898890495,0.786269188,0.837819099,1.81644773,1.06353092,1.05607891,1.03396225,1.36997128,1.21304989,1.36938381,1.60344219,1.78543091,2.68647242,0.3159132,0.694709778,0.69179821,0.645013809,0.632372856,0.77821064,0.872379303,0.930907249,1.13887691,0.981407166,1.43913078,0.868242264,0.601918221,0.701253891,0.251337051,0.263366699,0.677667618,0.218646049,0.213633537,0.232414246,0.104432106,0.0803871155,0.0200853348,-0.162687302,-0.12206459,-0.120612144,-0.00092792511,-0.106660843,-0.227103233,-0.164535522,0.143072128,-0.170650482,-0.156242371
2026-08-22T12:14:20.516+00:00	244.063	SUBSEG96 protocol=asd-research-v1.0.0 session=1 phase=CAL window=2 group=3 segments=8 dims=96 fnv1a=f701be1e values=-10.451581,-10.451581,3.27587795,-10.451581,-10.451581,2.29076719,-10.451581,2.61499834,-10.451581,2.75656796,2.02889872,-10.451581,1.48407555,1.96064472,1.75049925,-10.451581,1.02524376,0.523176193,1.02676105,1.07237053,1.37818813,1.55885696,0.546803474,1.02571487,1.329319,1.49552345,1.37526512,1.27494907,0.991851807,0.836533546,0.878258705,0.939375877,1.03812981,0.976362228,1.34771252,2.19875574,3.20445013,0.831524849,0.834452629,0.77752018,0.85069561,1.30167007,0.635370255,0.608795166,0.77187252,0.921628952,0.710512161,1.48187065,0.799304008,0.936882019,1.10130215,0.725190163,0.923735619,1.76016808,0.931786537,0.850188255,1.07816792,1.21299267,1.13520527,1.34625435,1.57803202,2.15497971,2.60349703,0.174614906,0.700246811,0.550131798,0.676783562,0.6616745,0.702935219,0.897256851,0.877569199,1.0506382,1.01087856,1.34972572,0.800505638,0.606637001,0.625395775,0.263959885,0.221848488,0.612771034,0.19639492,0.154157639,0.140205383,0.0389003754,0.0410528183,-0.0633115768,-0.212956429,-0.18966198,-0.130589485,-0.0846843719,-0.204663277,-0.357804298,-0.222616196,0.124171257,-0.246124268,-0.222579002
2026-08-22T12:14:20.623+00:00	244.172	SUBSEG96 protocol=asd-research-v1.0.0 session=1 phase=CAL window=2 group=4 segments=7 dims=96 fnv1a=7939de33 values=-10.3936434,-10.3936434,2.68324137,-10.3936434,-10.3936434,2.1176815,-10.3936434,2.06288147,-10.3936434,2.16257429,1.80583477,-10.3936434,1.50246334,1.50121021,1.21516132,-10.3936434,0.995653152,1.21604443,0.915271759,0.699419022,1.3556757,1.37440586,1.06484985,1.16041183,1.24840736,1.45611095,1.35227966,1.29091835,1.17814159,0.843458176,0.973341942,0.824848175,1.10526466,0.989220619,1.32572842,2.30298519,3.24382257,0.880330086,0.737301826,0.662140846,0.918979645,1.42318153,0.679008484,0.62980938,0.76403141,0.759802818,0.923287392,1.18439007,0.800548553,1.03953552,1.02183533,0.770344734,0.819667816,1.86936617,0.933535576,0.957123756,1.17243958,1.22259235,1.24125576,1.26883984,1.55928135,2.27705383,2.58216095,0.223438263,0.739220619,0.664452553,0.546937943,0.758090973,0.882922173,0.900633812,1.03116322,1.14796257,1.06495762,1.35192108,0.774645805,0.601256371,0.708950996,0.232950211,0.198195457,0.681425095,0.22306633,0.228567123,0.15119648,0.0997123718,0.0971708298,-0.0375738144,-0.161511421,-0.10406971,-0.121390343,-0.0507965088,-0.197052956,-0.248573303,-0.200968742,0.25157547,-0.16571331,-0.188611031
2026-08-22T12:14:20.728+00:00	244.282	SUBSEG96 protocol=asd-research-v1.0.0 session=1 phase=CAL window=2 group=5 segments=7 dims=96 fnv1a=9418e73f values=-10.413413,-10.413413,2.86557913,-10.413413,-10.413413,1.96299601,-10.413413,2.22316027,-10.413413,2.39007139,1.97691345,-10.413413,1.38717461,1.68344402,1.52537537,-10.413413,1.12753201,1.04660702,0.788036346,0.670406342,1.37604237,1.487463,0.936535835,1.09910297,1.29497623,1.41537189,1.5194931,1.27829266,1.16479301,1.12150955,0.779716492,1.09894371,0.977813721,0.902061462,1.26856041,2.25593138,3.19385099,0.688602448,0.495669365,0.629904747,0.882623672,1.34020519,0.74317646,0.729792595,0.656739235,1.09396744,0.984233856,1.09974194,0.839090347,0.923160553,0.855619431,0.733240128,0.841284752,1.85287809,0.940832138,0.983810425,1.10538101,1.33576012,1.2335577,1.46603966,1.45956993,2.32292986,2.58636856,0.249676704,0.781520844,0.561892509,0.648716927,0.795441628,0.764709473,0.889780045,0.912568092,1.20462799,1.0739994,1.39119148,0.756128311,0.463887215,0.679218292,0.279150009,0.249418259,0.633945465,0.195902824,0.156517982,0.130943298,0.0517406464,0.0166435242,0.0152606964,-0.179940224,-0.131632805,-0.123279572,-0.0263051987,-0.196697235,-0.301532745,-0.187688828,0.228901863,-0.159975052,-0.159360886
2026-08-22T12:14:24.971+00:00	248.532	FLAGS protocol=asd-quality-v1.5.0 mode=LEARNING state=NO_MACHINE waiting=0 learning=1 learned=0 anomaly=0 hold=0 fault=0 green=blink_5hz red=off guided25_available=1 workflow_pending=DEFAULT research_telemetry=1 profile_persistence_allowed=0 dropped=0
2026-08-22T12:14:29.979+00:00	253.532	FLAGS protocol=asd-quality-v1.5.0 mode=LEARNING state=NO_MACHINE waiting=0 learning=1 learned=0 anomaly=0 hold=0 fault=0 green=blink_5hz red=off guided25_available=1 workflow_pending=DEFAULT research_telemetry=1 profile_persistence_allowed=0 dropped=0
2026-08-22T12:14:30.038+00:00	253.594	QUALITY protocol=asd-quality-v1.5.0 phase=CAL index=3 total=10 result=OK metrics_valid=1 samples=159744 expected=159744 rms_dbfs=-48.292 dc=-0.518 peak=550 clipped=0 zeros=518 stuck=348 dropped_delta=0 feature_valid=1 tonalness_valid=1 tonalness_proxy=3.206784 tonal_gate=pending_normal_only
2026-08-22T12:14:30.040+00:00	253.594	CAL  3/10 score=0.00000 nivo=-48.3 dBFS racun=716 ms
2026-08-22T12:14:30.177+00:00	253.735	FEATURE96 protocol=asd-research-v1.0.0 session=1 phase=CAL window=3 window_start_ms=243031 window_end_ms=252335 score=0 level_dbfs=-48.29216 quality=OK tonalness_proxy=3.20678425 dims=96 fnv1a=e38c977e values=-10.3810453,-10.3810453,2.42770338,-10.3810453,-10.3810453,1.4362402,-10.3810453,1.68300533,-10.3810453,1.91710901,1.4829464,-10.3810453,1.08795357,1.69622755,1.62438965,-10.3810453,1.25609207,1.03686619,1.00039482,1.06585026,1.22048664,1.2292223,1.16932964,1.22929764,1.25056934,1.39612389,1.19363499,1.07698154,1.06232834,0.969491959,0.971149445,0.948595047,1.13169193,1.11272621,1.21299076,2.39986086,3.20678425,0.747364044,0.754384041,0.88684082,0.883042336,1.42994881,0.769124031,0.795894623,0.724068642,0.906255722,1.10917282,1.30610371,0.73220253,1.0587883,1.02107239,0.930437088,0.85414505,1.8519063,0.84636879,0.968585014,1.1020813,1.23037148,1.22913742,1.35004044,1.59170341,2.5524869,2.36530781,0.323172569,0.748430252,0.574882507,0.666604996,0.773040771,0.805641174,0.96408844,0.948176384,1.13182259,1.06070232,1.42648697,0.838541985,0.568030357,0.666558266,0.296719551,0.226851463,0.727004051,0.228645325,0.233281136,0.234027863,0.148218155,0.0878763199,-0.0241470337,-0.119837761,-0.11968708,-0.0951547623,-0.0316562653,-0.154824257,-0.243828773,-0.157891273,0.144498825,-0.131793022,-0.189112663
2026-08-22T12:14:30.281+00:00	253.828	SUBSEG96 protocol=asd-research-v1.0.0 session=1 phase=CAL window=3 group=1 segments=8 dims=96 fnv1a=9898859e values=-10.3824501,-10.3824501,3.00866842,-10.3824501,-10.3824501,1.51595211,-10.3824501,1.64957809,-10.3824501,2.00468016,1.53413582,-10.3824501,0.833425522,1.44504261,1.48869419,-10.3824501,1.27723026,1.21623039,1.22621822,1.01025295,0.921561241,1.07038689,1.10665989,1.14507771,1.09323502,1.25405312,1.33373547,1.01311111,0.824971199,0.999412537,0.997133255,1.02938366,1.27630424,0.964733124,1.31945229,2.32256651,3.23591852,0.681593895,0.713843346,0.862557411,0.84707737,1.41925621,0.838938713,0.8873806,0.722160339,0.867980003,1.00411797,1.33537292,0.733323097,0.975895882,1.01572514,0.979081154,0.877065659,1.85267448,0.859214783,1.0155468,1.18195724,1.20343018,1.32938576,1.40930176,1.54690266,2.33323956,2.54570866,0.497250557,0.722968102,0.575739861,0.677100182,0.748251915,0.769077301,1.02962494,0.978144646,1.12788391,1.09409142,1.42031574,0.802066803,0.531274796,0.678072929,0.287490845,0.250677109,0.751096725,0.242889404,0.2009058,0.21800518,0.145003319,0.120855331,-0.00248336792,-0.136208534,-0.14816761,-0.0908346176,0.00842571259,-0.10155201,-0.22885704,-0.153612137,0.19189167,-0.116402626,-0.187797546
2026-08-22T12:14:30.398+00:00	253.953	SUBSEG96 protocol=asd-research-v1.0.0 session=1 phase=CAL window=3 group=2 segments=8 dims=96 fnv1a=2c3527f0 values=-10.4023266,-10.4023266,2.05696201,-10.4023266,-10.4023266,1.32285118,-10.4023266,1.69405842,-10.4023266,2.00572968,1.72848511,-10.4023266,1.47497463,2.14581966,2.0436821,-10.4023266,1.5156889,1.07046223,1.01554012,1.23629761,1.21097279,1.48606586,1.50154591,1.41122532,1.2646389,1.45358467,1.25951099,1.36505985,1.2785635,0.781137466,0.837014198,0.93325901,1.18778992,0.952181816,1.18429279,2.33202028,3.1830616,0.489741325,0.810731888,0.827191353,0.888473511,1.45388794,0.703243256,0.860116959,0.483248711,0.693232536,0.870077133,1.32662487,0.628077507,1.07349873,0.951752663,0.855127335,0.779395103,1.81705904,0.790207863,0.956124306,0.997132301,1.2044363,1.21282196,1.2847414,1.51011562,2.44729519,2.3950696,0.237931252,0.822002411,0.588643074,0.705572128,0.77031517,0.79706955,0.897542,0.932156563,1.10710716,1.00220966,1.39111519,0.815746307,0.515443802,0.653185844,0.290206909,0.200632095,0.739025116,0.116242409,0.228322029,0.224750519,0.113622665,0.0581903458,0.00514888763,-0.118803978,-0.106838226,-0.106743813,-0.0394563675,-0.18585968,-0.24428463,-0.172887802,0.142475128,-0.166880608,-0.236146927
2026-08-22T12:14:30.502+00:00	254.063	SUBSEG96 protocol=asd-research-v1.0.0 session=1 phase=CAL window=3 group=3 segments=8 dims=96 fnv1a=ec062cdc values=-10.3568926,-10.3568926,1.72348881,-10.3568926,-10.3568926,1.54643536,-10.3568926,1.69198561,-10.3568926,1.77715826,1.35794449,-10.3568926,0.949905396,1.43235779,1.26336479,-10.3568926,1.07700348,1.0490818,0.975617409,0.811600685,1.20988846,1.05747318,0.962762833,1.09112453,1.34817123,1.43597889,1.06851578,1.01258183,1.07836246,1.00417614,1.17321491,0.931944847,1.04316139,1.28712082,1.39053822,2.41583347,3.23213196,0.923827171,0.690735817,1.07893658,1.04173756,1.40366268,0.719437599,0.604550362,0.907129288,1.02227116,1.30520248,1.2318306,0.853248596,1.06906891,1.12404251,0.880311012,0.778399467,1.90151691,0.902501106,1.01119804,1.1736784,1.2654047,1.23632812,1.39067459,1.6592679,2.53673458,2.39279604,0.277645111,0.801268578,0.59330368,0.636488914,0.784580231,0.778417587,1.01789284,0.956178665,1.19353676,1.10677338,1.51784611,0.880456924,0.592258453,0.704415321,0.331654549,0.25267601,0.717942238,0.308615685,0.263476372,0.250034332,0.229944229,0.0794057846,-0.018073082,-0.0986032486,-0.0774698257,-0.113371849,0.0120611191,-0.148859024,-0.24729538,-0.167145729,0.17222023,-0.0995674133,-0.137064934
2026-08-22T12:14:30.599+00:00	254.157	SUBSEG96 protocol=asd-research-v1.0.0 session=1 phase=CAL window=3 group=4 segments=7 dims=96 fnv1a=cdaf0618 values=-10.3184881,-10.3184881,1.51682758,-10.3184881,-10.3184881,1.09740734,-10.3184881,1.5936594,-10.3184881,1.83969593,1.1912117,-10.3184881,0.916889191,1.27268791,1.2561121,-10.3184881,1.02737904,0.73490715,0.851763725,1.15426254,1.5775423,1.27494049,0.790210724,1.26605415,1.39032555,1.31396294,1.01221371,0.808012962,0.811814308,0.816760063,0.872069359,0.940182686,1.15885162,1.32450294,1.06367874,2.52725792,3.26578808,0.637965202,0.990534782,0.964274406,0.842776299,1.46943092,0.873970985,0.874391556,0.867242813,1.0736208,1.26278687,1.45313168,0.78306675,1.19423103,1.03984261,1.04670906,0.979511261,1.91337395,0.963175774,0.967604637,1.17910671,1.32500935,1.23963642,1.28709507,1.65700722,2.72901821,2.24100018,0.289057732,0.749282837,0.588253021,0.68875885,0.847649574,0.85793972,1.00835514,0.982189178,1.19682884,1.09284782,1.50445747,0.908076286,0.701066017,0.719143867,0.296926498,0.294470787,0.761972427,0.247922897,0.283748627,0.303383827,0.206497192,0.1590662,-0.0279388428,-0.041554451,-0.0952634811,-0.0501718521,0.00699329376,-0.121359825,-0.188995361,-0.121620178,0.157798767,-0.0778942108,-0.102383614
2026-08-22T12:14:30.707+00:00	254.266	SUBSEG96 protocol=asd-research-v1.0.0 session=1 phase=CAL window=3 group=5 segments=7 dims=96 fnv1a=9e6ccc8d values=-10.343401,-10.343401,1.82466173,-10.343401,-10.343401,1.59984016,-10.343401,1.84361458,-10.343401,1.97436666,1.40880299,-10.343401,0.819096565,1.42464924,1.43745613,-10.343401,1.20524406,1.00650406,0.83129406,1.09441948,1.07313824,1.15618229,1.1225462,1.23571587,1.21389103,1.55772686,1.25986576,0.966313362,1.17259789,1.22259045,0.972241402,0.985970497,0.988770485,1.03035355,1.02810383,2.50185728,3.21204805,0.956425667,0.56478405,0.688567162,0.82955265,1.49933434,0.79989624,0.782154083,0.634401321,0.925623894,1.10358715,1.25647259,0.739593506,1.0741415,1.05805874,0.985993385,0.950891495,1.87314272,0.802929878,0.973962784,1.04240417,1.25558472,1.19219398,1.44671345,1.68256474,2.7520442,2.18412447,0.341479301,0.708815575,0.621154785,0.713386536,0.816978455,0.924554825,0.947763443,0.988327026,1.12695599,1.10137177,1.37876606,0.888487816,0.602376938,0.672943115,0.370145798,0.232247353,0.758310318,0.31258297,0.290596962,0.276534081,0.133814812,0.121319771,0.0068321228,-0.104820251,-0.0772256851,-0.014175415,-0.0644369125,-0.124311447,-0.211431503,-0.0742864609,0.141220093,-0.0989542007,-0.185062408
2026-08-22T12:14:34.989+00:00	258.547	FLAGS protocol=asd-quality-v1.5.0 mode=LEARNING state=NO_MACHINE waiting=0 learning=1 learned=0 anomaly=0 hold=0 fault=0 green=blink_5hz red=off guided25_available=1 workflow_pending=DEFAULT research_telemetry=1 profile_persistence_allowed=0 dropped=0
2026-08-22T12:14:39.999+00:00	263.547	FLAGS protocol=asd-quality-v1.5.0 mode=LEARNING state=NO_MACHINE waiting=0 learning=1 learned=0 anomaly=0 hold=0 fault=0 green=blink_5hz red=off guided25_available=1 workflow_pending=DEFAULT research_telemetry=1 profile_persistence_allowed=0 dropped=0
2026-08-22T12:14:40.075+00:00	263.625	QUALITY protocol=asd-quality-v1.5.0 phase=CAL index=4 total=10 result=OK metrics_valid=1 samples=159744 expected=159744 rms_dbfs=-47.940 dc=-0.595 peak=643 clipped=0 zeros=518 stuck=346 dropped_delta=0 feature_valid=1 tonalness_valid=1 tonalness_proxy=3.157732 tonal_gate=pending_normal_only
2026-08-22T12:14:40.077+00:00	263.625	CAL  4/10 score=0.00000 nivo=-47.9 dBFS racun=716 ms
2026-08-22T12:14:40.206+00:00	263.766	FEATURE96 protocol=asd-research-v1.0.0 session=1 phase=CAL window=4 window_start_ms=253004 window_end_ms=262373 score=0 level_dbfs=-47.9397507 quality=OK tonalness_proxy=3.15773201 dims=96 fnv1a=970c3d84 values=-10.4094753,-10.4094753,2.64539003,-10.4094753,-10.4094753,1.87249231,-10.4094753,2.27742577,-10.4094753,2.40576506,1.67976093,-10.4094753,1.33744907,1.67421341,1.51733398,-10.4094753,1.27346706,1.16895294,1.16107178,1.10270023,1.20323277,1.00413322,1.07394981,1.19231892,1.25584126,1.4296875,1.34065056,1.17436504,1.1132431,0.921011925,0.913197517,0.876308441,1.18758202,1.19364548,1.10142517,2.4880743,3.15773201,0.671307564,0.753640175,0.916087151,0.878005981,1.3440752,0.715697289,0.777193069,0.762088776,0.988230705,1.10760498,1.28284645,0.838443756,0.962966919,1.01052856,0.819537163,0.833215714,1.81715345,0.823322296,0.992025375,1.05499554,1.24511337,1.2307539,1.36963367,1.56190109,2.64727306,1.96029854,0.242238998,0.58150959,0.492241859,0.628698349,0.749523163,0.69967556,0.894301414,0.938709259,1.13481522,1.05686092,1.33969021,0.787129402,0.633513451,0.611014366,0.240796089,0.244158745,0.734051704,0.182409286,0.182640076,0.224297523,0.090344429,0.107841492,-0.125355721,-0.149989128,-0.148477554,-0.0619840622,-0.142326355,-0.19533062,-0.265398979,-0.192983627,0.0169334412,-0.155047417,-0.206933022
2026-08-22T12:14:40.312+00:00	263.860	SUBSEG96 protocol=asd-research-v1.0.0 session=1 phase=CAL window=4 group=1 segments=8 dims=96 fnv1a=99525e15 values=-10.3541842,-10.3541842,1.83007097,-10.3541842,-10.3541842,1.57345581,-10.3541842,1.64971495,-10.3541842,1.28166676,0.933459282,-10.3541842,1.48162365,1.87903023,1.60584736,-10.3541842,1.11788082,0.6662817,0.929841995,1.16198444,1.21002579,1.03894997,1.16693592,1.22787762,1.32287121,1.42363358,1.20735931,1.30208015,1.19239426,0.867559433,1.12157917,1.00903606,1.22667122,1.03759861,0.983276367,2.49024868,3.22442532,0.531214714,0.690789223,0.868179321,0.774988174,1.45131207,0.696780205,0.844249725,0.807374001,0.927788734,1.00901985,1.29920006,0.934433937,1.09312248,1.13745308,0.801898003,0.880483627,1.91063499,0.854507446,0.948498726,1.1127243,1.32308292,1.3155632,1.39454365,1.63289452,2.70259142,2.19712448,0.254250526,0.699521065,0.586707115,0.68285656,0.841089249,0.727133751,0.994134903,0.978235245,1.22723675,1.13399887,1.44103527,0.834035873,0.682263374,0.733324051,0.263978958,0.371342659,0.824713707,0.230226517,0.254846573,0.314042091,0.187347412,0.167133331,-0.0243110657,-0.100209236,-0.0763397217,-0.0371789932,-0.02272892,-0.148200989,-0.212686539,-0.171344757,0.110738754,-0.0869417191,-0.13041687
2026-08-22T12:14:40.420+00:00	263.969	SUBSEG96 protocol=asd-research-v1.0.0 session=1 phase=CAL window=4 group=2 segments=8 dims=96 fnv1a=527bfb04 values=-10.3843384,-10.3843384,1.86870289,-10.3843384,-10.3843384,1.52320004,-10.3843384,2.11759567,-10.3843384,2.26468945,1.54837036,-10.3843384,1.19796944,1.37434769,1.17510509,-10.3843384,0.87250042,1.20431614,1.29261017,1.21001244,1.21954727,0.969017029,1.10929394,1.39411926,1.28423119,1.38172817,1.46252632,1.20341778,1.22725105,0.88788414,0.844194412,0.765151024,1.08216095,1.34590149,1.22525883,2.47630262,3.20310783,0.702476501,0.93215847,0.95254612,1.00677204,1.27348042,0.820689201,0.721049309,0.737261772,1.03427601,1.23515987,1.42352772,0.971114159,1.04171753,0.974533081,0.906926155,0.856192589,1.83033609,0.800504684,0.951303482,1.06875896,1.29318047,1.14051819,1.35137939,1.58721256,2.65878057,2.12555265,0.255750656,0.633723259,0.453364372,0.565097809,0.750098228,0.751568794,0.859363556,1.03112125,1.12659264,1.1172533,1.38062668,0.855676651,0.605308533,0.685072899,0.313534737,0.264958382,0.736402512,0.249490738,0.196034431,0.263403893,0.0677928925,0.119142532,-0.0707139969,-0.1320467,-0.121976852,-0.0769309998,-0.0532779694,-0.190167427,-0.272668839,-0.160120964,0.0654687881,-0.139797211,-0.182353973
2026-08-22T12:14:40.526+00:00	264.078	SUBSEG96 protocol=asd-research-v1.0.0 session=1 phase=CAL window=4 group=3 segments=8 dims=96 fnv1a=c8dc3fd4 values=-10.4164553,-10.4164553,2.99107265,-10.4164553,-10.4164553,1.82908058,-10.4164553,2.04224586,-10.4164553,2.09802628,1.53314209,-10.4164553,0.912179947,1.51569748,1.57558918,-10.4164553,1.05891132,1.27508736,1.3114996,1.17049599,1.22241116,1.00800896,1.06546021,1.19933701,1.3291502,1.54884911,1.52657509,1.15264225,0.985355377,0.990983963,0.878355026,0.870339394,1.21718025,1.27843952,1.16524124,2.44678068,3.13936853,0.742681503,0.844005585,0.880064964,0.954026222,1.27112579,0.664883614,0.855373383,0.951874733,1.22863865,1.15621853,1.15789413,0.77953434,0.920721054,1.01737976,0.822551727,0.930484772,1.78558874,0.844778061,0.986289978,1.14038754,1.25851536,1.24351692,1.46550655,1.47799301,2.63755703,1.99131107,0.297726631,0.582133293,0.543083191,0.656669617,0.744389534,0.605571747,0.890955925,0.880176544,1.14537334,1.05629826,1.30921078,0.820711136,0.605330467,0.609265327,0.194724083,0.216583252,0.705270767,0.204304695,0.199345589,0.183670998,0.120810509,0.0633211136,-0.151414871,-0.145742416,-0.149014473,-0.0562677383,-0.133543968,-0.211538315,-0.227249146,-0.167632103,0.00671482086,-0.170327187,-0.243652344
2026-08-22T12:14:40.635+00:00	264.188	SUBSEG96 protocol=asd-research-v1.0.0 session=1 phase=CAL window=4 group=4 segments=7 dims=96 fnv1a=78412fca values=-10.4011621,-10.4011621,3.00742388,-10.4011621,-10.4011621,2.31347704,-10.4011621,2.64634037,-10.4011621,2.80511332,2.03727531,-10.4011621,1.50873375,1.84723139,1.55339909,-10.4011621,1.63648367,1.41909981,1.21625042,0.704238892,1.02339649,0.977239609,1.07142639,0.960783958,1.09737873,1.27559185,1.30688286,1.18374157,1.21655369,1.03325558,0.906826019,0.752310753,1.26031876,1.29181957,1.01510334,2.5310626,3.15210009,0.543904305,0.59825325,0.994204521,0.597998619,1.27272415,0.694652557,0.829398155,0.690452576,0.813174248,1.07386589,1.19247627,0.698046684,0.867780685,0.921307564,0.690159798,0.766605377,1.8532238,0.875202179,1.00804615,0.965697289,1.19415665,1.24112701,1.26382828,1.53075981,2.64039755,1.70837021,0.242937088,0.512456894,0.442509651,0.638748169,0.694688797,0.760523796,0.856021881,0.919667244,1.09659576,1.05943584,1.31338501,0.733878136,0.674777031,0.579548836,0.229844093,0.228461266,0.761745453,0.139021873,0.193741798,0.223939896,0.0835504532,0.13561058,-0.131318092,-0.132881165,-0.169521332,0.00104522705,-0.225054741,-0.139344215,-0.232386589,-0.226685524,-0.00789737701,-0.12238121,-0.202009201
2026-08-22T12:14:40.742+00:00	264.297	SUBSEG96 protocol=asd-research-v1.0.0 session=1 phase=CAL window=4 group=5 segments=7 dims=96 fnv1a=795e9787 values=-10.3991804,-10.3991804,2.07397699,-10.3991804,-10.3991804,1.71626902,-10.3991804,2.45655537,-10.3991804,2.6039114,1.83240509,-10.3991804,1.47880936,1.68790531,1.64499903,-10.3991804,1.40602875,1.03306675,0.964836121,1.17168903,1.36715317,1.1112051,1.03742599,1.13912773,1.28604317,1.53841972,1.10732269,1.09738159,0.974281311,0.887816429,0.849824905,1.01523781,1.23059845,0.946614265,1.14439106,2.58770466,3.15758514,0.840114594,0.675088882,0.972128868,0.997403145,1.50344467,0.77671814,0.695842743,0.594126701,0.829833984,1.10611534,1.38119984,0.842339516,0.944540024,1.06586933,0.92522049,0.785511017,1.79259205,0.832890511,1.13973618,1.04462528,1.23287296,1.29348564,1.42586231,1.66204309,2.68969679,1.47313404,0.243392944,0.542125702,0.507332802,0.686034203,0.798731804,0.742376328,0.95238781,0.965296745,1.16089058,0.991697311,1.33524036,0.762156487,0.694886208,0.494462013,0.288845062,0.21460247,0.731907845,0.164573669,0.154164314,0.222819328,0.0714130402,0.14917469,-0.17347908,-0.14722538,-0.138404846,-0.0473394394,-0.23810482,-0.193524361,-0.298322678,-0.153880119,-0.0124311447,-0.164543152,-0.184798241
2026-08-22T12:14:45.009+00:00	268.563	FLAGS protocol=asd-quality-v1.5.0 mode=LEARNING state=NO_MACHINE waiting=0 learning=1 learned=0 anomaly=0 hold=0 fault=0 green=blink_5hz red=off guided25_available=1 workflow_pending=DEFAULT research_telemetry=1 profile_persistence_allowed=0 dropped=0
2026-08-22T12:14:50.019+00:00	273.578	FLAGS protocol=asd-quality-v1.5.0 mode=LEARNING state=NO_MACHINE waiting=0 learning=1 learned=0 anomaly=0 hold=0 fault=0 green=blink_5hz red=off guided25_available=1 workflow_pending=DEFAULT research_telemetry=1 profile_persistence_allowed=0 dropped=0
2026-08-22T12:14:50.062+00:00	273.610	QUALITY protocol=asd-quality-v1.5.0 phase=CAL index=5 total=10 result=OK metrics_valid=1 samples=159744 expected=159744 rms_dbfs=-47.824 dc=-0.439 peak=579 clipped=0 zeros=483 stuck=369 dropped_delta=0 feature_valid=1 tonalness_valid=1 tonalness_proxy=3.120521 tonal_gate=pending_normal_only
2026-08-22T12:14:50.063+00:00	273.625	CAL  5/10 score=0.00000 nivo=-47.8 dBFS racun=716 ms
2026-08-22T12:14:50.195+00:00	273.750	FEATURE96 protocol=asd-research-v1.0.0 session=1 phase=CAL window=5 window_start_ms=263046 window_end_ms=272357 score=0 level_dbfs=-47.8239517 quality=OK tonalness_proxy=3.12052059 dims=96 fnv1a=8cba313a values=-10.4395819,-10.4395819,1.89655113,-10.4395819,-10.4395819,1.59575891,-10.4395819,2.28654957,-10.4395819,2.54449749,1.78561401,-10.4395819,1.77256584,2.52674007,2.37457895,-10.4395819,1.59234762,1.05778599,1.12304211,1.02647591,1.12139702,1.34842205,1.33488941,1.35959435,1.32315826,1.40218735,1.50971603,1.25551891,1.13006401,0.892427444,0.950462341,0.968948364,1.22500801,1.2011528,0.976602554,2.46556473,3.12052059,0.731554985,0.67555809,0.924091339,0.861782074,1.28086281,0.782112122,0.690436363,0.695522308,0.796646118,0.99515152,1.23883533,0.738919258,0.940337181,0.964700699,0.785733223,0.82201767,1.83104944,0.817567825,0.906082153,1.04736328,1.24340916,1.13850212,1.34582138,1.50567818,2.63141489,1.92282581,0.170308113,0.581530571,0.445557594,0.585076332,0.689961433,0.690847397,0.859678268,0.903028488,1.08525753,1.02054787,1.32907486,0.742426872,0.56576252,0.562143326,0.245455742,0.197829247,0.657885551,0.173124313,0.171553612,0.163705826,0.0385904312,0.0825424194,-0.154227257,-0.189629555,-0.163953781,-0.0716619492,-0.152558327,-0.210954666,-0.316439629,-0.251044273,0.0285558701,-0.208672523,-0.236704826
2026-08-22T12:14:50.299+00:00	273.860	SUBSEG96 protocol=asd-research-v1.0.0 session=1 phase=CAL window=5 group=1 segments=8 dims=96 fnv1a=6e648a0d values=-10.427453,-10.427453,2.09971094,-10.427453,-10.427453,1.84107876,-10.427453,2.10319901,-10.427453,2.34181452,1.74664974,-10.427453,1.74084711,2.43827581,2.272861,-10.427453,1.48926353,0.9811306,0.648119926,0.700470924,1.17451096,1.39801502,1.2198,1.44861984,1.48824787,1.4409771,1.94442225,1.62200308,1.48135853,0.983800888,0.773068428,0.844537735,1.02366543,1.12437344,0.992773056,2.47496128,3.11221218,0.817450523,0.728835106,0.755091667,0.79446125,1.31417179,0.81494236,0.643027306,0.788286209,0.733856201,1.06742096,1.23798561,0.722987175,0.909132004,0.905650139,0.739850998,0.843345642,1.81215429,0.758633614,0.849378586,1.00548458,1.23465633,1.20084095,1.41761875,1.58631706,2.64279556,1.76842594,0.247639656,0.592349052,0.517485619,0.525920868,0.742492676,0.692282677,0.879799843,0.920186043,1.14111328,1.0360775,1.18989658,0.77573967,0.608707428,0.575975418,0.238933563,0.191010475,0.707290649,0.161370277,0.192224503,0.167201042,0.034693718,0.121751785,-0.144932747,-0.186598778,-0.144589424,-0.0159187317,-0.164544106,-0.228938103,-0.327502251,-0.235048294,0.0286979675,-0.231926918,-0.23292923
2026-08-22T12:14:50.405+00:00	273.953	SUBSEG96 protocol=asd-research-v1.0.0 session=1 phase=CAL window=5 group=2 segments=8 dims=96 fnv1a=fe0ff376 values=-10.3865328,-10.3865328,1.9157567,-10.3865328,-10.3865328,1.51066971,-10.3865328,2.44172287,-10.3865328,2.75577879,1.96554232,-10.3865328,1.30116558,2.04755783,1.77667761,-10.3865328,1.15235996,0.955965042,1.12740612,0.962362289,1.01952839,1.14860821,1.00295258,1.06847668,1.24714375,1.5560112,1.28682804,1.08187866,0.881774902,0.848890305,0.862454414,1.14280319,1.16275215,1.15089893,1.17906857,2.5852828,3.18358707,0.864102364,0.806026459,0.938889503,0.783636093,1.32550812,0.802283287,0.699569702,0.838072777,0.800458908,0.989987373,1.2162981,0.854921341,1.12932682,0.884735107,0.899492264,0.825083733,1.96085358,0.848209381,1.00481319,1.16359329,1.19227791,1.12988663,1.26655483,1.4951992,2.70851612,1.77538443,0.138821602,0.635166168,0.478708267,0.665201187,0.698572159,0.805362701,0.929626465,0.889976501,1.122859,1.02079964,1.40754223,0.772379875,0.669451714,0.505285263,0.309393883,0.273701668,0.653302193,0.249785423,0.218686104,0.203275681,0.119795799,0.134177208,-0.0967550278,-0.111641884,-0.130325317,-0.032957077,-0.109877586,-0.111301422,-0.281274796,-0.186099052,0.0679674149,-0.154191017,-0.188751221
2026-08-22T12:14:50.513+00:00	274.063	SUBSEG96 protocol=asd-research-v1.0.0 session=1 phase=CAL window=5 group=3 segments=8 dims=96 fnv1a=cb2e2056 values=-10.3812981,-10.3812981,1.79832363,-10.3812981,-10.3812981,1.61513805,-10.3812981,2.35680294,-10.3812981,2.58796406,1.82623959,-10.3812981,1.48994541,1.7865777,1.54439735,-10.3812981,0.75446701,0.847725868,1.02124596,0.949204445,0.99029541,0.946516037,0.998308182,1.2104969,1.13666534,1.04422569,1.25351334,0.657684326,0.726223946,0.973320007,1.21470642,1.17107868,1.41900635,1.37456036,0.894521713,2.44901896,3.20038986,0.614526749,0.636284828,1.07849026,1.01603699,1.26805782,0.930616379,0.81875515,0.824188232,0.954987526,1.07890892,1.35774803,0.888606071,1.07960033,1.13028526,0.821447372,0.886932373,1.85942841,0.785194397,0.954593658,1.02605343,1.36694145,1.27052402,1.53727436,1.57262516,2.59026623,2.26622534,0.256771088,0.711407661,0.477939606,0.584679604,0.732897758,0.62521553,0.941543579,1.00643539,1.14673615,1.10572433,1.47374916,0.809256554,0.498155594,0.757338524,0.363996506,0.232843399,0.656672478,0.187830925,0.255130768,0.256917,0.126172066,0.137259483,-0.0767803192,-0.148153305,-0.0606651306,-0.0886764526,0.00801753998,-0.173843384,-0.211722374,-0.179042816,0.123785973,-0.14721489,-0.192987442
2026-08-22T12:14:50.619+00:00	274.172	SUBSEG96 protocol=asd-research-v1.0.0 session=1 phase=CAL window=5 group=4 segments=7 dims=96 fnv1a=173a6e09 values=-10.3825817,-10.3825817,1.08767509,-10.3825817,-10.3825817,1.04195499,-10.3825817,2.31747055,-10.3825817,2.64255047,1.78580093,-10.3825817,1.25576115,1.84987211,1.54986572,-10.3825817,0.90859127,1.10037708,1.04839897,1.11048603,1.06946373,1.01740551,1.18618298,1.19079018,1.4082613,1.5195303,1.29283905,1.20820999,1.27228642,0.934606552,0.828015327,0.81043911,1.48513508,1.43819141,0.989308357,2.48861265,3.18619871,0.791416168,0.799233437,1.05197144,0.927693367,1.40526485,0.841960907,0.691209793,0.617440224,0.977860451,1.05999756,1.3126688,0.690968513,0.929487228,1.14366341,0.776667595,0.939730644,1.88284922,0.9874506,0.961204529,1.16489792,1.39875889,1.16206455,1.37339115,1.5456152,2.70205879,2.07750654,0.2634058,0.546394348,0.508927345,0.684632301,0.761459351,0.751966476,0.90724659,0.935228348,1.12977409,1.09630966,1.41139412,0.820373535,0.582360268,0.648609161,0.249937057,0.279818535,0.781271935,0.225622177,0.208025932,0.229949951,0.0331821442,0.118512154,-0.132205963,-0.156977654,-0.132615089,0.0190925598,-0.118966103,-0.128594398,-0.275889397,-0.193582535,0.0799875259,-0.134215355,-0.177082062
2026-08-22T12:14:50.726+00:00	274.282	SUBSEG96 protocol=asd-research-v1.0.0 session=1 phase=CAL window=5 group=5 segments=7 dims=96 fnv1a=a81ca79f values=-10.4726706,-10.4726706,2.08458662,-10.4726706,-10.4726706,1.69363976,-10.4726706,2.30944872,-10.4726706,2.45725775,1.71024275,-10.4726706,2.25345898,3.07572794,2.94516516,-10.4726706,2.14561701,1.34969807,1.48885536,1.321908,1.35678005,1.75291824,1.78206825,1.67741823,1.38238907,1.44270134,1.32970905,1.27449608,0.972555161,0.8468256,1.05285072,0.882411957,1.03371334,0.941050529,0.9132061,2.46332979,3.06398535,0.667800903,0.504242897,0.902029991,0.902659416,1.23430443,0.628163338,0.72840786,0.419476509,0.593737602,0.909667969,1.20811367,0.630210876,0.684569359,0.85055542,0.820987701,0.758418083,1.77376461,0.844594002,0.9025774,1.01274776,1.14379501,1.04683781,1.20884323,1.46192646,2.65478849,1.56526947,0.0685377121,0.54330349,0.382754326,0.609262466,0.659240723,0.710144997,0.776535034,0.90272522,1.02473164,0.989486694,1.27633572,0.677790642,0.593765259,0.408317566,0.195920944,0.159283638,0.633719444,0.187977791,0.125411034,0.103837967,0.0136547089,0.0436820984,-0.178050995,-0.199855804,-0.213248253,-0.0972156525,-0.262589455,-0.27029705,-0.343600273,-0.320201874,-0.0143251419,-0.226298332,-0.241734505
2026-08-22T12:14:55.029+00:00	278.578	FLAGS protocol=asd-quality-v1.5.0 mode=LEARNING state=NO_MACHINE waiting=0 learning=1 learned=0 anomaly=0 hold=0 fault=0 green=blink_5hz red=off guided25_available=1 workflow_pending=DEFAULT research_telemetry=1 profile_persistence_allowed=0 dropped=0
2026-08-22T12:15:00.023+00:00	283.578	QUALITY protocol=asd-quality-v1.5.0 phase=CAL index=6 total=10 result=OK metrics_valid=1 samples=159744 expected=159744 rms_dbfs=-47.405 dc=-0.389 peak=573 clipped=0 zeros=488 stuck=351 dropped_delta=0 feature_valid=1 tonalness_valid=1 tonalness_proxy=3.130846 tonal_gate=pending_normal_only
2026-08-22T12:15:00.025+00:00	283.578	CAL  6/10 score=0.00000 nivo=-47.4 dBFS racun=716 ms
2026-08-22T12:15:00.051+00:00	283.610	FLAGS protocol=asd-quality-v1.5.0 mode=LEARNING state=NO_MACHINE waiting=0 learning=1 learned=0 anomaly=0 hold=0 fault=0 green=blink_5hz red=off guided25_available=1 workflow_pending=DEFAULT research_telemetry=1 profile_persistence_allowed=0 dropped=0
2026-08-22T12:15:00.178+00:00	283.735	FEATURE96 protocol=asd-research-v1.0.0 session=1 phase=CAL window=6 window_start_ms=273028 window_end_ms=282322 score=0 level_dbfs=-47.4049187 quality=OK tonalness_proxy=3.13084555 dims=96 fnv1a=3ae930de values=-10.4247131,-10.4247131,2.22009516,-10.4247131,-10.4247131,1.78398991,-10.4247131,2.168643,-10.4247131,2.1679678,1.34641266,-10.4247131,1.37607288,1.93202972,1.8103652,-10.4247131,1.35834026,1.24876118,1.44338512,1.48305607,1.24334526,1.29838562,1.17856884,1.25235558,1.39014816,1.39418983,1.28220463,1.05232143,1.18153954,0.998937607,1.01154423,0.971820831,1.33915615,1.39042473,1.17667389,2.41663599,3.13084555,0.709477425,0.583665848,0.834517479,0.869933128,1.37884045,0.791282654,0.795476913,0.570542336,0.697728157,0.843543053,1.29289722,0.853427887,1.01653481,0.93576622,0.821717262,0.870717049,1.80564165,0.817130089,0.942677498,1.06846714,1.20306396,1.14679813,1.42213058,1.5182209,2.62410927,2.16003227,0.152322769,0.695939064,0.498479843,0.633306503,0.703204155,0.699954987,0.897536278,0.92755127,1.10801315,1.01924229,1.40806198,0.792757988,0.549138069,0.596026421,0.259579659,0.20593071,0.660357475,0.156801224,0.196322441,0.21287632,0.0765018463,0.0922718048,-0.127225876,-0.163858414,-0.187499046,-0.0929632187,-0.129595757,-0.195454597,-0.262190819,-0.22947979,0.0330638885,-0.17858696,-0.233272552
2026-08-22T12:15:00.286+00:00	283.844	SUBSEG96 protocol=asd-research-v1.0.0 session=1 phase=CAL window=6 group=1 segments=8 dims=96 fnv1a=4e5eefa9 values=-10.5004892,-10.5004892,2.69329119,-10.5004892,-10.5004892,2.20889425,-10.5004892,2.20230865,-10.5004892,2.13216019,1.43450069,-10.5004892,1.67757082,2.25258732,2.05109835,-10.5004892,1.37463951,1.29397583,1.6740427,1.86793137,1.5973444,1.52295876,1.24059677,1.20806885,1.44758892,1.44787407,1.36107349,1.01366138,1.34153557,1.04922771,1.09438038,1.11205769,1.53921175,1.80258131,1.38603687,2.38649797,3.02635193,0.776017189,0.608164787,0.826963425,1.05336094,1.32711983,0.903033257,1.02996731,0.635691643,0.750479698,0.801629066,1.21199799,0.625171661,0.95583725,0.90405941,0.710299492,0.831047058,1.77539206,0.836364746,0.964838028,0.981715202,1.09915447,1.03102016,1.36181641,1.49692917,2.58732653,1.69812107,0.00358867645,0.52385807,0.459273338,0.548640251,0.549491882,0.597093582,0.758033752,0.876010895,1.03192329,0.961747169,1.27506161,0.726687431,0.522694588,0.495043755,0.132614136,0.135180473,0.600670815,0.0685901642,0.0908241272,0.125827789,0.0334682465,0.0557279587,-0.222366333,-0.284044266,-0.291633606,-0.124722481,-0.272597313,-0.249278069,-0.318737984,-0.348593712,-0.0871763229,-0.261886597,-0.330963135
2026-08-22T12:15:00.395+00:00	283.953	SUBSEG96 protocol=asd-research-v1.0.0 session=1 phase=CAL window=6 group=2 segments=8 dims=96 fnv1a=9ffe6cac values=-10.4223051,-10.4223051,2.10908794,-10.4223051,-10.4223051,1.35327244,-10.4223051,2.18584967,-10.4223051,2.33568525,1.4246397,-10.4223051,1.3306694,1.87469244,1.79381037,-10.4223051,1.56375313,1.39971256,1.44783592,1.3863554,1.15823555,1.42768764,1.22784996,1.35388565,1.48211956,1.4010334,1.22948933,1.19621086,1.28133011,1.0948143,1.09533215,0.92749691,1.35897732,1.16859245,1.18161011,2.45306635,3.11932325,0.780315399,0.615997314,0.868626595,0.856058121,1.49014854,0.619625092,0.696252823,0.498813629,0.747284889,0.976885796,1.34010887,0.890940666,0.943902969,0.912297249,0.826365471,0.794642448,1.77642727,0.749032974,0.891134262,0.979298592,1.20518875,1.20307446,1.44842052,1.50517941,2.69031525,1.91401672,0.181909561,0.712127686,0.424102783,0.667217255,0.691065788,0.724821091,0.911739349,0.96420002,1.08973885,1.00179386,1.38133717,0.733224869,0.597156525,0.550615311,0.276258469,0.200928688,0.681497574,0.158439636,0.22558403,0.203897476,0.0695142746,0.0993413925,-0.195054054,-0.146363258,-0.141956329,-0.032617569,-0.146167755,-0.184039116,-0.271239281,-0.263313293,0.0116682053,-0.157597542,-0.223999023
2026-08-22T12:15:00.500+00:00	284.047	SUBSEG96 protocol=asd-research-v1.0.0 session=1 phase=CAL window=6 group=3 segments=8 dims=96 fnv1a=e9e1b8c8 values=-10.3277235,-10.3277235,1.57682896,-10.3277235,-10.3277235,1.25169373,-10.3277235,1.94775629,-10.3277235,2.05859137,1.38924599,-10.3277235,1.16902161,1.25630283,1.4756279,-10.3277235,1.52221966,1.35961246,1.30874729,1.11744976,0.876573563,1.0865078,0.802739143,1.18640041,1.52457809,1.4540329,1.17918873,1.00464344,0.767484665,0.678048134,0.750058174,0.824512482,1.22767735,0.844796181,1.30236912,2.56358337,3.2574544,0.74384594,0.564730644,0.872932434,0.912836075,1.4300642,0.804186821,0.796401024,0.531447411,0.630270958,0.926697731,1.37945366,0.871269226,1.0285902,1.1202383,0.846808434,0.974718094,1.84795904,0.831771851,1.01213551,1.35389137,1.31327534,1.16929626,1.53157139,1.56963634,2.75120068,2.14713335,0.273633003,0.654157639,0.602036476,0.719060898,0.830211639,0.827298164,1.10228157,0.981563568,1.26403522,1.1357832,1.52317429,0.896323204,0.610689163,0.645833969,0.388326645,0.313649178,0.75871563,0.220431328,0.258421898,0.31966114,0.184186935,0.178435326,-0.0964632034,-0.0321178436,-0.0671920776,-0.00111198425,-0.0659732819,-0.0969276428,-0.197259903,-0.107851028,0.0993690491,-0.0988054276,-0.127907753
2026-08-22T12:15:00.606+00:00	284.157	SUBSEG96 protocol=asd-research-v1.0.0 session=1 phase=CAL window=6 group=4 segments=7 dims=96 fnv1a=79a9729f values=-10.3854027,-10.3854027,1.34157467,-10.3854027,-10.3854027,1.34756565,-10.3854027,2.36048889,-10.3854027,2.31327677,1.37679005,-10.3854027,1.31654453,1.86650944,1.76075792,-10.3854027,1.10583878,1.00165939,1.3183012,1.27672005,1.11380291,1.15745735,1.36316395,1.42761135,1.20146561,1.25090218,1.3041029,0.893498421,1.19195461,1.16461277,1.12420464,1.07008743,1.30837154,1.20508099,0.931879044,2.45300961,3.22975826,0.623731613,0.600215912,0.735536575,0.763856888,1.28920746,0.836916924,0.728331566,0.730701447,0.688611031,0.806585312,1.33174419,0.896972656,1.14075279,0.853421211,0.925825119,0.941604614,1.8735013,0.897129059,0.917180061,0.98938942,1.27818108,1.28412533,1.44617844,1.58019543,2.62143373,2.2758317,0.188194275,0.720856667,0.54197979,0.661307335,0.797307014,0.742659569,0.849359512,0.97607708,1.13329887,1.06778717,1.48908424,0.774009705,0.531245232,0.724572182,0.313352585,0.27249527,0.711273193,0.199156761,0.26791954,0.295546532,0.110766411,0.147628784,-0.0516176224,-0.13390255,-0.175168037,-0.127303123,-0.0593194962,-0.152389526,-0.191727638,-0.134773254,0.0694026947,-0.117840767,-0.192313194
2026-08-22T12:15:00.714+00:00	284.266	SUBSEG96 protocol=asd-research-v1.0.0 session=1 phase=CAL window=6 group=5 segments=7 dims=96 fnv1a=1405a9e3 values=-10.343009,-10.343009,1.54305267,-10.343009,-10.343009,1.76031637,-10.343009,2.15625715,-10.343009,1.96254158,1.04354668,-10.343009,0.95820713,1.79734612,1.75426149,-10.343009,0.981686592,1.11763954,1.31090355,0.973011017,0.868031502,0.975821495,1.16542912,1.12011814,1.27360153,1.48801613,1.40863514,1.19397449,1.13461781,0.931382179,0.949913979,0.914697647,1.14016819,1.04644775,0.782946587,2.30967665,3.15774202,0.675106049,0.638703346,0.97158432,0.673757553,1.45194912,0.8492136,0.567955017,0.514293671,0.753069878,0.771634102,1.3371582,1.08826828,1.15056896,0.987502098,0.94386673,0.950613976,1.896451,0.894886971,1.04690647,1.08646011,1.26302528,1.17129803,1.45578861,1.57648563,2.56430531,2.59079361,0.253135681,0.963931084,0.60454464,0.711551666,0.788860321,0.744436264,0.972732544,0.97628212,1.15320301,1.06841087,1.51741219,0.965701103,0.608074188,0.708390236,0.32730484,0.247953415,0.684469223,0.284509659,0.283960342,0.262032509,0.121061325,0.113554001,0.0667352676,-0.0835475922,-0.128026962,-0.0645980835,0.0396699905,-0.157556534,-0.187062263,-0.148961067,0.21408844,-0.113045692,-0.146401405
2026-08-22T12:15:05.038+00:00	288.594	FLAGS protocol=asd-quality-v1.5.0 mode=LEARNING state=NO_MACHINE waiting=0 learning=1 learned=0 anomaly=0 hold=0 fault=0 green=blink_5hz red=off guided25_available=1 workflow_pending=DEFAULT research_telemetry=1 profile_persistence_allowed=0 dropped=0
2026-08-22T12:15:09.998+00:00	293.547	QUALITY protocol=asd-quality-v1.5.0 phase=CAL index=7 total=10 result=OK metrics_valid=1 samples=159744 expected=159744 rms_dbfs=-47.587 dc=-0.535 peak=538 clipped=0 zeros=460 stuck=351 dropped_delta=0 feature_valid=1 tonalness_valid=1 tonalness_proxy=3.145234 tonal_gate=pending_normal_only
2026-08-22T12:15:10.000+00:00	293.547	CAL  7/10 score=0.00000 nivo=-47.6 dBFS racun=716 ms
2026-08-22T12:15:10.076+00:00	293.625	FEATURE96 protocol=asd-research-v1.0.0 session=1 phase=CAL window=7 window_start_ms=283015 window_end_ms=292296 score=0 level_dbfs=-47.5874329 quality=OK tonalness_proxy=3.14523363 dims=96 fnv1a=9c8b2066 values=-10.439887,-10.439887,1.93277359,-10.439887,-10.439887,1.86966753,-10.439887,2.08733749,-10.439887,2.15372229,1.71138239,-10.439887,1.89980555,2.54061699,2.36011696,-10.439887,1.70106268,1.46049881,1.35045242,1.2134943,1.29226398,1.39702511,1.32913971,1.21665192,1.14297009,1.42666531,1.33729649,1.16852188FLAGS protocol=asd-quality-v1.5.0 mode=LEARNING state=NO_MACHINE waiting=0 learning=1 learned=0 anomaly=0 hold=0 fault=0 green=blink_5hz red=off guided25_available=1 workflow_pending=DEFAULT research_telemetry=1 profile_persistence_allowed=0 dropped=0
2026-08-22T12:15:10.145+00:00	293.703	,1.12258911,0.933403969,0.807478905,0.927845955,1.13512421,1.02119541,0.977960587,2.2812171,3.14523363,0.646097183,0.618747711,0.805183411,0.850019455,1.2585144,0.727458954,0.660437584,0.625099182,0.706689835,0.970841408,1.24311447,0.746281624,0.898893356,0.975160599,0.743327141,0.866012573,1.834198,0.854941368,0.919703484,1.03514004,1.24150944,1.12989998,1.35626888,1.48874474,2.40618372,2.39761066,0.194425583,0.724286079,0.49492836,0.559341431,0.696824074,0.715719223,0.89997673,0.884672165,1.10085201,1.00688457,1.39199638,0.752275467,0.531082153,0.617540359,0.25128746,0.238987923,0.65905571,0.151936531,0.164826393,0.142525673,0.0590629578,0.0230321884,-0.0577802658,-0.170197487,-0.166273117,-0.167776108,-0.0820150375,-0.215397835,-0.267686844,-0.211309433,0.0975637436,-0.204201698,-0.246918678
2026-08-22T12:15:10.257+00:00	293.813	SUBSEG96 protocol=asd-research-v1.0.0 session=1 phase=CAL window=7 group=1 segments=8 dims=96 fnv1a=4a58df63 values=-10.358264,-10.358264,2.14295912,-10.358264,-10.358264,1.93227291,-10.358264,2.05074883,-10.358264,2.25356817,1.75741816,-10.358264,0.978467941,1.39770412,1.31741333,-10.358264,1.2927866,1.18994236,0.697155952,0.55983448,0.687365532,0.686743736,0.790354729,0.97342205,1.27172184,1.60450649,1.39117336,1.00704384,1.25976181,0.947835922,0.858139992,1.05106354,1.15239906,1.0618391,1.0080204,2.38116074,3.23481989,0.778375626,0.579198837,0.872299194,1.12918568,1.31352711,1.00677013,0.717824936,0.617113113,0.845461845,1.109519,1.37207127,0.873132706,1.15925884,1.0272913,1.00105,0.920081139,1.91570759,0.918478012,1.04915714,1.13157558,1.26998711,1.16458416,1.49211979,1.51807785,2.53202915,2.42153215,0.273760796,0.844483376,0.528778076,0.684081078,0.799863815,0.781851768,0.89883709,0.882632256,1.1292944,1.10230923,1.51800728,0.853490829,0.651533127,0.719617844,0.346105576,0.335791588,0.772736549,0.238116264,0.262548447,0.211425781,0.143489838,0.13320446,0.0217094421,-0.10953331,-0.121536255,-0.0655040741,-0.00400924683,-0.135306358,-0.172025681,-0.115914345,0.143590927,-0.153995514,-0.206147194
2026-08-22T12:15:10.364+00:00	293.922	SUBSEG96 protocol=asd-research-v1.0.0 session=1 phase=CAL window=7 group=2 segments=8 dims=96 fnv1a=ac6da53e values=-10.4227114,-10.4227114,2.10898876,-10.4227114,-10.4227114,1.47484779,-10.4227114,2.10022974,-10.4227114,2.0371542,1.42292595,-10.4227114,2.07108879,2.57909536,2.33877468,-10.4227114,1.94197464,1.48429585,1.31127834,1.33292675,1.38304806,1.54363155,1.5275135,1.1271677,1.04587746,1.14181805,1.23130894,1.42630577,1.27307034,0.883234024,0.398950577,1.08081722,1.18644619,0.974434853,1.12397003,2.30389738,3.1885438,0.633874893,0.516051292,0.810628891,0.451822281,1.40030861,0.644955635,0.769413948,0.593693733,0.617815018,0.969964027,1.33008289,0.656819344,0.847862244,1.01650333,0.727355957,0.866509438,1.81462049,0.831120491,0.849158287,1.03296566,1.28335381,1.02503204,1.32859993,1.41370869,2.3801775,2.45610285,0.252394676,0.63616848,0.552947044,0.529045105,0.675924301,0.759119034,0.881611824,0.921947479,1.12934113,1.0069313,1.42071915,0.719415665,0.543736458,0.662648201,0.272867203,0.245916367,0.637749672,0.188796043,0.209698677,0.148623466,0.0443658829,0.0479764938,-0.0315885544,-0.138220787,-0.11357975,-0.153269768,-0.0117025375,-0.204632759,-0.270103455,-0.190689087,0.112101555,-0.186322212,-0.23054409
2026-08-22T12:15:10.469+00:00	294.032	SUBSEG96 protocol=asd-research-v1.0.0 session=1 phase=CAL window=7 group=3 segments=8 dims=96 fnv1a=ee83b0eb values=-10.4769716,-10.4769716,1.76508331,-10.4769716,-10.4769716,1.59285164,-10.4769716,1.74733877,-10.4769716,1.87520123,1.71866465,-10.4769716,2.3170557,3.04674911,2.86768341,-10.4769716,2.04538631,1.8766017,1.80466461,1.59682608,1.68781805,1.78972673,1.61939049,1.52264023,1.15755463,1.37115383,1.55315161,1.281003,1.15989971,0.945349693,0.928641319,0.840650558,1.1650362,0.875137329,0.871126175,2.21659803,3.06701279,0.476839066,0.666287422,0.76022625,0.775746346,1.22334576,0.57089138,0.52772522,0.555375099,0.523457527,1.0000639,1.21472263,0.627966881,0.804883957,0.961395264,0.611682892,0.831008911,1.80761433,0.729120255,0.870252609,0.97816658,1.21524143,1.17207813,1.29844475,1.50510883,2.38730717,2.34231043,0.155755043,0.739534378,0.395819664,0.560480118,0.654335976,0.648611069,0.880413055,0.8099823,1.07326317,0.986142159,1.35661411,0.707195282,0.477743149,0.557715416,0.204541206,0.172597885,0.597676277,0.0507392883,0.0589332581,0.117100716,0.0190629959,-0.0597229004,-0.0792560577,-0.190912247,-0.201004982,-0.225903511,-0.14525795,-0.242786407,-0.326199532,-0.241794586,0.0981750488,-0.246539116,-0.290307045
2026-08-22T12:15:10.580+00:00	294.141	SUBSEG96 protocol=asd-research-v1.0.0 session=1 phase=CAL window=7 group=4 segments=7 dims=96 fnv1a=0989cfaf values=-10.4005804,-10.4005804,1.92270327,-10.4005804,-10.4005804,2.37048578,-10.4005804,2.51204014,-10.4005804,2.5852828,2.13740253,-10.4005804,1.51675797,1.76905966,1.81590414,-10.4005804,1.22568512,1.06161022,1.02691555,0.799158096,0.997253418,1.07335663,1.04832554,1.01340199,1.08952045,1.45609379,1.2101326,0.788925171,0.974754333,0.959608078,0.847579002,0.91422081,1.28860283,1.09279156,1.04963875,2.38099384,3.23700523,0.790243149,0.738702774,0.887259483,0.994399071,1.28400517,0.72376442,0.622992516,0.738664627,0.882176399,0.882062912,1.18310261,0.797055244,0.884781837,1.03100586,0.791739464,0.898833275,1.89037943,0.910096169,0.997654915,1.08750248,1.2016964,1.13314819,1.41674328,1.59188652,2.46461916,2.38990164,0.17918396,0.672268867,0.539464951,0.637611389,0.696637154,0.805068016,1.00102043,0.863386154,1.11928272,1.05677032,1.41286945,0.793323517,0.532675743,0.63517189,0.298355103,0.309066772,0.729488373,0.181551933,0.249555588,0.176000595,0.111605644,0.0963344574,-0.0252189636,-0.182789803,-0.143397331,-0.120711327,-0.0642700195,-0.181624413,-0.211208344,-0.198588371,0.134147644,-0.110430717,-0.167712212
2026-08-22T12:15:10.685+00:00	294.235	SUBSEG96 protocol=asd-research-v1.0.0 session=1 phase=CAL window=7 group=5 segments=7 dims=96 fnv1a=651e24d8 values=-10.3159876,-10.3159876,1.76009417,-10.3159876,-10.3159876,1.52499008,-10.3159876,1.84331799,-10.3159876,1.71512794,0.869668961,-10.3159876,0.755616188,0.79059124,0.969730377,-10.3159876,0.776599884,0.763055801,0.851612091,0.951572418,0.865671158,0.813899994,1.1633091,1.29650116,1.33923721,1.68386841,1.34659672,1.19163895,1.00236893,1.14405727,1.04143333,0.89986515,1.01686573,1.30218601,1.01854992,2.33809423,3.21501589,0.752382278,0.785604477,0.922534943,0.911208153,1.2363224,0.826647758,0.856542587,0.83900547,0.849769592,1.07382679,1.29667664,0.981306076,0.947235107,1.05703735,0.721494675,1.04015541,1.9690094,1.10059929,1.05006218,1.17220783,1.44551659,1.34998226,1.46400833,1.62978363,2.48030424,2.59253502,0.325066566,0.921235085,0.678136826,0.586353302,0.877329826,0.804875374,1.06062222,1.14565372,1.2752161,1.10336685,1.46200085,0.912987709,0.667865753,0.73086834,0.357549667,0.357266426,0.781750679,0.32267189,0.261288643,0.285130501,0.204219818,0.117453575,0.0462226868,-0.0116853714,-0.0309801102,-0.0493888855,0.0313215256,-0.0882015228,-0.131984711,-0.0891675949,0.221236229,-0.0989208221,-0.112315178
2026-08-22T12:15:15.061+00:00	298.610	FLAGS protocol=asd-quality-v1.5.0 mode=LEARNING state=NO_MACHINE waiting=0 learning=1 learned=0 anomaly=0 hold=0 fault=0 green=blink_5hz red=off guided25_available=1 workflow_pending=DEFAULT research_telemetry=1 profile_persistence_allowed=0 dropped=0
2026-08-22T12:15:19.972+00:00	303.532	QUALITY protocol=asd-quality-v1.5.0 phase=CAL index=8 total=10 result=OK metrics_valid=1 samples=159744 expected=159744 rms_dbfs=-47.596 dc=-0.445 peak=479 clipped=0 zeros=475 stuck=287 dropped_delta=0 feature_valid=1 tonalness_valid=1 tonalness_proxy=3.254900 tonal_gate=pending_normal_only
2026-08-22T12:15:19.974+00:00	303.532	CAL  8/10 score=0.00000 nivo=-47.6 dBFS racun=716 ms
2026-08-22T12:15:20.101+00:00	303.657	FEATURE96 protocol=asd-research-v1.0.0 session=1 phase=CAL window=8 window_start_ms=292988 window_end_ms=302270 score=0 level_dbfs=-47.5961609 quality=OK tonalness_proxy=3.25489998 dims=96 fnv1a=93ecaec8 values=-10.3433743,-10.3433743,1.33040142,-10.3433743,-10.3433743,1.46134186,-10.3433743,1.93341112,-10.3433743,1.98551369,1.41767788,-10.3433743,1.01109123,1.38186073,1.4064312,-10.3433743,1.0531292,1.10257053,1.08382988,0.999157906,0.948170662,1.03887367,1.21797276,1.30287552,1.37155056,1.47381401,1.26658249,1.06889439,1.13335896,0.988811493,0.991387367,0.981118202,1.07521915,0.946973801,1.12822342,2.37199402,3.25489998,0.817079544,0.73720932,0.915156364,0.871210098,1.38692474,0.730831146,0.792891502,0.660039902,0.755259514,0.978438377,1.40449905,0.84469223,1.03300476,1.01402283,0.868608475,0.943849564,1.88581276,0.928217888,1.00180817,1.14108467,1.35194683,1.27436733,1.38920689,1.58422089,2.46280193,2.56311131,0.26919651,0.817062378,0.613726616,0.696884155,0.829358101,0.822938919,0.966053963,0.992621422,1.18599033FLAGS protocol=asd-quality-v1.5.0 mode=LEARNING state=NO_MACHINE waiting=0 learning=1 learned=0 anomaly=0 hold=0 fault=0 green=blink_5hz red=off guided25_available=1 workflow_pending=DEFAULT research_telemetry=1 profile_persistence_allowed=0 dropped=0
2026-08-22T12:15:20.117+00:00	303.672	,1.10104942,1.48095131,0.873399734,0.577886581,0.70192337,0.349749565,0.28501606,0.686276436,0.277031898,0.28934288,0.257230759,0.145549774,0.104501724,0.0211715698,-0.0503330231,-0.0984582901,-0.0832223892,0.0189981461,-0.097738266,-0.174331665,-0.117937088,0.179581642,-0.0959310532,-0.142047882
2026-08-22T12:15:20.234+00:00	303.782	SUBSEG96 protocol=asd-research-v1.0.0 session=1 phase=CAL window=8 group=1 segments=8 dims=96 fnv1a=7c182b57 values=-10.3753252,-10.3753252,1.47616673,-10.3753252,-10.3753252,1.67234564,-10.3753252,2.23558331,-10.3753252,2.34314966,1.75517941,-10.3753252,0.984698296,1.63276863,1.64860964,-10.3753252,0.986255646,0.686057091,0.868764877,0.645097733,1.07396984,1.10090637,1.26555824,1.32319069,1.36821079,1.43808746,1.04399014,1.10996819,1.11837196,0.971920013,1.05862427,1.05023289,1.07114983,0.975419044,1.23738861,2.37502241,3.28455591,0.940986633,0.735258102,0.909044266,0.998129845,1.20567799,0.876286507,0.768460274,0.682454109,0.791217804,1.05458546,1.48782921,0.872556686,1.10487843,0.838346481,0.873139381,0.904112816,1.85830975,0.851833344,0.975336075,1.04362202,1.38694286,1.33432674,1.41958046,1.5174818,2.32770681,2.55263805,0.258070946,0.850662231,0.675262451,0.676668167,0.799584389,0.816240311,0.945903778,0.983680725,1.19697952,1.10299015,1.41089249,0.838488579,0.508370399,0.624919891,0.303329468,0.273219109,0.639348984,0.26170063,0.239571571,0.189539909,0.145089149,0.0602788925,0.00980854034,-0.0631608963,-0.18241024,-0.123782158,0.0222034454,-0.133058548,-0.178599358,-0.153977394,0.191040993,-0.136733055,-0.161450386
2026-08-22T12:15:20.342+00:00	303.891	SUBSEG96 protocol=asd-research-v1.0.0 session=1 phase=CAL window=8 group=2 segments=8 dims=96 fnv1a=f233676d values=-10.3290148,-10.3290148,1.33023262,-10.3290148,-10.3290148,1.50660229,-10.3290148,1.98936749,-10.3290148,1.99832392,1.31940079,-10.3290148,0.945363998,1.12371063,0.990451813,-10.3290148,0.932168961,1.03047085,1.08177662,1.0446949,0.941382408,1.09844398,1.20479679,0.896395683,1.3186264,1.54216099,1.47483063,1.27207375,1.19062805,1.09309387,1.11447144,1.03720951,0.995807648,0.862709045,0.916578293,2.30417538,3.24373865,0.742307663,0.721908569,0.927542686,0.711467743,1.48542213,0.772966385,0.898714066,0.620524406,0.727163315,0.979584694,1.5034132,0.631546974,1.02660179,1.00315762,0.964823723,0.916919708,1.9121542,1.02498627,1.11476994,1.2492485,1.36698341,1.29690742,1.39969158,1.58359814,2.34353065,2.65551901,0.366686821,0.80150032,0.602620125,0.740444183,0.879815102,0.840950966,1.00779247,0.977542877,1.25590038,1.13970375,1.48738766,0.808112144,0.590185165,0.741219521,0.372240067,0.314291,0.681836128,0.308826447,0.290985107,0.211280823,0.147764206,0.121834755,0.0440235138,-0.0429592133,-0.0668468475,-0.052397728,0.0308055878,-0.0847625732,-0.166971207,-0.104279518,0.195643425,-0.059015274,-0.131024361
2026-08-22T12:15:20.449+00:00	304.000	SUBSEG96 protocol=asd-research-v1.0.0 session=1 phase=CAL window=8 group=3 segments=8 dims=96 fnv1a=bc9e5811 values=-10.296299,-10.296299,1.00588608,-10.296299,-10.296299,1.18043709,-10.296299,1.6346693,-10.296299,1.6200161,1.18642426,-10.296299,0.824576378,1.15581894,1.38090134,-10.296299,1.09716415,1.22196579,0.994391441,0.944940567,0.868044853,1.10370445,1.35891819,1.48815727,1.27156639,1.30853081,1.23040009,0.976302147,1.13092518,0.956612587,0.983736992,0.858172417,1.23595238,0.947755814,1.08484077,2.40126276,3.26184416,0.690556526,0.754477501,0.895729065,0.922545433,1.34955883,0.475703239,0.867524147,0.773738861,0.765475273,0.79734993,1.37911129,0.907691002,1.02645016,1.05676842,0.873374939,0.922193527,1.93448257,1.00627232,1.03440666,1.12739182,1.36720085,1.32064056,1.47470379,1.59495735,2.57236671,2.59242392,0.264303207,0.86300087,0.676954269,0.714767456,0.898436546,0.928284645,1.00508499,1.03661633,1.21269035,1.15611935,1.56136227,0.867728233,0.598855972,0.759165764,0.441188812,0.315061569,0.714852333,0.32980442,0.346754074,0.346715927,0.169703484,0.139131546,0.0392827988,-0.013926506,-0.039399147,-0.0294790268,0.0397014618,-0.0422611237,-0.118066788,-0.0638961792,0.209290504,-0.0440950394,-0.110350609
2026-08-22T12:15:20.556+00:00	304.110	SUBSEG96 protocol=asd-research-v1.0.0 session=1 phase=CAL window=8 group=4 segments=7 dims=96 fnv1a=0c5b8053 values=-10.3435049,-10.3435049,1.53707314,-10.3435049,-10.3435049,1.52362061,-10.3435049,1.81798458,-10.3435049,1.81881237,1.0706501,-10.3435049,0.909007072,1.34732533,1.28652859,-10.3435049,1.02343082,1.23547649,1.26981544,1.2223711,0.81641674,0.968520164,1.33839893,1.53031158,1.51731205,1.53409863,1.22009659,0.890910149,0.952078819,1.00406647,0.927737236,0.929017067,0.896810532,0.927528381,1.2957983,2.40688562,3.27261782,0.844068527,0.689495087,0.95527935,0.912996292,1.45948505,0.713824272,0.737035751,0.683625221,0.707805634,1.047719,1.26213264,0.987215042,1.00504112,1.13444805,0.856413841,1.08773422,1.89258099,0.969537735,1.03879356,1.20800591,1.36489773,1.19358063,1.35443878,1.6886034,2.46784687,2.58941031,0.238041878,0.797449112,0.591710091,0.638627052,0.756401062,0.805233955,0.983604431,0.974551201,1.14347553,1.05861282,1.49342823,0.937040329,0.618864059,0.743157387,0.345386505,0.244159698,0.718082428,0.205283165,0.276223183,0.264071465,0.150205612,0.0942697525,0.0310621262,-0.0680265427,-0.0649137497,-0.0917186737,0.0107088089,-0.0951776505,-0.197281837,-0.138263702,0.186080933,-0.0836553574,-0.161241531
2026-08-22T12:15:20.667+00:00	304.219	SUBSEG96 protocol=asd-research-v1.0.0 session=1 phase=CAL window=8 group=5 segments=7 dims=96 fnv1a=0235cbca values=-10.3086672,-10.3086672,1.07007217,-10.3086672,-10.3086672,1.2038126,-10.3086672,1.59329796,-10.3086672,1.58088017,1.36571026,-10.3086672,1.31587315,1.45522976,1.49420738,-10.3086672,1.25457764,1.25528145,1.20088482,1.06680012,1.02639961,0.918738365,0.641527176,0.986979485,1.41282654,1.5697298,1.32804012,1.01669788,1.2820034,0.953641891,0.841028214,1.04451752,1.16719913,1.06829453,1.04855442,2.43327427,3.267313,0.864954948,0.841323853,0.949980736,0.786776543,1.46612644,0.747348785,0.707083702,0.561221123,0.834988594,1.01530457,1.37462616,0.816781044,1.04063034,1.08130074,0.804387093,0.931847572,1.89181995,0.800323486,0.844351768,1.11369514,1.3200922,1.25380516,1.32956791,1.59499741,2.62959385,2.44298792,0.258434296,0.823393822,0.549580574,0.768529892,0.859786987,0.759367943,0.942060471,1.05314827,1.16053677,1.09626198,1.51393127,0.976957321,0.640965462,0.699508667,0.339968681,0.336438179,0.745676994,0.331079483,0.357824326,0.335318565,0.177313805,0.172339439,0.0436954498,-0.00104045868,-0.0769519806,-0.0574350357,0.0520849228,-0.0700683594,-0.152944565,-0.0663976669,0.170834541,-0.0971727371,-0.0828771591
2026-08-22T12:15:25.080+00:00	308.641	FLAGS protocol=asd-quality-v1.5.0 mode=LEARNING state=NO_MACHINE waiting=0 learning=1 learned=0 anomaly=0 hold=0 fault=0 green=blink_5hz red=off guided25_available=1 workflow_pending=DEFAULT research_telemetry=1 profile_persistence_allowed=0 dropped=0
2026-08-22T12:15:29.947+00:00	313.500	QUALITY protocol=asd-quality-v1.5.0 phase=CAL index=9 total=10 result=OK metrics_valid=1 samples=159744 expected=159744 rms_dbfs=-46.630 dc=-0.512 peak=564 clipped=0 zeros=425 stuck=250 dropped_delta=0 feature_valid=1 tonalness_valid=1 tonalness_proxy=3.196829 tonal_gate=pending_normal_only
2026-08-22T12:15:29.948+00:00	313.500	CAL  9/10 score=0.00000 nivo=-46.6 dBFS racun=727 ms
2026-08-22T12:15:30.081+00:00	313.641	FEATURE96 protocol=asd-research-v1.0.0 session=1 phase=CAL window=9 window_start_ms=302965 window_end_ms=312244 score=0 level_dbfs=-46.6302185 quality=OK tonalness_proxy=3.19682884 dims=96 fnv1a=5b4d4df1 values=-10.3571682,-10.3571682,1.65576982,-10.3571682,-10.3571682,1.74154615,-10.3571682,2.09695053,-10.3571682,2.17758131,1.54693127,-10.3571682,1.15438175,1.5443058,1.50541496,-10.3571682,1.13071346,1.04541206,1.17354774,1.11473179,1.01801491,0.97713089,1.10415077,1.01118088,1.20848656,1.41359138,1.16443348,1.12606335,1.04703808,1.03815269,0.962937355,0.885494232,1.19035339,1.06301689,0.917944908,2.37249899,3.19682884,0.804970741,0.785114288,0.838870049,0.860825539,1.34097099,0.768951416,0.772468567,0.65682888,0.742866516,0.938267708,1.30236149,0.766021729,1.08839893,1.03640175,0.852908134,0.903308868,1.85706997,0.931458473,0.99963665,1.10988426,1.33214951,1.27808094,1.44685078,1.55304337,2.56606197,2.4741745,0.282619476,0.835091591,0.617599487,0.674525261,0.77091217,0.795024872,0.932878494,0.997157097,1.15281868,1.09848785,1.44310188,0.85433197,0.59704113,0.694863319,0.335316658,0.270270348,0.705346107,0.286139488,0.249563217,0.265276909,0.12329483,0.159432411,-0.021484375,-0.123268127,-0.0698232651,-0.0779457092,-0.0244998932,-0.12437439,-0.177096367,-0.122065544,0.133805275,-0.0988121033,-0.170748711
2026-08-22T12:15:30.114+00:00	313.672	SUBSEG96 protocol=asd-research-v1.0.0 session=1 phase=CAL window=9 group=1 segments=8 dims=96 fnv1a=306482ea values=-10.3537397,-10.3537397,1.56084156,-10.3537397,-10.3537397,1.8789196,-10.3537397,2.15330362,-10.3537397,1.93048954,1.31985474,-10.3537397,1.05511475FLAGS protocol=asd-quality-v1.5.0 mode=LEARNING state=NO_MACHINE waiting=0 learning=1 learned=0 anomaly=0 hold=0 fault=0 green=blink_5hz red=off guided25_available=1 workflow_pending=DEFAULT research_telemetry=1 profile_persistence_allowed=0 dropped=0
2026-08-22T12:15:30.203+00:00	313.750	,1.46621323,1.50050259,-10.3537397,1.1391201,1.27755547,1.4256134,1.07397747,0.964722633,1.03564548,1.19508648,1.05039692,1.15405655,1.25166607,1.15501881,1.23220444,1.28158951,0.962939262,1.00396633,0.855202675,1.28314209,1.17002296,0.84561348,2.35096645,3.15829659,0.673458099,0.853266716,1.02770996,0.887911797,1.19119072,0.684711456,0.740999222,0.737685204,0.753340721,0.987856865,1.31993484,0.597859383,1.08382225,0.972539902,0.916193008,0.909571648,1.88505316,0.882081985,1.12067509,1.17606354,1.20700073,1.18150425,1.42153454,1.48927689,2.54488802,2.43961573,0.272500992,0.83160305,0.576984406,0.710442543,0.782930374,0.807361603,0.994792938,1.04441357,1.13183975,1.06782436,1.49461746,0.879756927,0.582588196,0.69513607,0.279573441,0.273889542,0.70044899,0.289697647,0.247013092,0.277575493,0.136265755,0.145716667,-0.0271911621,-0.120227814,-0.0972566605,-0.12272644,-0.0312900543,-0.106491089,-0.163651466,-0.0387573242,0.114823341,-0.0702371597,-0.147687912
2026-08-22T12:15:30.315+00:00	313.875	SUBSEG96 protocol=asd-research-v1.0.0 session=1 phase=CAL window=9 group=2 segments=8 dims=96 fnv1a=d1d8c0f5 values=-10.3896103,-10.3896103,1.80088997,-10.3896103,-10.3896103,2.03714132,-10.3896103,2.50619173,-10.3896103,2.69400072,2.01130629,-10.3896103,1.09216213,1.5941782,1.54323959,-10.3896103,0.965935707,1.04978561,1.10025692,1.08362675,1.03380585,0.968738556,1.23113823,1.06514931,1.34743786,1.38110828,1.20138741,1.15701485,0.971270561,1.08997917,0.967960358,1.09280586,1.21099567,1.01920414,0.830487251,2.44639397,3.23515892,0.743005753,0.752124786,0.828623772,1.06476402,1.28767395,0.717475891,0.840348244,0.610336304,0.767704964,0.828600883,1.32792568,0.763554573,1.09229279,1.06409931,0.822746277,0.907158852,1.8105998,1.0112505,1.01478004,1.12222481,1.19242287,1.22202778,1.41175461,1.52608967,2.61410904,2.31928253,0.235894203,0.70897007,0.518019676,0.629579544,0.673179626,0.756158829,0.874375343,0.951666832,1.12290764,1.06665516,1.41797924,0.779774666,0.608639717,0.686335564,0.294477463,0.259469032,0.676486015,0.230527878,0.164355278,0.243780136,0.100008011,0.151285172,-0.0813522339,-0.157201767,-0.0630550385,-0.10309124,-0.135094643,-0.167456627,-0.238278389,-0.205844879,0.0770339966,-0.129874229,-0.221060753
2026-08-22T12:15:30.423+00:00	313.985	SUBSEG96 protocol=asd-research-v1.0.0 session=1 phase=CAL window=9 group=3 segments=8 dims=96 fnv1a=db07fdd8 values=-10.3005905,-10.3005905,1.56464386,-10.3005905,-10.3005905,1.64780521,-10.3005905,1.74115038,-10.3005905,1.71876526,1.15298557,-10.3005905,1.1510458,1.3921442,1.27060699,-10.3005905,0.896119118,0.860917091,1.02171516,1.04187775,1.08561516,0.922237396,0.829455376,0.832201958,1.12579727,1.3820858,1.19792938,1.12208271,0.951475143,0.992639542,0.954680443,0.848935127,1.12916183,1.13265991,0.944003105,2.37776423,3.26809406,0.977625847,0.882369041,0.528588295,0.616993904,1.36457729,0.879050255,0.688611031,0.590118408,0.822281837,1.09996986,1.33626461,0.908011436,1.15361786,1.02271461,0.873705864,0.974123001,1.93109035,0.893449783,1.00979328,0.969932556,1.46027946,1.45991516,1.53688145,1.5826807,2.55833864,2.6370573,0.391576767,0.914646149,0.737369537,0.701593399,0.777308464,0.910437584,0.902306557,1.02237892,1.17597675,1.2361269,1.4773016,0.904830933,0.627880096,0.761976242,0.422037125,0.324755669,0.758508682,0.38755703,0.359640121,0.275744438,0.175768852,0.167570114,0.0515155792,-0.0411396027,-0.0183134079,-0.0368719101,0.0127239227,-0.0654840469,-0.120653152,-0.114548683,0.220737457,-0.071100235,-0.14004612
2026-08-22T12:15:30.530+00:00	314.078	SUBSEG96 protocol=asd-research-v1.0.0 session=1 phase=CAL window=9 group=4 segments=7 dims=96 fnv1a=616ba6d4 values=-10.3162909,-10.3162909,1.6244936,-10.3162909,-10.3162909,1.36436749,-10.3162909,1.55884075,-10.3162909,1.60458374,1.27152443,-10.3162909,1.21475887,1.50075626,1.2939539,-10.3162909,1.08080196,1.0258379,1.0427866,0.726595879,0.737011909,0.945655823,0.991603851,0.941783905,1.33719826,1.68501329,1.3103323,0.992331505,0.824556351,0.883499146,0.967832565,0.775406837,1.17396736,1.18468952,1.05335236,2.34050465,3.19452477,0.75889492,0.854602814,0.852329254,0.799276352,1.44877529,0.751316071,0.762787819,0.82119751,0.688753128,0.994175911,1.39278603,0.825823784,1.13133717,1.15934944,0.867543221,0.968935013,1.89341927,0.96516037,0.978909492,1.20439148,1.39929581,1.26470661,1.57535648,1.67717934,2.52871513,2.57908392,0.16916275,0.904933929,0.707595825,0.674028397,0.827620506,0.825587273,1.01956463,1.08641434,1.26066113,1.08269787,1.44251823,0.873782158,0.626396179,0.726284027,0.386898041,0.247297287,0.765461922,0.322128296,0.279530525,0.343091011,0.17972374,0.203043938,0.0567245483,-0.0587673187,-0.00803661346,-0.0289669037,0.0915765762,-0.0987558365,-0.12498951,-0.0813102722,0.21294117,-0.0542697906,-0.122846603
2026-08-22T12:15:30.637+00:00	314.188	SUBSEG96 protocol=asd-research-v1.0.0 session=1 phase=CAL window=9 group=5 segments=7 dims=96 fnv1a=ef2f8feb values=-10.3366308,-10.3366308,1.73204041,-10.3366308,-10.3366308,1.16016674,-10.3366308,1.55181503,-10.3366308,1.37468529,1.0161705,-10.3366308,1.32651997,1.7607131,1.78609657,-10.3366308,1.45959377,0.925332069,1.18599701,1.44259071,1.21456718,1.07414341,1.18366718,1.16299725,1.06086254,1.3743515,0.977972984,1.14453697,1.10815334,1.24803638,0.997020721,0.785423279,1.20445919,0.766913414,1.00042725,2.40528345,3.19887495,0.908870697,0.6101017,0.878288269,0.830755234,1.47886562,0.880829811,0.878263474,0.562096596,0.743375778,0.809942245,1.18986034,0.785877228,1.05998707,1.03785896,0.862053871,0.824858665,1.84766865,0.966464996,0.901164055,1.12286568,1.45852947,1.3118372,1.35109234,1.57648754,2.64818001,2.44928503,0.391173363,0.900460243,0.6272192,0.74023056,0.879330635,0.745369911,0.952702522,0.959321976,1.16178608,1.10690594,1.46155739,0.92029953,0.624502182,0.687166214,0.381308556,0.325564384,0.715287209,0.282529831,0.279276848,0.274194717,0.109766006,0.218505859,-0.0187091827,-0.15835762,-0.0787773132,-0.0074300766,0.0276727676,-0.0963430405,-0.1476717,-0.0933551788,0.129734039,-0.0812139511,-0.131919861
2026-08-22T12:15:35.100+00:00	318.657	FLAGS protocol=asd-quality-v1.5.0 mode=LEARNING state=NO_MACHINE waiting=0 learning=1 learned=0 anomaly=0 hold=0 fault=0 green=blink_5hz red=off guided25_available=1 workflow_pending=DEFAULT research_telemetry=1 profile_persistence_allowed=0 dropped=0
2026-08-22T12:15:39.921+00:00	323.469	QUALITY protocol=asd-quality-v1.5.0 phase=CAL index=10 total=10 result=OK metrics_valid=1 samples=159744 expected=159744 rms_dbfs=-46.565 dc=-0.500 peak=572 clipped=0 zeros=391 stuck=230 dropped_delta=0 feature_valid=1 tonalness_valid=1 tonalness_proxy=3.214684 tonal_gate=pending_normal_only
2026-08-22T12:15:39.923+00:00	323.485	CAL 10/10 score=0.00000 nivo=-46.6 dBFS racun=716 ms
2026-08-22T12:15:40.052+00:00	323.610	FEATURE96 protocol=asd-research-v1.0.0 session=1 phase=CAL window=10 window_start_ms=312938 window_end_ms=322219 score=0 level_dbfs=-46.5649109 quality=OK tonalness_proxy=3.21468353 dims=96 fnv1a=105ee23b values=-10.3387337,-10.3387337,1.33823013,-10.3387337,-10.3387337,1.21554661,-10.3387337,1.5352335,-10.3387337,1.54203129,1.19719791,-10.3387337,1.29800606,1.91045094,1.84918594,-10.3387337,1.35504913,0.999663353,0.907693863,0.897684097,1.02080917,1.19237995,1.23795319,1.17548943,1.25472641,1.42138195,1.23089409,1.07710552,1.11524391,1.01575089,1.08589745,1.04856014,1.12910652,0.98633194,1.00292492,2.43618584,3.21468353,0.862602234,0.741524696,0.823409081,0.801847458,1.40180111,0.784929276,0.777674675,0.694658279,0.806723595,0.991497993,1.41407108,0.904026031,1.00708103,1.02487183,0.918048859,0.975576401,1.88336611,0.894050598,1.03155518,1.13307667,1.28625011,1.24717522,1.4213047,1.61147499,2.68238735,2.40347052,0.2940588,0.78769207,0.559311867,0.683862686,0.793739319,0.835625648,0.983442307,1.01127625,1.14104748,1.1040144,1.49096012,0.869100571,0.602407455,0.733861923,0.33982563,0.282279015,0.758167267,0.269933701,0.262748718,0.287315369,0.153924942,0.12917614,-0.0493412018,-0.11106205,-0.0755300522,-0.0918941498,-0.0031375885,-0.0865345001,-0.195304871,-0.119796753,0.13386631,-0.117071152,-0.163998604
2026-08-22T12:15:40.137+00:00	323.688	SUBSEG96 protocol=asd-research-v1.0.0 session=1 phase=CAL window=10 group=1 segments=8 dims=96 fnv1a=1450009c values=-10.3055162,-10.3055162,1.45587158,-10.3055162,-10.3055162,1.32346439,-10.3055162,1.68503666,-10.3055162,1.55032825,0.77306366,-10.3055162,1.18839169,1.6257143,1.75619602,-10.3055162,1.47051048,0.929735184,0.657159805,0.875535965,0.999115944,1.06332302,1.17666531,1.30962276,1.35913658,1.38367271,1.43113804,1.10205078,0.977484703,0.972973824,1.04092884,0.782234192,0.93187809,0.952325821,0.992271423,2.52830076,3.23423052,0.811531067,0.832411766,0.934848785,0.795586586,1.35382843,0.804321289,0.855068207,0.597746849,0.897483826,1.0986042,1.41163158,0.917507172,0.900435448,1.11144638,0.914772987,0.954039574,1.87042952,0.882909775,1.03012657,1.1242218FLAGS protocol=asd-quality-v1.5.0 mode=LEARNING state=NO_MACHINE waiting=0 learning=1 learned=0 anomaly=0 hold=0 fault=0 green=blink_5hz red=off guided25_available=1 workflow_pending=DEFAULT research_telemetry=1 profile_persistence_allowed=0 dropped=0
2026-08-22T12:15:40.172+00:00	323.735	,1.33570957,1.22588253,1.52219009,1.71782637,2.77183485,2.2534132,0.309205055,0.73311615,0.513150215,0.689824104,0.837021828,0.885155678,0.972027779,0.98171711,1.1582346,1.11264038,1.4536953,0.898406982,0.669857979,0.765541077,0.355505943,0.331918716,0.805439949,0.298138618,0.280006409,0.295771599,0.15741539,0.209788322,-0.0255327225,-0.097823143,-0.0765037537,-0.0371780396,-0.0442066193,-0.0428943634,-0.17205143,-0.093585968,0.09623909,-0.0819749832,-0.147957802
2026-08-22T12:15:40.289+00:00	323.844	SUBSEG96 protocol=asd-research-v1.0.0 session=1 phase=CAL window=10 group=2 segments=8 dims=96 fnv1a=43fb9fad values=-10.3390532,-10.3390532,0.95595932,-10.3390532,-10.3390532,1.03174686,-10.3390532,1.42756176,-10.3390532,1.67694187,1.49571228,-10.3390532,1.48436546,2.09695911,1.95542336,-10.3390532,1.54792595,1.09087276,0.963038445,0.887295723,0.871622086,1.04697514,0.95258522,0.870649338,1.22729301,1.27632236,1.12752533,1.13313866,1.05700874,1.06117916,1.13678837,1.07328224,1.3211565,1.04559708,1.12042046,2.41723728,3.21973372,0.907006264,0.851978302,0.866731644,0.848258972,1.35767555,0.845315933,0.794493675,0.662590027,0.882112503,0.891153336,1.34931278,0.9358778,1.01414204,0.884773254,0.889653206,0.903488159,1.87212801,0.875102997,1.01192379,1.21614552,1.29563332,1.26867962,1.36740685,1.59639549,2.6630888,2.46053505,0.293384552,0.847795486,0.520972252,0.690599442,0.81371212,0.805561066,0.96301651,1.05438042,1.13560009,1.09810066,1.5480032,0.861554146,0.577145576,0.764288902,0.323993683,0.261317253,0.758910179,0.260501862,0.28766346,0.24861145,0.203179359,0.0726165771,-0.0427427292,-0.0999727249,-0.0436458588,-0.0830230713,0.01861763,-0.097741127,-0.190564156,-0.119747162,0.186422348,-0.110383034,-0.179576874
2026-08-22T12:15:40.394+00:00	323.953	SUBSEG96 protocol=asd-research-v1.0.0 session=1 phase=CAL window=10 group=3 segments=8 dims=96 fnv1a=007aa725 values=-10.3564196,-10.3564196,1.40699387,-10.3564196,-10.3564196,1.11603928,-10.3564196,1.12288761,-10.3564196,1.13092136,0.989374161,-10.3564196,1.36483574,2.21218872,2.14774609,-10.3564196,1.42684555,1.15885258,1.05213165,0.967032433,1.32869053,1.51546478,1.41116524,1.25379276,1.21614838,1.69093895,1.34865952,1.10961056,1.14922047,1.10962296,1.11800766,0.996777534,1.1364851,1.06496525,1.01563168,2.41953087,3.20109558,0.796681404,0.421200752,0.724541664,0.749419212,1.42793751,0.866143227,0.772089958,0.788015366,0.808987617,1.06680298,1.35530853,0.825317383,1.05818939,0.99693203,0.987885475,0.913241386,1.87396765,0.958045959,1.13236523,1.15268135,1.27822113,1.11033726,1.2811985,1.57352448,2.67330313,2.38142347,0.250024796,0.758471489,0.604463577,0.697663307,0.775290489,0.845890999,0.96877861,0.993782043,1.12012959,1.08132362,1.46558952,0.834164619,0.511102676,0.713348389,0.353246689,0.230778694,0.754047394,0.214406967,0.247039795,0.290173531,0.129351616,0.103784561,-0.0971078873,-0.121856689,-0.145392418,-0.130644798,-0.0505161285,-0.11917305,-0.221972466,-0.147912025,0.11852169,-0.143137932,-0.187605858
2026-08-22T12:15:40.502+00:00	324.063	SUBSEG96 protocol=asd-research-v1.0.0 session=1 phase=CAL window=10 group=4 segments=7 dims=96 fnv1a=aa9219ec values=-10.3137875,-10.3137875,1.16570568,-10.3137875,-10.3137875,1.33947086,-10.3137875,1.66792965,-10.3137875,1.54486942,0.97296524,-10.3137875,1.23335075,1.58827972,1.62516594,-10.3137875,1.09174061,0.865778923,0.875131607,0.89343071,0.929590225,1.10818863,1.41023254,1.18652344,1.23636532,1.21639729,0.953368187,0.952367783,1.24274921,1.02203274,1.26957226,1.26836872,1.06671238,0.877494812,0.940142632,2.43196964,3.21398735,0.745393753,0.779695511,0.761418343,0.787343025,1.53922653,0.774962425,0.790620804,0.704742432,0.777476311,0.951470375,1.31957245,0.927195549,0.983699799,1.13306808,0.880191803,1.02442837,1.91242981,0.856798172,1.01977444,1.11203384,1.30746174,1.32703495,1.56259537,1.63197231,2.70610332,2.39799547,0.362085342,0.834444046,0.559968948,0.696172714,0.809006691,0.858067513,1.05385017,1.03778362,1.1762085,1.17384338,1.51036835,0.927721024,0.652812958,0.735634804,0.347212791,0.301699638,0.776246071,0.302852631,0.283138275,0.359594345,0.193669319,0.156907082,-0.0217618942,-0.121415138,-0.0387220383,-0.0456027985,0.0729026794,-0.0112419128,-0.18241024,-0.0875873566,0.148982048,-0.110871315,-0.105976105
2026-08-22T12:15:40.609+00:00	324.157	SUBSEG96 protocol=asd-research-v1.0.0 session=1 phase=CAL window=10 group=5 segments=7 dims=96 fnv1a=73116814 values=-10.3139267,-10.3139267,1.54970646,-10.3139267,-10.3139267,1.28941631,-10.3139267,1.67366028,-10.3139267,1.70570946,1.384758,-10.3139267,1.13403702,1.39393616,1.13494778,-10.3139267,0.917681694,0.872820854,0.931984901,0.911231041,0.675408363,0.950554848,1.13124561,1.21139526,1.28565025,1.36826515,1.15264225,1.10826778,1.18296719,0.923571587,0.778347015,1.08267879,1.13070107,1.00110722,0.959044456,2.43606853,3.26793718,1.05676937,0.786808014,0.861012459,0.885147095,1.37480831,0.622198105,0.719770432,0.751737595,0.666604996,0.965314865,1.64062119,0.976808548,1.11259842,1.04111576,0.961195946,1.13536453,1.95429945,0.942476273,0.990815163,1.09319592,1.27176094,1.35667801,1.40680408,1.58609676,2.64714241,2.54590893,0.323402405,0.819839478,0.649766922,0.705853462,0.792862892,0.843466759,1.02735901,1.04872227,1.18268108,1.12082672,1.53386402,0.890851974,0.663796425,0.749704361,0.381705284,0.351331711,0.755656242,0.341500282,0.277935028,0.307538033,0.142870903,0.162884712,0.0074968338,-0.0525312424,-0.00923442841,-0.102690697,0.0513648987,-0.0996894836,-0.143845558,-0.0831756592,0.175811768,-0.075003624,-0.130543709
2026-08-22T12:15:40.617+00:00	324.172	QUALITY protocol=asd-quality-v1.5.0 phase=CAL_SUMMARY result=OBSERVED loo_mean=211.891449 loo_sd=64.629852 loo_cv=0.305014 loo_range=219.596405 loo_gate=pending_normal_only
2026-08-22T12:15:40.622+00:00	324.172	I (324134) psdlive: --- kalibracija gotova (centar zamrznut) ---
2026-08-22T12:15:40.629+00:00	324.188	I (324134) psdlive: LOO score: mean=211.89 sd=64.63 min=112.96 max=332.56
2026-08-22T12:15:40.637+00:00	324.188	I (324144) psdlive: referentni nivo masine: -47.58 dBFS (gate prisustva -58.58 dBFS)
2026-08-22T12:15:40.644+00:00	324.203	LOOALL 225.558 332.557 112.961 277.995 204.814 239.524 130.654 220.185 186.625 188.040
2026-08-22T12:15:45.119+00:00	328.672	FLAGS protocol=asd-quality-v1.5.0 mode=LEARNING state=NO_MACHINE waiting=0 learning=1 learned=0 anomaly=0 hold=0 fault=0 green=blink_5hz red=off guided25_available=1 workflow_pending=DEFAULT research_telemetry=1 profile_persistence_allowed=0 dropped=0
2026-08-22T12:15:49.959+00:00	333.516	COMMISSION protocol=asd-quality-v1.5.0 policy=asd-commissioning-policy-v1.0.0-development developmental=1 action=WINDOW phase=COMMISSION_DERIVE index=1 total=44 result=NONE score_valid=1 score=275.288086 level_dbfs=-46.4337845 tonalness_proxy=3.15384579 feature_drift=0
2026-08-22T12:15:50.129+00:00	333.688	FLAGS protocol=asd-quality-v1.5.0 mode=LEARNING state=NO_MACHINE waiting=0 learning=1 learned=0 anomaly=0 hold=0 fault=0 green=blink_5hz red=off guided25_available=1 workflow_pending=DEFAULT research_telemetry=1 profile_persistence_allowed=0 dropped=0
2026-08-22T12:15:55.138+00:00	338.688	FLAGS protocol=asd-quality-v1.5.0 mode=LEARNING state=NO_MACHINE waiting=0 learning=1 learned=0 anomaly=0 hold=0 fault=0 green=blink_5hz red=off guided25_available=1 workflow_pending=DEFAULT research_telemetry=1 profile_persistence_allowed=0 dropped=0
2026-08-22T12:15:59.932+00:00	343.485	COMMISSION protocol=asd-quality-v1.5.0 policy=asd-commissioning-policy-v1.0.0-development developmental=1 action=WINDOW phase=COMMISSION_DERIVE index=2 total=44 result=NONE score_valid=1 score=387.582611 level_dbfs=-46.4348068 tonalness_proxy=3.18121767 feature_drift=0
2026-08-22T12:16:00.149+00:00	343.703	FLAGS protocol=asd-quality-v1.5.0 mode=LEARNING state=NO_MACHINE waiting=0 learning=1 learned=0 anomaly=0 hold=0 fault=0 green=blink_5hz red=off guided25_available=1 workflow_pending=DEFAULT research_telemetry=1 profile_persistence_allowed=0 dropped=0
2026-08-22T12:16:05.159+00:00	348.719	FLAGS protocol=asd-quality-v1.5.0 mode=LEARNING state=NO_MACHINE waiting=0 learning=1 learned=0 anomaly=0 hold=0 fault=0 green=blink_5hz red=off guided25_available=1 workflow_pending=DEFAULT research_telemetry=1 profile_persistence_allowed=0 dropped=0
2026-08-22T12:16:09.907+00:00	353.469	COMMISSION protocol=asd-quality-v1.5.0 policy=asd-commissioning-policy-v1.0.0-development developmental=1 action=WINDOW phase=COMMISSION_DERIVE index=3 total=44 result=NONE score_valid=1 score=718.070496 level_dbfs=-46.6429939 tonalness_proxy=3.18898964 feature_drift=0
2026-08-22T12:16:10.170+00:00	353.719	FLAGS protocol=asd-quality-v1.5.0 mode=LEARNING state=NO_MACHINE waiting=0 learning=1 learned=0 anomaly=0 hold=0 fault=0 green=blink_5hz red=off guided25_available=1 workflow_pending=DEFAULT research_telemetry=1 profile_persistence_allowed=0 dropped=0
2026-08-22T12:16:15.179+00:00	358.735	FLAGS protocol=asd-quality-v1.5.0 mode=LEARNING state=NO_MACHINE waiting=0 learning=1 learned=0 anomaly=0 hold=0 fault=0 green=blink_5hz red=off guided25_available=1 workflow_pending=DEFAULT research_telemetry=1 profile_persistence_allowed=0 dropped=0
2026-08-22T12:16:19.884+00:00	363.438	COMMISSION protocol=asd-quality-v1.5.0 policy=asd-commissioning-policy-v1.0.0-development developmental=1 action=WINDOW phase=COMMISSION_DERIVE index=4 total=44 result=NONE score_valid=1 score=280.510284 level_dbfs=-46.6654434 tonalness_proxy=3.14381599 feature_drift=0
2026-08-22T12:16:20.189+00:00	363.750	FLAGS protocol=asd-quality-v1.5.0 mode=LEARNING state=NO_MACHINE waiting=0 learning=1 learned=0 anomaly=0 hold=0 fault=0 green=blink_5hz red=off guided25_available=1 workflow_pending=DEFAULT research_telemetry=1 profile_persistence_allowed=0 dropped=0
2026-08-22T12:16:25.199+00:00	368.750	FLAGS protocol=asd-quality-v1.5.0 mode=LEARNING state=NO_MACHINE waiting=0 learning=1 learned=0 anomaly=0 hold=0 fault=0 green=blink_5hz red=off guided25_available=1 workflow_pending=DEFAULT research_telemetry=1 profile_persistence_allowed=0 dropped=0
2026-08-22T12:16:29.857+00:00	373.407	COMMISSION protocol=asd-quality-v1.5.0 policy=asd-commissioning-policy-v1.0.0-development developmental=1 action=WINDOW phase=COMMISSION_DERIVE index=5 total=44 result=NONE score_valid=1 score=1359.8446 level_dbfs=-46.7597771 tonalness_proxy=3.13658476 feature_drift=0
2026-08-22T12:16:30.210+00:00	373.766	FLAGS protocol=asd-quality-v1.5.0 mode=LEARNING state=NO_MACHINE waiting=0 learning=1 learned=0 anomaly=0 hold=0 fault=0 green=blink_5hz red=off guided25_available=1 workflow_pending=DEFAULT research_telemetry=1 profile_persistence_allowed=0 dropped=0
2026-08-22T12:16:35.219+00:00	378.782	FLAGS protocol=asd-quality-v1.5.0 mode=LEARNING state=NO_MACHINE waiting=0 learning=1 learned=0 anomaly=0 hold=0 fault=0 green=blink_5hz red=off guided25_available=1 workflow_pending=DEFAULT research_telemetry=1 profile_persistence_allowed=0 dropped=0
2026-08-22T12:16:39.831+00:00	383.391	COMMISSION protocol=asd-quality-v1.5.0 policy=asd-commissioning-policy-v1.0.0-development developmental=1 action=WINDOW phase=COMMISSION_DERIVE index=6 total=44 result=NONE score_valid=1 score=3533.94653 level_dbfs=-47.1729355 tonalness_proxy=3.14130116 feature_drift=0
2026-08-22T12:16:40.230+00:00	383.782	FLAGS protocol=asd-quality-v1.5.0 mode=LEARNING state=NO_MACHINE waiting=0 learning=1 learned=0 anomaly=0 hold=0 fault=0 green=blink_5hz red=off guided25_available=1 workflow_pending=DEFAULT research_telemetry=1 profile_persistence_allowed=0 dropped=0
2026-08-22T12:16:45.239+00:00	388.797	FLAGS protocol=asd-quality-v1.5.0 mode=LEARNING state=NO_MACHINE waiting=0 learning=1 learned=0 anomaly=0 hold=0 fault=0 green=blink_5hz red=off guided25_available=1 workflow_pending=DEFAULT research_telemetry=1 profile_persistence_allowed=0 dropped=0
2026-08-22T12:16:49.805+00:00	393.360	COMMISSION protocol=asd-quality-v1.5.0 policy=asd-commissioning-policy-v1.0.0-development developmental=1 action=WINDOW phase=COMMISSION_DERIVE index=7 total=44 result=NONE score_valid=1 score=4374.05859 level_dbfs=-47.8648148 tonalness_proxy=3.10740662 feature_drift=0
2026-08-22T12:16:50.249+00:00	393.797	FLAGS protocol=asd-quality-v1.5.0 mode=LEARNING state=NO_MACHINE waiting=0 learning=1 learned=0 anomaly=0 hold=0 fault=0 green=blink_5hz red=off guided25_available=1 workflow_pending=DEFAULT research_telemetry=1 profile_persistence_allowed=0 dropped=0
2026-08-22T12:16:55.262+00:00	398.813	FLAGS protocol=asd-quality-v1.5.0 mode=LEARNING state=NO_MACHINE waiting=0 learning=1 learned=0 anomaly=0 hold=0 fault=0 green=blink_5hz red=off guided25_available=1 workflow_pending=DEFAULT research_telemetry=1 profile_persistence_allowed=0 dropped=0
2026-08-22T12:16:59.842+00:00	403.391	COMMISSION protocol=asd-quality-v1.5.0 policy=asd-commissioning-policy-v1.0.0-development developmental=1 action=WINDOW phase=COMMISSION_DERIVE index=8 total=44 result=NONE score_valid=1 score=3430.1355 level_dbfs=-47.3897018 tonalness_proxy=3.16411018 feature_drift=0
2026-08-22T12:17:00.269+00:00	403.828	FLAGS protocol=asd-quality-v1.5.0 mode=LEARNING state=NO_MACHINE waiting=0 learning=1 learned=0 anomaly=0 hold=0 fault=0 green=blink_5hz red=off guided25_available=1 workflow_pending=DEFAULT research_telemetry=1 profile_persistence_allowed=0 dropped=0
2026-08-22T12:17:05.279+00:00	408.828	FLAGS protocol=asd-quality-v1.5.0 mode=LEARNING state=NO_MACHINE waiting=0 learning=1 learned=0 anomaly=0 hold=0 fault=0 green=blink_5hz red=off guided25_available=1 workflow_pending=DEFAULT research_telemetry=1 profile_persistence_allowed=0 dropped=0
2026-08-22T12:17:09.817+00:00	413.375	COMMISSION protocol=asd-quality-v1.5.0 policy=asd-commissioning-policy-v1.0.0-development developmental=1 action=WINDOW phase=COMMISSION_DERIVE index=9 total=44 result=NONE score_valid=1 score=3468.70264 level_dbfs=-46.1618881 tonalness_proxy=3.16539669 feature_drift=0
2026-08-22T12:17:10.289+00:00	413.844	FLAGS protocol=asd-quality-v1.5.0 mode=LEARNING state=NO_MACHINE waiting=0 learning=1 learned=0 anomaly=0 hold=0 fault=0 green=blink_5hz red=off guided25_available=1 workflow_pending=DEFAULT research_telemetry=1 profile_persistence_allowed=0 dropped=0
2026-08-22T12:17:15.299+00:00	418.860	FLAGS protocol=asd-quality-v1.5.0 mode=LEARNING state=NO_MACHINE waiting=0 learning=1 learned=0 anomaly=0 hold=0 fault=0 green=blink_5hz red=off guided25_available=1 workflow_pending=DEFAULT research_telemetry=1 profile_persistence_allowed=0 dropped=0
2026-08-22T12:17:19.790+00:00	423.344	COMMISSION protocol=asd-quality-v1.5.0 policy=asd-commissioning-policy-v1.0.0-development developmental=1 action=WINDOW phase=COMMISSION_DERIVE index=10 total=44 result=NONE score_valid=1 score=3430.2915 level_dbfs=-45.8241348 tonalness_proxy=3.18673468 feature_drift=0
2026-08-22T12:17:20.309+00:00	423.860	FLAGS protocol=asd-quality-v1.5.0 mode=LEARNING state=NO_MACHINE waiting=0 learning=1 learned=0 anomaly=0 hold=0 fault=0 green=blink_5hz red=off guided25_available=1 workflow_pending=DEFAULT research_telemetry=1 profile_persistence_allowed=0 dropped=0
2026-08-22T12:17:25.319+00:00	428.875	FLAGS protocol=asd-quality-v1.5.0 mode=LEARNING state=NO_MACHINE waiting=0 learning=1 learned=0 anomaly=0 hold=0 fault=0 green=blink_5hz red=off guided25_available=1 workflow_pending=DEFAULT research_telemetry=1 profile_persistence_allowed=0 dropped=0
2026-08-22T12:17:29.765+00:00	433.313	COMMISSION protocol=asd-quality-v1.5.0 policy=asd-commissioning-policy-v1.0.0-development developmental=1 action=WINDOW phase=COMMISSION_DERIVE index=11 total=44 result=NONE score_valid=1 score=3520.65625 level_dbfs=-46.5819168 tonalness_proxy=3.19090462 feature_drift=0
2026-08-22T12:17:30.329+00:00	433.891	FLAGS protocol=asd-quality-v1.5.0 mode=LEARNING state=NO_MACHINE waiting=0 learning=1 learned=0 anomaly=0 hold=0 fault=0 green=blink_5hz red=off guided25_available=1 workflow_pending=DEFAULT research_telemetry=1 profile_persistence_allowed=0 dropped=0
2026-08-22T12:17:35.341+00:00	438.891	FLAGS protocol=asd-quality-v1.5.0 mode=LEARNING state=NO_MACHINE waiting=0 learning=1 learned=0 anomaly=0 hold=0 fault=0 green=blink_5hz red=off guided25_available=1 workflow_pending=DEFAULT research_telemetry=1 profile_persistence_allowed=0 dropped=0
2026-08-22T12:17:39.739+00:00	443.297	COMMISSION protocol=asd-quality-v1.5.0 policy=asd-commissioning-policy-v1.0.0-development developmental=1 action=WINDOW phase=COMMISSION_DERIVE index=12 total=44 result=NONE score_valid=1 score=3168.91504 level_dbfs=-46.5333939 tonalness_proxy=3.16157579 feature_drift=0
2026-08-22T12:17:40.350+00:00	443.907	FLAGS protocol=asd-quality-v1.5.0 mode=LEARNING state=NO_MACHINE waiting=0 learning=1 learned=0 anomaly=0 hold=0 fault=0 green=blink_5hz red=off guided25_available=1 workflow_pending=DEFAULT research_telemetry=1 profile_persistence_allowed=0 dropped=0
2026-08-22T12:17:45.361+00:00	448.922	FLAGS protocol=asd-quality-v1.5.0 mode=LEARNING state=NO_MACHINE waiting=0 learning=1 learned=0 anomaly=0 hold=0 fault=0 green=blink_5hz red=off guided25_available=1 workflow_pending=DEFAULT research_telemetry=1 profile_persistence_allowed=0 dropped=0
2026-08-22T12:17:49.714+00:00	453.266	COMMISSION protocol=asd-quality-v1.5.0 policy=asd-commissioning-policy-v1.0.0-development developmental=1 action=WINDOW phase=COMMISSION_DERIVE index=13 total=44 result=NONE score_valid=1 score=2425.6499 level_dbfs=-47.6012268 tonalness_proxy=3.06271791 feature_drift=0
2026-08-22T12:17:50.370+00:00	453.922	FLAGS protocol=asd-quality-v1.5.0 mode=LEARNING state=NO_MACHINE waiting=0 learning=1 learned=0 anomaly=0 hold=0 fault=0 green=blink_5hz red=off guided25_available=1 workflow_pending=DEFAULT research_telemetry=1 profile_persistence_allowed=0 dropped=0
2026-08-22T12:17:55.378+00:00	458.938	FLAGS protocol=asd-quality-v1.5.0 mode=LEARNING state=NO_MACHINE waiting=0 learning=1 learned=0 anomaly=0 hold=0 fault=0 green=blink_5hz red=off guided25_available=1 workflow_pending=DEFAULT research_telemetry=1 profile_persistence_allowed=0 dropped=0
2026-08-22T12:17:59.751+00:00	463.313	COMMISSION protocol=asd-quality-v1.5.0 policy=asd-commissioning-policy-v1.0.0-development developmental=1 action=WINDOW phase=COMMISSION_DERIVE index=14 total=44 result=NONE score_valid=1 score=206.540192 level_dbfs=-48.3262405 tonalness_proxy=3.1930294 feature_drift=0
2026-08-22T12:18:00.389+00:00	463.938	FLAGS protocol=asd-quality-v1.5.0 mode=LEARNING state=NO_MACHINE waiting=0 learning=1 learned=0 anomaly=0 hold=0 fault=0 green=blink_5hz red=off guided25_available=1 workflow_pending=DEFAULT research_telemetry=1 profile_persistence_allowed=0 dropped=0
2026-08-22T12:18:05.400+00:00	468.953	FLAGS protocol=asd-quality-v1.5.0 mode=LEARNING state=NO_MACHINE waiting=0 learning=1 learned=0 anomaly=0 hold=0 fault=0 green=blink_5hz red=off guided25_available=1 workflow_pending=DEFAULT research_telemetry=1 profile_persistence_allowed=0 dropped=0
2026-08-22T12:18:09.726+00:00	473.282	COMMISSION protocol=asd-quality-v1.5.0 policy=asd-commissioning-policy-v1.0.0-development developmental=1 action=WINDOW phase=COMMISSION_DERIVE index=15 total=44 result=NONE score_valid=1 score=589.837219 level_dbfs=-47.4410248 tonalness_proxy=3.16782761 feature_drift=0
2026-08-22T12:18:10.408+00:00	473.969	FLAGS protocol=asd-quality-v1.5.0 mode=LEARNING state=NO_MACHINE waiting=0 learning=1 learned=0 anomaly=0 hold=0 fault=0 green=blink_5hz red=off guided25_available=1 workflow_pending=DEFAULT research_telemetry=1 profile_persistence_allowed=0 dropped=0
2026-08-22T12:18:15.419+00:00	478.969	FLAGS protocol=asd-quality-v1.5.0 mode=LEARNING state=NO_MACHINE waiting=0 learning=1 learned=0 anomaly=0 hold=0 fault=0 green=blink_5hz red=off guided25_available=1 workflow_pending=DEFAULT research_telemetry=1 profile_persistence_allowed=0 dropped=0
2026-08-22T12:18:19.699+00:00	483.250	COMMISSION protocol=asd-quality-v1.5.0 policy=asd-commissioning-policy-v1.0.0-development developmental=1 action=WINDOW phase=COMMISSION_DERIVE index=16 total=44 result=NONE score_valid=1 score=241.969131 level_dbfs=-47.2176208 tonalness_proxy=3.22955418 feature_drift=0
2026-08-22T12:18:20.430+00:00	483.985	FLAGS protocol=asd-quality-v1.5.0 mode=LEARNING state=NO_MACHINE waiting=0 learning=1 learned=0 anomaly=0 hold=0 fault=0 green=blink_5hz red=off guided25_available=1 workflow_pending=DEFAULT research_telemetry=1 profile_persistence_allowed=0 dropped=0
2026-08-22T12:18:25.439+00:00	489.000	FLAGS protocol=asd-quality-v1.5.0 mode=LEARNING state=NO_MACHINE waiting=0 learning=1 learned=0 anomaly=0 hold=0 fault=0 green=blink_5hz red=off guided25_available=1 workflow_pending=DEFAULT research_telemetry=1 profile_persistence_allowed=0 dropped=0
2026-08-22T12:18:29.675+00:00	493.235	COMMISSION protocol=asd-quality-v1.5.0 policy=asd-commissioning-policy-v1.0.0-development developmental=1 action=WINDOW phase=COMMISSION_DERIVE index=17 total=44 result=NONE score_valid=1 score=299.491852 level_dbfs=-47.5541344 tonalness_proxy=3.25107241 feature_drift=0
2026-08-22T12:18:30.451+00:00	494.000	FLAGS protocol=asd-quality-v1.5.0 mode=LEARNING state=NO_MACHINE waiting=0 learning=1 learned=0 anomaly=0 hold=0 fault=0 green=blink_5hz red=off guided25_available=1 workflow_pending=DEFAULT research_telemetry=1 profile_persistence_allowed=0 dropped=0
2026-08-22T12:18:35.462+00:00	499.016	FLAGS protocol=asd-quality-v1.5.0 mode=LEARNING state=NO_MACHINE waiting=0 learning=1 learned=0 anomaly=0 hold=0 fault=0 green=blink_5hz red=off guided25_available=1 workflow_pending=DEFAULT research_telemetry=1 profile_persistence_allowed=0 dropped=0
2026-08-22T12:18:39.648+00:00	503.203	COMMISSION protocol=asd-quality-v1.5.0 policy=asd-commissioning-policy-v1.0.0-development developmental=1 action=WINDOW phase=COMMISSION_DERIVE index=18 total=44 result=NONE score_valid=1 score=157.998138 level_dbfs=-47.3364258 tonalness_proxy=3.23279715 feature_drift=0
2026-08-22T12:18:40.469+00:00	504.032	FLAGS protocol=asd-quality-v1.5.0 mode=LEARNING state=NO_MACHINE waiting=0 learning=1 learned=0 anomaly=0 hold=0 fault=0 green=blink_5hz red=off guided25_available=1 workflow_pending=DEFAULT research_telemetry=1 profile_persistence_allowed=0 dropped=0
2026-08-22T12:18:45.479+00:00	509.032	FLAGS protocol=asd-quality-v1.5.0 mode=LEARNING state=NO_MACHINE waiting=0 learning=1 learned=0 anomaly=0 hold=0 fault=0 green=blink_5hz red=off guided25_available=1 workflow_pending=DEFAULT research_telemetry=1 profile_persistence_allowed=0 dropped=0
2026-08-22T12:18:49.623+00:00	513.172	COMMISSION protocol=asd-quality-v1.5.0 policy=asd-commissioning-policy-v1.0.0-development developmental=1 action=WINDOW phase=COMMISSION_DERIVE index=19 total=44 result=NONE score_valid=1 score=186.374481 level_dbfs=-46.8634071 tonalness_proxy=3.19228554 feature_drift=0
2026-08-22T12:18:50.490+00:00	514.047	FLAGS protocol=asd-quality-v1.5.0 mode=LEARNING state=NO_MACHINE waiting=0 learning=1 learned=0 anomaly=0 hold=0 fault=0 green=blink_5hz red=off guided25_available=1 workflow_pending=DEFAULT research_telemetry=1 profile_persistence_allowed=0 dropped=0
2026-08-22T12:18:55.499+00:00	519.047	FLAGS protocol=asd-quality-v1.5.0 mode=LEARNING state=NO_MACHINE waiting=0 learning=1 learned=0 anomaly=0 hold=0 fault=0 green=blink_5hz red=off guided25_available=1 workflow_pending=DEFAULT research_telemetry=1 profile_persistence_allowed=0 dropped=0
2026-08-22T12:18:59.597+00:00	523.157	COMMISSION protocol=asd-quality-v1.5.0 policy=asd-commissioning-policy-v1.0.0-development developmental=1 action=WINDOW phase=COMMISSION_DERIVE index=20 total=44 result=NONE score_valid=1 score=270.462128 level_dbfs=-46.8099976 tonalness_proxy=3.19537687 feature_drift=0
2026-08-22T12:19:00.511+00:00	524.063	FLAGS protocol=asd-quality-v1.5.0 mode=LEARNING state=NO_MACHINE waiting=0 learning=1 learned=0 anomaly=0 hold=0 fault=0 green=blink_5hz red=off guided25_available=1 workflow_pending=DEFAULT research_telemetry=1 profile_persistence_allowed=0 dropped=0
2026-08-22T12:19:05.520+00:00	529.078	FLAGS protocol=asd-quality-v1.5.0 mode=LEARNING state=NO_MACHINE waiting=0 learning=1 learned=0 anomaly=0 hold=0 fault=0 green=blink_5hz red=off guided25_available=1 workflow_pending=DEFAULT research_telemetry=1 profile_persistence_allowed=0 dropped=0
2026-08-22T12:19:09.636+00:00	533.188	COMMISSION protocol=asd-quality-v1.5.0 policy=asd-commissioning-policy-v1.0.0-development developmental=1 action=WINDOW phase=COMMISSION_DERIVE index=21 total=44 result=NONE score_valid=1 score=223.31456 level_dbfs=-46.8351021 tonalness_proxy=3.17564917 feature_drift=0
2026-08-22T12:19:10.529+00:00	534.078	FLAGS protocol=asd-quality-v1.5.0 mode=LEARNING state=NO_MACHINE waiting=0 learning=1 learned=0 anomaly=0 hold=0 fault=0 green=blink_5hz red=off guided25_available=1 workflow_pending=DEFAULT research_telemetry=1 profile_persistence_allowed=0 dropped=0
2026-08-22T12:19:15.542+00:00	539.094	FLAGS protocol=asd-quality-v1.5.0 mode=LEARNING state=NO_MACHINE waiting=0 learning=1 learned=0 anomaly=0 hold=0 fault=0 green=blink_5hz red=off guided25_available=1 workflow_pending=DEFAULT research_telemetry=1 profile_persistence_allowed=0 dropped=0
2026-08-22T12:19:19.611+00:00	543.172	COMMISSION protocol=asd-quality-v1.5.0 policy=asd-commissioning-policy-v1.0.0-development developmental=1 action=WINDOW phase=COMMISSION_DERIVE index=22 total=44 result=NONE score_valid=1 score=136.71228 level_dbfs=-47.0640717 tonalness_proxy=3.20986223 feature_drift=0
2026-08-22T12:19:20.550+00:00	544.110	FLAGS protocol=asd-quality-v1.5.0 mode=LEARNING state=NO_MACHINE waiting=0 learning=1 learned=0 anomaly=0 hold=0 fault=0 green=blink_5hz red=off guided25_available=1 workflow_pending=DEFAULT research_telemetry=1 profile_persistence_allowed=0 dropped=0
2026-08-22T12:19:25.560+00:00	549.110	FLAGS protocol=asd-quality-v1.5.0 mode=LEARNING state=NO_MACHINE waiting=0 learning=1 learned=0 anomaly=0 hold=0 fault=0 green=blink_5hz red=off guided25_available=1 workflow_pending=DEFAULT research_telemetry=1 profile_persistence_allowed=0 dropped=0
2026-08-22T12:19:29.585+00:00	553.141	COMMISSION protocol=asd-quality-v1.5.0 policy=asd-commissioning-policy-v1.0.0-development developmental=1 action=WINDOW phase=COMMISSION_DERIVE index=23 total=44 result=NONE score_valid=1 score=110.54319 level_dbfs=-47.3114014 tonalness_proxy=3.20496178 feature_drift=0
2026-08-22T12:19:30.572+00:00	554.125	FLAGS protocol=asd-quality-v1.5.0 mode=LEARNING state=NO_MACHINE waiting=0 learning=1 learned=0 anomaly=0 hold=0 fault=0 green=blink_5hz red=off guided25_available=1 workflow_pending=DEFAULT research_telemetry=1 profile_persistence_allowed=0 dropped=0
2026-08-22T12:19:35.581+00:00	559.141	FLAGS protocol=asd-quality-v1.5.0 mode=LEARNING state=NO_MACHINE waiting=0 learning=1 learned=0 anomaly=0 hold=0 fault=0 green=blink_5hz red=off guided25_available=1 workflow_pending=DEFAULT research_telemetry=1 profile_persistence_allowed=0 dropped=0
2026-08-22T12:19:39.560+00:00	563.110	COMMISSION protocol=asd-quality-v1.5.0 policy=asd-commissioning-policy-v1.0.0-development developmental=1 action=WINDOW phase=COMMISSION_DERIVE index=24 total=44 result=NONE score_valid=1 score=234.653931 level_dbfs=-47.5540237 tonalness_proxy=3.16407776 feature_drift=0
2026-08-22T12:19:40.589+00:00	564.141	FLAGS protocol=asd-quality-v1.5.0 mode=LEARNING state=NO_MACHINE waiting=0 learning=1 learned=0 anomaly=0 hold=0 fault=0 green=blink_5hz red=off guided25_available=1 workflow_pending=DEFAULT research_telemetry=1 profile_persistence_allowed=0 dropped=0
2026-08-22T12:19:45.601+00:00	569.157	FLAGS protocol=asd-quality-v1.5.0 mode=LEARNING state=NO_MACHINE waiting=0 learning=1 learned=0 anomaly=0 hold=0 fault=0 green=blink_5hz red=off guided25_available=1 workflow_pending=DEFAULT research_telemetry=1 profile_persistence_allowed=0 dropped=0
2026-08-22T12:19:49.534+00:00	573.094	COMMISSION protocol=asd-quality-v1.5.0 policy=asd-commissioning-policy-v1.0.0-development developmental=1 action=WINDOW phase=COMMISSION_DERIVE index=25 total=44 result=NONE score_valid=1 score=1299.78406 level_dbfs=-47.3440933 tonalness_proxy=3.13664961 feature_drift=0
2026-08-22T12:19:50.610+00:00	574.172	FLAGS protocol=asd-quality-v1.5.0 mode=LEARNING state=NO_MACHINE waiting=0 learning=1 learned=0 anomaly=0 hold=0 fault=0 green=blink_5hz red=off guided25_available=1 workflow_pending=DEFAULT research_telemetry=1 profile_persistence_allowed=0 dropped=0
2026-08-22T12:19:55.619+00:00	579.172	FLAGS protocol=asd-quality-v1.5.0 mode=LEARNING state=NO_MACHINE waiting=0 learning=1 learned=0 anomaly=0 hold=0 fault=0 green=blink_5hz red=off guided25_available=1 workflow_pending=DEFAULT research_telemetry=1 profile_persistence_allowed=0 dropped=0
2026-08-22T12:19:59.510+00:00	583.063	COMMISSION protocol=asd-quality-v1.5.0 policy=asd-commissioning-policy-v1.0.0-development developmental=1 action=WINDOW phase=COMMISSION_DERIVE index=26 total=44 result=NONE score_valid=1 score=236.474243 level_dbfs=-47.2962189 tonalness_proxy=3.2177825 feature_drift=0
2026-08-22T12:20:00.631+00:00	584.188	FLAGS protocol=asd-quality-v1.5.0 mode=LEARNING state=NO_MACHINE waiting=0 learning=1 learned=0 anomaly=0 hold=0 fault=0 green=blink_5hz red=off guided25_available=1 workflow_pending=DEFAULT research_telemetry=1 profile_persistence_allowed=0 dropped=0
2026-08-22T12:20:05.639+00:00	589.188	FLAGS protocol=asd-quality-v1.5.0 mode=LEARNING state=NO_MACHINE waiting=0 learning=1 learned=0 anomaly=0 hold=0 fault=0 green=blink_5hz red=off guided25_available=1 workflow_pending=DEFAULT research_telemetry=1 profile_persistence_allowed=0 dropped=0
2026-08-22T12:20:09.545+00:00	593.094	COMMISSION protocol=asd-quality-v1.5.0 policy=asd-commissioning-policy-v1.0.0-development developmental=1 action=WINDOW phase=COMMISSION_DERIVE index=27 total=44 result=NONE score_valid=1 score=197.001175 level_dbfs=-47.0128632 tonalness_proxy=3.19151926 feature_drift=0
2026-08-22T12:20:10.649+00:00	594.203	FLAGS protocol=asd-quality-v1.5.0 mode=LEARNING state=NO_MACHINE waiting=0 learning=1 learned=0 anomaly=0 hold=0 fault=0 green=blink_5hz red=off guided25_available=1 workflow_pending=DEFAULT research_telemetry=1 profile_persistence_allowed=0 dropped=0
2026-08-22T12:20:15.661+00:00	599.219	FLAGS protocol=asd-quality-v1.5.0 mode=LEARNING state=NO_MACHINE waiting=0 learning=1 learned=0 anomaly=0 hold=0 fault=0 green=blink_5hz red=off guided25_available=1 workflow_pending=DEFAULT research_telemetry=1 profile_persistence_allowed=0 dropped=0
2026-08-22T12:20:19.519+00:00	603.078	COMMISSION protocol=asd-quality-v1.5.0 policy=asd-commissioning-policy-v1.0.0-development developmental=1 action=WINDOW phase=COMMISSION_DERIVE index=28 total=44 result=NONE score_valid=1 score=214.990402 level_dbfs=-47.3569908 tonalness_proxy=3.21168709 feature_drift=0
2026-08-22T12:20:20.670+00:00	604.219	FLAGS protocol=asd-quality-v1.5.0 mode=LEARNING state=NO_MACHINE waiting=0 learning=1 learned=0 anomaly=0 hold=0 fault=0 green=blink_5hz red=off guided25_available=1 workflow_pending=DEFAULT research_telemetry=1 profile_persistence_allowed=0 dropped=0
2026-08-22T12:20:25.679+00:00	609.235	FLAGS protocol=asd-quality-v1.5.0 mode=LEARNING state=NO_MACHINE waiting=0 learning=1 learned=0 anomaly=0 hold=0 fault=0 green=blink_5hz red=off guided25_available=1 workflow_pending=DEFAULT research_telemetry=1 profile_persistence_allowed=0 dropped=0
2026-08-22T12:20:29.494+00:00	613.047	COMMISSION protocol=asd-quality-v1.5.0 policy=asd-commissioning-policy-v1.0.0-development developmental=1 action=WINDOW phase=COMMISSION_DERIVE index=29 total=44 result=NONE score_valid=1 score=691.112305 level_dbfs=-46.4659424 tonalness_proxy=3.19118023 feature_drift=0
2026-08-22T12:20:30.689+00:00	614.250	FLAGS protocol=asd-quality-v1.5.0 mode=LEARNING state=NO_MACHINE waiting=0 learning=1 learned=0 anomaly=0 hold=0 fault=0 green=blink_5hz red=off guided25_available=1 workflow_pending=DEFAULT research_telemetry=1 profile_persistence_allowed=0 dropped=0
2026-08-22T12:20:35.700+00:00	619.250	FLAGS protocol=asd-quality-v1.5.0 mode=LEARNING state=NO_MACHINE waiting=0 learning=1 learned=0 anomaly=0 hold=0 fault=0 green=blink_5hz red=off guided25_available=1 workflow_pending=DEFAULT research_telemetry=1 profile_persistence_allowed=0 dropped=0
2026-08-22T12:20:39.467+00:00	623.016	COMMISSION protocol=asd-quality-v1.5.0 policy=asd-commissioning-policy-v1.0.0-development developmental=1 action=WINDOW phase=COMMISSION_DERIVE index=30 total=44 result=NONE score_valid=1 score=242.642258 level_dbfs=-47.0441399 tonalness_proxy=3.1641264 feature_drift=0
2026-08-22T12:20:40.710+00:00	624.266	FLAGS protocol=asd-quality-v1.5.0 mode=LEARNING state=NO_MACHINE waiting=0 learning=1 learned=0 anomaly=0 hold=0 fault=0 green=blink_5hz red=off guided25_available=1 workflow_pending=DEFAULT research_telemetry=1 profile_persistence_allowed=0 dropped=0
2026-08-22T12:20:45.719+00:00	629.282	FLAGS protocol=asd-quality-v1.5.0 mode=LEARNING state=NO_MACHINE waiting=0 learning=1 learned=0 anomaly=0 hold=0 fault=0 green=blink_5hz red=off guided25_available=1 workflow_pending=DEFAULT research_telemetry=1 profile_persistence_allowed=0 dropped=0
2026-08-22T12:20:49.441+00:00	633.000	COMMISSION protocol=asd-quality-v1.5.0 policy=asd-commissioning-policy-v1.0.0-development developmental=1 action=WINDOW phase=COMMISSION_DERIVE index=31 total=44 result=NONE score_valid=1 score=211.727524 level_dbfs=-47.5616989 tonalness_proxy=3.2102108 feature_drift=0
2026-08-22T12:20:50.730+00:00	634.282	FLAGS protocol=asd-quality-v1.5.0 mode=LEARNING state=NO_MACHINE waiting=0 learning=1 learned=0 anomaly=0 hold=0 fault=0 green=blink_5hz red=off guided25_available=1 workflow_pending=DEFAULT research_telemetry=1 profile_persistence_allowed=0 dropped=0
2026-08-22T12:20:55.740+00:00	639.297	FLAGS protocol=asd-quality-v1.5.0 mode=LEARNING state=NO_MACHINE waiting=0 learning=1 learned=0 anomaly=0 hold=0 fault=0 green=blink_5hz red=off guided25_available=1 workflow_pending=DEFAULT research_telemetry=1 profile_persistence_allowed=0 dropped=0
2026-08-22T12:20:59.416+00:00	642.969	COMMISSION protocol=asd-quality-v1.5.0 policy=asd-commissioning-policy-v1.0.0-development developmental=1 action=WINDOW phase=COMMISSION_DERIVE index=32 total=44 result=NONE score_valid=1 score=184.111938 level_dbfs=-47.0120773 tonalness_proxy=3.21297932 feature_drift=0
2026-08-22T12:21:00.749+00:00	644.297	FLAGS protocol=asd-quality-v1.5.0 mode=LEARNING state=NO_MACHINE waiting=0 learning=1 learned=0 anomaly=0 hold=0 fault=0 green=blink_5hz red=off guided25_available=1 workflow_pending=DEFAULT research_telemetry=1 profile_persistence_allowed=0 dropped=0
2026-08-22T12:21:05.761+00:00	649.313	FLAGS protocol=asd-quality-v1.5.0 mode=LEARNING state=NO_MACHINE waiting=0 learning=1 learned=0 anomaly=0 hold=0 fault=0 green=blink_5hz red=off guided25_available=1 workflow_pending=DEFAULT research_telemetry=1 profile_persistence_allowed=0 dropped=0
2026-08-22T12:21:09.390+00:00	652.938	COMMISSION protocol=asd-quality-v1.5.0 policy=asd-commissioning-policy-v1.0.0-development developmental=1 action=WINDOW phase=COMMISSION_DERIVE index=33 total=44 result=NONE score_valid=1 score=443.117249 level_dbfs=-47.0596542 tonalness_proxy=3.22346258 feature_drift=0
2026-08-22T12:21:10.772+00:00	654.328	FLAGS protocol=asd-quality-v1.5.0 mode=LEARNING state=NO_MACHINE waiting=0 learning=1 learned=0 anomaly=0 hold=0 fault=0 green=blink_5hz red=off guided25_available=1 workflow_pending=DEFAULT research_telemetry=1 profile_persistence_allowed=0 dropped=0
2026-08-22T12:21:15.779+00:00	659.328	FLAGS protocol=asd-quality-v1.5.0 mode=LEARNING state=NO_MACHINE waiting=0 learning=1 learned=0 anomaly=0 hold=0 fault=0 green=blink_5hz red=off guided25_available=1 workflow_pending=DEFAULT research_telemetry=1 profile_persistence_allowed=0 dropped=0
2026-08-22T12:21:19.428+00:00	662.985	COMMISSION protocol=asd-quality-v1.5.0 policy=asd-commissioning-policy-v1.0.0-development developmental=1 action=WINDOW phase=COMMISSION_DERIVE index=34 total=44 result=NONE score_valid=1 score=196.148621 level_dbfs=-46.9173622 tonalness_proxy=3.23757124 feature_drift=0
2026-08-22T12:21:20.789+00:00	664.344	FLAGS protocol=asd-quality-v1.5.0 mode=LEARNING state=NO_MACHINE waiting=0 learning=1 learned=0 anomaly=0 hold=0 fault=0 green=blink_5hz red=off guided25_available=1 workflow_pending=DEFAULT research_telemetry=1 profile_persistence_allowed=0 dropped=0
2026-08-22T12:21:25.799+00:00	669.360	FLAGS protocol=asd-quality-v1.5.0 mode=LEARNING state=NO_MACHINE waiting=0 learning=1 learned=0 anomaly=0 hold=0 fault=0 green=blink_5hz red=off guided25_available=1 workflow_pending=DEFAULT research_telemetry=1 profile_persistence_allowed=0 dropped=0
2026-08-22T12:21:29.403+00:00	672.953	COMMISSION protocol=asd-quality-v1.5.0 policy=asd-commissioning-policy-v1.0.0-development developmental=1 action=WINDOW phase=COMMISSION_DERIVE index=35 total=44 result=NONE score_valid=1 score=181.937653 level_dbfs=-46.6672554 tonalness_proxy=3.16680479 feature_drift=0
2026-08-22T12:21:30.810+00:00	674.360	FLAGS protocol=asd-quality-v1.5.0 mode=LEARNING state=NO_MACHINE waiting=0 learning=1 learned=0 anomaly=0 hold=0 fault=0 green=blink_5hz red=off guided25_available=1 workflow_pending=DEFAULT research_telemetry=1 profile_persistence_allowed=0 dropped=0
2026-08-22T12:21:35.820+00:00	679.375	FLAGS protocol=asd-quality-v1.5.0 mode=LEARNING state=NO_MACHINE waiting=0 learning=1 learned=0 anomaly=0 hold=0 fault=0 green=blink_5hz red=off guided25_available=1 workflow_pending=DEFAULT research_telemetry=1 profile_persistence_allowed=0 dropped=0
2026-08-22T12:21:39.378+00:00	682.938	COMMISSION protocol=asd-quality-v1.5.0 policy=asd-commissioning-policy-v1.0.0-development developmental=1 action=WINDOW phase=COMMISSION_DERIVE index=36 total=44 result=NONE score_valid=1 score=158.666733 level_dbfs=-46.4431152 tonalness_proxy=3.24331617 feature_drift=0
2026-08-22T12:21:40.830+00:00	684.391	FLAGS protocol=asd-quality-v1.5.0 mode=LEARNING state=NO_MACHINE waiting=0 learning=1 learned=0 anomaly=0 hold=0 fault=0 green=blink_5hz red=off guided25_available=1 workflow_pending=DEFAULT research_telemetry=1 profile_persistence_allowed=0 dropped=0
2026-08-22T12:21:45.839+00:00	689.391	FLAGS protocol=asd-quality-v1.5.0 mode=LEARNING state=NO_MACHINE waiting=0 learning=1 learned=0 anomaly=0 hold=0 fault=0 green=blink_5hz red=off guided25_available=1 workflow_pending=DEFAULT research_telemetry=1 profile_persistence_allowed=0 dropped=0
2026-08-22T12:21:49.352+00:00	692.907	COMMISSION protocol=asd-quality-v1.5.0 policy=asd-commissioning-policy-v1.0.0-development developmental=1 action=WINDOW phase=COMMISSION_DERIVE index=37 total=44 result=NONE score_valid=1 score=135.385971 level_dbfs=-47.0152206 tonalness_proxy=3.2185216 feature_drift=0
2026-08-22T12:21:50.850+00:00	694.407	FLAGS protocol=asd-quality-v1.5.0 mode=LEARNING state=NO_MACHINE waiting=0 learning=1 learned=0 anomaly=0 hold=0 fault=0 green=blink_5hz red=off guided25_available=1 workflow_pending=DEFAULT research_telemetry=1 profile_persistence_allowed=0 dropped=0
2026-08-22T12:21:55.861+00:00	699.422	FLAGS protocol=asd-quality-v1.5.0 mode=LEARNING state=NO_MACHINE waiting=0 learning=1 learned=0 anomaly=0 hold=0 fault=0 green=blink_5hz red=off guided25_available=1 workflow_pending=DEFAULT research_telemetry=1 profile_persistence_allowed=0 dropped=0
2026-08-22T12:21:59.326+00:00	702.875	COMMISSION protocol=asd-quality-v1.5.0 policy=asd-commissioning-policy-v1.0.0-development developmental=1 action=WINDOW phase=COMMISSION_DERIVE index=38 total=44 result=NONE score_valid=1 score=200.680054 level_dbfs=-47.1874084 tonalness_proxy=3.20108557 feature_drift=0
2026-08-22T12:22:00.869+00:00	704.422	FLAGS protocol=asd-quality-v1.5.0 mode=LEARNING state=NO_MACHINE waiting=0 learning=1 learned=0 anomaly=0 hold=0 fault=0 green=blink_5hz red=off guided25_available=1 workflow_pending=DEFAULT research_telemetry=1 profile_persistence_allowed=0 dropped=0
2026-08-22T12:22:05.881+00:00	709.438	FLAGS protocol=asd-quality-v1.5.0 mode=LEARNING state=NO_MACHINE waiting=0 learning=1 learned=0 anomaly=0 hold=0 fault=0 green=blink_5hz red=off guided25_available=1 workflow_pending=DEFAULT research_telemetry=1 profile_persistence_allowed=0 dropped=0
2026-08-22T12:22:09.301+00:00	712.860	COMMISSION protocol=asd-quality-v1.5.0 policy=asd-commissioning-policy-v1.0.0-development developmental=1 action=WINDOW phase=COMMISSION_DERIVE index=39 total=44 result=NONE score_valid=1 score=418.870972 level_dbfs=-47.2025261 tonalness_proxy=3.16395998 feature_drift=0
2026-08-22T12:22:10.891+00:00	714.453	FLAGS protocol=asd-quality-v1.5.0 mode=LEARNING state=NO_MACHINE waiting=0 learning=1 learned=0 anomaly=0 hold=0 fault=0 green=blink_5hz red=off guided25_available=1 workflow_pending=DEFAULT research_telemetry=1 profile_persistence_allowed=0 dropped=0
2026-08-22T12:22:15.899+00:00	719.453	FLAGS protocol=asd-quality-v1.5.0 mode=LEARNING state=NO_MACHINE waiting=0 learning=1 learned=0 anomaly=0 hold=0 fault=0 green=blink_5hz red=off guided25_available=1 workflow_pending=DEFAULT research_telemetry=1 profile_persistence_allowed=0 dropped=0
2026-08-22T12:22:19.337+00:00	722.891	COMMISSION protocol=asd-quality-v1.5.0 policy=asd-commissioning-policy-v1.0.0-development developmental=1 action=WINDOW phase=COMMISSION_DERIVE index=40 total=44 result=NONE score_valid=1 score=502.602386 level_dbfs=-47.2880249 tonalness_proxy=3.19627094 feature_drift=0
2026-08-22T12:22:20.910+00:00	724.469	FLAGS protocol=asd-quality-v1.5.0 mode=LEARNING state=NO_MACHINE waiting=0 learning=1 learned=0 anomaly=0 hold=0 fault=0 green=blink_5hz red=off guided25_available=1 workflow_pending=DEFAULT research_telemetry=1 profile_persistence_allowed=0 dropped=0
2026-08-22T12:22:25.919+00:00	729.469	FLAGS protocol=asd-quality-v1.5.0 mode=LEARNING state=NO_MACHINE waiting=0 learning=1 learned=0 anomaly=0 hold=0 fault=0 green=blink_5hz red=off guided25_available=1 workflow_pending=DEFAULT research_telemetry=1 profile_persistence_allowed=0 dropped=0
2026-08-22T12:22:29.312+00:00	732.860	COMMISSION protocol=asd-quality-v1.5.0 policy=asd-commissioning-policy-v1.0.0-development developmental=1 action=WINDOW phase=COMMISSION_DERIVE index=41 total=44 result=NONE score_valid=1 score=672.055481 level_dbfs=-47.0060158 tonalness_proxy=3.15534735 feature_drift=0
2026-08-22T12:22:30.929+00:00	734.485	FLAGS protocol=asd-quality-v1.5.0 mode=LEARNING state=NO_MACHINE waiting=0 learning=1 learned=0 anomaly=0 hold=0 fault=0 green=blink_5hz red=off guided25_available=1 workflow_pending=DEFAULT research_telemetry=1 profile_persistence_allowed=0 dropped=0
2026-08-22T12:22:35.940+00:00	739.500	FLAGS protocol=asd-quality-v1.5.0 mode=LEARNING state=NO_MACHINE waiting=0 learning=1 learned=0 anomaly=0 hold=0 fault=0 green=blink_5hz red=off guided25_available=1 workflow_pending=DEFAULT research_telemetry=1 profile_persistence_allowed=0 dropped=0
2026-08-22T12:22:39.286+00:00	742.844	COMMISSION protocol=asd-quality-v1.5.0 policy=asd-commissioning-policy-v1.0.0-development developmental=1 action=WINDOW phase=COMMISSION_DERIVE index=42 total=44 result=NONE score_valid=1 score=824.270508 level_dbfs=-46.4826431 tonalness_proxy=3.11175776 feature_drift=0
2026-08-22T12:22:40.950+00:00	744.500	FLAGS protocol=asd-quality-v1.5.0 mode=LEARNING state=NO_MACHINE waiting=0 learning=1 learned=0 anomaly=0 hold=0 fault=0 green=blink_5hz red=off guided25_available=1 workflow_pending=DEFAULT research_telemetry=1 profile_persistence_allowed=0 dropped=0
2026-08-22T12:22:45.960+00:00	749.516	FLAGS protocol=asd-quality-v1.5.0 mode=LEARNING state=NO_MACHINE waiting=0 learning=1 learned=0 anomaly=0 hold=0 fault=0 green=blink_5hz red=off guided25_available=1 workflow_pending=DEFAULT research_telemetry=1 profile_persistence_allowed=0 dropped=0
2026-08-22T12:22:49.261+00:00	752.813	COMMISSION protocol=asd-quality-v1.5.0 policy=asd-commissioning-policy-v1.0.0-development developmental=1 action=WINDOW phase=COMMISSION_DERIVE index=43 total=44 result=NONE score_valid=1 score=517.018799 level_dbfs=-46.4839172 tonalness_proxy=3.15373802 feature_drift=0
2026-08-22T12:22:50.970+00:00	754.532	FLAGS protocol=asd-quality-v1.5.0 mode=LEARNING state=NO_MACHINE waiting=0 learning=1 learned=0 anomaly=0 hold=0 fault=0 green=blink_5hz red=off guided25_available=1 workflow_pending=DEFAULT research_telemetry=1 profile_persistence_allowed=0 dropped=0
2026-08-22T12:22:55.980+00:00	759.532	FLAGS protocol=asd-quality-v1.5.0 mode=LEARNING state=NO_MACHINE waiting=0 learning=1 learned=0 anomaly=0 hold=0 fault=0 green=blink_5hz red=off guided25_available=1 workflow_pending=DEFAULT research_telemetry=1 profile_persistence_allowed=0 dropped=0
2026-08-22T12:22:59.235+00:00	762.797	COMMISSION protocol=asd-quality-v1.5.0 policy=asd-commissioning-policy-v1.0.0-development developmental=1 action=WINDOW phase=COMMISSION_DERIVE index=44 total=44 result=NONE score_valid=1 score=1046.98901 level_dbfs=-46.9183769 tonalness_proxy=3.09571171 feature_drift=0
2026-08-22T12:23:00.989+00:00	764.547	FLAGS protocol=asd-quality-v1.5.0 mode=LEARNING state=NO_MACHINE waiting=0 learning=1 learned=0 anomaly=0 hold=0 fault=0 green=blink_5hz red=off guided25_available=1 workflow_pending=DEFAULT research_telemetry=1 profile_persistence_allowed=0 dropped=0
2026-08-22T12:23:06.000+00:00	769.563	FLAGS protocol=asd-quality-v1.5.0 mode=LEARNING state=NO_MACHINE waiting=0 learning=1 learned=0 anomaly=0 hold=0 fault=0 green=blink_5hz red=off guided25_available=1 workflow_pending=DEFAULT research_telemetry=1 profile_persistence_allowed=0 dropped=0
2026-08-22T12:23:09.209+00:00	772.766	COMMISSION protocol=asd-quality-v1.5.0 policy=asd-commissioning-policy-v1.0.0-development developmental=1 action=WINDOW phase=COMMISSION_VERIFY index=1 total=22 result=NONE score_valid=1 score=326.894409 level_dbfs=-47.1048508 tonalness_proxy=3.23382521 feature_drift=0
2026-08-22T12:23:11.009+00:00	774.563	FLAGS protocol=asd-quality-v1.5.0 mode=LEARNING state=NO_MACHINE waiting=0 learning=1 learned=0 anomaly=0 hold=0 fault=0 green=blink_5hz red=off guided25_available=1 workflow_pending=DEFAULT research_telemetry=1 profile_persistence_allowed=0 dropped=0
2026-08-22T12:23:16.019+00:00	779.578	FLAGS protocol=asd-quality-v1.5.0 mode=LEARNING state=NO_MACHINE waiting=0 learning=1 learned=0 anomaly=0 hold=0 fault=0 green=blink_5hz red=off guided25_available=1 workflow_pending=DEFAULT research_telemetry=1 profile_persistence_allowed=0 dropped=0
2026-08-22T12:23:19.183+00:00	782.735	COMMISSION protocol=asd-quality-v1.5.0 policy=asd-commissioning-policy-v1.0.0-development developmental=1 action=WINDOW phase=COMMISSION_VERIFY index=2 total=22 result=NONE score_valid=1 score=374.32312 level_dbfs=-46.8169632 tonalness_proxy=3.20243502 feature_drift=0
2026-08-22T12:23:21.030+00:00	784.578	FLAGS protocol=asd-quality-v1.5.0 mode=LEARNING state=NO_MACHINE waiting=0 learning=1 learned=0 anomaly=0 hold=0 fault=0 green=blink_5hz red=off guided25_available=1 workflow_pending=DEFAULT research_telemetry=1 profile_persistence_allowed=0 dropped=0
2026-08-22T12:23:26.039+00:00	789.594	FLAGS protocol=asd-quality-v1.5.0 mode=LEARNING state=NO_MACHINE waiting=0 learning=1 learned=0 anomaly=0 hold=0 fault=0 green=blink_5hz red=off guided25_available=1 workflow_pending=DEFAULT research_telemetry=1 profile_persistence_allowed=0 dropped=0
2026-08-22T12:23:29.221+00:00	792.782	COMMISSION protocol=asd-quality-v1.5.0 policy=asd-commissioning-policy-v1.0.0-development developmental=1 action=WINDOW phase=COMMISSION_VERIFY index=3 total=22 result=NONE score_valid=1 score=413.804199 level_dbfs=-46.427742 tonalness_proxy=3.17998219 feature_drift=0
2026-08-22T12:23:31.051+00:00	794.610	FLAGS protocol=asd-quality-v1.5.0 mode=LEARNING state=NO_MACHINE waiting=0 learning=1 learned=0 anomaly=0 hold=0 fault=0 green=blink_5hz red=off guided25_available=1 workflow_pending=DEFAULT research_telemetry=1 profile_persistence_allowed=0 dropped=0
2026-08-22T12:23:36.060+00:00	799.610	FLAGS protocol=asd-quality-v1.5.0 mode=LEARNING state=NO_MACHINE waiting=0 learning=1 learned=0 anomaly=0 hold=0 fault=0 green=blink_5hz red=off guided25_available=1 workflow_pending=DEFAULT research_telemetry=1 profile_persistence_allowed=0 dropped=0
2026-08-22T12:23:39.195+00:00	802.750	COMMISSION protocol=asd-quality-v1.5.0 policy=asd-commissioning-policy-v1.0.0-development developmental=1 action=WINDOW phase=COMMISSION_VERIFY index=4 total=22 result=NONE score_valid=1 score=331.081726 level_dbfs=-46.4096832 tonalness_proxy=3.129632 feature_drift=0
2026-08-22T12:23:41.069+00:00	804.625	FLAGS protocol=asd-quality-v1.5.0 mode=LEARNING state=NO_MACHINE waiting=0 learning=1 learned=0 anomaly=0 hold=0 fault=0 green=blink_5hz red=off guided25_available=1 workflow_pending=DEFAULT research_telemetry=1 profile_persistence_allowed=0 dropped=0
2026-08-22T12:23:46.081+00:00	809.641	FLAGS protocol=asd-quality-v1.5.0 mode=LEARNING state=NO_MACHINE waiting=0 learning=1 learned=0 anomaly=0 hold=0 fault=0 green=blink_5hz red=off guided25_available=1 workflow_pending=DEFAULT research_telemetry=1 profile_persistence_allowed=0 dropped=0
2026-08-22T12:23:49.171+00:00	812.719	COMMISSION protocol=asd-quality-v1.5.0 policy=asd-commissioning-policy-v1.0.0-development developmental=1 action=WINDOW phase=COMMISSION_VERIFY index=5 total=22 result=NONE score_valid=1 score=444.117889 level_dbfs=-46.8274002 tonalness_proxy=3.20671034 feature_drift=0
2026-08-22T12:23:51.091+00:00	814.641	FLAGS protocol=asd-quality-v1.5.0 mode=LEARNING state=NO_MACHINE waiting=0 learning=1 learned=0 anomaly=0 hold=0 fault=0 green=blink_5hz red=off guided25_available=1 workflow_pending=DEFAULT research_telemetry=1 profile_persistence_allowed=0 dropped=0
2026-08-22T12:23:56.099+00:00	819.657	FLAGS protocol=asd-quality-v1.5.0 mode=LEARNING state=NO_MACHINE waiting=0 learning=1 learned=0 anomaly=0 hold=0 fault=0 green=blink_5hz red=off guided25_available=1 workflow_pending=DEFAULT research_telemetry=1 profile_persistence_allowed=0 dropped=0
2026-08-22T12:23:59.144+00:00	822.703	COMMISSION protocol=asd-quality-v1.5.0 policy=asd-commissioning-policy-v1.0.0-development developmental=1 action=WINDOW phase=COMMISSION_VERIFY index=6 total=22 result=NONE score_valid=1 score=418.959412 level_dbfs=-46.5566216 tonalness_proxy=3.16721344 feature_drift=0
2026-08-22T12:24:01.110+00:00	824.672	FLAGS protocol=asd-quality-v1.5.0 mode=LEARNING state=NO_MACHINE waiting=0 learning=1 learned=0 anomaly=0 hold=0 fault=0 green=blink_5hz red=off guided25_available=1 workflow_pending=DEFAULT research_telemetry=1 profile_persistence_allowed=0 dropped=0
2026-08-22T12:24:06.120+00:00	829.672	FLAGS protocol=asd-quality-v1.5.0 mode=LEARNING state=NO_MACHINE waiting=0 learning=1 learned=0 anomaly=0 hold=0 fault=0 green=blink_5hz red=off guided25_available=1 workflow_pending=DEFAULT research_telemetry=1 profile_persistence_allowed=0 dropped=0
2026-08-22T12:24:09.119+00:00	832.672	COMMISSION protocol=asd-quality-v1.5.0 policy=asd-commissioning-policy-v1.0.0-development developmental=1 action=WINDOW phase=COMMISSION_VERIFY index=7 total=22 result=NONE score_valid=1 score=446.75061 level_dbfs=-46.7230415 tonalness_proxy=3.18587255 feature_drift=0
2026-08-22T12:24:11.131+00:00	834.688	FLAGS protocol=asd-quality-v1.5.0 mode=LEARNING state=NO_MACHINE waiting=0 learning=1 learned=0 anomaly=0 hold=0 fault=0 green=blink_5hz red=off guided25_available=1 workflow_pending=DEFAULT research_telemetry=1 profile_persistence_allowed=0 dropped=0
2026-08-22T12:24:16.140+00:00	839.688	FLAGS protocol=asd-quality-v1.5.0 mode=LEARNING state=NO_MACHINE waiting=0 learning=1 learned=0 anomaly=0 hold=0 fault=0 green=blink_5hz red=off guided25_available=1 workflow_pending=DEFAULT research_telemetry=1 profile_persistence_allowed=0 dropped=0
2026-08-22T12:24:19.094+00:00	842.657	COMMISSION protocol=asd-quality-v1.5.0 policy=asd-commissioning-policy-v1.0.0-development developmental=1 action=WINDOW phase=COMMISSION_VERIFY index=8 total=22 result=NONE score_valid=1 score=769.043701 level_dbfs=-46.8296852 tonalness_proxy=3.14971972 feature_drift=0
2026-08-22T12:24:21.150+00:00	844.703	FLAGS protocol=asd-quality-v1.5.0 mode=LEARNING state=NO_MACHINE waiting=0 learning=1 learned=0 anomaly=0 hold=0 fault=0 green=blink_5hz red=off guided25_available=1 workflow_pending=DEFAULT research_telemetry=1 profile_persistence_allowed=0 dropped=0
2026-08-22T12:24:26.163+00:00	849.719	FLAGS protocol=asd-quality-v1.5.0 mode=LEARNING state=NO_MACHINE waiting=0 learning=1 learned=0 anomaly=0 hold=0 fault=0 green=blink_5hz red=off guided25_available=1 workflow_pending=DEFAULT research_telemetry=1 profile_persistence_allowed=0 dropped=0
2026-08-22T12:24:29.132+00:00	852.688	COMMISSION protocol=asd-quality-v1.5.0 policy=asd-commissioning-policy-v1.0.0-development developmental=1 action=WINDOW phase=COMMISSION_VERIFY index=9 total=22 result=NONE score_valid=1 score=768.591919 level_dbfs=-46.5846558 tonalness_proxy=3.28817463 feature_drift=0
2026-08-22T12:24:31.170+00:00	854.719	FLAGS protocol=asd-quality-v1.5.0 mode=LEARNING state=NO_MACHINE waiting=0 learning=1 learned=0 anomaly=0 hold=0 fault=0 green=blink_5hz red=off guided25_available=1 workflow_pending=DEFAULT research_telemetry=1 profile_persistence_allowed=0 dropped=0
2026-08-22T12:24:36.179+00:00	859.735	FLAGS protocol=asd-quality-v1.5.0 mode=LEARNING state=NO_MACHINE waiting=0 learning=1 learned=0 anomaly=0 hold=0 fault=0 green=blink_5hz red=off guided25_available=1 workflow_pending=DEFAULT research_telemetry=1 profile_persistence_allowed=0 dropped=0
2026-08-22T12:24:39.108+00:00	862.657	COMMISSION protocol=asd-quality-v1.5.0 policy=asd-commissioning-policy-v1.0.0-development developmental=1 action=WINDOW phase=COMMISSION_VERIFY index=10 total=22 result=NONE score_valid=1 score=338.702271 level_dbfs=-46.8536186 tonalness_proxy=3.18659067 feature_drift=0
2026-08-22T12:24:41.190+00:00	864.750	FLAGS protocol=asd-quality-v1.5.0 mode=LEARNING state=NO_MACHINE waiting=0 learning=1 learned=0 anomaly=0 hold=0 fault=0 green=blink_5hz red=off guided25_available=1 workflow_pending=DEFAULT research_telemetry=1 profile_persistence_allowed=0 dropped=0
2026-08-22T12:24:46.199+00:00	869.750	FLAGS protocol=asd-quality-v1.5.0 mode=LEARNING state=NO_MACHINE waiting=0 learning=1 learned=0 anomaly=0 hold=0 fault=0 green=blink_5hz red=off guided25_available=1 workflow_pending=DEFAULT research_telemetry=1 profile_persistence_allowed=0 dropped=0
2026-08-22T12:24:49.082+00:00	872.641	COMMISSION protocol=asd-quality-v1.5.0 policy=asd-commissioning-policy-v1.0.0-development developmental=1 action=WINDOW phase=COMMISSION_VERIFY index=11 total=22 result=NONE score_valid=1 score=252.278198 level_dbfs=-47.0533524 tonalness_proxy=3.22363949 feature_drift=0
2026-08-22T12:24:51.209+00:00	874.766	FLAGS protocol=asd-quality-v1.5.0 mode=LEARNING state=NO_MACHINE waiting=0 learning=1 learned=0 anomaly=0 hold=0 fault=0 green=blink_5hz red=off guided25_available=1 workflow_pending=DEFAULT research_telemetry=1 profile_persistence_allowed=0 dropped=0
2026-08-22T12:24:56.223+00:00	879.782	FLAGS protocol=asd-quality-v1.5.0 mode=LEARNING state=NO_MACHINE waiting=0 learning=1 learned=0 anomaly=0 hold=0 fault=0 green=blink_5hz red=off guided25_available=1 workflow_pending=DEFAULT research_telemetry=1 profile_persistence_allowed=0 dropped=0
2026-08-22T12:24:59.055+00:00	882.610	COMMISSION protocol=asd-quality-v1.5.0 policy=asd-commissioning-policy-v1.0.0-development developmental=1 action=WINDOW phase=COMMISSION_VERIFY index=12 total=22 result=NONE score_valid=1 score=387.973114 level_dbfs=-46.9834671 tonalness_proxy=3.22749138 feature_drift=0
2026-08-22T12:25:01.230+00:00	884.782	FLAGS protocol=asd-quality-v1.5.0 mode=LEARNING state=NO_MACHINE waiting=0 learning=1 learned=0 anomaly=0 hold=0 fault=0 green=blink_5hz red=off guided25_available=1 workflow_pending=DEFAULT research_telemetry=1 profile_persistence_allowed=0 dropped=0
2026-08-22T12:25:06.240+00:00	889.797	FLAGS protocol=asd-quality-v1.5.0 mode=LEARNING state=NO_MACHINE waiting=0 learning=1 learned=0 anomaly=0 hold=0 fault=0 green=blink_5hz red=off guided25_available=1 workflow_pending=DEFAULT research_telemetry=1 profile_persistence_allowed=0 dropped=0
2026-08-22T12:25:09.028+00:00	892.578	COMMISSION protocol=asd-quality-v1.5.0 policy=asd-commissioning-policy-v1.0.0-development developmental=1 action=WINDOW phase=COMMISSION_VERIFY index=13 total=22 result=NONE score_valid=1 score=305.130066 level_dbfs=-47.08778 tonalness_proxy=3.20696545 feature_drift=0
2026-08-22T12:25:11.250+00:00	894.797	FLAGS protocol=asd-quality-v1.5.0 mode=LEARNING state=NO_MACHINE waiting=0 learning=1 learned=0 anomaly=0 hold=0 fault=0 green=blink_5hz red=off guided25_available=1 workflow_pending=DEFAULT research_telemetry=1 profile_persistence_allowed=0 dropped=0
2026-08-22T12:25:16.259+00:00	899.813	FLAGS protocol=asd-quality-v1.5.0 mode=LEARNING state=NO_MACHINE waiting=0 learning=1 learned=0 anomaly=0 hold=0 fault=0 green=blink_5hz red=off guided25_available=1 workflow_pending=DEFAULT research_telemetry=1 profile_persistence_allowed=0 dropped=0
2026-08-22T12:25:19.002+00:00	902.563	COMMISSION protocol=asd-quality-v1.5.0 policy=asd-commissioning-policy-v1.0.0-development developmental=1 action=WINDOW phase=COMMISSION_VERIFY index=14 total=22 result=NONE score_valid=1 score=186.018173 level_dbfs=-47.3816605 tonalness_proxy=3.20375681 feature_drift=0
2026-08-22T12:25:21.269+00:00	904.828	FLAGS protocol=asd-quality-v1.5.0 mode=LEARNING state=NO_MACHINE waiting=0 learning=1 learned=0 anomaly=0 hold=0 fault=0 green=blink_5hz red=off guided25_available=1 workflow_pending=DEFAULT research_telemetry=1 profile_persistence_allowed=0 dropped=0
2026-08-22T12:25:26.281+00:00	909.828	FLAGS protocol=asd-quality-v1.5.0 mode=LEARNING state=NO_MACHINE waiting=0 learning=1 learned=0 anomaly=0 hold=0 fault=0 green=blink_5hz red=off guided25_available=1 workflow_pending=DEFAULT research_telemetry=1 profile_persistence_allowed=0 dropped=0
2026-08-22T12:25:28.976+00:00	912.532	COMMISSION protocol=asd-quality-v1.5.0 policy=asd-commissioning-policy-v1.0.0-development developmental=1 action=WINDOW phase=COMMISSION_VERIFY index=15 total=22 result=NONE score_valid=1 score=601.52002 level_dbfs=-47.5574646 tonalness_proxy=3.2325592 feature_drift=0
2026-08-22T12:25:31.290+00:00	914.844	FLAGS protocol=asd-quality-v1.5.0 mode=LEARNING state=NO_MACHINE waiting=0 learning=1 learned=0 anomaly=0 hold=0 fault=0 green=blink_5hz red=off guided25_available=1 workflow_pending=DEFAULT research_telemetry=1 profile_persistence_allowed=0 dropped=0
2026-08-22T12:25:36.299+00:00	919.860	FLAGS protocol=asd-quality-v1.5.0 mode=LEARNING state=NO_MACHINE waiting=0 learning=1 learned=0 anomaly=0 hold=0 fault=0 green=blink_5hz red=off guided25_available=1 workflow_pending=DEFAULT research_telemetry=1 profile_persistence_allowed=0 dropped=0
2026-08-22T12:25:39.015+00:00	922.563	COMMISSION protocol=asd-quality-v1.5.0 policy=asd-commissioning-policy-v1.0.0-development developmental=1 action=WINDOW phase=COMMISSION_VERIFY index=16 total=22 result=NONE score_valid=1 score=491.224426 level_dbfs=-47.6460457 tonalness_proxy=3.22864151 feature_drift=0
2026-08-22T12:25:41.309+00:00	924.860	FLAGS protocol=asd-quality-v1.5.0 mode=LEARNING state=NO_MACHINE waiting=0 learning=1 learned=0 anomaly=0 hold=0 fault=0 green=blink_5hz red=off guided25_available=1 workflow_pending=DEFAULT research_telemetry=1 profile_persistence_allowed=0 dropped=0
2026-08-22T12:25:46.319+00:00	929.875	FLAGS protocol=asd-quality-v1.5.0 mode=LEARNING state=NO_MACHINE waiting=0 learning=1 learned=0 anomaly=0 hold=0 fault=0 green=blink_5hz red=off guided25_available=1 workflow_pending=DEFAULT research_telemetry=1 profile_persistence_allowed=0 dropped=0
2026-08-22T12:25:48.989+00:00	932.547	COMMISSION protocol=asd-quality-v1.5.0 policy=asd-commissioning-policy-v1.0.0-development developmental=1 action=WINDOW phase=COMMISSION_VERIFY index=17 total=22 result=NONE score_valid=1 score=523.477173 level_dbfs=-47.631279 tonalness_proxy=3.1894002 feature_drift=0
2026-08-22T12:25:51.329+00:00	934.891	FLAGS protocol=asd-quality-v1.5.0 mode=LEARNING state=NO_MACHINE waiting=0 learning=1 learned=0 anomaly=0 hold=0 fault=0 green=blink_5hz red=off guided25_available=1 workflow_pending=DEFAULT research_telemetry=1 profile_persistence_allowed=0 dropped=0
2026-08-22T12:25:56.340+00:00	939.891	FLAGS protocol=asd-quality-v1.5.0 mode=LEARNING state=NO_MACHINE waiting=0 learning=1 learned=0 anomaly=0 hold=0 fault=0 green=blink_5hz red=off guided25_available=1 workflow_pending=DEFAULT research_telemetry=1 profile_persistence_allowed=0 dropped=0
2026-08-22T12:25:58.963+00:00	942.516	COMMISSION protocol=asd-quality-v1.5.0 policy=asd-commissioning-policy-v1.0.0-development developmental=1 action=WINDOW phase=COMMISSION_VERIFY index=18 total=22 result=NONE score_valid=1 score=510.285309 level_dbfs=-48.0497665 tonalness_proxy=3.20347834 feature_drift=0
2026-08-22T12:26:01.350+00:00	944.907	FLAGS protocol=asd-quality-v1.5.0 mode=LEARNING state=NO_MACHINE waiting=0 learning=1 learned=0 anomaly=0 hold=0 fault=0 green=blink_5hz red=off guided25_available=1 workflow_pending=DEFAULT research_telemetry=1 profile_persistence_allowed=0 dropped=0
2026-08-22T12:26:06.362+00:00	949.922	FLAGS protocol=asd-quality-v1.5.0 mode=LEARNING state=NO_MACHINE waiting=0 learning=1 learned=0 anomaly=0 hold=0 fault=0 green=blink_5hz red=off guided25_available=1 workflow_pending=DEFAULT research_telemetry=1 profile_persistence_allowed=0 dropped=0
2026-08-22T12:26:08.938+00:00	952.500	COMMISSION protocol=asd-quality-v1.5.0 policy=asd-commissioning-policy-v1.0.0-development developmental=1 action=WINDOW phase=COMMISSION_VERIFY index=19 total=22 result=NONE score_valid=1 score=512.790833 level_dbfs=-47.3026505 tonalness_proxy=3.17836905 feature_drift=0
2026-08-22T12:26:11.369+00:00	954.922	FLAGS protocol=asd-quality-v1.5.0 mode=LEARNING state=NO_MACHINE waiting=0 learning=1 learned=0 anomaly=0 hold=0 fault=0 green=blink_5hz red=off guided25_available=1 workflow_pending=DEFAULT research_telemetry=1 profile_persistence_allowed=0 dropped=0
2026-08-22T12:26:16.380+00:00	959.938	FLAGS protocol=asd-quality-v1.5.0 mode=LEARNING state=NO_MACHINE waiting=0 learning=1 learned=0 anomaly=0 hold=0 fault=0 green=blink_5hz red=off guided25_available=1 workflow_pending=DEFAULT research_telemetry=1 profile_persistence_allowed=0 dropped=0
2026-08-22T12:26:18.913+00:00	962.469	COMMISSION protocol=asd-quality-v1.5.0 policy=asd-commissioning-policy-v1.0.0-development developmental=1 action=WINDOW phase=COMMISSION_VERIFY index=20 total=22 result=NONE score_valid=1 score=371.231873 level_dbfs=-46.9704399 tonalness_proxy=3.21932983 feature_drift=0
2026-08-22T12:26:21.392+00:00	964.953	FLAGS protocol=asd-quality-v1.5.0 mode=LEARNING state=NO_MACHINE waiting=0 learning=1 learned=0 anomaly=0 hold=0 fault=0 green=blink_5hz red=off guided25_available=1 workflow_pending=DEFAULT research_telemetry=1 profile_persistence_allowed=0 dropped=0
2026-08-22T12:26:26.400+00:00	969.953	FLAGS protocol=asd-quality-v1.5.0 mode=LEARNING state=NO_MACHINE waiting=0 learning=1 learned=0 anomaly=0 hold=0 fault=0 green=blink_5hz red=off guided25_available=1 workflow_pending=DEFAULT research_telemetry=1 profile_persistence_allowed=0 dropped=0
2026-08-22T12:26:28.886+00:00	972.438	COMMISSION protocol=asd-quality-v1.5.0 policy=asd-commissioning-policy-v1.0.0-development developmental=1 action=WINDOW phase=COMMISSION_VERIFY index=21 total=22 result=NONE score_valid=1 score=286.103363 level_dbfs=-47.2912216 tonalness_proxy=3.23768854 feature_drift=0
2026-08-22T12:26:31.409+00:00	974.969	FLAGS protocol=asd-quality-v1.5.0 mode=LEARNING state=NO_MACHINE waiting=0 learning=1 learned=0 anomaly=0 hold=0 fault=0 green=blink_5hz red=off guided25_available=1 workflow_pending=DEFAULT research_telemetry=1 profile_persistence_allowed=0 dropped=0
2026-08-22T12:26:36.421+00:00	979.969	FLAGS protocol=asd-quality-v1.5.0 mode=LEARNING state=NO_MACHINE waiting=0 learning=1 learned=0 anomaly=0 hold=0 fault=0 green=blink_5hz red=off guided25_available=1 workflow_pending=DEFAULT research_telemetry=1 profile_persistence_allowed=0 dropped=0
2026-08-22T12:26:38.860+00:00	982.422	COMMISSION protocol=asd-quality-v1.5.0 policy=asd-commissioning-policy-v1.0.0-development developmental=1 action=WINDOW phase=MONITORING index=22 total=22 result=NONE score_valid=1 score=250.244583 level_dbfs=-47.5217743 tonalness_proxy=3.20110512 feature_drift=0
2026-08-22T12:26:38.865+00:00	982.422	W (982374) psdlive: DEVELOPMENT profil ostaje samo u RAM-u; NVS save je zabranjen
2026-08-22T12:26:38.900+00:00	982.453	PROFILE protocol=asd-quality-v1.5.0 schema=asd-runtime-profile-v1.0.0-development policy=asd-commissioning-policy-v1.0.0-development developmental=1 valid=1 policy_version=1 policy_id=434d5631 center_windows=10 derive_windows=44 verify_windows=22 level_mean_dbfs=-47.580986 tonalness_reference=3.1772747 threshold_enter=4374.05859 threshold_exit=824.270508
2026-08-22T12:26:38.907+00:00	982.469	ADAPTTHR n=44 mean=945.616760 sd=1232.875000 k=0 theta=0 p=0.9900 thr=4374.05859 lo=0.000000 factory=0.000000
2026-08-22T12:26:38.912+00:00	982.469	I (982414) psdlive: racun po klipu: 717 ms (rezerva 13.9x), dropped=0
2026-08-22T12:26:38.923+00:00	982.485	PRESENCE protocol=asd-quality-v1.5.0 level_mean_dbfs=-47.580986 margin_db=11 gate_dbfs=-58.580986 min_consecutive=3
2026-08-22T12:26:38.946+00:00	982.500	TEMPORAL protocol=asd-quality-v1.5.0 policy=asd-temporal-policy-v2.0.0-development min_consecutive=3 ewma_alpha=0 enter_scale=1 exit_scale=0.699999988 fast_scale=0 threshold_mode=absolute_profile threshold_enter=4374.05859 threshold_exit=824.270508
2026-08-22T12:26:38.954+00:00	982.516	STATE protocol=asd-quality-v1.5.0 from=NO_MACHINE to=CALIBRATED_NORMAL reason=CALIBRATION_ACCEPTED
2026-08-22T12:26:38.967+00:00	982.516	EVENT protocol=asd-quality-v1.5.0 type=CALIBRATION_ACCEPTED state=CALIBRATED_NORMAL phase=CAL reason=QUALITY_OK event=NONE capability=AVAILABLE level=DEVIATION
2026-08-22T12:26:38.990+00:00	982.547	FLAGS protocol=asd-quality-v1.5.0 mode=READY state=CALIBRATED_NORMAL waiting=0 learning=0 learned=1 anomaly=0 hold=0 fault=0 green=on red=off guided25_available=1 workflow_pending=DEFAULT research_telemetry=1 profile_persistence_allowed=0 dropped=0
2026-08-22T12:26:38.994+00:00	982.547	I (982504) psdlive: LAMPICA STALNO SVIJETLI = ucenje gotovo, nadzirem
2026-08-22T12:26:39.007+00:00	982.563	I (982504) psdlive: --- DETEKCIJA RADI. Sada izazovi kvar. ---
2026-08-22T12:26:39.009+00:00	982.563	I (982514) psdlive: zelena LED (GPIO2) svijetli = normalno; crvena (GPIO11) = ALARM
2026-08-22T12:26:43.982+00:00	987.532	FLAGS protocol=asd-quality-v1.5.0 mode=READY state=CALIBRATED_NORMAL waiting=0 learning=0 learned=1 anomaly=0 hold=0 fault=0 green=on red=off guided25_available=1 workflow_pending=DEFAULT research_telemetry=1 profile_persistence_allowed=0 dropped=0
2026-08-22T12:26:48.900+00:00	992.453	QUALITY protocol=asd-quality-v1.5.0 phase=DET index=1 total=0 result=OK metrics_valid=1 samples=159744 expected=159744 rms_dbfs=-47.097 dc=-0.512 peak=531 clipped=0 zeros=395 stuck=246 dropped_delta=0 feature_valid=1 tonalness_valid=1 tonalness_proxy=3.154342 tonal_gate=pending_normal_only
2026-08-22T12:26:48.908+00:00	992.469	DET 1 score=367.981293 lo=0 hi=4374.05859 led=1 anom=0 total_anom=0 normal (uzastopnih=0 nivo=-47.1 dBFS racun=716 ms)
2026-08-22T12:26:49.023+00:00	992.578	FEATURE96 protocol=asd-research-v1.0.0 session=1 phase=DET window=1 window_start_ms=981323 window_end_ms=991197 score=367.981293 level_dbfs=-47.0966949 quality=OK tonalness_proxy=3.1543417 dims=96 fnv1a=2f484324 values=-10.4020872,-10.4020872,2.06829929,-10.4020872,-10.4020872,1.72026968,-10.4020872,1.94250345,-10.4020872,1.77306223,1.120368,-10.4020872,1.2749176,1.68571758,1.99844313,-10.4020872,2.06410265,1.58769703,1.56943798,1.41535091,1.08664608,0.871232986,0.990504265,1.1442337,1.41477776,1.67103243,1.42342186,1.30191135,1.18293381,0.987657547,0.864556313,0.910867691,1.21740723,1.07926083,1.02230835,2.53652382,3.1543417,0.784294128,0.63365078,0.78087616,0.957857132,1.29996872,0.639192581,0.673153877,0.606066704,0.767861366,1.01237583,1.52024841,0.719071388,0.955402374,0.964302063,0.807274818,0.932064056,1.91227198,0.841371536,0.982896805,1.06290531,1.19663525,1.13634491,1.38175678FLAGS protocol=asd-quality-v1.5.0 mode=READY state=CALIBRATED_NORMAL waiting=0 learning=0 learned=1 anomaly=0 hold=0 fault=0 green=on red=off guided25_available=1 workflow_pending=DEFAULT research_telemetry=1 profile_persistence_allowed=0 dropped=0
2026-08-22T12:26:49.050+00:00	992.610	,1.48486996,2.6901741,1.86570692,0.216545105,0.618912697,0.479664803,0.616313934,0.738005638,0.7327528,0.904334068,0.920510292,1.0916605,1.05323505,1.30599976,0.800233841,0.662574768,0.573005676,0.286956787,0.209745407,0.747881889,0.193447113,0.197301865,0.208498955,0.0880584717,0.109918594,-0.114744186,-0.159460068,-0.137135506,-0.0481100082,-0.148004532,-0.0609865189,-0.225701332,-0.191838264,0.185786247,-0.134220123,-0.192837715
2026-08-22T12:26:49.165+00:00	992.719	SUBSEG96 protocol=asd-research-v1.0.0 session=1 phase=DET window=1 group=1 segments=8 dims=96 fnv1a=ff66e310 values=-10.4086905,-10.4086905,2.19484138,-10.4086905,-10.4086905,1.99281073,-10.4086905,2.2776041,-10.4086905,2.03376579,1.09467602,-10.4086905,1.21004391,1.52698135,1.67629719,-10.4086905,1.83898544,1.7112112,1.72322226,1.4537468,1.0852108,0.92033577,1.09386826,1.10061264,1.41195583,1.61218119,1.13466454,1.16815758,1.21626949,1.16351986,1.11987019,1.12968445,1.33239651,1.11662579,0.879324913,2.38630962,3.15537119,0.658747673,0.497811317,0.668222427,0.986205101,1.2422514,0.466031075,0.679666519,0.555700302,0.695127487,0.959750175,1.59679365,0.63560009,0.917456627,0.981805801,0.76994133,0.969376564,1.90693903,0.74434948,0.976760864,1.08331108,1.10276508,1.14146423,1.3937664,1.49254608,2.57340813,2.26756001,0.186736107,0.708707809,0.408054352,0.596395493,0.802156448,0.761361122,0.853563309,0.931979179,1.08927822,1.08834553,1.3841095,0.799184799,0.485542297,0.691884995,0.281335831,0.188347816,0.757814407,0.177032471,0.215307236,0.193030357,0.0719795227,0.0976762772,-0.115198135,-0.169404984,-0.134930611,-0.0971326828,-0.109579086,-0.0717382431,-0.221234322,-0.183959961,0.226747513,-0.133386612,-0.214463234
2026-08-22T12:26:49.273+00:00	992.828	SUBSEG96 protocol=asd-research-v1.0.0 session=1 phase=DET window=1 group=2 segments=8 dims=96 fnv1a=7cfd3d0d values=-10.4178953,-10.4178953,1.81474781,-10.4178953,-10.4178953,1.54558563,-10.4178953,1.7305069,-10.4178953,1.57268524,1.25243568,-10.4178953,1.34234715,1.87625456,2.5073204,-10.4178953,2.63438702,1.78599072,1.23211479,1.1941309,0.986002922,0.875846863,0.993210793,1.0595274,1.29282665,1.75289106,1.49573708,1.23540497,1.10703564,1.1088953,0.855368614,0.677388191,1.30497265,1.18528938,1.10336018,2.52465725,3.13201046,0.747585297,0.61020565,0.750584602,1.185462,1.44979382,0.744075775,0.852247238,0.840256691,0.792256355,0.999675751,1.49274731,0.741474152,0.905983925,0.935723305,0.874549866,0.922925949,1.92145014,0.822705269,1.02599144,1.11752701,1.16727257,1.18891525,1.42733669,1.44835567,2.68201017,1.61699295,0.137565613,0.596749306,0.478826523,0.679746628,0.618564606,0.727705002,0.808551788,0.958824158,1.05091381,1.02847767,1.26998043,0.753739357,0.691267014,0.53204155,0.249402046,0.200728416,0.762804031,0.197035789,0.187211037,0.195002556,0.0408773422,0.0892038345,-0.136896133,-0.19080162,-0.160075188,-0.0432672501,-0.154420853,-0.0475730896,-0.218014717,-0.217817307,0.148126602,-0.151018143,-0.183455467
2026-08-22T12:26:49.380+00:00	992.938	SUBSEG96 protocol=asd-research-v1.0.0 session=1 phase=DET window=1 group=3 segments=8 dims=96 fnv1a=6acedba5 values=-10.3940821,-10.3940821,2.4098835,-10.3940821,-10.3940821,1.87174511,-10.3940821,2.01086283,-10.3940821,1.98107386,1.33701897,-10.3940821,1.42408466,1.83322048,1.67175245,-10.3940821,1.17363262,1.60844374,1.89197969,1.65590858,1.24260521,0.911408424,0.97844696,1.34759998,1.38639069,1.59631634,1.59750652,1.48297119,1.32402134,1.06606102,0.768670082,0.905472755,1.18246078,0.955635071,0.904654503,2.63693142,3.15205383,0.841383934,0.77070713,0.701728821,0.908308983,1.21765995,0.65567112,0.653676987,0.51423645,0.819740295,0.942399979,1.52925587,0.702303886,1.14172649,0.930060387,0.754295349,0.870375633,1.91724777,0.824529648,0.961249352,1.03936386,1.32037544,1.18778896,1.35175323,1.46269894,2.73258066,1.02731705,0.223843575,0.545445442,0.565469742,0.562437057,0.790541649,0.702430725,0.934596062,0.820665359,1.07224655,1.05505657,1.21791458,0.732793808,0.721632004,0.403786659,0.314937592,0.236812592,0.697304726,0.157542229,0.156869888,0.250787735,0.111709595,0.109219551,-0.153733253,-0.180860519,-0.121019363,-0.0501718521,-0.188901901,-0.0349683762,-0.248919487,-0.185980797,0.199632645,-0.152920723,-0.200927734
2026-08-22T12:26:49.487+00:00	993.047	SUBSEG96 protocol=asd-research-v1.0.0 session=1 phase=DET window=1 group=4 segments=7 dims=96 fnv1a=7397df32 values=-10.3389273,-10.3389273,1.76129532,-10.3389273,-10.3389273,1.40627766,-10.3389273,1.40292931,-10.3389273,1.08270264,0.795934677,-10.3389273,1.40930367,1.75020218,1.65365219,-10.3389273,1.16695213,1.26956081,1.22249508,1.26968479,1.0084734,0.969191551,1.06110382,1.11172199,1.55091667,1.65041924,1.52872276,1.22451973,1.17889977,0.617372513,0.610624313,0.699213028,1.17775631,1.18639088,1.24953079,2.56826115,3.20396042,0.849803925,0.759681702,1.0462532,0.76475811,1.29788303,0.651987076,0.697572708,0.614816666,0.776834488,1.14117527,1.493783,0.899041176,0.863218307,1.09302711,0.88952446,0.95569706,1.96352863,0.920922279,1.11575508,1.0707159,1.21070957,1.07819653,1.36341667,1.57492065,2.77831745,1.97425652,0.37501812,0.702187538,0.544532776,0.686628342,0.879752159,0.755347252,0.960658073,1.00621223,1.18196201,1.115098,1.40523434,0.911417007,0.754584312,0.70489502,0.308016777,0.261286736,0.811153412,0.270758629,0.284695625,0.254042625,0.18230629,0.190646172,-0.00552749634,-0.0720891953,-0.0595312119,0.0400676727,-0.0918655396,-0.0656375885,-0.184119225,-0.117507935,0.249079704,-0.0305433273,-0.131262779
2026-08-22T12:26:49.593+00:00	993.141	SUBSEG96 protocol=asd-research-v1.0.0 session=1 phase=DET window=1 group=5 segments=7 dims=96 fnv1a=eef5b60c values=-10.3151398,-10.3151398,1.66659641,-10.3151398,-10.3151398,1.46295452,-10.3151398,1.82750368,-10.3151398,1.6224823,0.880369186,-10.3151398,0.81654644,1.08795452,1.20207882,-10.3151398,1.03874111,1.3008728,1.34051132,1.44590378,1.17490292,0.748660088,0.893843651,1.13942051,1.56117249,1.84254837,1.32640648,1.44308472,1.15701771,0.686843872,0.85337162,1.06840801,1.1119051,1.01155758,1.03896236,2.66887283,3.26422977,0.94507885,0.603039742,0.822012901,0.846142769,1.36479092,0.76153183,0.435023308,0.45084095,0.874501228,1.15293407,1.59532452,0.727722168,0.989366531,1.01070213,0.868231773,1.0671196,1.98327446,1.02432251,0.935606003,1.1160841,1.28402805,1.17624378,1.48711586,1.58374405,2.81148243,1.70081949,0.290545464,0.650662422,0.516318321,0.676811218,0.681468964,0.845221519,1.09104538,1.0065012,1.20311642,1.10737324,1.3688612,0.939712524,0.765048981,0.610768318,0.412056923,0.294682503,0.841639519,0.30163002,0.276116371,0.279014587,0.169841766,0.200748444,-0.0253639221,-0.044588089,-0.0771379471,0.0464057922,-0.0663404465,0.0377349854,-0.123930931,-0.119334221,0.230830193,-0.068069458,-0.0990715027
2026-08-22T12:26:54.002+00:00	997.563	FLAGS protocol=asd-quality-v1.5.0 mode=READY state=CALIBRATED_NORMAL waiting=0 learning=0 learned=1 anomaly=0 hold=0 fault=0 green=on red=off guided25_available=1 workflow_pending=DEFAULT research_telemetry=1 profile_persistence_allowed=0 dropped=0
2026-08-22T12:26:58.876+00:00	1002.438	QUALITY protocol=asd-quality-v1.5.0 phase=DET index=2 total=0 result=OK metrics_valid=1 samples=159744 expected=159744 rms_dbfs=-47.699 dc=-0.492 peak=521 clipped=0 zeros=455 stuck=266 dropped_delta=0 feature_valid=1 tonalness_valid=1 tonalness_proxy=3.242555 tonal_gate=pending_normal_only
2026-08-22T12:26:58.883+00:00	1002.438	DET 2 score=286.097076 lo=0 hi=4374.05859 led=1 anom=0 total_anom=0 normal (uzastopnih=0 nivo=-47.7 dBFS racun=727 ms)
2026-08-22T12:26:59.014+00:00	1002.563	FEATURE96 protocol=asd-research-v1.0.0 session=1 phase=DET window=2 window_start_ms=991902 window_end_ms=1001171 score=286.097076 level_dbfs=-47.6988525 quality=OK tonalness_proxy=3.24255514 dims=96 fnv1a=4512a399 values=-10.3258753,-10.3258753,1.47279167,-10.3258753,-10.3258753,1.34967422,-10.3258753,1.62429333,-10.3258753,1.55118465,1.05759335,-10.3258753,1.09207535,1.45351887,1.30952454,-10.3258753,0.951075554,0.979756355,1.09069157,1.21222782,0.994900703,0.875670433,1.04914188,1.14114571,1.46495533,1.62781239,1.31016254,1.1729269,1.17618847,0.875465393,0.989429474,0.989019394,1.26678848,1.11166573,1.00064278,2.57845831,3.24255514,0.822585106,0.772644997,0.833328247,0.884683609,1.33909225,0.784862518,0.714535713,0.642699242,0.840166092,0.960674286,1.56658554,0.867292404,1.0739193,1.09912205,0.84085083,0.874828339,1.99756622,0.911067009,1.06428528,1.16136837,1.32202625,1.20461845,1.41341686,1.62009335,2.77164793,2.06805134,0.297859192,0.694992065,0.612826347,0.697712898,0.809392929,0.855168343,0.998112679,0.999769211,1.17142487,1.10204506,1.42547512,0.855694771,0.739695549,0.696365356,0.381942749,0.26622963,0.820343971,0.294507027,0.229482651,0.303813934,0.158626556,0.212016106,-0.0371627808,-0.0880031586,-0.0645093918,0.00927448273,-0.0830345154,-0.022521019,-0.162252426,-0.126954079,0.27139473,-0.0527830124,-0.123147011
2026-08-22T12:26:59.023+00:00	1002.578	FLAGS protocol=asd-quality-v1.5.0 mode=READY state=CALIBRATED_NORMAL waiting=0 learning=0 learned=1 anomaly=0 hold=0 fault=0 green=on red=off guided25_available=1 workflow_pending=DEFAULT research_telemetry=1 profile_persistence_allowed=0 dropped=0
2026-08-22T12:26:59.140+00:00	1002.688	SUBSEG96 protocol=asd-research-v1.0.0 session=1 phase=DET window=2 group=1 segments=8 dims=96 fnv1a=3b53985d values=-10.322547,-10.322547,1.3857584,-10.322547,-10.322547,1.56109238,-10.322547,1.74001837,-10.322547,1.37905598,0.835446358,-10.322547,1.23499393,1.78072929,1.59124947,-10.322547,1.03897285,0.980715752,1.05935097,1.33689976,1.18890476,0.87665844,1.27847385,1.28769207,1.43896198,1.45876884,1.24278259,1.21789074,1.26213741,0.861747742,0.89410305,1.02087021,1.24413586,1.11843491,1.09847546,2.70198536,3.2070384,0.687926292,0.753149986,0.83066082,0.840919495,1.24908257,0.78028965,0.757400513,0.759846687,0.913283348,1.06353188,1.46517372,0.752989769,1.08807373,1.07922268,0.814610481,0.807027817,2.01411438,0.977496147,1.09237003,1.16196537,1.3047266,1.1432209,1.40983868,1.65524673,2.82019711,1.19067478,0.364583015,0.600193977,0.563928604,0.633481979,0.813635826,0.93309021,1.02282715,1.01325512,1.18685532,1.11429501,1.31197453,0.872648239,0.919831276,0.483186722,0.375632286,0.298871994,0.797297478,0.299257278,0.243490219,0.270616531,0.140256882,0.21652317,-0.0332517624,-0.129812241,-0.0758056641,0.0283880234,-0.135158539,-0.0146341324,-0.200734138,-0.108475685,0.228650093,-0.0435609818,-0.147455215
2026-08-22T12:26:59.250+00:00	1002.813	SUBSEG96 protocol=asd-research-v1.0.0 session=1 phase=DET window=2 group=2 segments=8 dims=96 fnv1a=1099f7e2 values=-10.3108873,-10.3108873,1.76570988,-10.3108873,-10.3108873,1.24569321,-10.3108873,1.70242548,-10.3108873,1.72340918,1.14747143,-10.3108873,0.819839478,1.2906065,1.27516651,-10.3108873,0.889163971,1.073246,1.24195671,1.35713577,0.923065186,0.937295914,0.669921875,0.704183578,1.39105034,1.46826935,1.51747417,1.30314922,1.22139263,0.900481224,1.0261507,0.970199585,1.1275053,0.91653347,1.08133316,2.61078405,3.252985,0.909787178,0.813540459,0.849759102,0.909071922,1.36767006,0.766861916,0.705951691,0.658485413,0.77038002,0.968856812,1.61098289,0.831098557,1.15923119,1.00038242,0.914448738,0.9457798,2.02836084,0.86854744,1.0070343,1.13910294,1.36886978,1.28944397,1.45175934,1.60072517,2.82970428,1.8753562,0.300169945,0.572258949,0.606428146,0.686224937,0.820975304,0.833395004,0.974919319,1.01914406,1.2074585,1.10351372,1.38588619,0.849042892,0.78243351,0.645640373,0.435338974,0.268740654,0.874300003,0.269938469,0.220931053,0.324816704,0.221241951,0.203313828,-0.0540838242,-0.0114154816,-0.0569372177,0.0517835617,-0.114505768,-0.0029258728,-0.155776978,-0.120930672,0.265686989,-0.00588417053,-0.108831406
2026-08-22T12:26:59.356+00:00	1002.907	SUBSEG96 protocol=asd-research-v1.0.0 session=1 phase=DET window=2 group=3 segments=8 dims=96 fnv1a=c6edf701 values=-10.3090019,-10.3090019,1.38698196,-10.3090019,-10.3090019,1.37844563,-10.3090019,1.70767927,-10.3090019,1.76983786,1.14138603,-10.3090019,1.2815733,1.42393303,1.11978245,-10.3090019,1.02119637,0.948303223,0.83954525,0.360940933,0.581697464,0.886479378,1.28554916,1.22518063,1.58420467,1.71317339,1.23774242,1.13991642,1.2249527,0.792636871,1.02889538,1.05753136,1.22812557,1.28157997,0.957437515,2.57100868,3.28393555,0.654123306,0.759549141,0.840560913,1.05639839,1.40851784,0.768228531,0.753458023,0.466464043,0.806455612,0.948812485,1.49214363,0.699237823,1.05554485,1.16308308,0.929292679,0.936340332,1.99416637,0.993361473,1.0250988,1.15206146,1.31617355,1.20484161,1.35526943,1.61977386,2.79457331,2.16714764,0.316653252,0.723227501,0.633061409,0.713911057,0.811329842,0.83468914,0.96112442,1.00570869,1.19747162,1.12590027,1.46767426,0.854205132,0.643141747,0.777657509,0.422615051,0.228071213,0.841274261,0.335737228,0.23785305,0.321955681,0.158369064,0.275815964,-0.0587673187,-0.0656576157,-0.0636482239,0.0282907486,-0.0297641754,0.0310783386,-0.110282898,-0.125387192,0.295073509,-0.0246009827,-0.112168312
2026-08-22T12:26:59.464+00:00	1003.016	SUBSEG96 protocol=asd-research-v1.0.0 session=1 phase=DET window=2 group=4 segments=7 dims=96 fnv1a=52b41804 values=-10.2934084,-10.2934084,1.37838554,-10.2934084,-10.2934084,1.19562435,-10.2934084,1.46568871,-10.2934084,1.28577709,0.951847076,-10.2934084,0.877036095,1.03430367,1.01816273,-10.2934084,0.962400436,0.989415169,0.985124588,1.0992527,1.09591103,0.897745132,0.890846252,1.16045475,1.44559574,1.87138081,1.36619377,0.985646248,1.21592045,0.784974098,0.839010239,1.07897186,1.53505421,1.15831089,0.751096725,2.55247545,3.26416397,0.85939312,0.75812912,0.879470825,0.65045166,1.41134453,0.791497231,0.704532623,0.525885582,0.8816185,0.900485992,1.62733364,1.12630939,1.05500317,1.23974609,0.770258904,0.90060997,2.02156878,0.803258896,1.12137508,1.2917738,1.32734299,1.21203995,1.49302387,1.67841434,2.76666355,2.13064098,0.258944511,0.816003799,0.648431778,0.767261505,0.88371563,0.882392883,1.04986954,1.0163269,1.17721462,1.10968971,1.52312756,0.891914368,0.734042168,0.775410652,0.393795013,0.279998779,0.882983208,0.346635818,0.314789772,0.331075668,0.197414398,0.237272263,-0.00847434998,-0.0486946106,-0.0166664124,0.0515813828,-0.0682134628,-0.0133199692,-0.153974533,-0.114090919,0.33105278,-0.0695943832,-0.125710487
2026-08-22T12:26:59.568+00:00	1003.125	SUBSEG96 protocol=asd-research-v1.0.0 session=1 phase=DET window=2 group=5 segments=7 dims=96 fnv1a=26710e81 values=-10.33146,-10.33146,1.30239105,-10.33146,-10.33146,1.29286766,-10.33146,1.4318676,-10.33146,1.39175797,1.17584133,-10.33146,1.08490467,1.39255142,1.32686329,-10.33146,0.86884594,0.952490807,1.25094509,1.38438034,1.04026318,0.832015991,0.747068405,1.1891861,1.49871731,1.59139252,1.144454,1.19217014,0.929684639,1.04547691,1.14708042,0.842087746,1.17722416,1.06668568,1.05980873,2.46341276,3.2655654,0.990562439,0.834129333,0.829893112,0.905116081,1.30744076,0.875074387,0.702430725,0.769557953,0.879190445,0.950157166,1.67968416,0.906918526,1.05552483,1.05217266,0.797444344,0.826865196,1.98925304,0.928009987,1.13357449,1.11720371,1.35183144,1.22347546,1.41708851,1.60708427,2.6809454,2.38814974,0.292168617,0.798394203,0.674787521,0.750886917,0.778772354,0.842924118,1.04421329,1.00521851,1.1417923,1.11696339,1.48954201,0.87449646,0.577384949,0.809106827,0.331271172,0.31400013,0.757949829,0.281700134,0.189861298,0.333586693,0.132034302,0.181229591,0.0309667587,-0.135365486,-0.0437583923,-0.0646686554,-0.0120353699,-0.060997963,-0.132382393,-0.104582787,0.301460266,-0.0696468353,-0.0623588562
2026-08-22T12:27:04.011+00:00	1007.563	FLAGS protocol=asd-quality-v1.5.0 mode=READY state=CALIBRATED_NORMAL waiting=0 learning=0 learned=1 anomaly=0 hold=0 fault=0 green=on red=off guided25_available=1 workflow_pending=DEFAULT research_telemetry=1 profile_persistence_allowed=0 dropped=0
2026-08-22T12:27:08.849+00:00	1012.407	QUALITY protocol=asd-quality-v1.5.0 phase=DET index=3 total=0 result=OK metrics_valid=1 samples=159744 expected=159744 rms_dbfs=-47.511 dc=-0.508 peak=573 clipped=0 zeros=459 stuck=275 dropped_delta=0 feature_valid=1 tonalness_valid=1 tonalness_proxy=3.195285 tonal_gate=pending_normal_only
2026-08-22T12:27:08.856+00:00	1012.407	DET 3 score=548.086121 lo=0 hi=4374.05859 led=1 anom=0 total_anom=0 normal (uzastopnih=0 nivo=-47.5 dBFS racun=716 ms)
2026-08-22T12:27:08.988+00:00	1012.547	FEATURE96 protocol=asd-research-v1.0.0 session=1 phase=DET window=3 window_start_ms=1001872 window_end_ms=1011145 score=548.086121 level_dbfs=-47.5106583 quality=OK tonalness_proxy=3.19528532 dims=96 fnv1a=877c46fe values=-10.3723164,-10.3723164,2.18743038,-10.3723164,-10.3723164,1.34440517,-10.3723164,1.4048624,-10.3723164,1.33979321,0.892950058,-10.3723164,1.07992077,1.4984827,1.37088203,-10.3723164,0.968929291,0.788359642,1.04132557,1.24670506,0.856930733,0.823756218,1.04114819,1.16343975,1.36012173,1.46380711,1.23610783,1.1783905,1.23157978,1.22938824,0.967632294,0.960219383,1.18633366,1.13073063,1.29178047,2.54700565,3.19528532,1.05358696,0.912424088,1.22924423,1.36976051,1.37817955,0.816090584,0.907997131,0.743415833,0.84197998,1.04432106,1.60564613,0.942725182,0.974446297,1.01072502,1.08465099,1.17216969,1.94867182,0.881788254,1.1058836,1.0951643,1.26680851,1.18015957,1.42450905,1.53261948,2.70702839,2.02089882,0.269269943,0.737987518,0.530389786,0.668712616,0.740286827,0.778970718,0.940689087,0.949913979,1.13833332,1.05466747,1.35334396,0.836041451,0.652392387,0.648365021,0.321252823,0.242182732,0.805650711,0.254549026,0.190385818,0.257268906,0.131344795,0.138238907,-0.100126266,-0.124411583,-0.0962724686,-0.0568656921,-0.125397682,-0.0502824783,-0.211600304,-0.160486221,0.220655441,-0.0851678848,-0.150305748
2026-08-22T12:27:09.048+00:00	1012.610	SUBSEG96 protocol=asd-research-v1.0.0 session=1 phase=DET window=3 group=1 segments=8 dims=96 fnv1a=131d14da values=-10.3356295,-10.3356295,1.28738689,-10.3356295,-10.3356295,1.24845982,-10.3356295,1.54139996,-10.3356295,1.20976067,0.800490379,-10.3356295,1.12020874,1.52404213,1.43206692,-10.3356295,1.11733818,0.869884491,1.00721359,1.37219906,0.816734314,0.968831062,1.21892834,1.40965843,1.41352749,1.37624359,1.24383736,0.931072235,1.25501156,0.922861099,0.991567612,0.796722412,1.40288734,1.14611053,0.780226707FLAGS protocol=asd-quality-v1.5.0 mode=READY state=CALIBRATED_NORMAL waiting=0 learning=0 learned=1 anomaly=0 hold=0 fault=0 green=on red=off guided25_available=1 workflow_pending=DEFAULT research_telemetry=1 profile_persistence_allowed=0 dropped=0
2026-08-22T12:27:09.110+00:00	1012.672	,2.50805855,3.24614048,0.858385086,0.959150314,0.947348595,1.372118,1.47483063,0.822396278,0.76351738,0.633858681,0.863574982,0.987804413,1.58261395,0.590456009,1.01253033,1.06859875,0.989382744,1.0616436,1.98524618,0.87422657,0.884863853,1.19486809,1.29135895,1.28265285,1.45057869,1.57788658,2.73686647,2.20233488,0.303442001,0.829969406,0.634908676,0.669606209,0.842547417,0.828490257,0.998838425,0.995009422,1.18033028,1.14086151,1.4326849,0.877040863,0.642066956,0.767775536,0.402261734,0.259736061,0.76415062,0.313045502,0.223863602,0.286467552,0.214411736,0.133645058,-0.0389156342,-0.067650795,-0.0355091095,-0.0370798111,-0.0900154114,-0.0341329575,-0.164890289,-0.089173317,0.275058746,-0.0827026367,-0.119210243
2026-08-22T12:27:09.225+00:00	1012.782	SUBSEG96 protocol=asd-research-v1.0.0 session=1 phase=DET window=3 group=2 segments=8 dims=96 fnv1a=7774611d values=-10.3406897,-10.3406897,2.84852552,-10.3406897,-10.3406897,1.77123928,-10.3406897,1.23859692,-10.3406897,1.3121233,0.858368874,-10.3406897,1.08230114,1.34631062,1.01315403,-10.3406897,0.719528198,0.965023994,1.3276453,1.43043041,0.956636429,0.917585373,0.968771935,0.971110344,1.49640942,1.46007729,1.05930233,1.02521229,1.17455196,1.04494953,1.11057091,0.940824509,1.2140255,1.21872234,1.14103603,2.49428415,3.23852062,1.17097282,0.796422005,0.849342346,0.923150063,1.37528801,0.752955437,0.849290848,0.650279045,0.740732193,1.09928608,1.58679771,0.92667675,0.934699059,0.963932991,0.83045578,0.933830261,2.01101303,0.897259712,1.05653286,1.0949955,1.21267033,1.15079212,1.45400143,1.56106186,2.69150734,2.2100606,0.286967278,0.714467049,0.632202148,0.642925262,0.794410706,0.852316856,1.00717735,0.905212402,1.17421627,1.10727215,1.38194942,0.861422539,0.607094765,0.750181198,0.371016502,0.287825584,0.826971054,0.268820763,0.197439194,0.304675102,0.147456169,0.139651299,-0.0453824997,-0.0546607971,-0.0811233521,-0.0419597626,-0.0575866699,-0.0618896484,-0.167667389,-0.157562256,0.268152237,-0.0698709488,-0.136286736
2026-08-22T12:27:09.331+00:00	1012.891	SUBSEG96 protocol=asd-research-v1.0.0 session=1 phase=DET window=3 group=3 segments=8 dims=96 fnv1a=c1b3c10c values=-10.4018164,-10.4018164,1.15482044,-10.4018164,-10.4018164,0.984064102,-10.4018164,1.32882214,-10.4018164,1.42024803,0.932228088,-10.4018164,0.952455521,1.09755611,0.965481758,-10.4018164,0.778853416,0.663002014,1.06831455,1.21975613,0.838171005,0.72996521,0.948109627,1.00056839,1.16342735,1.42913914,1.33910751,1.22755718,1.35732746,1.21914959,0.892997742,1.0419836,0.780041695,1.24449158,1.71975565,2.61434937,3.16511869,1.34851646,1.10900211,1.70649338,1.79007769,1.48058891,0.92777729,1.07620716,0.76674366,1.04128075,1.24879169,1.7541976,1.26440525,1.11242008,1.13483047,1.40979767,1.54320145,1.96375513,0.978775978,1.36665154,1.15435886,1.29875374,1.15975189,1.50909996,1.4210825,2.65699244,1.99560785,0.304715157,0.716184616,0.407639503,0.630862236,0.631237984,0.692954063,0.921539307,0.935869217,1.10967159,1.07631016,1.30814362,0.827853203,0.675744057,0.57143116,0.283080101,0.209937096,0.786982536,0.268405914,0.168390274,0.21479702,0.0669937134,0.121853828,-0.0836648941,-0.221823692,-0.138590813,-0.0751285553,-0.0949296951,-0.0751266479,-0.284213066,-0.181056023,0.208254814,-0.0722579956,-0.1935215
2026-08-22T12:27:09.439+00:00	1013.000	SUBSEG96 protocol=asd-research-v1.0.0 session=1 phase=DET window=3 group=4 segments=7 dims=96 fnv1a=a9e99f2d values=-10.2944794,-10.2944794,1.41268635,-10.2944794,-10.2944794,0.984187126,-10.2944794,1.60449123,-10.2944794,1.50451279,1.01763725,-10.2944794,0.844244957,1.297369,1.33504009,-10.2944794,1.14446831,0.794034958,1.01372433,1.23627186,0.926670074,0.608771324,1.05353546,1.14843082,1.4411335,1.71094704,1.34234524,1.25040913,1.19197941,0.886627197,0.743124962,0.975802422,1.13985825,0.952572823,1.20244503,2.60047579,3.2402668,0.699412346,0.723568916,0.858424187,0.900650978,1.35128975,0.851403236,0.975859642,0.846217155,0.703296661,0.913547516,1.64188671,0.845945358,1.04108524,0.889448166,0.839046478,0.9601717,1.98501635,0.874720573,1.14055634,1.17741108,1.41238976,1.16059113,1.49240398,1.6723547,2.8017168,1.92825413,0.385479927,0.899500847,0.54064846,0.704070091,0.860743523,0.87638092,0.955737114,1.07916737,1.18981838,1.06557751,1.40563583,0.896546364,0.665511131,0.652591705,0.377911568,0.349299431,0.944336891,0.325604439,0.282236099,0.31411171,0.199858665,0.231941223,-0.0764331818,-0.0204439163,-0.0108680725,0.00368118286,-0.100457191,0.0511245728,-0.123671532,-0.0772027969,0.273097038,-0.0108804703,-0.045372963
2026-08-22T12:27:09.544+00:00	1013.094	SUBSEG96 protocol=asd-research-v1.0.0 session=1 phase=DET window=3 group=5 segments=7 dims=96 fnv1a=16d9f20a values=-10.3412886,-10.3412886,1.45711517,-10.3412886,-10.3412886,1.30435658,-10.3412886,1.39743519,-10.3412886,1.35284138,0.98299408,-10.3412886,1.36859512,1.93675184,1.80028105,-10.3412886,1.11728859,0.723567009,0.573656082,0.919788361,0.879769325,0.914631844,1.11361599,1.29015732,1.39182281,1.45411396,1.28167915,1.44772243,1.25877476,1.68214893,1.11709118,1.12112045,1.34308052,1.11362457,0.921343803,2.6400404,3.22880554,0.851101875,0.935094833,0.873231888,1.09020519,1.27060986,0.827342033,0.9249897,0.922157288,0.846240044,0.934636116,1.53120136,0.82095623,0.823186874,1.04800034,1.08531189,0.990785599,1.92620373,0.887612343,0.99036026,0.927639008,1.24907494,1.26790142,1.30830383,1.57609558,2.79825211,1.61032391,0.184498787,0.643022537,0.548764229,0.829070091,0.696185112,0.784900665,0.951098442,0.978662491,1.18276787,0.991724968,1.37898922,0.861189842,0.795125008,0.600499153,0.305873871,0.250582695,0.851968765,0.230759621,0.229408264,0.312810898,0.171257973,0.213877678,-0.134220123,-0.118181229,-0.0682640076,0.013915062,-0.165162086,0.0193624496,-0.169861794,-0.15546608,0.21584034,-0.0456781387,-0.105940819
2026-08-22T12:27:14.029+00:00	1017.578	FLAGS protocol=asd-quality-v1.5.0 mode=READY state=CALIBRATED_NORMAL waiting=0 learning=0 learned=1 anomaly=0 hold=0 fault=0 green=on red=off guided25_available=1 workflow_pending=DEFAULT research_telemetry=1 profile_persistence_allowed=0 dropped=0
2026-08-22T12:27:18.824+00:00	1022.375	QUALITY protocol=asd-quality-v1.5.0 phase=DET index=4 total=0 result=OK metrics_valid=1 samples=159744 expected=159744 rms_dbfs=-48.140 dc=-0.432 peak=475 clipped=0 zeros=497 stuck=313 dropped_delta=0 feature_valid=1 tonalness_valid=1 tonalness_proxy=3.234276 tonal_gate=pending_normal_only
2026-08-22T12:27:18.831+00:00	1022.391	DET 4 score=487.38736 lo=0 hi=4374.05859 led=1 anom=0 total_anom=0 normal (uzastopnih=0 nivo=-48.1 dBFS racun=716 ms)
2026-08-22T12:27:18.963+00:00	1022.516	FEATURE96 protocol=asd-research-v1.0.0 session=1 phase=DET window=4 window_start_ms=1011852 window_end_ms=1021119 score=487.38736 level_dbfs=-48.1404152 quality=OK tonalness_proxy=3.23427582 dims=96 fnv1a=81e09e14 values=-10.3238153,-10.3238153,1.27904129,-10.3238153,-10.3238153,1.08210278,-10.3238153,1.523633,-10.3238153,1.58628845,1.11453533,-10.3238153,1.0716877,1.45239925,1.46040726,-10.3238153,1.08906078,0.858194351,1.11516285,1.23836327,0.974821091,0.894171715,1.15653229,1.28697586,1.48769188,1.7659626,1.43888855,1.14681339,1.15300369,1.15151405,1.02297497,0.963021278,1.20404434,1.06841469,0.949793816,2.64000702,3.23427582,0.801286697,0.731529236,0.858270645,0.878967285,1.34639168,0.733820915,0.794610977,0.708073616,0.815317154,1.0567522,1.63805962,0.815452576,1.0023222,1.0023489,0.948371887,0.976250648,2.01566792,0.889212608,1.10352707,1.10555363,1.33335876,1.22824097,1.37809277,1.54566765,2.80491304,1.68176365,0.314833641,0.765003204,0.591838837,0.656460762,0.810990334,0.843434334,0.992242813,1.00798321,1.15010166,1.08555317,1.39510918,0.84757328,0.804868698,0.613941193,0.380443573,0.27189064,0.79741478,0.276527405,0.270692825,0.285074234,0.160102844,0.203805923,-0.0774469376,-0.0935049057,-0.0806350708,0.0240535736,-0.133070946,0.00129508972,-0.166854858,-0.137413025,0.26746273,-0.0546875,-0.0882740021
2026-08-22T12:27:19.090+00:00	1022.641	SUBSEG96 protocol=asd-research-v1.0.0 session=1 phase=DET window=4 group=1 segments=8 dims=96 fnv1a=cbff14fb values=-10.3173704,-10.3173704,1.63512897,-10.3173704,-10.3173704,1.27010155,-10.3173704,1.51157761,-10.3173704,1.43137741,0.923021317,-10.3173704,0.854452133,1.54048443,1.59955978,-10.3173704,1.05723381,0.656080246,1.11645412,1.26575184,0.939932823,0.67828083,1.22486591,1.27386189,1.27397537,1.72922039,1.45509529,1.25808525,1.29363346,1.21014977,0.969498634,0.984443665,1.02400017,0.875255585,0.866146088,2.58392525,3.247509,0.889656067,0.589285851,0.831941605,1.01577282,1.27972794,0.715931892,0.857335091,0.657634735,0.788407326,0.955462456,1.70115328,0.77939415,1.06823635,1.08798695,0.948563576,0.896523476,2.02825356,0.929631233,1.06792927,1.1321764,1.44122791,1.24797058,1.37929153,1.60688877,2.81424856,1.9411006,0.365282059,0.776412964,0.555217743,0.592886925,0.76515007,0.824421883,0.983620644,1.03363323,1.19194031,1.14309025,1.45780277,0.847220421,0.733546257,0.702169418,0.383829117,0.227901459,0.826254845FLAGS protocol=asd-quality-v1.5.0 mode=READY state=CALIBRATED_NORMAL waiting=0 learning=0 learned=1 anomaly=0 hold=0 fault=0 green=on red=off guided25_available=1 workflow_pending=DEFAULT research_telemetry=1 profile_persistence_allowed=0 dropped=0
2026-08-22T12:27:19.093+00:00	1022.641	,0.274062157,0.263578415,0.290413857,0.136306763,0.237531662,-0.106637001,-0.0823707581,-0.0551576614,0.0397624969,-0.122817039,-0.0291881561,-0.151833534,-0.157723427,0.319915771,-0.0330972672,-0.0951004028
2026-08-22T12:27:19.195+00:00	1022.750	SUBSEG96 protocol=asd-research-v1.0.0 session=1 phase=DET window=4 group=2 segments=8 dims=96 fnv1a=8fec7993 values=-10.3201628,-10.3201628,1.31788349,-10.3201628,-10.3201628,1.10183525,-10.3201628,1.65040112,-10.3201628,1.67956066,0.878977776,-10.3201628,1.03266811,1.34462261,1.18522453,-10.3201628,0.848154068,1.01431656,1.40681839,1.50828171,1.09887218,0.89221096,1.28269577,1.24018192,1.52073574,1.82588673,1.44390202,1.03593159,1.16698647,1.05845356,0.784924507,1.1526804,1.29991817,1.12271118,1.09811115,2.66733456,3.2414484,0.626592636,0.761735916,0.933115959,0.53412056,1.28016663,0.779493332,0.805664062,0.764140129,0.749762535,1.00511551,1.6687851,0.779670715,1.06182957,0.994754791,0.675999641,1.0347929,1.97919655,0.943063736,1.17914963,1.06483364,1.29637432,1.2933979,1.35726452,1.57571411,2.81973553,1.5443573,0.421656609,0.795893669,0.645580292,0.643395424,0.809328079,0.740347862,0.996949196,1.0419817,1.1177969,1.0574131,1.39033413,0.840805054,0.879951477,0.659957886,0.385795593,0.271591187,0.785856247,0.262957573,0.186390877,0.257180214,0.169155121,0.219717026,-0.0747423172,-0.101861954,-0.0614023209,0.00466442108,-0.116427422,0.0387382507,-0.130075455,-0.129174232,0.263119698,-0.0272436142,-0.0948038101
2026-08-22T12:27:19.302+00:00	1022.860	SUBSEG96 protocol=asd-research-v1.0.0 session=1 phase=DET window=4 group=3 segments=8 dims=96 fnv1a=83dbcb9c values=-10.2880392,-10.2880392,0.994353294,-10.2880392,-10.2880392,1.06680393,-10.2880392,1.41509914,-10.2880392,1.45871162,1.08456135,-10.2880392,1.04039574,1.32356071,1.11851501,-10.2880392,0.918421745,0.751205444,0.801103592,1.12557983,0.788255692,0.813691139,1.17548656,1.35015392,1.46467113,1.90471172,1.51761246,1.15102577,1.2194376,1.19145393,1.00218773,0.937097549,1.2178545,0.930722237,0.890755653,2.70952082,3.25015402,1.00765419,0.789922714,0.743971825,0.751819611,1.42199707,0.677483559,0.903231621,0.784129143,0.925737381,1.16723633,1.63557529,0.937607765,0.955615997,0.933761597,1.03036404,0.914459229,2.07816553,0.876689911,1.14478588,1.13787746,1.37901878,1.2838068,1.37173462,1.57546806,2.83870697,1.39535999,0.278629303,0.827219009,0.581092834,0.686928749,0.903809547,0.944178581,1.02296162,1.04197502,1.17335606,1.11565876,1.41923046,0.899929047,0.859784126,0.53098011,0.332180977,0.310018539,0.821174622,0.31265831,0.343026161,0.319329262,0.211286545,0.22565937,-0.011349678,-0.0149374008,-0.0775737762,0.0623064041,-0.093006134,0.037853241,-0.125180244,-0.103794098,0.297272682,-0.0587368011,-0.0447940826
2026-08-22T12:27:19.412+00:00	1022.969	SUBSEG96 protocol=asd-research-v1.0.0 session=1 phase=DET window=4 group=4 segments=7 dims=96 fnv1a=9eec0da5 values=-10.3283262,-10.3283262,0.951138496,-10.3283262,-10.3283262,0.821756363,-10.3283262,1.62639904,-10.3283262,1.81694794,1.36946106,-10.3283262,1.23042774,1.64901924,1.7493,-10.3283262,1.3907423,1.057621,1.22148609,1.19714451,0.9787817,1.04837513,1.10584354,1.22639465,1.59099674,1.74862623,1.42725086,1.21407986,0.795917511,0.975610733,1.08057213,0.868680954,1.28668022,1.18079281,0.925207138,2.67695808,3.20747662,0.615883827,0.882782936,0.723237991,0.970855713,1.34165859,0.737703323,0.581009865,0.671128273,0.775057793,1.16034508,1.52185154,0.768995285,1.05347252,1.0645771,0.995771408,1.05679607,2.02611208,0.914155006,1.09896755,1.08977318,1.3184557,1.13997555,1.44390774,1.53900433,2.80424833,1.24704456,0.208128929,0.643182755,0.644827843,0.740038872,0.85970974,0.888651848,1.01128006,1.00912762,1.06507492,1.07051659,1.37123775,0.845370293,0.873138428,0.49911499,0.424821854,0.285514832,0.773158073,0.266400337,0.313586235,0.250386238,0.17999649,0.175291061,-0.118880272,-0.128879547,-0.0940961838,0.00867843628,-0.14935112,-0.0186729431,-0.246166229,-0.141080856,0.252997398,-0.0516662598,-0.0474328995
2026-08-22T12:27:19.516+00:00	1023.078	SUBSEG96 protocol=asd-research-v1.0.0 session=1 phase=DET window=4 group=5 segments=7 dims=96 fnv1a=5a9c4bf2 values=-10.3100138,-10.3100138,1.07923222,-10.3100138,-10.3100138,1.06705475,-10.3100138,1.39234734,-10.3100138,1.46484947,1.22371578,-10.3100138,1.19073486,1.36591339,1.39417171,-10.3100138,1.10151672,0.701951027,0.575510025,0.841723442,1.05935287,1.02185917,0.946159363,1.38797283,1.593997,1.6080246,1.39116573,1.09173679,1.18011189,1.31060314,1.24653244,0.813836098,1.20136166,1.21166134,0.977138519,2.60646439,3.27904177,0.787495613,0.6299963,1.04027176,1.01970196,1.45279408,0.806458473,0.806515694,0.701696396,0.877382278,1.0202055,1.68945408,0.848924637,0.883223534,0.959953308,1.07565022,1.01753521,2.01937199,0.815281868,1.06429768,1.15730381,1.24959087,1.20239162,1.39460278,1.46001434,2.80048847,1.91071081,0.309049606,0.811366081,0.580018044,0.671278954,0.755601883,0.860852242,1.00330257,0.954866409,1.24144268,1.08914471,1.38101768,0.859219551,0.693224907,0.686087608,0.429860115,0.321846962,0.83425808,0.323573112,0.296892166,0.361117363,0.157755852,0.210166931,-0.0256700516,-0.0933666229,-0.0623464584,0.0601100922,-0.132218361,0.0294446945,-0.140548706,-0.0983610153,0.250395775,-0.0506629944,-0.105826378
2026-08-22T12:27:24.049+00:00	1027.610	FLAGS protocol=asd-quality-v1.5.0 mode=READY state=CALIBRATED_NORMAL waiting=0 learning=0 learned=1 anomaly=0 hold=0 fault=0 green=on red=off guided25_available=1 workflow_pending=DEFAULT research_telemetry=1 profile_persistence_allowed=0 dropped=0
2026-08-22T12:27:28.797+00:00	1032.360	QUALITY protocol=asd-quality-v1.5.0 phase=DET index=5 total=0 result=OK metrics_valid=1 samples=159744 expected=159744 rms_dbfs=-47.489 dc=-0.591 peak=514 clipped=0 zeros=447 stuck=305 dropped_delta=0 feature_valid=1 tonalness_valid=1 tonalness_proxy=3.223479 tonal_gate=pending_normal_only
2026-08-22T12:27:28.805+00:00	1032.360	DET 5 score=276.328613 lo=0 hi=4374.05859 led=1 anom=0 total_anom=0 normal (uzastopnih=0 nivo=-47.5 dBFS racun=716 ms)
2026-08-22T12:27:28.934+00:00	1032.485	FEATURE96 protocol=asd-research-v1.0.0 session=1 phase=DET window=5 window_start_ms=1021822 window_end_ms=1031094 score=276.328613 level_dbfs=-47.4887657 quality=OK tonalness_proxy=3.22347927 dims=96 fnv1a=0ba3e7b7 values=-10.3533344,-10.3533344,1.3605299,-10.3533344,-10.3533344,1.16271877,-10.3533344,1.41484261,-10.3533344,1.44150543,1.09121037,-10.3533344,1.12966633,1.5174675,1.62642193,-10.3533344,1.2080183,1.09329796,1.25741959,1.47564507,1.10746861,0.91140461,1.22179317,1.28512383,1.4181776,1.56736851,1.27275085,1.18392849,1.10080242,0.988736153,1.05306244,1.03125381,1.30170536,1.04701614,1.07168007,2.46980381,3.22347927,0.682037354,0.710307121,0.927505493,0.961297035,1.2970314,0.785337448,0.736585617,0.743383408,0.827075958,1.01249409,1.55500698,0.908130646,0.989416122,0.969112396,0.814703941,0.94605732,1.98168278,0.81914711,0.980799675,1.07301331,1.2881918,1.22929478,1.41795826,1.51374149,2.68886805,2.33734179,0.229415894,0.803657532,0.583939552,0.706212044,0.734474182,0.808292389,0.991120338,0.982528687,1.15873051,1.0432272,1.45639229,0.8289814,0.59641552,0.729790688,0.371480942,0.289969444,0.777729034,0.242595673,0.235163689,0.267149925,0.155694962,0.15086174,-0.0228862762,-0.12634182,-0.0849905014,-0.0386018753,-0.0474128723,-0.0274133682,-0.140782356,-0.136283875,0.275052071,-0.0822715759,-0.115085602
2026-08-22T12:27:29.041+00:00	1032.594	SUBSEG96 protocol=asd-research-v1.0.0 session=1 phase=DET window=5 group=1 segments=8 dims=96 fnv1a=674eff24 values=-10.3604746,-10.3604746,1.51256466,-10.3604746,-10.3604746,1.28802299,-10.3604746,1.61571598,-10.3604746,1.69536638,1.37112904,-10.3604746,1.17822456,1.44415188,1.51332474,-10.3604746,1.01804543,0.703324318,1.19161606,1.41838646,1.07374668,0.901803017,1.35578918,1.32499313,1.32767963,1.24618435,1.45899677,1.48111057,1.15613651,0.924176216,1.1610384,1.17468071,1.31423759,1.01740456,1.05909348,2.46860933,3.21571827,0.613155365,0.591262817,1.02463436,1.16946507,1.40299511,0.760741234,0.659239769,0.716114998,0.868816376,0.967243195,1.52475739,0.873855591,0.969172478,1.04853153,0.741914749,0.957672119,1.96954727,0.839175224,0.91442585,1.00288868,1.18907833,1.23563004,1.41879082,1.508358,2.68281031,2.33810186,0.228478432,0.819936752,0.579823494,0.702586174,0.714327812,0.759176254,0.94156456,0.96530056,1.13708878,1.02185059,1.46389198,0.792246819,0.552217484,0.691231728,0.374952316,0.346075058,0.755818367,0.239327431,0.266247749,0.315509796,0.126963615,0.174920082,-0.0899057388,-0.124526978,-0.10579586,-0.0164375305,-0.0275535583,-0.0725345612,-0.136897087,-0.175783157,0.273540497,-0.0646657944,-0.144796371
2026-08-22T12:27:29.077+00:00	1032.625	SUBSEG96 protocol=asd-research-v1.0.0 session=1 phase=DET window=5 group=2 segments=8 dims=96 fnv1a=d250f244 values=-10.3530836,-10.3530836,1.09373093,-10.3530836,-10.3530836,1.0222311,-10.3530836,1.33442307,-10.3530836,1.44800091,0.957238197,-10.3530836,0.943572998FLAGS protocol=asd-quality-v1.5.0 mode=READY state=CALIBRATED_NORMAL waiting=0 learning=0 learned=1 anomaly=0 hold=0 fault=0 green=on red=off guided25_available=1 workflow_pending=DEFAULT research_telemetry=1 profile_persistence_allowed=0 dropped=0
2026-08-22T12:27:29.167+00:00	1032.719	,1.67288876,1.98649597,-10.3530836,1.43425751,1.34568596,1.45656204,1.71421242,1.29432106,0.997733116,1.00585175,1.23222256,1.47026634,1.54910278,1.10136986,0.961561203,1.0616951,0.838269234,1.18644142,0.715590477,1.30204487,1.09357548,1.02130795,2.48845291,3.26828003,0.612753868,0.702126503,0.924762726,0.998998642,1.3215704,0.929900169,0.683041573,0.657477379,0.817375183,1.03015518,1.5003376,0.955021858,0.933211327,0.979755402,0.810714722,0.980704308,2.01255798,0.700302124,0.93679142,1.10925961,1.24845314,1.26675797,1.41152,1.48392582,2.68865967,2.40902376,0.190153122,0.82088089,0.581818581,0.744710922,0.74192524,0.802241325,0.971364021,1.01781368,1.15439796,1.05720806,1.50814915,0.856894493,0.609284401,0.777931213,0.353806496,0.310873985,0.78281498,0.235949516,0.223950386,0.246385574,0.19401741,0.145825386,0.00869655609,-0.135055542,-0.0865526199,-0.0627250671,-0.0646591187,-0.0284042358,-0.144935608,-0.1519804,0.287890434,-0.0996599197,-0.129014969
2026-08-22T12:27:29.278+00:00	1032.828	SUBSEG96 protocol=asd-research-v1.0.0 session=1 phase=DET window=5 group=3 segments=8 dims=96 fnv1a=afc10f9b values=-10.3335648,-10.3335648,1.36351013,-10.3335648,-10.3335648,1.12187958,-10.3335648,1.25264835,-10.3335648,1.28024769,0.962240219,-10.3335648,1.14780045,1.51422977,1.52855968,-10.3335648,1.139925,0.917725563,0.780075073,1.29107952,0.933848381,0.699806213,1.06226635,1.24963951,1.33637142,1.68906641,1.43540382,1.05984116,1.20573521,1.19858837,0.768755913,1.19588184,1.35907364,1.13200378,1.15970993,2.41777277,3.18914747,0.780128479,0.879206657,1.01204205,0.905442238,1.2651825,0.896381378,0.655517578,0.830206871,0.784801483,0.980493546,1.58432388,0.989679337,1.02775478,0.938886642,0.92166996,0.962777138,2.00415277,0.901768684,1.05556297,1.13893318,1.38406944,1.22559166,1.41737556,1.45764542,2.67912722,2.44916153,0.251742363,0.786799431,0.537554741,0.779403687,0.796013832,0.865286827,1.06948471,1.01747036,1.20692825,1.0579834,1.4461174,0.804808617,0.583368301,0.725137711,0.388768196,0.251695633,0.7924366,0.236774445,0.235931396,0.255342484,0.195695877,0.149577141,0.00914764404,-0.0925512314,-0.0516233444,-0.0593261719,0.0204792023,0.00744342804,-0.119807243,-0.0959692001,0.315684319,-0.119321823,-0.100623131
2026-08-22T12:27:29.386+00:00	1032.938	SUBSEG96 protocol=asd-research-v1.0.0 session=1 phase=DET window=5 group=4 segments=7 dims=96 fnv1a=645e187a values=-10.3202219,-10.3202219,1.61883926,-10.3202219,-10.3202219,1.17613506,-10.3202219,1.10859489,-10.3202219,0.928889275,0.782184601,-10.3202219,1.23850441,1.43415356,1.30844212,-10.3202219,1.22604942,0.974778175,1.19738674,1.35120583,0.855834961,1.09015942,1.44014168,1.34743118,1.40437603,1.64537811,0.961689949,0.721943855,1.03241634,0.946411133,0.744470596,1.14249229,1.4089756,1.08473587,1.16951752,2.5217309,3.30619717,0.532093048,0.781326294,0.950771332,0.793524742,1.28394032,0.623009682,0.944283485,0.890673637,0.938358307,1.09672165,1.66203785,0.876404762,1.02727032,1.0602932,0.813786507,0.919441223,1.97502899,0.839816093,0.953453064,1.03144073,1.37319374,1.24556828,1.42613506,1.60347366,2.70057154,2.40171242,0.241518974,0.869654655,0.657335281,0.692564011,0.760201454,0.833024979,1.04894733,1.02751637,1.16483021,1.06598854,1.50106907,0.87709713,0.556438446,0.775332451,0.384842873,0.293233871,0.811234474,0.317318916,0.255653381,0.270830154,0.151988983,0.177538872,0.0658988953,-0.107812881,-0.064166069,-0.0274343491,-0.00578212738,0.0350570679,-0.0762815475,-0.110643387,0.299346924,-0.0556354523,-0.0384292603
2026-08-22T12:27:29.492+00:00	1033.047	SUBSEG96 protocol=asd-research-v1.0.0 session=1 phase=DET window=5 group=5 segments=7 dims=96 fnv1a=92d5dd57 values=-10.3364582,-10.3364582,0.960333824,-10.3364582,-10.3364582,1.2217865,-10.3364582,1.58552647,-10.3364582,1.51786613,1.15338039,-10.3364582,1.17026806,1.51879787,1.42059135,-10.3364582,1.15736485,1.2800684,1.43645668,1.50207138,1.2534008,0.847103119,1.17515087,1.33057308,1.57976437,1.67229986,1.21082592,1.31492996,1.06364536,1.00930786,1.20452785,0.717948914,1.13632107,0.929105759,0.983293533,2.51389551,3.19024944,0.856858253,0.585800171,0.673818588,0.833455086,1.22945499,0.640837669,0.772878647,0.644434929,0.770644188,1.05171299,1.56489372,0.880998611,1.05254555,0.831998825,0.82839489,0.959381104,2.00285482,0.857463837,1.08832741,1.12547398,1.2931118,1.22839737,1.47796631,1.57818031,2.75555706,1.98795319,0.296836853,0.77713871,0.627151489,0.646323204,0.713291168,0.841609955,0.978417397,0.934850693,1.18950653,1.07580757,1.41094494,0.877246857,0.726518631,0.737890244,0.417301178,0.295659065,0.810700417,0.247411728,0.25299263,0.302671432,0.162689209,0.166651726,-0.0555515289,-0.111616135,-0.0545539856,0.0327415466,-0.117729187,-0.0155029297,-0.167729378,-0.0839929581,0.253510475,-0.0110006332,-0.0969028473
2026-08-22T12:27:34.060+00:00	1037.610	FLAGS protocol=asd-quality-v1.5.0 mode=READY state=CALIBRATED_NORMAL waiting=0 learning=0 learned=1 anomaly=0 hold=0 fault=0 green=on red=off guided25_available=1 workflow_pending=DEFAULT research_telemetry=1 profile_persistence_allowed=0 dropped=0
2026-08-22T12:27:38.773+00:00	1042.328	QUALITY protocol=asd-quality-v1.5.0 phase=DET index=6 total=0 result=OK metrics_valid=1 samples=159744 expected=159744 rms_dbfs=-47.056 dc=-0.393 peak=526 clipped=0 zeros=478 stuck=279 dropped_delta=0 feature_valid=1 tonalness_valid=1 tonalness_proxy=3.216475 tonal_gate=pending_normal_only
2026-08-22T12:27:38.779+00:00	1042.328	DET 6 score=288.878632 lo=0 hi=4374.05859 led=1 anom=0 total_anom=0 normal (uzastopnih=0 nivo=-47.1 dBFS racun=716 ms)
2026-08-22T12:27:38.910+00:00	1042.469	FEATURE96 protocol=asd-research-v1.0.0 session=1 phase=DET window=6 window_start_ms=1031802 window_end_ms=1041068 score=288.878632 level_dbfs=-47.056118 quality=OK tonalness_proxy=3.21647501 dims=96 fnv1a=4614d842 values=-10.3471308,-10.3471308,1.59367085,-10.3471308,-10.3471308,1.4816761,-10.3471308,1.82523298,-10.3471308,1.85526657,1.3292799,-10.3471308,1.12573433,1.60117245,1.59310532,-10.3471308,1.26301098,1.07668304,1.15201473,1.24261856,1.01042938,0.8487854,0.923417091,1.17306423,1.35140705,1.43840981,1.28058052,1.10451603,1.09845829,1.04323196,0.914886475,0.906194687,1.24838448,1.06666374,1.07789612,2.5226984,3.21647501,0.788118362,0.726431847,0.841682434,0.834795952,1.33959961,0.686325073,0.693049431,0.615350723,0.776412964,1.00960636,1.57857704,0.756416321,0.987194061,0.986231804,0.856842041,0.926496506,1.99026918,0.860165596,1.03390121,1.15088558,1.31092644,1.21047401,1.38537407,1.55380058,2.706604,2.15258598,0.265564919,0.802222252,0.554018021,0.665003777,0.747540474,0.786428452,0.987348557,0.975201607,1.15545845,1.07221413,1.41499519,0.853490829,0.676438332,0.699542999,0.391928673,0.263856888,0.80667305,0.26593399,0.261633873,0.286846161,0.14629364,0.168821335,-0.051861763,-0.0847129822,-0.089630127,-0.0249080658,-0.070476532,-0.00832271576,-0.145335197,-0.143316269,0.22682476,-0.0755414963,-0.126271248
2026-08-22T12:27:39.016+00:00	1042.578	SUBSEG96 protocol=asd-research-v1.0.0 session=1 phase=DET window=6 group=1 segments=8 dims=96 fnv1a=8450d2fd values=-10.2837801,-10.2837801,1.35007286,-10.2837801,-10.2837801,0.933966637,-10.2837801,1.19684219,-10.2837801,1.25009155,1.16750813,-10.2837801,0.762005806,1.12544346,1.39413071,-10.2837801,1.22510815,0.981030464,1.1727047,1.11070156,0.802431107,0.959428787,0.698801994,1.18866158,1.43361473,1.70617104,1.52104759,1.27227306,1.0229454,0.880681038,0.919166565,0.970038414,1.393466,0.910251617,1.06477928,2.67271566,3.28461313,0.895863533,0.826324463,0.871447563,1.04679489,1.41036892,0.631132126,0.687943459,0.617712975,0.816298485,1.00426006,1.61332607,0.885725975,1.07529736,1.05641747,1.03005314,0.964651108,2.07187939,0.871951103,1.12495422,1.11072063,1.3154459,1.28599644,1.38275242,1.56728363,2.84755039,1.66082764,0.20982933,0.753921509,0.640016556,0.714763641,0.849339485,0.877462387,1.02380657,1.01954365,1.25152302,1.17404938,1.42978096,0.88326931,0.850476265,0.63331604,0.488018036,0.268383026,0.837239265,0.263195038,0.294071198,0.339836121,0.206427574,0.228381157,-0.0305538177,-0.081867218,-0.017824173,0.0660514832,-0.0866527557,0.0547914505,-0.110638618,-0.0774717331,0.29923439,0.0231904984,-0.048453331
2026-08-22T12:27:39.090+00:00	1042.641	SUBSEG96 protocol=asd-research-v1.0.0 session=1 phase=DET window=6 group=2 segments=8 dims=96 fnv1a=8cfeb6c7 values=-10.3458548,-10.3458548,1.34655666,-10.3458548,-10.3458548,1.29687023,-10.3458548,1.77891636,-10.3458548,2.02844143,1.48348713,-10.3458548,0.991603851,1.64905834,1.71282339,-10.3458548,1.55298424,1.4945755,1.30940914,1.21120262,1.11226654,0.804991722,0.788003922,0.772449493,1.14134312,1.34225178,1.18731308,1.07786274,1.24431133,1.16582775,0.967878342,1.1607666,1.30972481,1.18348503,1.12716484,2.60707664,3.22719288,0.735414505,0.775719643,0.746944427,0.926147461,1.20476532,0.863492012,0.686323166,0.645688057,0.78519249,0.91544342FLAGS protocol=asd-quality-v1.5.0 mode=READY state=CALIBRATED_NORMAL waiting=0 learning=0 learned=1 anomaly=0 hold=0 fault=0 green=on red=off guided25_available=1 workflow_pending=DEFAULT research_telemetry=1 profile_persistence_allowed=0 dropped=0
2026-08-22T12:27:39.137+00:00	1042.688	,1.52202034,0.740491867,0.982154846,0.984430313,0.70353508,0.882683754,2.03228521,0.931966782,0.988600731,1.18962669,1.24240112,1.08100319,1.40159321,1.53993225,2.76224422,1.85204268,0.315233231,0.795884132,0.551288605,0.667464256,0.654415131,0.771561623,1.1180439,0.994585991,1.09445763,1.05193043,1.40388012,0.849131584,0.691011429,0.673305511,0.365561485,0.288990974,0.823101044,0.240050316,0.286160469,0.249862671,0.1994524,0.176301003,-0.0944213867,-0.0549669266,-0.0975389481,0.0325260162,-0.126558304,-0.00470256805,-0.172446251,-0.144104958,0.158852577,-0.0329818726,-0.156292915
2026-08-22T12:27:39.252+00:00	1042.813	SUBSEG96 protocol=asd-research-v1.0.0 session=1 phase=DET window=6 group=3 segments=8 dims=96 fnv1a=3f5b83fc values=-10.3326006,-10.3326006,1.23448372,-10.3326006,-10.3326006,1.09029675,-10.3326006,1.79358006,-10.3326006,1.93853092,1.44131756,-10.3326006,1.46068954,1.65610504,1.57422066,-10.3326006,0.865592003,0.566003799,0.993947029,1.28088474,0.828572273,0.898328781,1.2291975,1.4835453,1.50628567,1.25728512,1.18191242,1.17478275,1.05742168,0.882394791,0.857076645,0.753383636,1.21936035,1.0820694,1.24272537,2.50581837,3.24242115,0.817038536,0.886277199,0.91354847,0.858345985,1.34764576,0.614536285,0.681461334,0.56846714,0.868425369,1.13326263,1.59664536,0.662050247,1.00768566,0.850788116,0.848162651,1.02442741,1.98244047,0.870723724,1.06754684,1.19218445,1.45034599,1.26076221,1.42837429,1.51280975,2.67115498,2.23996639,0.257834435,0.845890999,0.505651474,0.620229721,0.773377419,0.818300247,0.970972061,0.98015976,1.17670918,1.1092453,1.47362423,0.839045525,0.600803375,0.758386612,0.405725479,0.283215523,0.842799187,0.312403679,0.263087273,0.314310074,0.147462845,0.164526939,-0.0257968903,-0.0474729538,-0.0683507919,-0.0521783829,0.00377655029,-0.00487613678,-0.137972832,-0.134671211,0.254228592,-0.124925613,-0.118268967
2026-08-22T12:27:39.366+00:00	1042.922	SUBSEG96 protocol=asd-research-v1.0.0 session=1 phase=DET window=6 group=4 segments=7 dims=96 fnv1a=8fa1861b values=-10.3684282,-10.3684282,2.05372477,-10.3684282,-10.3684282,1.90866518,-10.3684282,2.13988495,-10.3684282,1.97481775,1.34193134,-10.3684282,1.04555893,1.78911352,1.78574085,-10.3684282,1.34098625,0.879072189,1.24179363,1.43590641,1.29536915,0.860757828,0.921451569,1.09738827,1.33922768,1.42334843,1.2511692,0.968550682,1.01863861,1.17804432,0.931587219,0.812669754,1.21604729,0.990301132,0.886294365,2.35507774,3.18576574,0.634441376,0.461319923,0.825483322,0.614924431,1.41195107,0.601148605,0.638305664,0.620623589,0.719400406,0.994972229,1.73084593,0.767064095,0.940537453,0.981898308,0.910345078,0.751484871,1.95009995,0.796742439,0.95144558,1.10395336,1.29716206,1.28176403,1.37046814,1.64416027,2.57711554,2.41497946,0.290241241,0.838986397,0.53319931,0.649370193,0.782148361,0.794594765,0.933526993,0.989878654,1.15627289,1.01288986,1.37156868,0.854804039,0.564322472,0.735889435,0.369231224,0.268961906,0.766383171,0.277966499,0.226109505,0.308629036,0.152064323,0.134009361,-0.00380134583,-0.135069847,-0.131106377,-0.0872650146,-0.0667486191,-0.0146026611,-0.124574661,-0.171701431,0.256176949,-0.0953817368,-0.151197433
2026-08-22T12:27:39.467+00:00	1043.016	SUBSEG96 protocol=asd-research-v1.0.0 session=1 phase=DET window=6 group=5 segments=7 dims=96 fnv1a=1f8ff468 values=-10.3261671,-10.3261671,1.46410656,-10.3261671,-10.3261671,1.56259251,-10.3261671,1.83605337,-10.3261671,1.75913811,1.13621235,-10.3261671,1.10144329,1.60108566,1.39790535,-10.3261671,1.06372547,0.907910347,1.01552391,1.16313744,0.827166557,0.775867462,0.804775238,1.10265541,1.34198284,1.43378925,1.26948261,1.04776478,1.17043686,1.08220196,0.97117424,0.71421051,1.13147736,1.1747961,1.05443764,2.48435307,3.21662951,0.900680542,0.617519379,0.919028282,0.643306732,1.38753796,0.726462364,0.837327957,0.700120926,0.749647141,1.05206776,1.45365143,0.791926384,1.00396729,1.11570358,0.824666977,1.03850842,1.98362207,0.893666267,1.10442162,1.22264004,1.29387665,1.19941711,1.41866684,1.57784176,2.71378946,2.2761693,0.321882248,0.847092628,0.617281914,0.752232552,0.746207237,0.736671448,0.92346096,0.968756676,1.17346096,1.08107471,1.4696207,0.923698425,0.712621689,0.762003899,0.40682888,0.286889076,0.839226723,0.313687325,0.316743851,0.301021576,0.0882825851,0.220226288,-0.0260410309,-0.0325174332,-0.0562725067,-0.0206298828,-0.00621700287,0.00742053986,-0.0981245041,-0.109345436,0.241783142,-0.080499649,-0.077501297
2026-08-22T12:27:44.070+00:00	1047.625	FLAGS protocol=asd-quality-v1.5.0 mode=READY state=CALIBRATED_NORMAL waiting=0 learning=0 learned=1 anomaly=0 hold=0 fault=0 green=on red=off guided25_available=1 workflow_pending=DEFAULT research_telemetry=1 profile_persistence_allowed=0 dropped=0
2026-08-22T12:27:48.811+00:00	1052.360	QUALITY protocol=asd-quality-v1.5.0 phase=DET index=7 total=0 result=OK metrics_valid=1 samples=159744 expected=159744 rms_dbfs=-47.035 dc=-0.510 peak=553 clipped=0 zeros=422 stuck=275 dropped_delta=0 feature_valid=1 tonalness_valid=1 tonalness_proxy=3.214601 tonal_gate=pending_normal_only
2026-08-22T12:27:48.819+00:00	1052.375	DET 7 score=400.336182 lo=0 hi=4374.05859 led=1 anom=0 total_anom=0 normal (uzastopnih=0 nivo=-47.0 dBFS racun=716 ms)
2026-08-22T12:27:48.948+00:00	1052.500	FEATURE96 protocol=asd-research-v1.0.0 session=1 phase=DET window=7 window_start_ms=1041772 window_end_ms=1051106 score=400.336182 level_dbfs=-47.0352173 quality=OK tonalness_proxy=3.21460056 dims=96 fnv1a=1ceefba4 values=-10.3638744,-10.3638744,1.96561146,-10.3638744,-10.3638744,1.74624348,-10.3638744,1.96396446,-10.3638744,1.84587812,1.20034122,-10.3638744,1.20755577,1.77587938,1.66569233,-10.3638744,1.26859379,1.06028366,1.21838093,1.29170799,1.05763245,0.996692657,1.07272053,1.30257416,1.44244003,1.43938637,1.42883015,1.2239027,1.11589909,0.918455124,0.894449234,0.914689064,1.2604475,0.856411934,0.787055969,2.50549269,3.21460056,0.710930824,0.644982338,0.75178051,0.786071777,1.26604652,0.659818649,0.729334831,0.673563004,0.74059391,1.02575779,1.60177898,0.814236641,1.0487299,0.918577194,0.816542625,0.859876633,1.95789242,0.846211433,1.02081013,1.07550907,1.25849056,1.21116161,1.35904503,1.5663147,2.70055199,2.12562609,0.251620293,0.777516365,0.537762642,0.67327404,0.762739182,0.805059433,0.909083366,0.954319,1.15161324,1.07269287,1.3841362,0.845529556,0.66453743,0.717764854,0.360196114,0.254956245,0.819859505,0.225216866,0.232625961,0.267318726,0.10890007,0.168865204,-0.104169846,-0.121980667,-0.0840902328,-0.0380058289,-0.0787525177,-0.0536165237,-0.159592628,-0.1459198,0.167544365,-0.0860500336,-0.141895294
2026-08-22T12:27:49.057+00:00	1052.610	SUBSEG96 protocol=asd-research-v1.0.0 session=1 phase=DET window=7 group=1 segments=8 dims=96 fnv1a=d7e6e8f0 values=-10.3559275,-10.3559275,2.42988253,-10.3559275,-10.3559275,1.82548571,-10.3559275,2.03316784,-10.3559275,1.64888287,1.03561401,-10.3559275,1.42322731,1.86790037,1.61615467,-10.3559275,0.820203781,0.841107368,1.10152054,1.31411552,0.780780792,0.898499489,1.05469322,1.33041763,1.55884838,1.47355843,1.39906597,1.14331913,1.17737389,0.78293705,0.831990242,0.783311844,1.24138832,1.03687572,0.902819633,2.49750519,3.23296022,0.536221504,0.703503609,0.784072876,0.742371559,1.30783844,0.50673008,0.856554985,0.784915924,0.70703125,0.963160515,1.5456686,0.776157379,1.12970448,0.980625153,0.827996254,0.850737572,1.97559643,0.87861824,1.05293083,1.06498718,1.30248642,1.26912308,1.44837952,1.69062567,2.67241716,2.17482233,0.274036407,0.733729362,0.532042503,0.679795265,0.804159164,0.827471733,0.900528908,0.983829498,1.1686964,1.08897114,1.45339203,0.887154579,0.623132706,0.666802406,0.361737251,0.220689774,0.814983368,0.151335716,0.239754677,0.306670189,0.111721992,0.153878212,-0.108805656,-0.122710228,-0.04682827,-0.0540046692,-0.0246915817,-0.052438736,-0.145093918,-0.146269798,0.189650536,-0.0820140839,-0.160779953
2026-08-22T12:27:49.104+00:00	1052.657	SUBSEG96 protocol=asd-research-v1.0.0 session=1 phase=DET window=7 group=2 segments=8 dims=96 fnv1a=a7e0beda values=-10.3446417,-10.3446417,1.49338341,-10.3446417,-10.3446417,1.32449055,-10.3446417,1.6008482,-10.3446417,1.44500637,1.04264927,-10.3446417,1.08373356,1.7362318,1.73938036,-10.3446417,1.28128147,0.643339157,1.14639473,1.43642235,1.13557053,1.0638628,1.14979744,1.37238121FLAGS protocol=asd-quality-v1.5.0 mode=READY state=CALIBRATED_NORMAL waiting=0 learning=0 learned=1 anomaly=0 hold=0 fault=0 green=on red=off guided25_available=1 workflow_pending=DEFAULT research_telemetry=1 profile_persistence_allowed=0 dropped=0
2026-08-22T12:27:49.182+00:00	1052.735	,1.63832378,1.42892933,1.37773228,1.1192379,1.24336147,0.798571587,0.878486633,0.858641624,1.34862232,0.887454033,0.929956436,2.50764608,3.22650385,0.738093376,0.707921982,0.772306442,0.84668541,1.36321068,0.571033478,0.636757851,0.587246895,0.785233498,1.13369465,1.65850639,0.729982376,1.10510921,0.889098167,0.93525219,0.887321472,1.97155714,0.871496201,1.05065727,1.12104702,1.3608675,1.23775578,1.40378189,1.62298393,2.70739985,2.18181849,0.264739037,0.890380859,0.565731049,0.687964439,0.769621849,0.82232666,0.95772171,1.0146637,1.17770767,1.06994534,1.38462543,0.816135406,0.677484512,0.753200531,0.369710922,0.298451424,0.83171463,0.31089592,0.286914825,0.290154457,0.113637924,0.229221344,-0.0987186432,-0.0799179077,-0.0730905533,-0.0697021484,-0.0322322845,-0.0478906631,-0.106565475,-0.113859177,0.213448524,-0.113847733,-0.118494034
2026-08-22T12:27:49.289+00:00	1052.844	SUBSEG96 protocol=asd-research-v1.0.0 session=1 phase=DET window=7 group=3 segments=8 dims=96 fnv1a=a1a50da7 values=-10.3607721,-10.3607721,1.3425684,-10.3607721,-10.3607721,1.60068512,-10.3607721,2.0000062,-10.3607721,1.81938887,1.09543419,-10.3607721,1.02271938,1.68881655,1.61156845,-10.3607721,1.39856625,1.36054707,1.40100384,1.51013374,1.24673939,1.1014719,1.09665298,1.37766933,1.34242535,1.51155376,1.44428444,1.0672636,0.91704464,1.25457954,0.821679115,1.05762577,1.31867218,0.862444878,0.549445152,2.53079462,3.21129274,0.897109032,0.653925896,0.949643135,0.80597496,1.22648335,0.730051041,0.737664223,0.711361885,0.783465385,0.907188416,1.560256,0.816352844,0.969047546,0.926113129,0.710774422,0.913822174,1.95006514,0.829884529,0.968655586,1.09799671,1.33526897,1.22749424,1.26963806,1.50555038,2.74260139,1.997159,0.140943527,0.664362907,0.536881447,0.674048424,0.73323822,0.762077332,0.901676178,0.977614403,1.16411877,1.16852951,1.38006878,0.840432167,0.686668396,0.676530838,0.435608864,0.279335022,0.853208542,0.17158699,0.219760895,0.257281303,0.118731499,0.16241169,-0.0989875793,-0.10326767,-0.080780983,-0.017156601,-0.114819527,-0.0272655487,-0.150807381,-0.120466232,0.143339157,-0.0303707123,-0.10490036
2026-08-22T12:27:49.401+00:00	1052.953	SUBSEG96 protocol=asd-research-v1.0.0 session=1 phase=DET window=7 group=4 segments=7 dims=96 fnv1a=df46d9c8 values=-10.3677883,-10.3677883,2.01328707,-10.3677883,-10.3677883,2.10946369,-10.3677883,2.23599958,-10.3677883,2.29771471,1.58852959,-10.3677883,1.2999239,1.88622952,1.86067677,-10.3677883,1.407444,1.12811184,1.23683548,0.884728432,1.21587849,1.06417465,1.02780151,0.95452404,1.26018143,1.4763298,1.28802395,1.39313412,1.24328613,0.880851746,1.04945278,1.00311279,1.26438999,0.628399849,0.670016289,2.49061203,3.15785027,0.572547913,0.61566925,0.571225166,0.738171577,1.18529701,0.632553101,0.751480103,0.785889626,0.741729736,1.01411724,1.50149632,0.908274651,1.05411625,0.95347023,0.839229584,0.829589844,1.95539331,0.884697914,1.01778412,1.0007515,1.17168903,1.18557549,1.35278606,1.45131111,2.73435974,2.01221037,0.243091583,0.780005455,0.561498642,0.635774612,0.791062355,0.781606674,0.874586105,0.884145737,1.05337429,1.00007248,1.36698723,0.864741325,0.67632103,0.744548798,0.347261429,0.237463951,0.828181267,0.243830681,0.22641468,0.25521946,0.0893650055,0.161171913,-0.141945839,-0.175608635,-0.136608124,-0.0103292465,-0.142287254,-0.0825910568,-0.197341919,-0.177713394,0.152162552,-0.109526634,-0.161113739
2026-08-22T12:27:49.508+00:00	1053.063	SUBSEG96 protocol=asd-research-v1.0.0 session=1 phase=DET window=7 group=5 segments=7 dims=96 fnv1a=435da5df values=-10.3158007,-10.3158007,1.61061096,-10.3158007,-10.3158007,1.51647663,-10.3158007,1.72641754,-10.3158007,1.44748211,0.98270607,-10.3158007,1.14383698,1.73462677,1.45352268,-10.3158007,1.30938816,1.05650997,1.20301247,0.992649078,0.611655235,0.847033501,1.0927515,1.41001034,1.32332516,1.33794785,1.65395355,1.40432739,0.941148758,0.559604645,0.943109512,0.878951073,1.15322971,0.811080933,0.842478752,2.5748558,3.31293488,0.7753582,0.584692955,0.590941429,0.861546516,1.29268456,0.874336243,0.692557335,0.451925278,0.749629021,1.15634632,1.7847538,0.906388283,1.03400707,0.903390884,0.81243515,0.880734444,2.01188946,0.83139801,1.08624935,1.15481567,1.10062695,1.19084454,1.37089062,1.58190918,2.7148962,2.28970051,0.397031784,0.869707108,0.566697121,0.7612257,0.786739349,0.904483795,0.981591225,0.964029312,1.25188541,1.07911205,1.39775372,0.891683578,0.734293938,0.822437286,0.340507507,0.308895111,0.841751099,0.312318802,0.259612083,0.296533585,0.185711861,0.207643509,-7.62939453e-06,-0.0622291565,-0.0160751343,0.0372753143,-0.0200796127,0.0139465332,-0.133774757,-0.102566719,0.209252357,-0.0274610519,-0.094119072
2026-08-22T12:27:54.080+00:00	1057.641	FLAGS protocol=asd-quality-v1.5.0 mode=READY state=CALIBRATED_NORMAL waiting=0 learning=0 learned=1 anomaly=0 hold=0 fault=0 green=on red=off guided25_available=1 workflow_pending=DEFAULT research_telemetry=1 profile_persistence_allowed=0 dropped=0
2026-08-22T12:27:58.783+00:00	1062.344	QUALITY protocol=asd-quality-v1.5.0 phase=DET index=8 total=0 result=OK metrics_valid=1 samples=159744 expected=159744 rms_dbfs=-47.524 dc=-0.553 peak=545 clipped=0 zeros=449 stuck=278 dropped_delta=0 feature_valid=1 tonalness_valid=1 tonalness_proxy=3.202710 tonal_gate=pending_normal_only
2026-08-22T12:27:58.792+00:00	1062.344	DET 8 score=275.705017 lo=0 hi=4374.05859 led=1 anom=0 total_anom=0 normal (uzastopnih=0 nivo=-47.5 dBFS racun=716 ms)
2026-08-22T12:27:58.926+00:00	1062.485	FEATURE96 protocol=asd-research-v1.0.0 session=1 phase=DET window=8 window_start_ms=1051812 window_end_ms=1061080 score=275.705017 level_dbfs=-47.524353 quality=OK tonalness_proxy=3.20271015 dims=96 fnv1a=0f511005 values=-10.3586779,-10.3586779,1.81153297,-10.3586779,-10.3586779,1.35420132,-10.3586779,1.53688812,-10.3586779,1.47359371,1.10529709,-10.3586779,1.51360989,1.86658907,1.75013208,-10.3586779,1.39285278,1.14956951,1.18613434,1.16997433,1.08027077,1.05360126,0.932312965,1.11025429,1.32182598,1.58222485,1.46553421,1.08823681,1.24778366,1.05660152,0.95494175,0.851007462,1.2969017,1.01698875,0.963429451,2.47396469,3.20271015,0.744251251,0.629135132,0.77362442,0.820694923,1.24353886,0.734601021,0.730705261,0.66768074,0.696386337,0.93260479,1.48804474,0.827326775,0.972153664,0.953903198,0.889178276,0.971697807,1.97219276,0.911682129,0.961732864,1.12535,1.35034561,1.22769165,1.44266987,1.58853054,2.67679882,2.20864725,0.235685349,0.844389915,0.504799843,0.700872421,0.764484406,0.76800251,0.955797195,0.965146065,1.15443134,1.0654335,1.43501663,0.828026772,0.637310028,0.727773666,0.375200272,0.244929314,0.809258461,0.252325058,0.247636795,0.269823074,0.136733055,0.137132645,-0.0529928207,-0.102402687,-0.0720129013,-0.0352296829,-0.0731315613,-0.04712677,-0.169335365,-0.168496132,0.175451279,-0.0486974716,-0.146968842
2026-08-22T12:27:59.032+00:00	1062.594	SUBSEG96 protocol=asd-research-v1.0.0 session=1 phase=DET window=8 group=1 segments=8 dims=96 fnv1a=a57d9277 values=-10.3127422,-10.3127422,1.57846451,-10.3127422,-10.3127422,0.841053009,-10.3127422,1.2463274,-10.3127422,1.38548946,1.0395813,-10.3127422,1.34296989,1.82767248,1.91360807,-10.3127422,1.39324951,1.01632118,0.934355736,0.984538078,0.961678505,0.731776237,0.666998863,1.00453472,1.33255005,1.46327496,1.36071205,1.04849529,0.913202286,0.9420681,0.950728416,1.04501534,1.4724884,1.08740711,0.902674675,2.45843506,3.2446413,0.794618607,0.60384655,0.828547478,0.832808495,1.2385397,0.857294083,0.742886543,0.706726074,0.656271935,0.951931953,1.49032497,0.74516964,1.0935936,0.973513603,0.974078178,1.00731659,2.04300737,0.92370224,0.985251427,1.16865158,1.27323246,1.31083107,1.52161884,1.64949226,2.72768211,2.3804059,0.243610382,0.975907326,0.548545837,0.782927513,0.872345924,0.736430168,1.06320858,1.02145386,1.16420841,1.11114693,1.44347286,0.837095261,0.683216095,0.817939758,0.425461769,0.254739761,0.901526451,0.268460274,0.268550873,0.256578445,0.210782051,0.172306061,-0.0239267349,-0.0266008377,-0.0158290863,0.0194759369,0.0143632889,-0.0128831863,-0.126911163,-0.140846252,0.264428139,0.0101575851,-0.0909910202
2026-08-22T12:27:59.117+00:00	1062.672	SUBSEG96 protocol=asd-research-v1.0.0 session=1 phase=DET window=8 group=2 segments=8 dims=96 fnv1a=b2113431 values=-10.372407,-10.372407,2.19000578,-10.372407,-10.372407,1.60571289,-10.372407,1.78768826,-10.372407,1.83369064,1.32540607,-10.372407,1.55117702,2.03260756,1.86954021,-10.372407,1.35659695,1.04361248,1.26269531,1.21233559,0.927396774,1.10642815,0.885651588,1.14907265,1.41015053,1.61247349,1.69060516,1.11406231,1.31586647,1.00151062,0.857730865,0.735126495,1.21779919,0.79151535,0.826449394,2.52065516,3.1863184,0.779875755,0.564110756,0.587792397,0.760518074,1.16395283,0.580190659,0.702010155,0.630247116,0.750228882,0.974789619,1.49332619,0.817955017,1.05001259,0.961770058,0.945606232,0.836226463,1.94495583,0.942769051,0.845529556,1.12561035,1.41098022FLAGS protocol=asd-quality-v1.5.0 mode=READY state=CALIBRATED_NORMAL waiting=0 learning=0 learned=1 anomaly=0 hold=0 fault=0 green=on red=off guided25_available=1 workflow_pending=DEFAULT research_telemetry=1 profile_persistence_allowed=0 dropped=0
2026-08-22T12:27:59.149+00:00	1062.703	,1.22502899,1.42335415,1.62442875,2.73093033,1.87558651,0.292656898,0.804966927,0.482486725,0.677708626,0.71903038,0.710803032,0.912161827,0.932240486,1.15077209,1.08582115,1.40032387,0.819377899,0.674632072,0.641700745,0.379722595,0.238035202,0.788290977,0.255249023,0.276480675,0.252877235,0.112215042,0.140228271,-0.0906105042,-0.140282631,-0.0752096176,-0.0277280807,-0.138840675,-0.0240650177,-0.176185608,-0.188770294,0.139474869,-0.038028717,-0.175853729
2026-08-22T12:27:59.269+00:00	1062.828	SUBSEG96 protocol=asd-research-v1.0.0 session=1 phase=DET window=8 group=3 segments=8 dims=96 fnv1a=9bb65049 values=-10.3312569,-10.3312569,1.56457043,-10.3312569,-10.3312569,1.25634193,-10.3312569,1.52185631,-10.3312569,1.30428219,0.854137421,-10.3312569,1.50138283,1.7427783,1.51893711,-10.3312569,1.45772457,1.24771214,1.05454254,1.27579689,0.979000092,0.603374481,1.06912518,1.23108673,1.36077309,1.77820396,1.48362255,1.08109665,1.3516016,0.839327812,0.821239471,0.881918907,1.18669701,1.1105814,1.02034664,2.55758238,3.22835636,0.866299629,0.6895895,0.815738678,0.701076508,1.29849529,0.753469467,0.774633408,0.634702682,0.467931747,0.82558918,1.49557781,0.86985302,0.83982563,1.00684547,0.853655815,0.985953331,1.96682882,0.945068359,1.05146503,1.20927238,1.38867569,1.25183868,1.51418018,1.45776749,2.73201704,2.04580975,0.261404991,0.80874157,0.456550598,0.760016441,0.74240303,0.867706299,0.985229492,1.0852108,1.24038124,1.05790997,1.48074818,0.867781639,0.668427467,0.729950905,0.430362701,0.262918472,0.836922646,0.294906616,0.263439178,0.301790237,0.177662849,0.173771858,-0.0378818512,-0.058678627,-0.05464077,0.0225048065,-0.0580825806,-0.00625705719,-0.1407547,-0.150170326,0.179507256,-0.0217695236,-0.103996277
2026-08-22T12:27:59.375+00:00	1062.938	SUBSEG96 protocol=asd-research-v1.0.0 session=1 phase=DET window=8 group=4 segments=7 dims=96 fnv1a=8d70bd52 values=-10.3814373,-10.3814373,1.45194435,-10.3814373,-10.3814373,1.34932995,-10.3814373,1.57421875,-10.3814373,1.45249271,1.25562096,-10.3814373,1.8321166,2.03489971,1.80019855,-10.3814373,1.50953579,1.37125206,1.39313793,1.19666004,1.34221172,1.360569,0.98028183,1.04418468,1.06729126,1.45513821,1.2930603,1.21471596,1.36559963,1.34154034,1.11962509,0.604405403,1.13368225,0.971075058,1.07937717,2.38823032,3.17985964,0.633378983,0.681034088,0.779881477,0.882417679,1.20108509,0.500344276,0.700850487,0.649932861,0.856937408,0.985463142,1.57061195,0.86742878,0.980130196,0.833077431,0.811930656,1.12277508,1.96420813,0.882087708,0.938318253,1.05534172,1.37999916,1.22309017,1.4393816,1.64233732,2.56399822,2.35622883,0.156169891,0.84478569,0.56662941,0.596441269,0.777006149,0.818594933,0.918020248,0.870004654,1.09638596,1.0238905,1.42115307,0.793180466,0.559054375,0.751568794,0.327770233,0.243082047,0.770516396,0.210915565,0.261563301,0.265627861,0.0980319977,0.0500297546,-0.0526266098,-0.152116776,-0.137150764,-0.136528969,-0.0757045746,-0.0779428482,-0.149663925,-0.166923523,0.166537285,-0.0806779861,-0.170722008
2026-08-22T12:27:59.485+00:00	1063.047	SUBSEG96 protocol=asd-research-v1.0.0 session=1 phase=DET window=8 group=5 segments=7 dims=96 fnv1a=99f2ea55 values=-10.3281469,-10.3281469,1.81507397,-10.3281469,-10.3281469,1.42994308,-10.3281469,1.35676765,-10.3281469,0.697296143,0.830729485,-10.3281469,0.868532181,1.499547,1.53273869,-10.3281469,1.26222706,0.991167068,1.19713211,1.18627453,1.12807846,1.1212759,1.02877331,1.14533329,1.42020607,1.57219982,1.40634251,1.00694752,1.19638443,1.05007362,1.04199791,0.949258804,1.45739746,1.1404314,1.02525139,2.48556232,3.24283743,0.653383255,0.669241905,0.898138046,0.970169067,1.37333965,0.942119598,0.801088333,0.782957077,0.725484848,0.97383976,1.4401865,0.89296627,0.902002335,1.04206467,0.903992653,0.930675507,2.00966549,0.92512989,1.04260254,1.11673069,1.34048462,1.1794796,1.35193539,1.60918045,2.66413593,2.29458904,0.275113106,0.837022781,0.533514977,0.735842705,0.769917488,0.755038261,0.955251694,0.95160675,1.1751442,1.11210918,1.49834633,0.889596939,0.653588295,0.760136604,0.369208336,0.295951843,0.806266785,0.296767235,0.226730347,0.34108448,0.145693779,0.207481384,0.0117464066,-0.0732126236,-0.0146369934,-0.00372409821,-0.0431776047,-0.0567188263,-0.191726685,-0.125012398,0.190720558,-0.0535497665,-0.128292084
2026-08-22T12:28:04.091+00:00	1067.641	FLAGS protocol=asd-quality-v1.5.0 mode=READY state=CALIBRATED_NORMAL waiting=0 learning=0 learned=1 anomaly=0 hold=0 fault=0 green=on red=off guided25_available=1 workflow_pending=DEFAULT research_telemetry=1 profile_persistence_allowed=0 dropped=0
2026-08-22T12:28:08.757+00:00	1072.313	QUALITY protocol=asd-quality-v1.5.0 phase=DET index=9 total=0 result=OK metrics_valid=1 samples=159744 expected=159744 rms_dbfs=-47.550 dc=-0.454 peak=466 clipped=0 zeros=487 stuck=248 dropped_delta=0 feature_valid=1 tonalness_valid=1 tonalness_proxy=3.236051 tonal_gate=pending_normal_only
2026-08-22T12:28:08.766+00:00	1072.328	DET 9 score=318.855774 lo=0 hi=4374.05859 led=1 anom=0 total_anom=0 normal (uzastopnih=0 nivo=-47.5 dBFS racun=716 ms)
2026-08-22T12:28:08.897+00:00	1072.453	FEATURE96 protocol=asd-research-v1.0.0 session=1 phase=DET window=9 window_start_ms=1061782 window_end_ms=1071055 score=318.855774 level_dbfs=-47.5495453 quality=OK tonalness_proxy=3.23605108 dims=96 fnv1a=b5f34eee values=-10.3416071,-10.3416071,1.07816982,-10.3416071,-10.3416071,1.28378296,-10.3416071,1.61477184,-10.3416071,1.48042297,1.09600353,-10.3416071,1.1056242,1.55235767,1.57601166,-10.3416071,1.2229557,0.93225193,1.20525169,1.24221802,1.16849136,1.1870327,1.08690834,1.17738152,1.38586712,1.54839039,1.47127628,1.17547035,1.12076473,0.877404213,0.947379112,1.08384037,1.21652794,0.950780869,0.906438828,2.49404335,3.23605108,0.685115814,0.775611877,0.892782211,0.771382332,1.29847908,0.775198936,0.741317749,0.707012177,0.864046097,1.01419353,1.57285786,0.850842476,1.01029015,0.93864727,0.848333359,0.965443611,1.99011564,0.914354324,1.02822876,1.08966923,1.4061842,1.22982979,1.39788628,1.54695988,2.68956709,2.26747417,0.28424263,0.830245018,0.570901871,0.713226318,0.79049015,0.835161209,0.981010437,0.9920578,1.1801548,1.12781715,1.43424034,0.895458221,0.635951996,0.746340752,0.384924889,0.289578438,0.820399284,0.280313492,0.251024246,0.267818451,0.14867115,0.151363373,-0.0625905991,-0.0862560272,-0.0660209656,-0.0180673599,-0.030081749,-0.0401964188,-0.165662766,-0.135055542,0.197623253,-0.0618371964,-0.106209755
2026-08-22T12:28:09.003+00:00	1072.563	SUBSEG96 protocol=asd-research-v1.0.0 session=1 phase=DET window=9 group=1 segments=8 dims=96 fnv1a=2d7f00ae values=-10.3378477,-10.3378477,1.15248489,-10.3378477,-10.3378477,1.22445297,-10.3378477,1.6232872,-10.3378477,1.64466953,1.18456268,-10.3378477,1.20058441,1.71450663,1.605793,-10.3378477,0.800420761,0.806016922,1.1365118,1.27712822,1.01681519,0.836280823,1.0919981,1.02473831,1.18905163,1.63631439,1.52993202,1.19514465,1.27030754,1.09587002,1.0239563,1.00127602,1.32508469,0.94148922,0.965936661,2.4710927,3.21532774,0.550271988,0.859259605,0.853126526,0.701711655,1.37763023,0.67183876,0.841583252,0.737035751,0.881584167,0.871181488,1.58864021,0.834057808,1.04935074,0.979531288,0.936105728,0.946789742,1.97029114,0.924832344,1.01977158,1.07165432,1.43280888,1.27047157,1.39549446,1.60601234,2.65162563,2.28673887,0.311553955,0.868222237,0.558307648,0.729212761,0.88999176,0.81653595,0.969500542,0.966695786,1.14901066,1.06476212,1.48321342,0.926305771,0.645965576,0.807191849,0.327043533,0.288023949,0.830355644,0.280722618,0.250624657,0.30257225,0.168346405,0.120510101,-0.0843162537,-0.104979515,-0.0625505447,-0.0206480026,-0.0215654373,-0.0456123352,-0.158662796,-0.114487648,0.23982811,-0.0749359131,-0.114463806
2026-08-22T12:28:09.135+00:00	1072.688	SUBSEG96 protocol=asd-research-v1.0.0 session=1 phase=DET window=9 group=2 segments=8 dims=96 fnv1a=e67ef0f1 values=-10.3167181,-10.3167181,1.04491234,-10.3167181,-10.3167181,1.20322418,-10.3167181,1.70817041,-10.3167181,1.65896893,1.05797005,-10.3167181,0.873594284,1.23736668,1.33856106,-10.3167181,1.28639698,1.0011797,0.94248867,1.01521587,0.997564316,1.08349991,0.868525505,1.1248436,1.52877331,1.46482658,1.32943726,1.23213577,1.07638645,0.81186676,0.925947189,0.989686012,1.07470417,0.990674019,0.744808197,2.5201745,3.3006897,0.912783623,0.738910675,0.928038597,0.907681465,1.24763203,0.812133789,0.784388542,0.604759216,0.74650383,1.24588585,1.63963604,0.942896843,0.967048645,0.948190689,0.805116653,1.00148869,2.04341793,1.0053997,0.965330124,1.13417244,1.38975906,1.24291706,1.36810398,1.54539776,2.74301815,2.33650017,0.310253143,0.863996506,0.669506073,0.78610611,0.758966446,0.909132004,1.02210426,0.970928192,1.23219395,1.14084244,1.41757679,0.962866783,0.602456093,0.789676666,0.431610107,0.357179642,0.827435493,0.331418037,0.272731781,0.308361053,0.216493607,0.173218727,-0.0215177536,-0.0549221039,-0.0365924835,-0.0284347534,0.0396251678FLAGS protocol=asd-quality-v1.5.0 mode=READY state=CALIBRATED_NORMAL waiting=0 learning=0 learned=1 anomaly=0 hold=0 fault=0 green=on red=off guided25_available=1 workflow_pending=DEFAULT research_telemetry=1 profile_persistence_allowed=0 dropped=0
2026-08-22T12:28:09.136+00:00	1072.688	,-0.0140695572,-0.128561974,-0.128029823,0.191106796,-0.0264692307,-0.0530967712
2026-08-22T12:28:09.240+00:00	1072.797	SUBSEG96 protocol=asd-research-v1.0.0 session=1 phase=DET window=9 group=3 segments=8 dims=96 fnv1a=bd1d805d values=-10.3095207,-10.3095207,0.949180603,-10.3095207,-10.3095207,0.944225311,-10.3095207,1.19196892,-10.3095207,1.38004684,1.26239681,-10.3095207,1.22776604,1.38778687,1.56443214,-10.3095207,1.23802567,0.576979637,0.942685127,0.966480255,1.02791119,0.900707245,1.06305981,1.27845192,1.4633131,1.29751301,1.59398365,1.17043304,1.06285477,0.788031578,1.00772858,1.21653652,1.24405479,0.931868553,1.07126522,2.47606134,3.26448584,0.566020012,0.746433258,0.965844154,0.720043182,1.41358566,0.779829979,0.697538376,0.778376579,1.05941105,0.99625206,1.56229115,0.860332489,1.10222816,0.978960991,0.887167931,1.06589317,2.0214386,0.887255669,1.09789848,1.12116814,1.51967525,1.21709251,1.50359917,1.61214161,2.59957838,2.48201323,0.319015503,0.867416382,0.567988396,0.620621681,0.839907646,0.817209244,0.973398209,0.985468864,1.1762991,1.16429234,1.43227959,0.904798508,0.647800446,0.786447525,0.405654907,0.307754517,0.829407692,0.31275177,0.286101341,0.248181343,0.20995903,0.132037163,-0.0166912079,-0.0218610764,-0.0377092361,-0.016500473,0.0406007767,0.00805568695,-0.13703537,-0.0863351822,0.277431488,-0.0526752472,-0.0481071472
2026-08-22T12:28:09.346+00:00	1072.907	SUBSEG96 protocol=asd-research-v1.0.0 session=1 phase=DET window=9 group=4 segments=7 dims=96 fnv1a=93b95a72 values=-10.355176,-10.355176,1.04945755,-10.355176,-10.355176,1.61465359,-10.355176,1.8997488,-10.355176,1.39252472,1.0190115,-10.355176,1.08545303,1.71990299,1.71965647,-10.355176,1.26867485,1.14288521,1.46157551,1.4679451,1.44795704,1.36619091,1.25853062,1.12302876,1.30515957,1.6193552,1.51190567,1.16552448,1.11514664,0.520064354,0.695241928,0.821072578,1.20253277,1.04223061,0.830569267,2.4441371,3.20708227,0.701759338,0.777096748,0.870549202,0.824782372,1.25456238,0.940740585,0.719241142,0.758191109,0.811969757,0.847603798,1.62390995,0.910956383,0.897961617,0.857196808,0.875400543,0.790733337,1.99445057,0.7791996,1.09502602,1.11052608,1.33859634,1.2065115,1.35667324,1.4959259,2.71729803,2.19725657,0.266257286,0.860996246,0.472025871,0.766635895,0.68077755,0.829175949,0.94797039,1.0617342,1.21786308,1.18370438,1.42867184,0.891916275,0.552091599,0.71158123,0.446480751,0.267584801,0.785140991,0.193537712,0.284823418,0.261073112,0.0325946808,0.178378105,-0.0456762314,-0.101202011,-0.0582513809,-0.0125341415,-0.0749378204,-0.0534496307,-0.216361046,-0.150062561,0.172744751,-0.0579500198,-0.153476715
2026-08-22T12:28:09.453+00:00	1073.016	SUBSEG96 protocol=asd-research-v1.0.0 session=1 phase=DET window=9 group=5 segments=7 dims=96 fnv1a=4f17be83 values=-10.3371658,-10.3371658,1.20647144,-10.3371658,-10.3371658,1.21653557,-10.3371658,1.35596085,-10.3371658,1.1492157,0.899383545,-10.3371658,1.10789871,1.56374073,1.6299572,-10.3371658,1.40526676,1.00576401,1.36521626,1.34816456,1.24112701,1.48494148,1.12996578,1.33567524,1.42504501,1.68007421,1.38541222,1.16029644,1.08330727,0.999005318,1.04970551,1.29744625,1.24845695,0.882966995,0.896569252,2.6021533,3.2394104,0.641921997,0.795158386,0.891884804,0.718608856,1.20217991,0.670183182,0.684944153,0.689108849,0.795845032,1.04065037,1.47966194,0.721386909,1.05757523,0.968611717,0.759096146,1.02789593,1.96909571,0.992115974,1.00314903,1.05891037,1.3759594,1.26105595,1.40310001,1.50781345,2.77579594,1.83034849,0.260138512,0.716555595,0.615804672,0.696447372,0.79899025,0.851354599,1.04224873,1.02795315,1.17581177,1.13603497,1.45840645,0.826165199,0.763803482,0.662564278,0.359271049,0.272211075,0.880778313,0.322927475,0.2078228,0.266137123,0.139591217,0.207011223,-0.0981092453,-0.101593971,-0.0846452713,0.0426149368,-0.108419418,-0.0460529327,-0.14009285,-0.148507118,0.140035629,-0.0431499481,-0.120157242
2026-08-22T12:28:14.101+00:00	1077.657	FLAGS protocol=asd-quality-v1.5.0 mode=READY state=CALIBRATED_NORMAL waiting=0 learning=0 learned=1 anomaly=0 hold=0 fault=0 green=on red=off guided25_available=1 workflow_pending=DEFAULT research_telemetry=1 profile_persistence_allowed=0 dropped=0
2026-08-22T12:28:18.732+00:00	1082.282	QUALITY protocol=asd-quality-v1.5.0 phase=DET index=10 total=0 result=OK metrics_valid=1 samples=159744 expected=159744 rms_dbfs=-46.914 dc=-0.482 peak=524 clipped=0 zeros=428 stuck=255 dropped_delta=0 feature_valid=1 tonalness_valid=1 tonalness_proxy=3.243042 tonal_gate=pending_normal_only
2026-08-22T12:28:18.741+00:00	1082.297	DET 10 score=314.651733 lo=0 hi=4374.05859 led=1 anom=0 total_anom=0 normal (uzastopnih=0 nivo=-46.9 dBFS racun=716 ms)
2026-08-22T12:28:18.980+00:00	1082.532	FEATURE96 protocol=asd-research-v1.0.0 session=1 phase=DET window=10 window_start_ms=1071762 window_end_ms=1081029 score=314.651733 level_dbfs=-46.9136429 quality=OK tonalness_proxy=3.24304199 dims=96 fnv1a=d3c8ac6e values=-10.3192072,-10.3192072,1.4579277,-10.3192072,-10.3192072,1.16859722,-10.3192072,1.41594887,-10.3192072,1.33788681,0.916844368,-10.3192072,1.10373211,1.47508144,1.35360909,-10.3192072,0.984807968,0.97326088,1.15450478,1.09830379,0.898740768,1.13422203,1.13329315,1.25308704,1.35976219,1.6038599,1.48323631,1.25192356,1.28653622,0.956900597,1.01364708,0.942053795,1.14187241,1.03372574,0.947324753,2.57885647,3.24304199,0.71252346,0.70600605,0.776558876,0.881429672,1.28587341,0.749612808,0.721054077,0.705180168,0.831003189,0.972603798,1.55827904,0.848210335,1.07532024,1.00487328,0.910168648,0.946490288,2.03433895,0.967567444,1.07081127,1.10523605,1.32302761,1.21496868,1.47008896,1.63438416,2.74735117,2.14430475,0.301008224,0.832992554,0.552407265,0.684118271,0.808351517,0.862821579,0.964473724,1.01882744,1.20384407,1.13686848,1.41183472,0.894617081,0.7573452,0.709388733,0.384860992,0.305537224,0.849459648,0.261095047,0.25001812,0.314758301,0.156007767,0.179849625,-0.0308637619,-0.094452858,-0.040476799,0.0194654465,-0.0414237976,-0.0365591049,-0.143938065,-0.0804843903,0.181372643,-0.021276474,-0.0979728699
2026-08-22T12:28:18.993+00:00	1082.547	SUBSEG96 protocol=asd-research-v1.0.0 session=1 phase=DET window=10 group=1 segments=8 dims=96 fnv1a=4066b5ae values=-10.3188906,-10.3188906,1.38151836,-10.3188906,-10.3188906,1.27047253,-10.3188906,1.58084011,-10.3188906,1.41935825,0.904191017,-10.3188906,0.830366135,1.03746891,1.107831,-10.3188906,1.14195824,0.989416122,0.823369026,0.78990078,0.928323746,1.36507702,1.13616085,1.1241312,1.41605473,1.79178858,1.52206421,1.2282114,1.18856812,1.06823826,0.998095512,0.998556137,1.2068634,1.13326359,0.861629486,2.47218323,3.2938652,0.703445435,0.759251595,0.737076759,0.914011955,1.22917652,0.624724388,0.686123848,0.847395897,0.869102478,1.01791096,1.38690186,0.967723846,1.14349365,0.965291023,0.892970085,0.925269127,2.02469015,0.940203667,1.10574913,1.06466103,1.32294941,1.23818493,1.50336742,1.65707016,2.63510132,2.46758509,0.258098602,0.917827606,0.50083065,0.684801102,0.878147125,0.843868256,1.07957458,0.997692108,1.21927738,1.19322109,1.51888371,0.942879677,0.622330666,0.823367119,0.38071537,0.338319778,0.788480759,0.208533287,0.231698036,0.318707466,0.157450676,0.214715004,0.0424814224,-0.123188972,-0.0108003616,-0.030503273,0.0582828522,-0.0657892227,-0.149040222,-0.0575485229,0.254696846,-0.0331001282,-0.0927629471
2026-08-22T12:28:19.082+00:00	1082.641	SUBSEG96 protocol=asd-research-v1.0.0 session=1 phase=DET window=10 group=2 segments=8 dims=96 fnv1a=a32a5bea values=-10.3079529,-10.3079529,0.966422081,-10.3079529,-10.3079529,0.981541634,-10.3079529,1.31832886,-10.3079529,1.29612637,0.887887001,-10.3079529,1.19251251,1.57463264,1.3241415,-10.3079529,0.802386284,0.665141106,0.923968315,0.758370399,0.862592697,1.04212093,1.08277798,1.43319416,1.4661541,1.76519156,1.61778069,1.24961567,1.4028368,0.765712738,0.855991364,0.923139572,1.23673916,1.05805492,1.05461121,2.46311569,3.2594018,0.663980484,0.82177639,0.74508667,0.827430725,1.30077362,0.887180328,0.74839592,0.752426147,0.97040844,0.991039276,1.68759346,0.786442757,1.0437851,1.03100777,0.94691658,1.02972603,2.02201796,1.04598427,1.10093117,1.14257812,1.30754948,1.20486164,1.3821516,1.64813614,2.67847157,2.40599966,0.343190193,0.924959183,0.472242355,0.697135925,0.772974968,0.940588951,0.929848671,1.1076479,1.19924164,1.16641903,1.50180531,0.912195206,0.612480164,0.837853432,0.367111206,0.274785042,0.88620472,0.295218468,0.278450012,0.319682121,0.163684845,0.181555748,0.0109319687,-0.0489873886,-0.0459060669,0.00569248199,0.00223827362,-0.0322818756,-0.115808487,-0.0155267715,0.229135513,-0.0147323608,-0.0994853973
2026-08-22T12:28:19.207+00:00	1082.766	SUBSEG96 protocol=asd-research-v1.0.0 session=1 phase=DET window=10 group=3 segments=8 dims=96 fnv1a=50f216e7 values=-10.2962646,-10.2962646,0.853918076,-10.2962646,-10.2962646,0.880784035,-10.2962646,1.29618835,-10.2962646,1.43323231,1.02014732,-10.2962646,1.21912003,1.59052467,1.35539436,-10.2962646,0.984641075,0.860180855,1.21592236,1.38295937,1.07987309,1.14544582,1.116745,1.29598999FLAGS protocol=asd-quality-v1.5.0 mode=READY state=CALIBRATED_NORMAL waiting=0 learning=0 learned=1 anomaly=0 hold=0 fault=0 green=on red=off guided25_available=1 workflow_pending=DEFAULT research_telemetry=1 profile_persistence_allowed=0 dropped=0
2026-08-22T12:28:19.216+00:00	1082.766	,1.346735,1.25334454,1.40880394,1.27102184,1.32243633,0.833820343,1.15177631,0.755124092,1.08624554,0.936846733,0.784280777,2.60933971,3.24194574,0.805348396,0.587039948,0.806755066,0.825031281,1.37616634,0.816307068,0.743830681,0.52175808,0.702691078,0.937978745,1.5522604,0.809073448,1.01230717,1.01020718,0.950401306,1.05003262,2.03706646,1.0238905,1.13628101,1.1506176,1.34885502,1.26657486,1.56310844,1.68225861,2.80004358,1.8993659,0.402275085,0.825959206,0.657120705,0.702920914,0.84171772,0.889478683,0.920219421,1.03371525,1.26405811,1.15653229,1.36081219,0.939846992,0.79080677,0.738765717,0.402281761,0.326482773,0.902630806,0.277109146,0.279480934,0.351696014,0.167048454,0.21223259,-0.0345106125,-0.080406189,-0.0470352173,0.0780038834,-0.0503997803,0.0204687119,-0.149938583,-0.0885543823,0.187576294,0.0296077728,-0.08598423
2026-08-22T12:28:19.320+00:00	1082.875	SUBSEG96 protocol=asd-research-v1.0.0 session=1 phase=DET window=10 group=4 segments=7 dims=96 fnv1a=8f1a8633 values=-10.3067694,-10.3067694,1.60763264,-10.3067694,-10.3067694,1.4256382,-10.3067694,1.42143631,-10.3067694,1.17042351,0.808876038,-10.3067694,1.14967728,1.55188465,1.55496407,-10.3067694,1.07239246,1.23557091,1.38192081,0.987715721,0.782154083,1.05934715,0.851037025,0.993290901,1.23109341,1.4274826,1.45957661,1.29802704,1.36945248,1.08609486,1.0958147,0.87934494,1.1701107,0.917039871,0.973863602,2.66679335,3.23528337,0.694973946,0.68548584,0.794725418,1.01919651,1.26193523,0.80834198,0.639727592,0.760426521,0.916820526,0.950012207,1.59508038,0.887382507,1.07420254,1.07369804,0.921922684,0.912714958,2.09443521,1.00812912,1.00413132,1.14149952,1.35072327,1.20142841,1.42513466,1.60337067,2.82569027,1.58935356,0.220480919,0.725337029,0.656665802,0.701649666,0.810735703,0.833265305,0.949850082,0.995204926,1.1924696,1.1574316,1.34663296,0.836000443,0.890193939,0.541863441,0.413757324,0.329961777,0.9237957,0.265361786,0.270365715,0.274647713,0.144049644,0.185918808,-0.0619716644,-0.0902719498,0.017083168,0.0364732742,-0.0827941895,-0.0405244827,-0.0910959244,-0.0848693848,0.137597084,0.0102682114,-0.0659017563
2026-08-22T12:28:19.427+00:00	1082.985	SUBSEG96 protocol=asd-research-v1.0.0 session=1 phase=DET window=10 group=5 segments=7 dims=96 fnv1a=2595f35d values=-10.3023062,-10.3023062,1.86755323,-10.3023062,-10.3023062,1.16121864,-10.3023062,1.45929718,-10.3023062,1.36692333,0.992370605,-10.3023062,1.10273361,1.50785542,1.41428566,-10.3023062,0.896265984,1.02445602,1.30226517,1.29615688,0.81509304,0.9668293,1.38993835,1.33560371,1.34567547,1.58573246,1.41825199,1.28002548,1.15342331,1.01943874,0.978946686,1.13957024,1.01966953,1.13142776,1.07401276,2.71942139,3.23881435,0.745900154,0.69258213,0.863362312,0.86568737,1.311203,0.590544701,0.831581116,0.618756294,0.664738655,1.02114677,1.58895206,0.821600914,1.15288448,1.00730991,0.896127701,0.819003105,2.0608201,0.842536926,1.04358864,1.08353615,1.3510294,1.22001076,1.51512241,1.63386345,2.84654093,1.17210579,0.313875198,0.773584366,0.510543823,0.69815731,0.785817146,0.854147911,0.978357315,1.00527573,1.19912148,1.04760933,1.33028889,0.884916306,0.88937664,0.523018837,0.427612305,0.319788933,0.793619156,0.321731567,0.251999855,0.366475105,0.211104393,0.16037941,-0.0740756989,-0.0679788589,-0.0556974411,0.0700950623,-0.113326073,-0.00381851196,-0.151572227,-0.106823921,0.130330086,-0.0392141342,-0.0800418854
2026-08-22T12:28:24.119+00:00	1087.672	FLAGS protocol=asd-quality-v1.5.0 mode=READY state=CALIBRATED_NORMAL waiting=0 learning=0 learned=1 anomaly=0 hold=0 fault=0 green=on red=off guided25_available=1 workflow_pending=DEFAULT research_telemetry=1 profile_persistence_allowed=0 dropped=0
2026-08-22T12:28:28.706+00:00	1092.266	QUALITY protocol=asd-quality-v1.5.0 phase=DET index=11 total=0 result=OK metrics_valid=1 samples=159744 expected=159744 rms_dbfs=-46.867 dc=-0.533 peak=576 clipped=0 zeros=426 stuck=270 dropped_delta=0 feature_valid=1 tonalness_valid=1 tonalness_proxy=3.156346 tonal_gate=pending_normal_only
2026-08-22T12:28:28.715+00:00	1092.266	DET 11 score=448.665588 lo=0 hi=4374.05859 led=1 anom=0 total_anom=0 normal (uzastopnih=0 nivo=-46.9 dBFS racun=716 ms)
2026-08-22T12:28:28.952+00:00	1092.500	FEATURE96 protocol=asd-research-v1.0.0 session=1 phase=DET window=11 window_start_ms=1081732 window_end_ms=1091003 score=448.665588 level_dbfs=-46.8666916 quality=OK tonalness_proxy=3.15634632 dims=96 fnv1a=41972940 values=-10.4000053,-10.4000053,2.95268297,-10.4000053,-10.4000053,2.15914297,-10.4000053,2.03790951,-10.4000053,1.83897686,1.34819412,-10.4000053,1.16632652,1.53159714,1.67276812,-10.4000053,1.51240921,1.36926365,1.51275253,1.42197895,1.22157001,0.906802177,0.973889351,1.17283249,1.39181137,1.64414883,1.39113808,1.14293003,1.1481905,1.0245924,0.953853607,1.0426321,1.23902321,0.985667229,1.07629585,2.54171515,3.15634632,0.671772957,0.657237053,0.717969894,0.88553524,1.24521065,0.732203484,0.624861717,0.650932312,0.728800774,0.972651482,1.48442364,0.717423439,0.94764328,0.931910515,0.812976837,0.887823105,1.93674135,0.876373291,0.986731529,1.07318401,1.26246452,1.12872124,1.3609581,1.48906708,2.73156738,1.72863913,0.191797256,0.662011147,0.530597687,0.601833344,0.717449188,0.699360847,0.901472092,0.930832863,1.09964561,1.00939369,1.32519341,0.79973793,0.726132393,0.576566696,0.321098328,0.213232994,0.752240181,0.188637733,0.183851242,0.232902527,0.0778179169,0.122694969,-0.110928535,-0.162995338,-0.110347748,-0.0485115051,-0.177966118,-0.12555027,-0.215305328,-0.204667091,0.00765991211,-0.105548859,-0.191590309
2026-08-22T12:28:28.966+00:00	1092.516	SUBSEG96 protocol=asd-research-v1.0.0 session=1 phase=DET window=11 group=1 segments=8 dims=96 fnv1a=e5628c9d values=-10.4011211,-10.4011211,2.75902367,-10.4011211,-10.4011211,2.37627363,-10.4011211,2.18971825,-10.4011211,1.86981106,0.807312965,-10.4011211,1.11676502,1.14200115,1.38878345,-10.4011211,1.25842094,1.54483032,1.98734474,1.91251707,1.66214037,1.12277603,1.07709122,1.30223083,1.31431484,1.57126904,1.237216,1.10454559,1.31467247,1.00872326,0.943685532,1.07198143,1.22853184,0.915718079,1.17946625,2.56116104,3.15528822,0.650156975,0.542067528,0.675943375,0.804746628,1.19180965,0.698428154,0.650288582,0.526818275,0.685404778,1.09046841,1.56058121,0.771317482,0.958438873,1.03757477,0.717967987,0.892533302,1.95628738,0.850277901,1.01098633,0.905469894,1.32330704,1.19978523,1.44640923,1.3762722,2.74433517,1.66990376,0.165769577,0.678672791,0.502077103,0.598841667,0.664710999,0.717498779,0.954165459,0.953315735,1.10037422,0.935677528,1.33379364,0.744955063,0.721824646,0.573857307,0.357064247,0.203286171,0.715901375,0.193616867,0.186863899,0.210836411,0.062166214,0.0948724747,-0.0996370316,-0.185667992,-0.0981407166,-0.0536241531,-0.176099777,-0.128945351,-0.233604431,-0.207920074,-0.0161428452,-0.137969017,-0.184337616
2026-08-22T12:28:29.059+00:00	1092.610	SUBSEG96 protocol=asd-research-v1.0.0 session=1 phase=DET window=11 group=2 segments=8 dims=96 fnv1a=2cf08fe4 values=-10.3985882,-10.3985882,3.31304932,-10.3985882,-10.3985882,2.45655346,-10.3985882,1.89745283,-10.3985882,1.59339428,1.23682213,-10.3985882,0.748086929,1.54133606,1.92634916,-10.3985882,1.90995312,1.64721584,1.47629929,1.37911224,1.23004913,0.833574295,0.835326195,1.0671196,1.20906353,1.60777855,1.3511343,1.24246979,1.03272629,0.984777451,0.740371704,0.900345802,1.14304638,0.801171303,0.937427521,2.50042295,3.18864536,0.555850983,0.587288857,0.740400314,0.871172905,1.21498966,0.828819275,0.696804047,0.656385422,0.831736565,1.01506519,1.49173069,0.837386131,0.907746315,0.899813652,0.733405113,0.895231247,1.92695761,0.90179348,0.980498314,1.23125267,1.23181915,1.117836,1.39142513,1.57039928,2.67946482,2.0295577,0.262755394,0.713007927,0.536399841,0.644522667,0.768530846,0.581484795,0.906783104,0.91156292,1.07069778,1.02027225,1.37045288,0.842090607,0.631690025,0.668526649,0.337670326,0.220376968,0.763332367,0.208868027,0.160070419,0.217040062,0.0755701065,0.124915123,-0.117829323,-0.129551888,-0.132377625,-0.0392465591,-0.160926819,-0.143671989,-0.187263489,-0.199540138,0.0234022141,-0.114727974,-0.202309608
2026-08-22T12:28:29.157+00:00	1092.719	SUBSEG96 protocol=asd-research-v1.0.0 session=1 phase=DET window=11 group=3 segments=8 dims=96 fnv1a=c45e87e3 values=-10.3462048,-10.3462048,2.86937952,-10.3462048,-10.3462048,1.74430609,-10.3462048,1.32159233,-10.3462048,1.47359562,1.2404995,-10.3462048,1.15422821,1.74936485,1.73387861,-10.3462048,1.31126976,1.24628735,1.08041382,0.745815277,0.978873253,0.880384445,1.10323238,1.23344803,1.55914879,1.93054485,1.58457661,1.22667122,1.16034985,1.06931591,0.980672836,0.978954315,1.21756172,1.20471764,1.1776247,2.65629196,3.19249678,0.718356133,0.52212429,0.736652374,0.893482208,1.33871269,0.574228287,0.606757164,0.684662819,0.778056145,1.06016445,1.49013519,0.751585007,0.946359634,0.872480392,0.930456161,0.859788895,2.00930738,0.899642944,0.994730949,1.11537457,1.22895622,1.19505024,1.41110706,1.52345848,2.82802534,1.34701824,0.220026016,0.514762878,0.592914581,0.645289421,0.684372902,0.743508339FLAGS protocol=asd-quality-v1.5.0 mode=READY state=CALIBRATED_NORMAL waiting=0 learning=0 learned=1 anomaly=0 hold=0 fault=0 green=on red=off guided25_available=1 workflow_pending=DEFAULT research_telemetry=1 profile_persistence_allowed=0 dropped=0
2026-08-22T12:28:29.180+00:00	1092.735	,0.870082855,0.935990334,1.12946224,1.14542961,1.33427906,0.900163651,0.87077713,0.519636154,0.320366859,0.257226944,0.804895401,0.253411293,0.228342056,0.252005577,0.145717621,0.208301544,-0.0802631378,-0.137372971,-0.0623941422,0.0101718903,-0.172032356,-0.0884437561,-0.142204285,-0.14769268,0.0666265488,-0.0486297607,-0.12732029
2026-08-22T12:28:29.298+00:00	1092.860	SUBSEG96 protocol=asd-research-v1.0.0 session=1 phase=DET window=11 group=4 segments=7 dims=96 fnv1a=f71fe999 values=-10.3730135,-10.3730135,2.68460798,-10.3730135,-10.3730135,1.42767811,-10.3730135,2.05414629,-10.3730135,2.08592415,1.67858601,-10.3730135,1.59131145,1.60611343,1.46984768,-10.3730135,1.32243633,1.16424274,1.12084198,0.899873734,0.428368568,0.768091202,0.825758934,1.17588902,1.61580849,1.59349918,1.48433495,1.12376213,1.18109512,0.849384308,0.949599266,1.08466434,1.47329426,0.968503952,0.837582588,2.53914881,3.16481972,0.826155663,0.885030746,0.878026962,0.895254135,1.26750851,0.894394875,0.769580841,0.836298943,0.647776604,0.824121475,1.46550751,0.726989746,1.0170927,0.996082306,0.943566322,0.845320702,1.94639683,0.954713821,0.988407135,1.09110546,1.36749458,1.06997776,1.2629137,1.54188728,2.76309156,1.70519733,0.213772774,0.723247528,0.467152596,0.62169838,0.840536118,0.723456383,0.914273262,0.952599525,1.1896286,1.05098438,1.32903957,0.811898232,0.763463974,0.537927628,0.343628883,0.244357109,0.799446106,0.207048416,0.24161911,0.292445183,0.125027657,0.179979324,-0.0368757248,-0.129045486,-0.0893669128,-0.0425624847,-0.135512352,-0.0755224228,-0.226297379,-0.218945503,0.0493583679,-0.0955352783,-0.167834282
2026-08-22T12:28:29.404+00:00	1092.953	SUBSEG96 protocol=asd-research-v1.0.0 session=1 phase=DET window=11 group=5 segments=7 dims=96 fnv1a=c3dc064e values=-10.3718824,-10.3718824,2.85168076,-10.3718824,-10.3718824,2.04297924,-10.3718824,2.32356787,-10.3718824,2.03043842,1.52812767,-10.3718824,0.883971214,1.56561565,1.71752739,-10.3718824,1.38730335,0.708639145,0.861940384,1.00156403,0.827559471,0.912316322,1.05096626,1.14777088,1.24199486,1.46702766,1.34604836,1.08673859,1.09130192,1.23954487,1.18824005,1.23940945,1.18315411,1.06802368,1.22851467,2.54561806,3.18571758,0.700431824,0.783115387,0.63615036,1.05537224,1.31915665,0.704088211,0.423452377,0.624904633,0.772766113,0.885593414,1.504632,0.506607056,1.01927185,0.93280983,0.826416969,1.03415585,1.94807529,0.882681847,1.06493378,1.06441116,1.25313377,1.14405537,1.35690022,1.52447605,2.74508858,1.68121052,0.194007874,0.752903938,0.646374702,0.600381851,0.72291851,0.825942039,0.960869789,1.00910187,1.117939,0.981171608,1.36040688,0.793504715,0.729562759,0.660347939,0.35036087,0.25156498,0.788389206,0.18223381,0.213838577,0.305695534,0.0890512466,0.108409882,-0.11274147,-0.124773026,-0.0595941544,-0.0100860596,-0.135621071,-0.0783605576,-0.185495377,-0.143897057,0.0233287811,-0.0216150284,-0.168358803
2026-08-22T12:28:34.139+00:00	1097.688	FLAGS protocol=asd-quality-v1.5.0 mode=READY state=CALIBRATED_NORMAL waiting=0 learning=0 learned=1 anomaly=0 hold=0 fault=0 green=on red=off guided25_available=1 workflow_pending=DEFAULT research_telemetry=1 profile_persistence_allowed=0 dropped=0
2026-08-22T12:28:38.681+00:00	1102.235	QUALITY protocol=asd-quality-v1.5.0 phase=DET index=12 total=0 result=OK metrics_valid=1 samples=159744 expected=159744 rms_dbfs=-47.539 dc=-0.446 peak=1121 clipped=0 zeros=450 stuck=304 dropped_delta=0 feature_valid=1 tonalness_valid=1 tonalness_proxy=3.124742 tonal_gate=pending_normal_only
2026-08-22T12:28:38.690+00:00	1102.250	DET 12 score=1860.47302 lo=0 hi=4374.05859 led=1 anom=0 total_anom=0 normal (uzastopnih=0 nivo=-47.5 dBFS racun=716 ms)
2026-08-22T12:28:38.822+00:00	1102.375	FEATURE96 protocol=asd-research-v1.0.0 session=1 phase=DET window=12 window_start_ms=1091712 window_end_ms=1100977 score=1860.47302 level_dbfs=-47.5387573 quality=OK tonalness_proxy=3.12474203 dims=96 fnv1a=74e456cd values=-10.4462786,-10.4462786,1.77745199,-10.4462786,-10.4462786,1.59477043,-10.4462786,1.78277922,-10.4462786,1.63550806,1.12870121,-10.4462786,1.06408405,1.46775436,1.39396095,-10.4462786,1.00543594,0.890900612,1.17911625,1.21202564,0.880570412,0.922586441,0.977531433,1.09748268,1.31187344,1.48181248,1.37111378,1.10836983,1.06191921,0.916056633,1.0444231,1.0927372,1.36768723,1.24900436,0.96359539,2.46976757,3.12474203,0.860612869,0.668105125,0.839634895,1.06128407,1.31610394,1.51860142,1.36852837,0.72328186,0.732382774,0.960609436,1.47575188,1.13953114,1.04067135,1.08180618,0.949975014,1.18690777,1.92630911,1.34341335,1.39863396,1.24279594,1.21665764,1.08494186,1.35454178,1.56428003,2.54445028,1.81672668,0.646313667,0.91135025,0.993542671,0.795021057,0.749474525,0.911110878,0.939869881,0.939374924,1.13509655,1.01180935,1.38922596,0.76732254,0.654531479,0.565190315,0.334796906,0.208637238,0.731268883,0.194695473,0.159506798,0.193947792,0.0737485886,0.0556259155,-0.162179947,-0.174424171,-0.175308228,-0.0741357803,-0.185421944,-0.138946533,-0.246001244,-0.201686859,-0.0114965439,-0.168582916,-0.243208885
2026-08-22T12:28:38.925+00:00	1102.485	SUBSEG96 protocol=asd-research-v1.0.0 session=1 phase=DET window=12 group=1 segments=8 dims=96 fnv1a=e6f7f1ec values=-10.5991583,-10.5991583,1.5505023,-10.5991583,-10.5991583,1.51386881,-10.5991583,1.66454792,-10.5991583,1.48298883,1.01515961,-10.5991583,0.976815224,1.50753498,1.54161739,-10.5991583,1.16309643,1.00187302,1.22917366,1.35008621,0.961594582,0.665547371,0.67229557,0.5912714,1.28349686,1.41117382,1.27047348,1.12420273,0.782142639,0.941230774,1.30155468,1.34845543,1.37877083,1.47599745,1.07049751,2.41433048,2.9692111,0.759754181,0.694265366,0.923254967,1.35162449,1.51433945,1.97065353,1.81244087,0.87321949,0.838201523,0.900540352,1.48038626,1.49724245,1.07315254,1.21243286,1.17263412,1.49198389,1.89983702,1.74070072,1.78747749,1.49433851,1.14760399,1.07913971,1.19322777,1.44356871,2.43118763,1.31464291,1.04053974,1.13686562,1.40216923,1.02712631,0.834141731,1.11003494,1.0071516,0.92600441,1.14309597,1.01522541,1.26830101,0.649888039,0.629811287,0.410732269,0.245005608,0.14261055,0.618267059,0.11732769,0.0802764893,0.105445862,-0.0121898651,-0.0567598343,-0.225896835,-0.292692184,-0.248685837,-0.174160004,-0.31646347,-0.267975807,-0.275529861,-0.229237556,-0.151369095,-0.265054703,-0.358074188
2026-08-22T12:28:39.032+00:00	1102.594	SUBSEG96 protocol=asd-research-v1.0.0 session=1 phase=DET window=12 group=2 segments=8 dims=96 fnv1a=5df77f92 values=-10.3670301,-10.3670301,2.0475049,-10.3670301,-10.3670301,1.8703146,-10.3670301,2.15162277,-10.3670301,1.91346645,1.38872814,-10.3670301,1.13373661,1.54495144,1.38071537,-10.3670301,0.816262245,0.617081642,1.10694218,1.30129433,0.847723961,0.89942646,1.21560478,1.43467426,1.33526993,1.34361172,1.38529778,1.13042355,0.935777664,0.986059189,1.05644608,0.805426598,1.22008324,1.24406242,0.909026146,2.57331705,3.21736383,0.940309525,0.720545769,0.892373085,0.757472992,1.22373104,0.930890083,0.819786072,0.629256248,0.802316666,0.934789658,1.5392952,0.792139053,1.07412815,1.0709095,0.826028824,0.903038025,1.9689784,0.992068291,1.07880974,1.14313507,1.22273827,1.08087444,1.47418404,1.6861434,2.62349081,1.78188515,0.204515457,0.872633934,0.649998665,0.695351601,0.750552177,0.822393417,0.997626305,0.960543633,1.15434742,1.08784962,1.43544388,0.750926018,0.789552689,0.666296005,0.38509655,0.268060684,0.796253204,0.287929535,0.230190277,0.286500931,0.138414383,0.135988235,-0.125489235,-0.0590782166,-0.109098434,-0.032834053,-0.10263443,-0.0816345215,-0.239572525,-0.158196449,0.0196695328,-0.0929031372,-0.169762611
2026-08-22T12:28:39.141+00:00	1102.688	SUBSEG96 protocol=asd-research-v1.0.0 session=1 phase=DET window=12 group=3 segments=8 dims=96 fnv1a=e2487efd values=-10.3430767,-10.3430767,1.85488129,-10.3430767,-10.3430767,1.55855942,-10.3430767,1.68698263,-10.3430767,1.63926792,1.10444736,-10.3430767,1.15922737,1.57170963,1.46938133,-10.3430767,1.17775726,0.948797226,1.3167429,1.07561779,0.97961235,1.16174126,0.973632812,1.14524746,1.43934441,1.56929016,1.56162834,1.03238487,1.01663303,0.859291077,0.816446304,0.955741882,1.38712597,0.985139847,1.09076023,2.49260855,3.22406673,0.952836037,0.702870369,0.834765434,0.916324615,1.2573843,0.679335594,0.815542221,0.641997337,0.692152977,1.08052349,1.53175545,0.896244049,1.0104599,1.06956005,0.938158035,1.06690025,1.96471405,0.927657127,0.99322319,1.06080151,1.26118469,1.21344852,1.3327198,1.6128149,2.62132359,2.13853788,0.243746758,0.780701637,0.46085453,0.723649979,0.758805275,0.727816582,0.942457199,0.91799736,1.18456841,1.02847958,1.48758602,0.873093605,0.6695261,0.726558685,0.408543587,0.307788849,0.808326721,0.282671928,0.222146034,0.264153481,0.158367157,0.104288101,-0.0867614746,-0.0852212906,-0.0862054825,0.00430011749,-0.0228261948,-0.0637998581,-0.177662849,-0.173514366,0.116171837,-0.0722408295,-0.157166481
2026-08-22T12:28:39.163+00:00	1102.719	SUBSEG96 protocol=asd-research-v1.0.0 session=1 phase=DET window=12 group=4 segments=7 dims=96 fnv1a=dde1786e values=-10.333354,-10.333354FLAGS protocol=asd-quality-v1.5.0 mode=READY state=CALIBRATED_NORMAL waiting=0 learning=0 learned=1 anomaly=0 hold=0 fault=0 green=on red=off guided25_available=1 workflow_pending=DEFAULT research_telemetry=1 profile_persistence_allowed=0 dropped=0
2026-08-22T12:28:39.266+00:00	1102.828	,1.42556763,-10.333354,-10.333354,0.980499268,-10.333354,1.69528723,-10.333354,1.77984428,1.32360458,-10.333354,0.975279808,1.34429073,1.26474476,-10.333354,0.910640717,1.07055569,1.17291927,1.04496479,0.649641037,1.04586792,1.22386837,1.21755791,1.37940121,1.74974203,1.54626656,1.14782333,1.38270569,0.966997147,0.687217712,1.18964863,1.61384392,1.17913246,0.756518364,2.58789444,3.26381159,0.986148834,0.723848343,0.815455437,0.930942535,1.21387863,0.818305016,0.76783371,0.68773365,0.792545319,1.03730106,1.613204,0.949899673,1.14260292,1.03086662,0.772027969,1.00777531,2.04135227,0.914792061,1.04544163,1.08440495,1.33069897,1.07254219,1.42883205,1.55145645,2.69571924,1.91255522,0.280528069,0.805417061,0.552693367,0.688178062,0.78953743,0.902258873,0.923125267,1.04864788,1.18038654,1.02279377,1.45572472,0.885948181,0.722711563,0.609215736,0.452877998,0.246281624,0.828410149,0.263637543,0.263017654,0.306637764,0.163515091,0.135434151,-0.0679826736,-0.117763519,-0.101498604,0.0372648239,-0.146260262,-0.0176372528,-0.144726753,-0.140250206,0.112258911,-0.0798282623,-0.138073921
2026-08-22T12:28:39.377+00:00	1102.938	SUBSEG96 protocol=asd-research-v1.0.0 session=1 phase=DET window=12 group=5 segments=7 dims=96 fnv1a=95c14626 values=-10.3380003,-10.3380003,1.99009132,-10.3380003,-10.3380003,1.80593491,-10.3380003,1.67736244,-10.3380003,1.43826199,0.821907043,-10.3380003,1.26267338,1.47093678,1.2635498,-10.3380003,0.826704025,0.796973228,1.1911869,1.24600792,0.989849091,1.04771042,0.945376396,1.12465477,1.31891155,1.50581932,1.26070499,1.27373028,1.32775593,0.992827415,0.958942413,0.789743423,1.36929035,1.13479233,0.98772049,2.49595356,3.19648933,0.899559975,0.665846825,0.830382347,0.923797607,1.26771927,1.09897995,0.77238369,0.790031433,0.564539909,1.07256413,1.36257076,0.701938629,1.0697155,1.06097031,0.8439188,0.956713676,1.9689436,0.949489594,0.981070518,1.15957451,1.35664177,1.1574564,1.57056618,1.74476194,2.59040213,1.99920225,0.319778442,0.763896942,0.563135147,0.628380775,0.722764969,0.88670063,0.948579788,1.04916763,1.20349026,1.08812237,1.54301739,0.920422554,0.64308548,0.64104557,0.424443245,0.302675247,0.852163315,0.248077393,0.238343239,0.239739418,0.158410072,0.202791214,-0.0719680786,-0.0821113586,-0.100017548,0.0404195786,-0.113152504,-0.0120582581,-0.17598629,-0.0929193497,0.0939693451,-0.0951595306,-0.146965027
2026-08-22T12:28:44.149+00:00	1107.703	FLAGS protocol=asd-quality-v1.5.0 mode=READY state=CALIBRATED_NORMAL waiting=0 learning=0 learned=1 anomaly=0 hold=0 fault=0 green=on red=off guided25_available=1 workflow_pending=DEFAULT research_telemetry=1 profile_persistence_allowed=0 dropped=0
2026-08-22T12:28:48.656+00:00	1112.203	QUALITY protocol=asd-quality-v1.5.0 phase=DET index=13 total=0 result=OK metrics_valid=1 samples=159744 expected=159744 rms_dbfs=-48.008 dc=-0.512 peak=487 clipped=0 zeros=455 stuck=269 dropped_delta=0 feature_valid=1 tonalness_valid=1 tonalness_proxy=3.227865 tonal_gate=pending_normal_only
2026-08-22T12:28:48.664+00:00	1112.219	DET 13 score=201.496841 lo=0 hi=4374.05859 led=1 anom=0 total_anom=0 normal (uzastopnih=0 nivo=-48.0 dBFS racun=716 ms)
2026-08-22T12:28:48.792+00:00	1112.344	FEATURE96 protocol=asd-research-v1.0.0 session=1 phase=DET window=13 window_start_ms=1101682 window_end_ms=1110952 score=201.496841 level_dbfs=-48.0081367 quality=OK tonalness_proxy=3.22786474 dims=96 fnv1a=95c5d45d values=-10.3732862,-10.3732862,1.98460293,-10.3732862,-10.3732862,1.64155722,-10.3732862,2.00785542,-10.3732862,1.88428545,1.19528103,-10.3732862,1.20839691,1.70099878,1.63904524,-10.3732862,1.18208313,0.991070747,1.1135664,0.995492935,0.960411072,1.01650715,1.03821468,1.07667828,1.40880394,1.57416916,1.21852875,1.03398132,1.08504677,0.960467339,0.99050808,1.03486061,1.34507465,1.13594627,1.14090919,2.36767721,3.22786474,0.835215569,0.752590179,0.761076927,0.955655098,1.24245834,0.731142998,0.767333984,0.693286896,0.781817436,1.00782681,1.68281746,0.860260963,0.946040154,0.975141525,0.898485184,0.952435493,1.96032095,0.928766251,1.00437832,1.13113308,1.27662086,1.21393681,1.38140392,1.51438999,2.44772148,2.44971514,0.210536003,0.84132576,0.543686867,0.65114212,0.742167473,0.78469944,0.903538704,0.958499908,1.12008572,1.05879593,1.42697144,0.828708649,0.582483292,0.709813118,0.375952721,0.249215126,0.707187653,0.240641594,0.20835495,0.187283516,0.108072281,0.0989751816,-0.032869339,-0.108894348,-0.0987501144,-0.106736183,-0.0296640396,-0.069144249,-0.187922478,-0.14467907,0.178751945,-0.119135857,-0.144595146
2026-08-22T12:28:48.899+00:00	1112.453	SUBSEG96 protocol=asd-research-v1.0.0 session=1 phase=DET window=13 group=1 segments=8 dims=96 fnv1a=4fc0b643 values=-10.3962889,-10.3962889,2.19460678,-10.3962889,-10.3962889,1.96834326,-10.3962889,2.23450232,-10.3962889,2.30354357,1.49128914,-10.3962889,1.55296612,2.00667572,1.82259083,-10.3962889,1.3434124,1.05902767,1.28474617,0.790180206,0.880543709,1.16053104,0.991166115,1.16120338,1.43223,1.55964565,1.31293488,0.908804893,1.12099266,0.847377777,0.945708275,0.943921089,1.24630833,0.981398582,1.13772583,2.41569185,3.19619226,0.938658714,0.899486542,0.74240303,0.791706085,1.31026363,0.648098946,0.710381508,0.720679283,0.73969841,1.02276325,1.64344883,0.715284348,0.981088638,0.923398972,0.837165833,0.8618536,1.94816875,0.886894226,0.970194817,1.05473614,1.28419971,1.18114853,1.25031853,1.47969723,2.52504349,2.22020006,0.204752922,0.76847744,0.440207481,0.581780434,0.712388992,0.743451118,0.903437614,1.00031853,1.10953331,1.03269291,1.4731102,0.82448101,0.484292984,0.678754807,0.35868454,0.160082817,0.671910286,0.163249969,0.199625015,0.211691856,0.090130806,0.132622719,-0.113698959,-0.145931244,-0.138286591,-0.125721931,-0.0452699661,-0.066904068,-0.224542618,-0.184468269,0.0641555786,-0.171361923,-0.204530716
2026-08-22T12:28:49.006+00:00	1112.563	SUBSEG96 protocol=asd-research-v1.0.0 session=1 phase=DET window=13 group=2 segments=8 dims=96 fnv1a=975857fa values=-10.3473377,-10.3473377,2.37342596,-10.3473377,-10.3473377,1.63986588,-10.3473377,2.23407078,-10.3473377,1.87886143,1.27561188,-10.3473377,1.15984058,1.31497002,1.1702137,-10.3473377,1.16706944,1.09443378,1.2329731,0.859801292,0.965350151,0.877951622,0.644244194,0.802199364,1.24181366,1.70123863,1.16341782,1.16462421,1.14238548,1.07329655,1.16281223,1.01781368,1.36094666,1.23009872,1.16093636,2.37024117,3.20041227,0.659042358,0.581140518,0.766684532,0.889554977,1.18167305,0.752202988,0.549203873,0.591711998,0.852003098,1.0385313,1.50135708,0.785161972,1.04315758,0.878419876,1.01617146,1.07774734,1.96602631,0.998368263,1.01302433,1.09066772,1.22371864,1.24603271,1.4334259,1.54009438,2.50378275,2.39008999,0.272807121,0.862722397,0.589182854,0.689307213,0.774181366,0.764375687,0.932265282,1.02098179,1.07330322,1.01817894,1.4719429,0.914359093,0.623267174,0.717718124,0.352480888,0.337315559,0.728410721,0.313090324,0.233874321,0.175953865,0.123587608,0.155338287,0.005027771,-0.101564407,-0.045466423,-0.0711288452,-0.0266933441,-0.0874147415,-0.156178474,-0.146264076,0.161131859,-0.0339336395,-0.113430977
2026-08-22T12:28:49.114+00:00	1112.672	SUBSEG96 protocol=asd-research-v1.0.0 session=1 phase=DET window=13 group=3 segments=8 dims=96 fnv1a=b7dd25e0 values=-10.3632565,-10.3632565,1.59597397,-10.3632565,-10.3632565,1.40479851,-10.3632565,1.75877857,-10.3632565,1.3779192,1.13215446,-10.3632565,1.13619041,1.77552557,1.95104456,-10.3632565,1.26536655,1.13815212,1.09088516,1.20048237,0.978928566,0.832587242,1.1539011,1.04816628,1.26576519,1.3971777,0.947183609,1.11386013,0.93146801,1.03870201,1.00252533,1.14412594,1.40831661,1.24184322,1.25891209,2.37743187,3.29300261,0.721351624,0.740856171,0.662374496,1.13625145,1.21149826,0.813096046,0.902884483,0.691407204,0.872525215,1.12097836,1.79531813,0.864092827,0.904382706,1.07704449,1.01386356,0.93184185,1.97275877,0.935428619,1.08015251,1.17818451,1.21186543,1.21993732,1.46469307,1.49343109,2.38201475,2.55221939,0.164664268,0.784332275,0.606355667,0.595023155,0.720591545,0.802251816,0.913981438,0.944316864,1.12029362,1.06585503,1.36019325,0.84623909,0.623815536,0.710835457,0.425161362,0.260424614,0.697695732,0.270809174,0.213218689,0.163617134,0.10578537,0.0637836456,-0.0345916748,-0.0891656876,-0.0994701385,-0.0919151306,-0.025803566,-0.0639648438,-0.178078651,-0.102113724,0.186247826,-0.130754471,-0.135281563
2026-08-22T12:28:49.186+00:00	1112.735	SUBSEG96 protocol=asd-research-v1.0.0 session=1 phase=DET window=13 group=4 segments=7 dims=96 fnv1a=6d9e97b5 values=-10.3290157,-10.3290157,1.05991554,-10.3290157,-10.3290157,1.08913898,-10.3290157,1.58768559,-10.3290157,1.66119766,0.883102417,-10.3290157,0.973637581,1.58770847,1.41710186,-10.3290157,1.06598282,0.857506752,0.889641762,0.816987038,0.937675476,0.932916641,1.03578472,1.1482811,1.66278839,1.41406441,1.28350163,1.05116081,1.05790234,0.978647232,1.02971745,1.07785892,1.34502697,1.15593338,1.16578674,2.29620075,3.21900129,0.937786102,0.759376526,0.817782402,1.07448578,1.31651592,0.583018303,0.889849663,0.835392952,0.765144348FLAGS protocol=asd-quality-v1.5.0 mode=READY state=CALIBRATED_NORMAL waiting=0 learning=0 learned=1 anomaly=0 hold=0 fault=0 green=on red=off guided25_available=1 workflow_pending=DEFAULT research_telemetry=1 profile_persistence_allowed=0 dropped=0
2026-08-22T12:28:49.235+00:00	1112.797	,0.985939026,1.75172329,0.896109581,0.885229111,1.07559109,0.893274307,0.920388222,1.9726162,1.02809048,1.10758209,1.2232542,1.41258526,1.27834129,1.36359501,1.52306461,2.38168621,2.62036371,0.217697144,0.964337349,0.661556244,0.76479435,0.816206932,0.851939201,0.976477623,0.953906059,1.20408058,1.16509533,1.48862267,0.840212822,0.641256332,0.744647026,0.435237885,0.315228462,0.773031235,0.267863274,0.231023788,0.212072372,0.214438438,0.103137016,0.104212761,-0.0679645538,-0.0513839722,-0.0833539963,-0.00395298004,-0.00359725952,-0.139427185,-0.077372551,0.292599678,-0.0771627426,-0.0838689804
2026-08-22T12:28:49.352+00:00	1112.907	SUBSEG96 protocol=asd-research-v1.0.0 session=1 phase=DET window=13 group=5 segments=7 dims=96 fnv1a=52f2565a values=-10.3400478,-10.3400478,1.45705128,-10.3400478,-10.3400478,1.62823296,-10.3400478,1.82850075,-10.3400478,1.4129591,0.766514778,-10.3400478,0.760166168,1.45723152,1.26509953,-10.3400478,0.991569519,0.650307655,0.942613602,1.20502281,1.11246109,1.22322559,1.26374435,1.21768761,1.44192123,1.76969957,1.37756538,0.964352608,1.21815968,0.910137177,0.805006027,1.06054401,1.44172287,1.11188698,1.00870514,2.43896198,3.30851746,0.939970016,0.789642334,0.896381378,0.890868187,1.263834,0.882452011,0.799219131,0.694274902,0.731136322,0.897247314,1.76283932,1.08452797,0.968816757,0.984764099,0.725265503,1.03093529,2.03009319,0.865864754,0.907759666,1.19622707,1.33190823,1.23496342,1.45772076,1.62258911,2.49301529,2.49491787,0.274784088,0.916152,0.484745979,0.714306831,0.780106544,0.854661942,0.872010231,0.938253403,1.1838274,1.10266876,1.41252708,0.783035278,0.625424385,0.789338112,0.393568039,0.251464844,0.758928299,0.269348145,0.252311707,0.258489609,0.0916690826,0.114070892,-0.0440120697,-0.0478343964,-0.0702142715,-0.0743818283,0.0438680649,-0.033862114,-0.150089264,-0.124601364,0.276181221,-0.0999526978,-0.0932264328
2026-08-22T12:28:54.170+00:00	1117.719	FLAGS protocol=asd-quality-v1.5.0 mode=READY state=CALIBRATED_NORMAL waiting=0 learning=0 learned=1 anomaly=0 hold=0 fault=0 green=on red=off guided25_available=1 workflow_pending=DEFAULT research_telemetry=1 profile_persistence_allowed=0 dropped=0
2026-08-22T12:28:58.693+00:00	1122.250	QUALITY protocol=asd-quality-v1.5.0 phase=DET index=14 total=0 result=OK metrics_valid=1 samples=159744 expected=159744 rms_dbfs=-47.703 dc=-0.474 peak=542 clipped=0 zeros=451 stuck=252 dropped_delta=0 feature_valid=1 tonalness_valid=1 tonalness_proxy=3.220198 tonal_gate=pending_normal_only
2026-08-22T12:28:58.703+00:00	1122.250	DET 14 score=264.674316 lo=0 hi=4374.05859 led=1 anom=0 total_anom=0 normal (uzastopnih=0 nivo=-47.7 dBFS racun=716 ms)
2026-08-22T12:28:58.831+00:00	1122.391	FEATURE96 protocol=asd-research-v1.0.0 session=1 phase=DET window=14 window_start_ms=1111662 window_end_ms=1120990 score=264.674316 level_dbfs=-47.7026672 quality=OK tonalness_proxy=3.22019768 dims=96 fnv1a=84bc4c81 values=-10.3407984,-10.3407984,1.62027264,-10.3407984,-10.3407984,1.3431797,-10.3407984,1.54534245,-10.3407984,1.61779118,1.06819439,-10.3407984,1.1842556,1.48070335,1.43409443,-10.3407984,1.02147484,1.01865292,1.18288994,1.16129208,0.922787666,0.794877052,1.02933121,1.23169899,1.39433289,1.62399006,1.39847755,1.13108158,1.17765808,0.950133324,1.04516792,0.945012093,1.36356831,1.19695282,1.12932491,2.50633669,3.22019768,0.813655853,0.766361237,0.729659081,0.79246521,1.21813297,0.782475471,0.818037033,0.741234779,0.850871086,1.01574135,1.5720253,0.858491898,1.00444603,1.02839851,0.910344124,0.961286545,2.02254581,0.967337608,1.0786047,1.11635303,1.33440971,1.16106319,1.44951534,1.59519482,2.5760622,2.07198858,0.271053314,0.784489632,0.517167091,0.717608452,0.776391029,0.872220993,0.96644783,1.04999161,1.1350975,1.11415577,1.45781422,0.840384483,0.655953407,0.70572567,0.396268845,0.312244415,0.80252552,0.254592896,0.259097099,0.255764008,0.147768021,0.115584373,-0.0773496628,-0.10367775,-0.0826721191,-0.00762748718,-0.0499792099,-0.0475473404,-0.174470901,-0.1273489,0.165994644,-0.0428504944,-0.110273361
2026-08-22T12:28:58.936+00:00	1122.485	SUBSEG96 protocol=asd-research-v1.0.0 session=1 phase=DET window=14 group=1 segments=8 dims=96 fnv1a=48f86881 values=-10.3452702,-10.3452702,1.86562443,-10.3452702,-10.3452702,1.38763523,-10.3452702,1.56537437,-10.3452702,1.38349533,0.887828827,-10.3452702,1.24735832,1.5336647,1.38191319,-10.3452702,0.845226288,1.07309341,1.19483757,1.14885712,1.14745522,0.807810783,0.93738842,1.33282375,1.537117,1.55317688,1.4372282,1.13720417,1.26328659,1.0899353,1.01377201,0.867156982,1.14497471,1.1629858,1.22952938,2.45451212,3.22556973,0.841443062,0.784207344,0.794467926,0.835276604,1.24743748,0.86756897,0.606007576,0.725435257,0.862705231,0.960363388,1.58403015,0.902572632,1.00022697,1.02594566,0.932115555,1.00601482,2.00261068,1.01552868,1.0725193,1.13572311,1.30489445,1.10495663,1.47424793,1.57539368,2.55922413,2.20213604,0.192840576,0.761825562,0.504281998,0.729519844,0.744957924,0.912363052,0.965076447,1.0208807,1.13927174,1.15174007,1.47477531,0.868260384,0.630372047,0.701753616,0.423833847,0.346715927,0.699636459,0.257035255,0.248426437,0.243283272,0.102519035,0.0945444107,-0.0745735168,-0.110454559,-0.0922966003,-0.0526285172,-0.000134468079,-0.0660848618,-0.187850952,-0.101973534,0.16631794,-0.0579071045,-0.153959274
2026-08-22T12:28:59.045+00:00	1122.594	SUBSEG96 protocol=asd-research-v1.0.0 session=1 phase=DET window=14 group=2 segments=8 dims=96 fnv1a=c44e0073 values=-10.3347921,-10.3347921,1.47892952,-10.3347921,-10.3347921,1.60790634,-10.3347921,1.74619532,-10.3347921,1.90106583,1.20615101,-10.3347921,1.20033455,1.51863861,1.53185844,-10.3347921,1.29940701,1.19259834,1.14599037,0.859544754,0.835787773,0.793201447,0.974367142,0.980615616,1.30149555,1.68176508,1.36179447,1.08185196,1.19830322,0.551525116,0.861372948,1.05631447,1.34753609,1.08773136,1.19990158,2.54957008,3.23721123,0.835321426,0.977517128,0.831896782,0.698122978,1.20318508,0.783772469,0.912711143,0.724287033,0.735620499,0.932478905,1.72690678,0.720393181,0.963819504,1.08761787,0.775977135,0.847712517,2.0337553,0.952878952,1.02633286,1.05478573,1.29789352,1.17527008,1.495718,1.60115242,2.57578421,2.04483938,0.298427582,0.745816231,0.484477997,0.688676834,0.825712204,0.833852768,0.991654396,1.04171944,1.16391563,1.11923218,1.47046757,0.854892731,0.69356823,0.70211792,0.386610031,0.321631432,0.750144005,0.274745941,0.273003578,0.279073715,0.194138527,0.0614423752,-0.0820245743,-0.0999488831,-0.0758190155,0.0163803101,-0.0785140991,-0.0373954773,-0.168903351,-0.093132019,0.217072487,-0.0561170578,-0.12369442
2026-08-22T12:28:59.152+00:00	1122.703	SUBSEG96 protocol=asd-research-v1.0.0 session=1 phase=DET window=14 group=3 segments=8 dims=96 fnv1a=a7be3ade values=-10.3343315,-10.3343315,1.61466503,-10.3343315,-10.3343315,1.29193783,-10.3343315,1.49080563,-10.3343315,1.60680103,1.09762955,-10.3343315,0.892868042,1.37355232,1.41725445,-10.3343315,0.792120934,0.922592163,1.22520828,1.32103825,0.821703911,0.803112984,1.28657246,1.2559576,1.43018055,1.70979118,1.30343533,1.20480156,1.25949001,1.00558472,1.19298649,1.0131073,1.39477444,1.09414673,1.01091671,2.44409609,3.23790741,0.839799881,0.518947601,0.637861252,0.732922554,1.29513645,0.72366333,0.734726906,0.716978073,0.944149017,1.1150322,1.53598309,0.898127556,1.03449249,0.999603271,0.977662086,1.03780842,1.99573278,0.965071678,1.13804913,1.19853783,1.34219456,1.26177692,1.40209579,1.51396275,2.56605768,2.20480871,0.343121529,0.776091576,0.504021645,0.687806129,0.80316925,0.880738258,0.958662033,1.1173296,1.09330845,1.08142567,1.53838921,0.818688393,0.550720215,0.755912781,0.364954948,0.327155113,0.734155655,0.303886414,0.271073341,0.282943726,0.135255814,0.125986099,-0.0662431717,-0.150715828,-0.0784759521,-0.028960228,0.012169838,-0.0440702438,-0.167422295,-0.156134605,0.169629097,-0.021739006,-0.0944519043
2026-08-22T12:28:59.201+00:00	1122.750	SUBSEG96 protocol=asd-research-v1.0.0 session=1 phase=DET window=14 group=4 segments=7 dims=96 fnv1a=b6c0842c values=-10.3237724,-10.3237724,1.53984451,-10.3237724,-10.3237724,0.973906517,-10.3237724,1.43095398,-10.3237724,1.63097668,1.07010269,-10.3237724,1.19663811,1.53173828,1.40621758,-10.3237724,0.876064301,0.815237045,0.85888958,0.789731979,0.680238724,0.691480637,0.981150627,1.422369FLAGS protocol=asd-quality-v1.5.0 mode=READY state=CALIBRATED_NORMAL waiting=0 learning=0 learned=1 anomaly=0 hold=0 fault=0 green=on red=off guided25_available=1 workflow_pending=DEFAULT research_telemetry=1 profile_persistence_allowed=0 dropped=0
2026-08-22T12:28:59.276+00:00	1122.828	,1.46325779,1.66045189,1.4867382,1.21580791,1.00788498,0.902927399,1.09705734,0.970171928,1.52340889,1.39696598,1.22668552,2.4921236,3.21460724,0.779974937,0.751978874,0.739398956,0.936875343,1.27728176,0.778003693,0.867350578,0.714859009,0.851510048,1.02563381,1.40860176,0.872076035,1.12333584,1.11737537,0.957730293,0.864705086,2.08476639,0.942267418,1.0039711,1.21159744,1.42835903,1.16003036,1.41548824,1.70150232,2.58509922,2.0835104,0.366937637,0.820363998,0.509607315,0.766437531,0.798407555,0.853712082,0.915999413,1.02723885,1.19503498,1.08759022,1.47839737,0.87029171,0.626399994,0.786408424,0.401748657,0.296049118,0.863455772,0.240790367,0.249175072,0.253300667,0.183714867,0.207566261,-0.0504903793,-0.0395765305,-0.0613555908,0.041683197,-0.0531330109,-0.0651350021,-0.185372353,-0.136128426,0.186103821,-0.0415563583,-0.0405416489
2026-08-22T12:28:59.388+00:00	1122.938	SUBSEG96 protocol=asd-research-v1.0.0 session=1 phase=DET window=14 group=5 segments=7 dims=96 fnv1a=fc6b4091 values=-10.3170071,-10.3170071,1.47177219,-10.3170071,-10.3170071,1.1893816,-10.3170071,1.41264439,-10.3170071,1.34253788,1.06833172,-10.3170071,1.34115601,1.47430611,1.46133232,-10.3170071,1.1132803,1.01222801,1.38540459,1.41771317,0.998423576,0.90173912,0.834524155,1.07282543,1.16971874,1.51841164,1.44236374,1.02886677,1.12069893,1.06853294,1.04673004,0.795495033,1.40648746,1.25077724,0.92227459,2.62787294,3.22862148,0.804595947,0.706788063,0.638197899,0.782217979,1.06015205,0.787795067,0.959629059,0.865884781,0.882770538,1.07404041,1.56665802,0.925539017,0.924534798,0.92992878,0.934202194,1.05255795,2.04669952,0.999897957,1.17785168,0.975940704,1.34648514,1.12440872,1.49612331,1.62780285,2.64488745,1.5661459,0.161354065,0.870000839,0.629039764,0.766704559,0.745975494,0.92152977,1.03982162,1.08049393,1.12817192,1.17151642,1.32898331,0.832980156,0.803214073,0.601557732,0.451246262,0.306872368,0.987692833,0.229674339,0.3002491,0.262951851,0.169579506,0.135798454,-0.06528759,-0.0670433044,-0.0557336807,0.0361728668,-0.110162735,0.0215339661,-0.115204811,-0.108453751,0.125613213,0.0117473602,-0.0887641907
2026-08-22T12:29:04.180+00:00	1127.735	FLAGS protocol=asd-quality-v1.5.0 mode=READY state=CALIBRATED_NORMAL waiting=0 learning=0 learned=1 anomaly=0 hold=0 fault=0 green=on red=off guided25_available=1 workflow_pending=DEFAULT research_telemetry=1 profile_persistence_allowed=0 dropped=0
2026-08-22T12:29:08.667+00:00	1132.219	QUALITY protocol=asd-quality-v1.5.0 phase=DET index=15 total=0 result=OK metrics_valid=1 samples=159744 expected=159744 rms_dbfs=-47.093 dc=-0.491 peak=592 clipped=0 zeros=409 stuck=240 dropped_delta=0 feature_valid=1 tonalness_valid=1 tonalness_proxy=3.261995 tonal_gate=pending_normal_only
2026-08-22T12:29:08.678+00:00	1132.235	DET 15 score=508.226196 lo=0 hi=4374.05859 led=1 anom=0 total_anom=0 normal (uzastopnih=0 nivo=-47.1 dBFS racun=716 ms)
2026-08-22T12:29:08.807+00:00	1132.360	FEATURE96 protocol=asd-research-v1.0.0 session=1 phase=DET window=15 window_start_ms=1121692 window_end_ms=1130964 score=508.226196 level_dbfs=-47.0927734 quality=OK tonalness_proxy=3.26199532 dims=96 fnv1a=eff7d322 values=-10.3124104,-10.3124104,1.2139225,-10.3124104,-10.3124104,1.11349201,-10.3124104,1.35148144,-10.3124104,1.2707901,0.924318314,-10.3124104,1.04613495,1.40362549,1.35694027,-10.3124104,1.01304054,0.953038216,1.15898991,1.16873837,0.967165947,0.918431282,0.967119217,1.10469055,1.3955574,1.58792305,1.41063976,1.23461533,1.22614002,0.954872131,1.03448582,1.01789665,1.22688675,1.11571598,1.00559998,2.63416672,3.26199532,0.950484276,0.748492241,0.890219688,0.796926498,1.26448345,0.778144836,0.775704384,0.755846977,0.904094696,1.09691715,1.58298874,0.819600105,1.06503868,1.03713608,0.888128281,1.04454994,2.04983854,0.923981667,1.10557652,1.09616852,1.34711456,1.20234776,1.43123436,1.66405773,2.67147446,1.83503866,0.29355526,0.852725983,0.573600769,0.753513336,0.821166992,0.854331017,0.987440109,1.02703476,1.18297672,1.13016224,1.38287354,0.865782738,0.818079948,0.716941833,0.431180954,0.291044235,0.958127975,0.258839607,0.28329277,0.30957222,0.162810326,0.155502319,-0.0717687607,-0.0798187256,-0.045091629,0.0397396088,-0.0765190125,0.0214157104,-0.151078224,-0.0961561203,0.213453293,-0.0276279449,-0.101999283
2026-08-22T12:29:08.916+00:00	1132.469	SUBSEG96 protocol=asd-research-v1.0.0 session=1 phase=DET window=15 group=1 segments=8 dims=96 fnv1a=75dc9724 values=-10.2995262,-10.2995262,0.893113136,-10.2995262,-10.2995262,1.07707405,-10.2995262,1.46776295,-10.2995262,1.43867588,1.06893921,-10.2995262,1.1119318,1.16201591,1.29615402,-10.2995262,0.949920654,1.00813675,1.34132576,1.36976051,1.30463982,1.09289742,0.794323921,0.957028389,1.40472507,1.46003342,1.22323895,1.17858601,1.18527603,1.03614616,1.19561672,0.946207047,1.24365139,1.29389954,1.20926952,2.74216223,3.25880814,1.01534653,0.892495155,0.760960579,0.631010056,1.27710629,0.717336655,0.931930542,0.702792168,0.806200027,1.10912609,1.42332172,0.851539612,1.15760708,1.06864834,0.860001564,1.16501713,2.06822109,0.903494835,0.933200836,1.05990982,1.35796642,1.18756962,1.46604061,1.59083176,2.67885256,1.19583225,0.272454262,0.827197075,0.57639122,0.763095856,0.826717377,0.910298347,0.997664452,1.00934505,1.18904495,1.18554211,1.35663795,0.891726494,0.978316307,0.473219872,0.457673073,0.298377037,0.959453583,0.263151169,0.258167267,0.339532852,0.125724792,0.128092766,-0.0544214249,-0.0432825089,-0.0783262253,0.0825920105,-0.105209351,0.0482873917,-0.120809555,-0.0616674423,0.211696625,-0.044965744,-0.0491514206
2026-08-22T12:29:09.022+00:00	1132.578	SUBSEG96 protocol=asd-research-v1.0.0 session=1 phase=DET window=15 group=2 segments=8 dims=96 fnv1a=9a022d43 values=-10.2815733,-10.2815733,1.02826786,-10.2815733,-10.2815733,1.01710701,-10.2815733,1.32640362,-10.2815733,1.15517235,0.903250694,-10.2815733,1.07329464,1.31884289,1.43994904,-10.2815733,1.15145874,1.15101719,1.21953201,1.13811588,0.764575005,0.897016525,1.18324661,1.2312994,1.57690239,1.71114254,1.29049015,0.999905586,1.01815414,0.608590126,0.761585236,1.17563343,1.24292755,1.035182,0.876206398,2.70175076,3.28675127,1.02651978,0.774152756,0.883577347,0.971738815,1.21966362,0.678129196,0.627118111,0.684556961,0.934389114,1.1821413,1.50016975,0.803085327,0.978210449,0.997695923,0.885053635,1.12944508,2.09911633,1.00460243,1.15275955,1.05916023,1.29692364,1.17183018,1.44833565,1.77087355,2.73907757,1.57304287,0.325419426,0.839392662,0.608739853,0.7004776,0.882395744,0.893452644,0.966287613,1.03672028,1.16296482,1.2045908,1.43211842,0.858101845,0.935073853,0.635895729,0.450003624,0.287658691,1.01903152,0.232429504,0.310029984,0.310744286,0.196267128,0.15169239,-0.0539741516,-0.0788135529,-0.0528039932,0.100257874,-0.0693941116,0.101569176,-0.0769643784,-0.0699949265,0.202616692,0.0139112473,-0.0783996582
2026-08-22T12:29:09.128+00:00	1132.688	SUBSEG96 protocol=asd-research-v1.0.0 session=1 phase=DET window=15 group=3 segments=8 dims=96 fnv1a=fce2b914 values=-10.3279886,-10.3279886,1.1995573,-10.3279886,-10.3279886,1.14864922,-10.3279886,1.38754654,-10.3279886,1.35157204,0.934274673,-10.3279886,1.0139761,1.57836437,1.30535507,-10.3279886,0.99998188,0.783917427,1.22515869,1.2524395,0.907822609,0.77849102,0.849836349,1.17344093,1.406147,1.51309109,1.48820305,1.26964569,1.26426792,1.14844799,1.20705891,0.997987747,1.29395485,1.12759304,1.02096653,2.62369919,3.29875994,0.867036819,0.678886414,0.978833199,0.806284904,1.22793961,0.853357315,0.757710457,0.602433205,0.930006981,0.972890854,1.59108448,0.756424904,1.11269093,0.980755806,0.953195572,0.970162392,2.04229736,0.921308517,1.12692547,1.10560226,1.42667484,1.26477814,1.34613895,1.61184216,2.64526558,1.89053202,0.311303139,0.8418293,0.616910934,0.826031685,0.800639153,0.828927994,0.972755432,1.0815134,1.17065811,1.07359505,1.35075951,0.888608932,0.733768463,0.843806267,0.407549858,0.231153488,0.978613853,0.262276649,0.308898926,0.2828722,0.172439575,0.179743767,-0.0713481903,-0.11135006,-0.0231790543,0.0290689468,-0.113438606,0.012216568,-0.186729431,-0.080529213,0.215774536,-0.0401582718,-0.142279625
2026-08-22T12:29:09.214+00:00	1132.766	SUBSEG96 protocol=asd-research-v1.0.0 session=1 phase=DET window=15 group=4 segments=7 dims=96 fnv1a=8f5be756 values=-10.295579,-10.295579,1.36522102,-10.295579,-10.295579,1.12880611,-10.295579,1.34376526,-10.295579,1.21472073,0.802183151,-10.295579,0.886509895,1.43602276,1.4386549,-10.295579,1.1494236,1.00989819,0.952543259,0.918693542,0.844100952,0.823700905,1.01891327,1.24890804,1.08948421,1.37071323,1.36814117,1.34938717,1.46627617,1.01041985,0.564080238,1.00656796,1.32789993,1.02630806,0.912828445,2.53300238,3.26214981,1.02809715,0.66174221,0.907446861,0.816492081,1.30097294,0.758504868,0.669016838,0.810011864,1.01746559,1.10703754,1.69326305,0.926239967,0.886153221,1.06226349,0.84282589,0.91504097,2.04731369,0.925848961,1.05532742,1.06074429,1.45610905,1.20084763FLAGS protocol=asd-quality-v1.5.0 mode=READY state=CALIBRATED_NORMAL waiting=0 learning=0 learned=1 anomaly=0 hold=0 fault=0 green=on red=off guided25_available=1 workflow_pending=DEFAULT research_telemetry=1 profile_persistence_allowed=0 dropped=0
2026-08-22T12:29:09.247+00:00	1132.797	,1.48280907,1.71650696,2.65596151,2.15370035,0.210506439,0.950107574,0.561154366,0.797122955,0.850235939,0.890370369,1.05732155,0.997285843,1.25341892,1.15047836,1.41457462,0.870179176,0.66409874,0.829052925,0.484126091,0.352022171,0.947149277,0.300123215,0.282714844,0.306155205,0.17172718,0.186308861,-0.0344896317,-0.0643320084,0.0141448975,0.0468893051,0.0187044144,-0.0153903961,-0.160236359,-0.127074242,0.2530756,-0.0257692337,-0.0943183899
2026-08-22T12:29:09.366+00:00	1132.922	SUBSEG96 protocol=asd-research-v1.0.0 session=1 phase=DET window=15 group=5 segments=7 dims=96 fnv1a=26acca87 values=-10.3027325,-10.3027325,1.45286274,-10.3027325,-10.3027325,1.2285862,-10.3027325,1.23126507,-10.3027325,1.13025093,0.901721001,-10.3027325,1.14862633,1.45820141,1.34989834,-10.3027325,0.75405407,0.734061241,0.900218964,1.02147388,0.747589111,0.979476929,0.951877594,0.800490379,1.40084934,1.80385399,1.62772751,1.35698223,1.13550854,0.78937149,1.11036015,0.976233482,0.99590683,1.06570244,0.950192451,2.57001591,3.24879837,0.832008362,0.73891449,0.942360878,0.742416382,1.35005665,0.898579597,0.862296104,0.975442886,0.865709305,1.15471935,1.71775198,0.809598923,1.1627655,1.127388,0.934806824,1.03561687,2.04093218,0.909144402,1.2597456,1.23073292,1.1915617,1.22803688,1.46710777,1.67113876,2.68669319,1.93879843,0.381549835,0.858515739,0.54427433,0.711970329,0.794950485,0.787847519,0.998692513,1.05108738,1.19442177,1.07268238,1.4165554,0.868748665,0.719872475,0.760243416,0.408919334,0.344074249,0.927400589,0.291527748,0.306698799,0.362251282,0.200677872,0.18489933,-0.0931825638,-0.0463924408,-0.0325565338,-0.0229167938,-0.0573759079,-0.00303173065,-0.166757584,-0.0983943939,0.240367889,0.0131130219,-0.0954732895
2026-08-22T12:29:14.190+00:00	1137.750	FLAGS protocol=asd-quality-v1.5.0 mode=READY state=CALIBRATED_NORMAL waiting=0 learning=0 learned=1 anomaly=0 hold=0 fault=0 green=on red=off guided25_available=1 workflow_pending=DEFAULT research_telemetry=1 profile_persistence_allowed=0 dropped=0
2026-08-22T12:29:18.642+00:00	1142.203	QUALITY protocol=asd-quality-v1.5.0 phase=DET index=16 total=0 result=OK metrics_valid=1 samples=159744 expected=159744 rms_dbfs=-46.863 dc=-0.548 peak=630 clipped=0 zeros=418 stuck=261 dropped_delta=0 feature_valid=1 tonalness_valid=1 tonalness_proxy=3.232217 tonal_gate=pending_normal_only
2026-08-22T12:29:18.651+00:00	1142.203	DET 16 score=383.809845 lo=0 hi=4374.05859 led=1 anom=0 total_anom=0 normal (uzastopnih=0 nivo=-46.9 dBFS racun=716 ms)
2026-08-22T12:29:18.780+00:00	1142.328	FEATURE96 protocol=asd-research-v1.0.0 session=1 phase=DET window=16 window_start_ms=1131672 window_end_ms=1140938 score=383.809845 level_dbfs=-46.862812 quality=OK tonalness_proxy=3.23221731 dims=96 fnv1a=a5f92426 values=-10.3407431,-10.3407431,2.09935951,-10.3407431,-10.3407431,1.3839426,-10.3407431,1.52042389,-10.3407431,1.54400158,1.10461617,-10.3407431,1.23431587,1.49773884,1.40742493,-10.3407431,1.09749031,0.888461113,0.970442772,1.07111645,1.06801033,1.01292038,0.962398529,1.17360497,1.34863567,1.6312542,1.30446053,1.18415451,1.19633961,1.02484894,0.859485626,0.942606926,1.16503334,1.00769901,0.966398239,2.49948597,3.23221731,0.883177757,0.702811241,0.836738586,0.962141991,1.18553066,0.691506386,0.803783417,0.736719131,0.815177917,1.00185871,1.60728073,0.816697121,1.09610081,0.963253021,0.884984016,1.00745201,2.02414799,0.892580032,0.994682312,1.11044693,1.31826591,1.23628235,1.45306492,1.59990788,2.58913326,2.20108843,0.268156052,0.920681953,0.549305916,0.680245399,0.794578552,0.852861404,0.97659111,0.984627724,1.20328045,1.10689926,1.44601059,0.856798172,0.620553017,0.769731522,0.397032738,0.290397644,0.787437439,0.277050972,0.25096035,0.286129951,0.118668556,0.13653183,-0.0753898621,-0.121441841,-0.0869541168,-0.0389432907,-0.0355806351,-0.0103998184,-0.19005394,-0.125987053,0.214421272,-0.0696840286,-0.122337341
2026-08-22T12:29:18.886+00:00	1142.438	SUBSEG96 protocol=asd-research-v1.0.0 session=1 phase=DET window=16 group=1 segments=8 dims=96 fnv1a=d27ec8e6 values=-10.3385324,-10.3385324,1.3609724,-10.3385324,-10.3385324,1.28545284,-10.3385324,1.47876167,-10.3385324,1.47611523,1.17086697,-10.3385324,1.36214447,1.55980301,1.47714138,-10.3385324,0.953806877,0.840310097,0.961857796,1.01926327,0.926646233,1.09083557,0.737897873,1.1102438,1.42723656,1.71434307,1.52338982,1.23379993,1.35621643,1.09313965,0.969007492,0.83842659,1.11878872,1.03270626,0.965294838,2.46614933,3.22276545,0.94631958,0.698184013,0.854006767,1.00586128,1.16224575,0.698420525,0.738123894,0.772130966,0.730002403,0.92960453,1.60491467,0.801961899,1.04749489,0.914245605,0.925020218,1.03120041,2.03340816,0.945274353,0.989704132,1.09895134,1.27278328,1.20436859,1.48556709,1.68085194,2.59534883,2.31848955,0.252948761,0.96577549,0.560105324,0.698832512,0.813648224,0.832636833,1.03015232,1.02026081,1.23160172,1.25650311,1.39507103,0.83472538,0.584691048,0.799150467,0.476542473,0.313664436,0.851809502,0.285949707,0.312755585,0.29927063,0.126271248,0.136774063,-0.0511341095,-0.133600235,-0.105617523,-0.0607681274,-0.0107393265,-0.0276765823,-0.191182137,-0.114766121,0.265323639,-0.0599708557,-0.13891983
2026-08-22T12:29:18.994+00:00	1142.547	SUBSEG96 protocol=asd-research-v1.0.0 session=1 phase=DET window=16 group=2 segments=8 dims=96 fnv1a=0410ba25 values=-10.3349562,-10.3349562,1.6724534,-10.3349562,-10.3349562,1.45975971,-10.3349562,1.56651783,-10.3349562,1.53372669,1.14859104,-10.3349562,1.42387772,1.78947258,1.51751804,-10.3349562,1.13184452,0.754943848,0.871769905,0.778335571,1.05610085,1.10045242,1.11982536,1.23444653,1.4216814,1.70214176,1.27058125,1.30379677,1.02959061,0.838175774,0.672773361,1.05768013,1.16108227,1.10299587,1.09171295,2.4560318,3.21020651,0.845239639,0.586440086,0.84319973,1.01015854,1.21280766,0.571082115,0.711380005,0.645091057,0.818854332,1.04787731,1.53713799,0.74448204,1.12278271,0.886936188,0.957846642,1.11650658,2.01805544,0.907562256,0.974757195,1.12020683,1.33285141,1.12191868,1.3503418,1.63251305,2.57680845,2.27875996,0.262181282,0.89768219,0.646586418,0.730351448,0.848603249,0.904524803,0.926585197,0.993082047,1.17589951,1.07141972,1.47902489,0.861969948,0.656848907,0.749901772,0.355317116,0.317638397,0.786987305,0.267105103,0.229111671,0.299714088,0.146985054,0.141263962,-0.0843658447,-0.0977687836,-0.0726175308,-0.0396223068,-0.0325336456,0.033203125,-0.169600487,-0.127181053,0.25347805,-0.0701847076,-0.111429214
2026-08-22T12:29:19.101+00:00	1142.657	SUBSEG96 protocol=asd-research-v1.0.0 session=1 phase=DET window=16 group=3 segments=8 dims=96 fnv1a=675cff56 values=-10.3240557,-10.3240557,1.53295898,-10.3240557,-10.3240557,1.34719658,-10.3240557,1.52808094,-10.3240557,1.72645044,1.23573112,-10.3240557,1.06147957,1.42658806,1.43013859,-10.3240557,1.26044464,0.946455956,0.847045898,0.862252235,1.00021648,0.847868919,1.04328728,1.10921955,1.27882767,1.75577831,1.27857208,1.05123901,1.11485291,0.803970337,1.00002861,1.08572578,1.1964674,0.843865395,0.914975166,2.56059742,3.26030493,0.884519577,0.832779884,0.990062714,0.883501053,1.24274826,0.759962082,0.921313286,0.696149826,0.920129776,0.986145973,1.58671188,0.803539276,1.10020733,1.07427788,0.852498055,1.00658035,2.06023979,0.731225967,0.966909409,1.05041313,1.36001778,1.18306637,1.46127892,1.65161991,2.62946606,2.00302458,0.384367943,0.907044411,0.609513283,0.722670555,0.79709816,0.904623985,1.0414753,0.993047714,1.18595505,1.06420708,1.45288754,0.9255867,0.637322426,0.840846062,0.420810699,0.322723389,0.803543091,0.307293892,0.243213654,0.306930542,0.0948162079,0.136081696,-0.0547094345,-0.119088173,-0.02140522,0.0230541229,-0.0458183289,0.0130615234,-0.165932655,-0.144147873,0.17854023,-0.0430631638,-0.119303703
2026-08-22T12:29:19.225+00:00	1142.782	SUBSEG96 protocol=asd-research-v1.0.0 session=1 phase=DET window=16 group=4 segments=7 dims=96 fnv1a=f9429185 values=-10.2933416,-10.2933416,1.46272182,-10.2933416,-10.2933416,1.34601593,-10.2933416,0.999005318,-10.2933416,1.29640007,0.987561226,-10.2933416,1.08346748,1.05555153,1.20730209,-10.2933416,1.01759624,1.09716892,0.916682243,1.0827961,1.15742016,1.06602478,1.03287983,1.32257938,1.3700037,1.46995354,1.13606262,1.07179546,1.06453133,1.25544453,0.722070694,0.958586693,1.17395878,0.98378849,0.871618271,2.51859808,3.25420284,0.928801537,0.834013939,0.820652008,0.834296227,1.13203239,0.799307823,0.883432388,0.75732708,0.880791664,1.17483521,1.68704128,0.820847511,1.12818432,1.02293873,0.72917366,1.08986282,2.04810476,0.978170395,1.06098557,1.18704224,1.40795422,1.36728668,1.47564125,1.47012424,2.63841152,2.2034893,0.279772758,0.977846146,0.491071701,0.677808762,0.827204704,0.821888924,1.01309013,1.02223682,1.23663807,1.08379841,1.5001812,0.933272362,0.705389977,0.777192116,0.405934334,0.323969841,0.777186394,0.305363655,0.32717514,0.350993156,0.195792198,0.205026627,-0.0323791504,-0.0776968002,-0.0605010986,0.00176048279,-0.0197839737FLAGS protocol=asd-quality-v1.5.0 mode=READY state=CALIBRATED_NORMAL waiting=0 learning=0 learned=1 anomaly=0 hold=0 fault=0 green=on red=off guided25_available=1 workflow_pending=DEFAULT research_telemetry=1 profile_persistence_allowed=0 dropped=0
2026-08-22T12:29:19.226+00:00	1142.782	,0.00303936005,-0.130542755,-0.0752277374,0.245848656,-0.0273962021,-0.0618286133
2026-08-22T12:29:19.339+00:00	1142.891	SUBSEG96 protocol=asd-research-v1.0.0 session=1 phase=DET window=16 group=5 segments=7 dims=96 fnv1a=7182f373 values=-10.3500624,-10.3500624,2.72284508,-10.3500624,-10.3500624,1.50406551,-10.3500624,1.75471115,-10.3500624,1.60424709,0.9304142,-10.3500624,1.12002754,1.30243683,1.36001396,-10.3500624,1.10719967,0.821102142,1.21525288,1.41279411,1.22536278,0.968920708,0.828457832,1.13594055,1.27044392,1.42857742,1.22889709,1.24167061,1.34652615,1.08671188,0.874774933,0.71497345,1.23173904,1.08365154,0.995175362,2.55172873,3.2750473,0.865566254,0.565432549,0.654369354,1.07534695,1.21867466,0.674245834,0.803411484,0.854448318,0.766550064,0.904238701,1.68142557,0.954222679,1.14259911,0.961693764,0.955265045,0.773710251,2.02020979,0.935228348,1.04650974,1.1582365,1.27523327,1.34760475,1.53987217,1.56328773,2.56560659,2.18802691,0.193446159,0.915267944,0.445576668,0.611409187,0.734957695,0.843190193,0.914211273,0.950912476,1.24747181,1.06963158,1.46506977,0.776313782,0.576203346,0.727419853,0.370794296,0.222982407,0.763217926,0.280438423,0.194102287,0.230216026,0.0897579193,0.128248215,-0.0942869186,-0.115974426,-0.122263908,-0.0623655319,-0.00949192047,-0.0182332993,-0.234881401,-0.104050636,0.17814827,-0.0869903564,-0.114801407
2026-08-22T12:29:24.200+00:00	1147.750	FLAGS protocol=asd-quality-v1.5.0 mode=READY state=CALIBRATED_NORMAL waiting=0 learning=0 learned=1 anomaly=0 hold=0 fault=0 green=on red=off guided25_available=1 workflow_pending=DEFAULT research_telemetry=1 profile_persistence_allowed=0 dropped=0
2026-08-22T12:29:28.616+00:00	1152.172	QUALITY protocol=asd-quality-v1.5.0 phase=DET index=17 total=0 result=OK metrics_valid=1 samples=159744 expected=159744 rms_dbfs=-46.812 dc=-0.478 peak=586 clipped=0 zeros=411 stuck=239 dropped_delta=0 feature_valid=1 tonalness_valid=1 tonalness_proxy=3.155652 tonal_gate=pending_normal_only
2026-08-22T12:29:28.625+00:00	1152.172	DET 17 score=602.201294 lo=0 hi=4374.05859 led=1 anom=0 total_anom=0 normal (uzastopnih=0 nivo=-46.8 dBFS racun=716 ms)
2026-08-22T12:29:28.753+00:00	1152.313	FEATURE96 protocol=asd-research-v1.0.0 session=1 phase=DET window=17 window_start_ms=1141642 window_end_ms=1150913 score=602.201294 level_dbfs=-46.8117371 quality=OK tonalness_proxy=3.15565205 dims=96 fnv1a=5e05c229 values=-10.4067898,-10.4067898,1.58060741,-10.4067898,-10.4067898,1.30152702,-10.4067898,1.54990196,-10.4067898,1.57549858,1.05661106,-10.4067898,1.04485035,1.54467297,1.60012388,-10.4067898,1.31761837,1.02872276,1.14147186,1.21134949,1.05390739,0.963973999,0.97292614,1.10975933,1.32000637,1.59321308,1.54717827,1.46105003,1.3140049,1.29079247,1.22818184,1.15177155,1.43826199,1.50825024,1.25508881,2.37629604,3.15565205,0.977096558,0.905467987,0.853053093,1.15632534,1.41985226,0.948314667,0.758851051,0.639940262,0.749049187,0.916739464,1.53623867,0.846524239,0.984254837,0.92527771,0.810190201,0.894917488,1.97133541,0.930160522,1.04288483,1.1115799,1.25877571,1.1742897,1.37286568,1.53434753,2.49776125,2.34965229,0.25377655,0.884589195,0.519042015,0.639432907,0.748301506,0.760356903,0.910934448,0.963236809,1.15382767,0.999425888,1.37050152,0.784508705,0.538345337,0.69347477,0.337171555,0.240010262,0.723310471,0.208892822,0.185592651,0.211402893,0.0925703049,0.0636825562,-0.0944385529,-0.159686089,-0.165374756,-0.137465477,-0.0659189224,-0.0722990036,-0.238251686,-0.198779106,0.169662476,-0.154795647,-0.16993618
2026-08-22T12:29:28.860+00:00	1152.422	SUBSEG96 protocol=asd-research-v1.0.0 session=1 phase=DET window=17 group=1 segments=8 dims=96 fnv1a=ab5f9b48 values=-10.305788,-10.305788,1.67464542,-10.305788,-10.305788,1.14836597,-10.305788,1.20485306,-10.305788,1.08455086,0.776137352,-10.305788,0.886123657,1.54118729,1.44170856,-10.305788,1.0112896,0.901460648,1.07959938,1.12482262,0.822278976,0.977155685,0.96918869,0.937526703,1.39998913,1.48699379,1.19512367,1.13249969,1.01205254,0.951142311,1.07966709,0.823126793,1.43951607,1.01456356,1.00765705,2.50863743,3.25742197,0.873990059,0.783851624,0.940643311,0.872785568,1.28491306,0.856923103,0.762117386,0.688682556,0.768947601,0.837094307,1.57327461,1.05894756,1.04165077,1.0568552,0.789745331,0.963658333,2.06279802,0.869939804,1.16941357,1.12913227,1.35655022,1.31722355,1.45873642,1.74128246,2.72295189,2.27047348,0.306517601,0.981266022,0.649720192,0.705001831,0.92046833,0.877530098,1.12307644,0.969732285,1.2560482,1.11898613,1.52027988,0.810827255,0.691060066,0.787721634,0.447622299,0.362491608,0.821606636,0.352696419,0.253615379,0.288973808,0.224225998,0.171370506,-0.0761585236,-0.119289398,-0.0463562012,-0.0125217438,-0.00983715057,0.0359716415,-0.16091156,-0.0861330032,0.236265182,-0.0295743942,-0.0678510666
2026-08-22T12:29:28.968+00:00	1152.516	SUBSEG96 protocol=asd-research-v1.0.0 session=1 phase=DET window=17 group=2 segments=8 dims=96 fnv1a=69ab491c values=-10.3504753,-10.3504753,1.40118027,-10.3504753,-10.3504753,1.43411827,-10.3504753,1.79900122,-10.3504753,1.95924473,1.31915665,-10.3504753,1.20953846,1.58741283,1.58244228,-10.3504753,1.3070755,0.799369812,0.971136093,1.27467346,1.22337055,1.1860323,0.840159416,0.920150757,1.18437481,1.27900219,1.55797672,1.19895554,1.17193222,0.963997841,1.03151703,0.855545998,1.24693584,1.11384392,0.912176132,2.4230237,3.20555782,0.881204605,0.833906174,0.782195091,0.986893654,1.25188828,0.73932457,0.726867676,0.568751335,0.923261642,1.06184006,1.56016445,0.867049217,1.00799084,0.747068405,0.891231537,0.912092209,2.01527929,0.953559875,0.908548355,1.10123348,1.36205578,1.19055653,1.46858692,1.53504372,2.56675768,2.32907677,0.266150475,1.014781,0.536698341,0.757250786,0.821217537,0.784749031,0.961398125,1.00041676,1.14836216,1.04001331,1.38347244,0.843524933,0.592155457,0.770752907,0.323803902,0.294510841,0.814167976,0.209113121,0.221393585,0.317706108,0.10683918,0.14530468,-0.0602779388,-0.10071373,-0.121753693,-0.0665340424,-0.00766563416,-0.0195074081,-0.173446655,-0.13104248,0.227003098,-0.0934352875,-0.133938789
2026-08-22T12:29:29.075+00:00	1152.625	SUBSEG96 protocol=asd-research-v1.0.0 session=1 phase=DET window=17 group=3 segments=8 dims=96 fnv1a=5808ca52 values=-10.4017859,-10.4017859,1.43488312,-10.4017859,-10.4017859,1.0677042,-10.4017859,1.49854183,-10.4017859,1.71347284,1.18972206,-10.4017859,1.22110367,1.77944279,1.72956562,-10.4017859,1.4873457,1.12010765,0.930057526,1.16476727,0.940515518,0.948988914,0.997154236,1.18701553,1.43084526,1.59632778,1.92467451,1.88761759,1.67917395,1.74789572,1.50151539,0.986003876,0.996896744,0.987425804,1.10308075,2.34470987,3.15211058,0.823002815,0.672397614,0.809063911,0.997787476,1.18767357,0.698910713,0.859500885,0.542067528,0.731860161,1.04356289,1.46357441,0.801203728,1.05184364,0.98617363,0.818343163,0.880981445,1.94432831,0.946082115,1.17032623,1.15582752,1.27125454,1.16044235,1.29730606,1.54008389,2.45240831,2.33338547,0.248012543,0.832490921,0.4845438,0.600865364,0.635843277,0.727087021,0.787223816,0.980033875,1.20704651,1.03810501,1.33710194,0.824959755,0.51544857,0.668414116,0.292931557,0.233983994,0.751189232,0.269536972,0.161958694,0.213208199,0.0807657242,0.0607357025,-0.0977106094,-0.0933094025,-0.156971931,-0.153069496,-0.0618114471,-0.0510149002,-0.207578659,-0.193488121,0.172838211,-0.144067764,-0.138973236
2026-08-22T12:29:29.183+00:00	1152.735	SUBSEG96 protocol=asd-research-v1.0.0 session=1 phase=DET window=17 group=4 segments=7 dims=96 fnv1a=4dfc047f values=-10.3732119,-10.3732119,1.94074106,-10.3732119,-10.3732119,1.36102486,-10.3732119,1.383955,-10.3732119,1.22538948,1.16113663,-10.3732119,0.944058418,1.34479809,1.50163937,-10.3732119,1.44233513,1.27419758,1.55069065,1.50493145,1.18475246,0.928479195,0.863667488,0.994541168,1.29402256,1.73450565,1.19901562,1.12253666,0.959317207,0.908568382,1.03420353,1.14135933,1.39205933,1.08834934,0.865641594,2.36698389,3.23578644,0.704853058,0.888391495,0.910809517,0.947152138,1.22932911,0.949447632,0.783216476,0.754842758,0.799362183,1.03393364,1.50979233,0.806848526,1.02163696,1.01894665,0.853764534,0.896047592,2.03743172,1.05865669,0.958838463,1.19356155,1.28508091,1.29203415,1.42917347,1.57755375,2.43248415,2.47673893,0.303928375,0.869600296,0.60451889,0.688410759,0.732644081,0.817844391,0.979096413,1.01870823,1.18624401,0.954277992,1.41634846,0.804589272,0.556052208,0.734683037,0.436783791,0.257842064,0.72484684,0.232991219,0.252741814,0.207079887,0.16139698,0.0530767441,0.00532531738,-0.145782471,-0.122133255,-0.103122711,0.0177192688,-0.0195531845,-0.185050964,-0.201363564,0.230489731,-0.137213707,-0.145931244
2026-08-22T12:29:29.232+00:00	1152.782	SUBSEG96 protocol=asd-research-v1.0.0 session=1 phase=DET window=17 group=5 segments=7 dims=96 fnv1a=50fa96f3 values=-10.4681215,-10.4681215,1.37112713,-10.4681215,-10.4681215,1.47288895,-10.4681215,1.69336748,-10.4681215,1.38430691,0.601498604,-10.4681215,0.939772606,1.43682289,1.73635101,-10.4681215,1.29685879,1.02340031,1.03231621,0.989147186,1.10419559,0.84545517,1.18502617,1.37291622FLAGS protocol=asd-quality-v1.5.0 mode=READY state=CALIBRATED_NORMAL waiting=0 learning=0 learned=1 anomaly=0 hold=0 fault=0 green=on red=off guided25_available=1 workflow_pending=DEFAULT research_telemetry=1 profile_persistence_allowed=0 dropped=0
2026-08-22T12:29:29.307+00:00	1152.860	,1.36420059,1.79029226,1.4337883,1.40537643,1.3407259,1.19359303,1.32364082,1.54086208,1.79737663,2.05336714,1.71052647,2.36642981,3.05991173,1.33447552,1.21376514,0.93459034,1.56059551,1.80939102,1.28667641,0.769397736,0.741602898,0.620132446,0.593631744,1.66660452,0.800726891,0.925447464,0.900634766,0.82082653,0.947886467,1.93546581,0.93495369,1.06143951,1.10579014,1.13930511,1.02651405,1.34105873,1.37465096,2.39856482,2.43068218,0.278539658,0.842793465,0.45288372,0.573153496,0.740042686,0.73141861,0.800086975,0.977302551,1.09973621,0.965196609,1.32652569,0.767261505,0.463356972,0.640673637,0.318247795,0.183468819,0.626612663,0.0947399139,0.176901817,0.155491829,0.0227823257,0.0156774521,-0.109665871,-0.215555191,-0.247601509,-0.222302437,-0.132773399,-0.178824425,-0.3347435,-0.252521515,0.118788719,-0.242031097,-0.230926514
2026-08-22T12:29:34.208+00:00	1157.766	FLAGS protocol=asd-quality-v1.5.0 mode=READY state=CALIBRATED_NORMAL waiting=0 learning=0 learned=1 anomaly=0 hold=0 fault=0 green=on red=off guided25_available=1 workflow_pending=DEFAULT research_telemetry=1 profile_persistence_allowed=0 dropped=0
2026-08-22T12:29:38.590+00:00	1162.141	QUALITY protocol=asd-quality-v1.5.0 phase=DET index=18 total=0 result=OK metrics_valid=1 samples=159744 expected=159744 rms_dbfs=-46.598 dc=-0.454 peak=688 clipped=0 zeros=432 stuck=252 dropped_delta=0 feature_valid=1 tonalness_valid=1 tonalness_proxy=3.136354 tonal_gate=pending_normal_only
2026-08-22T12:29:38.599+00:00	1162.157	DET 18 score=4139.48145 lo=0 hi=4374.05859 led=1 anom=0 total_anom=0 normal (uzastopnih=0 nivo=-46.6 dBFS racun=716 ms)
2026-08-22T12:29:38.729+00:00	1162.282	FEATURE96 protocol=asd-research-v1.0.0 session=1 phase=DET window=18 window_start_ms=1151622 window_end_ms=1160887 score=4139.48145 level_dbfs=-46.5982475 quality=OK tonalness_proxy=3.13635397 dims=96 fnv1a=0f9f20c9 values=-10.4711361,-10.4711361,1.6891017,-10.4711361,-10.4711361,1.21260834,-10.4711361,1.61851168,-10.4711361,1.87604189,1.81946659,-10.4711361,1.38340569,1.66551876,1.7922864,-10.4711361,1.52591991,1.02428055,1.17244148,1.21333694,1.22785664,1.23948956,0.98436451,1.05541992,1.10265732,1.32289505,1.13082314,0.909730911,1.00731945,1.05125427,1.06123734,1.08607388,1.24890709,1.02515125,0.909690857,2.9496851,3.13635397,0.818374634,0.797447205,0.775307655,0.859922409,1.10652828,0.729624748,0.678973198,0.604791641,0.726097107,1.19299603,1.43100548,0.762357712,0.91524601,0.877130508,0.776200294,0.800738335,1.98104239,0.920437813,0.944394112,1.11464024,1.19995689,1.26315594,1.35112381,1.41921329,2.55481625,2.41118622,0.19557476,0.778733253,0.520907402,0.618453979,0.662854195,0.759469032,0.962405205,0.982394218,1.06761169,1.24201775,1.23444939,0.732405663,0.644784927,0.616358757,0.234160423,0.257983208,0.678015709,0.209482193,0.184350014,0.194543839,0.597582817,0.100002289,-0.0932788849,-0.230269432,0.399113655,-0.0403003693,-0.140966415,0.265244484,-0.253149033,0.373242378,0.0867261887,0.398723602,0.0749559402
2026-08-22T12:29:38.836+00:00	1162.391	SUBSEG96 protocol=asd-research-v1.0.0 session=1 phase=DET window=18 group=1 segments=8 dims=96 fnv1a=ce1b64bb values=-10.3139553,-10.3139553,1.20004368,-10.3139553,-10.3139553,0.775083542,-10.3139553,1.25393867,-10.3139553,1.40713978,1.0367775,-10.3139553,1.49790192,1.97806787,1.62431908,-10.3139553,0.998108864,0.900131226,0.91988945,0.993525505,1.32855797,0.917787552,0.948779106,1.17205906,1.21027565,1.500144,1.04918861,0.842438698,0.868785858,1.22242928,1.15199566,0.981990814,1.23489666,0.839622498,0.895607948,2.48076582,3.30151558,1.00934124,0.59048748,0.695821762,0.929508209,1.15678406,0.77798748,0.888175964,0.655273438,0.792136192,1.11060238,1.64607525,0.94878006,1.08995342,1.00453663,0.950846672,0.850394249,2.03227949,0.854745865,0.946807861,1.19615936,1.12678146,1.32148838,1.43959904,1.69241619,2.53208399,2.56732893,0.321897507,0.960957527,0.640246391,0.70179081,0.808341026,0.83855629,1.00840855,1.07073784,1.18571091,1.13835335,1.52229881,0.924253464,0.539136887,0.783865929,0.414037704,0.329674721,0.862165451,0.324677467,0.27507019,0.300010681,0.161149025,0.125062943,0.0370044708,-0.10567379,-0.0479354858,-0.013168335,0.0234365463,0.0430717468,-0.10212326,-0.0758914948,0.28489399,-0.0495405197,-0.0571041107
2026-08-22T12:29:38.943+00:00	1162.500	SUBSEG96 protocol=asd-research-v1.0.0 session=1 phase=DET window=18 group=2 segments=8 dims=96 fnv1a=9b471b89 values=-10.3994417,-10.3994417,2.22289705,-10.3994417,-10.3994417,1.49250793,-10.3994417,1.82166624,-10.3994417,2.08424282,1.56658936,-10.3994417,1.12137318,1.48779202,1.61480474,-10.3994417,1.3183012,0.841734886,0.880142212,1.04239464,1.41295242,1.40180302,1.00189114,1.00965023,1.32417297,1.68182373,1.39314365,0.901904106,1.08637142,1.2034359,1.25863647,1.24989223,1.38832474,1.29765701,0.879120827,2.43808365,3.18124342,0.66762352,0.623336792,0.721944809,0.886804581,1.14883041,0.879721642,0.732775688,0.727531433,0.943922997,1.00298119,1.49254608,0.810304642,1.08443928,1.00786686,0.896116257,0.830256462,1.96566629,0.759104729,1.01588345,0.992507935,1.1900301,1.19873047,1.40299892,1.44818211,2.62582922,2.22643042,0.258118629,0.867119789,0.571446419,0.672791481,0.828970909,0.797149658,0.952710152,0.913200378,1.16057205,1.06141472,1.37581158,0.796671867,0.534632683,0.769262314,0.321165085,0.258994102,0.71835041,0.17869091,0.173851967,0.230817795,0.114584923,0.0500650406,-0.112015724,-0.223654747,-0.192411423,-0.0803890228,-0.0839328766,-0.0699481964,-0.217486382,-0.173754692,0.109650612,-0.0910577774,-0.162727356
2026-08-22T12:29:39.048+00:00	1162.610	SUBSEG96 protocol=asd-research-v1.0.0 session=1 phase=DET window=18 group=3 segments=8 dims=96 fnv1a=be503c22 values=-10.499177,-10.499177,1.57266235,-10.499177,-10.499177,1.28297138,-10.499177,1.92014265,-10.499177,2.22589254,2.36139965,-10.499177,1.69706869,1.69301605,2.17122173,-10.499177,2.00135756,1.34056377,1.55034733,1.58774948,1.38793755,1.26053333,1.05505562,1.19000912,1.08051109,1.20525265,1.19146729,1.15269852,1.09531403,1.02098465,1.00358391,1.04941273,1.1937561,0.923560143,0.819509506,2.39772415,3.17234135,0.826180458,0.999479294,0.803582191,0.836220741,1.11341858,0.726946831,0.548822403,0.575133324,0.505952835,1.09577084,1.50851774,0.709090233,0.864749908,0.875346184,0.668119431,0.802074432,1.70688057,1.05986595,0.988224983,1.24056244,1.33164787,1.28050995,1.42258167,1.44420242,2.69437122,2.69726801,0.167258263,0.624527931,0.613304138,0.61710453,0.651662827,0.774874687,0.97731781,1.05525494,1.05806923,0.941615105,1.28893089,0.733037949,0.623699188,0.650098801,0.299265862,0.247541428,0.512953758,0.312050819,0.176301003,0.190026283,0.0444478989,0.0688486099,-0.0524110794,-0.234414101,-0.0242300034,-0.118038177,-0.108460426,-0.172826767,-0.279983521,-0.317716599,0.0620908737,-0.161952019,-0.156518936
2026-08-22T12:29:39.157+00:00	1162.719	SUBSEG96 protocol=asd-research-v1.0.0 session=1 phase=DET window=18 group=4 segments=7 dims=96 fnv1a=4ba67c47 values=-10.4326677,-10.4326677,1.53594875,-10.4326677,-10.4326677,1.27732182,-10.4326677,1.07606125,-10.4326677,1.43821812,1.2087326,-10.4326677,1.22894001,1.33234787,1.57757425,-10.4326677,1.20407677,0.962303162,1.06999111,1.16385746,1.07957935,1.41503811,0.856116295,1.09239101,0.967281342,1.05731583,1.19677925,0.838163376,0.840450287,0.860883713,1.18793869,1.30950642,1.39044762,1.03282356,1.15586948,3.0349021,3.31296921,1.08161163,1.0114975,1.04601288,0.93801403,1.32336044,0.83043766,0.749985695,0.520114899,0.805077553,1.22178936,1.27405071,0.717770576,0.83909893,0.943207741,0.84113121,0.911740303,1.99926853,1.13622665,1.0053072,1.1556797,1.1914978,1.38544559,1.46404266,1.41534996,2.58093405,2.5549283,0.291046143,0.702693939,0.498250961,0.721030235,0.679629326,0.845918655,1.08214092,1.0301075,1.14160824,1.16367626,1.21208096,0.799505234,0.808627129,0.661862373,0.212763786,0.351476669,0.689612389,0.321232796,0.351218224,0.257287979,0.449310303,0.264814377,-0.0336799622,-0.126804352,0.252532005,0.0543842316,-0.139888763,0.135576248,-0.180760384,0.048500061,0.200138092,-0.0522356033,0.120249748
2026-08-22T12:29:39.243+00:00	1162.797	SUBSEG96 protocol=asd-research-v1.0.0 session=1 phase=DET window=18 group=5 segments=7 dims=96 fnv1a=02d6c928 values=-10.461792,-10.461792,1.1499939,-10.461792,-10.461792,1.12304688,-10.461792,1.5489974,-10.461792,1.61053896,1.28500938,-10.461792,1.24479008,1.8292551,1.68736792,-10.461792,1.24495029,0.975812912,1.11433601,0.994634628,0.960058212,1.24463844,1.18981171,0.997756004,1.09729767,1.10387897,0.863936424,0.866566658,1.2130003,1.11951828,0.86888504,0.963522911,1.24980927,1.11309147,0.980219841,3.49104786,2.83691835,0.598121643,0.734209061,0.739301682,0.953412056,0.973577499,0.644274712,0.714575768,0.746893883,0.764805794,1.5432148,1.40005016,0.857980728,0.904519081,0.77434063,0.7625494,0.84936142,2.2903223,0.879827499,0.988940239,1.16615009,1.30988598,1.35216045FLAGS protocol=asd-quality-v1.5.0 mode=READY state=CALIBRATED_NORMAL waiting=0 learning=0 learned=1 anomaly=0 hold=0 fault=0 green=on red=off guided25_available=1 workflow_pending=DEFAULT research_telemetry=1 profile_persistence_allowed=0 dropped=0
2026-08-22T12:29:39.274+00:00	1162.828	,1.22790718,1.27460575,2.50826693,0.823066711,0.188399315,0.936455727,0.49202919,0.624296188,0.550904274,0.784641266,1.02437782,1.05758953,1.03409195,1.69663429,0.708434105,0.632879257,0.846346855,0.363265991,0.120330811,0.344157219,0.82585907,0.100075722,0.176593781,0.243979454,1.18978214,0.206063271,-0.0681142807,-0.214214325,0.986308098,0.156697273,-0.163000107,0.803509712,-0.2340765,1.0046978,0.00505828857,1.02842426,0.490774155
2026-08-22T12:29:44.220+00:00	1167.782	FLAGS protocol=asd-quality-v1.5.0 mode=READY state=CALIBRATED_NORMAL waiting=0 learning=0 learned=1 anomaly=0 hold=0 fault=0 green=on red=off guided25_available=1 workflow_pending=DEFAULT research_telemetry=1 profile_persistence_allowed=0 dropped=0
2026-08-22T12:29:48.563+00:00	1172.125	QUALITY protocol=asd-quality-v1.5.0 phase=DET index=19 total=0 result=OK metrics_valid=1 samples=159744 expected=159744 rms_dbfs=-46.191 dc=-0.512 peak=591 clipped=0 zeros=375 stuck=235 dropped_delta=0 feature_valid=1 tonalness_valid=1 tonalness_proxy=3.363769 tonal_gate=pending_normal_only
2026-08-22T12:29:48.574+00:00	1172.125	DET 19 score=10073.4707 lo=0 hi=4374.05859 led=1 anom=0 total_anom=0 iznad praga (uzastopnih=1 nivo=-46.2 dBFS racun=716 ms)
2026-08-22T12:29:48.701+00:00	1172.250	FEATURE96 protocol=asd-research-v1.0.0 session=1 phase=DET window=19 window_start_ms=1161592 window_end_ms=1170861 score=10073.4707 level_dbfs=-46.1914101 quality=OK tonalness_proxy=3.36376858 dims=96 fnv1a=851bd9f9 values=-10.462738,-10.462738,1.09304905,-10.462738,-10.462738,1.36400604,-10.462738,1.58882332,-10.462738,1.48686314,0.945013046,-10.462738,1.26856518,1.72373629,1.71327686,-10.462738,1.32369709,1.17843628,1.23609066,1.12597942,0.95232296,0.974080086,1.14356518,1.2277813,1.30568981,1.51951027,1.18376637,1.2049427,1.32711124,1.17759609,1.22011089,1.23050404,1.27732944,1.11521244,0.970017433,3.36376858,2.99925137,0.771370888,0.659704208,0.860463142,0.958841324,1.52747631,0.951853752,0.793857574,0.764294624,0.775486946,1.36967564,1.37243176,0.832860947,0.930771828,0.817728996,0.716032982,0.797859192,2.06535244,0.812630653,1.03099728,1.06503296,1.25097179,1.4259901,1.28654099,1.25358295,2.56968498,0.805680275,0.226854324,1.15746117,0.45450592,0.584521294,0.575931549,0.76540947,1.02855206,0.990481377,0.955807686,1.40425968,0.712275505,0.731506348,0.789410591,0.3204422,0.166424751,0.185266495,0.518835068,0.173203468,0.15763855,0.254364014,0.415106773,0.137842178,-0.0869283676,-0.238951683,0.54818058,0.140397072,-0.111602783,0.490610123,-0.255462646,0.495776176,0.118536949,0.209661484,0.978282928
2026-08-22T12:29:48.805+00:00	1172.360	SUBSEG96 protocol=asd-research-v1.0.0 session=1 phase=DET window=19 group=1 segments=8 dims=96 fnv1a=971bb4ba values=-10.4669361,-10.4669361,1.42652893,-10.4669361,-10.4669361,1.03310108,-10.4669361,1.43291187,-10.4669361,1.74742889,1.14597702,-10.4669361,1.28065109,1.78745461,1.51245022,-10.4669361,1.0405798,1.31016636,1.25381565,1.11592102,0.848935127,1.10294533,1.04825497,1.20383263,1.37166405,1.27412033,1.18854809,1.20935631,1.23441792,0.961026192,1.0537672,0.983499527,1.34677029,1.02928829,0.890399933,3.41109514,2.95355225,0.74900341,0.681406021,0.835083008,0.707798004,1.23587132,0.928071976,0.785701752,0.812215805,0.85389328,1.47846794,1.31121254,0.757998466,0.864928246,0.74651432,0.693937302,0.796017647,2.17826796,0.807590485,1.06359196,1.04978848,1.19514465,1.49397469,1.24271679,1.34923458,2.49268627,0.75976181,0.276987076,1.04035664,0.492201805,0.584949493,0.481186867,0.814838409,1.06050968,0.964612961,0.986915588,1.66208839,0.730801582,0.74253273,0.838372231,0.390649796,0.124845505,0.218515396,0.263615608,0.15350914,0.166090012,0.25056839,0.605046272,0.138711929,-0.111661911,-0.261107445,0.856236458,0.157500267,-0.122504234,0.807907104,-0.248437881,0.757965088,0.140292168,0.598272324,1.10373211
2026-08-22T12:29:48.913+00:00	1172.469	SUBSEG96 protocol=asd-research-v1.0.0 session=1 phase=DET window=19 group=2 segments=8 dims=96 fnv1a=329b4b48 values=-10.4692497,-10.4692497,0.910587311,-10.4692497,-10.4692497,1.39857864,-10.4692497,1.64564037,-10.4692497,1.44895554,0.923306465,-10.4692497,1.62855721,1.98944616,1.72471189,-10.4692497,1.22711754,1.20516968,1.13036633,1.06070328,0.851013184,0.990292549,1.13183975,0.997590065,1.04872799,1.27926445,0.984952927,1.33739758,1.11608124,1.22499657,1.08920097,1.2540102,1.41099644,1.27658176,1.09814548,3.30607605,3.03852463,0.738041878,0.636118889,1.00246143,1.3267765,1.99001217,1.32889843,1.01443481,0.884620667,0.691231728,1.33846378,1.50953197,0.803227425,1.00652599,0.874267578,0.817247391,0.77409935,2.09096575,0.749753952,1.01428795,1.01496792,1.23512363,1.47151852,1.28041935,1.19461155,2.46339655,0.724232674,0.263784409,1.05653572,0.470245361,0.543133736,0.63463974,0.712078094,0.970092773,0.976632118,0.965060234,1.41004658,0.618433952,0.705247879,0.782234192,0.288825989,0.108733177,0.153351784,0.352905273,0.167942047,0.15819931,0.209612846,0.321828842,0.151008606,-0.0969419479,-0.243854523,0.547828674,0.15461731,-0.0674562454,0.446346283,-0.283241272,0.428277969,0.178591728,-0.0954875946,1.06076336
2026-08-22T12:29:49.019+00:00	1172.578	SUBSEG96 protocol=asd-research-v1.0.0 session=1 phase=DET window=19 group=3 segments=8 dims=96 fnv1a=990d0a97 values=-10.422245,-10.422245,0.915840149,-10.422245,-10.422245,1.12895107,-10.422245,1.42430687,-10.422245,1.48324585,1.12111664,-10.422245,1.06739998,1.62843895,1.77778196,-10.422245,1.43998241,1.25366211,1.43079281,1.19612694,0.892770767,0.7850914,1.13559437,1.1101923,1.30517483,1.83000183,1.29465103,1.0130024,1.41282654,1.27813625,1.22979736,1.20069885,1.28192711,1.03051949,0.874659538,3.4184413,3.03626633,0.852483749,0.759400368,0.6543293,0.85123539,1.12103367,0.664666176,0.624197006,0.632122993,0.72428894,1.46671677,1.47385597,0.855013847,0.89242363,0.936271667,0.75245285,0.834899902,2.13596487,0.831258774,1.05261326,1.03063965,1.23240852,1.4412384,1.36048794,1.26842403,2.63006973,0.884727478,0.22103405,1.20582104,0.492613792,0.619952202,0.650331497,0.774606705,1.07256985,1.07764339,1.02220917,1.34854603,0.741113663,0.753037453,0.867674828,0.356527328,0.261565208,0.233042717,0.30621624,0.180986404,0.195120811,0.304436684,0.360176086,0.154605865,-0.0271520615,-0.165835381,0.493227005,0.223554611,-0.0528888702,0.425574303,-0.221206665,0.196126938,0.159965515,0.227304459,0.959093094
2026-08-22T12:29:49.123+00:00	1172.672	SUBSEG96 protocol=asd-research-v1.0.0 session=1 phase=DET window=19 group=4 segments=7 dims=96 fnv1a=2d31acac values=-10.4231043,-10.4231043,1.0107317,-10.4231043,-10.4231043,1.1644268,-10.4231043,1.340909,-10.4231043,1.25216579,0.635666847,-10.4231043,0.989811897,1.61208725,1.79861879,-10.4231043,1.44844627,1.22633362,1.24453926,0.877715111,0.929050446,0.785298347,1.3941288,1.50648117,1.44327927,1.63118649,1.20490646,1.38803577,1.5546093,1.13203621,1.4372673,1.20847988,1.20414448,1.2296772,1.07922459,3.43685102,3.01732016,0.69562149,0.724318504,0.909032822,0.790003777,1.30588531,0.548074722,0.764370918,0.683487892,0.858104706,1.42664528,1.30059528,0.906274796,0.99575901,0.90092659,0.736368179,0.850468636,2.02107763,0.941473007,0.941469193,1.21495628,1.28053856,1.36031437,1.32038116,1.22848511,2.68454313,0.850329399,0.213422775,1.24263,0.477531433,0.680788994,0.56344986,0.868487358,1.02609634,1.04255486,0.891328812,1.27027225,0.774089813,0.731088638,0.733496666,0.347600937,0.238265991,0.168114662,0.581103325,0.239225388,0.205831528,0.327849388,0.332542419,0.227848053,-0.0526809692,-0.202285767,0.442415237,0.150292397,-0.122519493,0.354659081,-0.187707901,0.351732254,0.0829114914,-0.03718853,0.998494148
2026-08-22T12:29:49.231+00:00	1172.782	SUBSEG96 protocol=asd-research-v1.0.0 session=1 phase=DET window=19 group=5 segments=7 dims=96 fnv1a=047adc78 values=-10.4288893,-10.4288893,0.991400719,-10.4288893,-10.4288893,1.78724289,-10.4288893,1.93902302,-10.4288893,1.36496162,0.662447929,-10.4288893,0.954525948,1.37184429,1.82339287,-10.4288893,1.47852039,0.785979271,1.14865494,1.35401917,1.24802113,1.15621567,1.03793621,1.31296158,1.40038395,1.45481491,1.3059597,1.03700542,1.34919357,1.32526398,1.3381958,1.49755478,1.13911915,1.02693844,0.958137512,3.33468199,3.04789305,0.897421837,0.567288399,0.920780182,0.800979614,1.27493763,0.814613342,0.736676216,0.833073616,0.835206985,1.12280083,1.27957439,0.944890976,0.982698441,0.667377472,0.641158104,0.839027405,1.91353703,0.83298111,1.15522861,1.11157417,1.4056015,1.42726135,1.32914734,1.30389786,2.6710825,0.907003403,0.242107391,1.32276726,0.426854134,0.596049309,0.631041527,0.74804306,1.10877323,0.986256599,0.991333008,1.19948673,0.797139168,0.824897766,0.799412727,0.303913116,0.196382523,0.246566772,0.915184975,0.231142044,0.162509918,0.283283234,0.463264465,0.111909866,-0.0434579849,-0.222966194,0.0458898544,0.095867157,-0.106002808,0.148840904,-0.233009338,0.589429855,0.105153084,-0.123943329,0.738865852
2026-08-22T12:29:49.244+00:00	1172.797	FLAGS protocol=asd-quality-v1.5.0 mode=READY state=CALIBRATED_NORMAL waiting=0 learning=0 learned=1 anomaly=0 hold=0 fault=0 green=on red=off guided25_available=1 workflow_pending=DEFAULT research_telemetry=1 profile_persistence_allowed=0 dropped=0
2026-08-22T12:29:54.230+00:00	1177.782	FLAGS protocol=asd-quality-v1.5.0 mode=READY state=CALIBRATED_NORMAL waiting=0 learning=0 learned=1 anomaly=0 hold=0 fault=0 green=on red=off guided25_available=1 workflow_pending=DEFAULT research_telemetry=1 profile_persistence_allowed=0 dropped=0
2026-08-22T12:29:58.603+00:00	1182.157	QUALITY protocol=asd-quality-v1.5.0 phase=DET index=20 total=0 result=OK metrics_valid=1 samples=159744 expected=159744 rms_dbfs=-45.544 dc=-0.549 peak=615 clipped=0 zeros=372 stuck=179 dropped_delta=0 feature_valid=1 tonalness_valid=1 tonalness_proxy=3.266757 tonal_gate=pending_normal_only
2026-08-22T12:29:58.610+00:00	1182.172	DET 20 score=5020.01074 lo=0 hi=4374.05859 led=1 anom=0 total_anom=0 iznad praga (uzastopnih=2 nivo=-45.5 dBFS racun=716 ms)
2026-08-22T12:29:58.740+00:00	1182.297	FEATURE96 protocol=asd-research-v1.0.0 session=1 phase=DET window=20 window_start_ms=1171562 window_end_ms=1180899 score=5020.01074 level_dbfs=-45.5435791 quality=OK tonalness_proxy=3.26675653 dims=96 fnv1a=a456ca96 values=-10.4453821,-10.4453821,1.46950626,-10.4453821,-10.4453821,1.85865974,-10.4453821,2.26339388,-10.4453821,1.80428267,1.12349606,-10.4453821,1.18161392,1.617764,1.69902611,-10.4453821,1.53350639,1.17381096,1.12808037,1.01978111,0.896162987,1.05693436,1.06133556,1.18445683,1.39550686,1.39766979,1.09872532,0.987618446,1.22792721,1.5135088,1.31869316,0.922814369,1.30049324,1.09899139,0.948736191,3.26675653,3.10935163,0.799939156,0.587607384,0.814329147,0.850852966,1.28822231,0.67467308,0.658976555,0.71334362,0.89002037,1.11097145,1.25375175,0.865117073,0.956640244,0.910193443,0.86211586,0.874944687,1.76298285,0.809042931,1.07523346,1.05669117,1.30638218,1.42615223,1.37512016,1.27407837,2.79977465,0.838724136,0.229434013,1.37488937,0.438213348,0.58426857,0.629301071,0.79791069,0.993046761,1.00161171,0.933764458,1.19692421,0.781232834,0.701691628,0.603240013,0.34072113,0.171227455,0.152462006,1.12664223,0.190937996,0.213557243,0.272885323,0.548897743,0.3416996,-0.0988254547,-0.194911003,0.302426338,0.0120010376,-0.13997364,0.118504524,-0.248896599,0.189981461,0.163220406,-0.195842743,0.53610611
2026-08-22T12:29:58.846+00:00	1182.407	SUBSEG96 protocol=asd-research-v1.0.0 session=1 phase=DET window=20 group=1 segments=8 dims=96 fnv1a=fd1e0fe6 values=-10.4475794,-10.4475794,1.44101715,-10.4475794,-10.4475794,2.12079191,-10.4475794,2.36731195,-10.4475794,1.80298853,1.29517174,-10.4475794,1.03132439,1.72458506,1.94617414,-10.4475794,1.85785484,1.29376507,1.16681862,1.06950855,0.808342934,1.2219286,1.23948479,1.18541241,1.42916965,1.56668663,1.12893295,0.874038696,1.35265732,1.26653099,1.11457062,0.665906906,1.34719181,1.0257597,1.12491798,3.33768654,3.09083986,0.752225876,0.409920692,0.848595619,0.941020966,1.35054398,0.697697639,0.5561409,0.654303551,0.943047523,1.14870071,1.28044415,0.759864807,0.906747818,0.844914436,0.864211082,0.861284256,1.81366873,0.77959156,0.985762596,1.14227772,1.19998264,1.36542797,1.35904884,1.27060795,2.7256217,0.780983925,0.225669861,1.33932209,0.473145485,0.625265121,0.560228348,0.831873894,1.00228882,0.964696884,0.920716286,1.21028233,0.725607872,0.712385178,0.63415432,0.313461304,0.219614029,0.138204575,1.01490784,0.182409286,0.213378906,0.250160217,0.531457901,0.129605293,-0.118513107,-0.199497223,0.220044136,0.0198726654,-0.171996117,0.111755371,-0.280848503,0.379328728,0.0820884705,-0.212522507,0.391950607
2026-08-22T12:29:58.952+00:00	1182.500	SUBSEG96 protocol=asd-research-v1.0.0 session=1 phase=DET window=20 group=2 segments=8 dims=96 fnv1a=c584dad1 values=-10.4269962,-10.4269962,1.15477562,-10.4269962,-10.4269962,2.01979113,-10.4269962,2.44057322,-10.4269962,1.80203199,1.00470161,-10.4269962,1.19826412,1.56880569,1.76618195,-10.4269962,1.66354609,1.04030609,0.978460312,0.56993866,0.654109955,0.902925491,1.17508698,0.951245308,1.30455971,1.19185162,0.940623283,0.894059181,1.12103653,1.71937275,1.1604147,0.96269989,1.43711948,1.20105362,0.868757248,3.2696104,3.14058113,0.824859619,0.724687576,0.715323448,0.925060272,1.42852497,0.718298912,0.775637627,0.762598038,0.816571236,1.11068344,1.33070755,1.0563612,0.947984695,0.950915337,0.861503601,0.819925308,1.79720974,0.854739189,1.05644226,1.09107304,1.32696819,1.54432869,1.38749313,1.27514553,2.79451466,0.917768478,0.236332893,1.40875435,0.48493576,0.618837357,0.629548073,0.81033802,1.00571442,1.03853512,1.00525284,1.15325928,0.75083828,0.759397507,0.604156494,0.335594177,0.201517105,0.228093147,1.14152241,0.163077354,0.199845314,0.291927338,0.606284142,0.267210007,-0.0749015808,-0.203996658,0.331697464,0.016664505,-0.143543243,0.133405685,-0.222447395,0.177325249,0.17798996,-0.171665192,0.536608696
2026-08-22T12:29:59.059+00:00	1182.610	SUBSEG96 protocol=asd-research-v1.0.0 session=1 phase=DET window=20 group=3 segments=8 dims=96 fnv1a=33ae219d values=-10.4039221,-10.4039221,1.11145401,-10.4039221,-10.4039221,1.71490288,-10.4039221,2.24180365,-10.4039221,1.57768917,1.21864986,-10.4039221,1.33182907,1.3895607,1.25764275,-10.4039221,1.17868519,1.1388483,1.22166061,1.24662113,1.08021927,1.07748318,0.583177567,1.10157967,1.38500214,1.21203136,1.09898758,1.09768581,1.37519741,1.56948853,1.2320919,0.899640083,1.16350746,1.26206017,1.01634598,3.306674,3.14038849,0.668449402,0.707901955,0.853613853,0.682857513,1.1144495,0.511466026,0.575157166,0.706600189,0.92096138,1.12547016,1.30922413,0.911584854,0.952764511,0.933524132,0.833950996,0.932925224,1.79213285,0.892978668,1.20251846,1.00563145,1.39191914,1.42851162,1.50379848,1.26512146,2.85322666,0.910984039,0.265993118,1.43690014,0.452485085,0.608823776,0.635239601,0.786482811,1.02537727,1.09971619,0.842717171,1.2490778,0.814622879,0.720065117,0.651234627,0.371610641,0.214895248,0.146837234,1.11952496,0.27045536,0.241438866,0.350481987,0.612816811,0.278804779,-0.0720272064,-0.179598808,0.323786736,0.045422554,-0.0860042572,0.174797058,-0.20711422,0.149359703,0.22919178,-0.148046494,0.587183952
2026-08-22T12:29:59.167+00:00	1182.719	SUBSEG96 protocol=asd-research-v1.0.0 session=1 phase=DET window=20 group=4 segments=7 dims=96 fnv1a=e7652cdd values=-10.4475651,-10.4475651,1.42201996,-10.4475651,-10.4475651,1.6144557,-10.4475651,2.20081711,-10.4475651,1.99219275,0.95844841,-10.4475651,1.15032578,1.7099371,1.73794222,-10.4475651,1.21640015,1.3598423,1.23570824,1.04719257,1.00198746,0.914222717,1.10824394,1.34138584,1.60486269,1.35917091,1.1853447,0.918435097,1.02065849,1.47884846,1.35137367,1.17653656,0.991788864,0.910254478,0.825779915,3.22006798,3.12068701,1.0220232,0.565639496,0.726661682,0.73665905,1.27925396,0.707758904,0.670407295,0.836462975,0.955461502,1.0861845,1.13580894,0.791229248,1.02768326,0.987586021,0.918241501,0.920008659,1.70694447,0.703629494,1.12077236,0.979662895,1.35465431,1.45323277,1.28717422,1.33539867,2.84149075,0.855796814,0.219902039,1.34718609,0.441884041,0.457248688,0.717179298,0.814711571,1.00432205,1.00370502,0.968851089,1.22005367,0.821397781,0.728154182,0.60786438,0.404350281,0.170860291,0.119693756,1.16801167,0.205021858,0.233408928,0.256929398,0.449951172,0.509573936,-0.0703229904,-0.150178909,0.365081787,0.00467586517,-0.160509109,0.0747699738,-0.209074974,0.0689563751,0.192826271,-0.201512337,0.614761353
2026-08-22T12:29:59.263+00:00	1182.813	SUBSEG96 protocol=asd-research-v1.0.0 session=1 phase=DET window=20 group=5 segments=7 dims=96 fnv1a=5f698823 values=-10.4431686,-10.4431686,1.863657,-10.4431686,-10.4431686,1.48583698,-10.4431686,1.93161392,-10.4431686,1.81842899,1.08434582,-10.4431686,1.2149868,1.67075014,1.51107502,-10.4431686,1.30175018,0.959950447,1.04424667,0.990416527,0.895503044,1.12657356,0.971385002,1.31255817,1.21547794,1.56249857,1.16900063,1.1558466,1.21220016,1.47411346,1.62521935,0.830565453,1.44806957,1.06000137,0.866340637,3.23839474,3.11300468,0.702975273,0.512937546,0.948472977,0.945448875,1.24885368,0.759007454,0.740633011,0.640676498,0.85682869,1.13748932,1.23500729,0.782011032,1.00709724,0.885457039,0.890927315,0.897625923,1.74661589,0.848471642,1.04870033,1.09180737,1.30541801,1.37164593,1.36707592,1.28311253,2.84207487,0.763438225,0.258406639,1.39611626,0.383288383,0.639773369,0.660560608,0.801293373FLAGS protocol=asd-quality-v1.5.0 mode=READY state=CALIBRATED_NORMAL waiting=0 learning=0 learned=1 anomaly=0 hold=0 fault=0 green=on red=off guided25_available=1 workflow_pending=DEFAULT research_telemetry=1 profile_persistence_allowed=0 dropped=0
2026-08-22T12:29:59.285+00:00	1182.844	,0.985043526,0.942771912,0.973593712,1.20857811,0.852497101,0.632429123,0.569897652,0.337768555,0.0856924057,0.178215981,1.23586941,0.188414574,0.240756989,0.267690659,0.580945015,0.497074127,-0.0987129211,-0.180273056,0.327618599,0.0318613052,-0.0807905197,0.151147842,-0.268110275,0.137431145,0.189555168,-0.187875748,0.593153
2026-08-22T12:30:04.241+00:00	1187.797	FLAGS protocol=asd-quality-v1.5.0 mode=READY state=CALIBRATED_NORMAL waiting=0 learning=0 learned=1 anomaly=0 hold=0 fault=0 green=on red=off guided25_available=1 workflow_pending=DEFAULT research_telemetry=1 profile_persistence_allowed=0 dropped=0
2026-08-22T12:30:08.578+00:00	1192.141	QUALITY protocol=asd-quality-v1.5.0 phase=DET index=21 total=0 result=OK metrics_valid=1 samples=159744 expected=159744 rms_dbfs=-45.481 dc=-0.470 peak=679 clipped=0 zeros=401 stuck=245 dropped_delta=0 feature_valid=1 tonalness_valid=1 tonalness_proxy=3.222013 tonal_gate=pending_normal_only
2026-08-22T12:30:08.585+00:00	1192.141	DET 21 score=8457.7959 lo=0 hi=4374.05859 led=0 anom=1 total_anom=1 ALARM (uzastopnih=3 nivo=-45.5 dBFS racun=716 ms)
2026-08-22T12:30:08.608+00:00	1192.157	FLAGS protocol=asd-quality-v1.5.0 mode=ALARM state=ANOMALY waiting=0 learning=0 learned=1 anomaly=1 hold=0 fault=0 green=off red=on guided25_available=1 workflow_pending=DEFAULT research_telemetry=1 profile_persistence_allowed=0 dropped=0
2026-08-22T12:30:08.736+00:00	1192.297	FEATURE96 protocol=asd-research-v1.0.0 session=1 phase=DET window=21 window_start_ms=1181602 window_end_ms=1190874 score=8457.7959 level_dbfs=-45.4805336 quality=OK tonalness_proxy=3.22201347 dims=96 fnv1a=33efa5ad values=-10.4829264,-10.4829264,1.74318266,-10.4829264,-10.4829264,1.4308939,-10.4829264,2.01319313,-10.4829264,1.72145176,1.23908043,-10.4829264,1.58509779,1.97988844,1.61650133,-10.4829264,1.19767189,1.1110239,1.11423206,1.04813862,0.944997787,1.00526333,1.06441021,1.04708385,1.41996861,1.65859175,1.35232544,1.1873579,1.06164742,1.0168314,1.51258183,1.33161449,1.32724285,1.06041908,1.2653141,3.22201347,3.06666088,0.789756775,0.638876915,0.828291893,0.65500927,1.15872478,0.57549572,0.673852921,0.643528938,0.784111023,0.982397079,1.21435452,0.737416267,0.934948921,0.943981171,0.792477608,0.872391701,1.68784761,0.821572304,1.0153141,1.05706501,1.23041248,1.39814472,1.28749752,1.24230194,2.76019859,0.758573532,0.200763702,1.38223839,0.466042519,0.587569237,0.635305405,0.781499863,0.978135109,0.992129326,0.914798737,1.37031364,0.777762413,0.675732613,0.520115852,0.311584473,0.1106987,0.15232563,1.270504,0.177102089,0.176502228,0.181218147,0.549474716,0.362493515,-0.12964344,-0.180939674,0.28186512,0.0159845352,-0.0823163986,0.358340263,-0.247694016,0.344705582,0.182541847,-0.0567722321,0.974048615
2026-08-22T12:30:08.842+00:00	1192.391	SUBSEG96 protocol=asd-research-v1.0.0 session=1 phase=DET window=21 group=1 segments=8 dims=96 fnv1a=e9629db0 values=-10.5028353,-10.5028353,1.18083,-10.5028353,-10.5028353,1.50868797,-10.5028353,2.08019638,-10.5028353,1.79436445,1.60906172,-10.5028353,2.02921581,2.40157604,1.94319105,-10.5028353,1.22942638,0.822283745,1.20928764,1.12749958,1.23301506,1.13528347,1.0822897,0.818282127,1.4636879,1.62939405,1.27655029,1.18993092,0.91409111,1.10114574,1.52665234,1.17834282,1.38789463,1.09100914,1.26665592,3.2481184,3.01973915,0.90925312,0.652777672,0.666330338,0.423149109,1.15553474,0.578107834,0.717692375,0.486522675,0.925499916,1.109128,1.33153343,0.840075493,0.822934151,0.930662155,0.750667572,0.969955444,1.70061684,0.846710205,1.07499027,0.992765427,1.14654732,1.36610222,1.29647064,1.1558876,2.68110609,0.659803391,0.203222275,1.32360744,0.456508636,0.614835739,0.661554337,0.743733406,0.893687248,0.933430672,0.873684883,1.29595852,0.78573513,0.676923752,0.476370811,0.248674393,0.0641336441,0.096072197,1.1945858,0.175209999,0.171631813,0.124899864,0.628158569,0.302052498,-0.148851395,-0.209953308,0.268215179,-0.0200510025,-0.0903263092,0.397959709,-0.299227715,0.371787071,0.152621269,0.0933113098,0.873943329
2026-08-22T12:30:08.948+00:00	1192.500	SUBSEG96 protocol=asd-research-v1.0.0 session=1 phase=DET window=21 group=2 segments=8 dims=96 fnv1a=e327b56e values=-10.4844599,-10.4844599,1.73922634,-10.4844599,-10.4844599,1.28492928,-10.4844599,1.95156622,-10.4844599,1.83647013,1.10834599,-10.4844599,1.56926823,2.1517868,1.71887875,-10.4844599,1.32362461,1.45076275,1.11497593,0.808697701,0.618009567,1.04467297,1.10105038,1.08842278,1.53770018,2.02431297,1.491992,1.11820507,1.01287174,1.04879284,1.60263109,1.35068893,1.35772896,0.985267639,1.43303394,3.21343708,3.09581041,0.866751671,0.336833,0.923184395,0.807451248,1.07754517,0.399155617,0.543940544,0.674312592,0.864413261,1.03583241,1.33358097,0.534083366,0.907502174,1.01203251,0.739262581,0.892268181,1.66670609,0.812851906,0.948781967,1.09696293,1.17481804,1.40392113,1.28865242,1.13362789,2.77762175,0.742154121,0.185744286,1.36870766,0.353446007,0.589874268,0.63904953,0.779994965,0.941065788,1.01767826,0.858344078,1.35663509,0.789312363,0.690701485,0.560592651,0.300693512,0.119775772,0.181524277,1.25028992,0.140296936,0.171227455,0.240031242,0.522078514,0.425216675,-0.104164124,-0.161177635,0.289248466,0.00932788849,-0.12660408,0.272145271,-0.254214287,0.301041603,0.197920799,-0.163909912,0.956324577
2026-08-22T12:30:09.054+00:00	1192.610	SUBSEG96 protocol=asd-research-v1.0.0 session=1 phase=DET window=21 group=3 segments=8 dims=96 fnv1a=485d13cf values=-10.4493685,-10.4493685,1.98677397,-10.4493685,-10.4493685,1.48591423,-10.4493685,1.9710784,-10.4493685,1.61726427,1.14867115,-10.4493685,1.05505085,1.26731873,1.51978683,-10.4493685,1.29969978,0.994888306,1.1296463,1.26504135,0.869660378,0.991092682,1.15071964,1.27651024,1.36178875,1.211936,1.47381306,1.27484035,1.04868984,1.00747967,1.5267334,1.40214634,1.10822201,1.08020306,1.19397736,3.26275682,3.08730745,0.627681732,0.860274315,0.816035271,0.439591408,1.13538647,0.712205887,0.533098221,0.659580231,0.70695591,0.98595047,1.13359737,0.805365562,0.98416996,0.941110611,0.856169701,0.910715103,1.76180363,0.914021492,1.05757904,1.14156246,1.19528389,1.43590355,1.33751583,1.34899521,2.79717064,0.780535698,0.254602432,1.40078354,0.410108566,0.612895966,0.693647385,0.8326931,1.01383305,1.04972935,0.957012177,1.43781281,0.7507658,0.657141685,0.509732246,0.350863457,0.149389267,0.132295609,1.28898621,0.228943825,0.180142403,0.234095573,0.677617073,0.265791893,-0.0961532593,-0.136528015,0.248228073,0.0650205612,-0.0457029343,0.4202528,-0.266694069,0.376727104,0.205503464,-0.146401405,0.934473991
2026-08-22T12:30:09.160+00:00	1192.719	SUBSEG96 protocol=asd-research-v1.0.0 session=1 phase=DET window=21 group=4 segments=7 dims=96 fnv1a=870d416c values=-10.4315748,-10.4315748,1.9860878,-10.4315748,-10.4315748,1.29249096,-10.4315748,1.96875191,-10.4315748,1.60232306,0.734957695,-10.4315748,1.11894703,1.24116039,1.15828896,-10.4315748,1.16723919,1.06988716,1.14301205,1.08100796,1.08482933,0.913561821,0.871052742,0.870954514,1.3428297,1.47206306,1.21201134,1.3822279,1.29841042,0.942380905,1.38320446,1.26805878,1.47060966,1.12691689,1.15951061,3.24237156,3.14703798,0.70953083,0.692686081,0.853661537,0.596920013,1.33882427,0.564114571,0.769818306,0.802081108,0.687018394,0.804289818,1.15784073,0.719112396,1.05876446,1.03221321,0.804003716,0.751918793,1.75567532,0.765720367,1.10448074,1.03836727,1.35903931,1.34448242,1.30635738,1.30430126,2.85792542,0.846341133,0.252220154,1.45985031,0.577508926,0.597887039,0.597939491,0.849714279,1.06813145,1.04655361,1.03503799,1.42650986,0.887009621,0.689735413,0.513100624,0.396227837,0.173219681,0.202490807,1.37108994,0.214851379,0.248062134,0.245365143,0.427192688,0.529460907,-0.118432045,-0.136641502,0.298435211,0.0929641724,-0.0151138306,0.3239851,-0.146816254,0.360356331,0.218353271,-0.0782871246,1.06682491
2026-08-22T12:30:09.267+00:00	1192.828	SUBSEG96 protocol=asd-research-v1.0.0 session=1 phase=DET window=21 group=5 segments=7 dims=96 fnv1a=1ef62753 values=-10.452611,-10.452611,1.51881599,-10.452611,-10.452611,1.58541679,-10.452611,2.14907789,-10.452611,1.75658274,1.07404804,-10.452611,1.19528484,1.30744743,1.09735489,-10.452611,0.873600006,0.978734016,1.01672745,0.877725601,0.629224777,0.946944237,1.12583637,1.10849571,1.41980743,1.5284853,1.28529453,0.966908455,1.08864117,1.02824306,1.55533218,1.50104046,1.33419037,1.10670662,1.27192783,3.22567081,3.07452393,0.827300072,0.600703239,0.94038868,0.909712791,1.16304016,0.664983749,0.84449482,0.667840004,0.715171814,0.953967094,1.08594608,0.811525345,0.990997314,0.870410919,0.898313522,0.857627869,1.6272192,0.828058243,0.956727982,1.08884525,1.36202717,1.51331329,1.29197884,1.34365177,2.77858019,0.85741806,0.194705009,1.45596313,0.608500481,0.604804039,0.654858589,0.793636322,1.06873226,1.00106335,0.943081856,1.42677784,0.760098457,0.751589775,0.622567177,0.357791901,0.141072273,0.240816116,1.34431934,0.217051506,0.205940247,0.135629654,0.496915817,0.35219574,-0.0936002731,-0.171322823,0.391537666,0.0253038406,-0.0390958786,0.444228172,-0.174888611,0.399512291,0.23128891,0.028875351,1.12215137
2026-08-22T12:30:09.269+00:00	1192.828	STATE protocol=asd-quality-v1.5.0 from=CALIBRATED_NORMAL to=ANOMALY reason=THRESHOLD_PERSISTENCE
2026-08-22T12:30:09.278+00:00	1192.828	EVENT protocol=asd-quality-v1.5.0 type=ANOMALY_ENTERED state=ANOMALY phase=DET reason=THRESHOLD_PERSISTENCE event=UNKNOWN_CHANGE capability=AVAILABLE level=DEVIATION
2026-08-22T12:30:13.588+00:00	1197.141	FLAGS protocol=asd-quality-v1.5.0 mode=ALARM state=ANOMALY waiting=0 learning=0 learned=1 anomaly=1 hold=0 fault=0 green=off red=on guided25_available=1 workflow_pending=DEFAULT research_telemetry=1 profile_persistence_allowed=0 dropped=0
2026-08-22T12:30:18.552+00:00	1202.110	QUALITY protocol=asd-quality-v1.5.0 phase=DET index=22 total=0 result=OK metrics_valid=1 samples=159744 expected=159744 rms_dbfs=-44.726 dc=-0.522 peak=910 clipped=0 zeros=318 stuck=200 dropped_delta=0 feature_valid=1 tonalness_valid=1 tonalness_proxy=3.179472 tonal_gate=pending_normal_only
2026-08-22T12:30:18.560+00:00	1202.110	DET 22 score=17955.4062 lo=0 hi=4374.05859 led=0 anom=1 total_anom=2 ALARM (uzastopnih=3 nivo=-44.7 dBFS racun=716 ms)
2026-08-22T12:30:18.622+00:00	1202.172	FEATURE96 protocol=asd-research-v1.0.0 session=1 phase=DET window=22 window_start_ms=1191592 window_end_ms=1200848 score=17955.4062 level_dbfs=-44.7261391 quality=OK tonalness_proxy=3.17947245 dims=96 fnv1a=3504865d values=-10.5777197,-10.5777197,2.08584356,-10.5777197,-10.5777197,1.77931738,-10.5777197,2.30733252,-10.5777197,2.14802694,1.31549454,-10.5777197,1.26323223,1.61782789,1.50059605FLAGS protocol=asd-quality-v1.5.0 mode=ALARM state=ANOMALY waiting=0 learning=0 learned=1 anomaly=1 hold=0 fault=0 green=off red=on guided25_available=1 workflow_pending=DEFAULT research_telemetry=1 profile_persistence_allowed=0 dropped=0
2026-08-22T12:30:18.707+00:00	1202.266	,-10.5777197,1.17158031,1.14840031,1.24676514,1.30092239,1.46346855,1.42232275,0.972738266,1.09201431,1.23063469,1.40008354,1.03838825,1.00494576,1.05345821,0.985768318,1.47914314,1.3809557,1.17830086,0.894073486,1.03696442,3.17947245,2.89341927,0.640929222,0.564174652,0.733882904,0.793590546,1.05852127,0.564652443,0.551099777,0.542876244,0.667174339,1.1210556,1.1532011,0.595219612,0.817908287,0.830220222,0.791435242,0.782002449,1.63670015,0.691326141,0.985671997,0.970866203,1.21302414,1.28501892,1.22064495,1.19347382,2.61140585,0.780016899,0.0818691254,1.34161949,0.332235336,0.475101471,0.491699219,0.646987915,0.926343918,0.859006882,0.858780861,1.4620266,0.650924683,0.669085503,0.454714775,0.203543663,0.00316238403,0.654172897,1.17205334,0.190485001,0.166377068,0.121870995,0.603233337,0.466098785,-0.199962616,-0.0983867645,0.4938097,0.0914287567,0.0994443893,0.593317032,-0.204811096,0.865983009,0.547552109,1.07475471,1.1398077
2026-08-22T12:30:18.815+00:00	1202.375	SUBSEG96 protocol=asd-research-v1.0.0 session=1 phase=DET window=22 group=1 segments=8 dims=96 fnv1a=39fdc4f2 values=-10.470665,-10.470665,2.1332922,-10.470665,-10.470665,1.36471462,-10.470665,2.01683331,-10.470665,1.61357927,0.736426353,-10.470665,1.45701599,1.62873173,1.40296745,-10.470665,1.18767452,1.03448296,1.08111763,1.28252125,1.17270851,0.963382721,1.15470219,1.20444489,1.2981739,1.22066593,1.07720089,1.06540298,1.06761932,0.807894707,1.57782507,1.4482336,1.40164375,0.971122742,1.20343113,3.14036894,3.1246357,0.82063961,0.679898262,0.870509148,0.777886391,1.17842674,0.617546082,0.770748138,0.774559975,0.872900009,0.722661018,1.24998569,0.693353653,0.945046425,1.10727978,0.965565681,0.831912041,1.67729521,0.859631538,1.09709644,1.09407043,1.28487396,1.40472794,1.30262184,1.26226997,2.86833143,0.833422661,0.25014019,1.42102242,0.403935432,0.610880852,0.558877945,0.839678764,1.04880428,1.03890228,0.957657814,1.28214359,0.673130989,0.699167252,0.550893784,0.288844109,0.0772981644,0.174786568,1.31480026,0.200997353,0.235141754,0.162083626,0.212246895,0.674996376,-0.0965662003,-0.0953655243,0.327254295,0.0217599869,-0.0593881607,0.273198128,-0.100549698,0.32597065,0.283226013,-0.00350189209,0.810629845
2026-08-22T12:30:18.923+00:00	1202.485	SUBSEG96 protocol=asd-research-v1.0.0 session=1 phase=DET window=22 group=2 segments=8 dims=96 fnv1a=62d71eb9 values=-10.5844202,-10.5844202,1.9883256,-10.5844202,-10.5844202,1.34465313,-10.5844202,1.85544109,-10.5844202,1.82427454,1.2230072,-10.5844202,0.951448441,1.36468792,1.3847208,-10.5844202,1.3082552,1.23818111,1.14393616,1.64990807,1.94271517,1.68126678,1.0140543,0.966961861,1.30909634,1.4479146,1.08521748,0.927512169,1.26979542,1.19874477,1.51039267,1.44248199,1.09851551,1.02510166,1.02868366,3.07373142,2.88949299,0.702644348,0.493442535,0.653701782,0.928970337,1.04222679,0.514196396,0.518679619,0.486550331,0.72473526,1.1103096,1.01963806,0.585817337,0.818825722,0.845292091,0.857271194,0.834109306,1.57849073,0.705952644,1.06283474,0.934779167,1.20160389,1.32282925,1.27081203,1.16957664,2.66945601,0.749435425,0.0338420868,1.36761093,0.285276413,0.507118225,0.500897408,0.549370766,0.850324631,0.850082397,0.853673935,1.3985939,0.701535225,0.691044807,0.372436523,0.228177071,0.00394439697,0.799638748,1.21402931,0.183446884,0.190624237,0.063337326,0.588608742,0.626548767,-0.188141823,-0.0746774673,0.504198074,0.179880142,0.0211772919,0.68819809,-0.113225937,0.884736061,0.683648109,1.00117302,1.23735332
2026-08-22T12:30:19.029+00:00	1202.578	SUBSEG96 protocol=asd-research-v1.0.0 session=1 phase=DET window=22 group=3 segments=8 dims=96 fnv1a=a558fa9b values=-10.5866146,-10.5866146,1.79590225,-10.5866146,-10.5866146,1.38622665,-10.5866146,2.2388711,-10.5866146,2.30415773,1.39923859,-10.5866146,1.16639137,1.42458487,1.31521034,-10.5866146,0.929954529,1.03032207,1.25134659,1.11640549,1.25825024,1.67582321,0.90997982,1.1217041,1.05910492,1.27947044,1.10272884,0.966261864,0.953985214,0.816170692,1.43131447,1.43470669,1.1937151,0.879896164,1.07999516,3.31721401,2.66608858,0.614759445,0.443651199,0.805370331,0.59044838,1.05376148,0.564797401,0.237082481,0.407479286,0.364364624,1.40064049,1.14476967,0.678359985,0.639071465,0.66505909,0.749950409,0.782534599,1.71896553,0.703094482,1.01277733,0.925590515,1.2857542,1.12410259,1.23156834,1.16568851,2.35919952,0.789278984,0.086479187,1.35153484,0.339122772,0.469945908,0.428237915,0.584026337,0.961359024,0.827498436,0.851686478,1.66939259,0.672907829,0.766921997,0.464003563,0.233464241,0.0562429428,0.999619484,1.03412914,0.22837925,0.215386391,0.299075127,0.836508751,0.515432358,-0.196908951,0.0800628662,0.798815727,0.181991577,0.28425312,0.841457367,-0.116566658,1.19002533,0.84659481,1.61298132,1.31570244
2026-08-22T12:30:19.137+00:00	1202.688	SUBSEG96 protocol=asd-research-v1.0.0 session=1 phase=DET window=22 group=4 segments=7 dims=96 fnv1a=8ca16b3e values=-10.5607929,-10.5607929,2.40666294,-10.5607929,-10.5607929,2.20164871,-10.5607929,2.61426067,-10.5607929,2.36473083,1.49115896,-10.5607929,1.25282097,1.87537909,1.8498702,-10.5607929,1.36051941,1.38771439,1.5525403,1.25858307,1.16618633,1.22115803,0.965331078,1.09228325,1.21566486,1.69117308,1.15316677,1.14714432,1.05927849,1.10520172,1.43481064,1.33263779,1.09310627,0.682227135,0.97482872,3.18561411,2.97552872,0.420259476,0.727103233,0.823547363,1.0199213,1.0956974,0.609296799,0.630797386,0.582181931,0.721135139,1.12926483,1.27460098,0.447488785,0.900067329,0.787519455,0.809750557,0.734493256,1.66022921,0.67667675,0.899295807,0.971099854,1.23050404,1.342103,1.29391575,1.21893787,2.63862085,0.907954216,0.143494606,1.30724716,0.42765522,0.388278961,0.504212379,0.665249825,0.920124054,0.860096931,0.835407257,1.40432072,0.603565216,0.584615707,0.531907082,0.223099709,0.0321578979,0.149909019,1.18420219,0.194304466,0.132709503,0.0953569412,0.532183647,0.0744466782,-0.180600166,-0.247650146,0.26984787,-0.00484085083,0.0419425964,0.400577545,-0.306455612,0.669335365,0.253182411,0.114835739,1.01801968
2026-08-22T12:30:19.243+00:00	1202.797	SUBSEG96 protocol=asd-research-v1.0.0 session=1 phase=DET window=22 group=5 segments=7 dims=96 fnv1a=6b85fd9e values=-10.5360432,-10.5360432,2.07862329,-10.5360432,-10.5360432,2.03662109,-10.5360432,2.55712128,-10.5360432,2.32378197,1.50308037,-10.5360432,1.50757074,1.79839516,1.50399351,-10.5360432,1.09238529,1.0690403,1.18005753,0.880455971,0.920209885,0.962143898,0.938195229,1.2091732,1.37938309,1.33288193,0.823285103,1.0592289,0.936079979,0.974240303,1.58038902,1.36103725,1.20668507,0.966392517,1.01207829,3.27235651,2.89138126,0.709066391,0.602831841,0.60976696,0.635751724,1.06960773,0.668382645,0.653006554,0.575539589,0.708503723,1.03118515,1.21317577,0.668750763,0.914084435,0.810080528,0.666132927,0.860304832,1.68172455,0.627214432,0.960798264,1.07738495,1.19109344,1.36153316,1.11501503,1.30316067,2.56236887,0.753108025,0.0191001892,1.4011507,0.351698875,0.524483681,0.613531113,0.72905159,0.992359161,0.850531578,0.942242622,1.55014801,0.732009888,0.709671974,0.502036095,0.178412437,-0.0206193924,0.491436005,1.24362087,0.284629822,0.189873695,0.0530729294,0.6982584,0.291082382,-0.19342041,-0.121163368,0.382099152,0.14907074,0.224627495,0.576797485,-0.337361336,0.855893135,0.324942589,0.497624397,1.21553326
2026-08-22T12:30:23.599+00:00	1207.157	FLAGS protocol=asd-quality-v1.5.0 mode=ALARM state=ANOMALY waiting=0 learning=0 learned=1 anomaly=1 hold=0 fault=0 green=off red=on guided25_available=1 workflow_pending=DEFAULT research_telemetry=1 profile_persistence_allowed=0 dropped=0
2026-08-22T12:30:28.525+00:00	1212.078	QUALITY protocol=asd-quality-v1.5.0 phase=DET index=23 total=0 result=OK metrics_valid=1 samples=159744 expected=159744 rms_dbfs=-45.124 dc=-0.497 peak=765 clipped=0 zeros=336 stuck=199 dropped_delta=0 feature_valid=1 tonalness_valid=1 tonalness_proxy=3.239475 tonal_gate=pending_normal_only
2026-08-22T12:30:28.534+00:00	1212.094	DET 23 score=12930.2266 lo=0 hi=4374.05859 led=0 anom=1 total_anom=3 ALARM (uzastopnih=3 nivo=-45.1 dBFS racun=716 ms)
2026-08-22T12:30:28.632+00:00	1212.188	FEATURE96 protocol=asd-research-v1.0.0 session=1 phase=DET window=23 window_start_ms=1201552 window_end_ms=1210822 score=12930.2266 level_dbfs=-45.1239014 quality=OK tonalness_proxy=3.23947525 dims=96 fnv1a=f5e61110 values=-10.5190125,-10.5190125,2.02174282,-10.5190125,-10.5190125,1.55863237,-10.5190125,2.11802673,-10.5190125,1.90252924,1.22012234,-10.5190125,1.18221664,1.49854088,1.4784174,-10.5190125,1.37238884,1.25414085,1.22340107,0.998833656,1.00941086,0.973351479,1.0313673,1.14802933,1.30217838,1.32737827,1.18750954,1.12366199,1.14589214,0.976270676,1.60284519,1.52800035,1.32683086,1.13545322,1.20137405,3.23947525,2.97944212,0.686863899,0.733701706,0.710026741,0.758712769,1.13447094,0.568791389,0.603135109,0.57724762,0.726764679,1.07509327,1.15486145,0.709672928FLAGS protocol=asd-quality-v1.5.0 mode=ALARM state=ANOMALY waiting=0 learning=0 learned=1 anomaly=1 hold=0 fault=0 green=off red=on guided25_available=1 workflow_pending=DEFAULT research_telemetry=1 profile_persistence_allowed=0 dropped=0
2026-08-22T12:30:28.675+00:00	1212.235	,0.944420815,0.857000351,0.681568146,0.797533989,1.6963253,0.782688141,0.998151779,1.06394196,1.27072811,1.27431107,1.28037453,1.24226093,2.69880867,0.763464928,0.168182373,1.40153217,0.384428024,0.521323204,0.54537487,0.699261665,0.961956024,0.953107834,0.912264824,1.48917866,0.756358147,0.669638634,0.480430603,0.268583298,0.113931656,0.25163269,1.35272694,0.24289608,0.168969154,0.131447792,0.956792831,0.239211082,-0.151193619,-0.155237198,0.290287971,0.0301208496,0.00966262817,0.35952282,-0.228348732,0.774515152,0.302867889,0.229681015,1.16248512
2026-08-22T12:30:28.788+00:00	1212.344	SUBSEG96 protocol=asd-research-v1.0.0 session=1 phase=DET window=23 group=1 segments=8 dims=96 fnv1a=477d7cd6 values=-10.5265036,-10.5265036,2.12081051,-10.5265036,-10.5265036,1.30173588,-10.5265036,1.94390917,-10.5265036,1.79921484,1.22604179,-10.5265036,1.07859325,1.64920092,1.72475815,-10.5265036,1.62886047,1.45065498,1.38993168,0.940691948,1.04239655,1.03961086,1.19746399,1.32219219,1.38558102,1.29020214,1.15513992,0.900980949,1.02853775,1.28735924,1.64353561,1.520432,1.12874794,1.1373148,1.15226173,3.29286337,2.87477684,0.654820442,0.519994736,0.659198761,0.67783165,1.05028152,0.34425354,0.459375381,0.539061546,0.732176781,1.22495079,1.10619545,0.749519348,0.937106133,0.926158905,0.765947342,0.729007721,1.75638723,0.656527519,0.939576149,1.08921814,1.30110741,1.25255871,1.33793163,1.22121811,2.61130905,0.755362511,0.137554169,1.41671181,0.389157295,0.446461678,0.492840767,0.735521317,1.03272724,0.830803871,0.922748566,1.53935862,0.714424133,0.707239151,0.455861092,0.217320442,0.113148689,0.340718269,1.28051186,0.284311295,0.201608658,0.0768957138,0.931239128,0.145030975,-0.157786369,-0.121202469,0.410295486,0.0431079865,0.114886284,0.529717445,-0.282232285,0.869368553,0.299144745,0.258261681,1.18531322
2026-08-22T12:30:28.894+00:00	1212.453	SUBSEG96 protocol=asd-research-v1.0.0 session=1 phase=DET window=23 group=2 segments=8 dims=96 fnv1a=be1f67b0 values=-10.527669,-10.527669,2.02287531,-10.527669,-10.527669,1.66773462,-10.527669,2.26805449,-10.527669,2.03634644,1.41184425,-10.527669,1.24299335,1.47070217,1.47931814,-10.527669,1.4223032,1.35364723,1.22025776,1.16259003,1.02546978,1.1623106,1.02658463,1.17486286,1.27449226,1.32097816,0.952043533,1.09522629,1.13595009,0.755414963,1.59923124,1.53096056,1.36645889,1.16685486,1.06906796,3.24258804,2.9851079,0.676299095,0.780507088,0.916947365,0.860883713,1.04376411,0.532239914,0.636571884,0.428206444,0.729763031,0.96210289,1.20957947,0.666467667,0.963540077,0.856925011,0.617054939,0.77431488,1.66177654,0.829042435,1.02645016,1.07935905,1.18392754,1.24028873,1.20853233,1.26392651,2.6918025,0.680994987,0.171409607,1.38344097,0.33084774,0.563769341,0.531713486,0.652179718,0.966507912,0.933311462,0.894828796,1.44543076,0.73769474,0.680683136,0.510297775,0.235127449,0.0585870743,0.213015556,1.34915638,0.266949654,0.172749519,0.166637421,0.950854301,0.123109818,-0.149065018,-0.134801865,0.269248009,0.0400104523,0.024769783,0.364046097,-0.270467758,0.788415909,0.352501869,0.214333534,1.22033119
2026-08-22T12:30:29.000+00:00	1212.547	SUBSEG96 protocol=asd-research-v1.0.0 session=1 phase=DET window=23 group=3 segments=8 dims=96 fnv1a=1aa2abc5 values=-10.4796915,-10.4796915,1.71266603,-10.4796915,-10.4796915,1.52655458,-10.4796915,2.1675272,-10.4796915,1.86938906,1.0074749,-10.4796915,0.974456787,1.35583496,1.10935307,-10.4796915,0.961837769,1.14984417,1.27619934,0.846844673,1.0524168,0.92515564,0.937889099,1.04023552,1.37343693,1.32600975,1.3727417,1.26713371,1.35656452,0.771378517,1.60550547,1.52318287,1.40486717,1.12912655,1.29523945,3.2597065,3.04442358,0.731467247,0.770056725,0.515027046,0.755573273,1.25838947,0.663721085,0.571419716,0.608009338,0.8421278,1.18973255,1.18820572,0.587836266,0.922593117,0.840471268,0.719409943,0.777827263,1.73398638,0.814502716,0.983942986,1.00940132,1.34652901,1.29440975,1.36174011,1.26064873,2.76345873,0.790746689,0.151226044,1.44622993,0.44348526,0.568043709,0.601964951,0.726909637,0.94284153,1.04318142,0.933873177,1.51851463,0.838084221,0.714503288,0.493445396,0.325816154,0.10891819,0.291851044,1.40062523,0.190834045,0.214332581,0.177357674,1.06900883,0.212662697,-0.131612778,-0.165549278,0.281178474,0.0517711639,-0.082406044,0.304785728,-0.16706562,0.676623344,0.300506592,0.251596451,1.15973091
2026-08-22T12:30:29.105+00:00	1212.657	SUBSEG96 protocol=asd-research-v1.0.0 session=1 phase=DET window=23 group=4 segments=7 dims=96 fnv1a=67c29649 values=-10.485507,-10.485507,1.90036917,-10.485507,-10.485507,1.24186802,-10.485507,1.73710299,-10.485507,1.62657976,1.05376625,-10.485507,1.4091177,1.42761993,1.33808422,-10.485507,0.961794853,0.583151817,0.663698196,1.11644459,1.10052681,0.975627899,0.997135162,0.982021332,1.23870468,1.17513275,1.34377861,1.34999275,1.25759411,0.995219231,1.63131046,1.55849266,1.47398853,1.20276642,1.2099781,3.25237608,3.05007219,0.803908348,0.94446373,0.661799431,0.714842796,1.13102818,0.567950249,0.669701576,0.781405449,0.739815712,0.942910194,1.11773586,0.834323883,1.04763412,0.888105392,0.68154335,0.792309761,1.75513077,0.835886002,1.06220722,1.13860416,1.30550003,1.34173107,1.29295063,1.24469662,2.76629496,0.827705383,0.310767174,1.42638206,0.392983437,0.557476044,0.568207741,0.72128582,0.907077789,1.07158852,0.931966782,1.4565239,0.793273926,0.69519043,0.521206856,0.361056328,0.227423668,0.213519096,1.40113735,0.238503456,0.189394951,0.1242342,0.972390175,0.398139954,-0.0889949799,-0.171632767,0.239210129,0.0709733963,-0.0143823624,0.278487206,-0.136981964,0.736742973,0.314642906,0.274173737,1.15751839
2026-08-22T12:30:29.213+00:00	1212.766	SUBSEG96 protocol=asd-research-v1.0.0 session=1 phase=DET window=23 group=5 segments=7 dims=96 fnv1a=f3de4225 values=-10.5169821,-10.5169821,2.2242341,-10.5169821,-10.5169821,1.83254766,-10.5169821,2.28079271,-10.5169821,2.07121897,1.28887081,-10.5169821,1.1681757,1.56215382,1.51928568,-10.5169821,1.47365284,1.30378723,1.27887535,0.883014679,0.837414742,0.585942268,0.974755287,1.15260315,1.25644302,1.51118469,1.06201267,0.924189568,0.854400635,0.841116905,1.58561277,1.56609154,1.266325,1.09064388,1.31412601,3.19192362,2.99515438,0.614071846,0.627868652,0.721529007,0.808057785,1.22198391,0.729346275,0.714008331,0.54991436,0.610613823,1.0043869,1.1941328,0.743741989,0.900713921,0.813280106,0.659896851,0.951265335,1.61120415,0.822986603,1.03560066,1.05186272,1.26443005,1.30573082,1.23711109,1.2758131,2.71700048,0.821695328,0.115175247,1.38980293,0.420840263,0.521507263,0.590219498,0.714986801,0.992172241,0.926711082,0.936117172,1.53010321,0.753175735,0.588329315,0.477369308,0.261597633,0.119155884,0.227360725,1.39101315,0.2762537,0.110426903,0.162042618,0.898801804,0.34956646,-0.170808792,-0.136958122,0.265321732,-0.00242805481,0.0200920105,0.286567688,-0.226863861,0.816487312,0.295801163,0.203807831,1.1276207
2026-08-22T12:30:33.608+00:00	1217.157	FLAGS protocol=asd-quality-v1.5.0 mode=ALARM state=ANOMALY waiting=0 learning=0 learned=1 anomaly=1 hold=0 fault=0 green=off red=on guided25_available=1 workflow_pending=DEFAULT research_telemetry=1 profile_persistence_allowed=0 dropped=0
2026-08-22T12:30:38.501+00:00	1222.063	QUALITY protocol=asd-quality-v1.5.0 phase=DET index=24 total=0 result=OK metrics_valid=1 samples=159744 expected=159744 rms_dbfs=-46.475 dc=-0.470 peak=730 clipped=0 zeros=355 stuck=240 dropped_delta=0 feature_valid=1 tonalness_valid=1 tonalness_proxy=3.067130 tonal_gate=pending_normal_only
2026-08-22T12:30:38.508+00:00	1222.063	DET 24 score=1924.03027 lo=0 hi=4374.05859 led=0 anom=1 total_anom=4 ALARM (uzastopnih=3 nivo=-46.5 dBFS racun=716 ms)
2026-08-22T12:30:38.646+00:00	1222.203	FEATURE96 protocol=asd-research-v1.0.0 session=1 phase=DET window=24 window_start_ms=1211522 window_end_ms=1220796 score=1924.03027 level_dbfs=-46.4747086 quality=OK tonalness_proxy=3.06712961 dims=96 fnv1a=3baa00a0 values=-10.4973125,-10.4973125,2.16851044,-10.4973125,-10.4973125,1.70825148,-10.4973125,2.08725739,-10.4973125,2.01915979,1.76251364,-10.4973125,1.46636772,1.88116646,2.06840134,-10.4973125,1.70284081,1.90011358,2.26646805,1.71937466,1.06295013,1.00708103,0.888959885,1.10582161,1.31134701,1.5784831,1.26747131,1.09763908,1.0925827,0.987926483,1.61198807,1.52494669,1.30869484,1.08773994,1.21302605,2.51870823,3.06712961,0.900090218,0.729324341,0.661196709,0.785770416,1.17065525,0.648430824,0.574708939,0.595755577,0.652834892,0.836568832,1.5414238,0.752968788,0.871061325,0.841217995,0.75166893,0.790240288,1.7728467,0.781389236,0.982506752,0.98449707,1.23845959,1.13389969,1.32800198,1.43756485,2.54758024,2.25401545,0.190972328,0.54832077,0.413797379,0.537287712,0.632124901,0.699528694,0.846384048,0.877493858,0.970460892,1.00170898,1.27590942,0.710113525,0.554757118,0.522550583,0.225133896,0.154661179,0.631164551,0.122218132,0.106219292FLAGS protocol=asd-quality-v1.5.0 mode=ALARM state=ANOMALY waiting=0 learning=0 learned=1 anomaly=1 hold=0 fault=0 green=off red=on guided25_available=1 workflow_pending=DEFAULT research_telemetry=1 profile_persistence_allowed=0 dropped=0
2026-08-22T12:30:38.648+00:00	1222.203	,0.124419212,0.120629311,0.05260849,-0.197123528,-0.268547058,-0.108625412,-0.113368034,-0.213446617,-0.107888222,-0.29006958,-0.0890932083,0.101868629,-0.166495323,0.0653772354
2026-08-22T12:30:38.768+00:00	1222.328	SUBSEG96 protocol=asd-research-v1.0.0 session=1 phase=DET window=24 group=1 segments=8 dims=96 fnv1a=45c9b1f5 values=-10.6088419,-10.6088419,2.01240349,-10.6088419,-10.6088419,1.58040619,-10.6088419,1.94596338,-10.6088419,2.13261461,2.23103523,-10.6088419,1.83868313,2.20123339,2.48929977,-10.6088419,2.13257265,2.40839291,2.80977249,2.24211693,1.41837502,1.32856941,0.907018661,1.10456562,1.24488163,1.43604898,1.15318489,1.159729,1.0222702,0.79473877,1.56637335,1.43491697,1.20057011,0.997076988,1.15263844,2.77483845,2.99666023,1.2323246,0.931558609,0.705822945,0.726122856,1.21584511,0.431223869,0.546322823,0.331344604,0.51177597,0.852237701,1.24632645,0.615781784,0.640467644,0.778851509,0.719887733,0.803578377,1.37957096,0.736370087,1.00442028,0.936230659,1.28580475,1.15227032,1.17280388,1.22822571,2.53157234,2.14862347,0.198549271,0.796546936,0.28483963,0.405164719,0.479322433,0.66445446,0.858277321,0.883821487,0.760399818,1.06391811,1.10305023,0.551999092,0.525499344,0.365372658,0.0519962311,0.0992517471,0.65860939,0.0696163177,0.0525827408,0.0527696609,0.246539116,0.0745401382,-0.26699543,-0.326931,0.00122356415,-0.121541023,-0.201475143,-0.0924634933,-0.393090248,0.133480072,0.0304441452,-0.122837067,0.401530266
2026-08-22T12:30:38.874+00:00	1222.422	SUBSEG96 protocol=asd-research-v1.0.0 session=1 phase=DET window=24 group=2 segments=8 dims=96 fnv1a=970743f6 values=-10.4262457,-10.4262457,1.97255707,-10.4262457,-10.4262457,1.78456116,-10.4262457,2.25196505,-10.4262457,1.98039961,1.22919464,-10.4262457,1.37945557,1.85023117,2.00105286,-10.4262457,1.58776236,1.05997181,1.2802124,0.757946968,0.84579277,0.949262619,0.990974426,1.08456802,1.2097187,1.60757208,1.20321369,1.01114655,1.09603882,1.17958069,1.64835835,1.5848875,1.43315601,1.25037479,1.23445129,2.21875525,3.19347143,0.603173256,0.764342308,0.609143257,0.913686752,1.10820293,0.707233429,0.607680321,0.51131916,0.900128365,0.853453636,1.70471907,0.856164932,0.975902557,0.929947853,0.861163139,0.785678864,1.85040331,0.872114182,1.12408352,1.00462818,1.33675766,1.21125889,1.43294716,1.46464825,2.26123047,2.73711348,0.219037056,0.542639732,0.579915047,0.644030571,0.710646629,0.784337997,0.919013977,0.950986862,1.06228352,1.07147503,1.32315636,0.746589661,0.533420563,0.690301895,0.347242355,0.227537155,0.605605125,0.193774223,0.160474777,0.197981834,0.0637044907,0.0317592621,-0.0545301437,-0.203399658,-0.069644928,-0.109495163,-0.125289917,-0.0559473038,-0.239722252,-0.125219345,0.244224548,-0.169678688,-0.151100159
2026-08-22T12:30:38.980+00:00	1222.532	SUBSEG96 protocol=asd-research-v1.0.0 session=1 phase=DET window=24 group=3 segments=8 dims=96 fnv1a=923ca683 values=-10.3994493,-10.3994493,2.15285969,-10.3994493,-10.3994493,1.8176403,-10.3994493,2.10309839,-10.3994493,1.97398376,1.37921238,-10.3994493,1.04018688,1.50625038,1.57529831,-10.3994493,1.36359978,1.3851881,1.13371277,0.861186981,0.848623276,0.797289848,0.789666176,1.05860806,1.38999081,1.94413376,1.45893383,1.28847122,1.18544102,1.03787041,1.67963696,1.68113756,1.30844879,1.19593239,1.18117428,2.50196266,3.11289454,0.735318184,0.569684029,0.682624817,0.652949333,1.23756886,0.59168911,0.720413208,0.853051186,0.615743637,0.872263908,1.68611145,0.835786819,1.05342007,1.09267139,0.756440163,0.864922523,1.94476032,0.822012901,0.97878933,1.01602459,1.1382103,1.11237717,1.39593601,1.62308502,2.73230934,1.98808908,0.294689178,0.439969063,0.446889877,0.674070358,0.799882889,0.774719238,0.946531296,0.885578156,1.09696674,1.05128193,1.37773705,0.86972332,0.722657204,0.575951576,0.333374977,0.262205124,0.675504684,0.161052704,0.186451912,0.199453354,0.131376266,0.116749763,-0.169075012,-0.167476654,-0.11759758,-0.0749521255,-0.193126678,-0.034532547,-0.18598938,-0.148367882,0.154398918,-0.110783577,-0.104492188
2026-08-22T12:30:39.088+00:00	1222.641	SUBSEG96 protocol=asd-research-v1.0.0 session=1 phase=DET window=24 group=4 segments=7 dims=96 fnv1a=e5567f0b values=-10.3966398,-10.3966398,2.38598061,-10.3966398,-10.3966398,1.91619587,-10.3966398,2.25778675,-10.3966398,2.21469355,1.28939342,-10.3966398,1.23801517,1.66012812,1.501441,-10.3966398,1.09001732,1.14231873,0.885621071,0.703882217,0.801793098,0.843630791,0.924770355,1.11041069,1.52144051,1.54731178,1.36884212,1.21419811,1.24101257,1.08456802,1.73390341,1.624259,1.13130283,1.05452538,1.3861227,2.47170115,3.13156652,0.750066757,0.708730698,0.654932976,0.860461235,1.28359699,0.82155323,0.619720459,0.765316963,0.72946167,0.968702316,1.70925379,0.916456223,0.883128166,0.728721619,0.884665489,0.963557243,1.96768665,0.927495003,1.06595612,1.09961414,1.31648731,1.16585732,1.39492035,1.53346729,2.64652109,1.8867588,0.226906776,0.446076393,0.459596634,0.577155113,0.702088356,0.743049622,0.851866722,0.900185585,1.07997894,0.948446274,1.40547752,0.840073586,0.6223526,0.604795456,0.29969883,0.215489388,0.767822266,0.234428406,0.230129242,0.187286377,0.123822212,0.116172791,-0.104563713,-0.242037773,-0.112793922,-0.00476551056,-0.201405525,-0.0493049622,-0.187991142,-0.181956291,0.173422813,-0.120148659,-0.108354568
2026-08-22T12:30:39.195+00:00	1222.750	SUBSEG96 protocol=asd-research-v1.0.0 session=1 phase=DET window=24 group=5 segments=7 dims=96 fnv1a=09ffb2b6 values=-10.3855791,-10.3855791,2.48182249,-10.3855791,-10.3855791,1.67571259,-10.3855791,2.11432505,-10.3855791,1.87616014,1.06349373,-10.3855791,1.111413,1.75335979,1.47092056,-10.3855791,0.809002876,1.0491333,1.19856548,1.12370586,0.872947693,0.692344666,1.03169537,1.36724472,1.42866898,1.36342144,1.39486885,0.886954308,1.18105412,1.08137321,1.69085836,1.54503441,1.60947895,1.16008186,1.36386871,2.46800566,3.15236092,0.773760796,0.643825531,0.848582268,0.985344887,1.21476078,0.918354988,0.611777306,0.709345818,0.700219154,0.863409042,1.57025337,0.799755096,1.03229237,0.809438705,0.770350456,0.734022141,1.91545677,0.790083885,0.916856766,1.12777138,1.29991245,1.24818134,1.50699043,1.58905697,2.70494175,2.04976749,0.242269516,0.373209953,0.543560982,0.639619827,0.72273922,0.777266502,0.867156982,0.995727539,1.11462784,1.04791737,1.44157887,0.803833008,0.59795475,0.626314163,0.353622437,0.220388412,0.668772697,0.212111473,0.157934189,0.247045517,0.171364784,0.152955055,-0.146589279,-0.150258064,-0.101880074,-0.00841140747,-0.124126434,-0.0843172073,-0.173623085,-0.17609787,0.149962425,-0.0947580338,-0.135648727
2026-08-22T12:30:43.620+00:00	1227.172	FLAGS protocol=asd-quality-v1.5.0 mode=ALARM state=ANOMALY waiting=0 learning=0 learned=1 anomaly=1 hold=0 fault=0 green=off red=on guided25_available=1 workflow_pending=DEFAULT research_telemetry=1 profile_persistence_allowed=0 dropped=0
2026-08-22T12:30:48.474+00:00	1232.032	QUALITY protocol=asd-quality-v1.5.0 phase=DET index=25 total=0 result=OK metrics_valid=1 samples=159744 expected=159744 rms_dbfs=-46.752 dc=-0.522 peak=545 clipped=0 zeros=406 stuck=245 dropped_delta=0 feature_valid=1 tonalness_valid=1 tonalness_proxy=3.152063 tonal_gate=pending_normal_only
2026-08-22T12:30:48.482+00:00	1232.032	DET 25 score=1282.32117 lo=0 hi=4374.05859 led=0 anom=1 total_anom=5 ALARM (uzastopnih=3 nivo=-46.8 dBFS racun=716 ms)
2026-08-22T12:30:48.614+00:00	1232.172	FEATURE96 protocol=asd-research-v1.0.0 session=1 phase=DET window=25 window_start_ms=1221502 window_end_ms=1230771 score=1282.32117 level_dbfs=-46.7521858 quality=OK tonalness_proxy=3.15206337 dims=96 fnv1a=5148a0fd values=-10.3750744,-10.3750744,1.80476046,-10.3750744,-10.3750744,1.61309719,-10.3750744,2.21981478,-10.3750744,1.97511339,1.08078861,-10.3750744,0.98794651,1.37580776,1.49332809,-10.3750744,1.30761242,1.12684536,1.03246212,0.872587204,0.800731659,0.973540306,1.00556564,1.12013912,1.38665962,1.60267925,1.29304886,1.12737942,1.18503284,0.909809113,1.67515898,1.64200926,1.25499916,1.08770847,1.1953125,2.51989126,3.15206337,0.76936245,0.688194275,0.874857903,0.857190132,1.2947588,0.684396744,0.787445068,0.641768456,0.763505936,1.01557636,1.60913754,0.828673363,1.01917171,0.938648224,0.858799934,0.904495239,1.99484491,0.872306824,0.982945442,1.09745312,1.26821518,1.20383453,1.43731213,1.6107645,2.64263439,1.94599771,0.259859085,0.556259155,0.524170876,0.654754639,0.70194912,0.777030945,0.971406937,0.927272797,1.1551342,1.01304913,1.3416214,0.822372437,0.733631134,0.672100067,0.33816433,0.283484459,0.819322586,0.230928421,0.194720268,0.266469955,0.133552551,0.139452934,-0.105260849,-0.128095627,-0.120204926,-0.040096283,-0.118271828,-0.0581226349,-0.189855576,-0.124722481,0.155255318,-0.0990085602,-0.102011681
2026-08-22T12:30:48.647+00:00	1232.203	SUBSEG96 protocol=asd-research-v1.0.0 session=1 phase=DET window=25 group=1 segments=8 dims=96 fnv1a=84936575 values=-10.3649473,-10.3649473,1.67215824,-10.3649473,-10.3649473,1.69229794,-10.3649473,2.38202858,-10.3649473,2.13485336,1.0697937,-10.3649473,1.13335609FLAGS protocol=asd-quality-v1.5.0 mode=ALARM state=ANOMALY waiting=0 learning=0 learned=1 anomaly=1 hold=0 fault=0 green=off red=on guided25_available=1 workflow_pending=DEFAULT research_telemetry=1 profile_persistence_allowed=0 dropped=0
2026-08-22T12:30:48.735+00:00	1232.297	,1.7149229,1.59004593,-10.3649473,1.09147167,0.992969513,0.903578758,0.534283638,0.723347664,1.10902023,0.980602264,1.14962769,1.41832066,1.65687561,1.20175552,1.07275867,1.0271349,0.796380043,1.68666029,1.63945436,1.20835686,1.24559402,1.26819611,2.58902359,3.15633726,0.777371407,0.812976837,0.919815063,1.05127239,1.31372547,0.631456375,0.716483116,0.40886879,0.829305649,0.995268822,1.64264774,0.75593853,0.951208115,0.973867416,0.919855118,0.948854446,2.01781654,0.787743568,1.04635239,1.06735992,1.2238512,1.15423679,1.4344244,1.63944674,2.66709614,1.57245255,0.372324944,0.563243866,0.504948616,0.639452934,0.6340065,0.822977066,0.965519905,0.889842987,1.14733219,0.97341156,1.42252159,0.846712112,0.799230576,0.612577438,0.385759354,0.305606842,0.877168655,0.251516342,0.206449509,0.238022804,0.136481285,0.110574722,-0.1191082,-0.143196106,-0.104929924,0.0129842758,-0.123595238,-0.0498609543,-0.186915398,-0.106268883,0.127951622,-0.0993566513,-0.0945739746
2026-08-22T12:30:48.848+00:00	1232.407	SUBSEG96 protocol=asd-research-v1.0.0 session=1 phase=DET window=25 group=2 segments=8 dims=96 fnv1a=d1e8d41a values=-10.3690929,-10.3690929,1.46854973,-10.3690929,-10.3690929,1.38965893,-10.3690929,1.87937307,-10.3690929,1.71568346,1.06751537,-10.3690929,0.882382393,1.30537415,1.60806561,-10.3690929,1.60485172,1.36341095,1.11788368,0.915700912,0.970246315,1.14991856,1.11026382,1.0558939,1.24537945,1.14985275,1.21641445,1.14711761,1.44935417,1.1728487,1.70504856,1.70688534,1.23679161,1.03724575,1.19752121,2.49992561,3.11313486,0.636475563,0.62775135,0.938937187,0.754972458,1.26237011,0.739607811,0.837470055,0.636030197,0.769311905,1.0368557,1.64097023,0.754053116,0.988641739,0.953573227,0.907481194,0.85850811,1.99211693,0.876237869,0.999454498,1.18286705,1.37896633,1.23368359,1.40306854,1.65503645,2.62558222,2.01144791,0.325622559,0.486485481,0.533780098,0.664264679,0.721364975,0.805401802,0.987508774,0.991048813,1.0887785,1.00280094,1.26657581,0.82518959,0.679156303,0.723012924,0.349416733,0.315052032,0.824368477,0.292199135,0.194044113,0.230587959,0.0918397903,0.169560432,-0.0759592056,-0.117368698,-0.0981140137,-0.00951862335,-0.143768311,-0.00820159912,-0.171741486,-0.117619514,0.163870811,-0.124884605,-0.0958509445
2026-08-22T12:30:48.956+00:00	1232.516	SUBSEG96 protocol=asd-research-v1.0.0 session=1 phase=DET window=25 group=3 segments=8 dims=96 fnv1a=2e928fa7 values=-10.3636312,-10.3636312,1.6657629,-10.3636312,-10.3636312,1.69048357,-10.3636312,2.20167971,-10.3636312,1.90152502,1.3273201,-10.3636312,1.19864655,1.24306583,1.55404282,-10.3636312,1.37954521,1.12979603,1.09952164,1.08100319,0.784770012,0.72495079,0.790795326,1.16333485,1.31291485,1.60271835,1.3373642,1.13319683,1.14470673,0.901063919,1.63907719,1.64478827,1.21769238,1.01824093,1.20428944,2.53439045,3.16453123,0.791805267,0.659259796,0.863416672,0.838889122,1.26638794,0.496767044,0.79446888,0.752137184,0.681107521,0.903621674,1.55925179,0.949976921,0.961834908,0.945513725,0.738903999,1.02816486,2.02543688,1.00428677,0.902190208,1.13406658,1.2173233,1.22222424,1.54169559,1.58076191,2.69468689,1.86965752,0.186590195,0.618065834,0.46277523,0.684642792,0.68466568,0.788078308,0.983798027,0.901420593,1.16533279,1.07776833,1.33830929,0.838040352,0.746232986,0.66767025,0.353657722,0.249345779,0.85045433,0.20711422,0.188241959,0.290883064,0.134367943,0.164216995,-0.115391731,-0.0962991714,-0.0642185211,-0.0469322205,-0.0909194946,-0.059844017,-0.226425171,-0.1531744,0.15322113,-0.0697221756,-0.117929459
2026-08-22T12:30:49.062+00:00	1232.625	SUBSEG96 protocol=asd-research-v1.0.0 session=1 phase=DET window=25 group=4 segments=7 dims=96 fnv1a=53ddd685 values=-10.3439169,-10.3439169,1.59275341,-10.3439169,-10.3439169,1.32421684,-10.3439169,2.08103609,-10.3439169,1.76265955,0.703176498,-10.3439169,0.694548607,1.05894184,1.21440887,-10.3439169,1.0698204,0.917075157,0.965806007,0.89991951,0.871912956,0.985411644,1.19433594,1.20400715,1.46654129,1.6903286,1.48287868,1.1026783,0.926156998,0.739597321,1.68323278,1.65740967,1.32984829,0.980919838,1.1834631,2.61084604,3.21631479,0.818240166,0.79074955,1.06912613,0.922862053,1.36274529,0.847995758,0.742383003,0.759725571,0.944794655,1.14220047,1.60088062,0.920858383,0.960337639,1.0370903,0.961041451,0.897199631,1.99935913,0.867145538,1.04199505,1.05910587,1.31147861,1.17391586,1.45381832,1.67670822,2.66355324,1.71261072,0.202713966,0.584171295,0.538150787,0.670124054,0.787342072,0.75809288,0.996821404,0.956087112,1.18127251,1.04557896,1.38058758,0.820104599,0.855360031,0.648893356,0.336072922,0.325592041,0.834565163,0.291898727,0.234477043,0.375851631,0.208490372,0.214262962,-0.0842790604,-0.119418144,-0.17633152,-0.0224952698,-0.158261299,-0.0442810059,-0.166913986,-0.080994606,0.133249283,-0.0735416412,-0.0500059128
2026-08-22T12:30:49.169+00:00	1232.719	SUBSEG96 protocol=asd-research-v1.0.0 session=1 phase=DET window=25 group=5 segments=7 dims=96 fnv1a=eeca2852 values=-10.3748503,-10.3748503,2.23740149,-10.3748503,-10.3748503,1.81906319,-10.3748503,2.40979767,-10.3748503,2.20196342,1.03176975,-10.3748503,0.834630013,1.25895405,1.39425945,-10.3748503,1.12932205,1.11376762,1.08544827,0.817986488,0.620073318,0.770890236,0.921465874,1.07595634,1.51894855,1.78306913,1.24996948,1.22690773,1.20785332,0.803882599,1.71753645,1.60842896,1.34068108,1.14579391,1.16540432,2.39185143,3.17169142,0.865581512,0.557401657,0.411414146,0.665093422,1.33031464,0.718429565,0.882907867,0.644850731,0.578824043,1.04647636,1.65231276,0.789025307,1.2328558,0.815466881,0.793598175,0.798430443,1.99348927,0.8474617,0.972200394,1.0760479,1.24501896,1.28143883,1.38950062,1.54820442,2.612257,2.2822938,0.22110939,0.581008911,0.631720543,0.672756195,0.740502357,0.755559921,0.982382774,0.950870514,1.24749088,1.01902103,1.34714222,0.836773872,0.613445282,0.752753258,0.31430912,0.278014183,0.750349045,0.152853012,0.211711884,0.253534317,0.158758163,0.0898199081,-0.0728673935,-0.107699394,-0.119192123,-0.0892963409,-0.0287361145,-0.077249527,-0.138581276,-0.105027199,0.248044968,-0.0681257248,-0.090136528
2026-08-22T12:30:53.630+00:00	1237.188	FLAGS protocol=asd-quality-v1.5.0 mode=ALARM state=ANOMALY waiting=0 learning=0 learned=1 anomaly=1 hold=0 fault=0 green=off red=on guided25_available=1 workflow_pending=DEFAULT research_telemetry=1 profile_persistence_allowed=0 dropped=0
2026-08-22T12:30:58.447+00:00	1242.000	QUALITY protocol=asd-quality-v1.5.0 phase=DET index=26 total=0 result=OK metrics_valid=1 samples=159744 expected=159744 rms_dbfs=-46.415 dc=-0.425 peak=578 clipped=0 zeros=363 stuck=205 dropped_delta=0 feature_valid=1 tonalness_valid=1 tonalness_proxy=3.157330 tonal_gate=pending_normal_only
2026-08-22T12:30:58.456+00:00	1242.016	DET 26 score=1413.25232 lo=0 hi=4374.05859 led=0 anom=1 total_anom=6 ALARM (uzastopnih=3 nivo=-46.4 dBFS racun=716 ms)
2026-08-22T12:30:58.587+00:00	1242.141	FEATURE96 protocol=asd-research-v1.0.0 session=1 phase=DET window=26 window_start_ms=1231472 window_end_ms=1240745 score=1413.25232 level_dbfs=-46.4154015 quality=OK tonalness_proxy=3.15733004 dims=96 fnv1a=09a9d81b values=-10.3878698,-10.3878698,1.74099255,-10.3878698,-10.3878698,1.86663628,-10.3878698,2.29141045,-10.3878698,1.96447325,1.15827274,-10.3878698,1.2574749,1.64908409,1.54712296,-10.3878698,1.19290924,1.34361172,1.25213146,0.926960945,0.862469673,0.872765541,0.98719883,1.16475773,1.37844372,1.55083179,1.16872311,1.0345192,1.07938099,0.944171906,1.72001648,1.65165901,1.18601227,1.04537487,1.19801235,2.42201471,3.15733004,0.741433144,0.605160713,0.648838997,0.766027451,1.15959263,0.708387375,0.662934303,0.780899048,0.702917099,0.935474396,1.59852028,0.862672806,1.00283527,0.909573555,0.757831573,0.964719772,1.97760057,0.925028801,1.07294655,1.11409283,1.27609062,1.16981983,1.43953419,1.52947235,2.56114578,2.25604296,0.271893501,0.588431358,0.495556831,0.665602684,0.760704994,0.767416,0.909874916,0.937917709,1.11867046,1.03188896,1.39030647,0.827708244,0.62155056,0.723827362,0.349312782,0.238640785,0.713747025,0.235380173,0.206857681,0.249562263,0.101668358,0.124261856,-0.0490856171,-0.155627251,-0.121073723,-0.0737533569,-0.0778970718,-0.0762252808,-0.203239441,-0.139902115,0.1587677,-0.125003815,-0.109203339
2026-08-22T12:30:58.645+00:00	1242.203	SUBSEG96 protocol=asd-research-v1.0.0 session=1 phase=DET window=26 group=1 segments=8 dims=96 fnv1a=9399d1f6 values=-10.359561,-10.359561,1.58490944,-10.359561,-10.359561,1.54113865,-10.359561,2.18553686,-10.359561,1.89151287,1.10195923,-10.359561,1.17101765,1.42811203,1.08666897,-10.359561,0.966885567,1.33374119,1.07256222,0.847014427,0.925802231,0.847370148,0.821434975,1.27084255,1.61002636,1.79022551,1.22998333,1.25279522,1.14286232,0.683278084,1.73297787,1.63729,1.15767479,1.10152626,1.21819115,2.49163294FLAGS protocol=asd-quality-v1.5.0 mode=ALARM state=ANOMALY waiting=0 learning=0 learned=1 anomaly=1 hold=0 fault=0 green=off red=on guided25_available=1 workflow_pending=DEFAULT research_telemetry=1 profile_persistence_allowed=0 dropped=0
2026-08-22T12:30:58.707+00:00	1242.266	,3.15832281,0.802337646,0.495148659,0.599720955,0.725413322,1.2464819,0.764490128,0.55714035,0.795547485,0.78670311,0.845750809,1.54948616,0.914444923,1.07208443,0.82287693,0.727089882,0.92401886,2.01507044,0.93901825,1.0666151,1.18285275,1.30082512,1.19985676,1.39878178,1.55762577,2.62795782,1.98270226,0.347173691,0.642943382,0.542336464,0.590755463,0.829791069,0.854471207,0.929231644,0.962097168,1.17070961,1.07819271,1.48493099,0.919487953,0.701757431,0.739699364,0.409394264,0.262706757,0.740056992,0.286430359,0.229203224,0.281266212,0.113436699,0.210279465,-0.0562772751,-0.140816689,-0.127775192,0.00363063812,-0.0564975739,-0.0372247696,-0.155914307,-0.07924366,0.180069923,-0.0623064041,-0.10104847
2026-08-22T12:30:58.820+00:00	1242.375	SUBSEG96 protocol=asd-research-v1.0.0 session=1 phase=DET window=26 group=2 segments=8 dims=96 fnv1a=f657ae9a values=-10.3932991,-10.3932991,1.37144184,-10.3932991,-10.3932991,1.78768444,-10.3932991,2.4013505,-10.3932991,2.02381754,1.34980392,-10.3932991,1.36427689,1.7250247,1.66068459,-10.3932991,1.29623508,1.46336079,1.45414543,0.91030407,0.881090164,0.86425209,0.99886322,1.28796864,1.48208523,1.55991364,1.12374687,1.02924824,1.17750072,1.06112862,1.73068714,1.64646006,1.26255989,1.15280151,1.22829533,2.51100826,3.10938978,0.636288643,0.587117195,0.582304001,0.725626945,1.09897232,0.759643555,0.641523361,0.845355034,0.712496758,0.881429672,1.58169842,0.780753136,1.08324814,0.984020233,0.687122345,0.976513863,1.9941144,0.842826843,0.925318718,1.07606697,1.25759125,1.1602354,1.48309517,1.54837513,2.6385808,1.63808489,0.283276558,0.430898666,0.505819321,0.626710892,0.762527466,0.768101692,0.916347504,0.977322578,1.14777088,1.04349709,1.44073868,0.834953308,0.747764587,0.640441895,0.326331139,0.2301054,0.736243248,0.239528656,0.19763279,0.237550735,0.0878314972,0.109351158,-0.114724159,-0.146449089,-0.151961327,-0.0126485825,-0.197138786,-0.0946474075,-0.203739166,-0.13372612,0.0826387405,-0.1129179,-0.10246563
2026-08-22T12:30:58.927+00:00	1242.485	SUBSEG96 protocol=asd-research-v1.0.0 session=1 phase=DET window=26 group=3 segments=8 dims=96 fnv1a=e4887a1c values=-10.3702612,-10.3702612,1.53315163,-10.3702612,-10.3702612,1.93817997,-10.3702612,2.31279898,-10.3702612,1.91590738,1.22249317,-10.3702612,1.27626514,1.64357662,1.53241158,-10.3702612,0.965816498,1.24160385,1.13772106,0.862559319,0.795009613,0.933559418,1.00579071,1.1185236,1.39937687,1.65414286,1.28574944,0.88973999,0.900990486,1.01061344,1.68424463,1.62108326,1.15515995,1.18329048,1.2439127,2.31403446,3.17209005,0.699275017,0.538359642,0.647699356,0.745212555,1.13499832,0.744017601,0.608507156,0.672318459,0.773796082,0.996424675,1.63727188,0.732918739,0.889530182,0.892167091,0.846423149,0.944014549,1.98773575,0.957844734,1.16683769,1.13779354,1.25124454,1.13589382,1.44705296,1.54375839,2.50416708,2.49249029,0.286334991,0.665637016,0.503020287,0.809348106,0.770625114,0.728473663,0.932327271,0.941411018,1.12492085,1.0300703,1.31262493,0.790302277,0.558222771,0.798185349,0.339577675,0.235274315,0.714202881,0.23161602,0.261219025,0.274170876,0.108143806,0.127053261,-0.00863933563,-0.142004013,-0.0695018768,-0.103364944,-0.0252628326,-0.0131597519,-0.198186874,-0.110544205,0.214510918,-0.119488716,-0.0826845169
2026-08-22T12:30:59.034+00:00	1242.594	SUBSEG96 protocol=asd-research-v1.0.0 session=1 phase=DET window=26 group=4 segments=7 dims=96 fnv1a=403fa53d values=-10.3941565,-10.3941565,2.19036436,-10.3941565,-10.3941565,2.18784666,-10.3941565,2.4099369,-10.3941565,2.08388376,0.959687233,-10.3941565,1.28490639,1.81366348,1.69961214,-10.3941565,1.23460102,1.02332687,1.01320934,1.03484344,0.980213165,0.846704483,1.05618382,0.979330063,0.991243362,1.11393738,1.15481091,0.744283676,1.20015621,1.01528931,1.76405954,1.67717171,1.07185268,0.698933601,1.1787138,2.40484381,3.19401026,0.798956871,0.615232468,0.589939117,0.948629379,1.29744244,0.682712555,0.707745552,0.883131981,0.678324699,0.969979286,1.74301672,0.990233421,1.03510284,0.980327606,0.820206642,1.07035828,1.96191835,0.904800415,1.05050659,1.15007401,1.38885498,1.21730804,1.43426037,1.53978157,2.52573156,2.34398985,0.211982727,0.570311546,0.532693863,0.696904182,0.772720337,0.736837387,0.864914894,0.862595558,1.06623745,1.05253792,1.33668041,0.841897964,0.514180183,0.737221718,0.293028831,0.261077881,0.750810623,0.238060951,0.175668716,0.23720932,0.0943222046,0.0956945419,-0.0191745758,-0.155652046,-0.130168915,-0.108845711,-0.070933342,-0.121484756,-0.224274635,-0.17926693,0.150941849,-0.169158936,-0.098651886
2026-08-22T12:30:59.141+00:00	1242.703	SUBSEG96 protocol=asd-research-v1.0.0 session=1 phase=DET window=26 group=5 segments=7 dims=96 fnv1a=e0541e90 values=-10.3700342,-10.3700342,1.57276344,-10.3700342,-10.3700342,1.61525631,-10.3700342,2.09676504,-10.3700342,1.92666149,1.06529236,-10.3700342,1.20193005,1.591609,1.5871172,-10.3700342,1.40298557,1.53876591,1.43111324,1.01568031,0.732599258,0.91837883,1.07475471,1.125144,1.14970112,1.36493492,1.051548,1.13477135,0.924001694,0.892715454,1.74037647,1.73034763,1.29829597,0.94601059,1.15826797,2.40370846,3.20847416,0.813900948,0.801375389,0.842477798,0.691300392,1.01222706,0.607245445,0.825257301,0.72310257,0.56349659,1.02319622,1.48788548,0.917532921,0.945902824,0.895676613,0.744421959,0.948325157,1.97648859,1.02676678,1.17848873,1.06273365,1.21524906,1.18869209,1.48081112,1.50362206,2.53274918,2.43378353,0.266910553,0.657570839,0.432222366,0.613271713,0.705532074,0.7905159,0.954630852,0.985154152,1.12397003,1.00005722,1.40070343,0.787055969,0.569951057,0.747766495,0.422912598,0.2585392,0.670419693,0.229610443,0.216065407,0.268925667,0.159306526,0.120098114,0.00578975677,-0.141368866,-0.075047493,-0.123448372,0.00234508514,-0.0738945007,-0.184642792,-0.157021523,0.213484764,-0.118754387,-0.110853195
2026-08-22T12:31:03.629+00:00	1247.188	FLAGS protocol=asd-quality-v1.5.0 mode=ALARM state=ANOMALY waiting=0 learning=0 learned=1 anomaly=1 hold=0 fault=0 green=off red=on guided25_available=1 workflow_pending=DEFAULT research_telemetry=1 profile_persistence_allowed=0 dropped=0
2026-08-22T12:31:08.487+00:00	1252.047	QUALITY protocol=asd-quality-v1.5.0 phase=DET index=27 total=0 result=OK metrics_valid=1 samples=159744 expected=159744 rms_dbfs=-46.707 dc=-0.545 peak=543 clipped=0 zeros=377 stuck=199 dropped_delta=0 feature_valid=1 tonalness_valid=1 tonalness_proxy=3.189291 tonal_gate=pending_normal_only
2026-08-22T12:31:08.496+00:00	1252.047	DET 27 score=1002.47314 lo=0 hi=4374.05859 led=0 anom=1 total_anom=7 ALARM (uzastopnih=3 nivo=-46.7 dBFS racun=716 ms)
2026-08-22T12:31:08.625+00:00	1252.188	FEATURE96 protocol=asd-research-v1.0.0 session=1 phase=DET window=27 window_start_ms=1241452 window_end_ms=1250783 score=1002.47314 level_dbfs=-46.7070732 quality=OK tonalness_proxy=3.189291 dims=96 fnv1a=20704833 values=-10.3790998,-10.3790998,1.34737873,-10.3790998,-10.3790998,1.40453434,-10.3790998,2.094944,-10.3790998,1.82752705,1.04380894,-10.3790998,1.16946602,1.61644459,1.53261089,-10.3790998,1.13784599,1.09520626,1.1140337,0.9958992,1.07986927,1.06138325,0.914578438,1.05595684,1.4407959,1.69577265,1.31697178,1.17961979,1.10768318,0.861150742,1.58874321,1.64444256,1.35507679,1.09386539,1.09387302,2.37717295,3.189291,0.676501274,0.623373985,0.828653336,0.892972946,1.26849937,0.722975731,0.698562622,0.62983036,0.79593277,0.905566216,1.69845104,0.838494301,1.03567886,0.954224586,0.834543228,0.891374588,1.97622442,0.888400078,1.05839539,1.09882069,1.34277821,1.2344265,1.39931202,1.49871922,2.49756241,2.48517847,0.291498184,0.645247459,0.526189804,0.666895866,0.815886497,0.808035851,0.939376831,0.952863693,1.18411827,1.09589672,1.37477493,0.787010193,0.57008934,0.72451973,0.304326057,0.288625717,0.707495689,0.218829155,0.218351364,0.25472641,0.130430222,0.106803894,-0.0220890045,-0.145296097,-0.0875406265,-0.0774250031,-0.0156373978,-0.0810413361,-0.211653709,-0.134068489,0.219749451,-0.144320488,-0.0913114548
2026-08-22T12:31:08.647+00:00	1252.203	SUBSEG96 protocol=asd-research-v1.0.0 session=1 phase=DET window=27 group=1 segments=8 dims=96 fnv1a=39093589 values=-10.3875837,-10.3875837FLAGS protocol=asd-quality-v1.5.0 mode=ALARM state=ANOMALY waiting=0 learning=0 learned=1 anomaly=1 hold=0 fault=0 green=off red=on guided25_available=1 workflow_pending=DEFAULT research_telemetry=1 profile_persistence_allowed=0 dropped=0
2026-08-22T12:31:08.750+00:00	1252.297	,1.4296093,-10.3875837,-10.3875837,1.35347271,-10.3875837,1.9990778,-10.3875837,1.92015028,1.22303867,-10.3875837,1.26603031,1.66093159,1.70431042,-10.3875837,1.41631222,1.454669,1.35562706,1.14757347,1.02874947,0.931951523,0.929992676,1.05593204,1.36655521,1.61571932,1.31832218,0.880982399,0.977534294,0.888224602,1.78083944,1.70452499,1.37321949,1.01942635,1.16117954,2.30706406,3.14881754,0.558199883,0.540131569,0.724013329,0.884565353,1.21780396,0.799713135,0.859472275,0.64743042,0.84245491,0.901439667,1.71109486,0.838645935,0.984006882,0.880919456,0.825816154,0.795947075,1.96174479,0.909789085,1.07738876,1.08301258,1.2829113,1.16470051,1.36177826,1.48469257,2.47866678,2.53208447,0.237183571,0.671204567,0.470378876,0.597014427,0.829061508,0.738027573,0.996132851,0.960103035,1.19045734,1.10311031,1.3489418,0.807833672,0.556201935,0.709626198,0.274805069,0.280653954,0.689313889,0.156934738,0.191656113,0.234854698,0.129620552,0.0637426376,-0.00537014008,-0.200344086,-0.10213089,-0.085650444,-0.0451898575,-0.0889892578,-0.22368145,-0.138086319,0.224555969,-0.147888184,-0.0917434692
2026-08-22T12:31:08.861+00:00	1252.422	SUBSEG96 protocol=asd-research-v1.0.0 session=1 phase=DET window=27 group=2 segments=8 dims=96 fnv1a=a258d7c6 values=-10.3626013,-10.3626013,1.20278454,-10.3626013,-10.3626013,1.36379242,-10.3626013,2.10254049,-10.3626013,1.77946997,1.01343536,-10.3626013,1.32232761,1.73363447,1.48896122,-10.3626013,0.987236977,0.878427505,1.06566715,1.06014442,1.00157166,0.978870392,1.05473614,1.23845959,1.73450184,1.69563437,0.935576439,0.996692657,1.06974506,0.746837616,1.65286493,1.5515728,1.38894939,1.15320015,1.23676586,2.35464716,3.1860342,0.641718864,0.660687447,0.640995979,0.838605881,1.24282742,0.655142784,0.610456467,0.632505417,0.867459297,0.894524574,1.5648098,0.781569481,1.01096344,0.996296883,0.798578262,0.949001312,1.9664216,0.807715416,1.08508492,1.15347576,1.37596226,1.33794308,1.43913746,1.46154785,2.54145098,2.4629674,0.287555695,0.664829254,0.535715103,0.739519119,0.849859238,0.874867439,0.965137482,1.00624275,1.13746929,1.08946323,1.45185089,0.831805229,0.574825287,0.779582977,0.332978249,0.26011467,0.716043472,0.251865387,0.23637867,0.249673843,0.173937798,0.110251427,-0.00782966614,-0.138443947,-0.0620698929,-0.0727977753,0.04991436,-0.0661506653,-0.186465263,-0.112915039,0.227728844,-0.14957428,-0.0937614441
2026-08-22T12:31:08.967+00:00	1252.516	SUBSEG96 protocol=asd-research-v1.0.0 session=1 phase=DET window=27 group=3 segments=8 dims=96 fnv1a=81f28d5d values=-10.3739815,-10.3739815,1.0341692,-10.3739815,-10.3739815,1.54157925,-10.3739815,2.25793695,-10.3739815,1.91505575,0.981803894,-10.3739815,1.2141428,1.65797329,1.65662384,-10.3739815,1.2160759,0.800642967,0.821013451,0.905223846,1.29049206,1.06943512,0.678481102,0.986282349,1.24133015,1.69395208,1.4500351,1.0302372,0.938120842,0.820102692,1.6600914,1.68582678,1.25726891,1.12313461,1.05008984,2.35221577,3.22008705,0.874912262,0.738851547,0.903841019,0.878350258,1.26861858,0.773344994,0.669482231,0.616293907,0.881318092,0.83380127,1.74034262,0.860309601,1.03971291,0.926251411,0.90791893,0.892276764,1.98547316,0.932967186,1.06598282,1.05572414,1.40792942,1.202981,1.35189819,1.50638485,2.44634724,2.56466675,0.375369072,0.636688232,0.605428696,0.61773777,0.83348465,0.813296318,0.925116539,0.966296196,1.25941753,1.13410759,1.30832291,0.745171547,0.594714165,0.718999863,0.315741539,0.311825752,0.681348801,0.198926926,0.222241402,0.323893547,0.18514061,0.0889997482,-0.00232601166,-0.12682724,-0.111088753,-0.0858955383,0.00165271759,-0.0604858398,-0.215454102,-0.118478775,0.237468719,-0.190649986,-0.0735063553
2026-08-22T12:31:09.077+00:00	1252.625	SUBSEG96 protocol=asd-research-v1.0.0 session=1 phase=DET window=27 group=4 segments=7 dims=96 fnv1a=da9baa72 values=-10.3524218,-10.3524218,1.10030842,-10.3524218,-10.3524218,1.42490101,-10.3524218,2.09122849,-10.3524218,1.70088434,0.773162842,-10.3524218,0.954338074,1.48962307,1.41192913,-10.3524218,0.739793777,0.916092873,1.04701519,1.01712132,1.19902515,1.24110222,0.977334976,1.09164047,1.18072414,1.55359364,1.25220394,1.36888599,0.863079071,0.80577755,1.34675026,1.71288252,1.34574032,1.12427807,0.94662571,2.36661863,3.26180744,0.670659065,0.553487778,0.915245056,0.898992538,1.35561657,0.789941788,0.720693588,0.634453773,0.637724876,0.965000153,1.86261654,1.01322746,1.12739468,0.985342979,0.875426292,0.934865952,1.99025154,0.961286545,1.05994225,1.02180386,1.39642143,1.32285118,1.47226334,1.55938435,2.40033293,2.61860609,0.306397438,0.704536438,0.483109474,0.725057602,0.764922142,0.845712662,0.993302345,0.94323349,1.22293091,1.10264111,1.44100285,0.791301727,0.577666283,0.749592781,0.317026138,0.314253807,0.755614281,0.303603172,0.274665833,0.227684021,0.089515686,0.154557228,0.0218648911,-0.0883054733,-0.0159807205,-0.0742578506,0.0200595856,-0.0253419876,-0.1687994,-0.092792511,0.252249718,-0.104929924,-0.0407657623
2026-08-22T12:31:09.182+00:00	1252.735	SUBSEG96 protocol=asd-research-v1.0.0 session=1 phase=DET window=27 group=5 segments=7 dims=96 fnv1a=84d3a602 values=-10.3640118,-10.3640118,1.69491053,-10.3640118,-10.3640118,1.3524065,-10.3640118,2.0120697,-10.3640118,1.80494404,1.12274361,-10.3640118,0.95071125,1.50736523,1.2361145,-10.3640118,1.00387383,1.06375408,1.14213085,0.786393166,0.699311256,1.1101284,0.911622047,0.853016853,1.4780407,1.90310431,1.49576569,1.46557045,1.47628307,1.04858589,1.27567959,1.59327126,1.45000362,1.09508324,1.03722191,2.54087305,3.1825819,0.602259636,0.635560036,0.960212708,1.01155758,1.31514835,0.602111816,0.614777565,0.671298027,0.717355728,0.987271309,1.61861038,0.701026917,1.07317638,1.03478718,0.805285454,0.933973312,2.03294992,0.870485306,1.05025959,1.20965481,1.28692245,1.1718626,1.42667007,1.53879642,2.63973045,2.15337229,0.291806221,0.592293739,0.571434021,0.704034805,0.841711044,0.816342354,0.843903542,0.929225922,1.14673805,1.09824276,1.36849403,0.806693077,0.60020256,0.71364212,0.335021973,0.331058502,0.753891945,0.237698555,0.222672462,0.278266907,0.105599403,0.175099373,-0.0736074448,-0.115967751,-0.0918903351,-0.0138816833,-0.0640363693,-0.11541748,-0.209134102,-0.158128738,0.207756996,-0.0720243454,-0.104466438
2026-08-22T12:31:13.630+00:00	1257.188	FLAGS protocol=asd-quality-v1.5.0 mode=ALARM state=ANOMALY waiting=0 learning=0 learned=1 anomaly=1 hold=0 fault=0 green=off red=on guided25_available=1 workflow_pending=DEFAULT research_telemetry=1 profile_persistence_allowed=0 dropped=0
2026-08-22T12:31:18.461+00:00	1262.016	QUALITY protocol=asd-quality-v1.5.0 phase=DET index=28 total=0 result=OK metrics_valid=1 samples=159744 expected=159744 rms_dbfs=-46.449 dc=-0.504 peak=773 clipped=0 zeros=399 stuck=263 dropped_delta=0 feature_valid=1 tonalness_valid=1 tonalness_proxy=3.067241 tonal_gate=pending_normal_only
2026-08-22T12:31:18.469+00:00	1262.032	DET 28 score=3912.52173 lo=0 hi=4374.05859 led=0 anom=1 total_anom=8 ALARM (uzastopnih=3 nivo=-46.4 dBFS racun=716 ms)
2026-08-22T12:31:18.601+00:00	1262.157	FEATURE96 protocol=asd-research-v1.0.0 session=1 phase=DET window=28 window_start_ms=1251492 window_end_ms=1260757 score=3912.52173 level_dbfs=-46.4490929 quality=OK tonalness_proxy=3.06724119 dims=96 fnv1a=66232f19 values=-10.5822287,-10.5822287,1.83268452,-10.5822287,-10.5822287,1.49335003,-10.5822287,2.04791975,-10.5822287,2.27697039,2.24240541,-10.5822287,1.67966557,1.72402287,1.82992601,-10.5822287,1.57733393,1.56005621,1.9030838,1.71453285,1.20114899,0.99122715,0.958191872,1.03454399,1.25553226,1.43768358,1.32529926,1.55308199,1.42940474,1.46767998,1.24084377,1.45257807,1.97986078,2.25899649,1.74323988,2.46266747,3.06724119,1.06384087,1.15171528,0.941614151,1.10341549,1.94388294,1.16280746,0.614443779,0.707995415,0.651449203,0.79658699,1.3895607,0.770048141,0.779550552,0.867670059,0.692354202,0.715618134,1.80312061,0.777462006,0.91646862,1.01360607,1.14394665,1.07775307,1.22183228,1.36862564,2.58018017,2.06969404,0.0992584229,0.562529564,0.359882355,0.491683006,0.582573891,0.627434731,0.734148979,0.797217369,0.916024208,0.822590828,1.15069866,0.662639618,0.518577576,0.510633469,0.167907715,0.0993490219,0.53609848,0.0711307526,0.0497150421,0.0664348602,-0.072977066,-0.0852880478,-0.290521622,-0.312338829,-0.275506973,-0.228460312,-0.281242371,-0.249537468,-0.408759117,-0.354351997,-0.0730657578,-0.320604324,-0.282460213
2026-08-22T12:31:18.661+00:00	1262.219	SUBSEG96 protocol=asd-research-v1.0.0 session=1 phase=DET window=28 group=1 segments=8 dims=96 fnv1a=0906fd0c values=-10.3457022,-10.3457022,1.4688139,-10.3457022,-10.3457022,1.35093784,-10.3457022,1.81665754,-10.3457022,1.69660091,1.18411732,-10.3457022,1.00319767,1.42733383,1.57121372,-10.3457022,1.08907509,0.753629684,0.77551651,1.04850578,1.15224743,0.935469627,0.929596901,1.1156683,1.1807127,1.78282595,1.63675499,1.89692163,1.34045124,0.957185745,0.789974213,0.946576118,1.38856411,1.01165962,0.999605179FLAGS protocol=asd-quality-v1.5.0 mode=ALARM state=ANOMALY waiting=0 learning=0 learned=1 anomaly=1 hold=0 fault=0 green=off red=on guided25_available=1 workflow_pending=DEFAULT research_telemetry=1 profile_persistence_allowed=0 dropped=0
2026-08-22T12:31:18.723+00:00	1262.282	,2.54672098,3.22160435,0.93458271,0.885303497,0.798220634,1.04170704,1.07530212,0.995106697,0.590196609,0.918313026,0.741004944,0.923323631,1.64939213,0.670761108,1.01909542,1.0219593,0.790782928,0.937923431,2.04295969,0.927951813,0.997134209,1.06292439,1.33723068,1.26422596,1.34295368,1.57910347,2.66969109,2.13043499,0.228543282,0.45147419,0.477903366,0.672595024,0.846690178,0.808130264,0.931326866,0.943383217,1.12029362,1.03972244,1.46184444,0.910423279,0.653740883,0.78082943,0.402184486,0.321764946,0.801894188,0.303324699,0.260069847,0.327798843,0.104422569,0.157679558,-0.0364179611,-0.0691423416,-0.0635890961,0.0214576721,-0.0771780014,-0.00768947601,-0.205827713,-0.152957916,0.141079903,-0.0655250549,-0.0902662277
2026-08-22T12:31:18.838+00:00	1262.391	SUBSEG96 protocol=asd-research-v1.0.0 session=1 phase=DET window=28 group=2 segments=8 dims=96 fnv1a=d3657136 values=-10.3469048,-10.3469048,1.88905334,-10.3469048,-10.3469048,1.53249168,-10.3469048,2.21238613,-10.3469048,1.98086119,1.22670937,-10.3469048,0.967115402,1.44466591,1.404459,-10.3469048,1.27518749,0.931731224,0.550660133,0.691477776,0.86591053,0.793685913,0.991078377,1.25569344,1.41752625,1.52672768,1.38275528,1.15226936,1.0092411,0.876444817,0.737662315,1.13957787,1.27112961,1.25394535,0.946341515,2.46975946,3.23700905,0.975905418,0.595788002,0.823048592,0.839982033,1.29175568,0.79846096,0.843306541,0.74414444,0.78178978,1.02647209,1.51084709,0.617367744,0.980694771,1.05075169,0.970668793,0.934650421,2.03627253,0.883331299,1.11714268,1.16258526,1.40755177,1.28670216,1.49659061,1.62704086,2.5995965,2.33955336,0.348093987,0.677845001,0.54083252,0.672681808,0.82300663,0.749441147,0.908343315,0.947546959,1.22136307,1.03832912,1.39841557,0.911568642,0.598153114,0.761426926,0.364956856,0.291055679,0.803665161,0.262822151,0.237303734,0.34134388,0.182340622,0.121779442,-0.100528717,-0.0698366165,-0.09603405,-0.0777740479,0.00787258148,-0.0203809738,-0.159790993,-0.113951683,0.215434074,-0.124235153,-0.06336689
2026-08-22T12:31:18.944+00:00	1262.500	SUBSEG96 protocol=asd-research-v1.0.0 session=1 phase=DET window=28 group=3 segments=8 dims=96 fnv1a=ec60ddf0 values=-10.6104746,-10.6104746,1.98761129,-10.6104746,-10.6104746,0.901816368,-10.6104746,1.86257696,-10.6104746,1.88017845,1.59807777,-10.6104746,1.15049934,1.56478882,1.44833708,-10.6104746,0.904868126,0.952664375,1.19872284,1.16858196,1.35998344,1.14583015,1.06230545,0.874547005,1.02571487,1.18440342,1.22171688,1.86523294,1.83060646,2.01211977,1.6859498,1.98088551,2.45366192,2.88084841,2.26517868,2.49001026,3.00773525,1.42327023,1.53253508,1.27157211,1.59027243,2.54958105,1.70585728,0.756360054,0.931812286,0.873631477,0.75492382,1.51948929,1.14248562,0.669506073,0.918803215,0.653188705,0.783597946,1.79750013,0.744212151,1.02632332,1.16593456,0.978589058,1.0273037,1.10954571,1.34224319,2.41926384,1.73901653,0.179793358,0.443956375,0.33878994,0.563386917,0.55477047,0.588059425,0.689957619,0.781965256,0.914274216,0.797540665,1.14647579,0.573456764,0.508730888,0.469723701,0.139259338,0.0605678558,0.551716805,-0.00745391846,0.0177021027,0.0469827652,-0.10970211,-0.20731926,-0.356484413,-0.353218079,-0.326053619,-0.254460335,-0.364089012,-0.271114349,-0.490530968,-0.373332024,-0.101015091,-0.337161064,-0.323589325
2026-08-22T12:31:19.050+00:00	1262.610	SUBSEG96 protocol=asd-research-v1.0.0 session=1 phase=DET window=28 group=4 segments=7 dims=96 fnv1a=869c6732 values=-10.5308981,-10.5308981,1.96310282,-10.5308981,-10.5308981,1.97285891,-10.5308981,2.39846277,-10.5308981,2.42035151,2.29624367,-10.5308981,1.84159422,1.43227386,1.33563614,-10.5308981,1.71830368,1.77407169,2.09197092,2.09923029,1.45515919,1.14224815,0.866903305,0.969778061,1.31972599,1.36809635,1.53406525,1.45768166,1.41563606,1.02899933,1.29595375,1.18200874,1.91716099,1.33870792,1.21115208,2.25081539,3.01392889,1.01298523,1.05610847,0.789682388,0.723491669,1.22068214,0.511015892,0.559062004,0.731762886,0.591640472,0.873451233,1.41031837,0.681264877,0.904662132,0.905660629,0.793766975,0.525190353,1.73135376,0.703896523,0.939332008,1.04423809,1.19210339,1.14954472,1.26036739,1.41777515,2.62777042,2.27258492,0.189610481,0.379655838,0.546082497,0.437838554,0.552707672,0.741454124,0.85279274,0.884284019,0.990249634,0.900466919,1.19525337,0.699933052,0.519619942,0.562205315,0.218031883,0.174120903,0.650292397,0.109539986,0.022726059,0.026468277,0.00663566589,0.0304012299,-0.201184273,-0.23307991,-0.226574898,-0.183740616,-0.181850433,-0.136784554,-0.297482491,-0.246123314,0.00397205353,-0.24618721,-0.235834122
2026-08-22T12:31:19.159+00:00	1262.719	SUBSEG96 protocol=asd-research-v1.0.0 session=1 phase=DET window=28 group=5 segments=7 dims=96 fnv1a=59dea5b5 values=-10.6280184,-10.6280184,1.94605827,-10.6280184,-10.6280184,1.53776884,-10.6280184,2.10965204,-10.6280184,2.73537064,2.80128002,-10.6280184,2.17911053,2.21545315,2.38861418,-10.6280184,2.06214476,2.04740429,2.429708,2.10346079,1.22581005,1.09910202,1.17263603,1.27072048,1.54353237,1.62419128,1.24042225,1.19333363,1.23048019,1.08229256,0.956580162,0.891468048,1.79650164,1.26434803,1.64445829,2.7399087,3.23909473,0.927947998,1.19954014,0.979522705,0.635843277,0.911042213,0.485877991,0.648730278,0.474905014,0.563668251,0.84552002,1.22842407,0.645375252,0.771009445,0.874089241,0.687375069,0.757013321,1.83018541,0.97792244,0.899195671,0.994590759,1.22787857,1.11131382,1.31848431,1.32466221,2.8535614,2.18271065,-0.0463619232,0.921039581,0.324501038,0.521834373,0.570559502,0.68680191,0.738582611,0.86448288,0.748671532,0.789148331,0.951958656,0.664139748,0.688211441,0.418468475,0.165932655,0.101875305,0.234629631,0.13084507,0.137680054,0.0162324905,-0.0990562439,-0.0829648972,-0.307058334,-0.389828682,-0.219691277,-0.203930855,-0.349484444,-0.374984741,-0.440402031,-0.440748215,-0.191082954,-0.383042336,-0.250153542
2026-08-22T12:31:23.640+00:00	1267.188	FLAGS protocol=asd-quality-v1.5.0 mode=ALARM state=ANOMALY waiting=0 learning=0 learned=1 anomaly=1 hold=0 fault=0 green=off red=on guided25_available=1 workflow_pending=DEFAULT research_telemetry=1 profile_persistence_allowed=0 dropped=0
2026-08-22T12:31:28.435+00:00	1271.985	QUALITY protocol=asd-quality-v1.5.0 phase=DET index=29 total=0 result=OK metrics_valid=1 samples=159744 expected=159744 rms_dbfs=-42.713 dc=-0.487 peak=1032 clipped=0 zeros=278 stuck=148 dropped_delta=0 feature_valid=1 tonalness_valid=1 tonalness_proxy=3.625311 tonal_gate=pending_normal_only
2026-08-22T12:31:28.444+00:00	1272.000	DET 29 score=30191.0762 lo=0 hi=4374.05859 led=0 anom=1 total_anom=9 ALARM (uzastopnih=3 nivo=-42.7 dBFS racun=716 ms)
2026-08-22T12:31:28.573+00:00	1272.125	FEATURE96 protocol=asd-research-v1.0.0 session=1 phase=DET window=29 window_start_ms=1261462 window_end_ms=1270731 score=30191.0762 level_dbfs=-42.7131462 quality=OK tonalness_proxy=3.6253109 dims=96 fnv1a=90c4c356 values=-10.6105309,-10.6105309,1.56330633,-10.6105309,-10.6105309,1.00870228,-10.6105309,1.29151726,-10.6105309,1.3219595,0.959636688,-10.6105309,1.06891155,1.48821974,1.44610167,-10.6105309,1.1953001,0.828586578,1.10942459,1.46123219,1.45959187,0.984116554,0.95654583,1.11186695,1.35847759,1.42981815,1.09510422,1.09248734,1.03927135,0.817667007,0.884963989,0.897726059,1.27670574,1.16740799,0.864855766,3.6253109,3.1362133,0.655154228,0.58864975,0.682530403,0.681152344,1.05388355,0.492300034,0.529860497,0.644018173,0.797780991,1.2408762,1.22340965,0.644547462,0.785470963,0.848754883,0.693615913,0.799479485,1.76511574,0.829674721,0.939533234,1.01143646,1.30812454,1.22995472,1.35882854,1.36889172,2.45891333,0.745445251,0.0201797485,0.521959305,0.269942284,0.516282082,0.527197838,0.775341034,0.882509232,0.905062675,0.961644173,2.65620565,0.833083153,0.902338028,0.838716507,0.138886452,0.352523804,0.569208145,1.36259651,0.323554993,0.209047318,0.181222916,1.35287285,0.678906441,-0.264180183,0.154852867,1.28100491,0.12460041,-0.0629796982,0.64346981,-0.116781235,1.34424305,0.512396812,1.09912395,1.07066822
2026-08-22T12:31:28.683+00:00	1272.235	SUBSEG96 protocol=asd-research-v1.0.0 session=1 phase=DET window=29 group=1 segments=8 dims=96 fnv1a=cbb3229a values=-10.5979681,-10.5979681,1.50721693,-10.5979681,-10.5979681,0.856168747,-10.5979681,1.55781841,-10.5979681,1.65301085,1.17444801,-10.5979681,1.18285179,1.54782438,1.58410835,-10.5979681,1.36719799,0.503936768,1.25727081,1.76737404,1.34971523,0.639634132,0.529321671,1.1531086,1.49352407,1.5263257,1.19025993,1.01317883,0.915260315,0.803839684,0.968502998,0.898256302,1.56450129,1.1668911,0.978589058,3.43577528,3.15080738,0.711294174,0.473692894,0.642317772,0.797696114,1.10660267,0.549282074,0.657736778,0.680582047,0.810646057,1.16652393,1.33996868,0.760886192,0.71674633,1.00208092,0.734276772,0.89353466,1.80094147,0.813000679,1.01277542,1.0589695,1.25583839,1.20967388,1.34060574,1.38661194,2.6488266,1.00758839,0.032204628,0.688527107,0.306026459,0.442032814,0.583148003,0.831240654,0.906064034,0.827818871,1.04761505,2.48998928,0.957073212,0.932697296,0.892952919,0.130932808,0.0922803879,0.503864288,1.45575333FLAGS protocol=asd-quality-v1.5.0 mode=ALARM state=ANOMALY waiting=0 learning=0 learned=1 anomaly=1 hold=0 fault=0 green=off red=on guided25_available=1 workflow_pending=DEFAULT research_telemetry=1 profile_persistence_allowed=0 dropped=0
2026-08-22T12:31:28.795+00:00	1272.344	,0.186193466,0.237494469,0.138105392,1.07528114,0.294950485,-0.25242424,0.123844147,1.3214016,0.134486198,-0.188972473,0.584711075,-0.264665604,0.941895485,0.493722916,0.502355576,1.01997089
2026-08-22T12:31:28.831+00:00	1272.391	SUBSEG96 protocol=asd-research-v1.0.0 session=1 phase=DET window=29 group=2 segments=8 dims=96 fnv1a=45a23ef0 values=-10.5955858,-10.5955858,1.72739267,-10.5955858,-10.5955858,1.12487602,-10.5955858,1.21671772,-10.5955858,1.15616322,0.939426422,-10.5955858,1.2268095,1.76777601,1.70677853,-10.5955858,1.41526222,0.966012955,1.1549387,1.50077868,1.44099569,1.06505203,0.882015228,0.801053047,1.34414673,1.13284492,1.17317295,1.30053902,1.17392635,1.0363245,1.04708385,1.11273861,1.30059624,1.18393993,0.573908806,3.76636934,2.78581858,0.57338047,0.692139626,0.609292984,0.46568203,1.13377857,0.275508881,0.512477875,0.610007286,0.879626274,1.29318523,1.047369,0.523914337,0.928769112,0.904524803,0.560582161,0.844058037,1.59920359,0.747012138,0.961605072,0.967741013,1.40673018,1.21120834,1.25273705,1.24010372,2.14664173,0.66843605,0.0256347656,0.681219101,0.303830147,0.630126953,0.5164814,0.735738754,0.94329071,1.11985779,1.08849525,3.09549189,0.873268127,1.0837326,0.858821869,0.0881719589,0.347592354,0.843450546,1.67047691,0.270077705,0.278748512,0.172101021,0.678886414,0.0525865555,-0.253676414,-0.0582818985,1.66716957,0.101734161,0.0701618195,0.767453194,-0.0627641678,1.14619923,0.506288528,1.15785217,0.28521347
2026-08-22T12:31:28.913+00:00	1272.469	SUBSEG96 protocol=asd-research-v1.0.0 session=1 phase=DET window=29 group=3 segments=8 dims=96 fnv1a=beda8090 values=-10.5715952,-10.5715952,1.51026726,-10.5715952,-10.5715952,0.789458275,-10.5715952,1.2438345,-10.5715952,1.34868622,0.964568138,-10.5715952,0.916960716,1.11008549,1.00128746,-10.5715952,0.952017784,1.00505257,1.0695715,1.30075836,1.49731922,0.877653122,1.2760067,1.36985111,1.39010715,1.50199747,1.04293346,1.08416367,0.884106636,0.751268387,0.728068352,0.906366348,1.01181793,0.99389267,0.977482796,3.83678627,2.88207245,0.565794945,0.585403442,0.639744759,0.730051994,1.07186413,0.511418343,0.465764999,0.67677784,0.793397903,1.44525576,1.06898403,0.412209511,0.811405182,0.805269241,0.746306419,0.75142765,1.77470303,0.938630104,0.729734421,1.01901722,1.31124878,1.20159054,1.40991974,1.39161682,2.43990898,0.721321106,0.041182518,0.36928463,0.307219505,0.468590736,0.554656029,0.730953217,0.876410484,0.925248146,0.898002625,2.48879862,0.853404045,0.839880943,0.866443634,0.208982468,0.724187851,0.630893707,1.03719711,0.47394371,0.29347229,0.385939598,1.62289429,0.345457077,-0.184109688,0.153678894,1.0824995,0.199614525,0.0380048752,0.926919937,-0.0653238297,1.90679407,0.666686058,1.57809687,1.0836401
2026-08-22T12:31:29.018+00:00	1272.578	SUBSEG96 protocol=asd-research-v1.0.0 session=1 phase=DET window=29 group=4 segments=7 dims=96 fnv1a=04bf63b4 values=-10.5662117,-10.5662117,1.5773015,-10.5662117,-10.5662117,1.12421227,-10.5662117,1.14207745,-10.5662117,1.23025703,0.976133347,-10.5662117,1.12583733,1.46292734,1.24587917,-10.5662117,0.940095901,0.907148361,1.19936848,1.46839619,1.54924297,1.13620758,1.0913763,1.06515217,1.16103649,1.37950134,1.15508461,1.12913227,1.27527428,0.638834953,0.885363579,0.638994217,1.29646111,1.47106266,1.05186176,3.56600666,3.35172176,0.587251663,0.468964577,0.712016106,0.766952515,1.06816196,0.619048119,0.519694328,0.784725189,0.804963112,1.2006197,1.36381817,0.807029724,0.834145546,0.782310486,0.768163681,0.855688095,1.85948229,0.823590279,1.09467125,1.107337,1.32421112,1.2273283,1.50407171,1.48312902,2.49870729,0.63280201,0.0506353378,0.401224136,0.302670479,0.622716904,0.592869759,0.8508358,0.916248322,0.803976059,0.953251839,2.40550184,0.798516273,0.858692169,0.859689713,0.213055611,0.169474602,0.430325508,1.18535137,0.252315521,0.166103363,0.117113113,1.5087657,0.407770157,-0.268686295,0.249617577,1.16065216,0.221592903,-0.193142891,0.527380943,-0.181417465,0.904110909,0.504710197,0.720002174,1.27692604
2026-08-22T12:31:29.125+00:00	1272.672	SUBSEG96 protocol=asd-research-v1.0.0 session=1 phase=DET window=29 group=5 segments=7 dims=96 fnv1a=6aab2822 values=-10.5667982,-10.5667982,1.60020351,-10.5667982,-10.5667982,1.197155,-10.5667982,1.27620792,-10.5667982,1.02181911,0.750889778,-10.5667982,0.912705421,1.41491413,1.46568441,-10.5667982,1.16761112,0.739749908,0.914952278,1.02635479,1.60330296,1.20293617,0.827214241,1.13989544,1.46218538,1.63394928,1.02043629,0.989512444,0.987568855,0.874790192,0.856620789,0.915430069,1.09514523,1.02734661,0.739619255,3.51100445,3.41608572,0.910425186,0.794537544,0.922272682,0.739668846,1.01438236,0.612113953,0.612493515,0.603959084,0.841220856,1.1606226,1.36766434,0.773282051,0.746040344,0.833266258,0.796062469,0.779270172,1.91569042,0.957652092,0.990736008,1.05603886,1.38088989,1.43056297,1.42874146,1.48287106,2.57510281,0.685896873,0.106789589,0.461647987,0.275632858,0.545750618,0.537033081,0.876003265,0.91752243,0.892531395,0.912977219,2.32064533,0.78604126,0.870207787,0.861400604,0.206665039,0.226099968,0.342864037,1.26054955,0.51325798,0.187116623,0.173788071,1.53335667,1.29555321,-0.21761322,0.389940262,0.573822975,0.110027313,0.0260848999,0.152262688,0.0834627151,0.550400734,0.509678841,0.697183609,1.35275555
2026-08-22T12:31:33.658+00:00	1277.219	FLAGS protocol=asd-quality-v1.5.0 mode=ALARM state=ANOMALY waiting=0 learning=0 learned=1 anomaly=1 hold=0 fault=0 green=off red=on guided25_available=1 workflow_pending=DEFAULT research_telemetry=1 profile_persistence_allowed=0 dropped=0
2026-08-22T12:31:38.409+00:00	1281.969	QUALITY protocol=asd-quality-v1.5.0 phase=DET index=30 total=0 result=OK metrics_valid=1 samples=159744 expected=159744 rms_dbfs=-43.407 dc=-0.458 peak=883 clipped=0 zeros=287 stuck=157 dropped_delta=0 feature_valid=1 tonalness_valid=1 tonalness_proxy=3.466086 tonal_gate=pending_normal_only
2026-08-22T12:31:38.418+00:00	1281.969	DET 30 score=19121.5176 lo=0 hi=4374.05859 led=0 anom=1 total_anom=10 ALARM (uzastopnih=3 nivo=-43.4 dBFS racun=716 ms)
2026-08-22T12:31:38.548+00:00	1282.110	FEATURE96 protocol=asd-research-v1.0.0 session=1 phase=DET window=30 window_start_ms=1271432 window_end_ms=1280706 score=19121.5176 level_dbfs=-43.4068222 quality=OK tonalness_proxy=3.46608639 dims=96 fnv1a=b578853a values=-10.6014223,-10.6014223,1.51810026,-10.6014223,-10.6014223,1.20633221,-10.6014223,1.33583927,-10.6014223,1.41865921,0.826387405,-10.6014223,0.864638329,1.34824371,1.35574245,-10.6014223,1.04117107,0.963463783,1.04428482,1.12548447,1.49300718,1.81202698,1.00160027,1.08877563,1.27309132,1.32245636,1.17482567,1.24067974,1.25797081,1.26216698,0.89737606,0.813150406,1.04529953,0.73593998,1.58354425,3.46608639,3.34584999,0.7175951,0.669299126,0.74745369,0.62390995,1.03280735,0.556050301,0.536408424,0.57905674,0.711771965,1.13223743,1.37771034,0.687211037,0.829194069,0.85262394,0.705951691,0.72803688,1.82763624,0.875007629,0.967557907,1.03405285,1.23429394,1.31844807,1.28204346,1.35782528,2.604105,0.728837967,0.0240917206,0.399882317,0.298940659,0.532815933,0.596105576,0.784179688,0.905982018,0.823267937,0.871487617,2.15177727,0.800388336,0.945615768,0.856197357,0.1510849,0.136506081,0.309132576,1.00835705,0.459090233,0.146482468,0.212591171,1.38878155,1.27826977,-0.153673172,0.300423622,0.353872299,0.151060104,0.237409592,0.653970718,0.226034164,0.873396873,0.558693886,0.64438343,1.30548
2026-08-22T12:31:38.654+00:00	1282.203	SUBSEG96 protocol=asd-research-v1.0.0 session=1 phase=DET window=30 group=1 segments=8 dims=96 fnv1a=496db76e values=-10.5615664,-10.5615664,1.44721413,-10.5615664,-10.5615664,1.22389317,-10.5615664,1.24350643,-10.5615664,1.34902287,0.909682274,-10.5615664,0.931085587,1.4281044,1.30593777,-10.5615664,1.15402412,1.23650837,1.12840557,0.867111206,1.78974628,1.44975901,0.875247002,1.06947517,1.18107891,1.25677681,1.25233936,1.11101341,1.3900795,0.979215622,0.816720009,0.658593178,1.04472256,0.709272385,1.09496117,3.51796055,3.44232464,0.707386017,0.700263977,0.842570305,0.609869957,1.05538273,0.626296043,0.541837692,0.432335854,0.877132416,1.17511654,1.43259335,0.806155205,0.944432259,0.844531059,0.708703041,0.796442032,1.90074158,0.937068939,1.17786026,1.08640575,1.3544693,1.39210033,1.33231544,1.43074322,2.62159443,0.868432045,0.0180749893,0.483180046,0.350354195,0.628656387,0.708669662,0.82017231,0.877771378,0.831615448,0.876516342,2.19211435,0.903017998,0.925765038,0.882475853,0.147672653,0.170480728,0.364851952,1.11949348,0.466243744,0.223261833,0.261933327,1.15286636,1.47753525,-0.104153633,0.311670303,0.284921646,0.0655651093,0.0291748047,-0.0851583481,0.119503021,0.31445694,0.502928734,0.753608704,1.35062218
2026-08-22T12:31:38.689+00:00	1282.250	SUBSEG96 protocol=asd-research-v1.0.0 session=1 phase=DET window=30 group=2 segments=8 dims=96 fnv1a=35c415c3 values=-10.5798264,-10.5798264,1.72193623,-10.5798264,-10.5798264,1.1604929,-10.5798264,1.19333744,-10.5798264,1.15538979,0.51410675,-10.5798264,0.609835625FLAGS protocol=asd-quality-v1.5.0 mode=ALARM state=ANOMALY waiting=0 learning=0 learned=1 anomaly=1 hold=0 fault=0 green=off red=on guided25_available=1 workflow_pending=DEFAULT research_telemetry=1 profile_persistence_allowed=0 dropped=0
2026-08-22T12:31:38.780+00:00	1282.328	,1.41584778,1.48930025,-10.5798264,1.08821678,1.04971886,1.26349068,1.28139019,1.54200172,1.59995222,0.935658455,0.916954994,1.17370605,1.5013442,1.36854362,1.39820194,1.49062252,1.25759125,0.909939766,0.84623909,1.04580688,0.764154434,1.39587212,3.49123144,3.39343119,0.696580887,0.735108376,0.765699387,0.750277519,0.939814568,0.543514252,0.724224091,0.60406971,0.765679359,1.06965637,1.41150379,0.633384705,0.748854637,0.919787407,0.636506081,0.760608673,1.84878397,0.94422245,0.899365425,1.09512806,1.2473526,1.25287819,1.28375626,1.45498085,2.60995626,0.821028709,0.0478496552,0.360526085,0.295571327,0.645292282,0.630251884,0.758893013,0.954003334,0.886731148,0.901176453,2.19295597,0.813498497,0.958054543,0.888313293,0.188140869,0.110374451,0.32011795,1.03925991,0.461304665,0.140229225,0.245910645,1.34969139,1.39985943,-0.119094849,0.336966515,0.397996902,0.052233696,0.0625534058,0.0601768494,0.0743370056,0.617236137,0.408577919,0.71844101,1.30395126
2026-08-22T12:31:38.888+00:00	1282.438	SUBSEG96 protocol=asd-research-v1.0.0 session=1 phase=DET window=30 group=3 segments=8 dims=96 fnv1a=c6f07271 values=-10.5685692,-10.5685692,1.3602829,-10.5685692,-10.5685692,1.12501907,-10.5685692,1.64755154,-10.5685692,1.88578033,1.18391132,-10.5685692,0.650593758,1.04820919,1.17653275,-10.5685692,0.797165871,0.73850441,1.01786518,1.42957687,1.48945332,1.68699169,1.03458023,1.35296726,1.44829893,1.06206989,1.18952847,1.53919601,1.20941257,1.13930225,0.80581665,0.810520172,1.07774353,0.773885727,1.70660639,3.51395035,3.34604359,0.912031174,0.7233181,0.722975731,0.647229195,1.14948273,0.689231873,0.423451424,0.667190552,0.650348663,1.10973072,1.26890469,0.637509346,0.80072403,0.854197502,0.741916656,0.682023048,1.84245396,0.951050758,0.908963203,0.985815048,1.27383423,1.35527992,1.24089432,1.23361969,2.61801052,0.647898674,0.0407953262,0.473566055,0.319895744,0.45837307,0.544236183,0.845651627,0.906320572,0.834641457,0.874582291,2.2111001,0.769539833,0.927531242,0.870859146,0.174452782,0.175702095,0.32569313,0.911176682,0.437543869,0.153695107,0.238987923,1.60496187,0.958057404,-0.142520905,0.346560478,0.379620552,0.0822467804,0.104058266,0.245614052,0.00432872772,0.936256409,0.445567131,0.741832733,1.36216354
2026-08-22T12:31:38.994+00:00	1282.547	SUBSEG96 protocol=asd-research-v1.0.0 session=1 phase=DET window=30 group=4 segments=7 dims=96 fnv1a=b935979b values=-10.6209068,-10.6209068,1.59989834,-10.6209068,-10.6209068,1.44924164,-10.6209068,1.1737318,-10.6209068,0.956572533,0.728433609,-10.6209068,1.14943123,1.5591855,1.51372528,-10.6209068,1.25475788,1.01373959,1.01438522,0.941094398,1.30680466,2.02856445,1.09441757,0.939358711,1.2267046,1.32294273,0.93889904,0.968268394,0.995574951,1.53511333,0.928750038,0.928967476,1.07786179,0.715434074,1.84752131,3.44474077,3.29995775,0.668762207,0.596311569,0.825968742,0.686953545,1.10079384,0.480875969,0.515128136,0.643014908,0.705610275,1.2279129,1.40694571,0.650561333,0.890346527,0.780581474,0.79957962,0.718034744,1.7798543,0.82046032,0.91334343,1.06240749,1.19034863,1.25279713,1.33602715,1.40399837,2.58523226,0.732865334,0.00580501556,0.311047554,0.360415459,0.419813156,0.603547096,0.785234451,0.930021286,0.777544022,0.884379387,2.09027481,0.757256508,0.984139442,0.880167961,0.12616539,0.150855064,0.316576004,0.93129158,0.484853745,0.137071609,0.146344185,1.42330265,1.16213512,-0.149834633,0.337274551,-0.0433282852,0.234275818,0.366366386,0.882308006,0.327818871,1.03840256,0.70952034,0.53344059,1.33410549
2026-08-22T12:31:39.099+00:00	1282.657	SUBSEG96 protocol=asd-research-v1.0.0 session=1 phase=DET window=30 group=5 segments=7 dims=96 fnv1a=8bb8715a values=-10.5796862,-10.5796862,1.4455328,-10.5796862,-10.5796862,1.04495907,-10.5796862,1.31678104,-10.5796862,1.12160969,0.436284065,-10.5796862,0.862484932,1.19859791,1.28802013,-10.5796862,0.803483963,0.518755913,0.655256271,0.826793671,1.1320982,2.08710957,1.12939453,1.11520863,1.37180042,1.44517422,1.08860779,0.892524719,1.0846138,1.30500031,1.08373165,0.87860775,1.07967377,0.812146187,1.62927341,3.4528532,3.32766342,0.63225174,0.673086166,0.639536858,0.449854851,0.98046875,0.495238304,0.504722595,0.610721588,0.591229439,1.16534042,1.4512105,0.784684181,0.837223053,0.948604584,0.729415894,0.775409698,1.85789442,0.780786514,0.970667839,1.02710056,1.17358971,1.42141199,1.31158257,1.32208252,2.68481207,0.602462769,0.105698586,0.448701859,0.254665375,0.563426971,0.570536613,0.806262016,0.957554817,0.877659798,0.92051506,2.15867758,0.844675064,1.02964497,0.855108261,0.21582222,0.173802376,0.314575195,1.1061058,0.544355392,0.173235893,0.2606287,1.3898859,1.31399918,-0.158743858,0.256071091,0.62892437,0.358913422,0.530785561,1.11947155,0.523732185,1.14650822,0.740348816,0.486940384,1.26355743
2026-08-22T12:31:43.669+00:00	1287.219	FLAGS protocol=asd-quality-v1.5.0 mode=ALARM state=ANOMALY waiting=0 learning=0 learned=1 anomaly=1 hold=0 fault=0 green=off red=on guided25_available=1 workflow_pending=DEFAULT research_telemetry=1 profile_persistence_allowed=0 dropped=0
2026-08-22T12:31:48.384+00:00	1291.938	QUALITY protocol=asd-quality-v1.5.0 phase=DET index=31 total=0 result=OK metrics_valid=1 samples=159744 expected=159744 rms_dbfs=-43.457 dc=-0.490 peak=904 clipped=0 zeros=296 stuck=159 dropped_delta=0 feature_valid=1 tonalness_valid=1 tonalness_proxy=3.415353 tonal_gate=pending_normal_only
2026-08-22T12:31:48.393+00:00	1291.953	DET 31 score=25804.8613 lo=0 hi=4374.05859 led=0 anom=1 total_anom=11 ALARM (uzastopnih=3 nivo=-43.5 dBFS racun=716 ms)
2026-08-22T12:31:48.523+00:00	1292.078	FEATURE96 protocol=asd-research-v1.0.0 session=1 phase=DET window=31 window_start_ms=1281402 window_end_ms=1290680 score=25804.8613 level_dbfs=-43.4569359 quality=OK tonalness_proxy=3.4153533 dims=96 fnv1a=1931bf12 values=-10.6177254,-10.6177254,1.61312389,-10.6177254,-10.6177254,1.42864513,-10.6177254,1.48881769,-10.6177254,1.37251663,0.842315674,-10.6177254,0.865996361,1.46843672,1.46332645,-10.6177254,1.01573372,0.884011269,1.01881027,1.00027084,0.865678787,1.57748604,1.25439167,1.04602909,1.30844784,1.52358675,1.09433365,0.985543251,0.85524559,1.2688961,1.1965723,0.950251579,1.12498951,0.957037926,1.02056789,3.4153533,3.22346354,0.737704277,0.55383873,0.745793343,0.704945564,0.943170547,0.520153999,0.539034843,0.586439133,0.614559174,1.14156437,1.34453106,0.731060982,0.746089935,0.797436714,0.570915222,0.779298782,1.74084234,0.865096092,0.972002029,1.01120663,1.19752598,1.18720055,1.29496574,1.2836647,2.64856339,0.721521378,0.00845623016,0.437995911,0.279820442,0.484649658,0.571594238,0.757048607,0.883342743,0.775464058,0.928296089,2.10479736,0.735829353,0.983407974,0.786753654,0.0970172882,0.0694217682,0.300648689,1.1320343,0.385264397,0.140195847,0.160132408,1.58225727,1.08540344,-0.266506195,0.126738548,0.922888756,0.451726913,0.57000351,1.41700459,0.394206047,1.2168045,0.58318615,0.525541306,1.2013855
2026-08-22T12:31:48.629+00:00	1292.188	SUBSEG96 protocol=asd-research-v1.0.0 session=1 phase=DET window=31 group=1 segments=8 dims=96 fnv1a=f986740f values=-10.6169405,-10.6169405,1.81188011,-10.6169405,-10.6169405,1.24211597,-10.6169405,1.45907402,-10.6169405,1.43791628,0.826272964,-10.6169405,0.980624199,1.62986517,1.44231462,-10.6169405,0.983901024,0.849339485,0.983224869,0.67863369,0.735144615,1.87696218,0.9311409,0.969907761,1.26196289,1.51355362,1.10751915,0.792407036,0.836374283,1.41993952,0.925263405,0.757685661,1.27549171,0.955456734,1.236763,3.37226868,3.26089001,0.861764908,0.36456871,0.72582531,0.704338074,1.12095547,0.4804039,0.666899681,0.512248993,0.551959038,1.1544466,1.41835356,0.822629929,0.839941025,0.800001144,0.680544853,0.72913456,1.81856108,0.879562378,1.1092205,1.04705048,1.24180603,1.12191105,1.31056786,1.37094784,2.67786837,0.714006424,-0.0417490005,0.32711792,0.261199951,0.46879673,0.556171417,0.765750885,0.792583466,0.769147873,0.922575951,2.0672121,0.712252617,0.948912621,0.811902046,0.0926170349,0.0704059601,0.311854362,1.27567482,0.489369392,0.124411583,0.187198639,1.23596954,1.33502293,-0.251029015,0.053232193,0.975676537,0.508075714,0.659594536,1.27013969,0.576012611,1.09487915,0.600733757,0.447772026,1.23697472
2026-08-22T12:31:48.701+00:00	1292.250	SUBSEG96 protocol=asd-research-v1.0.0 session=1 phase=DET window=31 group=2 segments=8 dims=96 fnv1a=36483f0f values=-10.6040096,-10.6040096,1.60846996,-10.6040096,-10.6040096,1.39550686,-10.6040096,1.39733076,-10.6040096,1.12690353,0.766452789,-10.6040096,0.580741882,1.36523628,1.43653917,-10.6040096,1.08175182,0.857618332,0.881818771,1.11813259,1.11504173,1.70761347,1.42544317,1.11713409,1.40615702,1.59310341,1.04747581,1.10187149,0.793913841,1.34251881,1.19039917,0.965151787,1.18583584,0.905444145,1.18672276,3.41528654,3.23121834,0.631951332,0.627906799,0.799542427,0.77853775,0.82575798,0.652561188,0.537653923,0.490778923,0.444984436FLAGS protocol=asd-quality-v1.5.0 mode=ALARM state=ANOMALY waiting=0 learning=0 learned=1 anomaly=1 hold=0 fault=0 green=off red=on guided25_available=1 workflow_pending=DEFAULT research_telemetry=1 profile_persistence_allowed=0 dropped=0
2026-08-22T12:31:48.747+00:00	1292.297	,1.06516552,1.4057765,0.739052773,0.749126434,0.792732239,0.58812809,0.778968811,1.78518391,0.800375938,0.926553726,0.979363441,1.28454685,1.167593,1.29261494,1.33088017,2.65797234,0.649030685,-0.0224714279,0.351071358,0.280855179,0.473617554,0.58745575,0.745922089,0.935635567,0.764346123,0.927327156,2.10784531,0.734109879,1.00941563,0.841667175,0.135034561,0.096824646,0.278653145,1.26011181,0.468694687,0.178656578,0.192519188,1.56465149,0.716629028,-0.29101944,0.0477485657,1.05541325,0.482679367,0.558584213,1.33115196,0.305516243,1.12619209,0.569951057,0.546609879,1.3411274
2026-08-22T12:31:48.861+00:00	1292.422	SUBSEG96 protocol=asd-research-v1.0.0 session=1 phase=DET window=31 group=3 segments=8 dims=96 fnv1a=b6e11781 values=-10.617795,-10.617795,1.50199652,-10.617795,-10.617795,1.35601616,-10.617795,1.43675137,-10.617795,1.4278264,0.916735649,-10.617795,1.09548187,1.53384972,1.50515032,-10.617795,0.644144058,0.942718506,1.22432613,1.18465519,0.673991203,1.2703495,1.30548763,1.31867409,1.39067793,1.47053719,1.06544209,0.878412247,0.921539307,1.15456963,1.33731365,1.12817764,1.07185173,0.920678139,0.656891823,3.37262964,3.25667906,0.625136375,0.535660744,0.74875927,0.683704376,0.882727623,0.537819862,0.546586037,0.669242859,0.637060165,1.13329887,1.30439281,0.727136612,0.660509109,0.86264801,0.453804016,0.753084183,1.74874163,0.911043167,0.916534424,1.04611492,1.09520531,1.18571472,1.20971966,1.17502689,2.69002438,0.812086105,-0.00821876526,0.444764137,0.31450367,0.502304077,0.644041061,0.706625938,0.917720795,0.778323174,0.972582817,2.13596964,0.757256508,1.05005836,0.764127731,0.096818924,0.0998888016,0.342692375,1.11079121,0.379487038,0.176130295,0.138155937,1.47370768,1.38738441,-0.309462547,0.148098946,0.858825684,0.472537994,0.606081009,1.40948153,0.581724167,1.26779938,0.657229424,0.477851868,1.0717907
2026-08-22T12:31:48.969+00:00	1292.532	SUBSEG96 protocol=asd-research-v1.0.0 session=1 phase=DET window=31 group=4 segments=7 dims=96 fnv1a=f4112391 values=-10.6083984,-10.6083984,1.49268961,-10.6083984,-10.6083984,1.45371771,-10.6083984,1.49562788,-10.6083984,1.5243187,0.838618279,-10.6083984,0.729400635,1.48927641,1.6814847,-10.6083984,1.2551384,0.865795135,1.07735157,1.05272102,0.925298691,1.29543877,1.23604012,0.828856468,1.22972107,1.50219965,1.17645454,1.12563896,0.821958542,1.26995373,1.16064072,0.992329597,1.10590076,1.084939,0.878829956,3.4437232,3.19917345,0.834270477,0.556493759,0.624724388,0.781930923,0.861379623,0.332159042,0.476869583,0.435761452,0.757175446,1.203228,1.35395241,0.765803337,0.742750168,0.801130295,0.503639221,0.934494019,1.67428303,0.924603462,0.904091835,0.987446785,1.23031807,1.30519199,1.3322258,1.3352108,2.62408257,0.753225327,0.147322655,0.494953156,0.363908768,0.445593834,0.588846207,0.865757942,0.953073502,0.738334656,0.892568588,2.1067667,0.755116463,0.979861259,0.802847862,0.0756320953,0.0423822403,0.250411987,0.995423317,0.283756256,0.13659668,0.112939835,1.73798513,0.677639961,-0.194856644,0.22884655,0.806872368,0.406679153,0.557937622,1.46297884,0.194982529,1.28200054,0.595659256,0.60622406,1.20259857
2026-08-22T12:31:49.073+00:00	1292.625	SUBSEG96 protocol=asd-research-v1.0.0 session=1 phase=DET window=31 group=5 segments=7 dims=96 fnv1a=7c8d2786 values=-10.575242,-10.575242,1.61152744,-10.575242,-10.575242,1.69023895,-10.575242,1.69511127,-10.575242,1.31086159,0.915055275,-10.575242,0.763134003,1.24760342,1.13371181,-10.575242,1.00999928,0.962422371,0.850184441,0.806200027,0.788833618,1.38799191,1.30580807,0.723823547,1.26425362,1.59584188,1.13966751,1.0303421,0.953382492,1.11875439,1.33405209,0.867928505,0.94079113,0.97424221,0.924860954,3.53975534,3.21942568,0.752416611,0.709126472,0.865398407,0.605071068,1.01112652,0.588005066,0.474788666,0.80603981,0.70953846,1.21552181,1.26727009,0.618081093,0.783169746,0.77958107,0.653578758,0.741113663,1.70457602,0.862801552,1.02458096,1.05161476,1.17131329,1.21426964,1.39394855,1.2331171,2.64234304,0.722714424,0.0210924149,0.61448288,0.22526741,0.593112946,0.522619247,0.758808136,0.864086151,0.888269424,0.98388195,2.17091465,0.787362099,0.978096962,0.764980316,0.146567345,0.0941553116,0.374237061,0.915166855,0.293564796,0.139955521,0.226588249,1.81790876,0.533007622,-0.219644547,0.211949348,0.920728683,0.428274155,0.489759445,1.6341114,0.0526332855,1.35462189,0.53085041,0.613230705,1.16456127
2026-08-22T12:31:53.681+00:00	1297.235	FLAGS protocol=asd-quality-v1.5.0 mode=ALARM state=ANOMALY waiting=0 learning=0 learned=1 anomaly=1 hold=0 fault=0 green=off red=on guided25_available=1 workflow_pending=DEFAULT research_telemetry=1 profile_persistence_allowed=0 dropped=0
2026-08-22T12:31:58.358+00:00	1301.907	QUALITY protocol=asd-quality-v1.5.0 phase=DET index=32 total=0 result=OK metrics_valid=1 samples=159744 expected=159744 rms_dbfs=-43.355 dc=-0.516 peak=924 clipped=0 zeros=305 stuck=161 dropped_delta=0 feature_valid=1 tonalness_valid=1 tonalness_proxy=3.538729 tonal_gate=pending_normal_only
2026-08-22T12:31:58.367+00:00	1301.922	DET 32 score=30662.002 lo=0 hi=4374.05859 led=0 anom=1 total_anom=12 ALARM (uzastopnih=3 nivo=-43.4 dBFS racun=716 ms)
2026-08-22T12:31:58.495+00:00	1302.047	FEATURE96 protocol=asd-research-v1.0.0 session=1 phase=DET window=32 window_start_ms=1291382 window_end_ms=1300654 score=30662.002 level_dbfs=-43.3551979 quality=OK tonalness_proxy=3.53872919 dims=96 fnv1a=5de4ec05 values=-10.6186943,-10.6186943,1.70969629,-10.6186943,-10.6186943,1.64664412,-10.6186943,1.76481724,-10.6186943,1.67067957,1.04066563,-10.6186943,1.02967644,1.45152283,1.45104837,-10.6186943,1.1838522,1.10715103,1.01902008,0.877443314,0.86314106,1.24016666,1.30882931,1.24328136,1.26468849,1.16621304,1.05995083,0.987261772,0.863355637,1.13264847,1.40052509,0.874779701,1.10928059,0.89932251,0.789920807,3.53872919,3.03750849,0.663817406,0.590856552,0.915037155,0.735808372,1.00685978,0.510323524,0.522078514,0.545197487,0.687900543,1.37757969,1.25020218,0.612940788,0.832168579,0.781611443,0.665025711,0.697451591,1.60424519,0.819002151,0.877813339,0.967900276,1.15193558,1.27101994,1.28071022,1.2980423,2.6756587,0.646968842,-0.0125894547,0.657137871,0.262851715,0.497737885,0.525832176,0.739678383,0.829845428,0.777565002,0.953304291,2.22014666,0.813494682,0.985157967,0.790188789,0.115268707,0.0929889679,0.372847557,0.664707184,0.119843483,0.0785417557,0.105348587,1.85276127,0.539631844,-0.271945,0.156783104,1.28360176,0.464987755,0.446108818,1.29154587,0.00685214996,1.40309,0.518555641,0.844946861,1.10271168
2026-08-22T12:31:58.601+00:00	1302.157	SUBSEG96 protocol=asd-research-v1.0.0 session=1 phase=DET window=32 group=1 segments=8 dims=96 fnv1a=5e08d3ae values=-10.6370535,-10.6370535,1.38944578,-10.6370535,-10.6370535,1.59733582,-10.6370535,2.01615334,-10.6370535,1.99056911,1.11334896,-10.6370535,1.17397976,1.717134,1.69508982,-10.6370535,1.36953783,1.19857979,1.02345753,1.07208824,1.03607559,1.25474834,1.16189003,0.962386131,1.24326992,1.2342701,1.12007713,0.97912693,0.806723595,0.965722084,1.31689739,0.838273048,1.11291885,0.982516289,0.712456703,3.42075205,3.12112236,0.665108681,0.638149261,0.886024475,0.667574883,1.0353384,0.369211197,0.529614449,0.543307304,0.64952755,1.28764343,1.31789875,0.585392952,0.883393288,0.624594688,0.697672844,0.614275932,1.67350197,0.860985756,0.917313576,0.932056427,1.16714287,1.17769909,1.24733353,1.33133984,2.65031338,0.696866035,-0.0606040955,0.458837509,0.265559196,0.532249451,0.541245461,0.824249268,0.836381912,0.799254417,0.956926346,2.09647274,0.759303093,0.950072289,0.752727509,0.0914983749,0.0594158173,0.326435089,0.77141571,0.153671265,0.108607292,0.237790108,1.7408514,0.589913368,-0.228309631,0.179472923,0.936636925,0.275740623,0.401730537,1.39868879,0.229265213,1.29600716,0.642412186,0.676142693,1.22114086
2026-08-22T12:31:58.712+00:00	1302.266	SUBSEG96 protocol=asd-research-v1.0.0 session=1 phase=DET window=32 group=2 segments=8 dims=96 fnv1a=e8b1bc4e values=-10.59758,-10.59758,1.74112225,-10.59758,-10.59758,1.64085484,-10.59758,1.64228678,-10.59758,1.45576525,0.903375626,-10.59758,0.637084007,1.10012245,1.25691319,-10.59758,1.08718014,1.17709732,1.09727573,0.811823845,1.00734901,1.2579298,1.39592838,1.43383646,1.24219227,1.0658102,1.05431938,0.99552536,0.894842148,1.15906429,1.3504982,0.683300972,1.12936211,0.822467804,0.753671646,3.5454421,3.07543039,0.576163292,0.763443947,1.08393002,0.700610161,1.01255798,0.579881668,0.657388687,0.680579185,0.602483749,1.41630125,1.3559885,0.749660492,0.714663506,0.851620674,0.626840591,0.614052773,1.60497332,0.88697052,0.901269913,0.976068497,1.15421009,1.26263142,1.31938267,1.32508659,2.71687365,0.742645264,-0.117295265,0.55315876,0.22294426,0.470915794,0.547941208,0.726459503,0.861250877,0.807753563,1.04843998,2.25974035,0.842935562,1.04819584,0.829224586,0.184116364,0.114380836,0.379516602,0.793427467,0.129123688FLAGS protocol=asd-quality-v1.5.0 mode=ALARM state=ANOMALY waiting=0 learning=0 learned=1 anomaly=1 hold=0 fault=0 green=off red=on guided25_available=1 workflow_pending=DEFAULT research_telemetry=1 profile_persistence_allowed=0 dropped=0
2026-08-22T12:31:58.715+00:00	1302.266	,0.0863523483,0.113454819,1.79955482,0.46190834,-0.333125114,0.191321373,1.34462452,0.546536446,0.472595215,1.22551537,0.0013589859,1.33616829,0.513236046,0.692743301,1.33192444
2026-08-22T12:31:58.834+00:00	1302.391	SUBSEG96 protocol=asd-research-v1.0.0 session=1 phase=DET window=32 group=3 segments=8 dims=96 fnv1a=fd3f4b92 values=-10.5972118,-10.5972118,1.68493271,-10.5972118,-10.5972118,1.57796478,-10.5972118,1.46668482,-10.5972118,1.38167572,0.91467762,-10.5972118,0.807181358,1.46588373,1.45253611,-10.5972118,1.15565681,1.0610981,0.951807022,0.780004501,0.714233398,1.31740189,1.20807838,0.996919632,1.19856644,1.11251545,0.916959763,1.08977699,0.809783936,1.18135738,1.57179308,1.13456535,1.09037781,0.853059769,0.796508789,3.5809226,3.03875351,0.748290062,0.613300323,0.977994919,0.647275925,1.07467461,0.51611805,0.441372871,0.495349884,0.689377785,1.39591217,1.20423985,0.580778122,0.895410538,0.865776062,0.747986794,0.797143936,1.63305855,0.853916168,0.860739708,1.05568886,1.17740631,1.29814339,1.27706432,1.31543732,2.69817352,0.697621346,0.041387558,0.752016068,0.317893982,0.50193882,0.597900391,0.770342827,0.798781395,0.724901199,0.943962097,2.26597929,0.817409515,1.01977921,0.835932732,0.0699672699,0.0913095474,0.378221512,0.679901123,0.132588387,0.0896062851,0.117415428,1.89255619,0.5178442,-0.238014221,0.229351997,1.35591221,0.540798187,0.537070274,1.21110439,-0.0661840439,1.44623327,0.602984428,0.866977692,1.06403828
2026-08-22T12:31:58.940+00:00	1302.500	SUBSEG96 protocol=asd-research-v1.0.0 session=1 phase=DET window=32 group=4 segments=7 dims=96 fnv1a=a1e400a7 values=-10.5819607,-10.5819607,1.72391415,-10.5819607,-10.5819607,1.81578541,-10.5819607,1.62422943,-10.5819607,1.51967049,0.935432434,-10.5819607,1.02937794,1.30282021,1.27746868,-10.5819607,1.05771542,0.90497303,1.06040001,0.869309425,0.657129288,1.17561245,1.4329896,1.31794071,1.42684317,1.33806992,1.14630222,0.926978111,0.671677589,1.24002266,1.44111919,0.767146111,1.03919029,0.897190094,0.917650223,3.60850286,3.03418398,0.692647934,0.403457642,0.746574402,1.03685188,0.950329781,0.435523033,0.56876564,0.397456169,0.721123695,1.41232204,1.20560169,0.590471268,0.881299973,0.788981438,0.496712685,0.899946213,1.55598164,0.636813164,0.984996796,1.001297,1.1697073,1.36361027,1.36589336,1.22182655,2.66659069,0.507221222,0.113889694,0.760643005,0.352031708,0.534816742,0.448795319,0.660860062,0.902596474,0.837164879,0.974205971,2.20880985,0.905344009,1.06046009,0.788962364,0.168031693,0.140195847,0.453722954,0.525549889,0.127267838,0.101818085,0.0256233215,1.89574909,0.625794411,-0.210236549,0.111991882,1.38506126,0.564134598,0.436270714,1.31267166,-0.117443085,1.45131731,0.374377251,0.999687195,0.873764992
2026-08-22T12:31:59.047+00:00	1302.594	SUBSEG96 protocol=asd-research-v1.0.0 session=1 phase=DET window=32 group=5 segments=7 dims=96 fnv1a=1f44b968 values=-10.6214952,-10.6214952,1.94016171,-10.6214952,-10.6214952,1.64603233,-10.6214952,1.86537027,-10.6214952,1.69584322,1.26591206,-10.6214952,1.27133274,1.43524981,1.41840458,-10.6214952,1.19064713,1.15472794,1.00658131,0.806761742,0.759108543,1.22422791,1.37149811,1.38905001,1.25803757,1.08976555,1.09103489,0.972065926,1.08044434,1.15780544,1.32844353,0.84348774,1.20784187,0.968550682,0.825449944,3.59156084,2.93375015,0.678027153,0.455610275,0.829470634,0.566072464,0.992753029,0.657835007,0.423721313,0.59587574,0.81850338,1.43137741,1.17100716,0.581232071,0.815867424,0.805793762,0.743563652,0.547520638,1.58155537,0.841301918,0.751188278,0.918280602,1.14426708,1.311203,1.25007629,1.32852554,2.69876432,0.571518898,0.00354003906,0.767303467,0.200982094,0.50151825,0.520526886,0.732690811,0.804285049,0.770739555,0.876021385,2.30911398,0.801202774,0.885113716,0.795591354,0.115354538,0.121013641,0.388540268,0.472617149,0.105075836,0.0567750931,0.015832901,1.97625494,0.547455788,-0.306495667,0.0981311798,1.35779476,0.413665771,0.423604965,1.32982635,-0.118282318,1.52596903,0.411800385,0.987346649,0.780953407
2026-08-22T12:32:03.689+00:00	1307.250	FLAGS protocol=asd-quality-v1.5.0 mode=ALARM state=ANOMALY waiting=0 learning=0 learned=1 anomaly=1 hold=0 fault=0 green=off red=on guided25_available=1 workflow_pending=DEFAULT research_telemetry=1 profile_persistence_allowed=0 dropped=0
2026-08-22T12:32:08.396+00:00	1311.953	QUALITY protocol=asd-quality-v1.5.0 phase=DET index=33 total=0 result=OK metrics_valid=1 samples=159744 expected=159744 rms_dbfs=-44.152 dc=-0.494 peak=906 clipped=0 zeros=299 stuck=189 dropped_delta=0 feature_valid=1 tonalness_valid=1 tonalness_proxy=3.351531 tonal_gate=pending_normal_only
2026-08-22T12:32:08.404+00:00	1311.953	DET 33 score=24698.0156 lo=0 hi=4374.05859 led=0 anom=1 total_anom=13 ALARM (uzastopnih=3 nivo=-44.2 dBFS racun=716 ms)
2026-08-22T12:32:08.537+00:00	1312.094	FEATURE96 protocol=asd-research-v1.0.0 session=1 phase=DET window=33 window_start_ms=1301352 window_end_ms=1310692 score=24698.0156 level_dbfs=-44.1520729 quality=OK tonalness_proxy=3.35153055 dims=96 fnv1a=62cd4ee9 values=-10.6455145,-10.6455145,2.25739431,-10.6455145,-10.6455145,1.552948,-10.6455145,1.74620676,-10.6455145,1.87741184,1.86724329,-10.6455145,1.56821442,1.56604052,1.61825323,-10.6455145,1.45239401,1.57223129,1.89812136,1.53473186,1.03291512,1.25007248,1.17102242,0.980732918,1.22829628,1.52343702,1.27422619,0.952856064,0.993710518,1.10651588,1.31170368,0.849522591,1.20927143,1.05791187,0.836266518,3.35153055,2.93334866,0.864743233,0.739653587,0.796207428,0.698900223,1.00112915,0.541376114,0.458042145,0.544978142,0.552142143,1.16944695,1.08201885,0.653359413,0.742350578,0.799807549,0.571485519,0.626909256,1.48207283,0.673099518,0.844015121,0.887210846,1.1389246,1.19550037,1.2726717,1.31220818,2.58346987,1.59329987,0.0185317993,0.584542274,0.283509254,0.39604187,0.481134415,0.621758461,0.729968071,0.688666344,0.883232117,2.0297308,0.932940483,0.773176193,0.646940231,0.186484337,0.0757083893,0.174305916,0.402339935,0.00940513611,0.00369930267,0.031583786,1.69774485,0.291033745,-0.330783844,-0.0356149673,1.08075428,0.286719322,0.241634369,1.02952099,-0.193514824,1.19228935,0.202373505,0.705897331,0.642771721
2026-08-22T12:32:08.642+00:00	1312.203	SUBSEG96 protocol=asd-research-v1.0.0 session=1 phase=DET window=33 group=1 segments=8 dims=96 fnv1a=6178ef7c values=-10.5815783,-10.5815783,1.22968197,-10.5815783,-10.5815783,1.45023108,-10.5815783,1.69853783,-10.5815783,1.56217051,0.97752285,-10.5815783,1.14538574,1.37203598,1.23514462,-10.5815783,0.993914604,0.835223198,0.758337021,0.631121635,0.701686859,1.42389107,1.40582561,1.211092,1.27443504,1.68561935,1.42167711,0.998205185,1.0440321,1.18016052,1.4620471,0.690790176,1.09966087,1.00301456,0.649289131,3.64297485,2.98690033,0.753915787,0.566437721,0.844575882,0.753446579,1.06829548,0.71288681,0.430717468,0.590698242,0.708852768,1.31468868,1.13603592,0.702586174,0.800374031,0.827911377,0.634690285,0.80472374,1.59128284,0.835765839,1.03528214,0.949847221,1.18308544,1.30172443,1.30996895,1.22695446,2.74058771,0.629623413,0.0459794998,0.704711914,0.21476078,0.402037621,0.551609993,0.699253082,0.872893333,0.790277481,0.972029686,2.32421255,0.798492432,0.958972931,0.856348038,0.122213364,0.114141464,0.360197067,0.53729248,0.0398769379,0.0979909897,0.0908479691,1.98883772,0.60485363,-0.250606537,0.183945656,1.36536789,0.566390038,0.485648155,1.31048012,-0.0522193909,1.55123711,0.373340607,1.08258915,0.663143158
2026-08-22T12:32:08.728+00:00	1312.282	SUBSEG96 protocol=asd-research-v1.0.0 session=1 phase=DET window=33 group=2 segments=8 dims=96 fnv1a=80656207 values=-10.5980825,-10.5980825,1.77235556,-10.5980825,-10.5980825,1.59980392,-10.5980825,1.45480061,-10.5980825,1.12226391,0.743307114,-10.5980825,0.960882187,1.8365407,1.65071154,-10.5980825,0.931355476,0.881103516,0.952098846,0.88508606,0.803191185,1.30396175,1.17867184,0.964962959,1.339674,1.5626483,1.12332058,0.877235413,1.00692081,1.16466999,1.35771751,0.911068916,1.17515469,1.13421154,0.622200966,3.65150023,3.00919294,0.791525841,0.50421524,0.637869835,0.513264656,1.10951138,0.368650436,0.587702751,0.608324051,0.48210144,1.4122591,1.0853672,0.769430161,0.878982544,0.950135231,0.674500465,0.586830139,1.53175306,0.632414818,0.941730499,1.00448036,1.1901226FLAGS protocol=asd-quality-v1.5.0 mode=ALARM state=ANOMALY waiting=0 learning=0 learned=1 anomaly=1 hold=0 fault=0 green=off red=on guided25_available=1 workflow_pending=DEFAULT research_telemetry=1 profile_persistence_allowed=0 dropped=0
2026-08-22T12:32:08.763+00:00	1312.313	,1.33664322,1.26537895,1.20403385,2.7252593,0.508804321,-0.0212755203,0.697118759,0.399299622,0.476965904,0.542673111,0.673818588,0.831216812,0.780039787,1.02867222,2.38735628,0.860826492,0.928361893,0.827697754,0.148777962,0.123685837,0.297935486,0.630833626,0.136754036,0.0564155579,0.162793159,2.03538847,0.534643173,-0.275695801,0.238900185,1.36178017,0.621271133,0.62548542,1.26788998,0.0932245255,1.56581497,0.412106514,1.11357403,0.942399025
2026-08-22T12:32:08.878+00:00	1312.438	SUBSEG96 protocol=asd-research-v1.0.0 session=1 phase=DET window=33 group=3 segments=8 dims=96 fnv1a=52c40c4c values=-10.6495905,-10.6495905,2.61874819,-10.6495905,-10.6495905,1.60707903,-10.6495905,1.89339399,-10.6495905,1.66011238,1.72170258,-10.6495905,1.70021677,1.61179638,1.81871414,-10.6495905,1.67210054,1.77963161,1.72000074,1.69766331,1.17623234,1.09619904,1.16471672,0.980345726,1.19576168,1.61328602,1.31861115,0.903834343,1.1714077,1.15702534,1.27655983,1.05368614,1.22365856,0.974737167,1.02969646,3.37600327,2.98067617,0.958487511,0.874734879,0.729740143,0.719889641,0.900072098,0.466085434,0.569266319,0.583465576,0.495184898,1.23147774,1.10057735,0.722860336,0.698541641,0.852372169,0.481298447,0.653689384,1.39985704,0.717582703,0.848329544,0.968902588,1.2117157,1.22369289,1.37489557,1.20414639,2.61800623,0.643129349,0.020816803,0.610186577,0.178357124,0.369307518,0.425488472,0.774787903,0.702879906,0.691180229,0.815896988,1.9826436,0.838310242,0.844639778,0.695185661,0.0920543671,0.127711296,0.201514244,0.175854683,0.0324811935,0.0393362045,0.0706987381,1.72914505,0.226746559,-0.357797623,-0.113258362,1.19534206,0.160357475,0.0264730453,1.18976974,-0.228669167,0.975276947,0.220238686,0.128083229,0.914232254
2026-08-22T12:32:08.985+00:00	1312.547	SUBSEG96 protocol=asd-research-v1.0.0 session=1 phase=DET window=33 group=4 segments=7 dims=96 fnv1a=b145c8ec values=-10.5402727,-10.5402727,2.68521738,-10.5402727,-10.5402727,1.64700699,-10.5402727,1.69079113,-10.5402727,2.29352045,2.54741144,-10.5402727,2.12027597,1.53889751,1.91820908,-10.5402727,1.8909359,2.12907982,2.6378336,2.11704063,1.43824768,1.43946457,1.17848301,1.03221703,1.34151745,1.63788939,1.51118565,1.22126484,0.987099648,1.13917255,1.28377819,0.944911003,1.56112051,1.41344547,0.967092514,2.46049356,3.00633669,1.2235508,1.16702747,1.13612747,0.950011253,1.06462383,0.663626671,0.402050972,0.719101906,0.610692024,0.940519333,1.19114685,0.660075188,0.880237579,0.809545517,0.669149399,0.634263992,1.48392057,0.757927895,0.831133842,0.885513306,1.15032196,1.02986145,1.32133579,1.61311722,2.5939846,2.0119276,0.244472504,0.618296623,0.402518272,0.583798409,0.596295357,0.629515648,0.728487968,0.732862473,0.951501846,0.886861801,1.1550684,0.583844185,0.486345291,0.365858078,0.161880493,0.113951683,0.418085098,0.0858535767,0.0753936768,0.029340744,-0.0252285004,-0.119077682,-0.243452072,-0.268486023,-0.220116615,-0.179523468,-0.323107719,-0.142502785,-0.407507896,-0.269904137,0.0208101273,-0.275624275,-0.254992485
2026-08-22T12:32:09.092+00:00	1312.641	SUBSEG96 protocol=asd-research-v1.0.0 session=1 phase=DET window=33 group=5 segments=7 dims=96 fnv1a=41069fb7 values=-10.444664,-10.444664,1.85240269,-10.444664,-10.444664,1.84272528,-10.444664,2.18033314,-10.444664,2.3848815,1.87530088,-10.444664,1.41419792,1.70559168,1.53521347,-10.444664,1.50396824,1.3178215,1.31808472,1.33483601,1.11710167,1.33935356,1.25071526,1.04358196,1.39224529,1.36172771,1.31231689,1.14767647,1.07246304,1.28346539,1.55201721,0.919592857,1.28982258,1.04112911,1.15097618,2.67698526,3.07755232,0.82463932,0.636571884,0.955059052,0.913430214,1.25874805,0.844708443,0.632479668,0.59997654,0.843471527,1.03704834,1.31062412,0.775562286,0.833471298,0.916144371,0.801203728,0.820567131,1.7862277,0.7924366,0.881309509,0.976112366,1.34579945,1.38925648,1.47720242,1.64358854,2.51579905,2.27843189,0.202936172,0.647454262,0.602009773,0.551120758,0.703085899,0.638500214,0.88415432,0.83812809,1.02849388,1.00329971,1.33800125,0.739972115,0.497209549,0.570354462,0.25390625,0.18266201,0.532639503,0.136739731,0.143157005,0.171356201,0.100644112,-0.0292339325,-0.114855766,-0.189844131,-0.230365753,-0.198261261,-0.0775337219,-0.0734167099,-0.263027191,-0.195129395,0.171775818,-0.225009918,-0.167520523
2026-08-22T12:32:13.699+00:00	1317.250	FLAGS protocol=asd-quality-v1.5.0 mode=ALARM state=ANOMALY waiting=0 learning=0 learned=1 anomaly=1 hold=0 fault=0 green=off red=on guided25_available=1 workflow_pending=DEFAULT research_telemetry=1 profile_persistence_allowed=0 dropped=0
2026-08-22T12:32:18.372+00:00	1321.922	QUALITY protocol=asd-quality-v1.5.0 phase=DET index=34 total=0 result=OK metrics_valid=1 samples=159744 expected=159744 rms_dbfs=-47.342 dc=-0.519 peak=514 clipped=0 zeros=419 stuck=260 dropped_delta=0 feature_valid=1 tonalness_valid=1 tonalness_proxy=3.052749 tonal_gate=pending_normal_only
2026-08-22T12:32:18.379+00:00	1321.938	DET 34 score=1030.78638 lo=0 hi=4374.05859 led=0 anom=1 total_anom=14 ALARM (uzastopnih=3 nivo=-47.3 dBFS racun=716 ms)
2026-08-22T12:32:18.616+00:00	1322.172	FEATURE96 protocol=asd-research-v1.0.0 session=1 phase=DET window=34 window_start_ms=1311392 window_end_ms=1320667 score=1030.78638 level_dbfs=-47.3417206 quality=OK tonalness_proxy=3.05274868 dims=96 fnv1a=49c0f31a values=-10.3795433,-10.3795433,1.63103867,-10.3795433,-10.3795433,1.40914917,-10.3795433,1.37111473,-10.3795433,1.56321239,1.04583645,-10.3795433,1.13460827,1.42973232,1.28270149,-10.3795433,1.15527344,1.09303093,1.08056831,1.04056931,0.933039665,1.38999844,1.42490768,1.14395809,1.39492321,1.51054382,1.33971214,1.24211407,1.15039062,1.31503487,1.56304646,0.990793228,1.38103485,1.21014786,1.04760551,2.67610168,3.05274868,0.836478233,0.786156654,0.990159988,0.918970108,1.28706455,0.809357643,0.765555382,0.756886482,0.820013046,1.00965786,1.46042633,0.900230408,1.0506382,0.925419807,0.855755806,0.960734367,1.87445068,0.901779175,1.02310371,1.13205624,1.29907417,1.30415058,1.4919672,1.55527782,2.54781628,2.31592464,0.231775284,0.721467018,0.557529449,0.648538589,0.807304382,0.812015533,0.919197083,0.930189133,1.13992214,1.03640079,1.34793186,0.825317383,0.668046951,0.603693008,0.346068382,0.258299828,0.608942986,0.221240044,0.242503166,0.234625816,0.10522747,0.071144104,-0.0583820343,-0.14367485,-0.123270988,-0.0443696976,-0.0813751221,-0.0268325806,-0.221466064,-0.144885063,0.182048798,-0.134476662,-0.0863361359
2026-08-22T12:32:18.631+00:00	1322.188	SUBSEG96 protocol=asd-research-v1.0.0 session=1 phase=DET window=34 group=1 segments=8 dims=96 fnv1a=b61bbf6a values=-10.3657484,-10.3657484,1.53420353,-10.3657484,-10.3657484,1.39228821,-10.3657484,1.45826626,-10.3657484,1.72522974,1.10402203,-10.3657484,1.25831318,1.60697746,1.31653595,-10.3657484,1.2259407,1.13643742,1.26328564,1.1333046,0.913838387,1.32722378,1.16804504,1.09319973,1.4077425,1.45380688,1.12253475,1.44473362,1.0908041,1.42295647,1.55435371,0.921814919,1.35796928,0.989311218,1.10760403,2.73904133,3.07515574,0.937994957,0.639847755,1.03790569,0.832397461,1.420084,0.868136406,0.736499786,0.899846077,0.831404686,1.05414867,1.50415134,0.785021782,1.16049767,0.895632744,0.903998375,1.06479931,1.88362455,0.811839104,0.927461624,1.1172781,1.12122822,1.25347519,1.44565773,1.49030685,2.74012852,1.70958996,0.219022751,0.816782951,0.53242588,0.65496254,0.815022469,0.806056023,0.886731148,0.922020912,1.16511536,1.05584526,1.38056278,0.830607414,0.70157814,0.576507568,0.388900757,0.26805687,0.594491005,0.1751194,0.194840431,0.253936768,0.105035782,0.0826625824,-0.059015274,-0.135379791,-0.139322281,0.0136957169,-0.137298584,-0.0536375046,-0.219137192,-0.129561424,0.129055023,-0.111153603,-0.0767145157
2026-08-22T12:32:18.739+00:00	1322.297	SUBSEG96 protocol=asd-research-v1.0.0 session=1 phase=DET window=34 group=2 segments=8 dims=96 fnv1a=9ddf6d8d values=-10.3650589,-10.3650589,1.53260803,-10.3650589,-10.3650589,1.36188698,-10.3650589,1.36959553,-10.3650589,1.45724201,0.791158676,-10.3650589,1.16992569,1.70455027,1.66015625,-10.3650589,1.18532181,1.10127926,1.13095284,1.08424282,0.9258461,1.35870934,1.41453552,1.13391399,1.45527649,1.55137253,1.53409386,1.22417164,1.22419739,1.38248634,1.58721161,0.640526772,1.40559483,1.35981083,0.993002892,2.85305882,3.0413084,0.869234085,0.807097435,0.96555233,1.06377602,1.23442459,0.922180176,0.902117729,0.873659134,0.849601746,1.12845325,1.52357388,0.845864296,1.12766075,0.956323624,0.890404701,0.901521683,1.87718964,0.85945034,0.886781693,1.11441135,1.2576561,1.10383987,1.37897301,1.58354759,2.66764593,1.12684631,0.172048569,0.749662399,0.604373932,0.604907036,0.844531059,0.853357315,0.977940559,0.907196999,1.16258621,1.05905628,1.3666153,0.89160347,0.835068703,0.4596138,0.344307899,0.232241631,0.677018166,0.200234413,0.226689339,0.212960243,0.0642728806,0.108225822,-0.0786437988,-0.170922279,-0.110692978,0.0147380829,-0.150823593,-0.0312690735FLAGS protocol=asd-quality-v1.5.0 mode=ALARM state=ANOMALY waiting=0 learning=0 learned=1 anomaly=1 hold=0 fault=0 green=off red=on guided25_available=1 workflow_pending=DEFAULT research_telemetry=1 profile_persistence_allowed=0 dropped=0
2026-08-22T12:32:18.741+00:00	1322.297	,-0.242294312,-0.165007591,0.137432098,-0.119679451,-0.0687761307
2026-08-22T12:32:18.851+00:00	1322.407	SUBSEG96 protocol=asd-research-v1.0.0 session=1 phase=DET window=34 group=3 segments=8 dims=96 fnv1a=31ba2400 values=-10.3596468,-10.3596468,1.89972353,-10.3596468,-10.3596468,1.56485939,-10.3596468,1.34127522,-10.3596468,1.31448174,0.775019646,-10.3596468,0.930040359,1.14996719,1.07773399,-10.3596468,1.00854397,1.04224014,0.944111824,0.988437653,1.07569885,1.5244112,1.56953335,1.25701523,1.5735321,1.700037,1.46810532,1.26767445,1.24115181,1.22148132,1.46575737,1.10686874,1.39308929,1.25301552,0.960678101,2.72725344,3.00192928,0.767906189,0.952877045,0.929057121,0.794498444,1.16408253,0.773217201,0.876696587,0.761310577,0.818678856,0.899395943,1.3076725,0.817187309,1.02518463,0.940324783,0.879362106,0.930034637,1.88821316,0.904382706,1.16964531,1.13911724,1.3582449,1.31586647,1.54091072,1.61337948,2.65668631,1.91558743,0.297544479,0.731449127,0.536280632,0.667609215,0.887844086,0.815414429,0.922997475,0.937196732,1.0440855,0.976894379,1.44404697,0.852431297,0.672427177,0.608587265,0.344581604,0.286220551,0.639113426,0.213611603,0.252890587,0.293581009,0.119661331,0.127568245,-0.0874443054,-0.130537987,-0.101928711,-0.0095949173,-0.0940523148,-0.0441904068,-0.176582336,-0.161735535,0.2059412,-0.102274895,-0.0758428574
2026-08-22T12:32:18.958+00:00	1322.516	SUBSEG96 protocol=asd-research-v1.0.0 session=1 phase=DET window=34 group=4 segments=7 dims=96 fnv1a=e8c29b3d values=-10.3695784,-10.3695784,1.53040123,-10.3695784,-10.3695784,1.5187397,-10.3695784,1.24830532,-10.3695784,1.62996101,1.28952122,-10.3695784,1.25473499,1.21006489,1.07363701,-10.3695784,1.31503201,1.03953552,0.896968842,0.998991013,0.881426811,1.48592377,1.52682209,1.00837326,1.34215546,1.58108521,1.21237183,1.07718086,1.03818512,1.27470112,1.6520896,0.993008614,1.38385677,1.17412472,1.18906593,2.56325483,3.10772228,0.687646866,0.574630737,0.989672661,0.956598282,1.35208416,0.863059998,0.662301064,0.65221405,0.867109299,0.980895042,1.59985542,1.06634235,0.920910835,0.96327877,0.679553986,0.925971031,1.9171648,0.833991051,1.05805206,1.15761662,1.1773777,1.45814705,1.62481022,1.55448437,2.35932398,2.48264551,0.277878761,0.723898888,0.532944679,0.721082687,0.789772034,0.862182617,0.953652382,0.901785851,1.20716572,1.1019907,1.29662514,0.841495514,0.54471302,0.710968971,0.315638542,0.267930031,0.654281616,0.27329731,0.271342278,0.231803894,0.160919189,0.0444574356,-0.000575065613,-0.111217499,-0.130405426,-0.090388298,0.0313177109,-0.0145015717,-0.173737526,-0.115970612,0.261748314,-0.133757591,-0.114765167
2026-08-22T12:32:19.064+00:00	1322.625	SUBSEG96 protocol=asd-research-v1.0.0 session=1 phase=DET window=34 group=5 segments=7 dims=96 fnv1a=2ff4e921 values=-10.3662024,-10.3662024,1.57871628,-10.3662024,-10.3662024,1.16437244,-10.3662024,1.47014618,-10.3662024,1.65552616,1.15600681,-10.3662024,1.04406357,1.15877438,0.788468361,-10.3662024,1.04407787,1.20093346,1.12056351,1.04482841,0.899713516,1.26983833,1.42840385,1.24788666,1.1120472,1.13046169,1.27296448,1.14548111,1.18617725,1.30485153,1.61875534,1.20336819,1.43692684,1.26414204,1.0319376,2.39325047,3.10979462,0.933307648,0.905031204,1.09117126,0.971057892,1.29510975,0.613154411,0.623197556,0.528096199,0.802360535,1.01745033,1.38254547,1.01728916,1.03172588,0.943858147,0.944702148,1.03017139,1.87914944,1.11692715,1.09474754,1.20646763,1.54264355,1.40797615,1.51913166,1.59884739,1.88787413,2.83631563,0.259296417,0.621496201,0.64615345,0.666010857,0.747257233,0.790803909,0.922183037,1.04692936,1.18437004,1.05733776,1.29098225,0.764907837,0.568077087,0.710503578,0.403425217,0.309821129,0.530585289,0.315699577,0.337965965,0.24715519,0.150557518,0.0509033203,0.00827121735,-0.0954723358,-0.062379837,-0.109445572,0.00607204437,0.0796499252,-0.225627899,-0.0778408051,0.245991707,-0.137938499,-0.0269317627
2026-08-22T12:32:23.709+00:00	1327.266	FLAGS protocol=asd-quality-v1.5.0 mode=ALARM state=ANOMALY waiting=0 learning=0 learned=1 anomaly=1 hold=0 fault=0 green=off red=on guided25_available=1 workflow_pending=DEFAULT research_telemetry=1 profile_persistence_allowed=0 dropped=0
2026-08-22T12:32:28.345+00:00	1331.907	QUALITY protocol=asd-quality-v1.5.0 phase=DET index=35 total=0 result=OK metrics_valid=1 samples=159744 expected=159744 rms_dbfs=-47.518 dc=-0.450 peak=460 clipped=0 zeros=397 stuck=223 dropped_delta=0 feature_valid=1 tonalness_valid=1 tonalness_proxy=3.028159 tonal_gate=pending_normal_only
2026-08-22T12:32:28.352+00:00	1331.907	DET 35 score=968.264221 lo=0 hi=4374.05859 led=0 anom=1 total_anom=15 ALARM (uzastopnih=3 nivo=-47.5 dBFS racun=716 ms)
2026-08-22T12:32:28.482+00:00	1332.032	FEATURE96 protocol=asd-research-v1.0.0 session=1 phase=DET window=35 window_start_ms=1321372 window_end_ms=1330641 score=968.264221 level_dbfs=-47.5178337 quality=OK tonalness_proxy=3.02815866 dims=96 fnv1a=09e6306e values=-10.3623161,-10.3623161,1.71890926,-10.3623161,-10.3623161,1.58503628,-10.3623161,1.60405445,-10.3623161,1.55818844,0.998217583,-10.3623161,0.98573494,1.3941555,1.24144459,-10.3623161,1.16577244,0.971859932,0.966911316,1.04068851,0.943569183,1.36225891,1.37968063,1.10263538,1.30876827,1.5343399,1.2767334,1.06679153,0.964942932,1.291605,1.48671722,0.934828758,1.33124065,1.21531105,1.06040192,2.67923403,3.02815866,0.929933548,0.664990425,0.864740372,0.927091599,1.31820393,0.839588165,0.711434364,0.721912384,0.804631233,1.00652313,1.54973221,0.892573357,0.928053856,0.994429588,0.93453598,0.961275101,1.90786266,0.92501545,1.03097248,1.11625576,1.3624649,1.31348801,1.46302509,1.57383823,2.41018438,2.51056194,0.251112938,0.77479744,0.552442551,0.67595005,0.790038109,0.812944412,0.941031456,1.00060749,1.09768486,1.0827446,1.4362669,0.82765007,0.620304108,0.637394905,0.373165131,0.295834541,0.619169235,0.241714478,0.218782425,0.242453575,0.134594917,0.0942115784,-0.0439176559,-0.143199921,-0.10855484,-0.0324001312,-0.0258016586,0.03079319,-0.232940674,-0.146795273,0.215749741,-0.112455368,-0.0843658447
2026-08-22T12:32:28.588+00:00	1332.141	SUBSEG96 protocol=asd-research-v1.0.0 session=1 phase=DET window=35 group=1 segments=8 dims=96 fnv1a=f4579bd3 values=-10.3554258,-10.3554258,1.92335224,-10.3554258,-10.3554258,1.5402298,-10.3554258,1.69184589,-10.3554258,1.83453751,1.15354156,-10.3554258,1.05327702,1.41016769,1.23897648,-10.3554258,1.2851038,1.14498234,0.967040062,1.16436195,1.24272633,1.34361076,1.27905941,0.733551025,0.892747879,1.18940639,1.19861794,0.880213737,0.910770416,1.38780975,1.38522816,1.06250858,1.28044987,0.99009037,0.990613937,2.41230869,2.95766926,0.836984634,0.729783058,0.940608978,0.890818596,1.29443741,0.874824524,0.714136124,0.72956562,0.674143791,1.05891895,1.5114994,0.866411209,0.867473602,1.0203495,1.01315498,0.934636116,1.93226385,0.986760139,1.07263565,1.14840317,1.34212494,1.39472389,1.47228432,1.63996506,2.27486515,2.68704939,0.316126823,0.689236641,0.533112526,0.691839218,0.754302979,0.794096947,0.950942039,1.06299973,1.04873085,1.06908131,1.43831158,0.932407379,0.585898399,0.722049713,0.414881706,0.282327652,0.508181572,0.252010345,0.223323822,0.275611877,0.151852608,0.0626688004,-0.0319490433,-0.0501413345,-0.100177765,-0.0623922348,0.0537366867,0.0964946747,-0.241562843,-0.129723549,0.266806602,-0.0767192841,-0.0945930481
2026-08-22T12:32:28.695+00:00	1332.250	SUBSEG96 protocol=asd-research-v1.0.0 session=1 phase=DET window=35 group=2 segments=8 dims=96 fnv1a=970e239f values=-10.3856859,-10.3856859,1.70167398,-10.3856859,-10.3856859,1.6501646,-10.3856859,1.73834276,-10.3856859,1.68485975,1.09031868,-10.3856859,1.09701443,1.59151554,1.32065296,-10.3856859,1.14458847,0.883997917,0.772636414,0.991116524,0.788024902,1.46947384,1.49224949,1.22404289,1.2738781,1.52775097,1.24526882,1.07419968,1.10358047,1.34575844,1.55613041,0.847697258,1.30100346,1.26378536,0.982023239,2.54596996,3.03165913,1.12258625,0.59422493,0.879605293,0.88780117,1.35581875,0.943775177,0.642874718,0.767790794,0.929703712,1.07326794,1.72786999,0.997359276,0.903132439,0.967115402,0.974905968,0.971039772,1.83926535,0.936408997,1.04462814,1.19138718,1.25129128,1.29080677,1.39193726,1.54737091,2.07794285,2.71324253,0.329257011,0.642875671,0.502950668,0.676156044,0.800270081,0.78017807,0.850463867,0.957315445,1.13325119,1.04480362,1.40223503,0.759474754,0.487943649,0.646645546,0.356981277,0.284054756,0.561402321,0.238780975,0.186089516,0.20788765,0.172008514,0.0686168671,-0.0473470688,-0.190217972,-0.115198135,-0.0733766556,0.00322723389,0.0333280563,-0.235963821,-0.134963036,0.226094246,-0.175130844,-0.0572500229
2026-08-22T12:32:28.745+00:00	1332.297	SUBSEG96 protocol=asd-research-v1.0.0 session=1 phase=DET window=35 group=3 segments=8 dims=96 fnv1a=53a1cea5 values=-10.3435755,-10.3435755,1.72005987,-10.3435755,-10.3435755,1.67138481,-10.3435755,1.48202229,-10.3435755,1.09399986,0.830115318,-10.3435755,0.856362343,1.40546703,1.23964119,-10.3435755,1.09861851,0.842619896,1.12859154,1.05804253,0.90585804,1.263937,1.22675419,1.14330864FLAGS protocol=asd-quality-v1.5.0 mode=ALARM state=ANOMALY waiting=0 learning=0 learned=1 anomaly=1 hold=0 fault=0 green=off red=on guided25_available=1 workflow_pending=DEFAULT research_telemetry=1 profile_persistence_allowed=0 dropped=0
2026-08-22T12:32:28.820+00:00	1332.375	,1.31797028,1.58280277,1.3398447,0.930319786,0.924133301,1.23607445,1.54060841,0.792358398,1.42835903,1.35424995,1.2568531,2.70464277,3.08029032,0.784059525,0.679665565,0.809296608,0.927671432,1.37643242,0.817351341,0.774468422,0.640657425,0.822761536,0.733510017,1.47172165,0.955541611,0.951568604,1.07460976,0.911444664,1.00893497,1.91999817,1.01317501,0.971781731,1.03892708,1.43340683,1.41629124,1.53148079,1.64644146,2.37241983,2.67973995,0.258646965,0.768734932,0.66339016,0.71512413,0.806622505,0.781681061,0.988048553,0.918658257,1.12439919,1.11319828,1.46924591,0.83146286,0.509976387,0.678432465,0.373171806,0.331384659,0.500480652,0.302526474,0.225675583,0.252204895,0.153656006,0.146838188,0.0573339462,-0.102208138,-0.0911798477,-0.0643148422,0.0381803513,0.0514974594,-0.229597092,-0.144644737,0.269569397,-0.116733551,-0.0515546799
2026-08-22T12:32:28.930+00:00	1332.485	SUBSEG96 protocol=asd-research-v1.0.0 session=1 phase=DET window=35 group=4 segments=7 dims=96 fnv1a=4207d0a7 values=-10.3504372,-10.3504372,1.77708006,-10.3504372,-10.3504372,1.54780197,-10.3504372,1.52056026,-10.3504372,1.42111969,1.00641727,-10.3504372,1.10694599,1.37345123,1.27042961,-10.3504372,1.18963718,1.10647583,1.07253361,1.06529427,0.832819939,1.31763649,1.50701427,1.1410675,1.39721775,1.7247138,1.1373682,1.09688568,0.906085014,1.2283268,1.49000645,1.04175568,1.25428677,1.30972004,0.99514389,2.75756931,3.03637505,0.882511139,0.663360596,0.764454842,0.94930172,1.1866188,0.805283546,0.738350868,0.711501122,0.758565903,1.08534622,1.51930332,0.899575233,0.991591454,0.849080086,0.927653313,1.01071358,1.95170689,0.866215706,1.14510345,1.16570377,1.44732189,1.16974068,1.55466175,1.52997303,2.62278843,1.7394681,0.196029663,0.944699287,0.521416664,0.6941576,0.791284561,0.803166389,0.972980499,1.03391457,1.08160686,1.12990475,1.39989567,0.862220764,0.69621563,0.654961586,0.355323792,0.308486938,0.763536453,0.210313797,0.226613998,0.224754333,0.0860004425,0.105783463,-0.0770149231,-0.165559769,-0.109787941,0.00705909729,-0.124097824,-0.0146627426,-0.19863224,-0.141736031,0.188385963,-0.0831356049,-0.108072281
2026-08-22T12:32:29.037+00:00	1332.594	SUBSEG96 protocol=asd-research-v1.0.0 session=1 phase=DET window=35 group=5 segments=7 dims=96 fnv1a=28dbdbff values=-10.3041201,-10.3041201,1.18931866,-10.3041201,-10.3041201,1.53775024,-10.3041201,1.55399227,-10.3041201,1.39676189,0.830395699,-10.3041201,0.704120636,0.944277763,1.16445446,-10.3041201,1.14492989,0.828142166,0.872124672,0.936612129,0.771125793,1.44428158,1.39173031,1.19728851,1.56374741,1.59262085,1.47963333,1.33650684,0.991587639,1.28139591,1.50081158,0.946944237,1.43827343,1.11477852,1.07564831,2.9434309,3.09946012,0.982176781,0.721635818,0.966362,1.05421162,1.40907097,0.764977455,0.75459671,0.815737724,0.849925995,1.06586456,1.48822117,0.714280128,0.998908997,1.08973598,0.874302864,0.936070442,1.96903706,0.83016777,0.949674606,1.06490231,1.39825344,1.2969389,1.40910053,1.54087448,2.630548,1.12101746,0.158974648,0.872984886,0.59173584,0.659759521,0.867247581,0.972598076,1.01277065,1.09277344,1.16147232,1.12979507,1.53878784,0.793334007,0.852350235,0.483304024,0.431318283,0.342874527,0.795295715,0.261110306,0.306550026,0.320631981,0.161197662,0.156985283,-0.086935997,-0.168294907,-0.0571298599,0.104510307,-0.0960693359,0.0347127914,-0.187038422,-0.117875099,0.163615227,-0.0378847122,-0.0510473251
2026-08-22T12:32:33.730+00:00	1337.282	FLAGS protocol=asd-quality-v1.5.0 mode=ALARM state=ANOMALY waiting=0 learning=0 learned=1 anomaly=1 hold=0 fault=0 green=off red=on guided25_available=1 workflow_pending=DEFAULT research_telemetry=1 profile_persistence_allowed=0 dropped=0
2026-08-22T12:32:38.320+00:00	1341.875	QUALITY protocol=asd-quality-v1.5.0 phase=DET index=36 total=0 result=OK metrics_valid=1 samples=159744 expected=159744 rms_dbfs=-47.665 dc=-0.526 peak=477 clipped=0 zeros=438 stuck=254 dropped_delta=0 feature_valid=1 tonalness_valid=1 tonalness_proxy=3.042343 tonal_gate=pending_normal_only
2026-08-22T12:32:38.328+00:00	1341.875	DET 36 score=1432.02258 lo=0 hi=4374.05859 led=0 anom=1 total_anom=16 ALARM (uzastopnih=3 nivo=-47.7 dBFS racun=716 ms)
2026-08-22T12:32:38.459+00:00	1342.016	FEATURE96 protocol=asd-research-v1.0.0 session=1 phase=DET window=36 window_start_ms=1331342 window_end_ms=1340615 score=1432.02258 level_dbfs=-47.6653633 quality=OK tonalness_proxy=3.04234314 dims=96 fnv1a=84fa5311 values=-10.3544674,-10.3544674,1.45925426,-10.3544674,-10.3544674,1.49822426,-10.3544674,1.32714272,-10.3544674,1.3838501,0.894249916,-10.3544674,0.993207932,1.30375099,1.15268135,-10.3544674,0.939903259,0.962988853,0.991107941,0.855705261,0.607550621,1.4424696,1.43774223,1.23521996,1.67300892,1.90911198,1.52134705,1.44153309,1.42262363,1.44193649,1.64921045,1.09508514,1.40773392,1.21495152,1.16191292,2.79664898,3.04234314,0.837813377,0.777109146,0.903337479,0.95658493,1.30218697,0.877739906,0.71103096,0.677110672,0.816472054,1.07264996,1.45695877,0.806677818,0.998234749,0.982021332,0.876324654,0.939324379,1.84873915,0.859772682,0.991767883,1.14038181,1.27113342,1.22437763,1.4472084,1.57880497,2.64302635,1.63449478,0.307683945,0.838484764,0.517457962,0.638288498,0.80682373,0.823852539,0.972808838,0.958760262,1.14362621,1.06399441,1.36626339,0.810172081,0.766861916,0.535470963,0.384501457,0.310865402,0.680429459,0.221061707,0.255452156,0.251102448,0.117147446,0.112374306,-0.0876560211,-0.147322655,-0.0924596786,0.0111370087,-0.146181107,-0.0597743988,-0.223909378,-0.13064003,0.130825043,-0.101996422,-0.0936470032
2026-08-22T12:32:38.565+00:00	1342.125	SUBSEG96 protocol=asd-research-v1.0.0 session=1 phase=DET window=36 group=1 segments=8 dims=96 fnv1a=bde669cd values=-10.3305178,-10.3305178,1.48948002,-10.3305178,-10.3305178,1.57871914,-10.3305178,1.08849716,-10.3305178,1.3281002,0.934455872,-10.3305178,0.936595917,1.16749954,1.0025959,-10.3305178,0.970191956,1.24429798,1.26078796,0.887077332,0.627217293,1.54764462,1.53458023,1.1458149,1.57782364,1.90567684,1.43076992,1.62539673,1.22853374,1.41610813,1.56483936,0.761177063,1.21645832,0.958514214,1.12061977,2.76668262,3.04324675,0.801587105,0.65205574,0.901501656,0.825066566,1.26836109,0.857002258,0.877488136,0.8259058,0.76455307,0.961528778,1.47785187,0.823784828,1.05334854,0.986383438,0.826592445,1.06251812,1.87862539,0.850049973,0.953928947,1.02066422,1.35826683,1.25173759,1.48553944,1.53538036,2.67838955,1.35883999,0.368017197,0.751247406,0.683278084,0.690939903,0.885051727,0.888868332,0.975841522,0.990664482,1.15204906,1.10050297,1.40028858,0.812217712,0.88155365,0.552919388,0.473543167,0.324278831,0.732848167,0.252998352,0.280362129,0.254437447,0.169352531,0.187962532,-0.0905065536,-0.118253708,-0.112522125,0.0516614914,-0.134757996,-0.0445232391,-0.230181694,-0.119867325,0.097410202,-0.0806598663,-0.0793800354
2026-08-22T12:32:38.671+00:00	1342.219	SUBSEG96 protocol=asd-research-v1.0.0 session=1 phase=DET window=36 group=2 segments=8 dims=96 fnv1a=7c833b29 values=-10.3946371,-10.3946371,1.34045792,-10.3946371,-10.3946371,1.45137215,-10.3946371,1.13664532,-10.3946371,1.40601826,0.946241379,-10.3946371,0.850577354,1.1429615,1.27572632,-10.3946371,1.09560013,0.898488045,0.937247276,0.87441349,0.7243433,1.45689678,1.34694481,1.16255569,1.6332283,1.9485383,1.61704063,1.56873417,1.69648886,1.48480129,1.66871214,1.35969925,1.6408267,1.39742088,1.37922573,2.7057786,3.01500559,0.940937042,1.12742996,0.909343719,1.01300716,1.34402275,1.06376362,0.705742836,0.695055962,0.873168945,0.896909714,1.43936539,0.905726433,0.926338196,0.984582901,0.87177372,0.757624626,1.84361601,0.750499725,1.00512981,1.18823147,1.1909132,1.28563881,1.43636417,1.49623108,2.58849525,1.90759754,0.264442444,0.788042068,0.433639526,0.666506767,0.772171021,0.748726845,0.891974449,0.925850868,1.11884594,1.0800705,1.3445797,0.759717941,0.701518059,0.569693565,0.340856552,0.317225456,0.647641182,0.224425316,0.218175888,0.208665848,0.0777854919,0.0788526535,-0.126932144,-0.173052788,-0.139660835,-0.0455446243,-0.110565186,-0.110384941,-0.295054436,-0.1792202,0.154602051,-0.168923378,-0.137227058
2026-08-22T12:32:38.771+00:00	1342.328	SUBSEG96 protocol=asd-research-v1.0.0 session=1 phase=DET window=36 group=3 segments=8 dims=96 fnv1a=64348b63 values=-10.3250723,-10.3250723,1.51541996,-10.3250723,-10.3250723,1.51016045,-10.3250723,1.13190269,-10.3250723,1.25913811,0.742408752,-10.3250723,1.10915852,1.61588764,1.15675831,-10.3250723,0.855395317,0.561491013,0.925415993,0.899841309,0.594960213,1.3725996,1.37585545,1.40026474,1.71360779,1.76900816,1.50469398,1.19897461,1.319067,1.20197773,1.48347473,0.96506691,1.37160492,1.25591183,0.877811432,2.77327347,3.06206846,0.742706299,0.644571304,0.933936119,0.88444519,1.36180782,0.937950134,0.688897133,0.70126915,0.788721085,1.03797626,1.49680519,0.741351128,1.00122547,1.1026268,0.943889618,0.91147995,1.89391088,0.91121769,1.05839443,1.10432529,1.30672169,1.32926846,1.39510441,1.66624928,2.67471218,1.8717761,0.395366669,0.810684204,0.546216011,0.636466026,0.845444679,0.856176376FLAGS protocol=asd-quality-v1.5.0 mode=ALARM state=ANOMALY waiting=0 learning=0 learned=1 anomaly=1 hold=0 fault=0 green=off red=on guided25_available=1 workflow_pending=DEFAULT research_telemetry=1 profile_persistence_allowed=0 dropped=0
2026-08-22T12:32:38.789+00:00	1342.344	,0.968864441,0.963087082,1.19119549,1.03987026,1.47892952,0.846885681,0.674567223,0.645857811,0.366653442,0.28878212,0.739954948,0.237814903,0.306201935,0.307266235,0.150980949,0.106608391,-0.0513286591,-0.0927295685,-0.0168075562,0.0296010971,-0.111598015,-0.00833129883,-0.186923981,-0.0855150223,0.186806679,-0.0432634354,-0.077750206
2026-08-22T12:32:38.908+00:00	1342.469	SUBSEG96 protocol=asd-research-v1.0.0 session=1 phase=DET window=36 group=4 segments=7 dims=96 fnv1a=4c1a5600 values=-10.3454695,-10.3454695,1.48715401,-10.3454695,-10.3454695,1.50860786,-10.3454695,1.65735245,-10.3454695,1.39394855,0.869372368,-10.3454695,0.988601685,1.26416492,1.28655148,-10.3454695,1.01532936,0.962667465,1.00280666,0.999361038,0.381062508,1.44553089,1.43633556,1.05838394,1.64990425,1.95300484,1.6117897,1.49208927,1.29967022,1.52277279,1.81657267,1.00163746,1.44470024,1.25062847,1.22145939,2.79004097,3.04297638,0.777740479,0.464168549,0.965839386,0.984492302,1.29178238,0.71541214,0.47299099,0.627950668,0.818669319,1.18450069,1.53955746,0.883137703,1.00789165,0.9970541,0.875361443,0.930312157,1.80906391,0.905781746,1.05066776,1.16209602,1.22487736,1.1206131,1.41835022,1.59373379,2.67334938,1.29416561,0.324016571,0.9284935,0.454741478,0.546802521,0.856538773,0.840883255,1.04692841,0.94412899,1.0766077,1.03911209,1.41013718,0.79841423,0.760141373,0.516894341,0.411220551,0.349727631,0.662546158,0.23703289,0.243011475,0.282968521,0.0878782272,0.134866714,-0.0705089569,-0.176655769,-0.0712404251,0.0206775665,-0.175102234,-0.0520763397,-0.17488575,-0.108098984,0.119045258,-0.0655879974,-0.0788764954
2026-08-22T12:32:39.013+00:00	1342.563	SUBSEG96 protocol=asd-research-v1.0.0 session=1 phase=DET window=36 group=5 segments=7 dims=96 fnv1a=d3583e0a values=-10.3081236,-10.3081236,1.5290451,-10.3081236,-10.3081236,1.49898434,-10.3081236,1.45961094,-10.3081236,1.56183338,1.00174046,-10.3081236,1.12321854,1.18701744,0.968089104,-10.3081236,0.620006561,0.953034401,0.62220192,0.516319275,0.669891357,1.42278194,1.54750824,1.38675213,1.83812857,2.00683594,1.44497395,1.07373142,1.37322807,1.57863712,1.71986866,1.15849113,1.18553829,1.0963707,1.05260658,2.99693394,3.11767817,0.938399315,0.560188293,0.854604721,1.10087395,1.28613091,0.681960106,0.766925812,0.497799873,0.885679245,1.29550457,1.36930847,0.660471916,1.07045364,0.842048645,0.921944618,1.06707859,1.87370396,0.949440956,0.928857803,1.26420021,1.32809925,1.11707211,1.55827618,1.66390991,2.66726303,1.00783634,0.215558052,0.971476555,0.478482246,0.690173149,0.70468235,0.847297668,1.05199909,1.03718376,1.23554516,1.11722851,1.18953514,0.901919365,0.859940529,0.38161087,0.38531208,0.337082863,0.671697617,0.209363937,0.293195724,0.266954422,0.160721779,0.110730171,-0.0290174484,-0.116892815,-0.0586652756,0.0683450699,-0.153149605,-0.0163593292,-0.161030769,-0.0920753479,0.147830963,-0.0871143341,-0.0237493515
2026-08-22T12:32:43.739+00:00	1347.297	FLAGS protocol=asd-quality-v1.5.0 mode=ALARM state=ANOMALY waiting=0 learning=0 learned=1 anomaly=1 hold=0 fault=0 green=off red=on guided25_available=1 workflow_pending=DEFAULT research_telemetry=1 profile_persistence_allowed=0 dropped=0
2026-08-22T12:32:48.294+00:00	1351.844	QUALITY protocol=asd-quality-v1.5.0 phase=DET index=37 total=0 result=OK metrics_valid=1 samples=159744 expected=159744 rms_dbfs=-47.648 dc=-0.439 peak=500 clipped=0 zeros=449 stuck=294 dropped_delta=0 feature_valid=1 tonalness_valid=1 tonalness_proxy=3.039112 tonal_gate=pending_normal_only
2026-08-22T12:32:48.302+00:00	1351.860	DET 37 score=1395.94202 lo=0 hi=4374.05859 led=0 anom=1 total_anom=17 ALARM (uzastopnih=3 nivo=-47.6 dBFS racun=716 ms)
2026-08-22T12:32:48.433+00:00	1351.985	FEATURE96 protocol=asd-research-v1.0.0 session=1 phase=DET window=37 window_start_ms=1341322 window_end_ms=1350589 score=1395.94202 level_dbfs=-47.6484489 quality=OK tonalness_proxy=3.03911161 dims=96 fnv1a=268276e2 values=-10.3407736,-10.3407736,1.60694027,-10.3407736,-10.3407736,1.47115326,-10.3407736,1.31839752,-10.3407736,1.23804665,0.86122036,-10.3407736,1.19074345,1.61297703,1.3881731,-10.3407736,0.971186638,0.88873291,0.991866112,0.995422363,0.991734505,1.38356209,1.43852139,1.26740074,1.55044365,1.81194782,1.37905502,1.20729446,1.16869068,1.31946564,1.55777359,0.954663277,1.31441307,1.13291168,0.94411087,2.84891176,3.03911161,0.879078865,0.768620491,0.790301323,0.901284218,1.24727631,0.754603386,0.813005447,0.750676155,0.864710808,1.03424835,1.51597118,0.813129425,1.07576656,0.998404503,0.843016624,0.93367672,1.86932659,0.864437103,1.03376579,1.11607647,1.31182003,1.25049496,1.49121571,1.63017082,2.64738321,1.35769749,0.287277222,0.806282997,0.557562828,0.674729347,0.81253624,0.813520432,0.975570679,1.01457214,1.15800858,1.11635971,1.32760239,0.838158607,0.845025063,0.510606766,0.377175331,0.342159271,0.703224182,0.235163689,0.251457214,0.27256012,0.125114441,0.124310493,-0.110150337,-0.109147072,-0.0954017639,0.0361404419,-0.147482872,-0.0251464844,-0.237442017,-0.108653069,0.109929085,-0.0775508881,-0.0789194107
2026-08-22T12:32:48.539+00:00	1352.094	SUBSEG96 protocol=asd-research-v1.0.0 session=1 phase=DET window=37 group=1 segments=8 dims=96 fnv1a=c482b5e4 values=-10.3300867,-10.3300867,1.64562798,-10.3300867,-10.3300867,1.55803013,-10.3300867,1.21798706,-10.3300867,0.954046249,0.728434563,-10.3300867,0.886379242,1.41065598,1.24665451,-10.3300867,1.14022827,0.832675934,1.10973167,1.12275219,1.03728676,1.37778091,1.45088291,1.38878536,1.46353531,1.94253588,1.32185555,1.19387817,1.12497902,1.34973812,1.60210323,1.14604282,1.34728622,1.14685726,0.83306694,2.92538834,3.02427816,0.885481834,0.901844025,0.852656364,0.914500237,1.27688408,0.921463013,0.820191383,0.707695961,0.897367477,1.16843796,1.60186291,0.774859428,1.09091473,0.943720818,0.819404602,1.06330299,1.88222027,0.945597649,1.12289906,1.15454865,1.23414803,1.25329876,1.45895195,1.63569832,2.64369345,0.808884621,0.232893944,0.897237778,0.554712296,0.680891991,0.853936195,0.826141357,0.994657516,0.980045319,1.24254704,1.24728584,1.25535202,0.833587646,0.856334686,0.474030495,0.367434502,0.329568863,0.677731514,0.158637047,0.225245476,0.265965462,0.0487565994,0.136206627,-0.0888261795,-0.117819786,-0.124878883,0.0932693481,-0.204172134,-0.00487232208,-0.255833626,-0.123393059,0.103899002,-0.0508880615,-0.0349693298
2026-08-22T12:32:48.647+00:00	1352.203	SUBSEG96 protocol=asd-research-v1.0.0 session=1 phase=DET window=37 group=2 segments=8 dims=96 fnv1a=a7fcd8f4 values=-10.3229227,-10.3229227,1.52555561,-10.3229227,-10.3229227,1.36750126,-10.3229227,1.11925602,-10.3229227,1.29760456,0.886255264,-10.3229227,0.949502945,1.37037849,1.05505943,-10.3229227,0.969266891,1.07235813,0.910037041,1.15503311,1.17333031,1.41592216,1.40039825,1.44458103,1.73393583,1.78889322,1.35329056,1.10222816,1.14488697,1.31354618,1.5541544,0.764135361,1.4151001,1.1681118,0.851685524,2.81316614,3.06193209,0.889538765,0.70514679,0.792816162,0.947274208,1.28245068,0.694622993,0.828771591,0.898229599,0.967442513,1.06485462,1.53915405,0.91067028,1.10223198,1.05129528,0.793222427,0.848546028,1.89067793,0.943595886,1.05765533,1.04172707,1.21828556,1.3169136,1.56662178,1.66668892,2.66118097,1.03027439,0.223078728,0.735193253,0.558955193,0.738262177,0.822826385,0.75429821,0.987466812,0.981667519,1.12729836,1.09094334,1.3456316,0.802296638,0.920067787,0.460596085,0.422550201,0.386468887,0.718053818,0.248464584,0.295503616,0.318881035,0.148122787,0.151638031,-0.112918854,-0.0732431412,-0.0803890228,0.0641431808,-0.125088692,0.0237007141,-0.224391937,-0.0676736832,0.192882538,-0.0797576904,-0.0592784882
2026-08-22T12:32:48.759+00:00	1352.313	SUBSEG96 protocol=asd-research-v1.0.0 session=1 phase=DET window=37 group=3 segments=8 dims=96 fnv1a=70310422 values=-10.3395815,-10.3395815,1.60412121,-10.3395815,-10.3395815,1.57490063,-10.3395815,1.55841446,-10.3395815,1.54178143,0.947739601,-10.3395815,1.46494484,1.93996286,1.6398325,-10.3395815,0.993268013,0.998657227,1.16574287,0.995865822,0.9547472,1.28872395,1.41433048,1.08902454,1.37888718,1.65667152,1.6137228,1.32246208,1.22498989,1.37918091,1.50761032,0.986662865,1.19902897,0.991382599,1.0117178,2.91291761,3.03312111,0.924261093,0.71327877,0.751211166,0.869862556,1.26785564,0.6123209,0.743577003,0.740564346,0.811073303,0.975172043,1.59915161,0.837251663,1.06504917,0.976789474,0.849370956,0.856207848,1.8592,0.759372711,0.895636559,1.16298103,1.26186371,1.22622681,1.47991753,1.56716919,2.65961742,0.974123001,0.264345169,0.793860435,0.561351776,0.656163216,0.745406151,0.815224648,0.929900169,1.02904129,1.13332462,1.10037231,1.3102293,0.906829834,0.858532906,0.45065403,0.327523232,0.352561951,0.683409691,0.265542984,0.21518898,0.274217606,0.117776871,0.118608475,-0.163770676,-0.0887651443,-0.114814758,-0.00546836853,-0.138382912,-0.0489559174,-0.219539642,-0.125741005,0.0668468475,-0.0927963257,-0.0913667679
2026-08-22T12:32:48.765+00:00	1352.313	FLAGS protocol=asd-quality-v1.5.0 mode=ALARM state=ANOMALY waiting=0 learning=0 learned=1 anomaly=1 hold=0 fault=0 green=off red=on guided25_available=1 workflow_pending=DEFAULT research_telemetry=1 profile_persistence_allowed=0 dropped=0
2026-08-22T12:32:48.888+00:00	1352.438	SUBSEG96 protocol=asd-research-v1.0.0 session=1 phase=DET window=37 group=4 segments=7 dims=96 fnv1a=aab21943 values=-10.3313961,-10.3313961,1.715693,-10.3313961,-10.3313961,1.54833508,-10.3313961,1.16833115,-10.3313961,0.895107269,1.00663185,-10.3313961,1.29048061,1.51119423,1.37337875,-10.3313961,0.907322884,0.795296669,0.928793907,0.909089088,0.959843636,1.34869862,1.48885918,1.1329298,1.67097759,1.91770697,1.37541771,1.34544754,1.26255798,1.29638481,1.52263832,0.768820763,1.34389114,1.14634228,0.949656487,2.81992149,3.01285028,0.982357979,0.772529602,0.667632103,0.929963112,1.24113655,0.706904411,0.911747932,0.681575775,0.751347542,0.932697296,1.41467667,0.692793846,1.10883808,1.04704762,0.863956451,0.972992897,1.86852551,0.818463326,1.07599068,1.18606186,1.31408215,1.21472931,1.52841759,1.67656851,2.69669247,1.28741837,0.342211723,0.779851913,0.59466362,0.678999901,0.900483131,0.841856956,1.0457077,1.0533514,1.17238617,1.12547112,1.36476994,0.878066063,0.883608818,0.506496429,0.437534332,0.293540001,0.708659172,0.27419281,0.238570213,0.271468163,0.159255981,0.10280323,-0.0705223083,-0.122361183,-0.0795955658,0.040971756,-0.169927597,-0.0328826904,-0.220762253,-0.085351944,0.126710892,-0.0773038864,-0.0695056915
2026-08-22T12:32:48.991+00:00	1352.547	SUBSEG96 protocol=asd-research-v1.0.0 session=1 phase=DET window=37 group=5 segments=7 dims=96 fnv1a=7eba064c values=-10.3278866,-10.3278866,1.579216,-10.3278866,-10.3278866,1.25221348,-10.3278866,1.40200138,-10.3278866,1.18172359,0.710754395,-10.3278866,1.14402008,1.5836401,1.45561886,-10.3278866,0.794915199,0.61534977,0.712412834,0.61737442,0.758905411,1.51940727,1.49270916,1.1997118,1.45694065,1.74735689,1.08259964,1.03661346,1.12094307,1.29391861,1.64545631,1.01827812,1.29184818,1.24462891,1.08912182,2.79247618,3.11254501,0.716290474,0.770341873,0.903105736,0.893745422,1.20736504,0.823482513,0.807118416,0.731935501,0.909311295,1.0309906,1.40812397,0.862604141,1.06184673,1.02308178,0.939041138,0.946211815,1.89819813,0.874305725,1.04352093,1.06672478,1.53211403,1.28420925,1.46404648,1.65646839,2.62504387,1.88827085,0.416415215,0.858205795,0.5725317,0.664242744,0.781602859,0.881313324,0.970720291,1.08189201,1.1547842,1.02619076,1.41235256,0.808876991,0.724241257,0.688988686,0.381039619,0.391820908,0.7814188,0.277326584,0.331212044,0.28096962,0.201508522,0.161785126,-0.0606250763,-0.0960931778,-0.0231628418,0.0320472717,-0.0547389984,-0.0155210495,-0.213920593,-0.0884456635,0.101408005,-0.0344638824,-0.0931072235
2026-08-22T12:32:53.749+00:00	1357.297	FLAGS protocol=asd-quality-v1.5.0 mode=ALARM state=ANOMALY waiting=0 learning=0 learned=1 anomaly=1 hold=0 fault=0 green=off red=on guided25_available=1 workflow_pending=DEFAULT research_telemetry=1 profile_persistence_allowed=0 dropped=0
2026-08-22T12:32:58.268+00:00	1361.828	QUALITY protocol=asd-quality-v1.5.0 phase=DET index=38 total=0 result=OK metrics_valid=1 samples=159744 expected=159744 rms_dbfs=-47.747 dc=-0.528 peak=643 clipped=0 zeros=482 stuck=272 dropped_delta=0 feature_valid=1 tonalness_valid=1 tonalness_proxy=2.981189 tonal_gate=pending_normal_only
2026-08-22T12:32:58.276+00:00	1361.828	DET 38 score=4930.31006 lo=0 hi=4374.05859 led=0 anom=1 total_anom=18 ALARM (uzastopnih=3 nivo=-47.7 dBFS racun=716 ms)
2026-08-22T12:32:58.405+00:00	1361.953	FEATURE96 protocol=asd-research-v1.0.0 session=1 phase=DET window=38 window_start_ms=1351292 window_end_ms=1360564 score=4930.31006 level_dbfs=-47.7470779 quality=OK tonalness_proxy=2.98118925 dims=96 fnv1a=23e935d0 values=-10.600462,-10.600462,1.85429811,-10.600462,-10.600462,1.85924721,-10.600462,2.5074172,-10.600462,2.78531361,2.52421188,-10.600462,2.07342577,2.09431839,1.85006714,-10.600462,1.50685644,1.52867174,1.50342607,1.1713028,1.07923412,1.27420139,1.24057579,1.10471916,1.41159105,1.58350658,1.12946415,1.20426941,1.51282549,1.34557438,1.52207851,1.23855305,1.21098804,1.41464663,1.35491753,2.98118925,2.91570377,1.28906918,1.00170898,0.817139626,0.855965614,1.05749416,0.751479149,0.659640312,0.692163467,0.714344978,1.06079769,1.2241497,0.596146584,0.788393021,0.868691444,0.845498085,0.981039047,1.66371822,0.753847122,0.826538086,0.919393539,1.13106155,0.981628418,1.26152134,1.30847073,2.47212076,1.18409252,0.090294838,0.617166519,0.320672035,0.45843792,0.542869568,0.642821312,0.780241966,0.857460022,0.877784729,1.03712082,1.04567432,0.589248657,0.604043961,0.275047302,0.353120804,0.253046989,0.458760262,0.0741062164,0.162069321,0.0686149597,0.34604454,-0.0942659378,-0.357237816,-0.0610713959,-0.0131130219,-0.104883194,-0.150971413,-0.00463294983,-0.391484261,0.202490807,-0.136146545,0.158437729,-0.186668396
2026-08-22T12:32:58.511+00:00	1362.063	SUBSEG96 protocol=asd-research-v1.0.0 session=1 phase=DET window=38 group=1 segments=8 dims=96 fnv1a=b2da3fbc values=-10.3612223,-10.3612223,1.41979313,-10.3612223,-10.3612223,1.4593277,-10.3612223,1.53871059,-10.3612223,1.56285667,1.01638699,-10.3612223,1.10749245,1.55016994,1.31996059,-10.3612223,0.730162621,0.633757591,0.821978569,0.825675011,0.87962532,1.55636215,1.49977303,0.959223747,1.69536495,1.94532537,1.28969097,1.04221153,1.22892952,1.38706398,1.64830494,0.963960648,1.29854393,1.17099953,0.962565422,2.76942301,3.10834026,0.846435547,0.881337166,0.892522812,0.831913948,1.15038013,0.823649406,0.826424599,1.00705624,0.90982914,0.980490685,1.44796944,0.884658813,1.12447453,0.955475807,0.880908012,0.94198513,1.84488535,0.950362206,1.00390434,1.15550423,1.38932133,1.2772646,1.54670048,1.67513371,2.58775949,1.47704029,0.294553757,0.697524071,0.631487846,0.625792503,0.795832634,0.864430428,0.966824532,1.01628971,1.098526,1.12858677,1.38509178,0.907325745,0.811157227,0.560091019,0.405222893,0.244748116,0.713779449,0.239282608,0.257292747,0.323721886,0.132515907,0.0838632584,-0.159349442,-0.192807198,-0.105029106,0.0193195343,-0.123124123,0.00254917145,-0.237559319,-0.100189209,0.0984869003,-0.0550460815,-0.12665844
2026-08-22T12:32:58.618+00:00	1362.172	SUBSEG96 protocol=asd-research-v1.0.0 session=1 phase=DET window=38 group=2 segments=8 dims=96 fnv1a=a53f8db8 values=-10.3388605,-10.3388605,1.40291786,-10.3388605,-10.3388605,1.47069931,-10.3388605,1.35712051,-10.3388605,1.75651836,1.26425362,-10.3388605,1.00863266,1.42291355,0.858773232,-10.3388605,0.78151226,0.835220337,0.866494179,0.993932724,1.03294182,1.45526123,1.525527,1.29936981,1.3953371,1.76110983,1.46837616,1.10698128,0.881851196,1.48723984,1.69860125,0.910925865,1.28944016,1.04242325,1.12696648,2.82920551,3.14364481,0.784032822,0.664326668,0.649072647,0.772715569,1.30661392,0.940611839,0.946976662,0.880105972,0.634504318,1.00030994,1.44824982,0.83685112,0.913547516,1.11097622,0.864808083,1.11610126,1.87621641,0.850580215,1.10466099,1.05812645,1.26659775,1.2245121,1.46985722,1.60383987,2.6569829,1.43081951,0.36190033,0.853326797,0.575508118,0.759263992,0.807696342,0.836558342,0.958101273,1.06276798,1.20559025,1.09957695,1.30943203,0.835419655,0.781064034,0.571561813,0.42463398,0.307892799,0.769311905,0.249156952,0.215889931,0.293549538,0.156455994,0.135393143,-0.123743057,-0.0853366852,-0.0945291519,0.0285425186,-0.158257484,0.00685501099,-0.22772789,-0.13140583,0.125517845,-0.0420646667,-0.0430412292
2026-08-22T12:32:58.726+00:00	1362.282	SUBSEG96 protocol=asd-research-v1.0.0 session=1 phase=DET window=38 group=3 segments=8 dims=96 fnv1a=a2c0a3f3 values=-10.3354483,-10.3354483,1.68352413,-10.3354483,-10.3354483,1.66654253,-10.3354483,1.23473835,-10.3354483,1.23880768,0.981399536,-10.3354483,1.05439568,1.21099663,1.11329269,-10.3354483,0.869476318,0.97538662,0.838945389,0.499135971,0.629188538,1.39190483,1.56383705,1.47365379,1.53013134,1.74259138,1.09668446,1.09284306,1.07438946,1.34897518,1.6618309,1.02236557,1.34663391,1.29887772,1.07893753,2.95440102,3.21942854,0.673333168,0.744454384,0.88621521,0.939801216,1.11274052,0.802585602,0.696464539,0.944487572,0.883639336,1.07360268,1.51520729,0.826935768,1.01467037,1.15174198,0.897660255,0.960048676,1.85831308,0.930110931,1.10059643,1.21658039,1.39270592,1.22835064,1.61100483,1.54222202,2.70220804,1.26936722,0.455750465,0.820753098,0.499435425,0.691643715,0.841929436,0.897097588,1.03312969,0.983971596,1.16879272,1.07510376,1.32746029,0.831394196,0.928290367,0.435961723,0.382673264,0.295571327,0.743415833,0.217391014,0.253190994,0.316216469,0.151220322,0.132786751,-0.135313988,-0.109131813,-0.0802383423,0.0609903336,-0.0962028503,0.0160284042,-0.176487923,-0.11472702,0.0932970047,-0.0305500031,-0.0955686569
2026-08-22T12:32:58.773+00:00	1362.328	SUBSEG96 protocol=asd-research-v1.0.0 session=1 phase=DET window=38 group=4 segments=7 dims=96 fnv1a=caa14391 values=-10.7538166,-10.7538166,2.30963659,-10.7538166,-10.7538166,2.31599474,-10.7538166,3.06562471,-10.7538166,3.34816122,3.08944607,-10.7538166,2.56468534,2.40645885,2.07363176,-10.7538166,1.70376587,2.01209164,1.95101595,1.58187056,1.45916939,1.2184763,0.891238213,1.19727707FLAGS protocol=asd-quality-v1.5.0 mode=ALARM state=ANOMALY waiting=0 learning=0 learned=1 anomaly=1 hold=0 fault=0 green=off red=on guided25_available=1 workflow_pending=DEFAULT research_telemetry=1 profile_persistence_allowed=0 dropped=0
2026-08-22T12:32:58.851+00:00	1362.407	,1.5532198,1.47984934,1.12731266,1.60569954,2.00989294,1.58696365,1.70591927,1.68464613,1.39305353,1.85848665,1.57314539,2.60384083,2.9562397,1.80817032,1.4056859,1.11995602,1.15131855,0.990703583,0.970919609,0.756134987,0.590078354,0.919517517,1.04986954,1.20187759,0.449816704,0.80483532,0.96252346,1.10406494,0.681731224,1.40733576,0.844842911,0.719362259,0.908901215,1.04984856,0.785140991,1.0499115,1.1646204,2.56442738,1.34409714,-0.00429153442,0.594010353,0.262458801,0.374692917,0.494508743,0.569700241,0.648736954,0.719787598,0.769890785,0.601302147,0.993878365,0.463638306,0.371751785,0.215501785,0.0874652863,-0.0643787384,0.202192307,-0.011598587,-0.0939207077,-0.14810276,-0.198778152,-0.180199623,-0.468736649,-0.49487114,-0.38848114,-0.293655396,-0.55399704,-0.405391693,-0.551307678,-0.493465424,-0.306930542,-0.424189568,-0.389411926
2026-08-22T12:32:58.961+00:00	1362.516	SUBSEG96 protocol=asd-research-v1.0.0 session=1 phase=DET window=38 group=5 segments=7 dims=96 fnv1a=7a2c5ed8 values=-10.5894413,-10.5894413,1.55057859,-10.5894413,-10.5894413,1.51111126,-10.5894413,1.64317274,-10.5894413,1.83976364,1.63172102,-10.5894413,2.00467968,2.4286027,2.28835678,-10.5894413,1.96773529,1.39180279,1.52426052,1.14592266,1.00172615,1.34645367,1.28593254,0.998999596,1.30996323,1.57426453,1.18897724,0.824894905,0.907943726,1.21948433,1.29490757,0.883856773,1.15637493,0.977209091,1.69017982,3.52398205,2.65281105,0.449164391,0.851341248,0.629823685,0.727705002,1.26622581,0.55888176,0.571169853,0.641914368,0.554470062,1.43525791,1.08731747,0.601343155,0.606777191,0.637712479,0.747364044,1.41797161,1.89155865,0.730549812,0.824867249,0.840202332,1.16938972,1.00608253,1.21926689,1.07927418,2.38398981,0.533098221,-0.106624603,0.713241577,0.220340729,0.457655907,0.323344231,0.669117928,0.90879631,1.07460499,0.720433235,1.47844315,0.647034645,0.506100655,0.723267555,0.177988052,0.76404953,0.695785522,0.461014748,0.260199547,0.54317379,0.169778824,0.938995361,-0.0192508698,-0.273529053,0.464542389,0.50911808,0.177886009,0.313943863,0.468708992,-0.18360424,0.839298248,-0.0678024292,0.755743027,0.155357361
2026-08-22T12:33:03.760+00:00	1367.313	FLAGS protocol=asd-quality-v1.5.0 mode=ALARM state=ANOMALY waiting=0 learning=0 learned=1 anomaly=1 hold=0 fault=0 green=off red=on guided25_available=1 workflow_pending=DEFAULT research_telemetry=1 profile_persistence_allowed=0 dropped=0
2026-08-22T12:33:08.242+00:00	1371.797	QUALITY protocol=asd-quality-v1.5.0 phase=DET index=39 total=0 result=OK metrics_valid=1 samples=159744 expected=159744 rms_dbfs=-45.300 dc=-0.504 peak=926 clipped=0 zeros=368 stuck=263 dropped_delta=0 feature_valid=1 tonalness_valid=1 tonalness_proxy=3.642907 tonal_gate=pending_normal_only
2026-08-22T12:33:08.251+00:00	1371.813	DET 39 score=29151.0898 lo=0 hi=4374.05859 led=0 anom=1 total_anom=19 ALARM (uzastopnih=3 nivo=-45.3 dBFS racun=716 ms)
2026-08-22T12:33:08.387+00:00	1371.938	FEATURE96 protocol=asd-research-v1.0.0 session=1 phase=DET window=39 window_start_ms=1361272 window_end_ms=1370538 score=29151.0898 level_dbfs=-45.3000488 quality=OK tonalness_proxy=3.64290714 dims=96 fnv1a=1cdb4771 values=-10.5843706,-10.5843706,1.74675369,-10.5843706,-10.5843706,1.84249973,-10.5843706,2.0950141,-10.5843706,2.06681395,1.42939568,-10.5843706,1.49543333,2.05317688,1.93545723,-10.5843706,1.50231743,1.23310089,1.22650909,1.25044632,1.05948544,1.26635933,1.20758533,0.979011536,1.40525913,1.49822617,0.911978722,0.786834717,0.866960526,1.1636734,1.35708046,0.827674866,1.13775921,0.99976635,1.05697536,3.64290714,1.95774937,0.725148201,0.53900528,0.744467735,0.755683899,1.05563164,0.622659683,0.589344978,0.653680801,0.704874992,1.45292044,0.95399189,0.685680389,0.68825531,0.761008263,0.668224335,0.944547653,2.21242142,0.749032021,0.839086533,0.932785988,1.21614075,1.00407696,1.28516483,1.03424168,2.28709888,0.443559647,-0.0274362564,0.763587952,0.293297768,0.416302681,0.416954041,0.766501427,0.863180161,0.970751762,0.781654358,1.51936579,0.61622715,0.601254463,0.769737244,0.172966957,0.852502823,0.601993561,0.427616119,0.19192028,0.472604752,0.0890169144,1.10073757,0.123867035,-0.286326408,0.165785789,0.836206436,0.0282773972,0.611890793,0.654111862,-0.0450725555,1.04803562,-0.0332775116,1.69124794,0.668409348
2026-08-22T12:33:08.488+00:00	1372.047	SUBSEG96 protocol=asd-research-v1.0.0 session=1 phase=DET window=39 group=1 segments=8 dims=96 fnv1a=49021b01 values=-10.4663572,-10.4663572,2.10517406,-10.4663572,-10.4663572,1.38137627,-10.4663572,1.60350323,-10.4663572,1.47956276,1.55591059,-10.4663572,1.60119486,1.37670135,1.35000134,-10.4663572,1.29627419,1.33036709,1.48603058,1.44412899,1.09552479,1.29769993,1.15477562,1.08655262,1.48094749,1.76200294,1.02741432,0.955394745,1.04576683,1.26407051,1.33454227,0.978569984,1.19771194,0.864387512,1.01701546,3.74408102,1.85073853,0.787389755,0.711150169,0.794843674,0.848026276,1.13782883,0.855059624,0.744148254,0.818200111,0.855286598,1.57247448,1.08578014,0.722891808,0.774054527,0.924811363,0.76576519,0.801330566,2.22712231,0.889554977,0.989247322,1.05119228,1.34567261,1.08535576,1.41515732,1.14470291,2.40515137,0.53137207,0.0964250565,0.813238144,0.46059227,0.552275658,0.430569649,0.83528614,0.90901947,1.14634323,0.935366631,1.3106966,0.696913719,0.701328278,0.742091179,0.349694252,0.301870346,0.200475693,0.388335228,0.233430862,0.512334824,0.205664635,0.917812347,0.12726593,-0.173478127,-0.112837791,0.816332817,0.163532257,-0.0296945572,0.0398845673,-0.225603104,0.192594528,0.075799942,1.24130726,0.425032616
2026-08-22T12:33:08.595+00:00	1372.157	SUBSEG96 protocol=asd-research-v1.0.0 session=1 phase=DET window=39 group=2 segments=8 dims=96 fnv1a=c8294631 values=-10.5993547,-10.5993547,2.05668831,-10.5993547,-10.5993547,2.40389252,-10.5993547,2.68009853,-10.5993547,2.65982246,1.87609005,-10.5993547,1.95458174,2.63143253,2.49891901,-10.5993547,2.00480223,1.50247717,1.30807972,1.0648737,0.709859848,1.14831924,1.02636433,0.395287514,1.20590878,1.39079094,0.884044647,0.748663902,0.944959641,1.18583107,1.43667507,1.08196354,1.03927803,1.0542345,1.048172,3.66819334,2.50131559,0.852488518,0.561932564,0.748408318,0.792612076,1.10066319,0.623163223,0.425841331,0.588628769,0.583506584,1.43332958,1.01883602,0.677174568,0.645657539,0.808950424,0.680422783,0.741353989,2.12894583,0.762888908,0.816074371,0.899559021,1.21259975,1.07747269,1.44681025,1.05804634,2.2938838,0.406478882,0.0868644714,0.839503288,0.343887329,0.352069855,0.466609001,0.641967773,0.945444107,0.877578735,0.834500313,1.46731281,0.607288361,0.569523811,0.795034409,0.198758125,0.346487045,0.237835884,0.639679909,0.10620594,0.258213997,0.120139122,0.874152184,0.116991043,-0.329589844,-0.173851013,0.712686539,0.0488815308,-0.10831356,0.579648018,-0.301651001,0.694145203,-0.0148983002,1.05332279,0.411001205
2026-08-22T12:33:08.700+00:00	1372.250	SUBSEG96 protocol=asd-research-v1.0.0 session=1 phase=DET window=39 group=3 segments=8 dims=96 fnv1a=4ce43257 values=-10.5374832,-10.5374832,1.17204952,-10.5374832,-10.5374832,1.39379406,-10.5374832,1.46825886,-10.5374832,1.23012924,1.05791759,-10.5374832,1.01515007,1.52196121,1.50477028,-10.5374832,1.18850136,1.12444782,1.26420689,1.53280258,1.38945293,1.51133204,1.44735718,1.30459785,1.58639145,1.43963432,0.794054985,0.455513,0.688570023,1.14347363,1.3978405,0.737273216,1.07416725,0.89187336,0.975113869,3.70390892,1.5310955,0.699364662,0.49213028,0.553497314,0.70130825,1.07493782,0.575192451,0.629218102,0.743095398,0.691494942,1.54581022,0.894047737,0.648292542,0.80645752,0.838240623,0.839945793,0.987214088,2.33570862,0.796088219,0.795445442,1.04542923,1.32380104,1.08724213,1.17112827,1.099226,2.28914404,0.56445694,0.0566968918,0.800989151,0.321316719,0.42088604,0.460906982,0.811001778,0.848860741,1.03216457,0.815058708,1.68917704,0.611569405,0.684411049,0.881121635,0.213653564,1.04202175,0.896114349,0.612783432,0.284941673,0.565244675,0.130996704,1.26214027,0.227897644,-0.228838921,0.222795486,0.939464569,0.00109577179,0.803214073,0.974411011,0.0733642578,1.31259537,0.04936409,1.83859634,0.870210648
2026-08-22T12:33:08.800+00:00	1372.360	SUBSEG96 protocol=asd-research-v1.0.0 session=1 phase=DET window=39 group=4 segments=7 dims=96 fnv1a=e24c0683 values=-10.5145445,-10.5145445,1.15221214,-10.5145445,-10.5145445,1.0883503,-10.5145445,1.12332726,-10.5145445,1.2608757,0.678792,-10.5145445,0.91118145,1.36554337,1.30414772,-10.5145445,1.14268017,1.23094654,1.07719707,1.14116192,1.11374569,1.33241558,1.24033546,0.990611076,1.57129097,1.58025551,1.01672554,0.897357941,0.918387413,1.32771206,1.32141304,0.760228157,1.30613899,1.25863647,1.25658798,3.66439342,1.07115936,0.887235641,0.641783714,0.877256393,0.879127502,1.03843403,0.600811958,0.702140808,0.749455452,0.937228203,1.57621431,1.05321884,0.720672607,0.75965023,0.694653511,0.712701797,1.1825161,2.31976414,0.753513336,0.932504654,1.06711483,1.18910027,0.841609001,1.32918072,1.14247227,2.37048817,0.551318169,-0.0682525635,0.824044228,0.247987747,0.55004406,0.562454224,0.873669624FLAGS protocol=asd-quality-v1.5.0 mode=ALARM state=ANOMALY waiting=0 learning=0 learned=1 anomaly=1 hold=0 fault=0 green=off red=on guided25_available=1 workflow_pending=DEFAULT research_telemetry=1 profile_persistence_allowed=0 dropped=0
2026-08-22T12:33:08.818+00:00	1372.375	,0.967051506,1.05317879,0.788813591,1.63836336,0.687981606,0.708577156,0.878829002,0.208750725,1.05668163,0.8595047,0.276721954,0.203020096,0.574576378,0.142918587,1.26571083,0.20559597,-0.182538033,0.284615517,0.847763062,0.03748703,1.06467819,0.694471359,0.23372364,1.32014847,0.000671386719,1.93807411,0.757009506
2026-08-22T12:33:08.934+00:00	1372.485	SUBSEG96 protocol=asd-research-v1.0.0 session=1 phase=DET window=39 group=5 segments=7 dims=96 fnv1a=2203344f values=-10.5327606,-10.5327606,1.52748775,-10.5327606,-10.5327606,1.37609863,-10.5327606,1.56828165,-10.5327606,1.57546234,1.0456419,-10.5327606,1.09257412,1.56551647,1.4543705,-10.5327606,0.959150314,0.977814674,1.12036324,1.1275301,1.01171589,1.21906853,1.33031654,1.01233196,1.38090515,1.54162598,1.08334446,1.01004601,0.943649292,1.15215778,1.51235247,0.586157799,1.31804943,1.09443092,1.21478271,3.69452095,1.07960033,0.578804016,0.53860569,0.954398155,0.818770409,1.17654133,0.686097145,0.699492455,0.617048264,0.687941551,1.37917614,0.965470314,0.900303841,0.715084076,0.757683754,0.536020279,1.15954781,2.30489254,0.800630569,0.92905426,0.828892708,1.25319004,1.11617851,1.24313736,0.973381042,2.34796524,0.414173126,-0.124084473,0.791275024,0.326216698,0.477275848,0.412125587,0.929962158,0.895632744,1.0037117,0.77685833,1.65157557,0.747581482,0.606987953,0.793077469,0.135016441,1.17474461,0.658611298,0.205433846,0.375388145,0.672041893,0.106501579,1.3053484,0.198752403,-0.245275497,0.547733307,1.0727272,0.14643383,0.661520004,0.763005257,0.0975446701,1.21478653,-0.0210828781,2.02247334,0.924255371
2026-08-22T12:33:13.769+00:00	1377.328	FLAGS protocol=asd-quality-v1.5.0 mode=ALARM state=ANOMALY waiting=0 learning=0 learned=1 anomaly=1 hold=0 fault=0 green=off red=on guided25_available=1 workflow_pending=DEFAULT research_telemetry=1 profile_persistence_allowed=0 dropped=0
2026-08-22T12:33:18.280+00:00	1381.828	QUALITY protocol=asd-quality-v1.5.0 phase=DET index=40 total=0 result=OK metrics_valid=1 samples=159744 expected=159744 rms_dbfs=-46.559 dc=-0.532 peak=810 clipped=0 zeros=456 stuck=315 dropped_delta=0 feature_valid=1 tonalness_valid=1 tonalness_proxy=3.684288 tonal_gate=pending_normal_only
2026-08-22T12:33:18.288+00:00	1381.844	DET 40 score=39874.2305 lo=0 hi=4374.05859 led=0 anom=1 total_anom=20 ALARM (uzastopnih=3 nivo=-46.6 dBFS racun=716 ms)
2026-08-22T12:33:18.419+00:00	1381.969	FEATURE96 protocol=asd-research-v1.0.0 session=1 phase=DET window=40 window_start_ms=1371242 window_end_ms=1380576 score=39874.2305 level_dbfs=-46.5590973 quality=OK tonalness_proxy=3.68428755 dims=96 fnv1a=7a1b61db values=-10.5108299,-10.5108299,1.35794926,-10.5108299,-10.5108299,1.41398525,-10.5108299,1.3443222,-10.5108299,1.33692169,1.07472134,-10.5108299,1.18211937,1.54151821,1.52215624,-10.5108299,1.38432503,1.10223866,1.02047348,0.882723808,1.03185463,1.63211632,1.36248207,1.11555672,1.63054419,1.73046303,1.01879692,0.898519516,1.04363823,1.23153305,1.41619778,0.898655891,1.15463161,1.02623367,1.01357269,3.68428755,1.27546215,0.68202877,0.673558235,0.862372398,0.666725159,1.08449173,0.652970314,0.567056656,0.728826523,0.779838562,1.37994862,0.948243141,0.828968048,0.834516525,0.88037014,0.623501778,0.981193542,2.29457378,0.834633827,0.882229805,0.927991867,1.19312477,1.07548714,1.24737453,1.04248428,2.29540205,0.438544273,0.0303936005,0.841100693,0.270349503,0.543351173,0.424276352,0.817237854,0.873996735,1.08268261,0.756308556,1.74270964,0.722277641,0.620001793,0.82641983,0.190844536,0.943334579,0.468003273,0.185843468,0.351900101,0.739480972,0.0990943909,1.30076599,0.163973808,-0.226629257,0.10468483,1.52420425,0.272535324,0.459479332,0.463003159,0.050037384,1.01921558,0.0723161697,1.76147842,0.857427597
2026-08-22T12:33:18.523+00:00	1382.078	SUBSEG96 protocol=asd-research-v1.0.0 session=1 phase=DET window=40 group=1 segments=8 dims=96 fnv1a=1c614360 values=-10.4916363,-10.4916363,1.45985985,-10.4916363,-10.4916363,1.51111412,-10.4916363,1.35389996,-10.4916363,1.19565201,0.989650726,-10.4916363,1.117033,1.47519588,1.46238327,-10.4916363,1.04550362,1.037817,0.874328613,0.955869675,0.743571281,1.1987381,1.06317425,1.2112875,1.54790783,1.66646242,1.02987957,0.884559631,0.997729301,1.25485039,1.43977261,0.792551041,1.24543285,1.04647446,1.08242798,3.71513033,1.33685493,0.608448982,0.57758522,0.964508057,0.721053123,1.08757496,0.782834053,0.484154701,0.73677063,0.851898193,1.37334538,1.03641701,0.78163147,0.871901512,0.87756443,0.714599609,1.04503441,2.32962179,0.894291878,0.887758255,0.84252739,1.20039177,1.05865097,1.2889328,1.07909298,2.27577925,0.5203228,0.0530233383,0.852071762,0.247952461,0.546670914,0.411681175,0.933984756,0.898477554,1.02968597,0.748633385,1.76415205,0.706648827,0.629487991,0.84576416,0.204227448,1.01816273,0.603908539,0.203242302,0.395936012,0.705493927,0.118644714,1.36623478,0.119236946,-0.198236465,0.0661249161,1.4233036,0.277359962,0.674747467,0.429571152,0.242620468,1.04024696,0.109888077,1.94092751,0.89553833
2026-08-22T12:33:18.630+00:00	1382.188	SUBSEG96 protocol=asd-research-v1.0.0 session=1 phase=DET window=40 group=2 segments=8 dims=96 fnv1a=3f47622d values=-10.4649458,-10.4649458,1.12271404,-10.4649458,-10.4649458,1.22988319,-10.4649458,1.04800224,-10.4649458,1.11502266,1.02602005,-10.4649458,1.16323853,1.51060009,1.58564854,-10.4649458,1.32810783,0.983651161,0.774748802,0.669610977,0.635201454,1.35533047,1.28584003,0.754683495,1.57317877,1.79332352,0.941109657,0.721355438,0.756217957,1.25709057,1.46383381,0.976027489,1.26093006,1.13202477,0.977964401,3.71892786,1.43787003,0.781511307,0.742542267,0.786313057,0.550289154,1.22289944,0.673171997,0.441203117,0.84115696,0.893249512,1.34006786,0.949889183,0.998788834,0.863476753,0.680076599,0.658247948,0.926525116,2.37318516,0.895198822,0.824893951,0.996144295,1.27269363,1.14933586,1.35012341,1.08127403,2.40472746,0.468238831,0.129702568,0.910344124,0.266172409,0.671035767,0.524145126,0.863792419,0.926239014,1.14838791,0.755897522,1.76021481,0.819049835,0.674151421,0.857092857,0.242238045,0.932579994,0.550340652,0.186779976,0.326976776,0.747956276,0.193077087,1.3840847,0.138345718,-0.164030075,0.0586881638,1.55567837,0.278104782,0.579274178,0.481796265,0.140658379,1.04032803,0.198289871,1.83770943,0.941207886
2026-08-22T12:33:18.737+00:00	1382.297	SUBSEG96 protocol=asd-research-v1.0.0 session=1 phase=DET window=40 group=3 segments=8 dims=96 fnv1a=68ba1ea4 values=-10.5106792,-10.5106792,1.31962776,-10.5106792,-10.5106792,1.37461376,-10.5106792,1.30870247,-10.5106792,1.43485832,1.12563324,-10.5106792,1.17467117,1.6661787,1.59223461,-10.5106792,1.69104242,1.29596329,0.834974289,0.775298119,1.06157684,1.34588432,1.26084614,1.0882206,1.59821939,1.74485874,1.21252251,0.821887016,0.807154655,1.20985985,1.37009621,0.996350288,1.17525864,1.04091167,1.16902161,3.64396,1.07842541,0.63476944,0.72300148,0.87750721,0.715189934,0.979598045,0.613957405,0.598320961,0.557123184,0.645364761,1.38572693,0.910072327,0.861391068,0.744702339,0.888178825,0.488179207,1.1972456,2.30791092,0.814135551,0.886183739,0.94784832,1.17242432,1.16405392,1.15724373,1.12253761,2.33945799,0.369822502,-0.0192813873,0.890863419,0.284154892,0.560950279,0.40667057,0.812567711,0.832170486,1.04300594,0.807130814,1.78252888,0.760790825,0.594215393,0.817144394,0.204328537,1.05256557,0.318318367,0.214107513,0.419643402,0.811859131,0.176082611,1.35716438,0.183127403,-0.219326973,0.322764397,1.47498703,0.314914703,0.563764572,0.226509094,0.170978546,1.07369328,0.020450592,1.83246422,0.673238754
2026-08-22T12:33:18.795+00:00	1382.344	SUBSEG96 protocol=asd-research-v1.0.0 session=1 phase=DET window=40 group=4 segments=7 dims=96 fnv1a=b3a4d005 values=-10.4982796,-10.4982796,1.55678082,-10.4982796,-10.4982796,1.64268112,-10.4982796,1.69497156,-10.4982796,1.50542307,1.23601341,-10.4982796,1.20436764,1.41897583,1.53265572,-10.4982796,1.34482479,0.803031921,1.0226326,0.755361557,1.10203362,1.47741985,1.45148849,1.10881042,1.55598593,1.75230408,0.896968842,0.657701492,1.07381248,1.25764751,1.46236897,0.896523476,1.01432896,1.06997395,0.986404419FLAGS protocol=asd-quality-v1.5.0 mode=ALARM state=ANOMALY waiting=0 learning=0 learned=1 anomaly=1 hold=0 fault=0 green=off red=on guided25_available=1 workflow_pending=DEFAULT research_telemetry=1 profile_persistence_allowed=0 dropped=0
2026-08-22T12:33:18.857+00:00	1382.407	,3.68372154,1.15606976,0.753510475,0.755954742,0.93410778,0.813402176,1.09797192,0.57525444,0.754901886,0.726027489,0.733478546,1.33938503,0.982981682,0.858886719,0.85400486,1.06578064,0.658110619,0.914972305,2.3109026,0.85739994,0.956022263,0.906657219,1.18722916,1.10302067,1.32717419,0.889015198,2.27372551,0.456498146,0.0861167908,0.828388214,0.300105095,0.547562599,0.420571327,0.777956009,0.903708458,1.13357449,0.84963131,1.70338488,0.701012611,0.604866982,0.897460938,0.200041771,0.886537552,0.407471657,0.264492035,0.371513367,0.75582695,0.0198717117,1.21752071,0.221429825,-0.211514473,-0.00541114807,1.56956625,0.280286789,-0.0960664749,0.571871758,-0.269342422,0.962602615,0.0822753906,1.60037422,0.995010376
2026-08-22T12:33:18.973+00:00	1382.532	SUBSEG96 protocol=asd-research-v1.0.0 session=1 phase=DET window=40 group=5 segments=7 dims=96 fnv1a=0b21e880 values=-10.5181274,-10.5181274,1.28822517,-10.5181274,-10.5181274,1.25161266,-10.5181274,1.08544636,-10.5181274,1.39347363,1.03000355,-10.5181274,1.30745411,1.6405468,1.49156094,-10.5181274,1.29184341,1.2505188,1.38275051,1.15151024,1.34423542,2.1313777,1.63875341,1.309165,1.86498642,1.76216078,0.979250908,1.22772884,1.38075733,1.25184536,1.41697025,0.867214203,1.08489609,0.873164177,0.821315765,3.72991371,1.35121822,0.692834854,0.616591454,0.786107063,0.542396545,1.08308029,0.654333115,0.572835922,0.817915916,0.810474396,1.50966406,0.922337532,0.638519287,0.903683662,0.890829086,0.648542404,0.708167076,2.20324898,0.771012306,0.922466278,1.00226498,1.20032406,0.926624298,1.15745735,1.05991745,2.22870255,0.439738274,-0.0420665741,0.776550293,0.324457169,0.426093102,0.422123909,0.731898308,0.881275177,1.12826824,0.672403336,1.76465225,0.676568031,0.666291237,0.78258419,0.171507835,0.841730118,0.476032257,0.12117672,0.296815872,0.736709595,0.0132274628,1.20116329,0.224822998,-0.276901245,0.0326290131,1.64971733,0.279248238,0.197106361,0.611453056,-0.273251534,1.03453064,-0.00346851349,1.48200941,0.807533264
2026-08-22T12:33:23.779+00:00	1387.328	FLAGS protocol=asd-quality-v1.5.0 mode=ALARM state=ANOMALY waiting=0 learning=0 learned=1 anomaly=1 hold=0 fault=0 green=off red=on guided25_available=1 workflow_pending=DEFAULT research_telemetry=1 profile_persistence_allowed=0 dropped=0
2026-08-22T12:33:28.254+00:00	1391.813	QUALITY protocol=asd-quality-v1.5.0 phase=DET index=41 total=0 result=OK metrics_valid=1 samples=159744 expected=159744 rms_dbfs=-45.860 dc=-0.434 peak=861 clipped=0 zeros=407 stuck=267 dropped_delta=0 feature_valid=1 tonalness_valid=1 tonalness_proxy=3.651604 tonal_gate=pending_normal_only
2026-08-22T12:33:28.263+00:00	1391.813	DET 41 score=46252.1758 lo=0 hi=4374.05859 led=0 anom=1 total_anom=21 ALARM (uzastopnih=3 nivo=-45.9 dBFS racun=716 ms)
2026-08-22T12:33:28.388+00:00	1391.938	FEATURE96 protocol=asd-research-v1.0.0 session=1 phase=DET window=41 window_start_ms=1381282 window_end_ms=1390550 score=46252.1758 level_dbfs=-45.8598022 quality=OK tonalness_proxy=3.65160418 dims=96 fnv1a=a495b4ed values=-10.5309,-10.5309,1.30226994,-10.5309,-10.5309,1.21470356,-10.5309,1.31041241,-10.5309,1.28147984,1.0338192,-10.5309,1.19795895,1.57918072,1.46060848,-10.5309,1.07822895,0.939273834,0.988575935,0.979097366,1.01562881,1.62625837,1.28113651,0.977464676,1.46601963,1.61445951,1.01578808,0.856436729,0.808105469,1.22702599,1.24918365,0.830389977,1.15905476,0.924943924,1.36509323,3.65160418,1.30002022,0.537072182,0.641179085,0.741827011,0.815297127,1.12059784,0.604477882,0.558334351,0.634386063,0.697154045,1.48534775,1.00175095,0.794330597,0.860110283,0.861909866,0.691243172,1.06899929,2.17240047,0.729506493,0.890324593,0.92327404,1.22130203,1.02209187,1.24007607,0.983696938,2.32416439,0.456569672,-0.0693759918,0.93827343,0.29246521,0.454949379,0.478182793,0.770853996,0.871796608,1.02904701,0.731241226,1.83166218,0.647492409,0.565345764,0.78319931,0.172232628,1.06678009,0.45675087,0.330615997,0.337838173,0.682621002,0.220644951,1.31641197,0.185571671,-0.215701103,1.11900711,1.78590107,0.176110268,1.01347542,1.01608372,0.0402002335,1.34331417,-0.0979385376,1.52756023,0.632890701
2026-08-22T12:33:28.495+00:00	1392.047	SUBSEG96 protocol=asd-research-v1.0.0 session=1 phase=DET window=41 group=1 segments=8 dims=96 fnv1a=62d1bc8c values=-10.4613132,-10.4613132,1.2086134,-10.4613132,-10.4613132,1.34459686,-10.4613132,1.63479757,-10.4613132,1.63188887,1.1570797,-10.4613132,0.907013893,1.42798424,1.46222496,-10.4613132,1.28931427,1.09128952,1.03716946,0.915150642,0.972780228,1.37048244,1.43381786,1.12858295,1.43293667,1.56913996,1.1848793,0.937721252,0.849687576,1.27601051,1.49545383,0.780202866,1.21345043,0.982341766,1.05497456,3.73178816,1.59243011,0.430906296,0.755684853,0.830706596,0.91955471,1.05314255,0.613947868,0.742895126,0.670347214,0.771137238,1.53166866,0.864460945,0.650027275,0.968310356,1.04340649,0.79531002,0.879764557,2.20549917,0.725734711,0.94096756,0.961315155,1.29130268,1.03834057,1.22648335,1.09772205,2.30673742,0.523488998,-0.047706604,0.872414589,0.245251656,0.560129166,0.528307915,0.844764709,0.886321068,1.06904602,0.810129166,1.77988434,0.711385727,0.594020844,0.78700161,0.265790939,0.691543579,0.46966362,0.349359512,0.437433243,0.717055321,-0.030339241,1.12317657,0.355304718,-0.19821167,0.116641045,1.6806612,0.350822449,-0.101855278,0.979519844,-0.24355793,0.98155117,0.0691585541,1.47980595,0.603450775
2026-08-22T12:33:28.602+00:00	1392.157	SUBSEG96 protocol=asd-research-v1.0.0 session=1 phase=DET window=41 group=2 segments=8 dims=96 fnv1a=2641230a values=-10.5165348,-10.5165348,1.44658756,-10.5165348,-10.5165348,1.25055981,-10.5165348,1.153409,-10.5165348,1.31144619,1.12091923,-10.5165348,1.32144642,1.77349997,1.56398058,-10.5165348,0.779395103,0.974827766,0.865075111,0.999988556,0.883815765,1.23994637,1.04174519,0.742663383,1.42580032,1.52854776,1.0346365,0.84180069,0.727519035,1.03501415,1.39700699,0.905700684,1.33006477,1.01030636,1.25869656,3.70373201,1.39593315,0.571660995,0.495023727,0.837248802,0.873515129,1.07740974,0.641189575,0.516570091,0.784427643,0.668324471,1.45970917,1.03442287,0.765983582,0.848490715,0.820493698,0.727280617,1.19789314,2.14804888,0.655251503,0.801244736,0.949817657,1.21814156,1.09009457,1.20894718,0.941358566,2.36910343,0.496090889,-0.083987236,0.887442589,0.343644142,0.495929718,0.496436119,0.770879745,0.91002655,1.08631611,0.736297607,1.81960011,0.696261406,0.623672485,0.82418251,0.142072678,1.24449253,0.399150848,0.425563812,0.540555,0.718300819,0.287877083,1.11675835,0.290878296,-0.242738724,1.44489098,1.71733236,0.118146896,0.97883606,0.796437263,0.0405960083,1.19816589,-0.0918493271,1.68084908,0.457315445
2026-08-22T12:33:28.708+00:00	1392.266	SUBSEG96 protocol=asd-research-v1.0.0 session=1 phase=DET window=41 group=3 segments=8 dims=96 fnv1a=7f3f4a62 values=-10.5259333,-10.5259333,1.21924686,-10.5259333,-10.5259333,1.22521973,-10.5259333,1.21216011,-10.5259333,1.0898428,0.656555176,-10.5259333,1.33963203,1.85405016,1.64891386,-10.5259333,0.965914726,0.90510273,1.08409405,1.03442192,0.852938652,1.4054718,1.39239597,1.06016827,1.36021996,1.53774691,0.916273117,0.872242928,0.646347046,1.09710979,1.29162979,0.558095932,0.939223289,0.910232544,1.30806255,3.6531353,1.31654549,0.528627396,0.677856445,0.695232391,0.742415428,1.15770531,0.693722725,0.54146862,0.626235008,0.7355299,1.43588543,1.00438595,0.722496033,0.948730469,0.718588829,0.714492798,1.23178673,2.17460823,0.736039162,0.954836845,0.986009598,1.26273251,0.940441132,1.24332237,0.938770294,2.32570314,0.413017273,-0.00121307373,0.97662735,0.243249893,0.40593338,0.492898941,0.857973099,0.902166367,1.02231598,0.643896103,1.87212801,0.620134354,0.551333427,0.798077583,0.156370163,1.14427567,0.455008507,0.347683907,0.282673836,0.684337616,0.334729195,1.44767284,0.111749649,-0.140307426,1.44722557,1.7515564,0.16205883,1.21107674,1.1053791,0.15991497,1.54714155,-0.150731087,1.52926922,0.731380463
2026-08-22T12:33:28.807+00:00	1392.360	SUBSEG96 protocol=asd-research-v1.0.0 session=1 phase=DET window=41 group=4 segments=7 dims=96 fnv1a=2622dd9f values=-10.5012293,-10.5012293,1.31140614,-10.5012293,-10.5012293,1.22454739,-10.5012293,1.09471798,-10.5012293,1.02916908,1.20695114,-10.5012293,1.35157681,1.31646538,1.0098629,-10.5012293,1.17655182,0.771366119,0.786037445,0.906188965,0.998537064,1.74939442,1.37934589,1.16082287,1.63142776,1.7297678,1.04391479,0.940663338,0.863960266,1.38106251,1.04419994,1.02338028,1.30236912,0.997520447,1.08592701,3.64521074,0.79238224,0.684579849,0.660188675,0.707490921,0.794872284,1.2692337,0.670819283,0.556765556,0.565560341,0.743086815,1.59807873,1.03213787,0.874476433,0.666252136,0.950990677,0.690905571,0.76262188,2.25877523,0.836799622,1.01591778,1.04735374,1.21997261,1.11125565,1.31663227,1.07784748,2.34039259,0.50684166,-0.0203304291,1.02579117,0.326903343,0.459300041,0.527600288,0.692276001FLAGS protocol=asd-quality-v1.5.0 mode=ALARM state=ANOMALY waiting=0 learning=0 learned=1 anomaly=1 hold=0 fault=0 green=off red=on guided25_available=1 workflow_pending=DEFAULT research_telemetry=1 profile_persistence_allowed=0 dropped=0
2026-08-22T12:33:28.828+00:00	1392.375	,0.945006371,1.06875801,0.772200584,1.80522013,0.657762527,0.60684967,0.789629936,0.22560215,0.998957634,0.68518734,0.365197182,0.190915108,0.688663483,0.209864616,1.37260056,0.134983063,-0.263824463,0.554322243,1.94163752,0.0264673233,0.803687096,1.26376152,-0.131731033,1.3272686,-0.156096458,1.3797245,0.820948601
2026-08-22T12:33:28.944+00:00	1392.500	SUBSEG96 protocol=asd-research-v1.0.0 session=1 phase=DET window=41 group=5 segments=7 dims=96 fnv1a=a50ab9d4 values=-10.5464735,-10.5464735,1.37134933,-10.5464735,-10.5464735,1.10314178,-10.5464735,1.34943962,-10.5464735,1.17596817,0.981436729,-10.5464735,0.934467316,1.13635731,1.43382931,-10.5464735,1.15825844,0.99114418,1.15312195,1.09548855,1.31295109,2.01110363,1.15590572,0.750293732,1.55287361,1.76893663,0.97416687,0.785288811,0.996109009,1.37543678,0.751485825,0.888916016,0.992038727,0.798922539,1.7652421,3.61677885,1.11486053,0.542243958,0.692411423,0.716840744,0.833182335,1.12547588,0.466579437,0.505419731,0.57448864,0.667019844,1.50481701,1.12867737,0.986527443,0.893619537,0.840134621,0.612539291,1.13483334,2.18103933,0.789019585,0.817203522,0.715339661,1.2112999,1.02425194,1.30490398,0.959671974,2.37439823,0.445778847,-0.0988426208,1.01320744,0.387953758,0.448134422,0.448189735,0.758872986,0.809132576,0.997361183,0.791944504,1.95279884,0.651585579,0.550745964,0.814559937,0.175333023,1.13183022,0.317087173,0.244251251,0.214138031,0.705607414,0.288262367,1.48121214,0.0707645416,-0.153578758,0.621896744,1.89727402,0.257292747,1.29368877,0.918009758,0.254616737,1.50587893,-0.0884952545,1.5852685,0.582605362
2026-08-22T12:33:33.780+00:00	1397.328	FLAGS protocol=asd-quality-v1.5.0 mode=ALARM state=ANOMALY waiting=0 learning=0 learned=1 anomaly=1 hold=0 fault=0 green=off red=on guided25_available=1 workflow_pending=DEFAULT research_telemetry=1 profile_persistence_allowed=0 dropped=0
2026-08-22T12:33:38.228+00:00	1401.782	QUALITY protocol=asd-quality-v1.5.0 phase=DET index=42 total=0 result=OK metrics_valid=1 samples=159744 expected=159744 rms_dbfs=-45.120 dc=-0.538 peak=926 clipped=0 zeros=371 stuck=277 dropped_delta=0 feature_valid=1 tonalness_valid=1 tonalness_proxy=3.654468 tonal_gate=pending_normal_only
2026-08-22T12:33:38.237+00:00	1401.797	DET 42 score=43339.582 lo=0 hi=4374.05859 led=0 anom=1 total_anom=22 ALARM (uzastopnih=3 nivo=-45.1 dBFS racun=716 ms)
2026-08-22T12:33:38.367+00:00	1401.922	FEATURE96 protocol=asd-research-v1.0.0 session=1 phase=DET window=42 window_start_ms=1391252 window_end_ms=1400525 score=43339.582 level_dbfs=-45.1200447 quality=OK tonalness_proxy=3.65446758 dims=96 fnv1a=d0a1d473 values=-10.5503893,-10.5503893,1.46531868,-10.5503893,-10.5503893,1.20668793,-10.5503893,1.44324207,-10.5503893,1.44136524,1.06243515,-10.5503893,1.25741482,1.60264158,1.38701439,-10.5503893,0.925600052,0.834117889,1.14651012,1.3256464,1.44509315,1.18226719,0.813882828,0.92220211,1.46815777,1.5874424,1.03708744,0.954983711,1.05169201,1.00173283,0.936491013,0.995782852,1.514153,1.30813217,1.33051586,3.65446758,1.35956669,0.71761322,0.583603859,0.833216667,0.810458183,1.06386948,0.622385979,0.598213196,0.58450222,0.760914803,1.51741791,1.03509903,0.670127869,0.873872757,0.738507271,0.652266502,0.9043293,2.17214775,0.74262619,0.874308586,0.921230316,1.26319313,1.03358746,1.32963753,0.990058899,2.34172678,0.436184883,-0.0432786942,1.06051445,0.329456329,0.449858665,0.465040207,0.764683723,0.839012146,1.0148592,0.756261826,2.04694223,0.635753632,0.551186562,0.770803452,0.142933846,1.0708704,0.346344948,0.17701149,0.206478119,0.528428078,0.224038124,1.31130886,0.238672256,-0.194144249,0.747438431,1.67456341,0.202487946,0.725440979,1.18947983,0.109457016,1.39010715,-0.0101423264,1.23713589,0.711441994
2026-08-22T12:33:38.476+00:00	1402.032	SUBSEG96 protocol=asd-research-v1.0.0 session=1 phase=DET window=42 group=1 segments=8 dims=96 fnv1a=d4965013 values=-10.5131063,-10.5131063,1.33026695,-10.5131063,-10.5131063,1.27261448,-10.5131063,1.69581318,-10.5131063,1.78721571,0.970841408,-10.5131063,1.20026493,1.30556583,1.11335468,-10.5131063,0.976078987,0.791503906,0.824800491,0.964912415,1.7472558,1.57608461,1.00717545,1.11335373,1.57559013,1.63800049,1.14264297,0.942567825,1.3354845,1.10284996,0.757975578,0.752306938,0.991984367,0.935032845,1.54098034,3.7259593,1.42073441,0.66029644,0.574373245,0.851764679,0.938455582,1.14645386,0.540369987,0.733952522,0.548066139,0.787234306,1.67862988,1.09690952,0.775078773,0.959179878,0.822982788,0.735806465,0.851884842,2.26909494,0.67574501,0.888402939,0.960266113,1.26225853,1.04488754,1.36789703,1.05986214,2.27615261,0.437361717,-0.0635766983,1.08265877,0.280568123,0.522689819,0.55237484,0.77462101,0.879003525,1.02587891,0.765727997,1.85973787,0.675869942,0.567810059,0.93732357,0.107230186,1.00778675,0.43743515,0.196170807,0.27531147,0.559718132,0.113693237,1.18947697,-0.00993347168,-0.214612007,0.361515045,1.84100199,0.258341789,0.0381650925,1.3073349,-0.034910202,1.32872105,-0.0220146179,1.22944069,0.791666031
2026-08-22T12:33:38.579+00:00	1402.141	SUBSEG96 protocol=asd-research-v1.0.0 session=1 phase=DET window=42 group=2 segments=8 dims=96 fnv1a=700f779f values=-10.5443468,-10.5443468,1.62297678,-10.5443468,-10.5443468,1.36150837,-10.5443468,1.49872303,-10.5443468,1.47486305,1.10171127,-10.5443468,1.3257513,1.70104408,1.54303169,-10.5443468,1.05164146,0.558757782,0.896409035,1.37526035,1.67092657,1.19714451,0.622301102,0.779462814,1.36985207,1.39250946,1.05824089,1.14748669,1.26019001,1.17444324,1.15304375,1.14453793,1.49748039,1.68193913,1.49288893,3.7180829,1.57919836,0.91176033,0.704341888,0.929187775,0.963208199,1.1452446,0.641028404,0.584675789,0.605735779,0.896981239,1.62252903,1.03120708,0.527305603,0.948284149,0.681222916,0.573741913,0.594673157,2.21616888,0.836472511,1.03998566,0.8895998,1.27835751,1.08096981,1.38776493,0.982252121,2.21418142,0.486419678,0.0137653351,1.05068874,0.347664833,0.387048721,0.445269585,0.748113632,0.877116203,1.02148056,0.74911499,1.89129877,0.64979744,0.54223156,0.789571762,0.188838959,0.91560173,0.310113907,0.319298744,0.25661087,0.50117588,0.117502213,1.12638569,-0.0204572678,-0.188645363,0.283319473,1.65165663,0.281962395,0.0137548447,1.245965,-0.168344498,1.23700142,-0.0613012314,0.992036819,0.614373207
2026-08-22T12:33:38.686+00:00	1402.235	SUBSEG96 protocol=asd-research-v1.0.0 session=1 phase=DET window=42 group=3 segments=8 dims=96 fnv1a=49a6f2ec values=-10.5127172,-10.5127172,1.45232391,-10.5127172,-10.5127172,1.25674438,-10.5127172,1.30955791,-10.5127172,1.41059875,1.3611269,-10.5127172,1.2288208,1.2413435,1.21308517,-10.5127172,0.928421974,1.00922298,1.44431114,1.73303318,1.38844395,0.782970428,0.655352592,0.948077202,1.5702095,1.59266233,0.949605942,0.618357658,0.651015282,0.989295006,0.96863842,0.750967026,1.79697371,1.51999521,1.00714874,3.70117474,1.30977726,0.588226318,0.588206291,0.863064766,0.667786598,1.04455376,0.649209976,0.589558601,0.696767807,0.833456039,1.52074146,1.05551243,0.791648865,0.901327133,0.803636551,0.748978615,0.851607323,2.24803638,0.847247124,0.922763824,1.04533386,1.26831722,1.02449322,1.38943195,1.08419132,2.3046627,0.370383263,-0.0475215912,1.14805126,0.44431591,0.496876717,0.490767479,0.735788345,0.912205696,1.09932137,0.788108826,2.11295938,0.648766518,0.608106613,0.754991531,0.129702568,1.12714481,0.423377037,0.0709352493,0.210422516,0.57773304,0.296796799,1.31870747,0.241477013,-0.154847145,0.299676895,1.72539186,0.234066963,0.23635006,1.31382465,-0.0275859833,1.42918873,0.0219783783,1.22514343,0.721131325
2026-08-22T12:33:38.811+00:00	1402.360	SUBSEG96 protocol=asd-research-v1.0.0 session=1 phase=DET window=42 group=4 segments=7 dims=96 fnv1a=8b8734d1 values=-10.51544,-10.51544,1.37861824,-10.51544,-10.51544,0.996613503,-10.51544,1.27299404,-10.51544,0.902129173,0.408706665,-10.51544,1.15208149,1.88723993,1.64477015,-10.51544,0.991343498,1.04994488,1.32359219,1.17546654,0.89730072,1.21131802,1.04062748,1.11700344,1.4325285,1.55674839,0.886766434,1.13570023,0.806695938,1.02579403,1.0335865,1.04628658,1.78042459,0.837153435,1.0823307,3.69733143,1.17387009,0.878892899,0.705751419,0.916441917,0.763214111,1.01047707,0.684070587,0.611852646,0.646546364,0.702606201,1.43532467,1.08510876,0.644454002,0.839677811,0.687880516,0.552072525,0.928256989,2.24891186,0.772781372,0.776827812,0.91409111,1.39178658,1.01269627,1.28404522,1.00211811,2.36390257,0.482748985,0.0366287231,1.03460407,0.365141869,0.509788513,0.475870132,0.850939751,0.840240479,1.01731777,0.866153717,2.1952877,0.659721375,0.604968071,0.783381462,0.193780899,1.1843071,0.430849075,0.160136223,0.199324608,0.523349762,0.282627106,1.40460968,0.269335747,-0.0938749313,0.400054932,1.73993158,0.166472435,0.692288399,1.25799656,0.131732941FLAGS protocol=asd-quality-v1.5.0 mode=ALARM state=ANOMALY waiting=0 learning=0 learned=1 anomaly=1 hold=0 fault=0 green=off red=on guided25_available=1 workflow_pending=DEFAULT research_telemetry=1 profile_persistence_allowed=0 dropped=0
2026-08-22T12:33:38.812+00:00	1402.360	,1.52055836,0.0749349594,1.28333092,0.77411747
2026-08-22T12:33:38.920+00:00	1402.469	SUBSEG96 protocol=asd-research-v1.0.0 session=1 phase=DET window=42 group=5 segments=7 dims=96 fnv1a=03b9e278 values=-10.5210104,-10.5210104,1.59747076,-10.5210104,-10.5210104,1.16714859,-10.5210104,1.41612148,-10.5210104,1.27868557,1.11550903,-10.5210104,1.45847416,1.72989225,1.36253452,-10.5210104,0.744330406,0.763869286,1.09362411,0.932224274,0.86985302,0.627521515,0.73760128,0.586320877,1.50234222,1.82377481,1.21209717,0.87199688,0.89368248,0.668323517,0.740610123,1.23186588,1.04269314,0.814968109,1.38886547,3.53013086,1.30072403,0.547369003,0.413749695,0.700276375,0.762065887,1.08556843,0.73295784,0.592831612,0.547980309,0.651997566,1.36164379,1.05066109,0.710597038,0.830253601,0.82024765,0.751595497,1.24409294,1.91841316,0.67949295,0.79901886,0.919582367,1.25347042,1.13835335,1.34189892,0.943554878,2.61495781,0.538889885,-0.0158262253,1.12003326,0.336205482,0.473116875,0.499328613,0.860289574,0.814147949,1.04753494,0.755046844,2.23501921,0.690160751,0.578731537,0.676710129,0.235287666,1.22809887,0.236645699,0.231736183,0.222427368,0.621151924,0.411239624,1.56865835,0.60478878,-0.174809456,1.35908413,1.45995045,0.189097404,1.33454609,0.686439514,0.50921917,1.54439306,0.0820074081,1.4999094,0.79318428
2026-08-22T12:33:43.779+00:00	1407.328	FLAGS protocol=asd-quality-v1.5.0 mode=ALARM state=ANOMALY waiting=0 learning=0 learned=1 anomaly=1 hold=0 fault=0 green=off red=on guided25_available=1 workflow_pending=DEFAULT research_telemetry=1 profile_persistence_allowed=0 dropped=0
2026-08-22T12:33:48.203+00:00	1411.766	QUALITY protocol=asd-quality-v1.5.0 phase=DET index=43 total=0 result=OK metrics_valid=1 samples=159744 expected=159744 rms_dbfs=-45.085 dc=-0.496 peak=872 clipped=0 zeros=410 stuck=227 dropped_delta=0 feature_valid=1 tonalness_valid=1 tonalness_proxy=3.392504 tonal_gate=pending_normal_only
2026-08-22T12:33:48.212+00:00	1411.766	DET 43 score=21655.2012 lo=0 hi=4374.05859 led=0 anom=1 total_anom=23 ALARM (uzastopnih=3 nivo=-45.1 dBFS racun=716 ms)
2026-08-22T12:33:48.343+00:00	1411.891	FEATURE96 protocol=asd-research-v1.0.0 session=1 phase=DET window=43 window_start_ms=1401222 window_end_ms=1410499 score=21655.2012 level_dbfs=-45.0850487 quality=OK tonalness_proxy=3.39250422 dims=96 fnv1a=66f8a22a values=-10.6484604,-10.6484604,1.26270199,-10.6484604,-10.6484604,1.1102953,-10.6484604,1.5158577,-10.6484604,1.76780939,1.64880371,-10.6484604,2.05359602,2.78917789,2.47086382,-10.6484604,1.71589756,1.55298901,1.62316275,1.29409122,1.02425098,0.863646507,0.960814476,1.02783108,1.36072969,1.40243769,1.08056068,1.14005375,1.07285213,1.24079704,1.26520634,1.05475426,1.1424818,0.983833313,1.15034389,3.39250422,2.49395466,0.67018795,0.826280594,0.864920616,0.9351511,1.15609169,0.739931107,0.537391663,0.542019844,0.576335907,1.30749893,1.03595543,0.605934143,0.744261742,0.734789848,0.635237694,0.780408859,1.96188927,0.697473526,0.838420868,0.863747597,1.19129372,0.964572906,1.25652504,1.12577724,2.33557892,1.54009819,-0.00948047638,0.924654007,0.258843422,0.38218689,0.433297157,0.688085556,0.743420601,0.877994537,0.728182793,1.5362978,0.759538651,0.507606506,0.567399025,0.188369751,0.879621506,0.129488945,0.194132805,0.121202469,0.319130898,0.189326286,1.0559473,0.214543343,-0.230864525,0.217529297,1.24521065,0.0304031372,0.53469944,0.559746742,-0.0929794312,0.915262222,-0.0157604218,0.977679253,0.426722527
2026-08-22T12:33:48.447+00:00	1412.000	SUBSEG96 protocol=asd-research-v1.0.0 session=1 phase=DET window=43 group=1 segments=8 dims=96 fnv1a=d4602f01 values=-10.5586157,-10.5586157,1.30968094,-10.5586157,-10.5586157,0.947431564,-10.5586157,1.29120827,-10.5586157,1.25122833,0.778697014,-10.5586157,1.96518755,2.72838926,2.3215971,-10.5586157,0.865637779,0.822976112,0.969820976,1.11671543,0.99139595,0.835133553,0.611792564,0.936285019,1.29927921,1.31605911,1.2201643,0.75057888,0.923238754,0.823807716,1.5883956,1.51927567,0.838703156,0.662129402,1.24603081,3.56992435,0.825901031,0.636137962,0.665341377,1.00481701,1.32992554,1.4040699,0.952860832,0.654663086,0.406206131,0.555171013,1.32885551,1.08026218,0.790647507,0.712630272,0.76820755,0.638553619,1.04646492,2.13175774,0.799444199,0.911863327,0.961174011,1.34999561,0.962426186,1.21647358,0.911082268,2.5399456,0.570318222,-0.0366783142,1.04748535,0.251297951,0.33829689,0.450723648,0.852013588,0.790940285,1.00639725,0.705304146,1.97524834,0.63015461,0.569167137,0.714869499,0.220628738,1.21004772,0.1046381,0.172917366,0.258546829,0.608538628,0.41854763,1.42781353,0.55531311,-0.0958423615,0.734229088,1.56591845,0.0591440201,1.11347866,0.435360909,0.38829422,1.31938171,0.0229701996,1.4459815,0.551861763
2026-08-22T12:33:48.552+00:00	1412.110	SUBSEG96 protocol=asd-research-v1.0.0 session=1 phase=DET window=43 group=2 segments=8 dims=96 fnv1a=ee387fb7 values=-10.5749502,-10.5749502,1.0000639,-10.5749502,-10.5749502,1.25485611,-10.5749502,1.67179441,-10.5749502,1.60138083,1.03906059,-10.5749502,2.18352938,2.83879232,2.4012351,-10.5749502,1.09853554,1.04441166,0.98208046,0.822461128,0.776640892,0.871332169,0.702050209,0.935726166,1.56032276,1.69468403,1.26159,1.324193,0.688213348,1.54279423,1.68029404,0.485438347,1.10234165,0.690009117,1.3508749,3.5978179,1.03914928,0.730161667,0.701305389,0.66204071,0.854523659,1.12871742,0.555459976,0.545617104,0.697516441,0.554217339,1.38926125,0.862803459,0.711903572,0.838372231,0.81106472,0.802762032,0.79070282,2.16469765,0.727965355,0.947374344,0.877041817,1.33533859,1.02160072,1.29996681,1.00499058,2.3361063,0.469210625,-0.0306854248,1.01835728,0.283686638,0.448040962,0.392653465,0.807042122,0.892992973,0.960348129,0.727472305,1.79423618,0.722367287,0.538718224,0.684329033,0.146261215,1.15774727,0.320761681,0.169699669,0.256083488,0.474839211,0.347706795,1.31192303,0.412176132,-0.10700798,0.222606659,1.56726599,0.191596985,0.630261421,0.935416222,-0.0183792114,1.21837616,0.0296058655,1.2153616,0.815321922
2026-08-22T12:33:48.661+00:00	1412.219	SUBSEG96 protocol=asd-research-v1.0.0 session=1 phase=DET window=43 group=3 segments=8 dims=96 fnv1a=749f4b0d values=-10.5603485,-10.5603485,1.03807449,-10.5603485,-10.5603485,0.957463264,-10.5603485,1.38219452,-10.5603485,1.44383717,0.971317291,-10.5603485,2.1516304,2.90839195,2.51762009,-10.5603485,1.53864622,1.40133381,1.42042637,0.931682587,0.866932869,0.855937004,0.86961174,0.85683918,1.37041378,1.49328279,1.22885513,1.41182899,1.24770927,1.63767719,0.802080154,0.982419014,1.13119984,1.23126316,0.910142899,3.66999435,1.58383894,0.5337677,0.716083527,0.725769043,0.707360268,1.16847134,0.424699783,0.57509613,0.560056686,0.757606506,1.65589619,1.02926064,0.694672585,0.977124214,0.878088951,0.777890205,0.771615028,2.20661354,0.728499413,0.810074806,1.03891373,1.25471497,0.970582008,1.35625553,1.01469612,2.11737299,0.50210762,0.0171337128,1.0846014,0.324067116,0.463503838,0.49502182,0.841986656,0.867329597,1.05342388,0.72589016,1.41033745,0.627305031,0.572120667,0.749419212,0.220304489,0.962498665,0.259684563,0.315624237,0.242197037,0.460090637,0.316680908,1.1770792,0.271987915,-0.123282433,0.132575989,1.36982727,0.305873871,0.201986313,0.897251129,-0.229948997,0.924265862,0.221039772,0.947190285,0.611826897
2026-08-22T12:33:48.767+00:00	1412.328	SUBSEG96 protocol=asd-research-v1.0.0 session=1 phase=DET window=43 group=4 segments=7 dims=96 fnv1a=dd559e9d values=-10.6674118,-10.6674118,1.54204082,-10.6674118,-10.6674118,1.46781588,-10.6674118,1.85734367,-10.6674118,2.29711056,2.25073004,-10.6674118,2.12863827,2.90164185,2.7366333,-10.6674118,2.25822115,2.1464901,2.21040201,1.81997204,1.43234539,1.02761459,1.38161707,1.39085436,1.39098167,1.24647808,0.936418533,1.08230877,1.23831272,0.998703003,0.861152649,0.960753441,1.54095316,1.22991276,1.37921238,3.18008137,2.75612974,1.04726505,1.24880219,1.22108746,1.01313114,1.14949703,1.06214046,0.691592216,0.667390823,0.727246284,1.30236053,1.12401581,0.468742371,0.691596985,0.765990257,0.70454216,0.655903816,1.70302773,0.798502922,0.891452789,0.892650604,1.1915617,1.07983208,1.43069983,1.29055977,2.42558289,1.35136604,0.193914413,0.837459564,0.339252472,0.467494011,0.571810722,0.586038589,0.768996239,0.86540699,0.791617393,0.929866791,0.78194046,0.538453102,0.489767075,0.138744354,0.342690468,0.0980148315,0.242837906,0.0659408569,0.0171003342,0.00322914124,0.353610992,-0.150241852,-0.292561531,-0.235723495,0.508813858,-0.0683364868,-0.324380875,-0.00596427917,-0.498209,0.0171318054,-0.0966434479,0.0112171173,-0.19746685
2026-08-22T12:33:48.815+00:00	1412.375	SUBSEG96 protocol=asd-research-v1.0.0 session=1 phase=DET window=43 group=5 segments=7 dims=96 fnv1a=13d5dd94 values=-10.431819,-10.431819,1.60071945,-10.431819,-10.431819,0.93787384,-10.431819,1.44334793,-10.431819,1.69337749,1.70621729,-10.431819,2.25166273,2.98715067,2.67973852,-10.431819,1.83710337,1.07391453,1.41777992,1.26961994,1.085145,1.13561344,1.16505146,1.17709732,1.58600235FLAGS protocol=asd-quality-v1.5.0 mode=ALARM state=ANOMALY waiting=0 learning=0 learned=1 anomaly=1 hold=0 fault=0 green=off red=on guided25_available=1 workflow_pending=DEFAULT research_telemetry=1 profile_persistence_allowed=0 dropped=0
2026-08-22T12:33:48.906+00:00	1412.453	,1.57149458,1.09014416,1.31865215,1.45014095,0.787218094,0.843827248,1.1900425,1.10991669,1.20254135,1.00356865,2.47976446,3.23558807,0.350829124,0.803302765,0.773610115,0.86660099,1.32160282,0.759462357,0.611584663,0.759431839,0.657241821,0.765498161,1.44396591,0.761586189,0.888246536,0.883234024,0.59379673,1.00872135,1.65658379,0.867385864,1.06945801,0.959879875,1.20034218,1.22081566,1.36575985,1.61704922,2.60342598,2.40850973,0.196721077,1.04180717,0.537061691,0.627922058,0.679336548,0.71668911,0.79334259,0.873591423,1.10519981,0.986305237,1.29109287,0.772417068,0.538527489,0.613428116,0.343313217,0.260689735,0.500234604,0.173379898,0.165441513,0.132094383,0.0554914474,-0.0185289383,-0.124596596,-0.145263672,-0.165462494,-0.103949547,-0.152089119,-0.124531746,-0.300343513,-0.183436394,0.1378479,-0.140067101,-0.177613258
2026-08-22T12:33:53.799+00:00	1417.360	FLAGS protocol=asd-quality-v1.5.0 mode=ALARM state=ANOMALY waiting=0 learning=0 learned=1 anomaly=1 hold=0 fault=0 green=off red=on guided25_available=1 workflow_pending=DEFAULT research_telemetry=1 profile_persistence_allowed=0 dropped=0
2026-08-22T12:33:58.176+00:00	1421.735	QUALITY protocol=asd-quality-v1.5.0 phase=DET index=44 total=0 result=OK metrics_valid=1 samples=159744 expected=159744 rms_dbfs=-48.046 dc=-0.440 peak=483 clipped=0 zeros=445 stuck=260 dropped_delta=0 feature_valid=1 tonalness_valid=1 tonalness_proxy=3.163578 tonal_gate=pending_normal_only
2026-08-22T12:33:58.186+00:00	1421.735	DET 44 score=1103.9751 lo=0 hi=4374.05859 led=0 anom=1 total_anom=24 ALARM (uzastopnih=3 nivo=-48.0 dBFS racun=716 ms)
2026-08-22T12:33:58.314+00:00	1421.875	FEATURE96 protocol=asd-research-v1.0.0 session=1 phase=DET window=44 window_start_ms=1411202 window_end_ms=1420473 score=1103.9751 level_dbfs=-48.0460968 quality=OK tonalness_proxy=3.16357756 dims=96 fnv1a=0899ac28 values=-10.3866243,-10.3866243,1.32987595,-10.3866243,-10.3866243,1.02859116,-10.3866243,1.32513809,-10.3866243,1.47767067,1.0099535,-10.3866243,2.24406242,2.96080589,2.52333784,-10.3866243,1.35316563,0.946311951,1.02035332,1.10357571,1.07803631,1.08136272,1.14568233,1.18258762,1.75985289,1.87212324,1.36897659,1.16914463,1.07443714,1.17183971,1.17724991,1.07897472,1.3076582,1.23573112,1.14071369,2.7687974,3.16357756,0.815365791,0.681762695,0.85538578,1.08101559,1.43280029,0.880021095,0.691001892,0.641329765,0.759691238,0.960229874,1.54092693,0.738060951,0.966958046,0.961808205,0.824669838,0.838015556,1.77961111,0.8777771,1.02854347,1.08531475,1.17994881,1.19673443,1.39414215,1.52368164,2.69097424,1.04621696,0.201413155,0.989787102,0.52355957,0.637260437,0.768333435,0.749369621,0.906342506,0.920088768,1.15359974,1.19226551,1.24630737,0.773042679,0.760756493,0.365969658,0.362674713,0.242014885,0.521328926,0.177090645,0.164919853,0.203731537,0.0869245529,0.0251073837,-0.146426201,-0.186214447,-0.138032913,-0.023976326,-0.188598633,-0.0729656219,-0.30012989,-0.15829277,0.00685024261,-0.151169777,-0.0916500092
2026-08-22T12:33:58.420+00:00	1421.969	SUBSEG96 protocol=asd-research-v1.0.0 session=1 phase=DET window=44 group=1 segments=8 dims=96 fnv1a=8fe216f9 values=-10.4096241,-10.4096241,1.70421743,-10.4096241,-10.4096241,1.31130409,-10.4096241,1.52700901,-10.4096241,1.72363949,1.20700073,-10.4096241,2.39865208,3.10579109,2.66538668,-10.4096241,1.22581577,0.693714142,1.00552464,1.11665916,0.941660881,1.32052422,1.19653606,0.99374485,1.65606165,1.85505867,1.33829784,1.26413345,1.12546635,1.23201466,1.43156719,1.34760666,1.1706686,0.926918983,1.00753403,2.70918036,3.15304995,0.618312836,0.873016357,0.794296265,1.2488184,1.39916134,0.747717857,0.664263725,0.546207428,0.744441032,0.99232769,1.59636736,0.615689278,0.949479103,1.042202,0.856646538,0.912758827,1.7404089,0.824108124,1.02192879,0.979063034,1.15809727,1.11354923,1.31379318,1.48361015,2.69672537,1.32365417,0.129824638,1.02388859,0.529880524,0.59188652,0.710490227,0.736899376,0.890656471,0.904834747,1.07586479,1.08222866,1.24259377,0.765782356,0.748979568,0.430838585,0.355695724,0.232730865,0.457353592,0.158118248,0.11968708,0.17897892,0.0827465057,0.0167970657,-0.183114052,-0.2134161,-0.172028542,-0.0850324631,-0.241023064,-0.0955104828,-0.340373993,-0.1634655,0.021894455,-0.189945221,-0.13919735
2026-08-22T12:33:58.527+00:00	1422.078	SUBSEG96 protocol=asd-research-v1.0.0 session=1 phase=DET window=44 group=2 segments=8 dims=96 fnv1a=b2e21d9a values=-10.3751831,-10.3751831,1.18376446,-10.3751831,-10.3751831,1.06094742,-10.3751831,1.27634716,-10.3751831,1.37887001,1.0367918,-10.3751831,2.27284813,3.00543118,2.5130434,-10.3751831,1.28703976,0.785622597,0.446436882,0.896846771,1.30731869,1.28509235,1.12682724,1.12563419,1.76477146,1.926723,1.50535393,1.21750069,1.11106777,1.10920048,0.96704483,1.21803761,1.04527664,0.938108444,1.01959229,2.77933979,3.21031713,0.787823677,0.700482368,0.852955818,0.975938797,1.35374737,1.0720396,0.810887337,0.677726746,0.780684471,0.922775269,1.51774693,0.786963463,0.936535835,0.962449074,0.845132828,0.928631783,1.79125786,0.890303612,1.07025909,1.1520586,1.19601727,1.30065441,1.4315958,1.59661961,2.69102621,1.01076698,0.20962429,1.06351566,0.533098221,0.603342056,0.768589973,0.711893082,0.958019257,0.900681496,1.22632599,1.20675278,1.37458992,0.811329842,0.736451149,0.372124672,0.382228851,0.246465683,0.537015915,0.214645386,0.168848038,0.221022606,0.128709793,0.0427093506,-0.149656296,-0.18245697,-0.0903778076,0.000444412231,-0.159561157,-0.0738649368,-0.28768158,-0.151089668,0.0484342575,-0.136919022,-0.0781087875
2026-08-22T12:33:58.635+00:00	1422.188	SUBSEG96 protocol=asd-research-v1.0.0 session=1 phase=DET window=44 group=3 segments=8 dims=96 fnv1a=d0901656 values=-10.3907251,-10.3907251,1.05004215,-10.3907251,-10.3907251,0.903738022,-10.3907251,1.35804367,-10.3907251,1.53379726,0.951991081,-10.3907251,2.12981129,2.8538785,2.43298483,-10.3907251,1.20518303,0.920772552,1.14411068,1.39768124,1.25106525,0.789448738,1.06365204,1.2293644,1.8291564,1.94472075,1.49518776,1.29774475,1.17695713,1.32048035,1.05931854,0.599183083,1.58904457,1.65282822,1.24213791,2.76748323,3.12367678,0.905589104,0.578584671,1.0137043,1.16984463,1.61599636,0.984164238,0.705311775,0.665495872,0.783359528,0.916514397,1.50453377,0.753236771,0.812589645,0.873604774,0.751955032,0.681420326,1.75358391,0.826725006,0.990301132,1.1249094,1.16338634,1.18274212,1.43114471,1.54990482,2.67059565,0.813518524,0.277189255,0.952602386,0.496874809,0.705138206,0.781453133,0.736599922,0.871006966,0.869089127,1.12796211,1.25413227,1.21421146,0.779588699,0.732197762,0.385587692,0.37103653,0.272200584,0.505833626,0.183734894,0.153295517,0.178765297,0.0388612747,0.0658082962,-0.139044762,-0.188616753,-0.133396149,0.0338315964,-0.141631126,-0.0614509583,-0.281440735,-0.135172844,-0.0141973495,-0.167145729,-0.135273933
2026-08-22T12:33:58.744+00:00	1422.297	SUBSEG96 protocol=asd-research-v1.0.0 session=1 phase=DET window=44 group=4 segments=7 dims=96 fnv1a=3edfe7e2 values=-10.334321,-10.334321,1.36456394,-10.334321,-10.334321,0.762000084,-10.334321,1.1438961,-10.334321,1.19199276,0.761898994,-10.334321,2.274786,2.9659667,2.55659437,-10.334321,1.55917168,0.977020264,1.13195419,1.14954948,0.538630486,0.770064354,1.04604435,1.37832642,1.79888439,1.80515957,1.13361073,1.03794479,0.959578514,1.04363537,1.08219242,0.951810837,1.29876041,1.19661999,1.21067429,2.86463165,3.19328308,0.937088966,0.593588829,0.778212547,0.873605728,1.46373844,0.737493515,0.563612938,0.610693932,0.782216072,0.862062454,1.61445713,0.859889984,1.10029793,1.07113552,0.896093369,0.877630234,1.8602438,0.978370667,1.0207653,1.04134274,1.25853157,1.26348019,1.41822338,1.53376579,2.73192787,0.903445244,0.184041977,1.03737736,0.60441494,0.651516914,0.824438095,0.834021568,0.905810356,0.960107803,1.21350098,1.35035992,1.17725849,0.820854187,0.82028389,0.315755844,0.318825722,0.279214859,0.58878231,0.192391396,0.240067482,0.256264687,0.105326653,0.0566158295,-0.0562438965,-0.137423515,-0.0778779984,0.043718338,-0.155567169,-0.0419855118,-0.229905128,-0.173520088,0.0291643143,-0.0802793503,0.03586483
2026-08-22T12:33:58.826+00:00	1422.375	SUBSEG96 protocol=asd-research-v1.0.0 session=1 phase=DET window=44 group=5 segments=7 dims=96 fnv1a=167f18ee values=-10.3394365,-10.3394365,0.708055496,-10.3394365,-10.3394365,0.834345818,-10.3394365,1.20933819,-10.3394365,1.33562374,0.980004311,-10.3394365,2.12413073,2.86128616,2.46048164,-10.3394365,1.52377892,1.2828207,1.17702293,0.52866745,0.961935997,0.858611107,1.32258987,1.22798824,1.82016659,1.86588717,1.27562618,0.895792007,0.979454994,1.12014103,1.21860981,0.91491127,1.2929945,0.93738842,1.2674017,2.80808926,3.21554613,0.873244286,0.610495567,0.842781067,1.03981781,1.30889606,0.774202347,0.727186203,0.769237518,0.782225609,1.14081478,1.5390358,0.742036819,1.10034084,0.902068138,0.846731186,0.814723015,1.83970881,0.956193924,1.11281967,1.1825037,1.20699406FLAGS protocol=asd-quality-v1.5.0 mode=ALARM state=ANOMALY waiting=0 learning=0 learned=1 anomaly=1 hold=0 fault=0 green=off red=on guided25_available=1 workflow_pending=DEFAULT research_telemetry=1 profile_persistence_allowed=0 dropped=0
2026-08-22T12:33:58.862+00:00	1422.422	,1.18274689,1.45006084,1.51544952,2.74642181,1.00016308,0.268501282,0.91652298,0.53222847,0.70505619,0.841708183,0.813154221,0.980268478,1.04742432,1.2006855,1.10645294,1.25274372,0.758184433,0.851777077,0.369161606,0.45158577,0.253875732,0.604255676,0.211751938,0.230080605,0.268864632,0.156043053,0.0102739334,-0.120756149,-0.124243736,-0.142571449,-0.0473480225,-0.173670769,-0.0100421906,-0.280676842,-0.0968780518,0.0195636749,-0.0951910019,-0.0587663651
2026-08-22T12:34:03.809+00:00	1427.360	FLAGS protocol=asd-quality-v1.5.0 mode=ALARM state=ANOMALY waiting=0 learning=0 learned=1 anomaly=1 hold=0 fault=0 green=off red=on guided25_available=1 workflow_pending=DEFAULT research_telemetry=1 profile_persistence_allowed=0 dropped=0
2026-08-22T12:34:08.151+00:00	1431.703	QUALITY protocol=asd-quality-v1.5.0 phase=DET index=45 total=0 result=OK metrics_valid=1 samples=159744 expected=159744 rms_dbfs=-47.544 dc=-0.508 peak=536 clipped=0 zeros=419 stuck=283 dropped_delta=0 feature_valid=1 tonalness_valid=1 tonalness_proxy=3.204506 tonal_gate=pending_normal_only
2026-08-22T12:34:08.160+00:00	1431.719	DET 45 score=752.008118 lo=0 hi=4374.05859 led=1 anom=0 total_anom=24 normal (uzastopnih=0 nivo=-47.5 dBFS racun=716 ms)
2026-08-22T12:34:08.206+00:00	1431.766	FEATURE96 protocol=asd-research-v1.0.0 session=1 phase=DET window=45 window_start_ms=1421182 window_end_ms=1430447 score=752.008118 level_dbfs=-47.5444832 quality=OK tonalness_proxy=3.20450592 dims=96 fnv1a=cece6d3a values=FLAGS protocol=asd-quality-v1.5.0 mode=READY state=CALIBRATED_NORMAL waiting=0 learning=0 learned=1 anomaly=0 hold=0 fault=0 green=on red=off guided25_available=1 workflow_pending=DEFAULT research_telemetry=1 profile_persistence_allowed=0 dropped=0
2026-08-22T12:34:08.310+00:00	1431.860	-10.3713675,-10.3713675,1.30422306,-10.3713675,-10.3713675,1.04577923,-10.3713675,1.44181824,-10.3713675,1.40241814,1.04452991,-10.3713675,2.22708035,2.93842697,2.51975346,-10.3713675,1.44392967,1.01861191,0.993231773,1.01349068,0.97910881,1.11060715,1.13651085,1.22185135,1.70785904,1.73575592,1.34945107,1.17162895,1.16883564,1.01771736,1.00370407,0.947512627,1.27893734,1.0340414,1.11869621,2.69977522,3.20450592,0.81187439,0.721242905,0.842148781,0.789723396,1.32730579,0.833293915,0.740327835,0.76604557,0.794224739,0.913661957,1.49248219,0.746726036,0.945866585,0.929184914,0.820010185,0.885499954,1.83587027,0.834259987,0.991475105,1.07940483,1.27941418,1.1725378,1.382164,1.55272579,2.70463419,1.35100746,0.261565208,0.977059364,0.477190971,0.673475266,0.774918556,0.787502289,0.938720703,0.969582558,1.16290283,1.08352661,1.29569149,0.794473648,0.777949333,0.436371803,0.366281509,0.243739128,0.597500801,0.18671608,0.239433289,0.231131554,0.0967140198,0.0675840378,-0.122518539,-0.170341492,-0.0979919434,-0.0122470856,-0.173834801,-0.0781164169,-0.289765358,-0.172840118,0.0390520096,-0.101014137,-0.112230301
2026-08-22T12:34:08.417+00:00	1431.969	SUBSEG96 protocol=asd-research-v1.0.0 session=1 phase=DET window=45 group=1 segments=8 dims=96 fnv1a=13fe5661 values=-10.3594208,-10.3594208,0.945197105,-10.3594208,-10.3594208,0.772539139,-10.3594208,1.16817951,-10.3594208,1.2430582,1.14162827,-10.3594208,2.2206583,2.91977215,2.55674124,-10.3594208,1.64983559,1.12408447,1.00382996,1.03211975,1.09082794,1.22132397,1.29412651,1.29359531,1.62534809,1.68684673,1.31988335,1.01095581,1.13950443,1.00272751,0.95403862,1.01915932,1.36816502,1.1567173,1.19095802,2.79003,3.17431688,0.575687408,0.600605011,0.909352303,0.815907478,1.45657539,0.98549366,0.727049828,0.732989311,0.733045578,0.994184494,1.52484989,0.940259933,1.07274628,0.914505005,0.716080666,0.877540588,1.87078905,0.832136154,0.985651016,1.03322601,1.23211098,1.27526951,1.43991184,1.60559464,2.68870783,0.951789856,0.311710358,0.985980988,0.468642235,0.693435669,0.76419735,0.813982964,0.871888161,0.974339485,1.18016338,1.19699574,1.19864273,0.745613098,0.854194641,0.404110909,0.374317169,0.21097374,0.53536129,0.21704483,0.227535248,0.211417198,0.140407562,0.0488891602,-0.138619423,-0.110184669,-0.139728546,0.0374917984,-0.154582024,-0.0433387756,-0.32348156,-0.136449814,0.0369300842,-0.125337601,-0.0655260086
2026-08-22T12:34:08.526+00:00	1432.078	SUBSEG96 protocol=asd-research-v1.0.0 session=1 phase=DET window=45 group=2 segments=8 dims=96 fnv1a=282b0458 values=-10.3689108,-10.3689108,1.56016922,-10.3689108,-10.3689108,1.17498493,-10.3689108,1.59617424,-10.3689108,1.40679073,1.22953892,-10.3689108,2.20871258,2.89632845,2.50166845,-10.3689108,1.64195824,1.01211548,0.932627678,1.07831955,0.903394699,1.06476307,1.34213066,1.11723232,1.55270576,1.6868248,1.23799038,1.19837856,0.871458054,1.06778526,1.12916851,1.0392828,1.28667545,0.853860855,1.01591015,2.7045331,3.21616459,0.921907425,0.848410606,0.621192932,0.74864769,1.29071522,0.866125107,0.72225666,0.863728523,0.802412987,0.84513855,1.49425125,0.613004684,0.861037254,1.03844738,0.880726814,0.898547173,1.82127523,0.947258949,0.906123161,1.20714855,1.27317142,1.1610527,1.43490696,1.60379505,2.74396658,1.11746788,0.257901192,0.964767456,0.457645416,0.653150558,0.749358177,0.724377632,0.919816971,0.972470284,1.17052364,1.00562096,1.31303883,0.786449432,0.788788795,0.324360847,0.410373688,0.267109871,0.55398941,0.193203926,0.228289604,0.228273392,0.138011932,0.0404119492,-0.111066818,-0.178874016,-0.0792341232,-0.038983345,-0.180218697,-0.0784301758,-0.303001404,-0.156563759,0.0461683273,-0.0758628845,-0.101130486
2026-08-22T12:34:08.633+00:00	1432.188	SUBSEG96 protocol=asd-research-v1.0.0 session=1 phase=DET window=45 group=3 segments=8 dims=96 fnv1a=b09a47ac values=-10.3875332,-10.3875332,1.44317627,-10.3875332,-10.3875332,1.13730812,-10.3875332,1.50547123,-10.3875332,1.5447731,1.05035973,-10.3875332,2.27785015,3.03033876,2.59821081,-10.3875332,1.34320736,1.01088142,1.03441811,0.982164383,0.898877144,0.932782173,0.82694912,1.33491421,1.74296665,1.62826872,1.45389938,1.29536057,1.27188873,1.12135792,1.0048151,0.781038284,1.13191223,1.08968544,0.923493385,2.64627218,3.24302006,0.633457184,0.858943939,0.951682091,0.821928024,1.32002544,0.683532715,0.848629951,0.815695763,0.835531235,1.00344658,1.49011612,0.609685898,0.956795692,0.909899712,0.868619919,0.867380142,1.79605532,0.680874825,1.07484341,0.974222183,1.27369308,1.19946957,1.34110546,1.44651127,2.73382711,1.67983866,0.333871841,1.00355911,0.442162514,0.718396187,0.75616169,0.773095131,1.00513172,0.956565857,1.13076687,1.05086136,1.33459854,0.790325165,0.761978149,0.53115654,0.31097126,0.271065712,0.608736038,0.18607235,0.241818428,0.264413834,0.0719633102,0.0585279465,-0.153227806,-0.191151619,-0.108777046,-0.0525016785,-0.161421776,-0.129267693,-0.258164406,-0.198703766,0.0373096466,-0.106503487,-0.141150475
2026-08-22T12:34:08.740+00:00	1432.297	SUBSEG96 protocol=asd-research-v1.0.0 session=1 phase=DET window=45 group=4 segments=7 dims=96 fnv1a=224584b3 values=-10.3420906,-10.3420906,1.23615265,-10.3420906,-10.3420906,1.1501646,-10.3420906,1.53588486,-10.3420906,1.39403915,0.835642815,-10.3420906,2.19053221,2.8879838,2.44682074,-10.3420906,1.18277931,1.07201576,0.930626869,0.962015152,1.12723446,1.27374744,1.05504417,1.12263584,1.76206684,1.78018332,1.28057671,1.12065983,0.949238777,0.740309715,0.96589756,0.986373901,1.39264107,1.1066761,1.17188072,2.675807,3.23816776,0.945981979,0.598153114,0.860259056,0.841329575,1.27621555,0.768294334,0.42255497,0.588482857,0.760780334,0.737567902,1.51527786,0.73581028,0.954187393,0.91779995,0.785003662,0.878952026,1.83388758,0.848088264,1.04483128,1.18398571,1.34588909,1.10549927,1.4250927,1.61004162,2.72470474,1.45590305,0.220194817,1.02015972,0.49832058,0.640411377,0.845440865,0.802351952,0.972332954,0.984766006,1.13136005,1.07960796,1.3224678,0.844334602,0.721394539,0.467876434,0.403894424,0.259700775,0.700731277,0.195120811,0.301852226,0.27428627,0.0542926788,0.170722008,-0.0685405731,-0.167689323,-0.0367841721,0.0237207413,-0.161488533,-0.0188817978,-0.266795158,-0.154702187,0.0819692612,-0.034029007,-0.109921455
2026-08-22T12:34:08.848+00:00	1432.407	SUBSEG96 protocol=asd-research-v1.0.0 session=1 phase=DET window=45 group=5 segments=7 dims=96 fnv1a=9a9ca76a values=-10.3486643,-10.3486643,0.990404129,-10.3486643,-10.3486643,0.883027077,-10.3486643,1.29749107,-10.3486643,1.40149689,0.781627655,-10.3486643,2.27140236,2.97563505,2.50456715,-10.3486643,1.06468964,0.866836548,1.09051418,1.04251194,0.868141174,1.04852104,0.971611977,1.21816826,1.86694145,1.92227364,1.45288658,1.21279812,1.43424225,1.07373333,0.967772484,0.916018486,1.22909737,0.931789398,1.28913212,2.71265888,3.1899147,0.934762001,0.607573509,0.840882301,0.758638382,1.29897022,0.846925735,0.873023033,0.799136162,0.871807098,0.952506065,1.48118591,0.803013802,0.890449524,0.879710197,0.866920471,0.952469826,1.90465593,0.878035545,0.970173836,0.99612236,1.3237896,1.12469959,1.2881403,1.52920723,2.66431427,1.15328503,0.18888855,0.951962471,0.570411682,0.695410728,0.813271523,0.870645523,0.95927906,1.00984001,1.24411106,1.10981464,1.34575176,0.856977463,0.789287567,0.475111008,0.377715111,0.251079559,0.634702682,0.184972763,0.247612953,0.219488144,0.111070633,0.0675382614,-0.088385582,-0.162657738,-0.075881958,0.0175733566,-0.16699028,-0.0719566345,-0.251635551,-0.173585892,0.0411205292,-0.118742943,-0.100483894
2026-08-22T12:34:08.850+00:00	1432.407	STATE protocol=asd-quality-v1.5.0 from=ANOMALY to=CALIBRATED_NORMAL reason=ALARM_CLEARED
2026-08-22T12:34:08.858+00:00	1432.407	EVENT protocol=asd-quality-v1.5.0 type=ANOMALY_CLEARED state=CALIBRATED_NORMAL phase=DET reason=ALARM_CLEARED event=NONE capability=AVAILABLE level=DEVIATION
2026-08-22T12:34:13.190+00:00	1436.750	FLAGS protocol=asd-quality-v1.5.0 mode=READY state=CALIBRATED_NORMAL waiting=0 learning=0 learned=1 anomaly=0 hold=0 fault=0 green=on red=off guided25_available=1 workflow_pending=DEFAULT research_telemetry=1 profile_persistence_allowed=0 dropped=0
2026-08-22T12:34:18.125+00:00	1441.672	QUALITY protocol=asd-quality-v1.5.0 phase=DET index=46 total=0 result=OK metrics_valid=1 samples=159744 expected=159744 rms_dbfs=-47.883 dc=-0.509 peak=496 clipped=0 zeros=459 stuck=272 dropped_delta=0 feature_valid=1 tonalness_valid=1 tonalness_proxy=3.194149 tonal_gate=pending_normal_only
2026-08-22T12:34:18.134+00:00	1441.688	DET 46 score=622.214783 lo=0 hi=4374.05859 led=1 anom=0 total_anom=24 normal (uzastopnih=0 nivo=-47.9 dBFS racun=716 ms)
2026-08-22T12:34:18.221+00:00	1441.782	FEATURE96 protocol=asd-research-v1.0.0 session=1 phase=DET window=46 window_start_ms=1431172 window_end_ms=1440422 score=622.214783 level_dbfs=-47.8832245 quality=OK tonalness_proxy=3.19414854 dims=96 fnv1a=0e61b6e3 values=-10.3979931,-10.3979931,1.38410091,-10.3979931,-10.3979931,1.42002392,-10.3979931,1.98141432,-10.3979931,2.13146114,1.46859264,-10.3979931,2.08810759,2.85303593,2.45233488,-10.3979931,1.35426617,0.923762321,1.00947571,0.982170105,0.921055794,0.911755562,1.05628109,1.10166645,1.87525368,1.96725655,1.34691715,1.11299133,1.04940224,0.957597733,0.91508007,0.81592083,1.24751472,0.913480759,0.951741219,2.55294704,3.19414854FLAGS protocol=asd-quality-v1.5.0 mode=READY state=CALIBRATED_NORMAL waiting=0 learning=0 learned=1 anomaly=0 hold=0 fault=0 green=on red=off guided25_available=1 workflow_pending=DEFAULT research_telemetry=1 profile_persistence_allowed=0 dropped=0
2026-08-22T12:34:18.279+00:00	1441.828	,0.931060791,0.655014992,0.889766693,0.904820442,1.2944088,0.827550888,0.676537514,0.715940475,0.766178131,0.892871857,1.43865967,0.740046501,0.921150208,0.937648773,0.75804615,0.909937859,1.8005023,0.806462288,0.95749855,1.04582977,1.29699707,1.16178894,1.4333992,1.54031086,2.57332706,1.82064867,0.175452232,1.00496387,0.458459854,0.586448669,0.698655128,0.755599022,0.954907417,0.940158844,1.13727379,1.01323795,1.36692619,0.779338837,0.664012909,0.535449982,0.31003952,0.237304688,0.621603012,0.184661865,0.202010155,0.213463783,0.103308678,0.0610561371,-0.155486107,-0.197714806,-0.105437279,-0.0485143661,-0.144145012,-0.108130455,-0.299053192,-0.190605164,0.057551384,-0.103320122,-0.161495209
2026-08-22T12:34:18.395+00:00	1441.953	SUBSEG96 protocol=asd-research-v1.0.0 session=1 phase=DET window=46 group=1 segments=8 dims=96 fnv1a=434257a5 values=-10.3408203,-10.3408203,1.1240387,-10.3408203,-10.3408203,1.00034046,-10.3408203,1.36005974,-10.3408203,1.03617287,1.07513714,-10.3408203,2.04414129,2.8201232,2.34237576,-10.3408203,1.41187382,0.66972065,1.04023552,0.869514465,0.776830673,0.84054184,1.02145481,1.26483059,1.89979506,1.83145523,1.43348312,1.21954918,1.14394379,0.857240677,0.736426353,0.843356133,1.12355995,0.959881783,0.947198868,2.6484437,3.23465729,1.01868057,0.688239098,0.873356819,0.838763237,1.45976067,1.01401806,0.804357529,0.977506638,0.851665497,0.970999718,1.35090446,0.740753174,0.879387856,0.99450016,0.784205437,1.0673933,1.83336782,0.855902672,0.932163239,1.17857933,1.40300846,1.21334076,1.56967735,1.65311527,2.6576438,1.58826256,0.170789719,1.06246471,0.525086403,0.530190468,0.745653152,0.834776878,0.97923851,1.01474476,1.18598652,1.06782722,1.3893261,0.783934593,0.743178368,0.579584122,0.417608261,0.221363068,0.698569298,0.218074799,0.28567791,0.257809639,0.16413784,0.0569324493,-0.0971097946,-0.120145798,-0.0807285309,-0.0086812973,-0.136885643,-0.00337409973,-0.261935234,-0.157104492,0.0412578583,-0.0786361694,-0.0789899826
2026-08-22T12:34:18.501+00:00	1442.063	SUBSEG96 protocol=asd-research-v1.0.0 session=1 phase=DET window=46 group=2 segments=8 dims=96 fnv1a=59c33d19 values=-10.3939962,-10.3939962,1.51381588,-10.3939962,-10.3939962,1.43064404,-10.3939962,1.80400372,-10.3939962,1.78985786,1.16199398,-10.3939962,2.08376551,2.88341713,2.50654268,-10.3939962,1.64637756,1.2505827,1.22715569,1.11980057,1.07475758,0.834819794,1.0153017,0.963801384,1.75657225,1.98578739,1.43138409,0.983480453,0.925077438,1.05278587,0.695336342,0.843032837,1.06526756,0.930373192,1.11303043,2.47918081,3.22148991,0.824368477,0.688238144,0.895949364,0.999485016,1.22048569,0.667146683,0.648564339,0.482487679,0.716723442,0.923094749,1.5430069,0.690937996,0.892268181,0.849650383,0.734340668,0.876644135,1.80276728,0.713082314,0.914880753,1.06576347,1.31949043,1.16433144,1.40034962,1.58013248,2.50119448,2.0056138,0.251833916,1.01669312,0.544693947,0.589201927,0.69165802,0.793521881,1.00446224,0.948209763,1.17648983,1.05880737,1.25081539,0.798519135,0.626467705,0.620859146,0.238102913,0.252944946,0.725728989,0.18901062,0.247631073,0.212538719,0.137249947,0.0733013153,-0.150862694,-0.180617332,-0.0889863968,-0.0717744827,-0.108389854,-0.092461586,-0.259865761,-0.158930779,0.147856712,-0.0754241943,-0.167673111
2026-08-22T12:34:18.608+00:00	1442.157	SUBSEG96 protocol=asd-research-v1.0.0 session=1 phase=DET window=46 group=3 segments=8 dims=96 fnv1a=def29b9e values=-10.4197197,-10.4197197,1.46305084,-10.4197197,-10.4197197,1.77061558,-10.4197197,2.39098597,-10.4197197,2.50885534,1.7318759,-10.4197197,2.2243948,2.98487997,2.58183908,-10.4197197,1.18151665,0.838338852,0.939639091,0.879217148,0.757573128,0.968665123,0.804521561,1.0829134,1.87173223,2.01169491,1.25546837,1.08741283,1.22620869,1.09584522,1.04924774,0.800516129,1.196455,0.703775406,0.973327637,2.50955629,3.19237995,0.913446426,0.696918488,0.967040062,1.00721073,1.23871994,0.880034447,0.623430252,0.683703423,0.657457352,0.884666443,1.51871872,0.767974854,0.946466446,0.964204788,0.857088089,0.83041954,1.79187107,0.764647484,1.0110178,0.935373306,1.19944382,1.01012802,1.39117432,1.54888439,2.56127405,1.894207,0.0775938034,0.956570625,0.404481888,0.621937752,0.629489899,0.726770401,0.92417717,0.907517433,1.0802021,0.962089539,1.40324116,0.705097198,0.680298805,0.510363579,0.250891685,0.2486763,0.632018089,0.169117928,0.173520088,0.206953049,0.0441331863,0.0834941864,-0.186971664,-0.232241631,-0.104525566,-0.0671730042,-0.132793427,-0.146474838,-0.317777634,-0.227064133,0.060883522,-0.11829567,-0.196580887
2026-08-22T12:34:18.717+00:00	1442.266	SUBSEG96 protocol=asd-research-v1.0.0 session=1 phase=DET window=46 group=4 segments=7 dims=96 fnv1a=1b184220 values=-10.3982277,-10.3982277,1.32588577,-10.3982277,-10.3982277,1.26074314,-10.3982277,1.94799948,-10.3982277,2.22745275,1.42958546,-10.3982277,2.12199545,2.85739803,2.4664588,-10.3982277,1.34192371,0.872047424,0.829728127,0.918668747,1.08742809,1.00599003,1.25816154,1.01932907,1.9266758,1.96049356,1.14667702,1.13984776,1.00551224,0.649394035,0.967898369,0.600439072,1.50322151,0.988808632,0.860390663,2.48566771,3.19438505,0.942687035,0.658764839,0.955377579,0.857625961,1.22073555,0.696949005,0.647760391,0.764141083,0.891048431,0.741473198,1.41411209,0.791102409,0.946432114,0.925690651,0.70796299,0.919362068,1.83142805,0.865766525,0.964751244,1.0645771,1.28724957,1.26695251,1.39695454,1.49392128,2.56058168,1.99168491,0.272269249,1.02886772,0.461480141,0.675933838,0.740911484,0.754971504,0.881919861,0.960161209,1.21017075,0.977498055,1.46037102,0.827468872,0.577299118,0.596130371,0.328701973,0.213559151,0.604201317,0.192922592,0.186191559,0.189389229,0.126552582,0.112081528,-0.144342422,-0.231824875,-0.0991039276,-0.0498218536,-0.0959682465,-0.155698776,-0.303676605,-0.150814056,0.0891618729,-0.0803890228,-0.176081657
2026-08-22T12:34:18.824+00:00	1442.375	SUBSEG96 protocol=asd-research-v1.0.0 session=1 phase=DET window=46 group=5 segments=7 dims=96 fnv1a=dfe163e8 values=-10.3613901,-10.3613901,1.43584824,-10.3613901,-10.3613901,1.15573406,-10.3613901,1.64605618,-10.3613901,2.02507877,1.63460922,-10.3613901,1.95458508,2.70059109,2.34344387,-10.3613901,0.847456932,0.732600212,0.948853493,1.12890053,0.863120079,0.955659866,1.17492294,1.20533276,1.98694086,2.08229828,1.4719696,1.19513512,0.880467415,1.02746773,1.07078266,0.994668007,1.30948734,1.03108501,0.846870422,2.69696045,3.19693089,1.02287865,0.590457916,0.781299591,0.81149292,1.37475872,0.868565559,0.72280407,0.599999428,0.770784378,0.982618332,1.36724663,0.779717445,1.0088625,1.02006817,0.74474144,0.908952713,1.81819153,0.905438423,1.02771282,1.0398283,1.34177685,1.21516228,1.46904659,1.45988655,2.65631008,1.16158295,0.155425072,1.0369873,0.404009819,0.565337181,0.764845848,0.730309486,1.04632282,0.942055702,1.09370422,1.06909847,1.38576317,0.858128548,0.750182152,0.389220238,0.385097504,0.31853199,0.437320709,0.231471062,0.176160812,0.274880409,0.116549492,0.0425882339,-0.121484756,-0.153248787,-0.0808677673,0.0328712463,-0.188983917,-0.0791082382,-0.281428337,-0.186922073,-0.0122842789,-0.0912733078,-0.114193916
2026-08-22T12:34:23.202+00:00	1446.750	FLAGS protocol=asd-quality-v1.5.0 mode=READY state=CALIBRATED_NORMAL waiting=0 learning=0 learned=1 anomaly=0 hold=0 fault=0 green=on red=off guided25_available=1 workflow_pending=DEFAULT research_telemetry=1 profile_persistence_allowed=0 dropped=0
2026-08-22T12:34:28.163+00:00	1451.719	QUALITY protocol=asd-quality-v1.5.0 phase=DET index=47 total=0 result=OK metrics_valid=1 samples=159744 expected=159744 rms_dbfs=-47.070 dc=-0.500 peak=511 clipped=0 zeros=423 stuck=312 dropped_delta=0 feature_valid=1 tonalness_valid=1 tonalness_proxy=3.295781 tonal_gate=pending_normal_only
2026-08-22T12:34:28.173+00:00	1451.735	DET 47 score=451.671448 lo=0 hi=4374.05859 led=1 anom=0 total_anom=24 normal (uzastopnih=0 nivo=-47.1 dBFS racun=716 ms)
2026-08-22T12:34:28.233+00:00	1451.782	FEATURE96 protocol=asd-research-v1.0.0 session=1 phase=DET window=47 window_start_ms=1441132 window_end_ms=1450460 score=451.671448 level_dbfs=-47.0698471 quality=OK tonalness_proxy=3.29578114 dims=96 fnv1a=72051e70 values=-10.3504114,-10.3504114,1.54792976,-10.3504114,-10.3504114,1.25479889,-10.3504114,1.54714584,-10.3504114,1.53343487,1.006073,-10.3504114,1.48134995,2.17128897,1.88766384FLAGS protocol=asd-quality-v1.5.0 mode=READY state=CALIBRATED_NORMAL waiting=0 learning=0 learned=1 anomaly=0 hold=0 fault=0 green=on red=off guided25_available=1 workflow_pending=DEFAULT research_telemetry=1 profile_persistence_allowed=0 dropped=0
2026-08-22T12:34:28.319+00:00	1451.875	,-10.3504114,1.02698994,0.949308395,0.919584274,0.880712509,0.858065605,0.829140663,1.01712513,1.12605476,1.74500751,1.84985018,1.24633026,1.05881596,1.19991684,0.892614365,0.98089695,0.934541702,1.31700516,1.05828667,1.00424099,2.55836678,3.29578114,0.874282837,0.759392738,0.774451256,0.982006073,1.30951309,0.780690193,0.753201485,0.732153893,0.728297234,0.88992691,1.54075813,0.774549484,0.942041397,1.01255894,0.813954353,0.941482544,1.83010197,0.902404785,1.00955391,1.10854721,1.37492657,1.30285263,1.49708271,1.63022518,2.57344723,2.20057869,0.289455414,1.09061718,0.490513802,0.639508247,0.798509598,0.816645622,0.980993271,0.978759766,1.18659019,1.07399082,1.43331909,0.840699196,0.650486946,0.679055214,0.394573212,0.316585541,0.631576538,0.250947952,0.283263206,0.28044796,0.143897057,0.0963487625,-0.0697898865,-0.126096725,-0.0755758286,-0.0114765167,-0.0602254868,-0.054186821,-0.225304604,-0.119417191,0.180628777,-0.0824384689,-0.117069244
2026-08-22T12:34:28.428+00:00	1451.985	SUBSEG96 protocol=asd-research-v1.0.0 session=1 phase=DET window=47 group=1 segments=8 dims=96 fnv1a=af2b1388 values=-10.37819,-10.37819,1.47223663,-10.37819,-10.37819,1.39447117,-10.37819,1.47367573,-10.37819,1.54820442,1.13478947,-10.37819,1.8811698,2.60514545,2.23300028,-10.37819,0.873304367,0.873166084,0.90648365,0.966851234,0.965943336,0.771541595,1.26726627,1.36112881,1.71300316,1.76467085,1.15156364,0.958908081,1.13402271,0.938838959,1.01751041,1.01524734,1.20808125,0.916607857,0.968781471,2.58294153,3.25336933,0.945899963,1.0164299,0.977437973,1.15511227,1.24444008,0.707636833,0.752655983,0.593053818,0.592600822,0.918936729,1.55256462,0.870916367,0.965749741,0.943112373,0.789791107,0.918991089,1.79953003,0.888594627,0.946270943,1.06806087,1.27861214,1.25089455,1.45382404,1.67632198,2.57544088,1.91380596,0.436576843,1.06775951,0.374722481,0.652210236,0.802318573,0.789049149,1.00674057,0.897212982,1.16346169,1.06598377,1.4063673,0.876559258,0.68271637,0.652378082,0.325397491,0.278690338,0.610337257,0.19838047,0.227270126,0.290225029,0.120704651,0.0762033463,-0.0907268524,-0.169800758,-0.118871689,-0.011390686,-0.127392769,-0.0901918411,-0.252259254,-0.15815258,0.120174408,-0.101837158,-0.123814583
2026-08-22T12:34:28.535+00:00	1452.094	SUBSEG96 protocol=asd-research-v1.0.0 session=1 phase=DET window=47 group=2 segments=8 dims=96 fnv1a=2c69578e values=-10.3142099,-10.3142099,1.03360462,-10.3142099,-10.3142099,1.08723831,-10.3142099,1.53691578,-10.3142099,1.55406857,0.880314827,-10.3142099,1.3182745,2.03541756,1.9000864,-10.3142099,1.06260586,0.816491127,0.926600456,0.874400139,0.760557175,0.798454285,0.471843719,1.08198166,1.88141918,1.92483091,1.34939003,1.09189606,1.11312294,0.864208221,1.06477737,0.764057159,1.26035881,1.18625069,1.08969498,2.65132189,3.3354497,0.904901505,0.526697159,0.659668922,1.03181744,1.27553844,0.877845764,0.81295681,0.825532913,0.84204483,0.964537621,1.56001854,0.743741035,0.911601067,1.01737976,0.911719322,0.975400925,1.88125229,0.990189552,1.08398151,1.18087959,1.41107082,1.4153347,1.54715347,1.6303196,2.6712327,1.92732143,0.347090721,1.06621361,0.488677025,0.617620468,0.832967758,0.845457077,0.943957329,0.956643105,1.21595097,1.11764336,1.47088814,0.828736305,0.73617363,0.631818771,0.451392174,0.29630661,0.655544281,0.266909599,0.331381798,0.251150131,0.167864799,0.159018517,-0.0952920914,-0.0881052017,-0.0144348145,0.0878181458,-0.085855484,-0.035033226,-0.160460472,-0.11997509,0.158447266,-0.00825023651,-0.100343704
2026-08-22T12:34:28.644+00:00	1452.203	SUBSEG96 protocol=asd-research-v1.0.0 session=1 phase=DET window=47 group=3 segments=8 dims=96 fnv1a=2640e9b8 values=-10.3146429,-10.3146429,1.66743469,-10.3146429,-10.3146429,1.10862064,-10.3146429,1.52720451,-10.3146429,1.55104446,1.0443058,-10.3146429,1.32096195,1.92665672,1.67219257,-10.3146429,1.22097015,1.15151024,0.649813652,0.644639969,0.831881523,0.757996559,0.81905365,1.06661892,1.64534569,1.92191648,1.39344501,1.2819109,1.27139282,0.643565178,0.739712715,0.95920372,1.26843929,0.973485947,0.810655594,2.5290308,3.28548288,0.898072243,0.77602005,0.726758957,0.915001869,1.41779137,0.600772858,0.865222931,0.660689354,0.778968811,0.921691895,1.65320015,0.605694771,0.996332169,1.07659626,0.710055351,0.966400146,1.83422136,0.858795166,1.03412342,1.06582451,1.40332317,1.22942829,1.49082661,1.55494976,2.62177944,2.25420189,0.20169735,1.19067192,0.563029289,0.66397953,0.832270622,0.835806847,1.04398727,1.03338623,1.22346115,1.10601711,1.47120857,0.905711174,0.591187477,0.749248505,0.401703835,0.396699905,0.704920769,0.317594528,0.317839622,0.353163719,0.191224098,0.128691673,-0.0552959442,-0.091843605,-0.0117826462,0.0339670181,-0.00358963013,-0.00524425507,-0.215396881,-0.043838501,0.21523571,-0.0451688766,-0.084813118
2026-08-22T12:34:28.752+00:00	1452.313	SUBSEG96 protocol=asd-research-v1.0.0 session=1 phase=DET window=47 group=4 segments=7 dims=96 fnv1a=2c94b7cf values=-10.3505049,-10.3505049,1.63713455,-10.3505049,-10.3505049,1.12480927,-10.3505049,1.38797951,-10.3505049,1.24697304,0.946252823,-10.3505049,1.18056679,1.87860346,1.73458099,-10.3505049,1.1003437,0.99379158,1.07033825,0.787437439,0.637961388,0.88611412,1.09979057,1.03787327,1.76326227,1.66537476,1.05666161,1.05988884,1.35251999,1.02485371,1.16469002,1.04406834,1.46448517,1.20172024,1.14229298,2.45418882,3.35320568,0.853284836,0.590322495,0.746098518,0.907731056,1.3375864,0.883640289,0.615510941,0.987995148,0.609898567,0.817685127,1.37413883,0.819755554,0.917076111,1.07313824,0.877301216,1.09874535,1.83248806,0.958869934,1.08363628,1.2005291,1.43195248,1.42978477,1.45260525,1.70249844,2.37731075,2.5560317,0.220461845,1.13237,0.646954536,0.671051025,0.730881691,0.874866486,0.962984085,1.06183434,1.14427662,1.08793831,1.41385746,0.803221703,0.573412895,0.701964378,0.396928787,0.355085373,0.604655266,0.278879166,0.316487312,0.262345314,0.18046093,0.0928783417,-0.00693798065,-0.125752449,-0.104276657,-0.131258965,0.024679184,-0.0524845123,-0.215939522,-0.119677544,0.247941017,-0.147203445,-0.111965179
2026-08-22T12:34:28.860+00:00	1452.422	SUBSEG96 protocol=asd-research-v1.0.0 session=1 phase=DET window=47 group=5 segments=7 dims=96 fnv1a=dabaa02b values=-10.3242865,-10.3242865,1.74113941,-10.3242865,-10.3242865,1.46844292,-10.3242865,1.79710197,-10.3242865,1.72159672,1.0242815,-10.3242865,1.13000202,1.58137035,1.39704609,-10.3242865,0.833154678,0.90335083,1.02381325,1.07961941,1.04050159,0.984933853,1.07858181,0.96571064,1.76123857,1.98354673,1.26934528,0.836236954,1.15984726,0.975312233,0.849890709,0.890195847,1.42655945,1.02898026,1.02033901,2.61234951,3.32282352,0.802825928,0.709824562,0.702033997,0.84655571,1.3312273,0.856227875,0.740526199,0.494592667,0.84312439,0.869431496,1.58076286,0.843917847,0.978715897,1.01978683,0.828372002,0.733665466,1.87405348,0.868208885,0.953396797,1.08240509,1.4204464,1.20793819,1.60437107,1.63671017,2.63078594,2.11896706,0.221418381,1.04736042,0.40348053,0.659161568,0.853061676,0.805604935,1.00447178,1.01131344,1.252244,1.05625534,1.47322273,0.841097832,0.709973335,0.725622177,0.468212128,0.320384026,0.64493084,0.261411667,0.293235779,0.304791451,0.124611855,0.0884456635,-0.0300312042,-0.0831890106,-0.0671234131,-0.00276374817,-0.0436229706,-0.016875267,-0.215116501,-0.0881586075,0.232771873,-0.0529947281,-0.0950593948
2026-08-22T12:34:33.220+00:00	1456.782	FLAGS protocol=asd-quality-v1.5.0 mode=READY state=CALIBRATED_NORMAL waiting=0 learning=0 learned=1 anomaly=0 hold=0 fault=0 green=on red=off guided25_available=1 workflow_pending=DEFAULT research_telemetry=1 profile_persistence_allowed=0 dropped=0
2026-08-22T12:34:38.137+00:00	1461.688	QUALITY protocol=asd-quality-v1.5.0 phase=DET index=48 total=0 result=OK metrics_valid=1 samples=159744 expected=159744 rms_dbfs=-46.714 dc=-0.514 peak=514 clipped=0 zeros=424 stuck=256 dropped_delta=0 feature_valid=1 tonalness_valid=1 tonalness_proxy=3.255541 tonal_gate=pending_normal_only
2026-08-22T12:34:38.148+00:00	1461.703	DET 48 score=953.005127 lo=0 hi=4374.05859 led=1 anom=0 total_anom=24 normal (uzastopnih=0 nivo=-46.7 dBFS racun=716 ms)
2026-08-22T12:34:38.296+00:00	1461.844	FEATURE96 protocol=asd-research-v1.0.0 session=1 phase=DET window=48 window_start_ms=1451162 window_end_ms=1460434 score=953.005127 level_dbfs=-46.7137146 quality=OK tonalness_proxy=3.25554085 dims=96 fnv1a=b123e2fb values=-10.3472681,-10.3472681,2.27920341,-10.3472681,-10.3472681,1.64071465,-10.3472681,1.78226566,-10.3472681,1.52532291,1.06901932,-10.3472681,1.15000534,1.59921837,1.39805794,-10.3472681,1.05690765,0.983950615,1.14013481,1.01929188,1.01065922,0.97372818,1.0199728,1.14651966,1.76220322,1.82633162,1.28652,1.30799866,1.11442852,0.956307411,1.23594189,1.21171284,1.27677727,0.978652954,0.852273941,2.68071795,3.25554085,0.855171204,0.69370842,0.727628708,0.92680645,1.26759338,0.795044899,0.670053482,0.825352669,0.834137917,0.924785614,1.54203892,0.744889259,0.984703064,0.967757225,0.781396866,0.87015152,1.83192539,0.886790276,1.03053474,1.06173897,1.28121853,1.25201607,1.46812057FLAGS protocol=asd-quality-v1.5.0 mode=READY state=CALIBRATED_NORMAL waiting=0 learning=0 learned=1 anomaly=0 hold=0 fault=0 green=on red=off guided25_available=1 workflow_pending=DEFAULT research_telemetry=1 profile_persistence_allowed=0 dropped=0
2026-08-22T12:34:38.302+00:00	1461.860	,1.65052605,2.68189812,1.48387814,0.222962379,1.08806038,0.543518066,0.667299271,0.770270348,0.85668087,0.974475861,0.97576046,1.23152542,1.07903671,1.4228344,0.79226017,0.783530235,0.533068657,0.354784012,0.271330833,0.633728981,0.241778374,0.226319313,0.249307632,0.124463081,0.103495598,-0.124387741,-0.122158051,-0.081366539,0.0427103043,-0.17240715,-0.0498008728,-0.239991188,-0.143260002,0.0889053345,-0.037068367,-0.109811783
2026-08-22T12:34:38.404+00:00	1461.953	SUBSEG96 protocol=asd-research-v1.0.0 session=1 phase=DET window=48 group=1 segments=8 dims=96 fnv1a=9d34ed41 values=-10.3278217,-10.3278217,2.20870829,-10.3278217,-10.3278217,1.42839241,-10.3278217,1.48141575,-10.3278217,1.20564938,1.05645561,-10.3278217,1.17187691,1.57177734,1.31135082,-10.3278217,0.879687309,0.952662468,1.33329678,1.14827156,1.06074715,1.28613186,0.858458519,1.04786777,1.66374397,1.59154987,1.07660675,1.28730011,1.1061573,1.0315361,1.19659805,1.2085886,1.19275093,1.04544163,0.77814579,2.7052331,3.2791729,1.0416069,0.592250824,0.70208168,0.93761158,1.35785294,0.761107445,0.708267212,0.821647644,0.824197769,0.996348381,1.5785141,0.665138245,1.12737465,1.08453846,0.809218407,0.836693764,1.87698174,0.96064949,1.02315903,1.02569103,1.26770401,1.28424263,1.48371696,1.70164919,2.69169569,1.52375889,0.249595642,1.09134769,0.519083023,0.72456646,0.810320854,0.838741302,0.988923073,0.981593132,1.21788692,1.0704546,1.47856998,0.793832779,0.834041595,0.552222252,0.359436989,0.295667648,0.673418999,0.218527794,0.213078499,0.256361961,0.150740623,0.139536858,-0.133779526,-0.0738315582,-0.0734090805,0.0874843597,-0.134407043,-0.0141153336,-0.219738007,-0.146803856,0.0997896194,-0.00251483917,-0.073009491
2026-08-22T12:34:38.511+00:00	1462.063	SUBSEG96 protocol=asd-research-v1.0.0 session=1 phase=DET window=48 group=2 segments=8 dims=96 fnv1a=5f3796a5 values=-10.3580256,-10.3580256,2.69517612,-10.3580256,-10.3580256,1.89455748,-10.3580256,2.06331968,-10.3580256,1.77850056,0.994824409,-10.3580256,0.676187515,1.16848373,1.20244598,-10.3580256,1.16529465,0.993937492,1.19584656,1.12040424,0.880105019,0.716095924,1.28972721,1.40484428,1.80255222,1.73181677,1.20644665,1.2226305,1.02406693,0.9223423,1.40662193,1.50749493,1.31376457,0.928631783,0.901021004,2.68734646,3.24153185,0.874125481,0.668148994,0.680753708,1.00385284,1.20395565,0.922911644,0.678186417,0.645157814,0.797840118,0.766249657,1.47751713,0.783416748,0.99050045,0.960992813,0.751004219,0.844352722,1.83314085,0.809305191,1.0410738,1.11203384,1.26804447,1.21643353,1.48138618,1.65282488,2.64868689,1.41667652,0.167606354,1.07920933,0.586079597,0.678800583,0.748494148,0.929676056,0.962710381,0.966821671,1.24155045,1.06414127,1.42676258,0.781280518,0.814407349,0.502552986,0.352891922,0.293198586,0.605848312,0.264221191,0.221020699,0.273703575,0.153786659,0.104659081,-0.162898064,-0.108056068,-0.114124298,0.0349464417,-0.170398712,-0.0235929489,-0.233730316,-0.179900169,0.113367081,-0.0706548691,-0.104743958
2026-08-22T12:34:38.620+00:00	1462.172	SUBSEG96 protocol=asd-research-v1.0.0 session=1 phase=DET window=48 group=3 segments=8 dims=96 fnv1a=ab602f98 values=-10.3233538,-10.3233538,2.0293479,-10.3233538,-10.3233538,1.1926775,-10.3233538,1.40383148,-10.3233538,1.35502434,1.17178822,-10.3233538,1.2211256,1.74437714,1.40886021,-10.3233538,1.09377956,1.07169724,1.00268078,0.771500587,0.97076416,0.988459587,1.02389336,1.10192966,1.73141003,1.92137289,1.35917187,1.36230659,1.25385952,0.866845131,1.33490467,0.781671524,1.22148418,1.12663555,0.900558472,2.70991135,3.29449224,0.817116737,0.696194649,0.605977058,0.852722168,1.35291767,0.758692741,0.750102043,0.970202446,0.744458199,1.02372646,1.5153532,0.75428772,0.892701149,0.890924454,0.892258644,0.95455265,1.83337116,0.865164757,1.09747028,1.08571243,1.32485485,1.30721664,1.48361969,1.68248606,2.70727921,1.54711151,0.276731491,1.02141476,0.555685043,0.605116844,0.749135971,0.85764122,1.0042305,0.970059395,1.24030399,1.06402397,1.49066162,0.823467255,0.777173996,0.516597748,0.378537178,0.304583549,0.676527977,0.264040947,0.255279541,0.25461483,0.141061783,0.103839874,-0.0630340576,-0.0664806366,-0.026717186,0.0737886429,-0.178769112,-0.0373773575,-0.236857414,-0.0936584473,0.0961303711,0.0232782364,-0.0570287704
2026-08-22T12:34:38.726+00:00	1462.282	SUBSEG96 protocol=asd-research-v1.0.0 session=1 phase=DET window=48 group=4 segments=7 dims=96 fnv1a=a08fa381 values=-10.3322067,-10.3322067,2.02996826,-10.3322067,-10.3322067,1.87077427,-10.3322067,1.72808027,-10.3322067,1.43870163,1.02422905,-10.3322067,1.16675663,1.53978729,1.3731041,-10.3322067,0.975672722,0.996297836,1.04509449,1.05829048,1.16110992,0.964399338,0.738585472,0.937569618,1.87541294,1.91962099,1.32534504,1.27302742,1.08592129,0.910608292,0.925969124,1.0259304,1.19530773,0.994458199,0.900536537,2.64446497,3.26411152,0.647168159,0.737784386,0.847598076,0.950208664,1.12432384,0.587935448,0.684951782,0.850359917,0.926151276,0.974417686,1.62278652,0.831521034,0.937111855,0.955713272,0.858293533,0.885020256,1.82733727,1.01509857,1.04006195,1.07526112,1.30717945,1.28982639,1.52437592,1.6789341,2.71098614,1.6091671,0.27562809,1.13028717,0.581371307,0.63737011,0.846477509,0.871554375,0.990309715,1.01702499,1.30072117,1.1150198,1.37498188,0.837926865,0.756556511,0.603467941,0.355881691,0.243232727,0.639103889,0.261193275,0.281700134,0.260053635,0.117880821,0.139126778,-0.0982532501,-0.155452728,-0.0714664459,0.0372982025,-0.165175438,-0.0538187027,-0.209873199,-0.0979242325,0.109330177,-0.0199928284,-0.142424583
2026-08-22T12:34:38.834+00:00	1462.391	SUBSEG96 protocol=asd-research-v1.0.0 session=1 phase=DET window=48 group=5 segments=7 dims=96 fnv1a=bdb25eba values=-10.3388243,-10.3388243,1.75592518,-10.3388243,-10.3388243,1.44880581,-10.3388243,1.91752052,-10.3388243,1.64250469,1.1335001,-10.3388243,1.3646946,1.81579876,1.65349579,-10.3388243,1.15160942,0.944399834,1.06636238,0.936872482,1.01135159,0.657314301,0.981784821,1.09002113,1.7752676,1.95075989,1.45499039,1.43281078,1.12687969,1.07734871,1.18056297,1.21891403,1.46111298,0.756137848,0.818943977,2.70509529,3.2516613,0.835287094,0.81674099,0.835032463,0.925548553,1.30156326,0.90073967,0.548555374,0.850152016,0.925085068,0.880438805,1.57157993,0.73308754,0.985569,0.975964546,0.5835886,0.878437042,1.84058285,0.812253952,0.995467186,1.05604553,1.29456615,1.20995617,1.41484451,1.57598877,2.70987606,1.3292799,0.195521355,1.17105579,0.523777962,0.732588768,0.749306679,0.824381828,0.982256889,1.00274372,1.21041203,1.14090347,1.37296104,0.780387878,0.778507233,0.548913956,0.383078575,0.265499115,0.624856949,0.254752159,0.216017723,0.254971504,0.105614662,0.0830087662,-0.109283447,-0.172826767,-0.0667619705,0.0291070938,-0.159276962,-0.0739278793,-0.244632721,-0.142169952,0.0780029297,-0.0679559708,-0.129907608
2026-08-22T12:34:43.230+00:00	1466.782	FLAGS protocol=asd-quality-v1.5.0 mode=READY state=CALIBRATED_NORMAL waiting=0 learning=0 learned=1 anomaly=0 hold=0 fault=0 green=on red=off guided25_available=1 workflow_pending=DEFAULT research_telemetry=1 profile_persistence_allowed=0 dropped=0
2026-08-22T12:34:48.112+00:00	1471.672	QUALITY protocol=asd-quality-v1.5.0 phase=DET index=49 total=0 result=OK metrics_valid=1 samples=159744 expected=159744 rms_dbfs=-46.059 dc=-0.473 peak=867 clipped=0 zeros=408 stuck=261 dropped_delta=0 feature_valid=1 tonalness_valid=1 tonalness_proxy=2.934004 tonal_gate=pending_normal_only
2026-08-22T12:34:48.123+00:00	1471.672	DET 49 score=16483.4941 lo=0 hi=4374.05859 led=1 anom=0 total_anom=24 iznad praga (uzastopnih=1 nivo=-46.1 dBFS racun=727 ms)
2026-08-22T12:34:48.273+00:00	1471.828	FEATURE96 protocol=asd-research-v1.0.0 session=1 phase=DET window=49 window_start_ms=1461142 window_end_ms=1470408 score=16483.4941 level_dbfs=-46.0591354 quality=OK tonalness_proxy=2.93400383 dims=96 fnv1a=118d060e values=-10.7149401,-10.7149401,1.37826443,-10.7149401,-10.7149401,0.840538025,-10.7149401,1.15371037,-10.7149401,1.21585941,0.632246971,-10.7149401,0.605367661,1.02109241,1.08075905,-10.7149401,0.889601707,0.424920082,0.574401855,0.506465912,0.443853378,0.559315681,0.644710541,0.667541504,1.32986736,1.45030546,1.17073917,0.915554047,0.775753021,0.718699455,0.828751564,1.08970547,1.46458101,2.43783617,2.38984585,2.56696844,2.93400383,0.878389359,1.01758766,0.94395256,1.86625099,1.34094,0.923283577,0.632806778,0.705572128,0.875083923,1.26381683,2.29939413,2.55682421,1.85851622,1.76369476,1.64704037,2.24625731,2.38276577,2.03678656,2.08666563,1.41379833,1.38759422,1.7385807,1.52730751,1.60421371,2.26521254,1.65602398,1.23723793,0.99374485,1.18965435,1.51993418,1.5250597,1.09119511,1.16289711,0.994486809,1.10935974,1.054883,1.12800407,0.740913391,0.613124847,0.844026566,0.573802948,0.280765533,0.494292259,0.0494766235,-0.0384292603,-0.0250720978,-0.159784317,-0.124644279,-0.373235703,-0.420433998,-0.346428871,-0.363106728,-0.470380783,-0.409889221,-0.568602562FLAGS protocol=asd-quality-v1.5.0 mode=READY state=CALIBRATED_NORMAL waiting=0 learning=0 learned=1 anomaly=0 hold=0 fault=0 green=on red=off guided25_available=1 workflow_pending=DEFAULT research_telemetry=1 profile_persistence_allowed=0 dropped=0
2026-08-22T12:34:48.274+00:00	1471.828	,-0.411358833,-0.0751066208,-0.325068474,-0.401446342
2026-08-22T12:34:48.383+00:00	1471.938	SUBSEG96 protocol=asd-research-v1.0.0 session=1 phase=DET window=49 group=1 segments=8 dims=96 fnv1a=92124450 values=-10.3384199,-10.3384199,1.87702274,-10.3384199,-10.3384199,1.31047153,-10.3384199,1.5160408,-10.3384199,1.46247578,0.924624443,-10.3384199,0.988602638,1.34370136,1.27574062,-10.3384199,0.883615494,0.684451103,0.915464401,0.940655708,0.897484779,0.923838615,1.04024124,0.92559433,1.77046967,1.94352722,1.50862598,1.22602654,0.883971214,1.09793758,0.777765274,0.861838341,1.38163662,0.998540878,1.08546638,2.62075281,3.26719999,0.912413597,0.783717155,1.02053928,0.827313423,1.33163357,0.847641945,0.765727997,0.827675819,0.956701279,0.773774147,1.44917583,0.89131546,1.30264759,1.38039017,0.886194229,1.28813171,1.81650209,1.00002861,1.08286476,1.16954041,1.29066753,1.16633606,1.40942001,1.58406162,2.66096878,1.76727152,0.438331604,1.06511402,0.666326523,0.696422577,0.748776436,0.803201675,1.00125408,1.01978779,1.21215153,1.11375713,1.37209988,0.802438736,0.802741051,0.656160355,0.420255661,0.364442825,0.679650307,0.32484436,0.245177269,0.286707878,0.0764541626,0.175292015,-0.0945243835,-0.135856628,-0.0979795456,-0.00673866272,-0.155816078,-0.0184822083,-0.224154472,-0.0912456512,0.119655609,-0.0199108124,-0.0654039383
2026-08-22T12:34:48.487+00:00	1472.047	SUBSEG96 protocol=asd-research-v1.0.0 session=1 phase=DET window=49 group=2 segments=8 dims=96 fnv1a=6fe9c8a2 values=-10.7259836,-10.7259836,1.37001085,-10.7259836,-10.7259836,0.846772194,-10.7259836,1.15795708,-10.7259836,1.25541973,0.547455788,-10.7259836,0.0534648895,0.831715584,0.597783089,-10.7259836,0.297517776,0.247098923,0.272919655,0.218560219,0.39675808,0.62003231,0.404921532,0.742510796,1.43374538,1.4657917,1.20462704,0.975872993,0.703522682,0.530454636,0.960371017,0.952869415,1.62720203,2.83267689,2.33978939,2.5810833,2.91795015,1.29859304,1.28307772,0.740124702,1.0477972,0.967189789,1.04663754,0.616700172,0.969481468,0.826219559,1.38981867,2.61870575,3.14109898,2.06532049,1.60144234,1.53161144,2.40348339,2.80221033,2.55102491,2.65787506,1.22200203,1.29280424,1.88968897,1.89642668,1.60492516,2.26895857,1.41496992,1.60764408,1.2954216,1.61963272,1.56279135,1.6403861,1.26210499,0.799568176,1.00518227,1.20182133,0.830325127,0.979662895,0.825770378,0.679021835,0.494530678,0.571280479,0.331105232,0.440340042,-0.0310239792,-0.0776977539,-0.104143143,-0.170927048,-0.140024185,-0.359627724,-0.330606461,-0.254329681,-0.331427574,-0.52634716,-0.42137146,-0.599754333,-0.494186401,-0.234919548,-0.368245125,-0.429106712
2026-08-22T12:34:48.597+00:00	1472.157	SUBSEG96 protocol=asd-research-v1.0.0 session=1 phase=DET window=49 group=3 segments=8 dims=96 fnv1a=94d26aa1 values=-10.6588125,-10.6588125,1.38914013,-10.6588125,-10.6588125,1.07868195,-10.6588125,1.04137707,-10.6588125,1.01495743,0.692410469,-10.6588125,0.817910194,1.17939186,1.13230991,-10.6588125,0.755261421,0.539616585,0.676632881,0.490005493,0.429364204,0.486585617,0.791143417,0.830774307,1.38641834,1.48720694,1.24769115,1.02260017,0.982369423,0.861810684,0.620368958,1.34367371,1.59660244,2.75900745,2.61305666,2.42109537,2.91132164,0.728675842,1.32728767,0.778381348,1.46966314,1.13516045,1.07294941,0.600968361,0.684020042,0.975682259,0.729654312,1.31988525,2.07782936,2.29275036,1.3382597,1.65033579,1.89576578,1.68751431,1.20485687,1.82995415,1.82823801,1.56627131,1.27803898,1.4777565,2.06774712,2.35437584,1.18029594,1.38528967,0.944187164,1.10738945,1.51740599,1.66738224,0.712323189,1.20545864,1.05613613,1.28851986,0.853386879,1.23418713,0.696697235,0.732455254,1.22815514,0.537463188,0.47896862,0.731589317,0.0437755585,-0.00240039825,0.0616035461,-0.0503826141,-0.0517988205,-0.350791931,-0.444054604,-0.330065727,-0.298217773,-0.486018181,-0.369852066,-0.472793579,-0.213601112,0.17431736,-0.187239647,-0.280005455
2026-08-22T12:34:48.702+00:00	1472.250	SUBSEG96 protocol=asd-research-v1.0.0 session=1 phase=DET window=49 group=4 segments=7 dims=96 fnv1a=9eeb4339 values=-10.7692547,-10.7692547,1.41856289,-10.7692547,-10.7692547,0.399558067,-10.7692547,1.18083,-10.7692547,1.3458128,0.641627312,-10.7692547,0.762255669,1.20052433,1.26113844,-10.7692547,1.03226852,0.413586617,0.751125336,0.595897675,0.413771629,0.5879879,0.658149719,0.406565666,0.983673096,1.37393045,0.985858917,0.863758087,0.802928925,0.658938408,0.608167648,0.980297089,1.2861433,1.73692608,1.83462143,2.3786087,2.85887098,0.559205055,0.76672554,1.39417887,2.48701715,1.8330431,1.08722401,0.833309174,0.566179276,0.578735352,0.829966545,2.48535395,2.21151447,1.50800514,2.21519804,2.02318525,2.48696756,2.01428461,2.10373163,1.48022699,1.11663723,1.24745417,2.06468439,1.4325161,1.23131609,2.24496984,1.79362488,1.16474152,0.878966331,1.15388298,1.92093706,1.78029251,1.42501354,1.47847891,1.23601484,1.16330814,1.44530725,1.15573406,0.842111588,0.723887444,1.00799084,0.928590775,0.344260216,0.530313492,0.226992607,0.0508775711,0.0586185455,-0.13698101,-0.10598278,-0.351997375,-0.425251007,-0.3005476,-0.375314713,-0.467850685,-0.421072006,-0.614812851,-0.432843208,-0.0513696671,-0.266500473,-0.429430008
2026-08-22T12:34:48.811+00:00	1472.360	SUBSEG96 protocol=asd-research-v1.0.0 session=1 phase=DET window=49 group=5 segments=7 dims=96 fnv1a=51adfbd0 values=-10.5991087,-10.5991087,1.18500805,-10.5991087,-10.5991087,0.784943581,-10.5991087,1.33287144,-10.5991087,1.38715172,0.831274033,-10.5991087,0.550051689,0.837805748,1.35587502,-10.5991087,1.37539101,0.675974846,0.602252007,0.686751366,0.552289963,0.633544922,0.753455162,0.817412376,1.42811632,1.39525127,1.35706234,0.939413071,0.890370369,0.889434814,1.26902008,1.41121387,1.66483927,1.78827667,2.87958431,3.02949762,3.18276072,0.749652863,0.614613533,0.441908836,0.834742546,0.959798813,0.63819313,0.710208893,0.756971359,1.28375721,1.85610485,2.44509649,1.53100014,1.21125793,1.80434847,1.63225412,2.46635818,2.6835742,1.07587719,1.44994259,1.61651707,1.75037479,1.80424166,1.35318375,1.31728649,2.24834108,2.12281036,0.715373039,0.983727455,0.711888313,0.960083008,1.22745419,0.970164299,1.3350153,0.876921654,0.980604172,1.05360699,1.34509087,0.902968407,0.458691597,0.665320396,0.330179214,0.198098183,0.450001717,0.0960578918,0.0559387207,0.0285921097,-0.0561714172,-0.0228090286,-0.232514381,-0.308857918,-0.313614845,-0.339550972,-0.241114616,-0.34056282,-0.450652122,-0.39563179,-0.012468338,-0.351118088,-0.333001137
2026-08-22T12:34:53.241+00:00	1476.797	FLAGS protocol=asd-quality-v1.5.0 mode=READY state=CALIBRATED_NORMAL waiting=0 learning=0 learned=1 anomaly=0 hold=0 fault=0 green=on red=off guided25_available=1 workflow_pending=DEFAULT research_telemetry=1 profile_persistence_allowed=0 dropped=0
2026-08-22T12:34:58.086+00:00	1481.641	QUALITY protocol=asd-quality-v1.5.0 phase=DET index=50 total=0 result=OK metrics_valid=1 samples=159744 expected=159744 rms_dbfs=-45.741 dc=-0.446 peak=837 clipped=0 zeros=378 stuck=246 dropped_delta=0 feature_valid=1 tonalness_valid=1 tonalness_proxy=2.898543 tonal_gate=pending_normal_only
2026-08-22T12:34:58.097+00:00	1481.657	DET 50 score=16114.125 lo=0 hi=4374.05859 led=1 anom=0 total_anom=24 iznad praga (uzastopnih=2 nivo=-45.7 dBFS racun=716 ms)
2026-08-22T12:34:58.226+00:00	1481.782	FEATURE96 protocol=asd-research-v1.0.0 session=1 phase=DET window=50 window_start_ms=1471112 window_end_ms=1480383 score=16114.125 level_dbfs=-45.7409477 quality=OK tonalness_proxy=2.89854336 dims=96 fnv1a=2055c48a values=-10.7220068,-10.7220068,1.15432739,-10.7220068,-10.7220068,0.988411903,-10.7220068,1.22134781,-10.7220068,1.12466717,0.574744225,-10.7220068,0.717402458,1.02794838,1.01509476,-10.7220068,0.931358337,0.676866531,0.683955193,0.573306084,0.542032242,0.634309769,0.679048538,0.799654007,1.28721428,1.35948563,0.923880577,0.803634644,0.833607674,0.639149666,0.856796265,0.980848312,1.82278061,2.41961336,2.25577736,2.35410976,2.89854336,0.697544098,0.94659996,1.02495956,1.62255192,1.01254082,0.896473885,0.694931984,0.892461777,0.794246674,1.03066444,1.52848339,2.27559519,2.12551594,2.14586163,1.97544479,2.35923147,2.29865265,1.69976902,1.91440535,1.7094059,1.83631992,1.4469409,1.53805017,1.55389357,2.2951827,1.89475965,1.18120575,1.41118479,1.46614695,1.62425232,1.65923834,1.48488665,1.17717743,0.854604721,1.04886246,0.931477547,1.13821793,0.736582756,0.647472382,0.688360214,0.475150108,0.12759304,0.39394474,0.00509929657,0.0324087143,-0.0431270599,-0.166285515,-0.200750351,-0.382234573,-0.373885155,-0.370319366,-0.333928108,-0.423108101,-0.416521072,-0.526161194,-0.278826714,-0.0262212753,-0.340846062,-0.416056633
2026-08-22T12:34:58.273+00:00	1481.828	SUBSEG96 protocol=asd-research-v1.0.0 session=1 phase=DET window=50 group=1 segments=8 dims=96 fnv1a=3779a8ca values=-10.6453848,-10.6453848,0.805504799,-10.6453848,-10.6453848,1.05639362,-10.6453848,1.31369686,-10.6453848,1.08076859,0.615596771,-10.6453848,0.576991081,0.732633591,0.850594521,-10.6453848,1.04101181,0.548474312,0.631380081,0.609078407,0.744766235,0.790821075,0.806569099FLAGS protocol=asd-quality-v1.5.0 mode=READY state=CALIBRATED_NORMAL waiting=0 learning=0 learned=1 anomaly=0 hold=0 fault=0 green=on red=off guided25_available=1 workflow_pending=DEFAULT research_telemetry=1 profile_persistence_allowed=0 dropped=0
2026-08-22T12:34:58.350+00:00	1481.907	,0.881406784,1.34707069,1.30839539,0.9141922,0.751757622,0.685299873,0.601460457,1.04095745,1.086936,1.53263426,1.98516226,2.61200285,2.49220514,2.93301821,0.553594589,0.900883675,1.08739185,1.5992403,1.08635712,0.635353088,0.686944962,0.619484901,0.947031975,1.05056953,1.68020582,1.69676399,1.36991358,2.35648727,1.99067879,2.54055405,1.90862465,1.02824688,1.40615177,2.01835918,2.24645185,1.90930939,1.91422749,1.82042742,2.34764481,2.32179928,1.37888288,1.19266033,1.60020971,1.19033813,1.27699375,1.58180046,0.854542732,0.890345573,1.07532883,0.950764656,1.15978241,0.830186844,0.747517586,0.863970757,0.733229637,0.236473083,0.325528145,0.0347318649,-0.0303859711,0.0261888504,-0.0800981522,-0.12037468,-0.226923943,-0.331401825,-0.356755257,-0.399848938,-0.295160294,-0.345581055,-0.541938782,-0.311411858,-0.0133104324,-0.385779381,-0.446920395
2026-08-22T12:34:58.461+00:00	1482.016	SUBSEG96 protocol=asd-research-v1.0.0 session=1 phase=DET window=50 group=2 segments=8 dims=96 fnv1a=5b8a2928 values=-10.7270613,-10.7270613,1.07570171,-10.7270613,-10.7270613,1.00687027,-10.7270613,1.06481075,-10.7270613,0.896622658,0.355545044,-10.7270613,0.775313377,1.08699036,0.873768806,-10.7270613,0.891762733,0.720137596,0.647004128,0.326319695,0.408551216,0.495615959,0.587497711,0.798321724,1.34390974,1.33642769,0.632258415,0.583809853,0.909725189,0.868178368,1.00023556,1.16845417,1.96606874,2.83370495,2.02410412,2.36444473,2.96929073,0.97178936,1.26953697,0.537214279,0.594947815,0.991280556,0.931179047,0.763432503,1.2535181,0.719016075,0.8882761,1.69586039,2.44017792,2.31996441,2.33380127,1.73129082,2.12268257,2.72751379,1.63131762,2.37560081,1.63755465,1.23277187,1.38363361,1.70892334,1.46940899,2.26696491,1.74062347,1.46770859,1.76557255,1.00482559,1.69801426,2.03061485,1.38169384,1.21568203,1.04829788,0.901172638,0.894151688,1.07409954,0.860435486,0.461771965,0.726559639,0.649332047,0.184929848,0.441609383,0.0669527054,0.209549904,0.00309085846,-0.16192627,-0.20800972,-0.443092346,-0.39641571,-0.377800941,-0.289739609,-0.420104027,-0.416761398,-0.527353287,-0.166984558,0.0693426132,-0.237805367,-0.442603111
2026-08-22T12:34:58.572+00:00	1482.125	SUBSEG96 protocol=asd-research-v1.0.0 session=1 phase=DET window=50 group=3 segments=8 dims=96 fnv1a=247b8033 values=-10.7025824,-10.7025824,0.948443413,-10.7025824,-10.7025824,0.869957924,-10.7025824,1.26712513,-10.7025824,1.38606596,0.789500237,-10.7025824,0.760904312,1.15787983,1.2247467,-10.7025824,1.03092384,0.777441978,0.635543823,0.587985992,0.505980492,0.786931038,0.524804115,0.710953712,1.17878437,1.34450531,1.09788799,0.655076027,0.886246681,0.62831974,0.656176567,0.579313278,1.07676411,1.54624891,2.335361,2.33292866,2.87445068,0.761232376,1.09288406,1.18578053,1.53360224,0.989304543,1.04829121,0.733093262,0.622792244,0.666049004,1.28411102,1.61190271,2.7364974,2.52487087,2.08587408,2.41458702,2.66038322,2.29348755,2.26822615,1.88294697,1.945611,1.94396019,1.20963192,1.30008698,1.61261177,2.32239819,1.57711935,0.990315437,0.795689583,1.60633278,1.48644161,1.72472477,1.6486845,0.753237724,0.916978836,0.903355598,1.06840134,1.19873428,0.712195396,0.666035652,0.735050201,0.281779289,0.0879144669,0.502497673,-0.0395965576,0.0198755264,0.0192737579,-0.134299278,-0.215630531,-0.345827103,-0.268772125,-0.241056442,-0.181986809,-0.370264053,-0.368476868,-0.532072067,-0.330276489,-0.0702676773,-0.392246246,-0.470804214
2026-08-22T12:34:58.675+00:00	1482.235	SUBSEG96 protocol=asd-research-v1.0.0 session=1 phase=DET window=50 group=4 segments=7 dims=96 fnv1a=56ecf1ec values=-10.6204453,-10.6204453,1.46823406,-10.6204453,-10.6204453,1.23311043,-10.6204453,1.43646812,-10.6204453,1.24401855,0.676908493,-10.6204453,0.943563461,1.31662083,1.28292465,-10.6204453,1.03475857,0.796474457,0.902393341,0.782915115,0.597929955,0.487865448,0.895232201,1.10723686,1.45032167,1.61695004,1.15496922,1.21640968,1.13670063,0.665054321,0.944395065,1.1821022,2.3772707,2.77340555,2.4016161,2.53597784,3.00796938,0.274658203,0.505950928,0.691708565,0.664406776,1.1566124,1.21781826,0.873200417,1.13253689,1.15013981,1.2069273,1.29981136,1.38829327,1.30993176,1.77081823,1.52023554,2.48800945,2.23661327,0.868841171,1.70415926,1.31247711,1.81850672,1.40656042,1.31199455,1.64276981,2.40931606,1.63744545,1.16448784,1.51973724,1.29811096,1.4328289,0.946148872,1.26023674,0.812571526,0.83173275,0.968013763,0.817529678,1.2018404,0.612586021,0.505205154,0.451079369,0.352402687,0.174654961,0.46427536,0.13744545,0.109918594,-0.0368099213,-0.0258750916,-0.0935983658,-0.332389832,-0.354253769,-0.293812752,-0.273353577,-0.442002296,-0.347847939,-0.457714081,-0.388587952,-0.119192123,-0.233446121,-0.367918015
2026-08-22T12:34:58.784+00:00	1482.344	SUBSEG96 protocol=asd-research-v1.0.0 session=1 phase=DET window=50 group=5 segments=7 dims=96 fnv1a=bbca96e1 values=-10.6095638,-10.6095638,1.50327158,-10.6095638,-10.6095638,1.04505157,-10.6095638,1.29948235,-10.6095638,1.16233253,0.634013176,-10.6095638,0.771232605,0.922904015,0.972698212,-10.6095638,0.925308228,0.79718399,0.886822701,0.806544304,0.713036537,0.786870003,0.84799099,0.705498695,1.40305853,1.46877146,1.00104332,0.940451622,0.683073997,0.587241173,0.813674927,0.958367348,1.40599442,1.68566084,1.55765486,2.30154181,3.00152588,0.810974121,0.559651375,1.43761635,2.27085876,1.14754009,0.654435158,0.681172371,0.481088638,0.592142105,0.792449951,1.40306664,1.74194622,2.00811386,2.16393471,1.78320026,1.19158554,1.63732624,0.681630135,1.47903728,1.29512501,1.66255522,1.032341,1.17530537,1.35182953,2.43747091,2.04590273,0.628445625,1.5029254,1.80329466,2.11699533,1.72020102,1.69561481,1.76029348,0.722746849,1.49347544,1.14404678,1.34813881,0.880133629,1.00479603,0.824214935,0.413316727,0.239456177,0.500273705,0.121975899,0.0758399963,0.0488176346,-0.138766289,-0.0590400696,-0.279686928,-0.238552094,-0.30946064,-0.284554482,-0.316777229,-0.305298805,-0.284351349,-0.00248813629,0.224342346,-0.18133831,-0.0992450714
2026-08-22T12:35:03.252+00:00	1486.813	FLAGS protocol=asd-quality-v1.5.0 mode=READY state=CALIBRATED_NORMAL waiting=0 learning=0 learned=1 anomaly=0 hold=0 fault=0 green=on red=off guided25_available=1 workflow_pending=DEFAULT research_telemetry=1 profile_persistence_allowed=0 dropped=0
2026-08-22T12:35:08.061+00:00	1491.610	QUALITY protocol=asd-quality-v1.5.0 phase=DET index=51 total=0 result=OK metrics_valid=1 samples=159744 expected=159744 rms_dbfs=-45.551 dc=-0.525 peak=1301 clipped=0 zeros=341 stuck=279 dropped_delta=0 feature_valid=1 tonalness_valid=1 tonalness_proxy=2.915171 tonal_gate=pending_normal_only
2026-08-22T12:35:08.069+00:00	1491.625	DET 51 score=21162.1816 lo=0 hi=4374.05859 led=0 anom=1 total_anom=25 ALARM (uzastopnih=3 nivo=-45.6 dBFS racun=716 ms)
2026-08-22T12:35:08.092+00:00	1491.641	FLAGS protocol=asd-quality-v1.5.0 mode=ALARM state=ANOMALY waiting=0 learning=0 learned=1 anomaly=1 hold=0 fault=0 green=off red=on guided25_available=1 workflow_pending=DEFAULT research_telemetry=1 profile_persistence_allowed=0 dropped=0
2026-08-22T12:35:08.220+00:00	1491.782	FEATURE96 protocol=asd-research-v1.0.0 session=1 phase=DET window=51 window_start_ms=1481092 window_end_ms=1490357 score=21162.1816 level_dbfs=-45.5514145 quality=OK tonalness_proxy=2.91517067 dims=96 fnv1a=73b93f89 values=-10.8076696,-10.8076696,1.16580296,-10.8076696,-10.8076696,0.869174957,-10.8076696,1.3382163,-10.8076696,1.43198919,0.766450882,-10.8076696,0.642097473,0.998180389,1.01722717,-10.8076696,0.936514854,0.59660244,0.600302696,0.453119278,0.387273788,0.56667614,0.642837524,0.753001213,1.18767834,1.36013651,1.01654911,0.734864235,0.80996418,0.692667007,1.03423309,1.32277489,2.42366028,2.91517067,2.49415922,2.3156724,2.83348274,1.30362129,2.0775342,0.861701965,0.645906448,0.902899742,0.749430656,0.857621193,1.30851507,1.16727829,1.15094757,1.43909264,1.81058931,1.91607857,2.31275654,1.72067785,1.85862589,2.05980539,1.72792196,2.17790413,1.40641117,1.33038235,1.42211151,1.24764872,1.72845888,2.19433737,1.7842803,0.899266243,1.51635122,1.37487984,2.00828457,1.79374981,1.22200918,1.10295963,0.79604435,1.04408646,0.908531189,1.03770447,0.75186348,0.451314926,0.487627029,0.171401024,0.279364586,0.591950417,0.601234436,0.252902031,-0.108870506,-0.244956017,-0.263457298,-0.386942863,-0.27944088,-0.333333015,-0.255476952,-0.488924026,-0.187153816,-0.163266182,-0.350779533,-0.216963768,-0.457858086,-0.561743736
2026-08-22T12:35:08.326+00:00	1491.875	SUBSEG96 protocol=asd-research-v1.0.0 session=1 phase=DET window=51 group=1 segments=8 dims=96 fnv1a=1d798609 values=-10.5755148,-10.5755148,1.34594154,-10.5755148,-10.5755148,0.973531723,-10.5755148,1.13020706,-10.5755148,1.04165268,0.719622612,-10.5755148,0.835614204,1.10678101,1.2236824,-10.5755148,1.13217068,0.74455452,0.905966759,0.716219902,0.289801598,0.923826218,1.08217812,0.950858116,1.36606407,1.57671881,1.05492496,0.822112083,0.641889572,0.742411613,0.831238747,0.968934059,1.77104282,2.81840849,2.99728537,2.87559509,3.16209602,0.722851753,0.391370773,0.810054779,0.619565964,0.892014503,0.824459076,0.796033859,1.06374168,1.33054447,1.31681061,1.77939558,1.29946423,1.20298672,1.31922054,1.83761263,2.37411308,2.63322258,1.05164051,1.43526936,1.68571091,1.69746065,1.30346298,1.16314793,1.42842293,2.31791019,2.18099833,0.373285294,1.40010548,1.0120039,1.20996284,1.21112156,1.34528923,1.12110138,0.824635506,1.17450714,1.15690422,1.26489067,0.828446388,0.473963737,0.63318634,0.3850317,0.141699791,0.446578026,0.131747246,0.0497360229,0.0475749969,-0.0942583084,-0.103900909,-0.233210564,-0.262191772,-0.264667511,-0.237475395,-0.220407486,-0.266791344,-0.409865379,-0.227490425,0.0855073929,-0.262711525,-0.358810425
2026-08-22T12:35:08.437+00:00	1491.985	SUBSEG96 protocol=asd-research-v1.0.0 session=1 phase=DET window=51 group=2 segments=8 dims=96 fnv1a=19cc79ed values=-10.7608032,-10.7608032,1.01103973,-10.7608032,-10.7608032,0.815607071,-10.7608032,1.01669788,-10.7608032,0.925084114,0.313793182,-10.7608032,0.741997719,1.11509323,1.0143795,-10.7608032,0.860187531,0.43721199,0.337320328,0.528266907,0.340275764,0.702755928,0.616357803,0.827198982,1.21346283,1.30500031,1.03228474,0.918635368,0.756147385,0.736651421,1.16668606,1.48139143,2.63041544,3.21266127,2.81610441,2.29546213,2.82570457,1.45653725,1.72444105,0.678396225,0.743393898,0.986462593,0.590418816,0.919778824,1.57930517,1.40861654,1.26259089,1.35251093,1.8723731,1.67208529,2.59618425,1.92623281,1.96596479,2.08345556,1.9469285,2.49242783,1.36005163,1.11970997,1.28068066,1.34220314,1.37903357,2.30651188,1.80365372,0.837884903,1.44480133,1.43025494,1.80407429,1.55495739,1.03369904,1.12182045,0.833662033,0.980130196,1.02311802,1.00080776,0.645148277,0.598639488,0.509634018,0.108717918,0.0850152969,0.322645187,-0.161986351,-0.122855186,-0.0160446167,-0.234196663,-0.23242569,-0.417562485,-0.349214554,-0.232427597,-0.073141098,-0.41403389,0.287908554,0.378360748,-0.360028267,-0.216463089,-0.397556305,-0.530636787
2026-08-22T12:35:08.541+00:00	1492.094	SUBSEG96 protocol=asd-research-v1.0.0 session=1 phase=DET window=51 group=3 segments=8 dims=96 fnv1a=95a51e49 values=-10.8150568,-10.8150568,1.26787186,-10.8150568,-10.8150568,0.925467491,-10.8150568,1.27181911,-10.8150568,1.2150445,0.716305733,-10.8150568,0.620027542,1.06856441,0.797574997,-10.8150568,0.600543976,0.621524811,0.551744461,0.209888458,0.479873657,0.421403885,0.537103653,0.798284531,1.20373535,1.37894487,0.868503571,0.667405128,0.663022041,0.883683205,1.32953596,1.44397926,2.43324089,2.73664427,1.60489893,2.04123163,2.77987671,1.34534264,1.98396111,0.892978668,0.721987724,0.859751701,0.836457253,1.02036381,1.2284584,0.660244942,0.956465721,1.52095652,1.99445295,1.91771078,2.11840343,1.0151329,0.757890701,1.68576002,1.78873301,1.8916378,0.922511101,1.21498203,1.70263004,1.19376326,1.27164173,2.17535639,1.85794115,1.25385666,1.75376368,1.70585299,2.49071264,2.29212475,1.61004972,1.45752096,1.01238823,1.25061321,0.970702171,1.09250164,0.985069275,0.623407364,0.59193325,0.230322838,0.685455322,1.03587151,1.19553661,0.745006561,0.0128202438,-0.100204468,-0.227899551,-0.312206268,0.0274829865,-0.23259449,-0.333267212,-0.529661179,-0.457111359,-0.501502991,-0.179852486,-0.172416687,-0.510658264,-0.618387222
2026-08-22T12:35:08.648+00:00	1492.203	SUBSEG96 protocol=asd-research-v1.0.0 session=1 phase=DET window=51 group=4 segments=7 dims=96 fnv1a=ae0d42e9 values=-10.7203779,-10.7203779,1.45508766,-10.7203779,-10.7203779,0.966765404,-10.7203779,1.377841,-10.7203779,1.59269571,1.0034647,-10.7203779,0.590899467,1.06595898,1.18211746,-10.7203779,0.961935997,0.389178276,0.749266624,0.641310692,0.609442711,0.59217453,0.781479836,0.715051651,1.44166994,1.67704678,1.06962395,0.734681129,1.13232994,0.814656258,0.887361526,1.3226018,1.99447727,2.80846882,2.43872213,2.25001001,2.94057274,1.36888981,1.0916872,0.910017967,0.681266785,1.0239439,0.87042141,0.902122498,1.20775604,1.41036081,1.46694851,1.5784564,1.42855024,1.11898422,2.28941345,2.11488867,2.08543348,2.12056637,2.02324104,1.90090322,1.41394949,1.60510588,1.5197835,1.38677359,1.56120062,2.30960798,1.69170189,0.857535362,1.58617115,1.28605032,1.59506893,1.63842678,0.850763321,1.02880192,0.794386864,1.00896931,0.940497398,1.12682629,0.862015724,0.398979187,0.506608963,0.240977287,0.0931148529,0.495517731,0.151823997,0.0542182922,-0.071390152,-0.240203857,-0.258644104,-0.442261696,-0.373045921,-0.359459877,-0.324072838,-0.514364243,-0.389867783,-0.587187767,-0.441990852,-0.220740318,-0.347762108,-0.451673508
2026-08-22T12:35:08.756+00:00	1492.313	SUBSEG96 protocol=asd-research-v1.0.0 session=1 phase=DET window=51 group=5 segments=7 dims=96 fnv1a=b6696753 values=-10.8174353,-10.8174353,0.957924843,-10.8174353,-10.8174353,0.980908394,-10.8174353,1.748528,-10.8174353,1.89161873,1.06166172,-10.8174353,0.732660294,0.943985939,1.16446114,-10.8174353,1.25179672,0.896021843,0.712068558,0.467037201,0.445660591,0.460943222,0.4002285,0.790787697,0.994774818,1.05936432,1.28148651,0.815278053,0.982179642,0.498841286,0.893387794,1.42681551,2.74333382,3.06588936,1.92003202,2.14934969,2.78732824,1.48797178,2.66305685,1.15250683,0.730218887,1.03881073,0.89201355,0.87584877,1.48008823,1.09791279,0.976726532,1.20095253,2.08521557,2.43990946,2.57530355,1.52300692,1.50158787,1.65814161,1.52233696,2.50203991,1.70175409,1.22738981,1.38379049,1.39872837,2.2835474,2.19779778,1.58623314,0.874170303,1.53895521,1.27639389,1.92011499,1.41461849,1.04829884,0.623969078,0.724177361,1.04047489,0.734302521,1.04217243,0.636714935,0.360639572,0.511504173,0.223831177,0.167862892,0.291291237,-0.187628746,-0.103843689,-0.233235359,-0.263374329,-0.169066429,-0.245164871,-0.363839149,-0.296275139,-0.0893974304,-0.442884445,-0.370428085,-0.369112968,-0.300329208,-0.244977951,-0.419568062,-0.498235703
2026-08-22T12:35:08.759+00:00	1492.313	STATE protocol=asd-quality-v1.5.0 from=CALIBRATED_NORMAL to=ANOMALY reason=THRESHOLD_PERSISTENCE
2026-08-22T12:35:08.785+00:00	1492.344	EVENT protocol=asd-quality-v1.5.0 type=ANOMALY_ENTERED state=ANOMALY phase=DET reason=THRESHOLD_PERSISTENCE event=UNKNOWN_CHANGE capability=AVAILABLE level=DEVIATION
2026-08-22T12:35:13.079+00:00	1496.641	FLAGS protocol=asd-quality-v1.5.0 mode=ALARM state=ANOMALY waiting=0 learning=0 learned=1 anomaly=1 hold=0 fault=0 green=off red=on guided25_available=1 workflow_pending=DEFAULT research_telemetry=1 profile_persistence_allowed=0 dropped=0
2026-08-22T12:35:18.035+00:00	1501.594	QUALITY protocol=asd-quality-v1.5.0 phase=DET index=52 total=0 result=OK metrics_valid=1 samples=159744 expected=159744 rms_dbfs=-46.203 dc=-0.474 peak=869 clipped=0 zeros=395 stuck=251 dropped_delta=0 feature_valid=1 tonalness_valid=1 tonalness_proxy=2.975079 tonal_gate=pending_normal_only
2026-08-22T12:35:18.044+00:00	1501.594	DET 52 score=12541.9814 lo=0 hi=4374.05859 led=0 anom=1 total_anom=26 ALARM (uzastopnih=3 nivo=-46.2 dBFS racun=716 ms)
2026-08-22T12:35:18.118+00:00	1501.672	FEATURE96 protocol=asd-research-v1.0.0 session=1 phase=DET window=52 window_start_ms=1491082 window_end_ms=1500331 score=12541.9814 level_dbfs=-46.2031479 quality=OK tonalness_proxy=2.97507906 dims=96 fnv1a=0ca7904b values=-10.6376314,-10.6376314,1.25532627,-10.6376314,-10.6376314,1.01430798,-10.6376314,1.22010994,-10.6376314,1.16098881,0.76878643,-10.6376314,0.814954758,1.29804611,1.29966736,-10.6376314,1.33930492,1.10538578,1.06324863,0.696327209,0.624793053,0.5477705,0.493635178,0.785067558,1.41232586,1.56852388FLAGS protocol=asd-quality-v1.5.0 mode=ALARM state=ANOMALY waiting=0 learning=0 learned=1 anomaly=1 hold=0 fault=0 green=off red=on guided25_available=1 workflow_pending=DEFAULT research_telemetry=1 profile_persistence_allowed=0 dropped=0
2026-08-22T12:35:18.188+00:00	1501.750	,1.01167202,0.760736465,0.864956856,0.737514496,0.994398117,1.65040684,2.54581738,2.61118889,1.83020306,2.37842989,2.97507906,1.09585953,1.54926825,1.43765068,0.964248657,1.13216591,0.749806404,1.24970913,1.28779984,1.08892727,1.08843231,1.22835636,1.55012703,1.61008549,2.49942732,1.51359606,1.59170771,1.6900692,1.58963537,1.82838583,1.11617565,1.20866776,1.24409676,1.32191372,1.45019913,2.3691721,1.65762186,0.912946701,1.30645466,1.1014843,1.87688828,1.03162289,1.01733494,0.858188629,0.844600677,1.02610683,0.952493668,1.20915699,0.918898582,0.656274796,0.677578926,0.401124001,0.131430626,0.386520386,0.0137395859,-0.00678348541,0.0119409561,-0.13103199,-0.161605835,-0.366100311,-0.358129501,-0.330907822,-0.257533073,-0.430930138,-0.319383621,-0.517790794,-0.353449821,-0.234102249,-0.313154221,-0.394841194
2026-08-22T12:35:18.301+00:00	1501.860	SUBSEG96 protocol=asd-research-v1.0.0 session=1 phase=DET window=52 group=1 segments=8 dims=96 fnv1a=de2d2a6e values=-10.3261366,-10.3261366,1.23466587,-10.3261366,-10.3261366,1.16711903,-10.3261366,1.37880707,-10.3261366,1.40093231,0.977736473,-10.3261366,1.13982487,1.40613556,1.29348087,-10.3261366,1.4053278,1.41238308,1.41727924,1.0453825,0.93166256,0.783187866,0.85919857,1.18733501,1.74988937,1.92356873,1.30811691,1.00353813,1.06128025,0.77820015,0.921059608,0.890574455,1.53460026,1.13801098,1.06121063,2.64917374,3.28954363,0.703897476,0.810352325,0.862476349,1.30222416,1.34008121,0.752158165,0.723158836,0.767007828,0.813973427,0.903288841,1.4160099,0.709783554,1.01969337,1.00251675,0.852015495,0.952022552,1.80265999,0.887337685,1.01435757,1.19187927,1.42584038,1.12336636,1.47914124,1.63883209,2.64987898,1.83056116,0.202820778,0.959628105,0.541971207,0.739971161,0.885368347,0.878726959,0.988527298,1.00408936,1.23734093,1.1568327,1.38560009,0.792239189,0.729432106,0.672680855,0.394134521,0.319340706,0.736010551,0.233686447,0.261062622,0.317325592,0.190373421,0.164051056,-0.0749492645,-0.069149971,-0.0513734818,0.049993515,-0.113992691,-0.0418081284,-0.210762024,-0.00738811493,0.121809959,-0.0191831589,-0.0888729095
2026-08-22T12:35:18.409+00:00	1501.969	SUBSEG96 protocol=asd-research-v1.0.0 session=1 phase=DET window=52 group=2 segments=8 dims=96 fnv1a=5419b705 values=-10.3557987,-10.3557987,1.6599884,-10.3557987,-10.3557987,1.36183929,-10.3557987,1.50881672,-10.3557987,1.36420536,0.950930595,-10.3557987,1.12940693,1.66842937,1.63494873,-10.3557987,1.76235533,1.63421249,1.54177666,1.07922554,0.986557007,0.809429169,0.941637993,1.13442135,1.75466299,2.03592157,1.39796734,1.02521229,1.25536537,0.939975739,1.07410812,0.921384811,1.41663456,0.983537674,1.02993107,2.61777067,3.27827311,0.71937561,0.774503708,0.718520164,0.749288559,1.32006836,0.623470306,0.82347393,0.639876366,0.821651459,1.16512394,1.29400444,0.803957939,1.03975868,1.02339077,0.84835434,0.837368011,1.85954762,0.86438942,0.869972229,1.08907223,1.30816555,1.35426331,1.42555523,1.52646351,2.66034937,1.69714832,0.289907455,0.930448532,0.627532959,0.559699059,0.795547485,0.858298302,0.991807938,0.945223808,1.21372414,1.09861755,1.4047966,0.818192482,0.657205582,0.577806473,0.421579361,0.308781624,0.630504608,0.232950211,0.229409218,0.255137444,0.139785767,0.111828804,-0.0847969055,-0.144187927,-0.0625534058,-0.0120677948,-0.141899109,-0.0465955734,-0.272733688,-0.113272667,0.0720443726,-0.0422172546,-0.160485268
2026-08-22T12:35:18.516+00:00	1502.063	SUBSEG96 protocol=asd-research-v1.0.0 session=1 phase=DET window=52 group=3 segments=8 dims=96 fnv1a=c081d2bd values=-10.3199596,-10.3199596,1.45431042,-10.3199596,-10.3199596,1.27063179,-10.3199596,1.44090176,-10.3199596,1.38108635,1.11083126,-10.3199596,1.19496441,1.85272026,1.85176611,-10.3199596,1.70140648,1.12770367,1.31944656,1.07448673,1.00015926,0.8920784,0.805606842,1.02780819,1.77270746,1.79006195,1.06776047,1.01113033,1.15701771,0.987037659,0.891036034,1.0065403,1.24901295,1.0282383,1.0094223,2.76456785,3.30633497,0.787811279,0.58205986,0.817569733,0.873716354,1.13956642,0.76956749,0.778578758,0.772007942,0.797790527,0.97100544,1.5306406,0.828961372,1.00670719,1.0036335,0.72695446,0.755917549,1.84023523,0.911828041,1.09510517,1.11094666,1.43216419,1.21926498,1.35845089,1.57822704,2.68653297,1.3203907,0.297926903,0.990304947,0.433452606,0.725468636,0.912119865,0.839393616,1.04960442,1.07140255,1.21087456,1.08642483,1.40715885,0.789927483,0.870488167,0.526922226,0.389246941,0.333029747,0.68341732,0.331664085,0.263566017,0.352538109,0.173391342,0.132294655,-0.0897121429,-0.0404262543,-0.0114917755,0.0217018127,-0.149633408,0.0224237442,-0.168066025,-0.0854587555,0.0223140717,-0.0216808319,-0.0533742905
2026-08-22T12:35:18.622+00:00	1502.172	SUBSEG96 protocol=asd-research-v1.0.0 session=1 phase=DET window=52 group=4 segments=7 dims=96 fnv1a=bb095358 values=-10.7802401,-10.7802401,1.15821362,-10.7802401,-10.7802401,1.09573364,-10.7802401,1.3197279,-10.7802401,1.18575382,0.782859802,-10.7802401,0.436455727,0.882448196,1.01008701,-10.7802401,1.06186485,0.853701591,0.769399643,0.428847313,0.293371201,0.447872162,0.0359268188,0.66503334,1.25278187,1.34087658,0.94371891,0.717651367,0.812711716,0.817452431,1.31249666,2.03693628,3.02329302,3.16220045,2.1780076,2.24861574,2.82529116,1.07814503,1.28243113,1.10813332,1.20741844,1.35054016,1.0046072,1.63227463,1.80913162,1.46693993,1.1572094,1.21980572,1.60396671,1.64848661,2.81615686,2.02665663,1.88885975,1.76043129,1.98268127,2.28947735,1.26068735,1.25110626,1.44424582,1.26792049,1.42431641,2.26529503,1.85000563,0.960283279,1.62495422,1.34547377,2.16809511,1.27809286,0.86858654,0.877808571,0.858576775,0.991376877,0.917931557,1.11940193,0.86564064,0.708854675,0.545640945,0.426407814,0.185173035,0.271077156,0.0265130997,-0.0975980759,-0.102680206,-0.305838585,-0.297265053,-0.466351509,-0.404631615,-0.415417671,-0.355654716,-0.581775665,-0.482323647,-0.661589622,-0.478621483,-0.389383316,-0.41354847,-0.541702271
2026-08-22T12:35:18.728+00:00	1502.282	SUBSEG96 protocol=asd-research-v1.0.0 session=1 phase=DET window=52 group=5 segments=7 dims=96 fnv1a=7a5722cb values=-10.7402391,-10.7402391,1.29891491,-10.7402391,-10.7402391,0.716946602,-10.7402391,1.02195263,-10.7402391,1.10861015,0.654894829,-10.7402391,0.760708809,1.10178947,1.15728092,-10.7402391,1.31517887,0.967672348,0.788395882,0.423924446,0.509572983,0.470423698,0.318710327,0.508439064,1.14132881,1.29520988,0.933423042,0.706740379,0.652072906,0.720472336,0.854464531,1.78169298,2.4972806,2.15457201,2.04202986,2.26874304,2.83371258,1.51798344,2.0916853,1.97691488,0.849462509,0.905878067,0.777123451,1.32375431,0.724048615,1.06991959,1.34851408,1.27491951,1.99950075,2.04787397,2.79365444,1.16108608,1.86248302,1.73768091,1.70637417,1.79041338,1.24987411,1.2221632,1.3219986,1.52991581,1.60492468,2.24923992,1.73915529,1.35384893,1.45165586,1.40037203,2.19009018,1.18819809,1.42768049,0.947496414,0.92069149,1.09311295,1.07218266,1.3258729,1.27885818,0.784582138,1.05045605,0.65003109,0.116538048,0.275018692,-0.115802765,-0.0249538422,-0.0973463058,-0.189083099,-0.251901627,-0.445506096,-0.471570015,-0.447519302,-0.322259903,-0.501282692,-0.384628296,-0.611932755,-0.417673111,-0.340974808,-0.399425507,-0.464759827
2026-08-22T12:35:23.101+00:00	1506.657	FLAGS protocol=asd-quality-v1.5.0 mode=ALARM state=ANOMALY waiting=0 learning=0 learned=1 anomaly=1 hold=0 fault=0 green=off red=on guided25_available=1 workflow_pending=DEFAULT research_telemetry=1 profile_persistence_allowed=0 dropped=0
2026-08-22T12:35:28.074+00:00	1511.625	QUALITY protocol=asd-quality-v1.5.0 phase=DET index=53 total=0 result=OK metrics_valid=1 samples=159744 expected=159744 rms_dbfs=-46.827 dc=-0.483 peak=830 clipped=0 zeros=427 stuck=272 dropped_delta=0 feature_valid=1 tonalness_valid=1 tonalness_proxy=3.006978 tonal_gate=pending_normal_only
2026-08-22T12:35:28.081+00:00	1511.641	DET 53 score=12852.4326 lo=0 hi=4374.05859 led=0 anom=1 total_anom=27 ALARM (uzastopnih=3 nivo=-46.8 dBFS racun=716 ms)
2026-08-22T12:35:28.129+00:00	1511.688	FEATURE96 protocol=asd-research-v1.0.0 session=1 phase=DET window=53 window_start_ms=1501032 window_end_ms=1510369 score=12852.4326 level_dbfs=-46.826622 quality=OK tonalness_proxy=3.00697756 dims=96 fnv1a=a6b7cbf8 values=-10.5894547,-10.5894547,1.26568127,-10.5894547FLAGS protocol=asd-quality-v1.5.0 mode=ALARM state=ANOMALY waiting=0 learning=0 learned=1 anomaly=1 hold=0 fault=0 green=off red=on guided25_available=1 workflow_pending=DEFAULT research_telemetry=1 profile_persistence_allowed=0 dropped=0
2026-08-22T12:35:28.229+00:00	1511.782	,-10.5894547,0.819468498,-10.5894547,1.05396461,-10.5894547,1.17829514,0.726866722,-10.5894547,0.721439362,1.05725193,1.05366325,-10.5894547,0.900268555,0.763936996,0.681433678,0.622220993,0.698602676,0.825663567,0.917533875,0.973881721,1.55880976,1.70290327,1.20062923,0.940481186,0.918265343,0.771617889,1.07612801,1.36818314,2.53265762,2.97766972,2.47332811,2.4918294,3.00697756,0.732974052,0.509641647,0.609767914,0.807255745,1.07959461,0.699498177,1.02705383,1.61853886,1.52995777,1.18539524,2.14718819,1.89996719,1.18855953,2.23438311,1.72048855,1.91448689,2.11840057,1.31964111,2.16054201,1.34339905,1.37752151,1.43051672,1.32202816,1.4082098,2.42002821,1.69362545,0.298046112,1.26682472,1.1988802,0.995083809,0.988977432,0.933440208,0.920207977,0.802716255,1.0184164,0.980280876,1.16264439,0.697689056,0.606985092,0.42418766,0.358686447,0.251228333,0.434444427,0.0713720322,0.0471878052,0.00781059265,-0.0965204239,-0.108393669,-0.318067551,-0.316607475,-0.280250549,-0.224894524,-0.349354744,-0.276679993,-0.454633713,-0.305240631,-0.18721199,-0.269918442,-0.33997345
2026-08-22T12:35:28.339+00:00	1511.891	SUBSEG96 protocol=asd-research-v1.0.0 session=1 phase=DET window=53 group=1 segments=8 dims=96 fnv1a=3930d64d values=-10.6575994,-10.6575994,1.09035873,-10.6575994,-10.6575994,0.559639931,-10.6575994,0.755977631,-10.6575994,1.02296448,0.582508087,-10.6575994,0.72284317,0.976461411,0.870214462,-10.6575994,0.927088737,0.629382133,0.628944397,0.448521614,0.798334122,0.92914772,0.758180618,0.976261139,1.53936815,1.51104307,0.987439156,0.88567543,0.937634468,0.462282181,0.919219971,1.20310402,2.51572466,3.01565695,2.69918489,2.61352587,2.91821337,1.03630543,0.190512657,0.495091438,0.591668129,0.944210052,0.847952843,0.990716934,1.3200922,1.10119247,1.21586323,2.70478439,2.47211885,1.305583,1.6796999,1.72180176,2.21979094,2.59977245,1.78924179,2.05422592,1.48142338,1.55587053,1.26472187,1.30489159,1.3500948,2.31722498,1.48435211,0.393110275,1.68254566,1.72611618,1.18805408,1.39735937,1.32095051,1.09930897,0.821122169,1.07719135,1.19661236,1.06527615,0.85046196,0.812054634,0.426480293,0.600776672,0.462359428,0.476880074,0.0365953445,0.0347080231,-0.0261583328,-0.181031227,-0.180625916,-0.377446175,-0.354136467,-0.33806324,-0.262996674,-0.455302238,-0.339846611,-0.498830795,-0.282783508,-0.278560638,-0.325708389,-0.429787636
2026-08-22T12:35:28.447+00:00	1512.000	SUBSEG96 protocol=asd-research-v1.0.0 session=1 phase=DET window=53 group=2 segments=8 dims=96 fnv1a=5805c32a values=-10.5695944,-10.5695944,1.06910896,-10.5695944,-10.5695944,0.663743019,-10.5695944,1.32080746,-10.5695944,1.33009148,0.773661613,-10.5695944,0.437355042,0.870251656,0.820477486,-10.5695944,0.606528282,0.46168232,0.471172333,0.325600624,0.455177307,0.502242088,0.834920883,0.979559898,1.65756416,1.84005976,1.41536427,1.10845852,0.927331924,0.656321526,0.788799286,1.09014606,2.93153286,3.47321558,2.84104156,2.48168516,3.01458454,0.558657646,0.563095093,0.72147274,0.821876526,1.10657024,0.771914482,1.44134712,2.22436094,2.14722586,1.56845331,1.29456425,0.956093788,1.38480282,2.84930706,2.23305082,2.25440121,1.66803885,1.05725384,2.73962307,1.64349365,1.22488785,1.3173008,1.28455448,1.41935062,2.40250587,1.63336754,0.0699205399,1.01604939,0.846686363,1.22887039,0.873300552,0.78726387,0.942673683,0.868688583,1.02867508,0.888954163,1.15054131,0.641561508,0.513376236,0.435087204,0.337870598,0.210928917,0.411838531,0.113393784,0.0595388412,0.00550556183,-0.0511226654,-0.108546257,-0.292366028,-0.311470032,-0.290060043,-0.19209671,-0.346419334,-0.258496284,-0.436011314,-0.294683456,-0.169190407,-0.244129181,-0.315533638
2026-08-22T12:35:28.553+00:00	1512.110	SUBSEG96 protocol=asd-research-v1.0.0 session=1 phase=DET window=53 group=3 segments=8 dims=96 fnv1a=ceb56574 values=-10.520052,-10.520052,1.56262398,-10.520052,-10.520052,1.0494957,-10.520052,0.898530006,-10.520052,1.05747223,0.750389099,-10.520052,0.565966606,0.894491196,1.00055599,-10.520052,1.04762554,1.10883236,0.899909973,0.849630356,0.941851616,0.919534683,1.00130463,1.18201828,1.59835958,1.71911097,1.05738163,0.988353729,1.03686523,1.19318676,1.57291222,1.88994884,2.67614794,2.71989393,2.25371599,2.52045202,3.12973738,0.688298225,0.803394318,0.638978004,1.01684475,1.28660107,0.765420914,0.899944305,0.988751411,0.913046837,1.04829597,1.54892969,1.26600552,1.21598625,1.93236256,1.31346989,1.25146198,1.7932353,0.988451004,1.37038612,1.17342949,1.57670975,1.90523672,1.52750969,1.58555222,2.55295563,2.00706768,0.681490898,1.04669476,0.319005966,0.990446091,0.688605309,0.618927002,0.901371002,0.794831276,1.03076553,0.967599869,1.22605801,0.634392738,0.535381317,0.572053909,0.325736046,0.213586807,0.471899033,0.202503204,0.110873222,0.0563545227,-0.0678958893,0.035112381,-0.203638077,-0.225252151,-0.171386719,-0.147106171,-0.19835186,-0.210447311,-0.346029282,-0.240099907,-0.0824260712,-0.241208076,-0.273881912
2026-08-22T12:35:28.661+00:00	1512.219	SUBSEG96 protocol=asd-research-v1.0.0 session=1 phase=DET window=53 group=4 segments=7 dims=96 fnv1a=921321a5 values=-10.3180151,-10.3180151,1.69139099,-10.3180151,-10.3180151,1.31339455,-10.3180151,1.11434364,-10.3180151,1.36548996,0.972557068,-10.3180151,1.27167416,1.46062851,1.43237972,-10.3180151,1.20089245,0.984809875,0.69973278,0.480688095,0.325417519,0.990205765,1.21756077,1.06483173,1.74607038,2.03755856,1.54280853,1.16918278,1.08269787,0.827480316,1.10608959,1.29448318,1.31722069,0.902276993,1.10166645,2.62354517,3.27258205,0.79165554,0.670448303,0.86877346,0.887926102,1.28057671,0.773465157,0.813886642,0.821940422,0.749725342,0.888017654,1.34581661,0.88764286,1.09554386,1.1386385,0.779633522,0.919402122,1.82349586,0.971866608,0.980283737,1.15149403,1.36970806,1.38704014,1.50389767,1.57081985,2.68806934,2.04951,0.145898819,1.14752865,0.686010361,0.709785461,0.769792557,0.875509262,1.00673008,1.0538311,1.2221632,1.13103104,1.4763031,0.899432182,0.742386818,0.667199135,0.430305481,0.369165421,0.681495667,0.255207062,0.307172775,0.263094902,0.218390465,0.130905151,-0.0614757538,-0.0792198181,-0.00789546967,-0.0186214447,-0.0630731583,0.0199041367,-0.245765686,-0.0804033279,0.116286278,0.0031709671,-0.0470609665
2026-08-22T12:35:28.767+00:00	1512.328	SUBSEG96 protocol=asd-research-v1.0.0 session=1 phase=DET window=53 group=5 segments=7 dims=96 fnv1a=5aafcca6 values=-10.3196669,-10.3196669,1.22115707,-10.3196669,-10.3196669,0.872672081,-10.3196669,1.48242188,-10.3196669,1.5891695,1.1048727,-10.3196669,0.963651657,1.52682495,1.5718832,-10.3196669,1.17617607,0.967287064,1.09790897,1.18206406,1.04429913,1.18268108,1.31772423,1.11590385,1.77741671,1.92885399,1.44486332,1.02242279,1.11962128,0.919610977,0.82672596,1.03325748,1.08887386,1.22710991,1.11279964,2.67925453,3.25390863,0.717064857,0.714785576,0.869098663,1.17837429,1.2882843,0.65809536,0.788428307,0.457011223,0.721810341,1.03111458,1.48681641,0.699663162,1.15120602,0.959853172,0.948339462,1.05508423,1.8012886,0.879514694,1.09860039,1.22579193,1.40903568,1.15401077,1.47531986,1.62992191,2.69400883,1.60011959,0.154910088,1.06813717,0.641629219,0.630386353,0.811812401,0.85161972,1.01825905,1.00292969,1.25297832,1.05639553,1.46142006,0.909375191,0.804911613,0.512968063,0.34372139,0.343212128,0.663619041,0.274152756,0.273282051,0.300196648,0.16012764,0.125598907,-0.10877037,-0.0596981049,-0.0386600494,0.045173645,-0.141068459,-0.0337924957,-0.200464249,-0.0949277878,0.0322933197,0.0209436417,-0.0695323944
2026-08-22T12:35:33.110+00:00	1516.672	FLAGS protocol=asd-quality-v1.5.0 mode=ALARM state=ANOMALY waiting=0 learning=0 learned=1 anomaly=1 hold=0 fault=0 green=off red=on guided25_available=1 workflow_pending=DEFAULT research_telemetry=1 profile_persistence_allowed=0 dropped=0
2026-08-22T12:35:38.049+00:00	1521.610	QUALITY protocol=asd-quality-v1.5.0 phase=DET index=54 total=0 result=OK metrics_valid=1 samples=159744 expected=159744 rms_dbfs=-46.467 dc=-0.480 peak=542 clipped=0 zeros=415 stuck=264 dropped_delta=0 feature_valid=1 tonalness_valid=1 tonalness_proxy=3.285423 tonal_gate=pending_normal_only
2026-08-22T12:35:38.056+00:00	1521.610	DET 54 score=534.325684 lo=0 hi=4374.05859 led=1 anom=0 total_anom=27 normal (uzastopnih=0 nivo=-46.5 dBFS racun=716 ms)
2026-08-22T12:35:38.080+00:00	1521.641	FLAGS protocol=asd-quality-v1.5.0 mode=READY state=CALIBRATED_NORMAL waiting=0 learning=0 learned=1 anomaly=0 hold=0 fault=0 green=on red=off guided25_available=1 workflow_pending=DEFAULT research_telemetry=1 profile_persistence_allowed=0 dropped=0
2026-08-22T12:35:38.210+00:00	1521.766	FEATURE96 protocol=asd-research-v1.0.0 session=1 phase=DET window=54 window_start_ms=1511072 window_end_ms=1520343 score=534.325684 level_dbfs=-46.4668846 quality=OK tonalness_proxy=3.28542328 dims=96 fnv1a=a2ac6bcf values=-10.3511982,-10.3511982,2.62067747,-10.3511982,-10.3511982,1.6514616,-10.3511982,1.75116158,-10.3511982,1.67180824,1.03977871,-10.3511982,1.18691158,1.43487644,1.39780045,-10.3511982,1.20837975,0.939407349,0.918991089,0.831406593,0.709177017,0.977261543,1.00855827,1.0351572,1.71097279,1.83264065,1.30059814,1.16953182,1.15995979,1.09224796,1.01037407,0.921430588,1.24469471,1.14458084,1.02095509,2.56454372,3.28542328,0.72872448,0.702135086,0.791677475,0.92378521,1.2345295,0.734526634,0.752418518,0.709456444,0.730841637,0.917808533,1.47756863,0.792824745,1.00636578,1.02059269,0.836855888,0.912558556,1.79914045,0.839268684,1.04517937,1.14196301,1.32302094,1.22505283,1.44056892,1.58572578,2.66391039,2.20517921,0.239043236,1.02659225,0.571704865,0.653617859,0.793991089,0.799629211,1.00669384,0.972099304,1.17962837,1.11016464,1.41402817,0.875815392,0.634015083,0.669363022,0.378548622,0.273004532,0.605319977,0.244075775,0.274060249,0.2732687,0.136052132,0.0974855423,-0.0899848938,-0.124545097,-0.0560245514,-0.00971794128,-0.0782938004,-0.0279569626,-0.247049332,-0.0920906067,0.0663347244,-0.0399923325,-0.101726532
2026-08-22T12:35:38.315+00:00	1521.875	SUBSEG96 protocol=asd-research-v1.0.0 session=1 phase=DET window=54 group=1 segments=8 dims=96 fnv1a=9e109aa0 values=-10.3137331,-10.3137331,2.05206108,-10.3137331,-10.3137331,1.36163998,-10.3137331,1.36929035,-10.3137331,1.78801489,1.05708408,-10.3137331,0.998016357,1.24063969,1.09715366,-10.3137331,0.870114326,0.655508041,0.941802979,0.959645271,0.596930504,0.969614983,1.01350975,0.968868256,1.85560608,1.94381428,1.6446991,1.35564137,1.23537731,1.19990921,0.979362488,0.908794403,1.36997986,1.27479076,1.09621143,2.70281124,3.28180695,0.700940132,0.74617672,0.625100136,1.01631546,1.2541008,0.666947365,0.776524544,0.881900787,0.752370834,0.857050896,1.48721218,0.773563385,0.930521011,1.0677309,0.890632629,1.0092926,1.8615365,0.942883492,1.04832554,1.02783108,1.36418343,1.19454098,1.46370888,1.55559158,2.77369404,1.78544998,0.223594666,1.06407166,0.652462006,0.641068459,0.828325272,0.810630798,1.03239441,1.0321188,1.23780441,1.17517853,1.4782095,0.873561859,0.773602486,0.603056908,0.415084839,0.281633377,0.646485329,0.273545265,0.267614365,0.283910751,0.183610916,0.0915651321,-0.0877113342,-0.0765972137,-0.0310506821,0.0737113953,-0.0769720078,-0.0140962601,-0.224583626,-0.134525299,0.0230674744,0.00750160217,-0.0610170364
2026-08-22T12:35:38.424+00:00	1521.985	SUBSEG96 protocol=asd-research-v1.0.0 session=1 phase=DET window=54 group=2 segments=8 dims=96 fnv1a=a792daad values=-10.3573999,-10.3573999,2.16881275,-10.3573999,-10.3573999,1.57129765,-10.3573999,1.96661043,-10.3573999,1.89086485,1.27382469,-10.3573999,1.37782478,1.68324947,1.6031189,-10.3573999,1.39462566,1.07064533,0.822412491,0.99561882,0.888996124,1.04180145,0.748549461,0.991789818,1.60128117,1.62360954,0.783678055,1.13276196,1.1016264,0.763834953,1.06903458,1.01476574,1.16124058,1.0927906,1.01870823,2.56571579,3.33832169,0.588275909,0.637088776,0.848279953,0.828308105,1.23365211,0.845870018,0.832445145,0.730566025,0.794095993,1.01555538,1.47719574,0.762230873,0.905028343,1.04081535,0.888743401,0.874708176,1.80931616,0.926750183,1.00279331,1.19247437,1.3865099,1.22016048,1.39641571,1.72455931,2.60057592,2.29359961,0.205051422,0.971681595,0.54498291,0.629124641,0.687036514,0.875585556,0.970460892,0.945037842,1.23858356,1.14968967,1.38115311,0.846962929,0.620059013,0.634889603,0.411089897,0.262347221,0.602139473,0.280302048,0.27991581,0.257425308,0.14751339,0.0714998245,-0.107381821,-0.108000755,-0.0340843201,-0.0116844177,-0.0838565826,-0.0202207565,-0.259600639,-0.0671272278,0.0833358765,-0.0529956818,-0.105093956
2026-08-22T12:35:38.529+00:00	1522.078	SUBSEG96 protocol=asd-research-v1.0.0 session=1 phase=DET window=54 group=3 segments=8 dims=96 fnv1a=44bb3113 values=-10.342885,-10.342885,3.15433311,-10.342885,-10.342885,1.94412327,-10.342885,1.84719753,-10.342885,1.56854057,0.854398727,-10.342885,1.12545395,1.46472549,1.36979771,-10.342885,1.02860737,1.06048203,1.06615257,0.709374428,0.39335537,0.61359787,0.768259048,0.895562172,1.70412254,1.96683836,1.30072308,1.17554855,1.1682539,1.22400951,0.971628189,0.971411705,1.1822443,1.01012707,0.939738274,2.56289101,3.27443171,0.655194283,0.587058067,0.72927475,0.988563538,1.27668762,0.763591766,0.876292229,0.62389183,0.782349586,0.947738647,1.47938347,0.850672722,1.12514305,1.18442917,0.784690857,0.816901207,1.80729532,0.824766159,1.17935085,1.18405056,1.26456642,1.28769875,1.54730701,1.4572258,2.71328402,2.05597687,0.302145958,1.01895428,0.445431709,0.666247368,0.84335041,0.797001839,1.04750061,0.987829208,1.09483147,1.05709267,1.44124699,0.916197777,0.651385307,0.681437492,0.395008087,0.319171906,0.612567902,0.230641365,0.248534203,0.294395447,0.109574318,0.166625023,-0.119591713,-0.1164608,-0.0629367828,0.0262365341,-0.087059021,-0.00923538208,-0.210824966,-0.0811729431,0.092499733,-0.0244064331,-0.100305557
2026-08-22T12:35:38.637+00:00	1522.188	SUBSEG96 protocol=asd-research-v1.0.0 session=1 phase=DET window=54 group=4 segments=7 dims=96 fnv1a=69e014c1 values=-10.330266,-10.330266,2.38092613,-10.330266,-10.330266,1.75727701,-10.330266,1.77369022,-10.330266,1.29893112,0.472550392,-10.330266,1.03084564,1.30679512,1.17507267,-10.330266,1.12579346,0.862529755,0.825802803,0.711610794,0.722704887,1.15418434,1.35914707,1.10388851,1.52688694,1.71201515,1.29149342,1.19327927,1.33079052,1.22035694,1.10922527,0.912787437,1.33083439,1.22748756,0.890416145,2.55433702,3.30195475,0.854227066,0.591218948,0.886313438,1.00944996,1.23074055,0.629812241,0.582193375,0.724139214,0.693397522,0.871126175,1.55202579,0.914621353,1.06386948,0.884907722,0.886686325,0.980507851,1.82565928,0.826896667,1.03556347,1.23153496,1.39828873,1.29611111,1.52037239,1.55882359,2.68057728,2.24058533,0.202982903,1.0709753,0.605621338,0.650743484,0.858803749,0.782375336,1.04430008,1.02831841,1.11376858,1.15190792,1.44874287,0.929298401,0.593029022,0.775210381,0.330151558,0.278249741,0.644982338,0.254258156,0.275270462,0.268456459,0.121137619,0.120271683,-0.0439138412,-0.119709015,-0.0340747833,-0.0100469589,-0.0318126678,-0.0476026535,-0.244277,-0.0593566895,0.110387802,-0.0122880936,-0.0475521088
2026-08-22T12:35:38.744+00:00	1522.297	SUBSEG96 protocol=asd-research-v1.0.0 session=1 phase=DET window=54 group=5 segments=7 dims=96 fnv1a=df98f79d values=-10.3387508,-10.3387508,2.18462944,-10.3387508,-10.3387508,1.37261105,-10.3387508,1.60066605,-10.3387508,1.61419201,1.18595123,-10.3387508,1.31732845,1.34708023,1.56318665,-10.3387508,1.43522072,0.966773033,0.953934669,0.723670006,0.848762512,1.04507637,0.998767853,1.23797035,1.84986401,1.88999224,1.16177845,0.967847824,0.959690094,0.975395203,0.978731155,0.826468468,1.23024178,1.16075134,1.17734909,2.46739626,3.29626846,0.883363724,0.937786102,0.896632195,0.804553986,1.24468422,0.782639503,0.663196564,0.594456673,0.672315598,0.933767319,1.46373463,0.709903717,1.04755783,0.886248589,0.790048599,0.942952156,1.75410414,0.67723465,0.993103981,1.1152029,1.24975014,1.18566132,1.29614544,1.64922523,2.59556723,2.46794367,0.320141792,1.08316708,0.665912628,0.750060081,0.817261696,0.786201477,1.00991154,0.933129311,1.25685692,1.07676506,1.38669682,0.885015488,0.563467979,0.718852043,0.400322914,0.292551041,0.591342926,0.249440193,0.368498802,0.333719254,0.187080383,0.102687836,-0.015332222,-0.135469437,-0.046664238,-0.076166153,-0.0352239609,0.019785881,-0.225798607,-0.0492048264,0.0909900665,-0.0470638275,-0.124363899
2026-08-22T12:35:38.747+00:00	1522.297	STATE protocol=asd-quality-v1.5.0 from=ANOMALY to=CALIBRATED_NORMAL reason=ALARM_CLEARED
2026-08-22T12:35:38.756+00:00	1522.313	EVENT protocol=asd-quality-v1.5.0 type=ANOMALY_CLEARED state=CALIBRATED_NORMAL phase=DET reason=ALARM_CLEARED event=NONE capability=AVAILABLE level=DEVIATION
2026-08-22T12:35:43.061+00:00	1526.610	FLAGS protocol=asd-quality-v1.5.0 mode=READY state=CALIBRATED_NORMAL waiting=0 learning=0 learned=1 anomaly=0 hold=0 fault=0 green=on red=off guided25_available=1 workflow_pending=DEFAULT research_telemetry=1 profile_persistence_allowed=0 dropped=0
2026-08-22T12:35:48.023+00:00	1531.578	QUALITY protocol=asd-quality-v1.5.0 phase=DET index=55 total=0 result=OK metrics_valid=1 samples=159744 expected=159744 rms_dbfs=-46.951 dc=-0.500 peak=551 clipped=0 zeros=412 stuck=271 dropped_delta=0 feature_valid=1 tonalness_valid=1 tonalness_proxy=3.295657 tonal_gate=pending_normal_only
2026-08-22T12:35:48.031+00:00	1531.578	DET 55 score=538.483521 lo=0 hi=4374.05859 led=1 anom=0 total_anom=27 normal (uzastopnih=0 nivo=-47.0 dBFS racun=716 ms)
2026-08-22T12:35:48.093+00:00	1531.641	FEATURE96 protocol=asd-research-v1.0.0 session=1 phase=DET window=55 window_start_ms=1521072 window_end_ms=1530318 score=538.483521 level_dbfs=-46.9507561 quality=OK tonalness_proxy=3.29565716 dims=96 fnv1a=916c59ef values=-10.370636,-10.370636,2.61415195,-10.370636,-10.370636,1.51365089,-10.370636,1.67110825,-10.370636,1.70794153,1.17606735,-10.370636,1.13766479,1.53381443,1.47734642FLAGS protocol=asd-quality-v1.5.0 mode=READY state=CALIBRATED_NORMAL waiting=0 learning=0 learned=1 anomaly=0 hold=0 fault=0 green=on red=off guided25_available=1 workflow_pending=DEFAULT research_telemetry=1 profile_persistence_allowed=0 dropped=0
2026-08-22T12:35:48.178+00:00	1531.735	,-10.370636,1.26077271,1.03730202,1.13745975,1.07416916,0.918689728,0.839365005,0.935919762,1.12044811,1.69688797,1.81129408,1.32373238,1.1939621,1.47534466,1.2008419,0.888751984,0.840564728,1.2166853,1.0571909,0.947659492,2.51319551,3.29565716,0.776875496,0.723520279,0.877214432,0.815551758,1.24587917,0.738381386,0.643338203,0.666371346,0.788406372,1.0270586,1.47510147,0.793313026,0.965241432,0.939317703,0.859560013,0.911996841,1.78837681,0.886442184,1.01391983,1.11381245,1.32034397,1.25245285,1.43727112,1.56249905,2.62618637,2.30701876,0.221777916,1.1077528,0.539776802,0.68596077,0.768033028,0.788118362,0.942626953,0.976121902,1.15501499,1.04641914,1.40390396,0.82779789,0.571891785,0.714858055,0.389410019,0.267709732,0.589657784,0.226002693,0.213166237,0.241876602,0.120862961,0.105378151,-0.0815029144,-0.13774395,-0.099032402,-0.0766944885,-0.0839414597,-0.0663948059,-0.268294334,-0.13912487,0.0684890747,-0.0679512024,-0.160020828
2026-08-22T12:35:48.289+00:00	1531.844	SUBSEG96 protocol=asd-research-v1.0.0 session=1 phase=DET window=55 group=1 segments=8 dims=96 fnv1a=1b87ec53 values=-10.3531294,-10.3531294,3.18019009,-10.3531294,-10.3531294,1.74363756,-10.3531294,1.4609127,-10.3531294,1.61131763,1.14385986,-10.3531294,0.935265541,1.42525101,1.33518696,-10.3531294,0.938287735,1.26553726,1.42547607,1.19103909,0.892041206,0.818758965,0.885079384,1.14052296,1.80779171,2.00280523,1.30720997,0.882166862,1.16294479,0.978509903,0.620791435,0.891291618,1.15920925,0.911563873,0.954007149,2.4975791,3.32510328,0.997320175,0.810097694,0.883346558,0.877343178,1.24805355,0.717038155,0.5717659,0.704030037,0.74742794,0.936683655,1.42261887,0.77080822,0.918029785,0.997786522,0.81383419,0.943545341,1.81368637,0.893066406,1.01300907,1.1065731,1.2891016,1.23347855,1.46255302,1.50535297,2.60191822,2.49867725,0.28155899,1.05932236,0.572423935,0.64645195,0.648762703,0.799385071,0.891860008,0.913313866,1.20988655,1.03784657,1.35538387,0.869865417,0.562534332,0.743491173,0.417991638,0.299689293,0.581225395,0.231995583,0.25022316,0.297738075,0.161833763,0.0625591278,-0.0390577316,-0.102415085,-0.0670566559,-0.0598068237,-0.0417509079,-0.0403251648,-0.227003098,-0.0771312714,0.125154495,-0.100441933,-0.110898018
2026-08-22T12:35:48.397+00:00	1531.953	SUBSEG96 protocol=asd-research-v1.0.0 session=1 phase=DET window=55 group=2 segments=8 dims=96 fnv1a=ec720c92 values=-10.3421946,-10.3421946,2.33095646,-10.3421946,-10.3421946,1.13313293,-10.3421946,1.52588654,-10.3421946,1.54343796,1.07616329,-10.3421946,1.26862812,1.72110796,1.73456383,-10.3421946,1.40600872,0.703068733,0.978095055,1.11154556,0.877874374,0.77371788,0.699113846,1.04688072,1.73117447,1.87170315,1.24894047,0.993099213,1.31017017,1.05269337,0.91917038,0.768847466,1.27767372,1.26066113,0.918317795,2.55277014,3.29087877,0.744325638,0.733437538,1.03776073,0.790446281,1.25413895,0.6969347,0.762557983,0.622207642,0.853198051,1.03182888,1.37220097,0.930596352,0.981202126,0.945775032,0.975534439,0.925034523,1.82361078,0.827534676,1.03127956,1.09183407,1.31522846,1.27209663,1.41010952,1.59969425,2.68760824,2.18969917,0.185433388,1.19022655,0.546090126,0.697012901,0.740839958,0.826099396,0.962528229,1.03122807,1.14137459,1.09313965,1.4403019,0.849658966,0.638850212,0.738876343,0.419033051,0.331627846,0.669374466,0.243642807,0.239484787,0.241541862,0.151390076,0.166071892,-0.0704336166,-0.0975580215,-0.0640048981,-0.0224018097,-0.0629024506,-0.0569019318,-0.233465195,-0.110693932,0.045290947,-0.0373897552,-0.127962112
2026-08-22T12:35:48.504+00:00	1532.063	SUBSEG96 protocol=asd-research-v1.0.0 session=1 phase=DET window=55 group=3 segments=8 dims=96 fnv1a=c91ead89 values=-10.3573866,-10.3573866,2.17707396,-10.3573866,-10.3573866,1.69671202,-10.3573866,1.94390249,-10.3573866,1.91765642,1.33977127,-10.3573866,1.09973049,1.15564537,1.10317135,-10.3573866,1.08945942,0.919813156,0.889176369,1.04986191,1.03037739,1.0359621,1.08637619,1.1258812,1.80109215,1.93175459,1.45323753,1.4894886,1.55239964,1.07134914,1.0367775,0.767201424,1.20780087,1.03954887,0.745381355,2.55528641,3.35103655,0.517012596,0.734728813,0.714215279,0.810041428,1.20069218,0.601489067,0.515624046,0.596090317,0.724413872,0.962507248,1.5458765,0.741325378,1.11020947,1.07894897,0.873060226,0.969706535,1.79543591,0.969936371,0.9389534,1.15574932,1.39637184,1.28616714,1.40898132,1.54811001,2.6228075,2.28441477,0.206770897,1.16893101,0.61298275,0.708181381,0.77869606,0.812389374,0.944956779,1.00065327,1.14312458,1.04622936,1.4022274,0.875509262,0.542322159,0.72142601,0.343971252,0.24886322,0.590332031,0.220192909,0.182881355,0.288310051,0.112438202,0.10833931,-0.0828371048,-0.155492783,-0.0830545425,-0.0855035782,-0.0585746765,-0.0292863846,-0.244895935,-0.115420341,0.0818634033,-0.0220823288,-0.171369553
2026-08-22T12:35:48.610+00:00	1532.172	SUBSEG96 protocol=asd-research-v1.0.0 session=1 phase=DET window=55 group=4 segments=7 dims=96 fnv1a=5cee21c7 values=-10.3612127,-10.3612127,2.01376104,-10.3612127,-10.3612127,1.36319351,-10.3612127,1.61880589,-10.3612127,1.79849625,1.23226833,-10.3612127,1.12745571,1.48528862,1.43632317,-10.3612127,0.835160255,0.666301727,0.694637299,0.857350349,0.907973289,0.681365013,0.989372253,1.26001072,1.72860861,1.71835327,1.15933514,1.14162731,1.80616283,1.36618805,0.89969635,1.08591557,1.38008404,1.08333302,1.03506088,2.5016489,3.27230024,0.81977272,0.629113197,0.99242115,0.823278427,1.27090168,0.990067482,0.688942909,0.799361229,0.925448418,1.14554691,1.51926041,0.812671661,1.04212475,0.813623428,0.756153107,0.840403557,1.79790831,0.908996582,1.14902401,1.23129272,1.39181709,1.2857275,1.4772234,1.62620544,2.62566042,2.25702381,0.23706913,1.022686,0.541909218,0.679293633,0.804091454,0.792387009,0.962438583,1.01917171,1.19115067,1.05961895,1.45407581,0.792564392,0.599372864,0.709077835,0.421459198,0.293842316,0.59407711,0.284495354,0.240269661,0.219837189,0.104493141,0.130245209,-0.0739984512,-0.105372429,-0.115257263,-0.0618638992,-0.100976944,-0.0903072357,-0.274147987,-0.143790245,0.130483627,-0.0446243286,-0.150134087
2026-08-22T12:35:48.717+00:00	1532.266	SUBSEG96 protocol=asd-research-v1.0.0 session=1 phase=DET window=55 group=5 segments=7 dims=96 fnv1a=428a3953 values=-10.3640194,-10.3640194,1.87321568,-10.3640194,-10.3640194,1.38777733,-10.3640194,1.6951232,-10.3640194,1.62566376,1.10131073,-10.3640194,1.26519489,1.74099302,1.612113,-10.3640194,1.62840462,1.30253696,1.34205341,1.15382481,0.939620018,0.862266541,1.00604153,1.0829668,1.29609299,1.19716358,1.44661331,1.26599121,1.35259438,1.4517355,0.946907043,0.64623642,1.08276463,0.982811928,1.10710812,2.52964783,3.30598497,0.748391151,0.759000778,0.746355057,0.848335266,1.33125782,0.676879883,0.720413208,0.669718742,0.743846893,1.11788082,1.56922817,0.759612083,0.762586594,0.862240791,0.918402672,0.939495087,1.7849741,0.895294189,0.998585701,1.03847218,1.26897049,1.26054001,1.50387192,1.60835266,2.66631508,2.30507374,0.269756317,1.14446449,0.482750893,0.771025658,0.917575836,0.783003807,1.02576733,0.987062454,1.16323566,1.07155895,1.44406319,0.813971519,0.590249062,0.735899925,0.420656204,0.231538773,0.58175087,0.227121353,0.22855854,0.22479248,0.146327972,0.133458138,-0.0665340424,-0.155574799,-0.0950450897,-0.0808010101,-0.0864343643,-0.0446805954,-0.294937134,-0.187616348,0.0251169205,-0.0626344681,-0.168424606
2026-08-22T12:35:53.071+00:00	1536.625	FLAGS protocol=asd-quality-v1.5.0 mode=READY state=CALIBRATED_NORMAL waiting=0 learning=0 learned=1 anomaly=0 hold=0 fault=0 green=on red=off guided25_available=1 workflow_pending=DEFAULT research_telemetry=1 profile_persistence_allowed=0 dropped=0
2026-08-22T12:35:57.997+00:00	1541.547	QUALITY protocol=asd-quality-v1.5.0 phase=DET index=56 total=0 result=OK metrics_valid=1 samples=159744 expected=159744 rms_dbfs=-47.098 dc=-0.548 peak=493 clipped=0 zeros=482 stuck=252 dropped_delta=0 feature_valid=1 tonalness_valid=1 tonalness_proxy=3.279892 tonal_gate=pending_normal_only
2026-08-22T12:35:58.004+00:00	1541.563	DET 56 score=433.58017 lo=0 hi=4374.05859 led=1 anom=0 total_anom=27 normal (uzastopnih=0 nivo=-47.1 dBFS racun=716 ms)
2026-08-22T12:35:58.104+00:00	1541.657	FEATURE96 protocol=asd-research-v1.0.0 session=1 phase=DET window=56 window_start_ms=1531022 window_end_ms=1540292 score=433.58017 level_dbfs=-47.0982819 quality=OK tonalness_proxy=3.27989197 dims=96 fnv1a=cdf29bb6 values=-10.3710041,-10.3710041,1.83017492,-10.3710041,-10.3710041,1.41981888,-10.3710041,1.56967354,-10.3710041,1.53575802,1.04535389,-10.3710041,1.0942564,1.50481796,1.55797005,-10.3710041,1.47188663,1.34536266,1.20071316,1.01852417,0.983955383,0.953374863,1.0475111,1.10731506,1.72199774,1.80138493,1.28326416,1.15536308,1.47710228,1.14406109,0.969376564,1.07093239,1.35188007,1.07183743,0.919895172,2.50790358,3.27989197,0.868472099,0.752385139,0.787241936,0.881474495,1.29575729,0.712110519,0.767416954,0.755520821,0.799599648,0.999522209,1.45314121,0.812966347FLAGS protocol=asd-quality-v1.5.0 mode=READY state=CALIBRATED_NORMAL waiting=0 learning=0 learned=1 anomaly=0 hold=0 fault=0 green=on red=off guided25_available=1 workflow_pending=DEFAULT research_telemetry=1 profile_persistence_allowed=0 dropped=0
2026-08-22T12:35:58.147+00:00	1541.703	,0.96933651,1.00828648,0.762363434,0.970249176,1.75232601,0.896677971,1.03198814,1.11182213,1.28057671,1.18988323,1.43632793,1.55226135,2.65232277,2.3298974,0.1975317,1.07394123,0.529312134,0.640835762,0.732313156,0.820167542,0.928224564,0.918257713,1.18920326,1.07824421,1.41831493,0.823356628,0.58376503,0.713914871,0.36581707,0.268511772,0.596727371,0.206061363,0.216550827,0.231254578,0.118144989,0.107788086,-0.079117775,-0.137935638,-0.0920677185,-0.0927114487,-0.0741615295,-0.0610666275,-0.244912148,-0.142407417,0.0946769714,-0.0807619095,-0.150977135
2026-08-22T12:35:58.261+00:00	1541.813	SUBSEG96 protocol=asd-research-v1.0.0 session=1 phase=DET window=56 group=1 segments=8 dims=96 fnv1a=fbba92dd values=-10.3738823,-10.3738823,2.03645468,-10.3738823,-10.3738823,1.67800331,-10.3738823,1.76899385,-10.3738823,1.49327469,1.00404644,-10.3738823,1.06066704,1.53792191,1.61177349,-10.3738823,1.38454628,1.2397747,1.28448772,1.18678379,0.804041862,0.747029305,1.04027367,1.08311367,1.7226162,1.68691206,1.13188744,1.11355019,1.6590395,1.26649475,1.19346142,1.05328274,1.16907883,0.997250557,1.06875038,2.45312548,3.28430223,0.74101162,0.76700592,0.809333801,0.719247818,1.25326538,0.737780571,0.657839775,0.785513878,0.835793495,1.03801823,1.44702721,0.834178925,0.90970993,1.02716827,0.763894081,1.07840633,1.73777533,0.810440063,1.02661514,1.06401062,1.36782646,1.18139362,1.47292423,1.45403862,2.56351995,2.5044589,0.208294868,1.06710052,0.528646469,0.560747147,0.718542099,0.819861412,0.928866386,0.904605865,1.18464851,1.06816864,1.46585846,0.817298889,0.491293907,0.664152145,0.391399384,0.308114052,0.538769722,0.241559029,0.24270916,0.27193737,0.113515854,0.0552349091,0.00335407257,-0.118857384,-0.120082855,-0.099152565,-0.0805139542,-0.0495443344,-0.223465919,-0.123063087,0.0933742523,-0.0915307999,-0.139778137
2026-08-22T12:35:58.369+00:00	1541.922	SUBSEG96 protocol=asd-research-v1.0.0 session=1 phase=DET window=56 group=2 segments=8 dims=96 fnv1a=42f00563 values=-10.3492022,-10.3492022,1.91768265,-10.3492022,-10.3492022,1.35923576,-10.3492022,1.35948753,-10.3492022,1.53299141,1.04196262,-10.3492022,0.950091362,1.6594882,1.66927814,-10.3492022,1.18739986,1.18416214,1.12537956,0.988891602,0.966239929,0.942040443,0.945204735,0.987502098,1.58200645,1.86616659,1.21371269,1.21962738,1.5700016,1.22318459,0.82481575,1.11187267,1.34083652,1.2104845,0.67318821,2.55890036,3.32562494,0.788795471,0.772549629,0.749426842,0.835000038,1.32616711,0.734832764,0.910200119,0.64249897,0.784968376,1.03512478,1.53240871,0.755870819,1.14319038,1.09916496,0.765253067,1.0285778,1.78237629,0.875374794,1.02989769,1.02821636,1.27464485,1.11659527,1.44816494,1.54198837,2.73715115,2.29197407,0.192040443,1.11811161,0.587409973,0.645730972,0.750445366,0.798963547,0.979762077,0.907989502,1.16890144,1.10428619,1.40445518,0.850405693,0.601585388,0.72919178,0.415009499,0.269299507,0.625823021,0.227296829,0.202833176,0.222948074,0.135221481,0.172081947,-0.0962896347,-0.136091232,-0.0497398376,-0.0922422409,-0.0289525986,-0.0454778671,-0.238992691,-0.125167847,0.104836464,-0.0234165192,-0.152730942
2026-08-22T12:35:58.476+00:00	1542.032	SUBSEG96 protocol=asd-research-v1.0.0 session=1 phase=DET window=56 group=3 segments=8 dims=96 fnv1a=43750631 values=-10.3543854,-10.3543854,1.65571928,-10.3543854,-10.3543854,1.00005913,-10.3543854,1.25307274,-10.3543854,1.39613342,0.853878021,-10.3543854,1.23169422,1.59321213,1.74738121,-10.3543854,1.77668619,1.3842268,1.19282341,1.07057095,1.06984901,0.933300018,1.08780575,1.05968761,1.62170601,1.58300304,1.42676163,1.1855154,1.50090027,1.20106411,0.850594521,1.07632923,1.45401859,1.17370892,1.03995609,2.50025892,3.25871801,0.883264542,0.759568214,0.729789734,0.88572979,1.38972378,0.751726151,0.724075317,0.770342827,0.758431435,0.975191116,1.47840023,0.819654465,0.922766685,0.908766747,0.701807976,0.92936039,1.72043085,1.02220821,0.990271568,1.06492615,1.23655415,1.27356148,1.37998962,1.60552025,2.67616463,2.33219433,0.146175385,1.05537415,0.51510334,0.699960709,0.759818077,0.834010124,0.948202133,0.954938889,1.23327446,1.10689354,1.45587349,0.829621315,0.602791786,0.73820591,0.34900856,0.289809227,0.577500343,0.180353165,0.246464729,0.212276459,0.130455971,0.101677895,-0.0842075348,-0.150632858,-0.0979156494,-0.0690317154,-0.0635070801,-0.0631685257,-0.227117538,-0.128508568,0.0907726288,-0.0688638687,-0.139528275
2026-08-22T12:35:58.585+00:00	1542.141	SUBSEG96 protocol=asd-research-v1.0.0 session=1 phase=DET window=56 group=4 segments=7 dims=96 fnv1a=80da1a7d values=-10.3707304,-10.3707304,1.63940048,-10.3707304,-10.3707304,1.4808712,-10.3707304,1.81153297,-10.3707304,1.70382404,1.10288048,-10.3707304,1.04189491,1.02888012,1.21337795,-10.3707304,1.30087566,1.16090298,1.10165787,0.864833832,1.1837244,1.16461658,1.25953484,1.32361317,1.91128445,1.94467688,1.37882614,1.17595291,1.10288048,0.990907669,0.875674248,0.97369194,1.44824028,1.000144,0.86133194,2.54124451,3.29077387,0.804940224,0.494272232,0.8901577,0.9428339,1.28955746,0.779513359,0.632564545,0.816218376,0.898687363,1.07658958,1.47325516,0.812853813,0.92918396,0.922988892,0.810887337,0.917178154,1.74247456,0.870379448,1.14055443,1.12548256,1.31603622,1.28214264,1.47725677,1.5890913,2.59884214,2.33662748,0.287229538,1.12920189,0.577096939,0.724799156,0.731734276,0.868995667,0.851240158,0.973444939,1.24519348,1.08060074,1.42416954,0.803925514,0.637566566,0.713423729,0.384383202,0.221424103,0.66168499,0.184831619,0.190752029,0.225069046,0.122219086,0.0508985519,-0.0507612228,-0.132157326,-0.0834236145,-0.110286713,-0.0651473999,-0.0587301254,-0.235229492,-0.120651245,0.131855011,-0.0753650665,-0.172661781
2026-08-22T12:35:58.691+00:00	1542.250	SUBSEG96 protocol=asd-research-v1.0.0 session=1 phase=DET window=56 group=5 segments=7 dims=96 fnv1a=88beba21 values=-10.3620863,-10.3620863,1.77809715,-10.3620863,-10.3620863,1.34771347,-10.3620863,1.40037441,-10.3620863,1.56011486,1.21723938,-10.3620863,1.17820168,1.49275208,1.32173252,-10.3620863,1.49363708,1.6376009,1.30438995,0.917869568,0.838783264,0.952908516,0.83681488,1.06339645,1.76055574,1.89938259,1.2534399,1.11685371,1.3606596,0.961008072,1.01168251,1.16514015,1.34959221,0.941663742,0.867533684,2.53060436,3.28287888,1.09869576,0.91672802,0.792476654,1.03599834,1.24357319,0.560272217,0.889134407,0.794063568,0.748670578,0.888270378,1.35252857,0.883106232,0.934667587,1.09321022,0.81487751,0.895153046,1.82278538,0.923124313,1.00853348,1.29182434,1.22984695,1.10871792,1.44340706,1.60970211,2.71197176,2.11126614,0.193260193,1.0389986,0.471336365,0.603871346,0.745927811,0.824699402,0.964003563,0.891214371,1.15165806,1.07423019,1.37172318,0.859920502,0.628487587,0.77025795,0.324047089,0.289203644,0.625473976,0.236308098,0.239766121,0.265751839,0.13543129,0.191396713,-0.146529198,-0.10621357,-0.0631570816,-0.0481033325,-0.0916166306,-0.043056488,-0.258177757,-0.175229073,0.0992918015,-0.106359482,-0.106423378
2026-08-22T12:36:03.080+00:00	1546.641	FLAGS protocol=asd-quality-v1.5.0 mode=READY state=CALIBRATED_NORMAL waiting=0 learning=0 learned=1 anomaly=0 hold=0 fault=0 green=on red=off guided25_available=1 workflow_pending=DEFAULT research_telemetry=1 profile_persistence_allowed=0 dropped=0
2026-08-22T12:36:07.971+00:00	1551.532	QUALITY protocol=asd-quality-v1.5.0 phase=DET index=57 total=0 result=OK metrics_valid=1 samples=159744 expected=159744 rms_dbfs=-47.297 dc=-0.452 peak=520 clipped=0 zeros=422 stuck=243 dropped_delta=0 feature_valid=1 tonalness_valid=1 tonalness_proxy=3.284693 tonal_gate=pending_normal_only
2026-08-22T12:36:07.979+00:00	1551.532	DET 57 score=468.448364 lo=0 hi=4374.05859 led=1 anom=0 total_anom=27 normal (uzastopnih=0 nivo=-47.3 dBFS racun=716 ms)
2026-08-22T12:36:08.115+00:00	1551.672	FEATURE96 protocol=asd-research-v1.0.0 session=1 phase=DET window=57 window_start_ms=1541002 window_end_ms=1550266 score=468.448364 level_dbfs=-47.2972794 quality=OK tonalness_proxy=3.28469276 dims=96 fnv1a=f2e639e3 values=-10.3762169,-10.3762169,1.54487896,-10.3762169,-10.3762169,1.302351,-10.3762169,1.40351391,-10.3762169,1.45491123,1.29895782,-10.3762169,1.25342464,1.580019,1.79218245,-10.3762169,1.65721035,1.36701775,1.21250534,0.97149086,0.956521034,0.947381973,1.1412344,1.22267723,1.71123934,1.80028009,1.32348633,1.14509392,1.30555725,1.1156044,1.13343716,0.931725502,1.25239563,1.05305386,0.992877007,2.52791691,3.28469276,0.86195755,0.758545876,0.869936943,0.972070694,1.23615646,0.85060215,0.729701996,0.734367371,0.817154884,0.929644585,1.45228577,0.837734222,0.961929321,0.943098068,0.790807724,0.939029694,1.78970575,0.870957375,0.994212151,1.09570694,1.31058025,1.24725628,1.45401573,1.52926445,2.61056852,2.25219154,0.21914959,1.02654839,0.500448227,0.629747391,0.738499641,0.781414986,0.971809387,0.947473526,1.16099834,1.06003761,1.35652542,0.790070534,0.594265938,0.684791565,0.351940155,0.3040905,0.575592995,0.226866722,0.228027344FLAGS protocol=asd-quality-v1.5.0 mode=READY state=CALIBRATED_NORMAL waiting=0 learning=0 learned=1 anomaly=0 hold=0 fault=0 green=on red=off guided25_available=1 workflow_pending=DEFAULT research_telemetry=1 profile_persistence_allowed=0 dropped=0
2026-08-22T12:36:08.118+00:00	1551.672	,0.24328804,0.113136292,0.0964393616,-0.0653705597,-0.165733337,-0.123287201,-0.0822315216,-0.0736684799,-0.0788183212,-0.268636703,-0.152458191,0.107894897,-0.0665903091,-0.145656586
2026-08-22T12:36:08.238+00:00	1551.797	SUBSEG96 protocol=asd-research-v1.0.0 session=1 phase=DET window=57 group=1 segments=8 dims=96 fnv1a=0b364794 values=-10.3842859,-10.3842859,1.66296196,-10.3842859,-10.3842859,1.23413277,-10.3842859,1.56950951,-10.3842859,1.53626251,1.22253704,-10.3842859,1.30997276,1.74066162,1.70520496,-10.3842859,1.60372448,1.50226021,1.23893833,0.952147484,0.874531746,0.937411308,1.11271381,1.25944138,1.80158186,1.90240908,1.32517052,1.13984489,1.23321152,1.12652493,1.02405071,1.01132202,1.25211811,1.06694508,0.9734869,2.55603886,3.29626131,0.956023216,0.763313293,0.791966438,0.838535309,1.24433899,0.772356033,0.66308403,0.579968452,0.891232491,0.830983162,1.39223862,0.732549667,0.920002937,1.06531239,0.789873123,0.950998306,1.80308819,0.939241409,0.940220833,1.10482788,1.36604786,1.20106125,1.51204777,1.52923298,2.60404921,2.18820667,0.212412834,1.03113937,0.515980721,0.602954865,0.699831963,0.835477829,0.986188889,0.922750473,1.21282101,1.03880119,1.4169569,0.769465446,0.601112366,0.699416161,0.303721428,0.261059761,0.579019547,0.197723389,0.215799332,0.264395714,0.087351799,0.0965337753,-0.0698394775,-0.146196365,-0.115949631,-0.0780706406,-0.0510625839,-0.0791721344,-0.258451462,-0.134864807,0.112045288,-0.0696001053,-0.127775192
2026-08-22T12:36:08.345+00:00	1551.907	SUBSEG96 protocol=asd-research-v1.0.0 session=1 phase=DET window=57 group=2 segments=8 dims=96 fnv1a=844ecfd1 values=-10.3626852,-10.3626852,1.35093403,-10.3626852,-10.3626852,1.26992798,-10.3626852,1.51849937,-10.3626852,1.80402994,1.64848328,-10.3626852,1.42085648,1.4218998,1.47916794,-10.3626852,1.25126076,1.16132545,1.06333256,0.937024117,1.00928783,0.997797966,1.21566963,1.25785732,1.81483936,1.88821363,1.20323277,1.17272282,1.34730911,1.27425289,1.05686283,0.656870842,1.38112259,0.949920654,1.01935482,2.48789501,3.25403595,0.663888931,0.801815033,0.872848511,0.99319458,1.27650833,1.09232235,0.81341362,0.620836258,0.79134655,0.94657135,1.42791653,0.811429977,0.852203369,0.945713997,0.737179756,0.913365364,1.77689362,0.784369469,1.05454731,1.086689,1.30910206,1.26512146,1.50829792,1.58471394,2.61171103,2.2633481,0.27936554,1.03550911,0.569854736,0.657160759,0.668261528,0.784909248,0.952749252,0.911017418,1.19537258,1.11277008,1.37322521,0.855016708,0.554229736,0.724287987,0.411337852,0.341709137,0.571365356,0.277472496,0.26769352,0.238977432,0.106768608,0.0996255875,-0.0891742706,-0.142987251,-0.152728081,-0.117653847,-0.101917267,-0.0865955353,-0.257155418,-0.137422562,0.1362257,-0.0561971664,-0.200904846
2026-08-22T12:36:08.451+00:00	1552.000	SUBSEG96 protocol=asd-research-v1.0.0 session=1 phase=DET window=57 group=3 segments=8 dims=96 fnv1a=9999787e values=-10.3528824,-10.3528824,1.80491924,-10.3528824,-10.3528824,1.60460472,-10.3528824,1.29366016,-10.3528824,1.19507408,1.10409641,-10.3528824,0.980837822,1.34722805,1.60678005,-10.3528824,1.40056133,1.02455807,0.634390831,0.741021156,0.81006813,1.0205965,1.23792553,1.33754826,1.64671993,1.77950287,1.36108685,0.837107658,1.41032982,1.10317039,1.15019321,0.93251133,1.27647686,1.00357628,1.03061962,2.53455067,3.36343575,0.877467155,0.657390594,1.00039577,0.923470497,1.30445671,0.73337841,0.728089333,0.71652317,0.808491707,1.05270481,1.56168461,0.947461128,1.0327177,0.872570038,0.833269119,1.01024151,1.80795002,1.02553082,1.04351234,1.18192387,1.37033939,1.41404629,1.41717911,1.51080036,2.53691244,2.45049953,0.161016464,1.06260586,0.512004852,0.652094841,0.732806206,0.782421112,1.0163517,1.01471138,1.18497276,1.07965755,1.33172417,0.834551811,0.606038094,0.744631767,0.387149811,0.265857697,0.599704742,0.30728054,0.291871071,0.223467827,0.136356354,0.1167593,0.0170345306,-0.148256302,-0.0847425461,-0.0684604645,0.0231361389,-0.0718536377,-0.24105835,-0.112549782,0.178225517,-0.0188827515,-0.0860586166
2026-08-22T12:36:08.558+00:00	1552.110	SUBSEG96 protocol=asd-research-v1.0.0 session=1 phase=DET window=57 group=4 segments=7 dims=96 fnv1a=d21170ba values=-10.3602266,-10.3602266,1.41539001,-10.3602266,-10.3602266,1.18015575,-10.3602266,1.12543964,-10.3602266,1.0034399,1.01216698,-10.3602266,1.25653648,1.76168919,1.98620319,-10.3602266,1.74529314,1.62814713,1.48050785,1.06697273,1.08305454,0.953541756,0.771064758,0.908890724,1.69349384,1.62459469,1.34208393,1.15015984,1.2478714,1.08961582,1.19941044,1.00449371,1.26100826,1.18853378,1.0534296,2.57542515,3.28150129,0.933207512,0.744703293,0.942801476,1.00228119,1.03884983,0.73163414,0.710996628,0.943907738,0.793516159,0.958001137,1.47008419,0.831192017,1.05381107,0.866046906,0.854148865,0.935879707,1.80854273,0.823613167,0.960729599,1.09808826,1.22745228,1.21186447,1.45606804,1.57440853,2.67124701,2.10771751,0.333361626,1.05892563,0.470845222,0.707980156,0.827526093,0.759610176,0.994535446,1.01111794,1.09803677,1.12226009,1.37962914,0.785801888,0.625767708,0.67856884,0.326022148,0.357531548,0.577572823,0.199614525,0.207152367,0.316986084,0.0980834961,0.0999002457,-0.0757417679,-0.161614418,-0.0807819366,-0.0298547745,-0.0992956161,-0.0476150513,-0.253017426,-0.152023315,0.0964651108,-0.0637693405,-0.128559113
2026-08-22T12:36:08.665+00:00	1552.219	SUBSEG96 protocol=asd-research-v1.0.0 session=1 phase=DET window=57 group=5 segments=7 dims=96 fnv1a=4c969c77 values=-10.365344,-10.365344,1.25930405,-10.365344,-10.365344,1.01710701,-10.365344,1.38266945,-10.365344,1.25335217,1.20486736,-10.365344,1.2302084,1.53304577,2.03942251,-10.365344,2.00729465,1.33130646,1.34814453,1.14486694,1.02838039,0.854213715,1.25220871,1.26744843,1.58543301,1.77661324,1.42527103,1.3572588,1.31678486,0.957698822,1.27372456,1.02791786,1.07420063,1.09317207,0.932253838,2.53927279,3.27117682,0.882487297,0.861412048,0.748800278,1.13147449,1.30659962,0.84541893,0.775717735,0.809197426,0.840608597,0.886138916,1.44982529,0.900992393,0.992002487,0.972470284,0.792093277,0.929718018,1.80752993,0.755799294,1.01448822,1.04333019,1.3050127,1.13252258,1.40894604,1.4935503,2.68154049,2.21059084,0.137693405,0.994421005,0.470125198,0.574913979,0.817183495,0.78834343,0.960025787,0.926693916,1.14470673,0.986617088,1.32152748,0.744161606,0.641108513,0.608374596,0.377301216,0.350079536,0.605513573,0.185434341,0.197778702,0.223847389,0.19076252,0.124994278,-0.0645971298,-0.180456161,-0.128920555,-0.0599212646,-0.107632637,-0.0505485535,-0.281894684,-0.179121971,0.0524320602,-0.074016571,-0.136983871
2026-08-22T12:36:13.092+00:00	1556.641	FLAGS protocol=asd-quality-v1.5.0 mode=READY state=CALIBRATED_NORMAL waiting=0 learning=0 learned=1 anomaly=0 hold=0 fault=0 green=on red=off guided25_available=1 workflow_pending=DEFAULT research_telemetry=1 profile_persistence_allowed=0 dropped=0
2026-08-22T12:36:17.945+00:00	1561.500	QUALITY protocol=asd-quality-v1.5.0 phase=DET index=58 total=0 result=OK metrics_valid=1 samples=159744 expected=159744 rms_dbfs=-47.275 dc=-0.502 peak=520 clipped=0 zeros=486 stuck=305 dropped_delta=0 feature_valid=1 tonalness_valid=1 tonalness_proxy=3.269703 tonal_gate=pending_normal_only
2026-08-22T12:36:17.953+00:00	1561.500	DET 58 score=410.707825 lo=0 hi=4374.05859 led=1 anom=0 total_anom=27 normal (uzastopnih=0 nivo=-47.3 dBFS racun=716 ms)
2026-08-22T12:36:18.129+00:00	1561.688	FEATURE96 protocol=asd-research-v1.0.0 session=1 phase=DET window=58 window_start_ms=1550972 window_end_ms=1560240 score=410.707825 level_dbfs=-47.2748184 quality=OK tonalness_proxy=3.26970339 dims=96 fnv1a=0c059b0f values=-10.4217596,-10.4217596,1.85040712,-10.4217596,-10.4217596,1.58066034,-10.4217596,1.76145029,-10.4217596,1.78457642,1.15020084,-10.4217596,1.3231945,1.96719933,2.02414942,-10.4217596,1.8266964,1.55679893,1.2820673,1.07042503,0.91147995,0.960242271,0.890559196,1.0959425,1.66354609,1.84663916,1.58622599,1.47509289,1.47435093,1.31093311,1.08856201,1.05387688,1.23091412,0.982625961,0.997695923,2.47771406,3.26970339,0.736600876,0.750408173,0.938349724,0.966434479,1.21752453,0.713832855,0.642313004,0.699354172,0.778059959,0.956492424,1.38030624,0.745368004,0.931659698,0.96969986,0.758519173,0.891447067,1.75673056,0.846819878,1.00240421,1.04707909,1.25171185,1.11055851,1.33063126,1.53378105,2.50406837,2.25693989,0.177064896,0.906528473,0.492255211,0.609090805,0.736769676,0.748795509,0.913649559,0.906496048,1.10725212,1.02594757,1.33864498,0.786065102,0.547943115,0.639954567,0.310695648,0.221138,0.565107346,0.159276009,0.173051834,0.187486649,0.0891952515,0.0678720474,-0.105707169,-0.215069771,-0.113368988,-0.139734268,-0.0844984055,-0.099199295,-0.310659409,-0.180403709,0.00860881805,-0.117700577,-0.189412117
2026-08-22T12:36:18.135+00:00	1561.688	SUBSEG96 protocol=asd-research-v1.0.0 session=1 phase=DET window=58 group=1 segments=8 dims=96 fnv1a=a3bbbb0e values=-10.3401546,-10.3401546,1.15928364,-10.3401546,-10.3401546,1.02885342,-10.3401546,1.36032104,-10.3401546,1.29177761,0.805038452,-10.3401546,0.817519188FLAGS protocol=asd-quality-v1.5.0 mode=READY state=CALIBRATED_NORMAL waiting=0 learning=0 learned=1 anomaly=0 hold=0 fault=0 green=on red=off guided25_available=1 workflow_pending=DEFAULT research_telemetry=1 profile_persistence_allowed=0 dropped=0
2026-08-22T12:36:18.207+00:00	1561.766	,1.38277531,1.5500927,-10.3401546,1.48704624,1.30332184,0.831678391,0.863062859,0.953061104,0.989360809,0.551387787,1.2762022,1.81746387,2.02474976,1.68901587,1.20313263,1.15308952,1.07270622,1.01831245,1.1176033,1.23475552,1.15154171,1.1691494,2.56435061,3.33127928,0.808085442,0.842843056,0.864423752,1.01721573,1.27907944,0.761868477,0.813252449,0.857070923,0.857771873,1.07519817,1.34831715,0.814961433,1.03852749,1.05122566,0.843736649,1.05449677,1.84335947,0.97719574,1.05918407,1.1117239,1.34299946,1.16015148,1.33886242,1.60785961,2.64223957,2.30664587,0.295885086,1.07303524,0.552067757,0.66765213,0.773916245,0.765260696,1.02048588,0.99411869,1.2087326,1.00004673,1.42541504,0.838030815,0.635745049,0.726624489,0.439469337,0.28655529,0.603435516,0.319213867,0.247436523,0.312339783,0.183889389,0.136787415,-0.0409908295,-0.17803669,-0.0507745743,-0.0353145599,-0.0257472992,-0.00288677216,-0.199113846,-0.123111725,0.118997574,-0.0430374146,-0.121143341
2026-08-22T12:36:18.318+00:00	1561.875	SUBSEG96 protocol=asd-research-v1.0.0 session=1 phase=DET window=58 group=2 segments=8 dims=96 fnv1a=51fd6ccf values=-10.3820524,-10.3820524,1.324193,-10.3820524,-10.3820524,1.00039005,-10.3820524,1.44222641,-10.3820524,1.51616859,1.12500858,-10.3820524,1.20333385,1.51881218,1.47768974,-10.3820524,1.41508102,1.33497524,1.03861046,1.01155186,1.15197849,1.04502106,1.14256477,1.2036438,1.51204777,1.6515317,1.117136,1.45263863,1.7042923,1.51221752,1.27707672,1.06847191,1.3739481,1.10325813,1.03132343,2.50439882,3.36997366,0.833079338,0.835661888,1.10691357,1.08282566,1.18565464,0.664093018,0.648386955,0.662254333,0.835256577,0.943756104,1.47775936,0.702550888,1.00824261,0.980283737,0.88873291,0.974017143,1.79998207,0.877020836,1.01097298,1.12036228,1.25512314,1.11439419,1.38601971,1.47992325,2.47875547,2.44853401,0.147516251,0.95698452,0.572892189,0.665859222,0.685072899,0.776602745,0.919086456,0.991271973,1.11954975,1.07890987,1.35975742,0.840792656,0.618159294,0.707761765,0.390943527,0.25147438,0.564616203,0.185264587,0.238605499,0.197834969,0.13175869,0.126590729,-0.00308799744,-0.142977715,-0.0439538956,-0.094201088,-0.00248622894,-0.0268764496,-0.279245377,-0.140043259,0.0601472855,-0.10406971,-0.124084473
2026-08-22T12:36:18.424+00:00	1561.985	SUBSEG96 protocol=asd-research-v1.0.0 session=1 phase=DET window=58 group=3 segments=8 dims=96 fnv1a=83e87eda values=-10.37749,-10.37749,1.45711136,-10.37749,-10.37749,1.43962383,-10.37749,1.67298269,-10.37749,1.66557789,1.1125288,-10.37749,1.10283661,1.54883099,1.49871922,-10.37749,1.36007023,1.36186504,1.20546532,1.01593971,0.729106903,0.557631493,0.961392403,1.12811947,1.78684902,2.05193329,1.96714735,1.71181154,1.53868771,1.0597887,1.05828953,1.1560421,1.35283375,0.913373947,0.943675995,2.5596056,3.28323078,0.764508247,0.75070858,0.924710274,0.758742332,1.32565975,0.834889412,0.723892212,0.839811325,0.600683212,0.959052086,1.52177429,0.800134659,0.912818909,1.0396843,0.661169052,0.893444061,1.82556057,0.908369064,1.06926823,1.05991268,1.1986227,1.06105232,1.42987633,1.62948275,2.66185379,2.13975382,0.306430817,0.922421455,0.498527527,0.574137688,0.808595657,0.828606606,1.02425957,0.967813492,1.16127968,1.13152885,1.41349411,0.823742867,0.60699749,0.663551331,0.284156799,0.276432991,0.610363007,0.140163422,0.236225128,0.238224983,0.107048988,0.131799698,-0.0911188126,-0.148924828,-0.0631227493,-0.13458252,-0.114269257,-0.0783748627,-0.298158646,-0.13161087,0.0203428268,-0.0436782837,-0.148953438
2026-08-22T12:36:18.532+00:00	1562.094	SUBSEG96 protocol=asd-research-v1.0.0 session=1 phase=DET window=58 group=4 segments=7 dims=96 fnv1a=abae7281 values=-10.4657879,-10.4657879,1.67832136,-10.4657879,-10.4657879,1.81015778,-10.4657879,1.99494362,-10.4657879,1.88578463,0.910713196,-10.4657879,1.73367882,2.4840951,2.57024384,-10.4657879,2.35810566,2.00777388,1.77734709,1.3925066,0.847420692,1.17774391,0.958681107,1.06602478,1.48721123,1.71889162,1.37232304,1.24178505,1.42445278,1.61807156,1.17888069,0.80512619,1.08210564,0.920855522,1.00911522,2.44473457,3.2083869,0.811703682,0.678488731,0.833135605,1.06467724,1.18064117,0.665859222,0.505132675,0.681474686,0.861780167,0.99030304,1.18880272,0.764917374,0.828932762,0.926533699,0.706120491,0.71396637,1.66434526,0.79910183,1.03197479,1.08019829,1.23837852,1.17266083,1.22987843,1.55820274,2.40920496,2.13558626,0.0993108749,0.794949532,0.476700783,0.528409004,0.74153614,0.724225998,0.877096176,0.82884407,1.10987473,1.01353359,1.24188709,0.730353355,0.481650352,0.603486061,0.290445328,0.184529305,0.571415901,0.132850647,0.129752159,0.155687332,0.0385408401,0.0297060013,-0.17430687,-0.266685486,-0.140335083,-0.171003342,-0.0871324539,-0.145474434,-0.346660614,-0.194674492,-0.0575141907,-0.137507439,-0.224841118
2026-08-22T12:36:18.639+00:00	1562.188	SUBSEG96 protocol=asd-research-v1.0.0 session=1 phase=DET window=58 group=5 segments=7 dims=96 fnv1a=84067b01 values=-10.4019899,-10.4019899,2.44574356,-10.4019899,-10.4019899,1.95557785,-10.4019899,2.04031229,-10.4019899,2.18092775,1.55604649,-10.4019899,1.28363323,1.87803698,1.83273363,-10.4019899,1.52447605,1.26627254,0.533190727,0.933143616,0.9037323,0.940686226,0.70406723,0.826000214,1.77479553,1.79851913,1.46154499,1.67239523,1.50360203,0.932546616,0.945851326,1.19527149,1.1907053,0.913203239,0.946117401,2.44748735,3.28843594,0.529687881,0.777506828,1.04566479,0.974338531,1.24910831,0.769333839,0.623353004,0.512178421,0.828365326,0.947738647,1.44216537,0.78356266,0.997247696,0.990609169,0.804718971,0.918226242,1.78348637,0.79651165,0.974899292,0.989735603,1.35860538,1.17835903,1.39331532,1.52051163,2.40975857,2.32607174,0.147953987,0.899862289,0.499227524,0.737686157,0.811281204,0.788421631,0.843178749,0.874593735,1.07002926,1.03087425,1.38583946,0.838828087,0.527133942,0.635508537,0.271342278,0.249337196,0.619885445,0.144467354,0.145245552,0.165976524,0.126029015,0.0491876602,-0.0876998901,-0.203512192,-0.133544922,-0.123649597,-0.0557918549,-0.10781765,-0.290017128,-0.170466423,0.0379228592,-0.121889114,-0.189594269
2026-08-22T12:36:23.102+00:00	1566.657	FLAGS protocol=asd-quality-v1.5.0 mode=READY state=CALIBRATED_NORMAL waiting=0 learning=0 learned=1 anomaly=0 hold=0 fault=0 green=on red=off guided25_available=1 workflow_pending=DEFAULT research_telemetry=1 profile_persistence_allowed=0 dropped=0
2026-08-22T12:36:27.918+00:00	1571.469	QUALITY protocol=asd-quality-v1.5.0 phase=DET index=59 total=0 result=OK metrics_valid=1 samples=159744 expected=159744 rms_dbfs=-45.327 dc=-1.022 peak=4064 clipped=0 zeros=391 stuck=278 dropped_delta=0 feature_valid=1 tonalness_valid=1 tonalness_proxy=3.132628 tonal_gate=pending_normal_only
2026-08-22T12:36:27.928+00:00	1571.485	DET 59 score=3778.93774 lo=0 hi=4374.05859 led=1 anom=0 total_anom=27 normal (uzastopnih=0 nivo=-45.3 dBFS racun=716 ms)
2026-08-22T12:36:28.056+00:00	1571.610	FEATURE96 protocol=asd-research-v1.0.0 session=1 phase=DET window=59 window_start_ms=1560942 window_end_ms=1570215 score=3778.93774 level_dbfs=-45.3271408 quality=OK tonalness_proxy=3.13262796 dims=96 fnv1a=31bbcbad values=-10.5654154,-10.5654154,2.84997559,-10.5654154,-10.5654154,2.1078558,-10.5654154,1.94497061,-10.5654154,2.01424599,1.48397875,-10.5654154,1.17352295,1.41742802,1.55129576,-10.5654154,1.48365402,1.30853558,1.18191624,1.03246403,1.19251633,1.33086395,1.47983837,1.63050175,1.77928162,1.70831919,1.21495056,1.31897259,1.50070238,1.43929577,1.33301163,1.23256969,1.29423428,1.28744125,1.41297531,2.37604094,3.13262796,1.95598507,1.46958303,0.856934547,0.913473129,1.16437626,0.747722626,0.769816399,0.730932236,0.948371887,1.09605503,1.43302345,1.00489712,0.985424995,1.39220428,0.677762985,0.814311028,1.62496519,0.81857872,1.12210655,1.16596317,1.23700047,1.10115242,1.38720131,1.40212536,2.33767509,2.00329638,0.206463814,0.846272469,0.374091148,0.519012451,0.600169182,0.650242805,0.796181679,0.808440208,1.00828934,0.841780663,1.23805523,0.59718132,0.440768242,0.490293503,0.184276581,0.0868778229,0.441982269,0.0552873611,0.0271520615,0.0513353348,-0.0775928497,-0.0708761215,-0.244460106,-0.310001373,-0.269952774,-0.243728638,-0.233720779,-0.216135025,-0.411133766,-0.327602386,-0.126586914,-0.262518883,-0.321511269
2026-08-22T12:36:28.130+00:00	1571.688	SUBSEG96 protocol=asd-research-v1.0.0 session=1 phase=DET window=59 group=1 segments=8 dims=96 fnv1a=c9a0b0b5 values=-10.4132948,-10.4132948,3.52799082,-10.4132948,-10.4132948,2.44039154,-10.4132948,1.74122953,-10.4132948,1.54937077,1.24087906,-10.4132948,1.24969959,1.53457069,1.81738091,-10.4132948,1.69158554,1.22894669,1.0356741,0.779925346,0.953528404,0.748639107,0.808889389,1.08104038,1.57127857,1.68007803,1.04969597,1.138587,1.77997017,1.43970871,1.22931767,0.950668335,1.11881065,0.941923141,0.942456245,2.4646225,3.26923037,0.777537346,0.739151001,1.21445274,1.04928493,1.29330444,0.661149979,0.750144005,0.623916626,0.684149742,0.988826752FLAGS protocol=asd-quality-v1.5.0 mode=READY state=CALIBRATED_NORMAL waiting=0 learning=0 learned=1 anomaly=0 hold=0 fault=0 green=on red=off guided25_available=1 workflow_pending=DEFAULT research_telemetry=1 profile_persistence_allowed=0 dropped=0
2026-08-22T12:36:28.178+00:00	1571.735	,1.4669075,0.74148941,0.824885368,0.91983223,0.750148773,0.911154747,1.79405785,0.803441048,1.02114868,1.20485973,1.26024723,1.17032433,1.36561394,1.51369476,2.46882915,2.2466898,0.158567429,0.97241497,0.442234993,0.678762436,0.703249931,0.769242287,0.940742493,0.85539341,1.13086987,0.964982033,1.35245132,0.725183487,0.537936211,0.623399734,0.31555748,0.228154182,0.619505882,0.160027504,0.172857285,0.195099831,0.0472126007,0.0881443024,-0.124279976,-0.221849442,-0.129650116,-0.135801315,-0.0989561081,-0.0872888565,-0.301953316,-0.211338997,-0.00905323029,-0.129537582,-0.177227974
2026-08-22T12:36:28.292+00:00	1571.844	SUBSEG96 protocol=asd-research-v1.0.0 session=1 phase=DET window=59 group=2 segments=8 dims=96 fnv1a=1f632336 values=-10.348567,-10.348567,2.01370907,-10.348567,-10.348567,1.43768311,-10.348567,1.73061228,-10.348567,1.90609407,1.34272194,-10.348567,1.06404781,1.30706024,1.29644966,-10.348567,1.09521389,1.32711983,1.37837124,0.952270508,0.753234863,1.1098814,1.13797188,1.3813982,1.5328455,1.49496746,1.15880013,1.36148167,1.01060867,0.974830627,0.949327469,0.956095695,1.35066414,1.17982197,0.841380119,2.55774021,3.32047606,0.729007721,0.733977318,0.797071457,0.934129715,1.49077606,0.687023163,0.744862556,0.772292137,0.833884239,1.153162,1.58400726,0.769965172,0.951350212,0.928430557,0.751702309,0.81248951,1.83402538,0.858895302,1.08771515,1.17872334,1.27038765,1.27870274,1.3884449,1.49769878,2.54721212,2.18456221,0.197896957,1.03869152,0.539008141,0.595866203,0.666575432,0.871778488,0.936641693,0.985785484,1.23416233,1.0080843,1.51814365,0.763385773,0.571657181,0.624163628,0.346349716,0.255172729,0.666603088,0.277091026,0.172662735,0.322120667,0.11906147,0.128580093,-0.0555076599,-0.0945959091,-0.0589952469,-0.00748157501,-0.0405712128,-0.0313520432,-0.234002113,-0.171263695,0.0998716354,-0.0246105194,-0.155761719
2026-08-22T12:36:28.399+00:00	1571.953	SUBSEG96 protocol=asd-research-v1.0.0 session=1 phase=DET window=59 group=3 segments=8 dims=96 fnv1a=ab831e65 values=-10.3778181,-10.3778181,2.09378195,-10.3778181,-10.3778181,1.648911,-10.3778181,1.74965858,-10.3778181,1.80110312,1.13709164,-10.3778181,0.828098297,1.39802074,1.34375095,-10.3778181,1.13928699,1.1472044,1.12291622,1.12094975,1.1486454,1.17605019,1.26778793,1.16054821,1.51255608,1.68689013,1.51894855,1.59507561,1.56719589,1.05788136,1.07758713,1.16830158,1.37833309,0.973059654,1.0300684,2.53434753,3.34427738,0.678250313,0.803371429,0.883330345,0.816693306,1.19787788,0.604416847,0.705410957,0.639787674,0.767824173,1.11224937,1.34569454,0.634973526,0.933494568,1.0277462,0.844899178,0.942932129,1.77514601,0.906517982,1.13516045,0.987278938,1.25973892,1.32252026,1.36126423,1.48130989,2.46537018,2.26006269,0.130019188,1.01884365,0.555911064,0.712112427,0.821797371,0.799736023,0.828790665,0.967945099,1.14156532,1.01340771,1.44609928,0.795968056,0.628915787,0.700584412,0.315514565,0.210242271,0.600653648,0.206618309,0.255457878,0.21033287,0.118196487,0.115093231,-0.0622167587,-0.145894051,-0.129039764,-0.102408409,-0.0481863022,-0.0536880493,-0.287444115,-0.165990829,0.0704574585,-0.117495537,-0.151125908
2026-08-22T12:36:28.507+00:00	1572.063	SUBSEG96 protocol=asd-research-v1.0.0 session=1 phase=DET window=59 group=4 segments=7 dims=96 fnv1a=d4b4113e values=-10.4735842,-10.4735842,2.52559328,-10.4735842,-10.4735842,1.79441786,-10.4735842,2.16124821,-10.4735842,2.37585306,1.94064617,-10.4735842,1.43006325,1.37895393,1.62375641,-10.4735842,1.82572889,1.75060368,1.36563015,1.24485874,1.25768089,1.51699734,1.38301373,1.45937729,1.70155621,1.84648228,1.35549068,1.11319065,1.07107449,1.05535603,1.15037346,0.978434563,1.30658531,1.1049099,0.816417694,2.41385889,3.19564056,0.917796135,0.914573669,0.521396637,0.875029564,1.22231197,0.726469994,0.79642868,0.834403038,0.765329361,0.809623718,1.17623615,0.869889259,0.889133453,0.889780998,0.714770317,0.956978798,1.66568279,0.83415699,0.949458122,1.07001495,1.24165154,0.99094677,1.23365688,1.56401157,2.41913271,2.09753752,0.0693244934,0.923476219,0.352385521,0.57523632,0.70746994,0.613175392,0.799278259,0.910738945,1.06678772,0.972251892,1.31233788,0.719273567,0.499368668,0.592799187,0.257781982,0.239066124,0.501493454,0.172830582,0.0832748413,0.144124031,-0.00160694122,0.0348796844,-0.131465912,-0.203461647,-0.209383011,-0.186092377,-0.0938358307,-0.104468346,-0.340158463,-0.213760376,-0.0138540268,-0.160523415,-0.190366745
2026-08-22T12:36:28.615+00:00	1572.172	SUBSEG96 protocol=asd-research-v1.0.0 session=1 phase=DET window=59 group=5 segments=7 dims=96 fnv1a=67ccb366 values=-10.8056812,-10.8056812,2.59994841,-10.8056812,-10.8056812,2.32964087,-10.8056812,2.13549232,-10.8056812,2.13503504,1.50310707,-10.8056812,1.26241589,1.5547986,1.64155912,-10.8056812,1.48152447,1.17635155,1.21577168,1.12908077,1.44371986,1.57330704,1.82368994,1.99373102,2.077878,1.85381413,1.1937151,1.42642021,1.65956545,1.77212572,1.64469767,1.54254436,1.42831421,1.60736561,1.82183838,2.29289389,2.93888187,2.43345451,1.90744925,0.878644943,1.02842522,0.984042168,0.964061737,0.928165436,0.872255325,1.24426413,1.30599737,1.59435225,1.33000898,1.21115398,1.78979731,0.663669586,0.780771255,1.45663261,0.909211159,1.33532095,1.35593033,1.34505701,1.0587616,1.57821941,1.32554483,2.19215727,1.55523539,0.41566658,0.685495377,0.331075668,0.411904335,0.482842445,0.563585281,0.794431686,0.711921692,0.868185997,0.661229134,0.952248573,0.392560959,0.350729942,0.315060616,0.080534935,-0.0900192261,0.225329399,-0.12976265,-0.14996624,-0.215209961,-0.262609482,-0.311902046,-0.436982155,-0.476169586,-0.419606209,-0.387223244,-0.476654053,-0.392485619,-0.501951218,-0.469708443,-0.372326851,-0.471164703,-0.521584511
2026-08-22T12:36:33.111+00:00	1576.672	FLAGS protocol=asd-quality-v1.5.0 mode=READY state=CALIBRATED_NORMAL waiting=0 learning=0 learned=1 anomaly=0 hold=0 fault=0 green=on red=off guided25_available=1 workflow_pending=DEFAULT research_telemetry=1 profile_persistence_allowed=0 dropped=0
2026-08-22T12:36:37.959+00:00	1581.516	QUALITY protocol=asd-quality-v1.5.0 phase=DET index=60 total=0 result=OK metrics_valid=1 samples=159744 expected=159744 rms_dbfs=-35.960 dc=-0.047 peak=8433 clipped=0 zeros=326 stuck=271 dropped_delta=0 feature_valid=1 tonalness_valid=1 tonalness_proxy=3.072846 tonal_gate=pending_normal_only
2026-08-22T12:36:37.968+00:00	1581.516	DET 60 score=73319.2891 lo=0 hi=4374.05859 led=1 anom=0 total_anom=27 iznad praga (uzastopnih=1 nivo=-36.0 dBFS racun=716 ms)
2026-08-22T12:36:38.099+00:00	1581.657	FEATURE96 protocol=asd-research-v1.0.0 session=1 phase=DET window=60 window_start_ms=1570922 window_end_ms=1580253 score=73319.2891 level_dbfs=-35.9597321 quality=OK tonalness_proxy=3.07284641 dims=96 fnv1a=1e51fc8e values=-11.7054501,-11.7054501,3.07284641,-11.7054501,-11.7054501,2.3001647,-11.7054501,2.44954967,-11.7054501,2.63873625,2.622962,-11.7054501,2.60948324,2.60588598,2.55386782,-11.7054501,2.47724867,2.6507268,2.83834648,2.96397448,3.04482651,3.0604496,2.99527121,2.73405743,2.34136581,2.3135519,2.30754852,1.77496624,2.08769512,2.39092064,2.6630621,2.63402414,2.73659706,2.92325258,2.49170208,2.7590704,3.03173208,2.94841194,2.56875944,1.16671848,2.21434021,1.93356276,1.56162596,1.01390839,1.48586798,1.0313015,1.01861,1.4349947,1.50988483,1.79637861,1.15482616,0.577227592,0.797865391,1.11765385,1.00502872,2.05659008,0.786244392,1.22770452,1.24390364,1.06868267,0.871234894,1.15622377,1.11934757,-0.0616703033,0.309932709,0.20275116,0.092341423,-0.158540726,-0.0926408768,-0.116897583,-0.133085251,-0.062669754,-0.122945786,0.119179726,-0.233222008,-0.393181801,-0.411988258,-0.578997612,-0.675971985,-0.559968948,-0.754372597,-0.723948479,-0.757424355,-0.939881325,-0.910814285,-1.12665462,-1.18490601,-0.977617264,-1.06152058,-1.06371117,-0.920782089,-0.842358589,-1.07322025,-0.944876671,-1.04409885,-1.09342861
2026-08-22T12:36:38.143+00:00	1581.703	SUBSEG96 protocol=asd-research-v1.0.0 session=1 phase=DET window=60 group=1 segments=8 dims=96 fnv1a=f94c77fa values=-11.5749502,-11.5749502,3.48961401,-11.5749502,-11.5749502,2.79833794,-11.5749502,2.99638462,-11.5749502,3.09206867,3.17958164,-11.5749502,3.25383234,3.00605345,2.63291264,-11.5749502,2.30178404,2.0402565,1.52602005,1.62377787,1.71542025,2.19411755,2.84898472,2.44957447FLAGS protocol=asd-quality-v1.5.0 mode=READY state=CALIBRATED_NORMAL waiting=0 learning=0 learned=1 anomaly=0 hold=0 fault=0 green=on red=off guided25_available=1 workflow_pending=DEFAULT research_telemetry=1 profile_persistence_allowed=0 dropped=0
2026-08-22T12:36:38.225+00:00	1581.782	,2.58956766,2.41213655,2.68888044,1.71559668,1.83769464,2.02930212,2.51862144,2.55296421,2.66752195,2.93435764,2.30233574,1.51775408,2.06293869,1.22265148,2.25061893,1.26292038,1.8656683,1.24160385,1.1765523,1.19213963,0.80599308,0.638343811,0.720682144,1.07986641,1.62396336,1.7178874,1.08265972,0.945006371,0.890528679,0.981726646,0.943362236,1.32332039,1.00165796,1.08681631,0.787308216,1.0731349,0.688453197,1.35629129,1.14944887,0.15735054,0.642176151,0.528060913,0.324062347,0.112792969,0.148079872,0.0183086395,0.122673988,0.0830726624,-0.0545568466,0.316608429,0.00116252899,-0.128833771,-0.193500519,-0.311415672,-0.373779297,-0.269206047,-0.410739899,-0.558197975,-0.373555183,-0.592160225,-0.514606476,-0.855010033,-0.848182678,-0.576909065,-0.825385094,-0.813737869,-0.521881104,-0.336654663,-0.602256775,-0.508566856,-0.572286606,-0.70031929
2026-08-22T12:36:38.338+00:00	1581.891	SUBSEG96 protocol=asd-research-v1.0.0 session=1 phase=DET window=60 group=2 segments=8 dims=96 fnv1a=cae68faa values=-10.529623,-10.529623,2.94130039,-10.529623,-10.529623,1.34998894,-10.529623,1.85834646,-10.529623,1.82618761,1.25171947,-10.529623,0.935307503,1.39992142,1.19380951,-10.529623,0.852750778,0.611237526,0.818912506,0.899446487,1.53308392,1.64458513,1.66317415,1.62981129,1.95536137,1.73284721,1.46162891,1.65773296,2.22551918,2.30790663,1.95347166,1.70512009,1.50913382,1.32243347,1.0343132,2.40146494,3.18631697,0.521515846,1.17919064,0.484333038,1.05388355,1.16213608,0.944993973,0.770468712,0.609584808,0.597559929,1.12905693,1.21669769,0.836782455,1.07251167,0.868080139,0.817312241,0.8747015,1.68765497,1.07867527,1.31926727,1.21538162,1.18004036,1.26234531,1.31633472,1.56725931,2.41197062,2.08722782,0.189453125,0.808362961,0.475406647,0.642736435,0.547404289,0.643710136,0.846327782,0.911281586,1.03029251,0.945884705,1.22351933,0.661260605,0.396050453,0.602344513,0.248145103,0.144431114,0.494410515,0.0352525711,0.128787994,0.071231842,-0.0451622009,-0.0626707077,-0.21993351,-0.336881638,-0.281962395,-0.239563942,-0.203338623,-0.199343681,-0.441666603,-0.288983345,-0.0623207092,-0.253457069,-0.301740646
2026-08-22T12:36:38.441+00:00	1582.000	SUBSEG96 protocol=asd-research-v1.0.0 session=1 phase=DET window=60 group=3 segments=8 dims=96 fnv1a=14211d8f values=-11.8996019,-11.8996019,2.80890751,-11.8996019,-11.8996019,0.997029781,-11.8996019,1.21412039,-11.8996019,2.29277229,2.39341021,-11.8996019,2.28486347,2.68342018,2.87143087,-11.8996019,2.89575005,3.10903835,3.31540966,3.44041967,3.52098894,3.52426386,3.39047003,3.12906122,2.50017881,2.59178829,2.47237873,2.1433506,2.47209787,2.80629063,3.04416943,2.76642227,2.93740034,3.27437305,2.91460419,3.22300816,3.47939301,3.42663383,2.99911356,1.51681519,2.62377167,2.34754515,1.96891546,1.24953461,1.93122911,1.45650959,1.40450525,1.83886814,1.70150518,2.18930721,1.50554228,0.638189316,1.10462475,1.44024849,1.3590517,2.50798988,0.969861984,1.60603142,1.6712656,1.38101339,1.19616795,1.16448975,0.738665581,-0.0847682953,0.355525494,0.274197102,0.167877674,-0.258216858,-0.123873711,-0.108743668,-0.245872498,-0.290517807,-0.321668625,-0.14848423,-0.603121758,-0.770299911,-0.754635811,-0.976305962,-1.18638515,-0.834992409,-1.21363544,-1.23757267,-1.23372936,-1.33546543,-1.35282326,-1.61250496,-1.56810379,-1.50025845,-1.47778702,-1.56455803,-1.44999886,-1.53931808,-1.61829185,-1.47025299,-1.5374136,-1.61531353
2026-08-22T12:36:38.555+00:00	1582.110	SUBSEG96 protocol=asd-research-v1.0.0 session=1 phase=DET window=60 group=4 segments=7 dims=96 fnv1a=a22d167b values=-11.4828119,-11.4828119,3.58078146,-11.4828119,-11.4828119,2.94464159,-11.4828119,3.03302145,-11.4828119,3.20074224,2.96403646,-11.4828119,2.75940275,2.8856883,2.61017036,-11.4828119,1.93874884,1.80193043,1.46378517,1.74108076,1.82531595,2.31335831,2.78848219,2.68298531,2.67776251,2.50464058,2.40978718,1.59535408,1.97912025,2.01124525,2.54295588,3.2152462,3.22763634,2.87069178,1.62092352,2.08349848,2.39282084,1.72586632,2.09390497,0.8837924,2.08583641,1.92680645,1.42405796,1.14533424,1.0701232,0.603957176,0.880045414,1.25442743,1.879529,1.41357565,0.77110672,0.779601574,0.766807079,1.00503302,0.754949093,1.48397017,0.919137478,0.952882767,0.535404205,0.998648643,0.743832111,1.01361895,1.4622674,0.249451637,0.517652512,0.191813469,0.107100487,0.0177202225,0.0938930511,-0.00244522095,-0.0242805481,0.173152924,0.15735054,0.358103752,0.0582256317,-0.339110374,-0.135643959,-0.340873718,-0.400346756,-0.346904755,-0.486881256,-0.590592384,-0.769325256,-0.855525017,-0.888245583,-0.783903122,-0.81530571,-0.597604752,-0.616998672,-0.599375725,-0.476202965,-0.367483139,-0.749403954,-0.621468544,-0.746300697,-0.74803257
2026-08-22T12:36:38.658+00:00	1582.219	SUBSEG96 protocol=asd-research-v1.0.0 session=1 phase=DET window=60 group=5 segments=7 dims=96 fnv1a=c628e82d values=-10.8744907,-10.8744907,3.32024622,-10.8744907,-10.8744907,1.52666569,-10.8744907,1.74407339,-10.8744907,1.8342886,1.44219065,-10.8744907,1.00794888,1.7441802,1.5730257,-10.8744907,0.927251816,0.669866562,0.582620621,0.499278069,0.895298958,1.47642374,1.78875828,1.67788935,1.53567505,1.54814672,1.20295238,1.40141249,1.62601089,2.20897961,2.23300552,1.4638896,1.54246998,1.978302,2.14269686,1.87349558,2.77462626,0.997940063,1.01194382,0.629015923,1.09218502,1.02421474,1.17246819,1.19586229,0.771384239,0.748762131,0.940562248,1.19309568,1.45778084,1.264359,1.60652924,0.901790619,0.673656464,1.43756485,1.19638252,1.5412631,1.08458138,1.2626915,1.26591969,1.31574678,1.13579798,1.65060902,2.1935091,0.756467819,0.762734413,0.939666748,0.909543991,0.729818344,0.719134331,0.701880455,0.657632828,0.851861954,0.812445641,1.00043392,0.757533073,0.733493805,0.532104492,0.455358505,0.344168663,0.264295578,0.210920334,0.465726852,0.300663948,0.0670890808,0.0983381271,-0.172050476,-0.394120216,-0.169841766,-0.184084892,-0.206450462,-0.237649918,-0.432971001,-0.4034338,-0.243735313,-0.376115799,-0.262266159
2026-08-22T12:36:43.120+00:00	1586.672	FLAGS protocol=asd-quality-v1.5.0 mode=READY state=CALIBRATED_NORMAL waiting=0 learning=0 learned=1 anomaly=0 hold=0 fault=0 green=on red=off guided25_available=1 workflow_pending=DEFAULT research_telemetry=1 profile_persistence_allowed=0 dropped=0
2026-08-22T12:36:47.931+00:00	1591.485	QUALITY protocol=asd-quality-v1.5.0 phase=DET index=61 total=0 result=OK metrics_valid=1 samples=159744 expected=159744 rms_dbfs=-46.910 dc=-0.405 peak=742 clipped=0 zeros=422 stuck=249 dropped_delta=0 feature_valid=1 tonalness_valid=1 tonalness_proxy=3.041883 tonal_gate=pending_normal_only
2026-08-22T12:36:47.941+00:00	1591.500	DET 61 score=6137.1377 lo=0 hi=4374.05859 led=1 anom=0 total_anom=27 iznad praga (uzastopnih=2 nivo=-46.9 dBFS racun=716 ms)
2026-08-22T12:36:48.074+00:00	1591.625	FEATURE96 protocol=asd-research-v1.0.0 session=1 phase=DET window=61 window_start_ms=1580962 window_end_ms=1590227 score=6137.1377 level_dbfs=-46.9103088 quality=OK tonalness_proxy=3.04188251 dims=96 fnv1a=26316c39 values=-10.6490145,-10.6490145,2.48353338,-10.6490145,-10.6490145,1.43840122,-10.6490145,1.60982656,-10.6490145,1.61540985,1.01658249,-10.6490145,1.06417084,1.48762417,1.32714558,-10.6490145,0.995814323,0.82694912,0.864453316,0.743965149,1.15895081,1.47441053,1.61261702,1.67143965,1.75341368,1.72827816,1.21171761,1.30436897,1.58941078,1.77622986,1.82050133,1.6876936,1.55922937,1.92583513,1.78930616,2.36235762,3.04188251,1.08009243,1.26222706,0.936473846,1.15058041,1.28590775,1.19793415,1.26219082,0.637646675,0.547039032,0.833948135,1.19452,1.38374043,1.2766695,1.48739243,0.914079666,0.72605896,1.60938835,1.05191708,1.22815132,0.948172569,1.46549702,1.22547054,1.35766125,1.31992245,2.32233191,1.95809937,0.240495682,0.762472153,0.653842926,0.763437271,0.783061028,0.692193031,0.724094391,0.852445602,0.975748062,0.882951736,1.10504246,0.653634071,0.603116989,0.558469772,0.329501152,0.221883774,0.395833015,0.0869579315,0.0903539658,0.164620399,-0.0317001343,-0.0557870865,-0.23587513,-0.305790901,-0.222023964,-0.284668922,-0.295850754,-0.212679863,-0.404101372,-0.200590134,-0.126817703,-0.258897781,-0.317894936
2026-08-22T12:36:48.156+00:00	1591.703	SUBSEG96 protocol=asd-research-v1.0.0 session=1 phase=DET window=61 group=1 segments=8 dims=96 fnv1a=b7762ec9 values=-10.7235613,-10.7235613,2.49487877,-10.7235613,-10.7235613,1.42026281,-10.7235613,1.56853914,-10.7235613,1.49039745,0.810232162,-10.7235613,0.877900124,1.24124908,1.0443697,-10.7235613,0.815595627,0.748940468,0.904885292,0.831809044,1.04639149,1.38369751,1.57822704,1.55106592,1.91047001,1.72613811,1.24645233,1.35345078,1.55351591,1.91854906,1.76268435,1.70589447,1.46383476,1.86396933,1.97113276,2.19601107,3.05075407,1.15983295,1.08353233,0.790821075,1.19217205,1.26121235,1.20422268,1.20150089,0.788901329,0.535719872,0.81273365,1.16948509,1.4052887,1.33562279,1.81138325,1.2239275,0.767086983,1.62539101,1.38761616,1.47123098,1.01556301,1.48674917FLAGS protocol=asd-quality-v1.5.0 mode=READY state=CALIBRATED_NORMAL waiting=0 learning=0 learned=1 anomaly=0 hold=0 fault=0 green=on red=off guided25_available=1 workflow_pending=DEFAULT research_telemetry=1 profile_persistence_allowed=0 dropped=0
2026-08-22T12:36:48.190+00:00	1591.750	,1.34083891,1.512887,1.28420973,2.02089357,2.3186388,0.345859528,0.793888092,0.801908493,0.928264618,0.863101959,0.926961899,0.630519867,0.919540405,0.986838341,0.806735992,1.07035446,0.638022423,0.485030174,0.541669846,0.229422569,0.188947678,0.205477715,0.0791940689,0.0988283157,0.116189003,-0.0324640274,-0.143198013,-0.173174858,-0.221035957,-0.101944923,-0.306925774,-0.262138367,-0.139797211,-0.41852951,-0.123511314,-0.0673160553,-0.272356987,-0.344596863
2026-08-22T12:36:48.306+00:00	1591.860	SUBSEG96 protocol=asd-research-v1.0.0 session=1 phase=DET window=61 group=2 segments=8 dims=96 fnv1a=01a5287d values=-10.8201628,-10.8201628,2.67608261,-10.8201628,-10.8201628,1.50578308,-10.8201628,1.58896685,-10.8201628,1.75686836,1.2184267,-10.8201628,1.30181408,1.59750223,1.35910177,-10.8201628,1.01946163,0.921072006,0.841602325,0.428538322,1.38298559,1.7445941,1.80657387,1.88097954,1.63171577,1.60540295,1.16734886,1.48159695,1.81337929,1.77522802,2.09833527,1.88906193,1.79619741,2.19661903,1.90911961,2.23658848,2.83545876,1.24690247,1.53794098,1.0895071,1.32294369,1.42817879,1.40294504,1.52050972,0.633451462,0.458295822,0.621153831,1.08665276,1.68335342,1.43567753,1.37999249,0.73932457,0.654477119,1.43748045,0.783254623,1.16520309,0.920912743,1.62894773,1.26043081,1.22954702,1.13160038,2.28924656,1.52346087,0.229468346,0.731559753,0.735795021,0.826444626,0.785291672,0.475247383,0.532755852,0.751865387,0.878052711,0.813144684,1.02782726,0.645987511,0.717246056,0.612206459,0.460439682,0.328889847,0.380096436,0.0766744614,0.112454414,0.246798515,-0.0705928802,0.00778865814,-0.330733299,-0.359297752,-0.318511009,-0.409313202,-0.415697098,-0.31549263,-0.456765175,-0.375166893,-0.207914352,-0.334875107,-0.298150063
2026-08-22T12:36:48.412+00:00	1591.969	SUBSEG96 protocol=asd-research-v1.0.0 session=1 phase=DET window=61 group=3 segments=8 dims=96 fnv1a=2b0e8abf values=-10.5514355,-10.5514355,2.60322285,-10.5514355,-10.5514355,1.34148121,-10.5514355,1.652596,-10.5514355,1.63092041,1.017272,-10.5514355,0.652770996,1.31722546,1.33714008,-10.5514355,1.18082237,0.932837486,0.906308174,0.744346619,1.11059189,1.45658064,1.6512866,1.69749641,1.8369956,1.95659161,1.33487606,0.975215912,1.56938076,1.92542458,1.68551207,1.77578449,1.5548296,1.90747833,1.80805826,2.56706715,3.13359833,0.971718788,1.1613512,1.0854435,1.153368,1.20704365,1.2142086,1.19089508,0.582262993,0.688835144,1.05655384,1.25914669,0.964988708,1.18373203,1.4098711,0.874344826,0.690356255,1.68038273,0.966977119,1.21562481,0.853197098,1.2729187,1.22781563,1.31342888,1.32970238,2.47408247,1.54759264,0.234440804,0.685517311,0.442873955,0.570731163,0.76172924,0.615244865,0.878237724,0.870711327,0.99132061,0.954737663,1.15450382,0.654216766,0.606407166,0.519145966,0.297602654,0.137389183,0.480389595,0.114076614,0.0575370789,0.144104958,-0.0240659714,-0.0275392532,-0.233428955,-0.300340652,-0.218316078,-0.207438469,-0.2725811,-0.253974915,-0.347071648,-0.0577754974,-0.115688324,-0.23289299,-0.307975769
2026-08-22T12:36:48.519+00:00	1592.078	SUBSEG96 protocol=asd-research-v1.0.0 session=1 phase=DET window=61 group=4 segments=7 dims=96 fnv1a=7c2ccba2 values=-10.3823328,-10.3823328,1.7133069,-10.3823328,-10.3823328,1.51877499,-10.3823328,1.64175034,-10.3823328,1.5346241,1.03866005,-10.3823328,0.839592934,1.36860371,1.50857353,-10.3823328,1.1326313,0.722716331,0.851634026,0.984127998,0.935372353,0.827133179,1.37343884,1.57905197,1.72790241,1.77589226,1.23057652,1.15523815,1.41503906,1.69199848,1.50204277,1.03047466,0.960302353,1.13234997,0.875227928,2.50770092,3.28866291,0.911601067,1.11955166,0.755951881,0.750047684,1.33741951,0.864243507,0.899583817,0.536245346,0.718712807,1.10220814,1.46536064,0.805958748,1.16565323,1.21215916,0.690739632,0.926548004,1.81433868,0.998529434,1.02295876,0.98147583,1.4080143,1.16639423,1.45898628,1.61412239,2.53131151,2.19412708,0.345654488,0.906581879,0.532539368,0.680663109,0.822041512,0.807442665,0.976910591,1.02815628,1.13549614,1.11199474,1.32168674,0.779019356,0.572462082,0.692574501,0.412148476,0.322740555,0.625776291,0.209134102,0.143527031,0.244272232,0.129939079,0.0572271347,-0.0567178726,-0.215349197,-0.109737396,-0.0892696381,-0.0926322937,-0.0276327133,-0.236298561,-0.0654153824,0.0507335663,-0.0613670349,-0.21120739
2026-08-22T12:36:48.629+00:00	1592.188	SUBSEG96 protocol=asd-research-v1.0.0 session=1 phase=DET window=61 group=5 segments=7 dims=96 fnv1a=6684a8bf values=-10.3773918,-10.3773918,1.75887823,-10.3773918,-10.3773918,1.59448147,-10.3773918,1.87689447,-10.3773918,1.71197987,0.894083023,-10.3773918,1.30839157,1.92009926,1.65598392,-10.3773918,1.04815388,0.876087189,1.03951931,1.05431557,1.03517723,0.981684685,1.21875572,1.33665943,1.79068089,1.81482506,1.29696941,1.31530571,0.889521599,1.13324642,1.08525944,0.871168137,1.40424728,1.3045435,1.11693001,2.64082813,3.27123642,0.715788841,0.87289238,0.814390182,0.870595932,1.18516064,0.602495193,0.75631237,0.68433857,0.635634422,0.861652374,1.34501076,0.778635979,0.986139297,1.04493523,0.752864838,0.901021004,1.85294199,0.863917351,1.06005192,1.1902895,1.41314983,1.13230133,1.48601437,1.6254468,2.59825373,1.83898401,0.172132492,0.974971771,0.626756668,0.691046715,0.855668068,0.742032051,0.983987808,0.991779327,1.22746181,1.08549023,1.30242634,0.83796978,0.759170532,0.632378578,0.346876144,0.248060226,0.617168427,0.234717369,0.26697731,0.24654007,0.148493767,0.048833847,-0.0816631317,-0.19530201,-0.130336761,-0.0453624725,-0.0953998566,-0.0233125687,-0.241863251,-0.104672432,-0.000741958618,-0.0486421585,-0.169425964
2026-08-22T12:36:53.131+00:00	1596.688	FLAGS protocol=asd-quality-v1.5.0 mode=READY state=CALIBRATED_NORMAL waiting=0 learning=0 learned=1 anomaly=0 hold=0 fault=0 green=on red=off guided25_available=1 workflow_pending=DEFAULT research_telemetry=1 profile_persistence_allowed=0 dropped=0
2026-08-22T12:36:57.906+00:00	1601.453	QUALITY protocol=asd-quality-v1.5.0 phase=DET index=62 total=0 result=OK metrics_valid=1 samples=159744 expected=159744 rms_dbfs=-47.589 dc=-0.489 peak=460 clipped=0 zeros=422 stuck=247 dropped_delta=0 feature_valid=1 tonalness_valid=1 tonalness_proxy=3.298460 tonal_gate=pending_normal_only
2026-08-22T12:36:57.915+00:00	1601.469	DET 62 score=652.097961 lo=0 hi=4374.05859 led=1 anom=0 total_anom=27 normal (uzastopnih=0 nivo=-47.6 dBFS racun=716 ms)
2026-08-22T12:36:58.043+00:00	1601.594	FEATURE96 protocol=asd-research-v1.0.0 session=1 phase=DET window=62 window_start_ms=1590932 window_end_ms=1600201 score=652.097961 level_dbfs=-47.5890961 quality=OK tonalness_proxy=3.29845953 dims=96 fnv1a=d02fc98f values=-10.3383007,-10.3383007,1.18576908,-10.3383007,-10.3383007,1.40135956,-10.3383007,1.76405668,-10.3383007,1.54122066,0.960888863,-10.3383007,1.20531654,1.57935333,1.42865753,-10.3383007,1.10038948,0.856455803,0.783426285,0.861326218,0.875814438,0.860279083,1.00585651,1.23472023,1.72919798,1.97797537,1.47807217,1.2831192,1.37845993,0.968850136,1.16853046,1.00391674,1.27619743,1.0696516,1.01286411,2.70321894,3.29845953,0.72834301,0.779624939,0.899829865,1.01309776,1.33550549,0.769666672,0.760446548,0.627889633,0.894611359,1.18984318,1.46781826,0.8813591,0.983831406,1.01839066,0.850280762,0.947648048,1.87521887,0.88584137,1.14603329,1.09103584,1.30349255,1.28726006,1.48445511,1.62358952,2.51748514,1.66562462,0.26102066,0.960813522,0.605072021,0.693762779,0.836218834,0.798776627,0.97465229,0.997190475,1.22547054,1.09263325,1.34434032,0.860439301,0.776213646,0.608459473,0.390295029,0.290645599,0.718375206,0.248806953,0.255073547,0.292556763,0.133238792,0.144795418,-0.0846939087,-0.10888958,-0.0606498718,-0.000621795654,-0.100502968,0.00640487671,-0.239350319,-0.0895185471,0.0168447495,-0.0286493301,-0.134388924
2026-08-22T12:36:58.174+00:00	1601.735	SUBSEG96 protocol=asd-research-v1.0.0 session=1 phase=DET window=62 group=1 segments=8 dims=96 fnv1a=a5cb82be values=-10.3057756,-10.3057756,1.16244793,-10.3057756,-10.3057756,1.66244507,-10.3057756,1.75912952,-10.3057756,1.54025269,0.606042862,-10.3057756,1.18821907,1.75677729,1.47662354,-10.3057756,1.21098137,1.06542206,0.712608337,0.914362907,0.888663292,0.809700966,0.848461151,1.24748898,1.43979168,1.71882248,1.39034748,1.16099072,1.06948948,1.07275009,1.19924164,0.958705902,1.36734486,1.19808006,0.941683769,2.80286932,3.27423763,0.74587822,0.937524796,1.00535774,1.00732422,1.28413963,0.789082527,0.839400291,0.621014595,0.940211296,1.30580139,1.45363045,0.884145737,1.1157465,1.02813625,0.782707214,0.921713829,1.9350543,0.952225685,0.980016708,1.00697994,1.41111851,1.24092293,1.41111374,1.67243481,2.61006451,0.968191147,0.235372543,0.995768547,0.685881615,0.700211525,0.828249931,0.848587036,0.999099731,1.00036144,1.21114445,1.09305096,1.35770512,0.941045761,0.851173401,0.45694828,0.429958344,0.291222572,0.695425034,0.236223221,0.28725338,0.303445816,0.178362846,0.13081646,-0.0647439957,-0.0816860199,-0.0640821457,0.058177948,-0.142131805FLAGS protocol=asd-quality-v1.5.0 mode=READY state=CALIBRATED_NORMAL waiting=0 learning=0 learned=1 anomaly=0 hold=0 fault=0 green=on red=off guided25_available=1 workflow_pending=DEFAULT research_telemetry=1 profile_persistence_allowed=0 dropped=0
2026-08-22T12:36:58.175+00:00	1601.735	,0.0366926193,-0.228977203,-0.0369873047,0.0198717117,-0.0278892517,-0.0730257034
2026-08-22T12:36:58.282+00:00	1601.844	SUBSEG96 protocol=asd-research-v1.0.0 session=1 phase=DET window=62 group=2 segments=8 dims=96 fnv1a=c1dfbe88 values=-10.3267899,-10.3267899,1.05359745,-10.3267899,-10.3267899,1.35925102,-10.3267899,1.69972134,-10.3267899,1.28139114,0.987428665,-10.3267899,1.1240263,1.55322075,1.52629662,-10.3267899,1.15260696,0.737644196,0.544775009,0.593622208,0.823535919,0.912757874,0.951856613,1.23911095,1.95006084,2.19709158,1.71499157,1.50607014,1.6201849,0.920978546,1.07133579,0.970163345,1.32234859,1.25061512,1.08602238,2.70208311,3.28955078,0.679916382,0.632671356,0.798553467,0.848125458,1.31961918,0.735836983,0.758158684,0.555582047,0.868723869,1.16200256,1.48892117,0.842844009,0.935088158,1.08863258,0.974520683,1.02697468,1.86989498,0.902890205,1.19913101,1.07126522,1.27618504,1.31348991,1.57797527,1.59094524,2.57273531,1.40732765,0.309989929,0.992114067,0.643530846,0.659374237,0.825848579,0.87930584,0.89877224,0.973573685,1.25372314,0.98580265,1.38617229,0.894460678,0.817910194,0.56947422,0.403973579,0.318289757,0.726349831,0.287671089,0.226777077,0.335956573,0.129007339,0.163069725,-0.128363609,-0.0849275589,0.00159740448,-0.011138916,-0.129079819,0.0244245529,-0.235564232,-0.0829563141,0.0360651016,0.000308036804,-0.0977602005
2026-08-22T12:36:58.389+00:00	1601.938	SUBSEG96 protocol=asd-research-v1.0.0 session=1 phase=DET window=62 group=3 segments=8 dims=96 fnv1a=1de2ac25 values=-10.3282309,-10.3282309,1.22353268,-10.3282309,-10.3282309,1.30547047,-10.3282309,1.75453091,-10.3282309,1.6336832,1.04290867,-10.3282309,1.14275265,1.47997284,1.14286518,-10.3282309,0.85033226,0.763308525,0.785017014,0.847746849,0.86704731,0.892338753,1.06337738,1.21043301,1.6598978,1.90929699,1.49702358,1.16176033,1.31602669,0.805670738,1.22817993,0.975324631,1.11058712,0.784290314,0.961548805,2.60884237,3.38049793,0.881136894,0.759464264,0.934153557,0.998555183,1.37094307,0.843561172,0.858690262,0.681306839,0.919250488,1.09134769,1.5344677,0.913640022,1.03974342,1.11744595,0.82478714,0.927327156,1.85271454,0.816972733,1.13000393,1.19699764,1.24723721,1.36950207,1.4903183,1.67049217,2.45840311,2.10524511,0.264389992,0.969492912,0.559103012,0.757998466,0.810613632,0.769738197,1.03920555,1.00975895,1.24110603,1.17434216,1.39498425,0.881244659,0.626425743,0.745193481,0.410318375,0.295103073,0.669812202,0.266220093,0.296027184,0.31811142,0.161369324,0.171315193,-0.0153465271,-0.0911550522,-0.0908975601,-0.0190477371,-0.00992488861,-0.0139045715,-0.215183258,-0.0650558472,0.042470932,-0.0309314728,-0.135184288
2026-08-22T12:36:58.496+00:00	1602.047	SUBSEG96 protocol=asd-research-v1.0.0 session=1 phase=DET window=62 group=4 segments=7 dims=96 fnv1a=150414ab values=-10.3510141,-10.3510141,1.37700462,-10.3510141,-10.3510141,1.37022781,-10.3510141,1.75461102,-10.3510141,1.53275108,0.935365677,-10.3510141,0.992378235,1.37004471,1.47741222,-10.3510141,1.17132092,0.955165863,1.08588409,1.10639477,1.0375309,0.936022758,0.872109413,1.29855633,1.80251694,1.95503569,1.23670387,1.18485737,1.41278172,0.972989082,1.23588848,1.13467216,1.24796391,1.02777767,1.08663082,2.65566874,3.29993105,0.75649929,0.809433937,0.971417427,1.05464554,1.29153633,0.817343712,0.639116287,0.667805672,0.87614727,1.2154398,1.40412331,0.772756577,0.886777878,0.986234665,0.891931534,0.917832375,1.87823391,0.862873077,1.19069767,1.09196758,1.33600807,1.22069168,1.52010727,1.6466732,2.49606848,1.72247219,0.271742821,0.917772293,0.574690819,0.645974159,0.890795708,0.721362114,0.955768585,0.970907211,1.25371456,1.10531235,1.33286953,0.798647881,0.698795319,0.668229103,0.359320641,0.30437088,0.774675369,0.255674362,0.255447388,0.286832809,0.130840302,0.12539959,-0.103103638,-0.19319725,-0.0582675934,-0.0225820541,-0.0837440491,0.0336046219,-0.238907814,-0.114741325,0.00594997406,-0.000893592834,-0.166131973
2026-08-22T12:36:58.603+00:00	1602.157	SUBSEG96 protocol=asd-research-v1.0.0 session=1 phase=DET window=62 group=5 segments=7 dims=96 fnv1a=ab32e724 values=-10.3326178,-10.3326178,1.08643341,-10.3326178,-10.3326178,1.20645809,-10.3326178,1.89045525,-10.3326178,1.68275404,1.13013363,-10.3326178,1.48715305,1.6857295,1.48375416,-10.3326178,1.09070492,0.689982414,0.633172035,0.734395027,0.762867928,0.769442558,1.23584843,1.2242918,1.67049456,2.01358557,1.4304781,1.33130932,1.3309145,1.08116531,1.13666058,1.01233006,1.34456539,0.97903347,1.01800728,2.77454138,3.28336763,0.542086601,0.758851051,0.793312073,1.16738129,1.44544029,0.687661171,0.706048012,0.655140877,0.914615631,1.20306206,1.49168301,1.01354122,0.945409775,0.854535103,0.786938667,0.981349945,1.88735914,0.935259819,1.24158764,1.1113224,1.27955914,1.31840706,1.44578743,1.57357883,2.47619677,1.22171688,0.267734528,0.971420288,0.597824097,0.743592262,0.875499725,0.801659584,1.01805115,1.0775671,1.21266556,1.13529205,1.28041172,0.812407494,0.892752647,0.592577934,0.391620636,0.291833878,0.772660255,0.242536545,0.254714966,0.257642746,0.109489441,0.179566383,-0.0726003647,-0.0569829941,-0.0484428406,0.0380382538,-0.104850769,-0.00133419037,-0.229982376,-0.106592178,0.0262908936,-0.0370254517,-0.162754059
2026-08-22T12:37:03.141+00:00	1606.703	FLAGS protocol=asd-quality-v1.5.0 mode=READY state=CALIBRATED_NORMAL waiting=0 learning=0 learned=1 anomaly=0 hold=0 fault=0 green=on red=off guided25_available=1 workflow_pending=DEFAULT research_telemetry=1 profile_persistence_allowed=0 dropped=0
2026-08-22T12:37:07.880+00:00	1611.438	QUALITY protocol=asd-quality-v1.5.0 phase=DET index=63 total=0 result=OK metrics_valid=1 samples=159744 expected=159744 rms_dbfs=-47.115 dc=-0.494 peak=563 clipped=0 zeros=418 stuck=235 dropped_delta=0 feature_valid=1 tonalness_valid=1 tonalness_proxy=3.215611 tonal_gate=pending_normal_only
2026-08-22T12:37:07.889+00:00	1611.438	DET 63 score=941.121643 lo=0 hi=4374.05859 led=1 anom=0 total_anom=27 normal (uzastopnih=0 nivo=-47.1 dBFS racun=716 ms)
2026-08-22T12:37:08.019+00:00	1611.578	FEATURE96 protocol=asd-research-v1.0.0 session=1 phase=DET window=63 window_start_ms=1600912 window_end_ms=1610176 score=941.121643 level_dbfs=-47.1148109 quality=OK tonalness_proxy=3.21561146 dims=96 fnv1a=a7132791 values=-10.3829803,-10.3829803,1.62064171,-10.3829803,-10.3829803,2.21750927,-10.3829803,2.51846027,-10.3829803,2.01563883,0.970616341,-10.3829803,1.35870075,1.95841217,1.71871567,-10.3829803,1.08762169,1.08008862,1.22172642,0.959937096,0.842315674,0.920781136,1.07164764,1.23107719,1.69766426,1.96756363,1.39176559,0.998901367,1.06213379,1.0680151,1.02182579,0.864735603,1.30215931,0.971901894,0.861168861,2.73278427,3.21561146,0.696736336,0.783009529,0.868460655,1.00011635,1.24740124,0.652926445,0.617030144,0.708744049,0.81149292,1.01753521,1.36100101,0.773612022,0.939448357,0.943799019,0.8551054,0.949826241,1.81573629,0.848417282,1.02734852,1.09048462,1.30033398,1.21761894,1.48383522,1.63709211,2.4103775,1.51941204,0.390517235,1.01749229,0.519370079,0.654500961,0.736227036,0.741806984,0.961607933,0.950615883,1.18597126,1.13593197,1.17875671,0.776049614,0.795066833,0.532926559,0.348323822,0.273594856,0.658163071,0.202375412,0.18638134,0.262214661,0.0950059891,0.0832948685,-0.145877838,-0.126589775,-0.119653702,-0.0210285187,-0.146723747,-0.0100755692,-0.254246712,-0.138777733,0.0145692825,-0.0838060379,-0.11706543
2026-08-22T12:37:08.125+00:00	1611.688	SUBSEG96 protocol=asd-research-v1.0.0 session=1 phase=DET window=63 group=1 segments=8 dims=96 fnv1a=3cbb4f55 values=-10.3352251,-10.3352251,1.07986736,-10.3352251,-10.3352251,1.88045883,-10.3352251,2.1451354,-10.3352251,1.62812901,0.985583305,-10.3352251,1.05896378,1.63549805,1.57888985,-10.3352251,1.36407661,0.879491806,0.81230545,0.704737663,0.753396988,0.966004372,1.17335415,1.42615509,1.68962765,1.93630362,1.55077362,0.931715965,1.19511509,1.3973484,1.20806217,0.85682106,1.46573544,0.958836555,0.921072006,2.81635952,3.22474909,0.624064445,0.774622917,0.828026772,1.2142849,1.22389412,0.65821743,0.570287704,0.767116547,0.901655197,0.999747276,1.45111752,0.789859772,0.943248749,1.00076103,0.843083382,1.10772705,1.88022804,0.961230278,1.17155361,1.16070557,1.32292366,1.19895363,1.43200684,1.61451149,2.47227097,0.876473427,0.338300705,1.00707817,0.63916111,0.69618988,0.717342377,0.717457771,1.13187599,1.00969601,1.23613262,1.1606741,1.16560173,0.792392731,0.906459808,0.440033913,0.373641014,0.347096443,0.702272415,0.244192123,0.20524025,0.28771019,0.150695801,0.0978832245,-0.145475388,-0.113051414,-0.0852193832,0.0855789185,-0.132287979,0.051692009,-0.238446236,-0.0769815445,0.0763254166,-0.04529953,-0.0749979019
2026-08-22T12:37:08.176+00:00	1611.735	SUBSEG96 protocol=asd-research-v1.0.0 session=1 phase=DET window=63 group=2 segments=8 dims=96 fnv1a=cdfc5371 values=-10.4121847,-10.4121847,1.60374641,-10.4121847,-10.4121847,2.45720387,-10.4121847,2.68627644,-10.4121847,2.04058266,0.947165489,-10.4121847,1.79936266,2.30867338,1.89789772,-10.4121847,1.14548683,1.52152348,1.74252081,1.3256464,0.81916523,1.10216808,1.0061264,1.04103565FLAGS protocol=asd-quality-v1.5.0 mode=READY state=CALIBRATED_NORMAL waiting=0 learning=0 learned=1 anomaly=0 hold=0 fault=0 green=on red=off guided25_available=1 workflow_pending=DEFAULT research_telemetry=1 profile_persistence_allowed=0 dropped=0
2026-08-22T12:37:08.250+00:00	1611.813	,1.8990345,2.28688383,1.54836464,0.953372002,0.88705349,1.07262611,1.08626842,0.849584579,1.30731678,0.812653542,0.680541992,2.82649994,3.13270283,0.538596153,0.898403168,0.882122993,0.985225677,1.140728,0.844798088,0.597947121,0.777950287,0.695743561,0.957745552,1.31729698,0.83368969,0.993327141,0.886142731,0.83574295,0.748005867,1.75966215,0.936009407,0.968361855,1.01850986,1.17610168,1.09954643,1.42179108,1.65524817,2.35011435,0.760047913,0.283389091,0.950090408,0.466262817,0.603052139,0.76876545,0.776264191,0.854897499,0.835246086,1.18363762,1.21322823,1.07037449,0.753325462,0.821070671,0.376172066,0.295125961,0.218715668,0.63098526,0.158297539,0.151643753,0.229994774,0.0374965668,0.0747795105,-0.158668518,-0.159657478,-0.141901016,-0.00270271301,-0.1795578,-0.00394821167,-0.273848534,-0.16576767,-0.0284633636,-0.163474083,-0.043756485
2026-08-22T12:37:08.361+00:00	1611.922	SUBSEG96 protocol=asd-research-v1.0.0 session=1 phase=DET window=63 group=3 segments=8 dims=96 fnv1a=7b50ddca values=-10.298316,-10.298316,1.51844311,-10.298316,-10.298316,1.42683983,-10.298316,1.81886864,-10.298316,1.36724663,1.0331955,-10.298316,0.827991486,1.46806431,1.30090046,-10.298316,0.84318924,0.771578789,0.862199783,0.782773018,0.95279789,0.957695007,1.10360813,1.21872234,1.59534645,1.77220869,1.11142635,1.16009235,1.20958233,1.05853081,0.785582542,0.823346138,1.44745541,1.14317799,1.08441257,2.86825514,3.27860785,0.908276558,0.733693123,0.999473572,0.987678528,1.40144157,0.705293655,0.806075096,0.713891029,1.04569149,1.22684097,1.44598484,0.853339195,1.04239273,1.06008339,0.760461807,0.993876457,1.90404558,0.78531456,1.05940533,1.04931545,1.32015896,1.26877499,1.61459637,1.60245705,2.48962212,0.92506218,0.337379456,1.15537548,0.651651382,0.751046181,0.865793228,0.823225975,1.02625179,1.0306015,1.23680878,1.19984055,1.33629036,0.86948204,0.94342041,0.507289886,0.44334507,0.370989799,0.704318047,0.303920746,0.266165733,0.364935875,0.138790131,0.148923874,-0.0604400635,-0.0298366547,-0.0746898651,0.0714378357,-0.0885572433,0.0698051453,-0.170193672,-0.0747013092,0.0650253296,-0.0316305161,-0.0607919693
2026-08-22T12:37:08.471+00:00	1612.032	SUBSEG96 protocol=asd-research-v1.0.0 session=1 phase=DET window=63 group=4 segments=7 dims=96 fnv1a=6b72e682 values=-10.2989893,-10.2989893,1.28001976,-10.2989893,-10.2989893,1.46806812,-10.2989893,1.73630905,-10.2989893,1.38483524,0.714495659,-10.2989893,0.712659836,1.47776985,1.45260715,-10.2989893,1.05688477,0.946732521,0.84024334,0.939509392,0.953635216,0.731535912,0.935319901,1.06462288,1.68580818,1.68172455,1.30167198,1.19301987,1.13419056,0.938075066,1.1045351,1.01890755,1.22157955,0.986434937,0.876077652,2.7075429,3.38059616,0.824040413,0.714591026,0.807228088,1.07139874,1.48191738,0.489345551,0.74105072,0.738438606,0.696698189,1.08696938,1.42026234,0.820385933,1.06196594,0.980259895,0.972424507,1.02585125,1.88828993,0.915795326,1.0625906,1.21338654,1.33953285,1.34852123,1.57328415,1.73858356,2.53882599,1.91753006,0.617131233,1.10552883,0.48901844,0.715514183,0.769201279,0.780100822,1.01583576,1.09208298,1.2485323,1.13109875,1.23172188,0.851839066,0.795639992,0.670060158,0.425868034,0.322571754,0.756833076,0.246554375,0.330154419,0.337030411,0.24311161,0.14837265,-0.0769805908,-0.0433988571,0.00839710236,-0.0167951584,-0.0708236694,0.0366973877,-0.144093513,-0.0616397858,0.0929508209,0.0471534729,-0.0981454849
2026-08-22T12:37:08.577+00:00	1612.125	SUBSEG96 protocol=asd-research-v1.0.0 session=1 phase=DET window=63 group=5 segments=7 dims=96 fnv1a=184c6f72 values=-10.4064131,-10.4064131,2.05032682,-10.4064131,-10.4064131,2.59816551,-10.4064131,2.95325851,-10.4064131,2.51207352,1.16926575,-10.4064131,1.36871624,2.1463871,2.00363541,-10.4064131,0.963706017,0.58459568,0.543403625,0.722314835,0.882433891,0.841550827,1.21523666,1.40054607,1.64507866,1.89811563,1.38371849,0.878052711,1.00606918,0.722576141,0.950557709,0.924960136,1.12431812,1.07578373,0.846971512,2.49354029,3.22591305,0.705797195,0.868959427,0.940886497,0.812927246,1.09755993,0.56618309,0.490935326,0.680856705,0.782289505,0.943915367,1.32654858,0.711209297,0.777645111,0.947855949,0.986272812,0.992763519,1.80934715,0.743958473,1.01595497,1.16056442,1.46595573,1.32269955,1.53110313,1.71834755,2.36349726,1.9244895,0.495708466,1.02794456,0.475507736,0.669589043,0.701497078,0.760864258,0.907618523,0.946807861,1.18558216,1.10358143,1.23457146,0.777086258,0.590499878,0.748336792,0.368697166,0.266887665,0.662816048,0.218871117,0.142142296,0.25472641,0.069231987,0.109037399,-0.125494957,-0.12214756,-0.139137268,-0.115537643,-0.0982656479,-0.0510959625,-0.279841423,-0.151414871,0.0316467285,-0.0589447021,-0.175731659
2026-08-22T12:37:13.150+00:00	1616.703	FLAGS protocol=asd-quality-v1.5.0 mode=READY state=CALIBRATED_NORMAL waiting=0 learning=0 learned=1 anomaly=0 hold=0 fault=0 green=on red=off guided25_available=1 workflow_pending=DEFAULT research_telemetry=1 profile_persistence_allowed=0 dropped=0
2026-08-22T12:37:17.854+00:00	1621.407	QUALITY protocol=asd-quality-v1.5.0 phase=DET index=64 total=0 result=OK metrics_valid=1 samples=159744 expected=159744 rms_dbfs=-47.332 dc=-0.490 peak=500 clipped=0 zeros=430 stuck=293 dropped_delta=0 feature_valid=1 tonalness_valid=1 tonalness_proxy=3.289655 tonal_gate=pending_normal_only
2026-08-22T12:37:17.863+00:00	1621.422	DET 64 score=775.112122 lo=0 hi=4374.05859 led=1 anom=0 total_anom=27 normal (uzastopnih=0 nivo=-47.3 dBFS racun=716 ms)
2026-08-22T12:37:17.993+00:00	1621.547	FEATURE96 protocol=asd-research-v1.0.0 session=1 phase=DET window=64 window_start_ms=1610882 window_end_ms=1620150 score=775.112122 level_dbfs=-47.3318825 quality=OK tonalness_proxy=3.28965473 dims=96 fnv1a=49e3512b values=-10.3648357,-10.3648357,1.4569397,-10.3648357,-10.3648357,1.55392647,-10.3648357,2.01792574,-10.3648357,1.77665806,1.05661106,-10.3648357,1.29440594,1.78852034,1.82335234,-10.3648357,1.37941074,0.972703934,1.08497906,0.811589241,0.658334732,0.914863586,1.16318893,1.18413353,1.67568684,1.89526606,1.35609627,1.16330814,1.20807648,0.995996475,0.988353729,1.00635815,1.3793478,1.06464195,0.933522224,2.64679813,3.28965473,0.721873283,0.764642715,0.88868618,1.02347565,1.26541424,0.728087425,0.702007294,0.728500366,0.856973648,1.05034542,1.40589046,0.821799278,0.995047569,0.920124054,0.794680595,0.967155457,1.82648945,0.904284477,1.03982258,1.10045338,1.29856014,1.27478981,1.4691782,1.68090439,2.4551878,1.63488102,0.210410118,1.05104542,0.497800827,0.720300674,0.762620926,0.794841766,1.02146435,0.945170403,1.22904396,1.05012417,1.17743206,0.771337509,0.756076813,0.668518066,0.327219963,0.277364731,0.713044167,0.238265038,0.221417427,0.2602005,0.141478539,0.14394474,-0.100247383,-0.108592033,-0.0975112915,-0.0414981842,-0.141849518,0.00706195831,-0.219511986,-0.0899162292,0.020693779,-0.0221920013,-0.126628876
2026-08-22T12:37:18.100+00:00	1621.657	SUBSEG96 protocol=asd-research-v1.0.0 session=1 phase=DET window=64 group=1 segments=8 dims=96 fnv1a=5c0548c3 values=-10.3252487,-10.3252487,1.6220932,-10.3252487,-10.3252487,1.71065569,-10.3252487,1.94341135,-10.3252487,1.60609531,0.880756378,-10.3252487,0.98490715,1.56122589,1.46861362,-10.3252487,0.903963089,0.715488434,0.886226654,0.705741882,0.345532417,0.625201225,1.0251627,1.1369791,1.74515438,1.81236219,1.46069145,1.08823299,1.43712807,0.992094994,1.04931164,0.976493835,1.45728016,0.998187065,1.10328388,2.68072367,3.33680439,0.558696747,0.751273155,0.874987602,1.12025928,1.27517128,0.726977348,0.81883812,0.594293594,0.827786446,1.17046452,1.43934536,0.856610298,1.02675438,0.930565834,0.9052248,1.13195038,1.8802433,0.936000824,1.09382725,1.16614532,1.33570957,1.38102531,1.46919346,1.73291445,2.48891735,1.6274395,0.255372047,1.1251688,0.649525642,0.711369514,0.721610069,0.820477486,1.0672884,0.95020771,1.28458023,1.09544849,1.23045921,0.769083023,0.76732254,0.622554779,0.343980789,0.354594231,0.776158333,0.275478363,0.265155792,0.296546936,0.161608696,0.198431015,-0.0856781006,-0.0743989944,-0.0548353195,0.0103139877,-0.129151344,0.0575313568,-0.181535721,-0.0343027115,0.0274572372,0.0135574341,-0.0698471069
2026-08-22T12:37:18.225+00:00	1621.782	SUBSEG96 protocol=asd-research-v1.0.0 session=1 phase=DET window=64 group=2 segments=8 dims=96 fnv1a=1ca89bac values=-10.3874025,-10.3874025,1.24877071,-10.3874025,-10.3874025,1.5168314,-10.3874025,2.02720928,-10.3874025,1.68795347,1.10265255,-10.3874025,1.54642391,2.16946268,2.16006041,-10.3874025,1.46278667,1.14547539,1.35734558,1.03468895,0.843538284,0.859950066,1.12408638,1.3763504,1.62826967,1.74576712,1.10880089,1.17461681,1.17093182,0.788451195,1.14008045,1.15331078,1.23654747,0.971461296,0.757469177,2.58088255,3.26989651,0.884061813,0.773140907,0.809691429,0.976687431,1.16691399,0.681243896,0.578825951,0.826715469,0.749907494,0.969292641,1.322505,0.810223579,0.95941925,0.95720768,0.782129288,1.0581665,1.80913067,0.902740479,1.02093601,1.09408188,1.36514759FLAGS protocol=asd-quality-v1.5.0 mode=READY state=CALIBRATED_NORMAL waiting=0 learning=0 learned=1 anomaly=0 hold=0 fault=0 green=on red=off guided25_available=1 workflow_pending=DEFAULT research_telemetry=1 profile_persistence_allowed=0 dropped=0
2026-08-22T12:37:18.232+00:00	1621.782	,1.31310654,1.50709438,1.68942595,2.4211297,1.77857685,0.189975739,1.0144453,0.408630371,0.690170288,0.803271294,0.763699532,0.972602844,0.970332146,1.21035767,1.00637531,1.22417164,0.759263039,0.678639412,0.727028847,0.353809357,0.268938065,0.659383774,0.232208252,0.210104942,0.259473801,0.165081024,0.130484581,-0.0718841553,-0.0777053833,-0.136138916,-0.0769996643,-0.154864311,-0.0586013794,-0.263632774,-0.117996216,0.0180749893,-0.0715017319,-0.185539246
2026-08-22T12:37:18.337+00:00	1621.891	SUBSEG96 protocol=asd-research-v1.0.0 session=1 phase=DET window=64 group=3 segments=8 dims=96 fnv1a=b9ecdf1c values=-10.3275099,-10.3275099,1.79454088,-10.3275099,-10.3275099,1.46002388,-10.3275099,2.26727486,-10.3275099,2.09882545,1.17444801,-10.3275099,1.30415154,1.65763187,1.41344547,-10.3275099,0.980190277,0.550002098,0.66397953,0.767106056,0.728652,0.772164345,0.965378761,1.13416195,1.63513756,1.83716154,1.16777992,1.09063339,0.936580658,0.835557938,0.853664398,0.871985435,1.5842104,1.24290752,1.02774334,2.7497077,3.33269882,0.713233948,0.874318123,0.918795586,1.19482899,1.42784119,0.768937111,0.739624977,0.821853638,0.894381523,0.984333038,1.39811707,0.789447784,0.959866524,0.901358604,0.802193642,0.926689148,1.86825132,0.962435722,1.0579052,1.13147831,1.26482773,1.30537033,1.48087978,1.71601582,2.50613785,1.43545151,0.224378586,1.08283424,0.47650528,0.742697716,0.773622513,0.77273941,1.12331676,0.960855484,1.22007465,1.0550642,1.17947483,0.83425045,0.872717857,0.606124878,0.381532669,0.2701931,0.756346703,0.22293663,0.27941227,0.290750504,0.197492599,0.134845734,-0.0686607361,-0.114214897,-0.0824985504,0.0227413177,-0.133730888,0.0928955078,-0.206981659,-0.0677757263,0.0298500061,0.0328054428,-0.0847616196
2026-08-22T12:37:18.442+00:00	1622.000	SUBSEG96 protocol=asd-research-v1.0.0 session=1 phase=DET window=64 group=4 segments=7 dims=96 fnv1a=9fb067d7 values=-10.362916,-10.362916,1.23727322,-10.362916,-10.362916,1.78103113,-10.362916,2.01310539,-10.362916,1.73548841,1.13928223,-10.362916,1.32269382,1.70293999,1.65821743,-10.362916,1.28968716,0.789710999,0.90987587,0.741836548,0.709007263,1.13144588,1.58984947,1.2294035,1.73484659,1.81656837,1.15534973,1.1350174,1.20752335,1.22670841,1.04004097,1.01042366,1.28191948,1.17165756,1.02048111,2.6629324,3.29369545,0.611840248,0.537397385,0.973456383,0.951333046,1.34216595,0.736876488,0.826629639,0.760368347,0.886123657,1.0812645,1.4768877,0.902697563,1.06558704,0.848176003,0.754839897,0.835805893,1.83980465,0.910645485,1.11042595,1.07197762,1.28342247,1.15680504,1.38925552,1.64295006,2.47126579,1.68719816,0.117005348,1.08040142,0.50356102,0.770848274,0.801394463,0.856649399,1.00023651,0.912590027,1.23214817,1.09218979,1.15668297,0.784314156,0.791341782,0.649258614,0.328661919,0.28352356,0.706307411,0.22287941,0.209171295,0.201040268,0.113097191,0.155139923,-0.100580215,-0.137890816,-0.0984048843,-0.0659208298,-0.124154091,-0.0219459534,-0.203117371,-0.0763921738,0.00676727295,-0.00921154022,-0.127293587
2026-08-22T12:37:18.550+00:00	1622.110	SUBSEG96 protocol=asd-research-v1.0.0 session=1 phase=DET window=64 group=5 segments=7 dims=96 fnv1a=afe429e9 values=-10.3394632,-10.3394632,0.921723366,-10.3394632,-10.3394632,1.05969715,-10.3394632,1.71833754,-10.3394632,1.60486412,0.99273777,-10.3394632,1.11993217,1.32310772,1.95083714,-10.3394632,1.78369904,1.30128956,1.27217579,0.742377281,0.544049263,1.0979681,0.577683449,0.97209549,1.71342659,2.2140851,1.70639849,1.36343575,1.23343086,1.11120319,0.813314438,1.02800655,1.32763672,0.939537048,0.710590363,2.62824106,3.29387569,0.812591553,0.886686325,0.94742775,0.858222008,1.12939835,0.810024261,0.564091682,0.646917343,0.99779892,1.11078644,1.47489834,0.826345444,1.04530144,1.02496529,0.792251587,0.854763985,1.81090164,0.882656097,0.984217644,1.11252499,1.30483437,1.25311089,1.56124496,1.69553185,2.46983051,1.63405323,0.328174591,1.02629662,0.505997658,0.771252632,0.785012245,0.844199181,1.01036358,1.00659561,1.27964783,1.08600044,1.16011047,0.788771629,0.735230446,0.791438103,0.295627594,0.285092354,0.746693611,0.317293167,0.217792511,0.326354027,0.139526367,0.182225227,-0.100846291,-0.0656051636,-0.031920433,-0.0219421387,-0.0828361511,0.037894249,-0.157073975,-0.0717039108,0.101858139,0.0053653717,-0.0844278336
2026-08-22T12:37:23.161+00:00	1626.719	FLAGS protocol=asd-quality-v1.5.0 mode=READY state=CALIBRATED_NORMAL waiting=0 learning=0 learned=1 anomaly=0 hold=0 fault=0 green=on red=off guided25_available=1 workflow_pending=DEFAULT research_telemetry=1 profile_persistence_allowed=0 dropped=0
2026-08-22T12:37:27.827+00:00	1631.375	QUALITY protocol=asd-quality-v1.5.0 phase=DET index=65 total=0 result=OK metrics_valid=1 samples=159744 expected=159744 rms_dbfs=-46.973 dc=-0.456 peak=517 clipped=0 zeros=423 stuck=235 dropped_delta=0 feature_valid=1 tonalness_valid=1 tonalness_proxy=3.240090 tonal_gate=pending_normal_only
2026-08-22T12:37:27.837+00:00	1631.391	DET 65 score=1123.54846 lo=0 hi=4374.05859 led=1 anom=0 total_anom=27 normal (uzastopnih=0 nivo=-47.0 dBFS racun=716 ms)
2026-08-22T12:37:27.968+00:00	1631.516	FEATURE96 protocol=asd-research-v1.0.0 session=1 phase=DET window=65 window_start_ms=1620852 window_end_ms=1630124 score=1123.54846 level_dbfs=-46.9729919 quality=OK tonalness_proxy=3.24009037 dims=96 fnv1a=87e02ec6 values=-10.3661795,-10.3661795,0.919846535,-10.3661795,-10.3661795,1.1606636,-10.3661795,1.50879383,-10.3661795,1.27159977,0.826265335,-10.3661795,1.26817608,1.95125389,2.11490774,-10.3661795,1.66182184,1.63425493,1.51568985,0.941785812,0.859994888,0.901013374,1.08045864,1.12956333,1.6942935,1.97667837,1.45949459,1.28144264,1.30149078,1.13558674,1.03456593,0.974766731,1.33821774,1.06655598,1.03076839,2.73797035,3.24009037,0.695916176,0.822565079,0.858513832,1.00479031,1.33155346,0.83774662,0.680260658,0.729950905,0.85749054,1.12804699,1.36580086,0.752688408,0.896936417,0.918318748,0.79587841,0.910746574,1.8176899,0.86699295,1.04408836,1.07684803,1.24743462,1.25847912,1.52358341,1.64885616,2.43091488,1.2869215,0.255572319,1.03441048,0.53512764,0.669898987,0.788870811,0.81734848,1.00229073,0.969290733,1.26441002,1.04770565,1.15576649,0.816734314,0.843811989,0.528025627,0.348732948,0.32175827,0.754734993,0.229507446,0.227812767,0.279453278,0.140195847,0.136514664,-0.115077019,-0.152321815,-0.10192585,-0.0074672699,-0.172657967,-0.000186920166,-0.223594666,-0.0774106979,0.0168333054,-0.0762329102,-0.135450363
2026-08-22T12:37:28.074+00:00	1631.625	SUBSEG96 protocol=asd-research-v1.0.0 session=1 phase=DET window=65 group=1 segments=8 dims=96 fnv1a=dfa2829d values=-10.3377047,-10.3377047,0.877216339,-10.3377047,-10.3377047,0.899871826,-10.3377047,1.05549431,-10.3377047,1.11054993,0.815665245,-10.3377047,0.985933304,1.95509529,2.18291807,-10.3377047,1.50992203,1.11201572,1.04240131,0.823645592,0.990290642,1.05626774,1.18750668,1.09395027,1.68970871,1.90913248,1.46565437,1.21371078,1.17763424,0.992722511,0.929853439,0.989286423,1.34705257,1.15821552,0.990643501,2.68182993,3.30096102,0.739177704,0.848706245,0.79813385,0.938657761,1.19064236,0.825223923,0.735923767,0.735370636,0.885596275,1.14539814,1.47173691,0.916246414,0.998160362,0.974762917,0.797271729,0.848136902,1.87137365,0.941264153,1.09963989,1.23704243,1.27763462,1.39698696,1.57634926,1.61716652,2.43492842,1.59506226,0.266645432,1.06658554,0.543830872,0.700857162,0.806516647,0.829090118,1.08496666,0.973063469,1.31485271,1.08507824,1.21316338,0.885115623,0.793545723,0.614067078,0.393281937,0.325897217,0.751229286,0.269869804,0.306631088,0.352087975,0.170069695,0.202357292,-0.0722723007,-0.129410744,-0.0777845383,-0.00373077393,-0.153813362,0.0791978836,-0.181999207,-0.109104156,0.0983400345,-0.023973465,-0.1143713
2026-08-22T12:37:28.197+00:00	1631.750	SUBSEG96 protocol=asd-research-v1.0.0 session=1 phase=DET window=65 group=2 segments=8 dims=96 fnv1a=48f0f141 values=-10.3401318,-10.3401318,1.14948082,-10.3401318,-10.3401318,1.01496983,-10.3401318,1.12040424,-10.3401318,0.960608482,0.539776802,-10.3401318,1.01319408,1.79370499,2.25276709,-10.3401318,1.88074446,0.869615555,0.950060844,0.77888298,1.00063133,0.964489937,1.0979166,1.16562462,1.69516039,2.14435339,1.52872086,1.26681042,1.19686604,1.06321335,1.12040329,1.03968716,1.36504745,0.930358887,0.864579201,2.77687693,3.27460337,0.775990486,1.0377388,0.884799957,1.0615797,1.2652483,0.921552658,0.8364048,0.842418671,0.911040306,1.07164192,1.42767239,0.760564804,0.793061256,0.92155838,0.89402771,0.985089302,1.84118319,0.973587036,1.16841602,1.13177681,1.1607399,1.31612587,1.50641441,1.71140146,2.45121098,1.1160984,0.251666069,1.13064766,0.546757698,0.740771294,0.806227684,0.927099228,1.05556011,1.02982903,1.29067421,0.991087914,1.1554966,0.869976997,0.859732628,0.462749481,0.366248131,0.367829323,0.80039978,0.250391006,0.235477448,0.314433098,0.192105293,0.194999695,-0.096777916,-0.131539345,-0.067530632,-0.0173368454,-0.156054497,0.0561275482FLAGS protocol=asd-quality-v1.5.0 mode=READY state=CALIBRATED_NORMAL waiting=0 learning=0 learned=1 anomaly=0 hold=0 fault=0 green=on red=off guided25_available=1 workflow_pending=DEFAULT research_telemetry=1 profile_persistence_allowed=0 dropped=0
2026-08-22T12:37:28.198+00:00	1631.750	,-0.175993919,-0.0312747955,0.0465354919,-0.00815486908,-0.123736382
2026-08-22T12:37:28.310+00:00	1631.860	SUBSEG96 protocol=asd-research-v1.0.0 session=1 phase=DET window=65 group=3 segments=8 dims=96 fnv1a=d2e37898 values=-10.3041553,-10.3041553,0.973719597,-10.3041553,-10.3041553,0.852804184,-10.3041553,0.83346653,-10.3041553,0.923675537,0.855983734,-10.3041553,0.926566124,1.34170151,1.45955849,-10.3041553,1.46584034,2.1279912,1.90229034,1.06996059,0.854516029,0.832765579,1.07970905,1.02899456,1.6749506,1.97169924,1.37306309,1.19398499,1.41703701,1.11457062,0.940757751,0.951392174,1.40721226,0.960841179,0.92099762,2.86787271,3.22258425,0.78867054,0.757153511,0.813881874,1.12260628,1.51594162,0.853874207,0.573637962,0.670302391,0.908906937,1.1727829,1.2840395,0.617806435,0.897790909,1.05860424,0.889550209,0.911383629,1.87077188,0.923954964,1.07149506,1.14093018,1.26258278,1.25617695,1.54971123,1.7273035,2.44429541,0.847683907,0.362106323,1.00412273,0.640829086,0.691678047,0.801039696,0.827249527,0.989897728,1.09454536,1.30896664,1.17533398,1.1778841,0.880779266,0.888549805,0.516949654,0.45837307,0.362901688,0.79936409,0.291300774,0.275126457,0.347334862,0.216148376,0.153505325,-0.0343742371,-0.0667133331,-0.0133209229,0.118226051,-0.0868844986,0.0201797485,-0.162704468,0.0152015686,0.0305633545,-0.085682869,-0.0434570312
2026-08-22T12:37:28.416+00:00	1631.969	SUBSEG96 protocol=asd-research-v1.0.0 session=1 phase=DET window=65 group=4 segments=7 dims=96 fnv1a=66f6f129 values=-10.3201303,-10.3201303,0.836769104,-10.3201303,-10.3201303,0.889775276,-10.3201303,1.22398472,-10.3201303,1.10386562,1.00718021,-10.3201303,1.19301319,1.65484428,1.47296143,-10.3201303,1.08500671,1.05391884,1.1705246,0.769485474,0.644195557,0.759877205,0.973824501,1.27237606,1.8798933,2.10379696,1.55574131,1.37707424,1.46369839,1.28130054,1.13205242,0.995313644,1.44472504,1.15352821,1.18350506,2.8347621,3.29191256,0.643631935,0.729104042,1.07572842,1.24936485,1.38045788,0.860860825,0.733234406,0.840683937,0.931803703,1.11373901,1.46720505,0.829237938,0.864230156,0.97076416,0.77539444,1.01781464,1.85571146,0.802231789,0.981863022,1.02264595,1.36795425,1.19231701,1.58835888,1.72488642,2.42998314,0.90996933,0.315109253,1.15399265,0.510127068,0.709839821,0.941075325,0.8292799,0.955363274,1.00179482,1.30477333,1.16509342,1.23764324,0.844035149,0.962745667,0.548218727,0.38394928,0.384681702,0.742513657,0.254864693,0.225141525,0.279356003,0.148601532,0.144778252,-0.0483350754,-0.124611855,-0.0753545761,0.0760984421,-0.165324211,0.00709056854,-0.176320076,-0.0315647125,0.0396471024,-0.0617218018,-0.089887619
2026-08-22T12:37:28.524+00:00	1632.078	SUBSEG96 protocol=asd-research-v1.0.0 session=1 phase=DET window=65 group=5 segments=7 dims=96 fnv1a=465b334d values=-10.4147663,-10.4147663,0.756382942,-10.4147663,-10.4147663,1.60374737,-10.4147663,2.05520916,-10.4147663,1.7154932,0.924574852,-10.4147663,1.70584011,2.36535263,2.4231391,-10.4147663,1.91924524,1.78907347,1.75862694,1.18049431,0.798307419,0.915398598,1.1273737,1.17350578,1.62998486,1.79978895,1.47014332,1.42070103,1.32424068,1.27600193,1.11695004,1.00179005,1.23441696,1.17773056,1.2050705,2.61915874,3.21960735,0.614804268,0.750712395,0.799643517,0.562263489,1.3655653,0.833089828,0.575522423,0.648026466,0.756624222,1.22585869,1.25411129,0.6925354,0.995434761,0.740103722,0.710296631,0.896223068,1.7603302,0.762124062,0.970691681,0.883889198,1.27316284,1.19632435,1.51206779,1.56974602,2.49669218,1.49078655,0.192040443,0.901801109,0.535055161,0.614438057,0.693481445,0.770962715,1.0132122,0.834683418,1.21504021,0.907361984,1.10841084,0.699138641,0.827728271,0.58989048,0.240340233,0.282786369,0.784882545,0.19330883,0.200860023,0.203635216,0.0792627335,0.0899105072,-0.217778206,-0.198360443,-0.167838097,-0.109938622,-0.191579819,-0.0641069412,-0.31459713,-0.121323586,-0.025595665,-0.0982847214,-0.194643974
2026-08-22T12:37:33.171+00:00	1636.719	FLAGS protocol=asd-quality-v1.5.0 mode=READY state=CALIBRATED_NORMAL waiting=0 learning=0 learned=1 anomaly=0 hold=0 fault=0 green=on red=off guided25_available=1 workflow_pending=DEFAULT research_telemetry=1 profile_persistence_allowed=0 dropped=0
